split	fold	model	view	observation_id	construct_group_id	y_true	y_pred	nearest_train_observation_id	nearest_train_similarity	max_train_ecfp_tanimoto	max_train_full_sequence_identity
union_component_leave_one_out	component-01	global_train_mean	no_input	RCSB-4O76-1M3-KD	construct-003-fbf3f5c695a3	6.910094888560602	4.83228309244182			0.2159090909090909	0.29545454545454547
union_component_leave_one_out	component-01	global_train_mean	no_input	RCSB-7MRA-ZMJ-KD	construct-003-fbf3f5c695a3	7.086186147616283	4.83228309244182			0.21333333333333335	0.29545454545454547
union_component_leave_one_out	component-01	global_train_mean	no_input	RCSB-5D26-L28-KD	construct-003-fbf3f5c695a3	6.0915149811213505	4.83228309244182			0.18055555555555555	0.29545454545454547
union_component_leave_one_out	component-01	global_train_mean	no_input	RCSB-5EGU-5NQ-KD	construct-003-fbf3f5c695a3	5.853871964321762	4.83228309244182			0.18085106382978725	0.29545454545454547
union_component_leave_one_out	component-01	global_train_mean	no_input	RCSB-6TPZ-NV2-KD	construct-003-fbf3f5c695a3	8.301029995663981	4.83228309244182			0.24096385542168675	0.29545454545454547
union_component_leave_one_out	component-01	global_train_mean	no_input	RCSB-6FO5-DZH-KD	construct-003-fbf3f5c695a3	6.721246399047171	4.83228309244182			0.23655913978494625	0.29545454545454547
union_component_leave_one_out	component-01	global_train_mean	no_input	RCSB-7AXR-S7T-KD	construct-003-fbf3f5c695a3	4.940058111938045	4.83228309244182			0.26582278481012656	0.29545454545454547
union_component_leave_one_out	component-01	global_train_mean	no_input	RCSB-6FSY-E5Q-KD	construct-003-fbf3f5c695a3	6.607303046740334	4.83228309244182			0.2	0.29545454545454547
union_component_leave_one_out	component-01	global_train_mean	no_input	RCSB-4PS5-2TA-KD	construct-003-fbf3f5c695a3	6.785156151952302	4.83228309244182			0.22580645161290322	0.29545454545454547
union_component_leave_one_out	component-01	global_train_mean	no_input	RCSB-7MR9-ZMM-KD	construct-003-fbf3f5c695a3	6.474955192963154	4.83228309244182			0.21818181818181817	0.29545454545454547
union_component_leave_one_out	component-01	global_train_mean	no_input	RCSB-5D3L-57F-KD	construct-003-fbf3f5c695a3	6.055517327849831	4.83228309244182			0.1686746987951807	0.29545454545454547
union_component_leave_one_out	component-01	global_train_mean	no_input	RCSB-6Q3Z-HG8-KD	construct-003-fbf3f5c695a3	7.356547323513812	4.83228309244182			0.16666666666666666	0.29545454545454547
union_component_leave_one_out	component-01	global_train_mean	no_input	RCSB-5EIS-5OU-KD	construct-003-fbf3f5c695a3	5.7447274948966935	4.83228309244182			0.21518987341772153	0.29545454545454547
union_component_leave_one_out	component-01	global_train_mean	no_input	RCSB-5D3T-56Y-KD	construct-003-fbf3f5c695a3	4.920818753952375	4.83228309244182			0.2716049382716049	0.29545454545454547
union_component_leave_one_out	component-01	global_train_mean	no_input	RCSB-6Q3Y-HG5-KD	construct-003-fbf3f5c695a3	7.267606240177031	4.83228309244182			0.17475728155339806	0.29545454545454547
union_component_leave_one_out	component-01	target_mean_or_global_fallback	target_identity	RCSB-4O76-1M3-KD	construct-003-fbf3f5c695a3	6.910094888560602	4.83228309244182			0.2159090909090909	0.29545454545454547
union_component_leave_one_out	component-01	target_mean_or_global_fallback	target_identity	RCSB-7MRA-ZMJ-KD	construct-003-fbf3f5c695a3	7.086186147616283	4.83228309244182			0.21333333333333335	0.29545454545454547
union_component_leave_one_out	component-01	target_mean_or_global_fallback	target_identity	RCSB-5D26-L28-KD	construct-003-fbf3f5c695a3	6.0915149811213505	4.83228309244182			0.18055555555555555	0.29545454545454547
union_component_leave_one_out	component-01	target_mean_or_global_fallback	target_identity	RCSB-5EGU-5NQ-KD	construct-003-fbf3f5c695a3	5.853871964321762	4.83228309244182			0.18085106382978725	0.29545454545454547
union_component_leave_one_out	component-01	target_mean_or_global_fallback	target_identity	RCSB-6TPZ-NV2-KD	construct-003-fbf3f5c695a3	8.301029995663981	4.83228309244182			0.24096385542168675	0.29545454545454547
union_component_leave_one_out	component-01	target_mean_or_global_fallback	target_identity	RCSB-6FO5-DZH-KD	construct-003-fbf3f5c695a3	6.721246399047171	4.83228309244182			0.23655913978494625	0.29545454545454547
union_component_leave_one_out	component-01	target_mean_or_global_fallback	target_identity	RCSB-7AXR-S7T-KD	construct-003-fbf3f5c695a3	4.940058111938045	4.83228309244182			0.26582278481012656	0.29545454545454547
union_component_leave_one_out	component-01	target_mean_or_global_fallback	target_identity	RCSB-6FSY-E5Q-KD	construct-003-fbf3f5c695a3	6.607303046740334	4.83228309244182			0.2	0.29545454545454547
union_component_leave_one_out	component-01	target_mean_or_global_fallback	target_identity	RCSB-4PS5-2TA-KD	construct-003-fbf3f5c695a3	6.785156151952302	4.83228309244182			0.22580645161290322	0.29545454545454547
union_component_leave_one_out	component-01	target_mean_or_global_fallback	target_identity	RCSB-7MR9-ZMM-KD	construct-003-fbf3f5c695a3	6.474955192963154	4.83228309244182			0.21818181818181817	0.29545454545454547
union_component_leave_one_out	component-01	target_mean_or_global_fallback	target_identity	RCSB-5D3L-57F-KD	construct-003-fbf3f5c695a3	6.055517327849831	4.83228309244182			0.1686746987951807	0.29545454545454547
union_component_leave_one_out	component-01	target_mean_or_global_fallback	target_identity	RCSB-6Q3Z-HG8-KD	construct-003-fbf3f5c695a3	7.356547323513812	4.83228309244182			0.16666666666666666	0.29545454545454547
union_component_leave_one_out	component-01	target_mean_or_global_fallback	target_identity	RCSB-5EIS-5OU-KD	construct-003-fbf3f5c695a3	5.7447274948966935	4.83228309244182			0.21518987341772153	0.29545454545454547
union_component_leave_one_out	component-01	target_mean_or_global_fallback	target_identity	RCSB-5D3T-56Y-KD	construct-003-fbf3f5c695a3	4.920818753952375	4.83228309244182			0.2716049382716049	0.29545454545454547
union_component_leave_one_out	component-01	target_mean_or_global_fallback	target_identity	RCSB-6Q3Y-HG5-KD	construct-003-fbf3f5c695a3	7.267606240177031	4.83228309244182			0.17475728155339806	0.29545454545454547
union_component_leave_one_out	component-01	nuisance_ridge	metadata_only	RCSB-4O76-1M3-KD	construct-003-fbf3f5c695a3	6.910094888560602	4.694960498950892			0.2159090909090909	0.29545454545454547
union_component_leave_one_out	component-01	nuisance_ridge	metadata_only	RCSB-7MRA-ZMJ-KD	construct-003-fbf3f5c695a3	7.086186147616283	4.988223432585427			0.21333333333333335	0.29545454545454547
union_component_leave_one_out	component-01	nuisance_ridge	metadata_only	RCSB-5D26-L28-KD	construct-003-fbf3f5c695a3	6.0915149811213505	4.782566559048952			0.18055555555555555	0.29545454545454547
union_component_leave_one_out	component-01	nuisance_ridge	metadata_only	RCSB-5EGU-5NQ-KD	construct-003-fbf3f5c695a3	5.853871964321762	4.804422352809253			0.18085106382978725	0.29545454545454547
union_component_leave_one_out	component-01	nuisance_ridge	metadata_only	RCSB-6TPZ-NV2-KD	construct-003-fbf3f5c695a3	8.301029995663981	4.9151318611640775			0.24096385542168675	0.29545454545454547
union_component_leave_one_out	component-01	nuisance_ridge	metadata_only	RCSB-6FO5-DZH-KD	construct-003-fbf3f5c695a3	6.721246399047171	4.8146925272939445			0.23655913978494625	0.29545454545454547
union_component_leave_one_out	component-01	nuisance_ridge	metadata_only	RCSB-7AXR-S7T-KD	construct-003-fbf3f5c695a3	4.940058111938045	4.966836601264909			0.26582278481012656	0.29545454545454547
union_component_leave_one_out	component-01	nuisance_ridge	metadata_only	RCSB-6FSY-E5Q-KD	construct-003-fbf3f5c695a3	6.607303046740334	4.836548321054244			0.2	0.29545454545454547
union_component_leave_one_out	component-01	nuisance_ridge	metadata_only	RCSB-4PS5-2TA-KD	construct-003-fbf3f5c695a3	6.785156151952302	4.678148349904507			0.22580645161290322	0.29545454545454547
union_component_leave_one_out	component-01	nuisance_ridge	metadata_only	RCSB-7MR9-ZMM-KD	construct-003-fbf3f5c695a3	6.474955192963154	4.989904647490064			0.21818181818181817	0.29545454545454547
union_component_leave_one_out	component-01	nuisance_ridge	metadata_only	RCSB-5D3L-57F-KD	construct-003-fbf3f5c695a3	6.055517327849831	4.7646336000661424			0.1686746987951807	0.29545454545454547
union_component_leave_one_out	component-01	nuisance_ridge	metadata_only	RCSB-6Q3Z-HG8-KD	construct-003-fbf3f5c695a3	7.356547323513812	4.913975649196043			0.16666666666666666	0.29545454545454547
union_component_leave_one_out	component-01	nuisance_ridge	metadata_only	RCSB-5EIS-5OU-KD	construct-003-fbf3f5c695a3	5.7447274948966935	4.77023764974827			0.21518987341772153	0.29545454545454547
union_component_leave_one_out	component-01	nuisance_ridge	metadata_only	RCSB-5D3T-56Y-KD	construct-003-fbf3f5c695a3	4.920818753952375	4.7887310136992935			0.2716049382716049	0.29545454545454547
union_component_leave_one_out	component-01	nuisance_ridge	metadata_only	RCSB-6Q3Y-HG5-KD	construct-003-fbf3f5c695a3	7.267606240177031	4.869143251739017			0.17475728155339806	0.29545454545454547
union_component_leave_one_out	component-01	ligand_ecfp_ridge	ligand_only	RCSB-4O76-1M3-KD	construct-003-fbf3f5c695a3	6.910094888560602	5.056971297283899			0.2159090909090909	0.29545454545454547
union_component_leave_one_out	component-01	ligand_ecfp_ridge	ligand_only	RCSB-7MRA-ZMJ-KD	construct-003-fbf3f5c695a3	7.086186147616283	4.843890276123419			0.21333333333333335	0.29545454545454547
union_component_leave_one_out	component-01	ligand_ecfp_ridge	ligand_only	RCSB-5D26-L28-KD	construct-003-fbf3f5c695a3	6.0915149811213505	5.058644497052671			0.18055555555555555	0.29545454545454547
union_component_leave_one_out	component-01	ligand_ecfp_ridge	ligand_only	RCSB-5EGU-5NQ-KD	construct-003-fbf3f5c695a3	5.853871964321762	5.261000702909834			0.18085106382978725	0.29545454545454547
union_component_leave_one_out	component-01	ligand_ecfp_ridge	ligand_only	RCSB-6TPZ-NV2-KD	construct-003-fbf3f5c695a3	8.301029995663981	5.128177602007861			0.24096385542168675	0.29545454545454547
union_component_leave_one_out	component-01	ligand_ecfp_ridge	ligand_only	RCSB-6FO5-DZH-KD	construct-003-fbf3f5c695a3	6.721246399047171	5.061062217841395			0.23655913978494625	0.29545454545454547
union_component_leave_one_out	component-01	ligand_ecfp_ridge	ligand_only	RCSB-7AXR-S7T-KD	construct-003-fbf3f5c695a3	4.940058111938045	4.7622091772527115			0.26582278481012656	0.29545454545454547
union_component_leave_one_out	component-01	ligand_ecfp_ridge	ligand_only	RCSB-6FSY-E5Q-KD	construct-003-fbf3f5c695a3	6.607303046740334	4.606715141886294			0.2	0.29545454545454547
union_component_leave_one_out	component-01	ligand_ecfp_ridge	ligand_only	RCSB-4PS5-2TA-KD	construct-003-fbf3f5c695a3	6.785156151952302	4.976302786927632			0.22580645161290322	0.29545454545454547
union_component_leave_one_out	component-01	ligand_ecfp_ridge	ligand_only	RCSB-7MR9-ZMM-KD	construct-003-fbf3f5c695a3	6.474955192963154	4.821219071130996			0.21818181818181817	0.29545454545454547
union_component_leave_one_out	component-01	ligand_ecfp_ridge	ligand_only	RCSB-5D3L-57F-KD	construct-003-fbf3f5c695a3	6.055517327849831	5.299847498694467			0.1686746987951807	0.29545454545454547
union_component_leave_one_out	component-01	ligand_ecfp_ridge	ligand_only	RCSB-6Q3Z-HG8-KD	construct-003-fbf3f5c695a3	7.356547323513812	5.008696486601132			0.16666666666666666	0.29545454545454547
union_component_leave_one_out	component-01	ligand_ecfp_ridge	ligand_only	RCSB-5EIS-5OU-KD	construct-003-fbf3f5c695a3	5.7447274948966935	5.171177842561979			0.21518987341772153	0.29545454545454547
union_component_leave_one_out	component-01	ligand_ecfp_ridge	ligand_only	RCSB-5D3T-56Y-KD	construct-003-fbf3f5c695a3	4.920818753952375	4.744816719367664			0.2716049382716049	0.29545454545454547
union_component_leave_one_out	component-01	ligand_ecfp_ridge	ligand_only	RCSB-6Q3Y-HG5-KD	construct-003-fbf3f5c695a3	7.267606240177031	4.992678632810627			0.17475728155339806	0.29545454545454547
union_component_leave_one_out	component-01	ligand_gmolai_ridge	ligand_only	RCSB-4O76-1M3-KD	construct-003-fbf3f5c695a3	6.910094888560602	5.084178335549111			0.2159090909090909	0.29545454545454547
union_component_leave_one_out	component-01	ligand_gmolai_ridge	ligand_only	RCSB-7MRA-ZMJ-KD	construct-003-fbf3f5c695a3	7.086186147616283	5.116552756224126			0.21333333333333335	0.29545454545454547
union_component_leave_one_out	component-01	ligand_gmolai_ridge	ligand_only	RCSB-5D26-L28-KD	construct-003-fbf3f5c695a3	6.0915149811213505	5.798689085172869			0.18055555555555555	0.29545454545454547
union_component_leave_one_out	component-01	ligand_gmolai_ridge	ligand_only	RCSB-5EGU-5NQ-KD	construct-003-fbf3f5c695a3	5.853871964321762	5.351850489021782			0.18085106382978725	0.29545454545454547
union_component_leave_one_out	component-01	ligand_gmolai_ridge	ligand_only	RCSB-6TPZ-NV2-KD	construct-003-fbf3f5c695a3	8.301029995663981	4.787951134804027			0.24096385542168675	0.29545454545454547
union_component_leave_one_out	component-01	ligand_gmolai_ridge	ligand_only	RCSB-6FO5-DZH-KD	construct-003-fbf3f5c695a3	6.721246399047171	5.695637051015042			0.23655913978494625	0.29545454545454547
union_component_leave_one_out	component-01	ligand_gmolai_ridge	ligand_only	RCSB-7AXR-S7T-KD	construct-003-fbf3f5c695a3	4.940058111938045	4.7758939467929125			0.26582278481012656	0.29545454545454547
union_component_leave_one_out	component-01	ligand_gmolai_ridge	ligand_only	RCSB-6FSY-E5Q-KD	construct-003-fbf3f5c695a3	6.607303046740334	4.799085550556334			0.2	0.29545454545454547
union_component_leave_one_out	component-01	ligand_gmolai_ridge	ligand_only	RCSB-4PS5-2TA-KD	construct-003-fbf3f5c695a3	6.785156151952302	5.277967634520248			0.22580645161290322	0.29545454545454547
union_component_leave_one_out	component-01	ligand_gmolai_ridge	ligand_only	RCSB-7MR9-ZMM-KD	construct-003-fbf3f5c695a3	6.474955192963154	4.586693693285173			0.21818181818181817	0.29545454545454547
union_component_leave_one_out	component-01	ligand_gmolai_ridge	ligand_only	RCSB-5D3L-57F-KD	construct-003-fbf3f5c695a3	6.055517327849831	5.75152314578834			0.1686746987951807	0.29545454545454547
union_component_leave_one_out	component-01	ligand_gmolai_ridge	ligand_only	RCSB-6Q3Z-HG8-KD	construct-003-fbf3f5c695a3	7.356547323513812	4.825909245631399			0.16666666666666666	0.29545454545454547
union_component_leave_one_out	component-01	ligand_gmolai_ridge	ligand_only	RCSB-5EIS-5OU-KD	construct-003-fbf3f5c695a3	5.7447274948966935	4.806974178208596			0.21518987341772153	0.29545454545454547
union_component_leave_one_out	component-01	ligand_gmolai_ridge	ligand_only	RCSB-5D3T-56Y-KD	construct-003-fbf3f5c695a3	4.920818753952375	4.741656237188625			0.2716049382716049	0.29545454545454547
union_component_leave_one_out	component-01	ligand_gmolai_ridge	ligand_only	RCSB-6Q3Y-HG5-KD	construct-003-fbf3f5c695a3	7.267606240177031	4.7369975698620586			0.17475728155339806	0.29545454545454547
union_component_leave_one_out	component-01	protein_sequence_ridge	sequence_only	RCSB-4O76-1M3-KD	construct-003-fbf3f5c695a3	6.910094888560602	4.84702188367116			0.2159090909090909	0.29545454545454547
union_component_leave_one_out	component-01	protein_sequence_ridge	sequence_only	RCSB-7MRA-ZMJ-KD	construct-003-fbf3f5c695a3	7.086186147616283	4.84702188367116			0.21333333333333335	0.29545454545454547
union_component_leave_one_out	component-01	protein_sequence_ridge	sequence_only	RCSB-5D26-L28-KD	construct-003-fbf3f5c695a3	6.0915149811213505	4.84702188367116			0.18055555555555555	0.29545454545454547
union_component_leave_one_out	component-01	protein_sequence_ridge	sequence_only	RCSB-5EGU-5NQ-KD	construct-003-fbf3f5c695a3	5.853871964321762	4.84702188367116			0.18085106382978725	0.29545454545454547
union_component_leave_one_out	component-01	protein_sequence_ridge	sequence_only	RCSB-6TPZ-NV2-KD	construct-003-fbf3f5c695a3	8.301029995663981	4.84702188367116			0.24096385542168675	0.29545454545454547
union_component_leave_one_out	component-01	protein_sequence_ridge	sequence_only	RCSB-6FO5-DZH-KD	construct-003-fbf3f5c695a3	6.721246399047171	4.84702188367116			0.23655913978494625	0.29545454545454547
union_component_leave_one_out	component-01	protein_sequence_ridge	sequence_only	RCSB-7AXR-S7T-KD	construct-003-fbf3f5c695a3	4.940058111938045	4.84702188367116			0.26582278481012656	0.29545454545454547
union_component_leave_one_out	component-01	protein_sequence_ridge	sequence_only	RCSB-6FSY-E5Q-KD	construct-003-fbf3f5c695a3	6.607303046740334	4.84702188367116			0.2	0.29545454545454547
union_component_leave_one_out	component-01	protein_sequence_ridge	sequence_only	RCSB-4PS5-2TA-KD	construct-003-fbf3f5c695a3	6.785156151952302	4.84702188367116			0.22580645161290322	0.29545454545454547
union_component_leave_one_out	component-01	protein_sequence_ridge	sequence_only	RCSB-7MR9-ZMM-KD	construct-003-fbf3f5c695a3	6.474955192963154	4.84702188367116			0.21818181818181817	0.29545454545454547
union_component_leave_one_out	component-01	protein_sequence_ridge	sequence_only	RCSB-5D3L-57F-KD	construct-003-fbf3f5c695a3	6.055517327849831	4.84702188367116			0.1686746987951807	0.29545454545454547
union_component_leave_one_out	component-01	protein_sequence_ridge	sequence_only	RCSB-6Q3Z-HG8-KD	construct-003-fbf3f5c695a3	7.356547323513812	4.84702188367116			0.16666666666666666	0.29545454545454547
union_component_leave_one_out	component-01	protein_sequence_ridge	sequence_only	RCSB-5EIS-5OU-KD	construct-003-fbf3f5c695a3	5.7447274948966935	4.84702188367116			0.21518987341772153	0.29545454545454547
union_component_leave_one_out	component-01	protein_sequence_ridge	sequence_only	RCSB-5D3T-56Y-KD	construct-003-fbf3f5c695a3	4.920818753952375	4.84702188367116			0.2716049382716049	0.29545454545454547
union_component_leave_one_out	component-01	protein_sequence_ridge	sequence_only	RCSB-6Q3Y-HG5-KD	construct-003-fbf3f5c695a3	7.267606240177031	4.84702188367116			0.17475728155339806	0.29545454545454547
union_component_leave_one_out	component-01	concat_ecfp_sequence_ridge	sequence_ligand	RCSB-4O76-1M3-KD	construct-003-fbf3f5c695a3	6.910094888560602	5.1726145351065			0.2159090909090909	0.29545454545454547
union_component_leave_one_out	component-01	concat_ecfp_sequence_ridge	sequence_ligand	RCSB-7MRA-ZMJ-KD	construct-003-fbf3f5c695a3	7.086186147616283	4.952065935671687			0.21333333333333335	0.29545454545454547
union_component_leave_one_out	component-01	concat_ecfp_sequence_ridge	sequence_ligand	RCSB-5D26-L28-KD	construct-003-fbf3f5c695a3	6.0915149811213505	5.103330801521753			0.18055555555555555	0.29545454545454547
union_component_leave_one_out	component-01	concat_ecfp_sequence_ridge	sequence_ligand	RCSB-5EGU-5NQ-KD	construct-003-fbf3f5c695a3	5.853871964321762	5.335301394731456			0.18085106382978725	0.29545454545454547
union_component_leave_one_out	component-01	concat_ecfp_sequence_ridge	sequence_ligand	RCSB-6TPZ-NV2-KD	construct-003-fbf3f5c695a3	8.301029995663981	5.242953384125984			0.24096385542168675	0.29545454545454547
union_component_leave_one_out	component-01	concat_ecfp_sequence_ridge	sequence_ligand	RCSB-6FO5-DZH-KD	construct-003-fbf3f5c695a3	6.721246399047171	5.190150255835804			0.23655913978494625	0.29545454545454547
union_component_leave_one_out	component-01	concat_ecfp_sequence_ridge	sequence_ligand	RCSB-7AXR-S7T-KD	construct-003-fbf3f5c695a3	4.940058111938045	4.8083007539476235			0.26582278481012656	0.29545454545454547
union_component_leave_one_out	component-01	concat_ecfp_sequence_ridge	sequence_ligand	RCSB-6FSY-E5Q-KD	construct-003-fbf3f5c695a3	6.607303046740334	4.673937404582148			0.2	0.29545454545454547
union_component_leave_one_out	component-01	concat_ecfp_sequence_ridge	sequence_ligand	RCSB-4PS5-2TA-KD	construct-003-fbf3f5c695a3	6.785156151952302	5.027307032293731			0.22580645161290322	0.29545454545454547
union_component_leave_one_out	component-01	concat_ecfp_sequence_ridge	sequence_ligand	RCSB-7MR9-ZMM-KD	construct-003-fbf3f5c695a3	6.474955192963154	4.957160523433291			0.21818181818181817	0.29545454545454547
union_component_leave_one_out	component-01	concat_ecfp_sequence_ridge	sequence_ligand	RCSB-5D3L-57F-KD	construct-003-fbf3f5c695a3	6.055517327849831	5.355797230227438			0.1686746987951807	0.29545454545454547
union_component_leave_one_out	component-01	concat_ecfp_sequence_ridge	sequence_ligand	RCSB-6Q3Z-HG8-KD	construct-003-fbf3f5c695a3	7.356547323513812	5.051177710685794			0.16666666666666666	0.29545454545454547
union_component_leave_one_out	component-01	concat_ecfp_sequence_ridge	sequence_ligand	RCSB-5EIS-5OU-KD	construct-003-fbf3f5c695a3	5.7447274948966935	5.1316627209282295			0.21518987341772153	0.29545454545454547
union_component_leave_one_out	component-01	concat_ecfp_sequence_ridge	sequence_ligand	RCSB-5D3T-56Y-KD	construct-003-fbf3f5c695a3	4.920818753952375	4.8022239676779686			0.2716049382716049	0.29545454545454547
union_component_leave_one_out	component-01	concat_ecfp_sequence_ridge	sequence_ligand	RCSB-6Q3Y-HG5-KD	construct-003-fbf3f5c695a3	7.267606240177031	5.0306232886056295			0.17475728155339806	0.29545454545454547
union_component_leave_one_out	component-01	pocket_composition_ridge_S0	S0	RCSB-4O76-1M3-KD	construct-003-fbf3f5c695a3	6.910094888560602	4.90679379633013			0.2159090909090909	0.29545454545454547
union_component_leave_one_out	component-01	pocket_composition_ridge_S0	S0	RCSB-7MRA-ZMJ-KD	construct-003-fbf3f5c695a3	7.086186147616283	4.90679379633013			0.21333333333333335	0.29545454545454547
union_component_leave_one_out	component-01	pocket_composition_ridge_S0	S0	RCSB-5D26-L28-KD	construct-003-fbf3f5c695a3	6.0915149811213505	4.90679379633013			0.18055555555555555	0.29545454545454547
union_component_leave_one_out	component-01	pocket_composition_ridge_S0	S0	RCSB-5EGU-5NQ-KD	construct-003-fbf3f5c695a3	5.853871964321762	4.90679379633013			0.18085106382978725	0.29545454545454547
union_component_leave_one_out	component-01	pocket_composition_ridge_S0	S0	RCSB-6TPZ-NV2-KD	construct-003-fbf3f5c695a3	8.301029995663981	4.90679379633013			0.24096385542168675	0.29545454545454547
union_component_leave_one_out	component-01	pocket_composition_ridge_S0	S0	RCSB-6FO5-DZH-KD	construct-003-fbf3f5c695a3	6.721246399047171	4.90679379633013			0.23655913978494625	0.29545454545454547
union_component_leave_one_out	component-01	pocket_composition_ridge_S0	S0	RCSB-7AXR-S7T-KD	construct-003-fbf3f5c695a3	4.940058111938045	4.90679379633013			0.26582278481012656	0.29545454545454547
union_component_leave_one_out	component-01	pocket_composition_ridge_S0	S0	RCSB-6FSY-E5Q-KD	construct-003-fbf3f5c695a3	6.607303046740334	4.90679379633013			0.2	0.29545454545454547
union_component_leave_one_out	component-01	pocket_composition_ridge_S0	S0	RCSB-4PS5-2TA-KD	construct-003-fbf3f5c695a3	6.785156151952302	4.90679379633013			0.22580645161290322	0.29545454545454547
union_component_leave_one_out	component-01	pocket_composition_ridge_S0	S0	RCSB-7MR9-ZMM-KD	construct-003-fbf3f5c695a3	6.474955192963154	4.90679379633013			0.21818181818181817	0.29545454545454547
union_component_leave_one_out	component-01	pocket_composition_ridge_S0	S0	RCSB-5D3L-57F-KD	construct-003-fbf3f5c695a3	6.055517327849831	4.90679379633013			0.1686746987951807	0.29545454545454547
union_component_leave_one_out	component-01	pocket_composition_ridge_S0	S0	RCSB-6Q3Z-HG8-KD	construct-003-fbf3f5c695a3	7.356547323513812	4.90679379633013			0.16666666666666666	0.29545454545454547
union_component_leave_one_out	component-01	pocket_composition_ridge_S0	S0	RCSB-5EIS-5OU-KD	construct-003-fbf3f5c695a3	5.7447274948966935	4.90679379633013			0.21518987341772153	0.29545454545454547
union_component_leave_one_out	component-01	pocket_composition_ridge_S0	S0	RCSB-5D3T-56Y-KD	construct-003-fbf3f5c695a3	4.920818753952375	4.90679379633013			0.2716049382716049	0.29545454545454547
union_component_leave_one_out	component-01	pocket_composition_ridge_S0	S0	RCSB-6Q3Y-HG5-KD	construct-003-fbf3f5c695a3	7.267606240177031	4.90679379633013			0.17475728155339806	0.29545454545454547
union_component_leave_one_out	component-01	pocket_structure_ridge_S0	S0	RCSB-4O76-1M3-KD	construct-003-fbf3f5c695a3	6.910094888560602	5.205204896786348			0.2159090909090909	0.29545454545454547
union_component_leave_one_out	component-01	pocket_structure_ridge_S0	S0	RCSB-7MRA-ZMJ-KD	construct-003-fbf3f5c695a3	7.086186147616283	4.979817943294857			0.21333333333333335	0.29545454545454547
union_component_leave_one_out	component-01	pocket_structure_ridge_S0	S0	RCSB-5D26-L28-KD	construct-003-fbf3f5c695a3	6.0915149811213505	4.882771624244217			0.18055555555555555	0.29545454545454547
union_component_leave_one_out	component-01	pocket_structure_ridge_S0	S0	RCSB-5EGU-5NQ-KD	construct-003-fbf3f5c695a3	5.853871964321762	5.0397395907401945			0.18085106382978725	0.29545454545454547
union_component_leave_one_out	component-01	pocket_structure_ridge_S0	S0	RCSB-6TPZ-NV2-KD	construct-003-fbf3f5c695a3	8.301029995663981	5.151812508727243			0.24096385542168675	0.29545454545454547
union_component_leave_one_out	component-01	pocket_structure_ridge_S0	S0	RCSB-6FO5-DZH-KD	construct-003-fbf3f5c695a3	6.721246399047171	5.018122827612555			0.23655913978494625	0.29545454545454547
union_component_leave_one_out	component-01	pocket_structure_ridge_S0	S0	RCSB-7AXR-S7T-KD	construct-003-fbf3f5c695a3	4.940058111938045	5.276597038041715			0.26582278481012656	0.29545454545454547
union_component_leave_one_out	component-01	pocket_structure_ridge_S0	S0	RCSB-6FSY-E5Q-KD	construct-003-fbf3f5c695a3	6.607303046740334	5.1919983230478195			0.2	0.29545454545454547
union_component_leave_one_out	component-01	pocket_structure_ridge_S0	S0	RCSB-4PS5-2TA-KD	construct-003-fbf3f5c695a3	6.785156151952302	4.98755457453215			0.22580645161290322	0.29545454545454547
union_component_leave_one_out	component-01	pocket_structure_ridge_S0	S0	RCSB-7MR9-ZMM-KD	construct-003-fbf3f5c695a3	6.474955192963154	4.888090237003592			0.21818181818181817	0.29545454545454547
union_component_leave_one_out	component-01	pocket_structure_ridge_S0	S0	RCSB-5D3L-57F-KD	construct-003-fbf3f5c695a3	6.055517327849831	5.100325444859558			0.1686746987951807	0.29545454545454547
union_component_leave_one_out	component-01	pocket_structure_ridge_S0	S0	RCSB-6Q3Z-HG8-KD	construct-003-fbf3f5c695a3	7.356547323513812	5.1103875773099485			0.16666666666666666	0.29545454545454547
union_component_leave_one_out	component-01	pocket_structure_ridge_S0	S0	RCSB-5EIS-5OU-KD	construct-003-fbf3f5c695a3	5.7447274948966935	5.021666000378363			0.21518987341772153	0.29545454545454547
union_component_leave_one_out	component-01	pocket_structure_ridge_S0	S0	RCSB-5D3T-56Y-KD	construct-003-fbf3f5c695a3	4.920818753952375	5.269415946070189			0.2716049382716049	0.29545454545454547
union_component_leave_one_out	component-01	pocket_structure_ridge_S0	S0	RCSB-6Q3Y-HG5-KD	construct-003-fbf3f5c695a3	7.267606240177031	5.293298396780028			0.17475728155339806	0.29545454545454547
union_component_leave_one_out	component-01	concat_ecfp_pocket_ridge_S0	S0	RCSB-4O76-1M3-KD	construct-003-fbf3f5c695a3	6.910094888560602	5.211345499318693			0.2159090909090909	0.29545454545454547
union_component_leave_one_out	component-01	concat_ecfp_pocket_ridge_S0	S0	RCSB-7MRA-ZMJ-KD	construct-003-fbf3f5c695a3	7.086186147616283	4.933156184555081			0.21333333333333335	0.29545454545454547
union_component_leave_one_out	component-01	concat_ecfp_pocket_ridge_S0	S0	RCSB-5D26-L28-KD	construct-003-fbf3f5c695a3	6.0915149811213505	5.208547297139763			0.18055555555555555	0.29545454545454547
union_component_leave_one_out	component-01	concat_ecfp_pocket_ridge_S0	S0	RCSB-5EGU-5NQ-KD	construct-003-fbf3f5c695a3	5.853871964321762	5.432774030323296			0.18085106382978725	0.29545454545454547
union_component_leave_one_out	component-01	concat_ecfp_pocket_ridge_S0	S0	RCSB-6TPZ-NV2-KD	construct-003-fbf3f5c695a3	8.301029995663981	5.254662817852274			0.24096385542168675	0.29545454545454547
union_component_leave_one_out	component-01	concat_ecfp_pocket_ridge_S0	S0	RCSB-6FO5-DZH-KD	construct-003-fbf3f5c695a3	6.721246399047171	5.253350966859669			0.23655913978494625	0.29545454545454547
union_component_leave_one_out	component-01	concat_ecfp_pocket_ridge_S0	S0	RCSB-7AXR-S7T-KD	construct-003-fbf3f5c695a3	4.940058111938045	4.791958960381794			0.26582278481012656	0.29545454545454547
union_component_leave_one_out	component-01	concat_ecfp_pocket_ridge_S0	S0	RCSB-6FSY-E5Q-KD	construct-003-fbf3f5c695a3	6.607303046740334	4.635754535360273			0.2	0.29545454545454547
union_component_leave_one_out	component-01	concat_ecfp_pocket_ridge_S0	S0	RCSB-4PS5-2TA-KD	construct-003-fbf3f5c695a3	6.785156151952302	4.9924132253855396			0.22580645161290322	0.29545454545454547
union_component_leave_one_out	component-01	concat_ecfp_pocket_ridge_S0	S0	RCSB-7MR9-ZMM-KD	construct-003-fbf3f5c695a3	6.474955192963154	4.927924358400662			0.21818181818181817	0.29545454545454547
union_component_leave_one_out	component-01	concat_ecfp_pocket_ridge_S0	S0	RCSB-5D3L-57F-KD	construct-003-fbf3f5c695a3	6.055517327849831	5.496087935184681			0.1686746987951807	0.29545454545454547
union_component_leave_one_out	component-01	concat_ecfp_pocket_ridge_S0	S0	RCSB-6Q3Z-HG8-KD	construct-003-fbf3f5c695a3	7.356547323513812	5.105578630424462			0.16666666666666666	0.29545454545454547
union_component_leave_one_out	component-01	concat_ecfp_pocket_ridge_S0	S0	RCSB-5EIS-5OU-KD	construct-003-fbf3f5c695a3	5.7447274948966935	5.305197076517976			0.21518987341772153	0.29545454545454547
union_component_leave_one_out	component-01	concat_ecfp_pocket_ridge_S0	S0	RCSB-5D3T-56Y-KD	construct-003-fbf3f5c695a3	4.920818753952375	4.825342992297583			0.2716049382716049	0.29545454545454547
union_component_leave_one_out	component-01	concat_ecfp_pocket_ridge_S0	S0	RCSB-6Q3Y-HG5-KD	construct-003-fbf3f5c695a3	7.267606240177031	5.106241057343878			0.17475728155339806	0.29545454545454547
union_component_leave_one_out	component-01	concat_gmolai_pocket_ridge_S0	S0	RCSB-4O76-1M3-KD	construct-003-fbf3f5c695a3	6.910094888560602	5.068544311100236			0.2159090909090909	0.29545454545454547
union_component_leave_one_out	component-01	concat_gmolai_pocket_ridge_S0	S0	RCSB-7MRA-ZMJ-KD	construct-003-fbf3f5c695a3	7.086186147616283	5.18267634796914			0.21333333333333335	0.29545454545454547
union_component_leave_one_out	component-01	concat_gmolai_pocket_ridge_S0	S0	RCSB-5D26-L28-KD	construct-003-fbf3f5c695a3	6.0915149811213505	5.732078089729877			0.18055555555555555	0.29545454545454547
union_component_leave_one_out	component-01	concat_gmolai_pocket_ridge_S0	S0	RCSB-5EGU-5NQ-KD	construct-003-fbf3f5c695a3	5.853871964321762	5.365016871999751			0.18085106382978725	0.29545454545454547
union_component_leave_one_out	component-01	concat_gmolai_pocket_ridge_S0	S0	RCSB-6TPZ-NV2-KD	construct-003-fbf3f5c695a3	8.301029995663981	4.893699029127307			0.24096385542168675	0.29545454545454547
union_component_leave_one_out	component-01	concat_gmolai_pocket_ridge_S0	S0	RCSB-6FO5-DZH-KD	construct-003-fbf3f5c695a3	6.721246399047171	5.646273229497373			0.23655913978494625	0.29545454545454547
union_component_leave_one_out	component-01	concat_gmolai_pocket_ridge_S0	S0	RCSB-7AXR-S7T-KD	construct-003-fbf3f5c695a3	4.940058111938045	4.714687603076115			0.26582278481012656	0.29545454545454547
union_component_leave_one_out	component-01	concat_gmolai_pocket_ridge_S0	S0	RCSB-6FSY-E5Q-KD	construct-003-fbf3f5c695a3	6.607303046740334	4.769780619113898			0.2	0.29545454545454547
union_component_leave_one_out	component-01	concat_gmolai_pocket_ridge_S0	S0	RCSB-4PS5-2TA-KD	construct-003-fbf3f5c695a3	6.785156151952302	5.262665998103699			0.22580645161290322	0.29545454545454547
union_component_leave_one_out	component-01	concat_gmolai_pocket_ridge_S0	S0	RCSB-7MR9-ZMM-KD	construct-003-fbf3f5c695a3	6.474955192963154	4.673714519132384			0.21818181818181817	0.29545454545454547
union_component_leave_one_out	component-01	concat_gmolai_pocket_ridge_S0	S0	RCSB-5D3L-57F-KD	construct-003-fbf3f5c695a3	6.055517327849831	5.721545206036584			0.1686746987951807	0.29545454545454547
union_component_leave_one_out	component-01	concat_gmolai_pocket_ridge_S0	S0	RCSB-6Q3Z-HG8-KD	construct-003-fbf3f5c695a3	7.356547323513812	4.817135517036689			0.16666666666666666	0.29545454545454547
union_component_leave_one_out	component-01	concat_gmolai_pocket_ridge_S0	S0	RCSB-5EIS-5OU-KD	construct-003-fbf3f5c695a3	5.7447274948966935	4.8269282629519745			0.21518987341772153	0.29545454545454547
union_component_leave_one_out	component-01	concat_gmolai_pocket_ridge_S0	S0	RCSB-5D3T-56Y-KD	construct-003-fbf3f5c695a3	4.920818753952375	4.731659579167083			0.2716049382716049	0.29545454545454547
union_component_leave_one_out	component-01	concat_gmolai_pocket_ridge_S0	S0	RCSB-6Q3Y-HG5-KD	construct-003-fbf3f5c695a3	7.267606240177031	4.733637983492684			0.17475728155339806	0.29545454545454547
union_component_leave_one_out	component-01	pocket_composition_ridge_S1	S1	RCSB-4O76-1M3-KD	construct-003-fbf3f5c695a3	6.910094888560602	4.90679379633013			0.2159090909090909	0.29545454545454547
union_component_leave_one_out	component-01	pocket_composition_ridge_S1	S1	RCSB-7MRA-ZMJ-KD	construct-003-fbf3f5c695a3	7.086186147616283	4.90679379633013			0.21333333333333335	0.29545454545454547
union_component_leave_one_out	component-01	pocket_composition_ridge_S1	S1	RCSB-5D26-L28-KD	construct-003-fbf3f5c695a3	6.0915149811213505	4.90679379633013			0.18055555555555555	0.29545454545454547
union_component_leave_one_out	component-01	pocket_composition_ridge_S1	S1	RCSB-5EGU-5NQ-KD	construct-003-fbf3f5c695a3	5.853871964321762	4.90679379633013			0.18085106382978725	0.29545454545454547
union_component_leave_one_out	component-01	pocket_composition_ridge_S1	S1	RCSB-6TPZ-NV2-KD	construct-003-fbf3f5c695a3	8.301029995663981	4.90679379633013			0.24096385542168675	0.29545454545454547
union_component_leave_one_out	component-01	pocket_composition_ridge_S1	S1	RCSB-6FO5-DZH-KD	construct-003-fbf3f5c695a3	6.721246399047171	4.90679379633013			0.23655913978494625	0.29545454545454547
union_component_leave_one_out	component-01	pocket_composition_ridge_S1	S1	RCSB-7AXR-S7T-KD	construct-003-fbf3f5c695a3	4.940058111938045	4.90679379633013			0.26582278481012656	0.29545454545454547
union_component_leave_one_out	component-01	pocket_composition_ridge_S1	S1	RCSB-6FSY-E5Q-KD	construct-003-fbf3f5c695a3	6.607303046740334	4.90679379633013			0.2	0.29545454545454547
union_component_leave_one_out	component-01	pocket_composition_ridge_S1	S1	RCSB-4PS5-2TA-KD	construct-003-fbf3f5c695a3	6.785156151952302	4.90679379633013			0.22580645161290322	0.29545454545454547
union_component_leave_one_out	component-01	pocket_composition_ridge_S1	S1	RCSB-7MR9-ZMM-KD	construct-003-fbf3f5c695a3	6.474955192963154	4.90679379633013			0.21818181818181817	0.29545454545454547
union_component_leave_one_out	component-01	pocket_composition_ridge_S1	S1	RCSB-5D3L-57F-KD	construct-003-fbf3f5c695a3	6.055517327849831	4.90679379633013			0.1686746987951807	0.29545454545454547
union_component_leave_one_out	component-01	pocket_composition_ridge_S1	S1	RCSB-6Q3Z-HG8-KD	construct-003-fbf3f5c695a3	7.356547323513812	4.90679379633013			0.16666666666666666	0.29545454545454547
union_component_leave_one_out	component-01	pocket_composition_ridge_S1	S1	RCSB-5EIS-5OU-KD	construct-003-fbf3f5c695a3	5.7447274948966935	4.90679379633013			0.21518987341772153	0.29545454545454547
union_component_leave_one_out	component-01	pocket_composition_ridge_S1	S1	RCSB-5D3T-56Y-KD	construct-003-fbf3f5c695a3	4.920818753952375	4.90679379633013			0.2716049382716049	0.29545454545454547
union_component_leave_one_out	component-01	pocket_composition_ridge_S1	S1	RCSB-6Q3Y-HG5-KD	construct-003-fbf3f5c695a3	7.267606240177031	4.90679379633013			0.17475728155339806	0.29545454545454547
union_component_leave_one_out	component-01	pocket_structure_ridge_S1	S1	RCSB-4O76-1M3-KD	construct-003-fbf3f5c695a3	6.910094888560602	4.915536138183503			0.2159090909090909	0.29545454545454547
union_component_leave_one_out	component-01	pocket_structure_ridge_S1	S1	RCSB-7MRA-ZMJ-KD	construct-003-fbf3f5c695a3	7.086186147616283	4.915536138183503			0.21333333333333335	0.29545454545454547
union_component_leave_one_out	component-01	pocket_structure_ridge_S1	S1	RCSB-5D26-L28-KD	construct-003-fbf3f5c695a3	6.0915149811213505	4.915536138183503			0.18055555555555555	0.29545454545454547
union_component_leave_one_out	component-01	pocket_structure_ridge_S1	S1	RCSB-5EGU-5NQ-KD	construct-003-fbf3f5c695a3	5.853871964321762	4.915536138183503			0.18085106382978725	0.29545454545454547
union_component_leave_one_out	component-01	pocket_structure_ridge_S1	S1	RCSB-6TPZ-NV2-KD	construct-003-fbf3f5c695a3	8.301029995663981	4.915536138183503			0.24096385542168675	0.29545454545454547
union_component_leave_one_out	component-01	pocket_structure_ridge_S1	S1	RCSB-6FO5-DZH-KD	construct-003-fbf3f5c695a3	6.721246399047171	4.915536138183503			0.23655913978494625	0.29545454545454547
union_component_leave_one_out	component-01	pocket_structure_ridge_S1	S1	RCSB-7AXR-S7T-KD	construct-003-fbf3f5c695a3	4.940058111938045	4.915536138183503			0.26582278481012656	0.29545454545454547
union_component_leave_one_out	component-01	pocket_structure_ridge_S1	S1	RCSB-6FSY-E5Q-KD	construct-003-fbf3f5c695a3	6.607303046740334	4.915536138183503			0.2	0.29545454545454547
union_component_leave_one_out	component-01	pocket_structure_ridge_S1	S1	RCSB-4PS5-2TA-KD	construct-003-fbf3f5c695a3	6.785156151952302	4.915536138183503			0.22580645161290322	0.29545454545454547
union_component_leave_one_out	component-01	pocket_structure_ridge_S1	S1	RCSB-7MR9-ZMM-KD	construct-003-fbf3f5c695a3	6.474955192963154	4.915536138183503			0.21818181818181817	0.29545454545454547
union_component_leave_one_out	component-01	pocket_structure_ridge_S1	S1	RCSB-5D3L-57F-KD	construct-003-fbf3f5c695a3	6.055517327849831	4.915536138183503			0.1686746987951807	0.29545454545454547
union_component_leave_one_out	component-01	pocket_structure_ridge_S1	S1	RCSB-6Q3Z-HG8-KD	construct-003-fbf3f5c695a3	7.356547323513812	4.915536138183503			0.16666666666666666	0.29545454545454547
union_component_leave_one_out	component-01	pocket_structure_ridge_S1	S1	RCSB-5EIS-5OU-KD	construct-003-fbf3f5c695a3	5.7447274948966935	4.915536138183503			0.21518987341772153	0.29545454545454547
union_component_leave_one_out	component-01	pocket_structure_ridge_S1	S1	RCSB-5D3T-56Y-KD	construct-003-fbf3f5c695a3	4.920818753952375	4.915536138183503			0.2716049382716049	0.29545454545454547
union_component_leave_one_out	component-01	pocket_structure_ridge_S1	S1	RCSB-6Q3Y-HG5-KD	construct-003-fbf3f5c695a3	7.267606240177031	4.915536138183503			0.17475728155339806	0.29545454545454547
union_component_leave_one_out	component-01	concat_ecfp_pocket_ridge_S1	S1	RCSB-4O76-1M3-KD	construct-003-fbf3f5c695a3	6.910094888560602	5.148524609268562			0.2159090909090909	0.29545454545454547
union_component_leave_one_out	component-01	concat_ecfp_pocket_ridge_S1	S1	RCSB-7MRA-ZMJ-KD	construct-003-fbf3f5c695a3	7.086186147616283	4.886731650091745			0.21333333333333335	0.29545454545454547
union_component_leave_one_out	component-01	concat_ecfp_pocket_ridge_S1	S1	RCSB-5D26-L28-KD	construct-003-fbf3f5c695a3	6.0915149811213505	5.153352177291016			0.18055555555555555	0.29545454545454547
union_component_leave_one_out	component-01	concat_ecfp_pocket_ridge_S1	S1	RCSB-5EGU-5NQ-KD	construct-003-fbf3f5c695a3	5.853871964321762	5.412891581295857			0.18085106382978725	0.29545454545454547
union_component_leave_one_out	component-01	concat_ecfp_pocket_ridge_S1	S1	RCSB-6TPZ-NV2-KD	construct-003-fbf3f5c695a3	8.301029995663981	5.215407995486233			0.24096385542168675	0.29545454545454547
union_component_leave_one_out	component-01	concat_ecfp_pocket_ridge_S1	S1	RCSB-6FO5-DZH-KD	construct-003-fbf3f5c695a3	6.721246399047171	5.217678356105457			0.23655913978494625	0.29545454545454547
union_component_leave_one_out	component-01	concat_ecfp_pocket_ridge_S1	S1	RCSB-7AXR-S7T-KD	construct-003-fbf3f5c695a3	4.940058111938045	4.747466766856964			0.26582278481012656	0.29545454545454547
union_component_leave_one_out	component-01	concat_ecfp_pocket_ridge_S1	S1	RCSB-6FSY-E5Q-KD	construct-003-fbf3f5c695a3	6.607303046740334	4.600135145051513			0.2	0.29545454545454547
union_component_leave_one_out	component-01	concat_ecfp_pocket_ridge_S1	S1	RCSB-4PS5-2TA-KD	construct-003-fbf3f5c695a3	6.785156151952302	4.967083613368199			0.22580645161290322	0.29545454545454547
union_component_leave_one_out	component-01	concat_ecfp_pocket_ridge_S1	S1	RCSB-7MR9-ZMM-KD	construct-003-fbf3f5c695a3	6.474955192963154	4.8865158398967			0.21818181818181817	0.29545454545454547
union_component_leave_one_out	component-01	concat_ecfp_pocket_ridge_S1	S1	RCSB-5D3L-57F-KD	construct-003-fbf3f5c695a3	6.055517327849831	5.41911262237015			0.1686746987951807	0.29545454545454547
union_component_leave_one_out	component-01	concat_ecfp_pocket_ridge_S1	S1	RCSB-6Q3Z-HG8-KD	construct-003-fbf3f5c695a3	7.356547323513812	5.0568109422731			0.16666666666666666	0.29545454545454547
union_component_leave_one_out	component-01	concat_ecfp_pocket_ridge_S1	S1	RCSB-5EIS-5OU-KD	construct-003-fbf3f5c695a3	5.7447274948966935	5.244287435928581			0.21518987341772153	0.29545454545454547
union_component_leave_one_out	component-01	concat_ecfp_pocket_ridge_S1	S1	RCSB-5D3T-56Y-KD	construct-003-fbf3f5c695a3	4.920818753952375	4.778351141657795			0.2716049382716049	0.29545454545454547
union_component_leave_one_out	component-01	concat_ecfp_pocket_ridge_S1	S1	RCSB-6Q3Y-HG5-KD	construct-003-fbf3f5c695a3	7.267606240177031	5.044750847259186			0.17475728155339806	0.29545454545454547
union_component_leave_one_out	component-01	concat_gmolai_pocket_ridge_S1	S1	RCSB-4O76-1M3-KD	construct-003-fbf3f5c695a3	6.910094888560602	5.093773178735067			0.2159090909090909	0.29545454545454547
union_component_leave_one_out	component-01	concat_gmolai_pocket_ridge_S1	S1	RCSB-7MRA-ZMJ-KD	construct-003-fbf3f5c695a3	7.086186147616283	5.194514721084353			0.21333333333333335	0.29545454545454547
union_component_leave_one_out	component-01	concat_gmolai_pocket_ridge_S1	S1	RCSB-5D26-L28-KD	construct-003-fbf3f5c695a3	6.0915149811213505	5.757626197799056			0.18055555555555555	0.29545454545454547
union_component_leave_one_out	component-01	concat_gmolai_pocket_ridge_S1	S1	RCSB-5EGU-5NQ-KD	construct-003-fbf3f5c695a3	5.853871964321762	5.3826302487178825			0.18085106382978725	0.29545454545454547
union_component_leave_one_out	component-01	concat_gmolai_pocket_ridge_S1	S1	RCSB-6TPZ-NV2-KD	construct-003-fbf3f5c695a3	8.301029995663981	4.887908681183133			0.24096385542168675	0.29545454545454547
union_component_leave_one_out	component-01	concat_gmolai_pocket_ridge_S1	S1	RCSB-6FO5-DZH-KD	construct-003-fbf3f5c695a3	6.721246399047171	5.652130491761591			0.23655913978494625	0.29545454545454547
union_component_leave_one_out	component-01	concat_gmolai_pocket_ridge_S1	S1	RCSB-7AXR-S7T-KD	construct-003-fbf3f5c695a3	4.940058111938045	4.699469617176732			0.26582278481012656	0.29545454545454547
union_component_leave_one_out	component-01	concat_gmolai_pocket_ridge_S1	S1	RCSB-6FSY-E5Q-KD	construct-003-fbf3f5c695a3	6.607303046740334	4.777433835108554			0.2	0.29545454545454547
union_component_leave_one_out	component-01	concat_gmolai_pocket_ridge_S1	S1	RCSB-4PS5-2TA-KD	construct-003-fbf3f5c695a3	6.785156151952302	5.283949161819401			0.22580645161290322	0.29545454545454547
union_component_leave_one_out	component-01	concat_gmolai_pocket_ridge_S1	S1	RCSB-7MR9-ZMM-KD	construct-003-fbf3f5c695a3	6.474955192963154	4.678216917636928			0.21818181818181817	0.29545454545454547
union_component_leave_one_out	component-01	concat_gmolai_pocket_ridge_S1	S1	RCSB-5D3L-57F-KD	construct-003-fbf3f5c695a3	6.055517327849831	5.740746215935666			0.1686746987951807	0.29545454545454547
union_component_leave_one_out	component-01	concat_gmolai_pocket_ridge_S1	S1	RCSB-6Q3Z-HG8-KD	construct-003-fbf3f5c695a3	7.356547323513812	4.84344571927818			0.16666666666666666	0.29545454545454547
union_component_leave_one_out	component-01	concat_gmolai_pocket_ridge_S1	S1	RCSB-5EIS-5OU-KD	construct-003-fbf3f5c695a3	5.7447274948966935	4.840200344482524			0.21518987341772153	0.29545454545454547
union_component_leave_one_out	component-01	concat_gmolai_pocket_ridge_S1	S1	RCSB-5D3T-56Y-KD	construct-003-fbf3f5c695a3	4.920818753952375	4.723304513707551			0.2716049382716049	0.29545454545454547
union_component_leave_one_out	component-01	concat_gmolai_pocket_ridge_S1	S1	RCSB-6Q3Y-HG5-KD	construct-003-fbf3f5c695a3	7.267606240177031	4.739356782403118			0.17475728155339806	0.29545454545454547
union_component_leave_one_out	component-01	negative_pocket_permuted_concat_gmolai_S0	S0_negative_control	RCSB-4O76-1M3-KD	construct-003-fbf3f5c695a3	6.910094888560602	5.126212725789686			0.2159090909090909	0.29545454545454547
union_component_leave_one_out	component-01	negative_pocket_permuted_concat_gmolai_S0	S0_negative_control	RCSB-7MRA-ZMJ-KD	construct-003-fbf3f5c695a3	7.086186147616283	5.216994067246332			0.21333333333333335	0.29545454545454547
union_component_leave_one_out	component-01	negative_pocket_permuted_concat_gmolai_S0	S0_negative_control	RCSB-5D26-L28-KD	construct-003-fbf3f5c695a3	6.0915149811213505	5.778359762434611			0.18055555555555555	0.29545454545454547
union_component_leave_one_out	component-01	negative_pocket_permuted_concat_gmolai_S0	S0_negative_control	RCSB-5EGU-5NQ-KD	construct-003-fbf3f5c695a3	5.853871964321762	5.390227999464502			0.18085106382978725	0.29545454545454547
union_component_leave_one_out	component-01	negative_pocket_permuted_concat_gmolai_S0	S0_negative_control	RCSB-6TPZ-NV2-KD	construct-003-fbf3f5c695a3	8.301029995663981	4.927702077979563			0.24096385542168675	0.29545454545454547
union_component_leave_one_out	component-01	negative_pocket_permuted_concat_gmolai_S0	S0_negative_control	RCSB-6FO5-DZH-KD	construct-003-fbf3f5c695a3	6.721246399047171	5.684630482246912			0.23655913978494625	0.29545454545454547
union_component_leave_one_out	component-01	negative_pocket_permuted_concat_gmolai_S0	S0_negative_control	RCSB-7AXR-S7T-KD	construct-003-fbf3f5c695a3	4.940058111938045	4.7185329253556905			0.26582278481012656	0.29545454545454547
union_component_leave_one_out	component-01	negative_pocket_permuted_concat_gmolai_S0	S0_negative_control	RCSB-6FSY-E5Q-KD	construct-003-fbf3f5c695a3	6.607303046740334	4.78698210261502			0.2	0.29545454545454547
union_component_leave_one_out	component-01	negative_pocket_permuted_concat_gmolai_S0	S0_negative_control	RCSB-4PS5-2TA-KD	construct-003-fbf3f5c695a3	6.785156151952302	5.330567952834472			0.22580645161290322	0.29545454545454547
union_component_leave_one_out	component-01	negative_pocket_permuted_concat_gmolai_S0	S0_negative_control	RCSB-7MR9-ZMM-KD	construct-003-fbf3f5c695a3	6.474955192963154	4.697764188765349			0.21818181818181817	0.29545454545454547
union_component_leave_one_out	component-01	negative_pocket_permuted_concat_gmolai_S0	S0_negative_control	RCSB-5D3L-57F-KD	construct-003-fbf3f5c695a3	6.055517327849831	5.762116011793579			0.1686746987951807	0.29545454545454547
union_component_leave_one_out	component-01	negative_pocket_permuted_concat_gmolai_S0	S0_negative_control	RCSB-6Q3Z-HG8-KD	construct-003-fbf3f5c695a3	7.356547323513812	4.885758880425276			0.16666666666666666	0.29545454545454547
union_component_leave_one_out	component-01	negative_pocket_permuted_concat_gmolai_S0	S0_negative_control	RCSB-5EIS-5OU-KD	construct-003-fbf3f5c695a3	5.7447274948966935	4.870390573940358			0.21518987341772153	0.29545454545454547
union_component_leave_one_out	component-01	negative_pocket_permuted_concat_gmolai_S0	S0_negative_control	RCSB-5D3T-56Y-KD	construct-003-fbf3f5c695a3	4.920818753952375	4.755071220981489			0.2716049382716049	0.29545454545454547
union_component_leave_one_out	component-01	negative_pocket_permuted_concat_gmolai_S0	S0_negative_control	RCSB-6Q3Y-HG5-KD	construct-003-fbf3f5c695a3	7.267606240177031	4.759778721896141			0.17475728155339806	0.29545454545454547
union_component_leave_one_out	component-01	additive_gmolai_pocket_equal_S0	S0	RCSB-4O76-1M3-KD	construct-003-fbf3f5c695a3	6.910094888560602	5.144691616167729			0.2159090909090909	0.29545454545454547
union_component_leave_one_out	component-01	additive_gmolai_pocket_equal_S0	S0	RCSB-7MRA-ZMJ-KD	construct-003-fbf3f5c695a3	7.086186147616283	5.048185349759492			0.21333333333333335	0.29545454545454547
union_component_leave_one_out	component-01	additive_gmolai_pocket_equal_S0	S0	RCSB-5D26-L28-KD	construct-003-fbf3f5c695a3	6.0915149811213505	5.340730354708543			0.18055555555555555	0.29545454545454547
union_component_leave_one_out	component-01	additive_gmolai_pocket_equal_S0	S0	RCSB-5EGU-5NQ-KD	construct-003-fbf3f5c695a3	5.853871964321762	5.195795039880988			0.18085106382978725	0.29545454545454547
union_component_leave_one_out	component-01	additive_gmolai_pocket_equal_S0	S0	RCSB-6TPZ-NV2-KD	construct-003-fbf3f5c695a3	8.301029995663981	4.969881821765635			0.24096385542168675	0.29545454545454547
union_component_leave_one_out	component-01	additive_gmolai_pocket_equal_S0	S0	RCSB-6FO5-DZH-KD	construct-003-fbf3f5c695a3	6.721246399047171	5.3568799393137985			0.23655913978494625	0.29545454545454547
union_component_leave_one_out	component-01	additive_gmolai_pocket_equal_S0	S0	RCSB-7AXR-S7T-KD	construct-003-fbf3f5c695a3	4.940058111938045	5.026245492417313			0.26582278481012656	0.29545454545454547
union_component_leave_one_out	component-01	additive_gmolai_pocket_equal_S0	S0	RCSB-6FSY-E5Q-KD	construct-003-fbf3f5c695a3	6.607303046740334	4.995541936802077			0.2	0.29545454545454547
union_component_leave_one_out	component-01	additive_gmolai_pocket_equal_S0	S0	RCSB-4PS5-2TA-KD	construct-003-fbf3f5c695a3	6.785156151952302	5.1327611045262			0.22580645161290322	0.29545454545454547
union_component_leave_one_out	component-01	additive_gmolai_pocket_equal_S0	S0	RCSB-7MR9-ZMM-KD	construct-003-fbf3f5c695a3	6.474955192963154	4.737391965144383			0.21818181818181817	0.29545454545454547
union_component_leave_one_out	component-01	additive_gmolai_pocket_equal_S0	S0	RCSB-5D3L-57F-KD	construct-003-fbf3f5c695a3	6.055517327849831	5.425924295323949			0.1686746987951807	0.29545454545454547
union_component_leave_one_out	component-01	additive_gmolai_pocket_equal_S0	S0	RCSB-6Q3Z-HG8-KD	construct-003-fbf3f5c695a3	7.356547323513812	4.968148411470674			0.16666666666666666	0.29545454545454547
union_component_leave_one_out	component-01	additive_gmolai_pocket_equal_S0	S0	RCSB-5EIS-5OU-KD	construct-003-fbf3f5c695a3	5.7447274948966935	4.914320089293479			0.21518987341772153	0.29545454545454547
union_component_leave_one_out	component-01	additive_gmolai_pocket_equal_S0	S0	RCSB-5D3T-56Y-KD	construct-003-fbf3f5c695a3	4.920818753952375	5.005536091629407			0.2716049382716049	0.29545454545454547
union_component_leave_one_out	component-01	additive_gmolai_pocket_equal_S0	S0	RCSB-6Q3Y-HG5-KD	construct-003-fbf3f5c695a3	7.267606240177031	5.015147983321043			0.17475728155339806	0.29545454545454547
union_component_leave_one_out	component-01	additive_gmolai_pocket_equal_S1	S1	RCSB-4O76-1M3-KD	construct-003-fbf3f5c695a3	6.910094888560602	4.999857236866307			0.2159090909090909	0.29545454545454547
union_component_leave_one_out	component-01	additive_gmolai_pocket_equal_S1	S1	RCSB-7MRA-ZMJ-KD	construct-003-fbf3f5c695a3	7.086186147616283	5.016044447203814			0.21333333333333335	0.29545454545454547
union_component_leave_one_out	component-01	additive_gmolai_pocket_equal_S1	S1	RCSB-5D26-L28-KD	construct-003-fbf3f5c695a3	6.0915149811213505	5.357112611678186			0.18055555555555555	0.29545454545454547
union_component_leave_one_out	component-01	additive_gmolai_pocket_equal_S1	S1	RCSB-5EGU-5NQ-KD	construct-003-fbf3f5c695a3	5.853871964321762	5.133693313602643			0.18085106382978725	0.29545454545454547
union_component_leave_one_out	component-01	additive_gmolai_pocket_equal_S1	S1	RCSB-6TPZ-NV2-KD	construct-003-fbf3f5c695a3	8.301029995663981	4.851743636493765			0.24096385542168675	0.29545454545454547
union_component_leave_one_out	component-01	additive_gmolai_pocket_equal_S1	S1	RCSB-6FO5-DZH-KD	construct-003-fbf3f5c695a3	6.721246399047171	5.305586594599273			0.23655913978494625	0.29545454545454547
union_component_leave_one_out	component-01	additive_gmolai_pocket_equal_S1	S1	RCSB-7AXR-S7T-KD	construct-003-fbf3f5c695a3	4.940058111938045	4.845715042488208			0.26582278481012656	0.29545454545454547
union_component_leave_one_out	component-01	additive_gmolai_pocket_equal_S1	S1	RCSB-6FSY-E5Q-KD	construct-003-fbf3f5c695a3	6.607303046740334	4.857310844369918			0.2	0.29545454545454547
union_component_leave_one_out	component-01	additive_gmolai_pocket_equal_S1	S1	RCSB-4PS5-2TA-KD	construct-003-fbf3f5c695a3	6.785156151952302	5.096751886351876			0.22580645161290322	0.29545454545454547
union_component_leave_one_out	component-01	additive_gmolai_pocket_equal_S1	S1	RCSB-7MR9-ZMM-KD	construct-003-fbf3f5c695a3	6.474955192963154	4.7511149157343375			0.21818181818181817	0.29545454545454547
union_component_leave_one_out	component-01	additive_gmolai_pocket_equal_S1	S1	RCSB-5D3L-57F-KD	construct-003-fbf3f5c695a3	6.055517327849831	5.333529641985922			0.1686746987951807	0.29545454545454547
union_component_leave_one_out	component-01	additive_gmolai_pocket_equal_S1	S1	RCSB-6Q3Z-HG8-KD	construct-003-fbf3f5c695a3	7.356547323513812	4.870722691907451			0.16666666666666666	0.29545454545454547
union_component_leave_one_out	component-01	additive_gmolai_pocket_equal_S1	S1	RCSB-5EIS-5OU-KD	construct-003-fbf3f5c695a3	5.7447274948966935	4.86125515819605			0.21518987341772153	0.29545454545454547
union_component_leave_one_out	component-01	additive_gmolai_pocket_equal_S1	S1	RCSB-5D3T-56Y-KD	construct-003-fbf3f5c695a3	4.920818753952375	4.828596187686064			0.2716049382716049	0.29545454545454547
union_component_leave_one_out	component-01	additive_gmolai_pocket_equal_S1	S1	RCSB-6Q3Y-HG5-KD	construct-003-fbf3f5c695a3	7.267606240177031	4.826266854022781			0.17475728155339806	0.29545454545454547
union_component_leave_one_out	component-01	ligand_ecfp_knn	ligand_only	RCSB-4O76-1M3-KD	construct-003-fbf3f5c695a3	6.910094888560602	6.065721356160768	RCSB-5O4S-9KW-KD	0.2159090909090909	0.2159090909090909	0.29545454545454547
union_component_leave_one_out	component-01	ligand_ecfp_knn	ligand_only	RCSB-7MRA-ZMJ-KD	construct-003-fbf3f5c695a3	7.086186147616283	5.726979941239175	RCSB-5MYG-LS8-KD	0.21333333333333335	0.21333333333333335	0.29545454545454547
union_component_leave_one_out	component-01	ligand_ecfp_knn	ligand_only	RCSB-5D26-L28-KD	construct-003-fbf3f5c695a3	6.0915149811213505	5.964136951079465	RCSB-6RQ0-KE2-KD	0.18055555555555555	0.18055555555555555	0.29545454545454547
union_component_leave_one_out	component-01	ligand_ecfp_knn	ligand_only	RCSB-5EGU-5NQ-KD	construct-003-fbf3f5c695a3	5.853871964321762	5.029525924425003	RCSB-5O55-9L5-KD	0.18085106382978725	0.18085106382978725	0.29545454545454547
union_component_leave_one_out	component-01	ligand_ecfp_knn	ligand_only	RCSB-6TPZ-NV2-KD	construct-003-fbf3f5c695a3	8.301029995663981	5.934076017182935	RCSB-5O4S-9KW-KD	0.24096385542168675	0.24096385542168675	0.29545454545454547
union_component_leave_one_out	component-01	ligand_ecfp_knn	ligand_only	RCSB-6FO5-DZH-KD	construct-003-fbf3f5c695a3	6.721246399047171	5.129042188845789	RCSB-5O4S-9KW-KD	0.23655913978494625	0.23655913978494625	0.29545454545454547
union_component_leave_one_out	component-01	ligand_ecfp_knn	ligand_only	RCSB-7AXR-S7T-KD	construct-003-fbf3f5c695a3	4.940058111938045	4.272699846574056	RCSB-4UGO-1QF-KD	0.26582278481012656	0.26582278481012656	0.29545454545454547
union_component_leave_one_out	component-01	ligand_ecfp_knn	ligand_only	RCSB-6FSY-E5Q-KD	construct-003-fbf3f5c695a3	6.607303046740334	4.245200452905028	RCSB-5EWH-5SG-KD	0.2	0.2	0.29545454545454547
union_component_leave_one_out	component-01	ligand_ecfp_knn	ligand_only	RCSB-4PS5-2TA-KD	construct-003-fbf3f5c695a3	6.785156151952302	6.132976953328742	RCSB-5MYG-LS8-KD	0.22580645161290322	0.22580645161290322	0.29545454545454547
union_component_leave_one_out	component-01	ligand_ecfp_knn	ligand_only	RCSB-7MR9-ZMM-KD	construct-003-fbf3f5c695a3	6.474955192963154	4.916324357745892	RCSB-5EPS-5QX-KD	0.21818181818181817	0.21818181818181817	0.29545454545454547
union_component_leave_one_out	component-01	ligand_ecfp_knn	ligand_only	RCSB-5D3L-57F-KD	construct-003-fbf3f5c695a3	6.055517327849831	5.424435486590076	RCSB-5O1I-9GH-KD	0.1686746987951807	0.1686746987951807	0.29545454545454547
union_component_leave_one_out	component-01	ligand_ecfp_knn	ligand_only	RCSB-6Q3Z-HG8-KD	construct-003-fbf3f5c695a3	7.356547323513812	5.002052881444654	RCSB-5O55-9L5-KD	0.16666666666666666	0.16666666666666666	0.29545454545454547
union_component_leave_one_out	component-01	ligand_ecfp_knn	ligand_only	RCSB-5EIS-5OU-KD	construct-003-fbf3f5c695a3	5.7447274948966935	5.1414654519246525	RCSB-5O5A-9LN-KD	0.21518987341772153	0.21518987341772153	0.29545454545454547
union_component_leave_one_out	component-01	ligand_ecfp_knn	ligand_only	RCSB-5D3T-56Y-KD	construct-003-fbf3f5c695a3	4.920818753952375	4.641136435098567	RCSB-5O5A-9LN-KD	0.2716049382716049	0.2716049382716049	0.29545454545454547
union_component_leave_one_out	component-01	ligand_ecfp_knn	ligand_only	RCSB-6Q3Y-HG5-KD	construct-003-fbf3f5c695a3	7.267606240177031	4.808609042910957	RCSB-5O55-9L5-KD	0.17475728155339806	0.17475728155339806	0.29545454545454547
union_component_leave_one_out	component-01	ligand_gmolai_knn	ligand_only	RCSB-4O76-1M3-KD	construct-003-fbf3f5c695a3	6.910094888560602	5.626692398953165	RCSB-5OV8-AXN-KD	0.5968245404514607	0.2159090909090909	0.29545454545454547
union_component_leave_one_out	component-01	ligand_gmolai_knn	ligand_only	RCSB-7MRA-ZMJ-KD	construct-003-fbf3f5c695a3	7.086186147616283	5.600632376927126	RCSB-5O5A-9LN-KD	0.7808348501426313	0.21333333333333335	0.29545454545454547
union_component_leave_one_out	component-01	ligand_gmolai_knn	ligand_only	RCSB-5D26-L28-KD	construct-003-fbf3f5c695a3	6.0915149811213505	6.194867354116252	RCSB-5MYG-LS8-KD	0.5428121115912024	0.18055555555555555	0.29545454545454547
union_component_leave_one_out	component-01	ligand_gmolai_knn	ligand_only	RCSB-5EGU-5NQ-KD	construct-003-fbf3f5c695a3	5.853871964321762	4.9110172382731365	RCSB-5O55-9L5-KD	0.6797614928947942	0.18085106382978725	0.29545454545454547
union_component_leave_one_out	component-01	ligand_gmolai_knn	ligand_only	RCSB-6TPZ-NV2-KD	construct-003-fbf3f5c695a3	8.301029995663981	5.235730481152452	RCSB-5O4S-9KW-KD	0.7315817725367668	0.24096385542168675	0.29545454545454547
union_component_leave_one_out	component-01	ligand_gmolai_knn	ligand_only	RCSB-6FO5-DZH-KD	construct-003-fbf3f5c695a3	6.721246399047171	5.078708365810086	RCSB-5O4S-9KW-KD	0.6859520769386954	0.23655913978494625	0.29545454545454547
union_component_leave_one_out	component-01	ligand_gmolai_knn	ligand_only	RCSB-7AXR-S7T-KD	construct-003-fbf3f5c695a3	4.940058111938045	4.9708915063750565	RCSB-6RQ5-KEB-KD	0.4251034787120324	0.26582278481012656	0.29545454545454547
union_component_leave_one_out	component-01	ligand_gmolai_knn	ligand_only	RCSB-6FSY-E5Q-KD	construct-003-fbf3f5c695a3	6.607303046740334	5.1187948922223665	RCSB-4UGG-S5D-KD	0.7133102084525269	0.2	0.29545454545454547
union_component_leave_one_out	component-01	ligand_gmolai_knn	ligand_only	RCSB-4PS5-2TA-KD	construct-003-fbf3f5c695a3	6.785156151952302	4.842199867443386	RCSB-4AGQ-P96-KD	0.47457686853469616	0.22580645161290322	0.29545454545454547
union_component_leave_one_out	component-01	ligand_gmolai_knn	ligand_only	RCSB-7MR9-ZMM-KD	construct-003-fbf3f5c695a3	6.474955192963154	4.529981272992071	RCSB-5O5A-9LN-KD	0.7472408583164001	0.21818181818181817	0.29545454545454547
union_component_leave_one_out	component-01	ligand_gmolai_knn	ligand_only	RCSB-5D3L-57F-KD	construct-003-fbf3f5c695a3	6.055517327849831	5.934957140691376	RCSB-5MYG-LS8-KD	0.5163563898625659	0.1686746987951807	0.29545454545454547
union_component_leave_one_out	component-01	ligand_gmolai_knn	ligand_only	RCSB-6Q3Z-HG8-KD	construct-003-fbf3f5c695a3	7.356547323513812	5.074154766272257	RCSB-5O4S-9KW-KD	0.3882379015167674	0.16666666666666666	0.29545454545454547
union_component_leave_one_out	component-01	ligand_gmolai_knn	ligand_only	RCSB-5EIS-5OU-KD	construct-003-fbf3f5c695a3	5.7447274948966935	4.767040466476122	RCSB-5O5A-9LN-KD	0.7284037385202422	0.21518987341772153	0.29545454545454547
union_component_leave_one_out	component-01	ligand_gmolai_knn	ligand_only	RCSB-5D3T-56Y-KD	construct-003-fbf3f5c695a3	4.920818753952375	4.7753941939058455	RCSB-5O55-9L5-KD	0.36347893848474333	0.2716049382716049	0.29545454545454547
union_component_leave_one_out	component-01	ligand_gmolai_knn	ligand_only	RCSB-6Q3Y-HG5-KD	construct-003-fbf3f5c695a3	7.267606240177031	4.805163634391576	RCSB-6RQ9-KEQ-KD	0.40934119987768314	0.17475728155339806	0.29545454545454547
union_component_leave_one_out	component-01	protein_sequence_identity_knn	sequence_only	RCSB-4O76-1M3-KD	construct-003-fbf3f5c695a3	6.910094888560602	4.2812260165177625	RCSB-5C85-4YO-KD	0.29545454545454547	0.2159090909090909	0.29545454545454547
union_component_leave_one_out	component-01	protein_sequence_identity_knn	sequence_only	RCSB-7MRA-ZMJ-KD	construct-003-fbf3f5c695a3	7.086186147616283	4.2812260165177625	RCSB-5C85-4YO-KD	0.29545454545454547	0.21333333333333335	0.29545454545454547
union_component_leave_one_out	component-01	protein_sequence_identity_knn	sequence_only	RCSB-5D26-L28-KD	construct-003-fbf3f5c695a3	6.0915149811213505	4.2812260165177625	RCSB-5C85-4YO-KD	0.29545454545454547	0.18055555555555555	0.29545454545454547
union_component_leave_one_out	component-01	protein_sequence_identity_knn	sequence_only	RCSB-5EGU-5NQ-KD	construct-003-fbf3f5c695a3	5.853871964321762	4.2812260165177625	RCSB-5C85-4YO-KD	0.29545454545454547	0.18085106382978725	0.29545454545454547
union_component_leave_one_out	component-01	protein_sequence_identity_knn	sequence_only	RCSB-6TPZ-NV2-KD	construct-003-fbf3f5c695a3	8.301029995663981	4.2812260165177625	RCSB-5C85-4YO-KD	0.29545454545454547	0.24096385542168675	0.29545454545454547
union_component_leave_one_out	component-01	protein_sequence_identity_knn	sequence_only	RCSB-6FO5-DZH-KD	construct-003-fbf3f5c695a3	6.721246399047171	4.2812260165177625	RCSB-5C85-4YO-KD	0.29545454545454547	0.23655913978494625	0.29545454545454547
union_component_leave_one_out	component-01	protein_sequence_identity_knn	sequence_only	RCSB-7AXR-S7T-KD	construct-003-fbf3f5c695a3	4.940058111938045	4.2812260165177625	RCSB-5C85-4YO-KD	0.29545454545454547	0.26582278481012656	0.29545454545454547
union_component_leave_one_out	component-01	protein_sequence_identity_knn	sequence_only	RCSB-6FSY-E5Q-KD	construct-003-fbf3f5c695a3	6.607303046740334	4.2812260165177625	RCSB-5C85-4YO-KD	0.29545454545454547	0.2	0.29545454545454547
union_component_leave_one_out	component-01	protein_sequence_identity_knn	sequence_only	RCSB-4PS5-2TA-KD	construct-003-fbf3f5c695a3	6.785156151952302	4.2812260165177625	RCSB-5C85-4YO-KD	0.29545454545454547	0.22580645161290322	0.29545454545454547
union_component_leave_one_out	component-01	protein_sequence_identity_knn	sequence_only	RCSB-7MR9-ZMM-KD	construct-003-fbf3f5c695a3	6.474955192963154	4.2812260165177625	RCSB-5C85-4YO-KD	0.29545454545454547	0.21818181818181817	0.29545454545454547
union_component_leave_one_out	component-01	protein_sequence_identity_knn	sequence_only	RCSB-5D3L-57F-KD	construct-003-fbf3f5c695a3	6.055517327849831	4.2812260165177625	RCSB-5C85-4YO-KD	0.29545454545454547	0.1686746987951807	0.29545454545454547
union_component_leave_one_out	component-01	protein_sequence_identity_knn	sequence_only	RCSB-6Q3Z-HG8-KD	construct-003-fbf3f5c695a3	7.356547323513812	4.2812260165177625	RCSB-5C85-4YO-KD	0.29545454545454547	0.16666666666666666	0.29545454545454547
union_component_leave_one_out	component-01	protein_sequence_identity_knn	sequence_only	RCSB-5EIS-5OU-KD	construct-003-fbf3f5c695a3	5.7447274948966935	4.2812260165177625	RCSB-5C85-4YO-KD	0.29545454545454547	0.21518987341772153	0.29545454545454547
union_component_leave_one_out	component-01	protein_sequence_identity_knn	sequence_only	RCSB-5D3T-56Y-KD	construct-003-fbf3f5c695a3	4.920818753952375	4.2812260165177625	RCSB-5C85-4YO-KD	0.29545454545454547	0.2716049382716049	0.29545454545454547
union_component_leave_one_out	component-01	protein_sequence_identity_knn	sequence_only	RCSB-6Q3Y-HG5-KD	construct-003-fbf3f5c695a3	7.267606240177031	4.2812260165177625	RCSB-5C85-4YO-KD	0.29545454545454547	0.17475728155339806	0.29545454545454547
union_component_leave_one_out	component-01	pocket_structure_knn_S0	S0	RCSB-4O76-1M3-KD	construct-003-fbf3f5c695a3	6.910094888560602	4.6717984986374015	RCSB-5O1H-9GN-KD	0.2997447602111301	0.2159090909090909	0.29545454545454547
union_component_leave_one_out	component-01	pocket_structure_knn_S0	S0	RCSB-7MRA-ZMJ-KD	construct-003-fbf3f5c695a3	7.086186147616283	5.066582226703652	RCSB-5OV8-AXN-KD	0.3020240957678566	0.21333333333333335	0.29545454545454547
union_component_leave_one_out	component-01	pocket_structure_knn_S0	S0	RCSB-5D26-L28-KD	construct-003-fbf3f5c695a3	6.0915149811213505	4.95316353015487	RCSB-5OV8-AXN-KD	0.30167130152653154	0.18055555555555555	0.29545454545454547
union_component_leave_one_out	component-01	pocket_structure_knn_S0	S0	RCSB-5EGU-5NQ-KD	construct-003-fbf3f5c695a3	5.853871964321762	4.947479361392458	RCSB-5OV8-AXN-KD	0.32511015967953955	0.18085106382978725	0.29545454545454547
union_component_leave_one_out	component-01	pocket_structure_knn_S0	S0	RCSB-6TPZ-NV2-KD	construct-003-fbf3f5c695a3	8.301029995663981	5.240620388338232	RCSB-5OV8-AXN-KD	0.30138936661710447	0.24096385542168675	0.29545454545454547
union_component_leave_one_out	component-01	pocket_structure_knn_S0	S0	RCSB-6FO5-DZH-KD	construct-003-fbf3f5c695a3	6.721246399047171	4.9496381759492785	RCSB-5OV8-AXN-KD	0.32451428379145736	0.23655913978494625	0.29545454545454547
union_component_leave_one_out	component-01	pocket_structure_knn_S0	S0	RCSB-7AXR-S7T-KD	construct-003-fbf3f5c695a3	4.940058111938045	4.95265358972635	RCSB-5O4S-9KW-KD	0.29741508053389837	0.26582278481012656	0.29545454545454547
union_component_leave_one_out	component-01	pocket_structure_knn_S0	S0	RCSB-6FSY-E5Q-KD	construct-003-fbf3f5c695a3	6.607303046740334	4.949494708208506	RCSB-5OV8-AXN-KD	0.29966871909555987	0.2	0.29545454545454547
union_component_leave_one_out	component-01	pocket_structure_knn_S0	S0	RCSB-4PS5-2TA-KD	construct-003-fbf3f5c695a3	6.785156151952302	4.947979114662261	RCSB-5OV8-AXN-KD	0.3195612253239064	0.22580645161290322	0.29545454545454547
union_component_leave_one_out	component-01	pocket_structure_knn_S0	S0	RCSB-7MR9-ZMM-KD	construct-003-fbf3f5c695a3	6.474955192963154	4.955629567442108	RCSB-5OV8-AXN-KD	0.304489827094736	0.21818181818181817	0.29545454545454547
union_component_leave_one_out	component-01	pocket_structure_knn_S0	S0	RCSB-5D3L-57F-KD	construct-003-fbf3f5c695a3	6.055517327849831	5.0713885650433	RCSB-5O4S-9KW-KD	0.28526980349076186	0.1686746987951807	0.29545454545454547
union_component_leave_one_out	component-01	pocket_structure_knn_S0	S0	RCSB-6Q3Z-HG8-KD	construct-003-fbf3f5c695a3	7.356547323513812	4.672025866879198	RCSB-5O1H-9GN-KD	0.30595659463198777	0.16666666666666666	0.29545454545454547
union_component_leave_one_out	component-01	pocket_structure_knn_S0	S0	RCSB-5EIS-5OU-KD	construct-003-fbf3f5c695a3	5.7447274948966935	4.9545688522123275	RCSB-5OV8-AXN-KD	0.2877185842127247	0.21518987341772153	0.29545454545454547
union_component_leave_one_out	component-01	pocket_structure_knn_S0	S0	RCSB-5D3T-56Y-KD	construct-003-fbf3f5c695a3	4.920818753952375	5.240629056505786	RCSB-5OV8-AXN-KD	0.2890541411415968	0.2716049382716049	0.29545454545454547
union_component_leave_one_out	component-01	pocket_structure_knn_S0	S0	RCSB-6Q3Y-HG5-KD	construct-003-fbf3f5c695a3	7.267606240177031	4.6718361024828265	RCSB-5O1H-9GN-KD	0.30010032667190834	0.17475728155339806	0.29545454545454547
union_component_leave_one_out	component-01	two_sided_ecfp_pocket_knn_S0	S0	RCSB-4O76-1M3-KD	construct-003-fbf3f5c695a3	6.910094888560602	5.961788080175471	RCSB-5O4S-9KW-KD	0.2517380191301521	0.2159090909090909	0.29545454545454547
union_component_leave_one_out	component-01	two_sided_ecfp_pocket_knn_S0	S0	RCSB-7MRA-ZMJ-KD	construct-003-fbf3f5c695a3	7.086186147616283	5.665758542336536	RCSB-5OV8-AXN-KD	0.2508419554586183	0.21333333333333335	0.29545454545454547
union_component_leave_one_out	component-01	two_sided_ecfp_pocket_knn_S0	S0	RCSB-5D26-L28-KD	construct-003-fbf3f5c695a3	6.0915149811213505	5.005361067783637	RCSB-5O1I-9GH-KD	0.216731640218514	0.18055555555555555	0.29545454545454547
union_component_leave_one_out	component-01	two_sided_ecfp_pocket_knn_S0	S0	RCSB-5EGU-5NQ-KD	construct-003-fbf3f5c695a3	5.853871964321762	4.753688637644387	RCSB-5O55-9L5-KD	0.23396945182227816	0.18085106382978725	0.29545454545454547
union_component_leave_one_out	component-01	two_sided_ecfp_pocket_knn_S0	S0	RCSB-6TPZ-NV2-KD	construct-003-fbf3f5c695a3	8.301029995663981	5.929741269027074	RCSB-5O4S-9KW-KD	0.2684361533773493	0.24096385542168675	0.29545454545454547
union_component_leave_one_out	component-01	two_sided_ecfp_pocket_knn_S0	S0	RCSB-6FO5-DZH-KD	construct-003-fbf3f5c695a3	6.721246399047171	5.086145935498407	RCSB-5O4S-9KW-KD	0.2749836360485679	0.23655913978494625	0.29545454545454547
union_component_leave_one_out	component-01	two_sided_ecfp_pocket_knn_S0	S0	RCSB-7AXR-S7T-KD	construct-003-fbf3f5c695a3	4.940058111938045	4.326339676616741	RCSB-4UGO-1QF-KD	0.23661319096433636	0.26582278481012656	0.29545454545454547
union_component_leave_one_out	component-01	two_sided_ecfp_pocket_knn_S0	S0	RCSB-6FSY-E5Q-KD	construct-003-fbf3f5c695a3	6.607303046740334	4.32830076659773	RCSB-5EWH-5SG-KD	0.23422215492316042	0.2	0.29545454545454547
union_component_leave_one_out	component-01	two_sided_ecfp_pocket_knn_S0	S0	RCSB-4PS5-2TA-KD	construct-003-fbf3f5c695a3	6.785156151952302	5.995820492963283	RCSB-5MYG-LS8-KD	0.25768459428018087	0.22580645161290322	0.29545454545454547
union_component_leave_one_out	component-01	two_sided_ecfp_pocket_knn_S0	S0	RCSB-7MR9-ZMM-KD	construct-003-fbf3f5c695a3	6.474955192963154	4.944872309377133	RCSB-5EPS-5QX-KD	0.24970728507645437	0.21818181818181817	0.29545454545454547
union_component_leave_one_out	component-01	two_sided_ecfp_pocket_knn_S0	S0	RCSB-5D3L-57F-KD	construct-003-fbf3f5c695a3	6.055517327849831	4.983806120049142	RCSB-5O1I-9GH-KD	0.21238986771485108	0.1686746987951807	0.29545454545454547
union_component_leave_one_out	component-01	two_sided_ecfp_pocket_knn_S0	S0	RCSB-6Q3Z-HG8-KD	construct-003-fbf3f5c695a3	7.356547323513812	5.011540639638209	RCSB-5O55-9L5-KD	0.2160417030477906	0.16666666666666666	0.29545454545454547
union_component_leave_one_out	component-01	two_sided_ecfp_pocket_knn_S0	S0	RCSB-5EIS-5OU-KD	construct-003-fbf3f5c695a3	5.7447274948966935	4.741867233779236	RCSB-5O5A-9LN-KD	0.23664233879707214	0.21518987341772153	0.29545454545454547
union_component_leave_one_out	component-01	two_sided_ecfp_pocket_knn_S0	S0	RCSB-5D3T-56Y-KD	construct-003-fbf3f5c695a3	4.920818753952375	4.650884237123273	RCSB-5O5A-9LN-KD	0.26857935844879816	0.2716049382716049	0.29545454545454547
union_component_leave_one_out	component-01	two_sided_ecfp_pocket_knn_S0	S0	RCSB-6Q3Y-HG5-KD	construct-003-fbf3f5c695a3	7.267606240177031	4.463997228340684	RCSB-5O55-9L5-KD	0.21785235501204972	0.17475728155339806	0.29545454545454547
union_component_leave_one_out	component-01	pocket_structure_knn_S1	S1	RCSB-4O76-1M3-KD	construct-003-fbf3f5c695a3	6.910094888560602	4.792250236534033	RCSB-4AGQ-P96-KD	0.28305281491208734	0.2159090909090909	0.29545454545454547
union_component_leave_one_out	component-01	pocket_structure_knn_S1	S1	RCSB-7MRA-ZMJ-KD	construct-003-fbf3f5c695a3	7.086186147616283	4.792250236534033	RCSB-4AGQ-P96-KD	0.28305281491208734	0.21333333333333335	0.29545454545454547
union_component_leave_one_out	component-01	pocket_structure_knn_S1	S1	RCSB-5D26-L28-KD	construct-003-fbf3f5c695a3	6.0915149811213505	4.792250236534033	RCSB-4AGQ-P96-KD	0.28305281491208734	0.18055555555555555	0.29545454545454547
union_component_leave_one_out	component-01	pocket_structure_knn_S1	S1	RCSB-5EGU-5NQ-KD	construct-003-fbf3f5c695a3	5.853871964321762	4.792250236534033	RCSB-4AGQ-P96-KD	0.28305281491208734	0.18085106382978725	0.29545454545454547
union_component_leave_one_out	component-01	pocket_structure_knn_S1	S1	RCSB-6TPZ-NV2-KD	construct-003-fbf3f5c695a3	8.301029995663981	4.792250236534033	RCSB-4AGQ-P96-KD	0.28305281491208734	0.24096385542168675	0.29545454545454547
union_component_leave_one_out	component-01	pocket_structure_knn_S1	S1	RCSB-6FO5-DZH-KD	construct-003-fbf3f5c695a3	6.721246399047171	4.792250236534033	RCSB-4AGQ-P96-KD	0.28305281491208734	0.23655913978494625	0.29545454545454547
union_component_leave_one_out	component-01	pocket_structure_knn_S1	S1	RCSB-7AXR-S7T-KD	construct-003-fbf3f5c695a3	4.940058111938045	4.792250236534033	RCSB-4AGQ-P96-KD	0.28305281491208734	0.26582278481012656	0.29545454545454547
union_component_leave_one_out	component-01	pocket_structure_knn_S1	S1	RCSB-6FSY-E5Q-KD	construct-003-fbf3f5c695a3	6.607303046740334	4.792250236534033	RCSB-4AGQ-P96-KD	0.28305281491208734	0.2	0.29545454545454547
union_component_leave_one_out	component-01	pocket_structure_knn_S1	S1	RCSB-4PS5-2TA-KD	construct-003-fbf3f5c695a3	6.785156151952302	4.792250236534033	RCSB-4AGQ-P96-KD	0.28305281491208734	0.22580645161290322	0.29545454545454547
union_component_leave_one_out	component-01	pocket_structure_knn_S1	S1	RCSB-7MR9-ZMM-KD	construct-003-fbf3f5c695a3	6.474955192963154	4.792250236534033	RCSB-4AGQ-P96-KD	0.28305281491208734	0.21818181818181817	0.29545454545454547
union_component_leave_one_out	component-01	pocket_structure_knn_S1	S1	RCSB-5D3L-57F-KD	construct-003-fbf3f5c695a3	6.055517327849831	4.792250236534033	RCSB-4AGQ-P96-KD	0.28305281491208734	0.1686746987951807	0.29545454545454547
union_component_leave_one_out	component-01	pocket_structure_knn_S1	S1	RCSB-6Q3Z-HG8-KD	construct-003-fbf3f5c695a3	7.356547323513812	4.792250236534033	RCSB-4AGQ-P96-KD	0.28305281491208734	0.16666666666666666	0.29545454545454547
union_component_leave_one_out	component-01	pocket_structure_knn_S1	S1	RCSB-5EIS-5OU-KD	construct-003-fbf3f5c695a3	5.7447274948966935	4.792250236534033	RCSB-4AGQ-P96-KD	0.28305281491208734	0.21518987341772153	0.29545454545454547
union_component_leave_one_out	component-01	pocket_structure_knn_S1	S1	RCSB-5D3T-56Y-KD	construct-003-fbf3f5c695a3	4.920818753952375	4.792250236534033	RCSB-4AGQ-P96-KD	0.28305281491208734	0.2716049382716049	0.29545454545454547
union_component_leave_one_out	component-01	pocket_structure_knn_S1	S1	RCSB-6Q3Y-HG5-KD	construct-003-fbf3f5c695a3	7.267606240177031	4.792250236534033	RCSB-4AGQ-P96-KD	0.28305281491208734	0.17475728155339806	0.29545454545454547
union_component_leave_one_out	component-01	two_sided_ecfp_pocket_knn_S1	S1	RCSB-4O76-1M3-KD	construct-003-fbf3f5c695a3	6.910094888560602	6.011378588924059	RCSB-5O4S-9KW-KD	0.2447022461902296	0.2159090909090909	0.29545454545454547
union_component_leave_one_out	component-01	two_sided_ecfp_pocket_knn_S1	S1	RCSB-7MRA-ZMJ-KD	construct-003-fbf3f5c695a3	7.086186147616283	5.70962873341748	RCSB-5MYG-LS8-KD	0.24323823931986613	0.21333333333333335	0.29545454545454547
union_component_leave_one_out	component-01	two_sided_ecfp_pocket_knn_S1	S1	RCSB-5D26-L28-KD	construct-003-fbf3f5c695a3	6.0915149811213505	4.985087272793442	RCSB-5O1I-9GH-KD	0.21719914629669831	0.18055555555555555	0.29545454545454547
union_component_leave_one_out	component-01	two_sided_ecfp_pocket_knn_S1	S1	RCSB-5EGU-5NQ-KD	construct-003-fbf3f5c695a3	5.853871964321762	4.89870780645975	RCSB-5O55-9L5-KD	0.22395616669721252	0.18085106382978725	0.29545454545454547
union_component_leave_one_out	component-01	two_sided_ecfp_pocket_knn_S1	S1	RCSB-6TPZ-NV2-KD	construct-003-fbf3f5c695a3	8.301029995663981	5.9358374940504115	RCSB-5O4S-9KW-KD	0.25851065206249463	0.24096385542168675	0.29545454545454547
union_component_leave_one_out	component-01	two_sided_ecfp_pocket_knn_S1	S1	RCSB-6FO5-DZH-KD	construct-003-fbf3f5c695a3	6.721246399047171	5.083267064604318	RCSB-5O4S-9KW-KD	0.25613702303793806	0.23655913978494625	0.29545454545454547
union_component_leave_one_out	component-01	two_sided_ecfp_pocket_knn_S1	S1	RCSB-7AXR-S7T-KD	construct-003-fbf3f5c695a3	4.940058111938045	4.3269410217813045	RCSB-4UGO-1QF-KD	0.2354759898481448	0.26582278481012656	0.29545454545454547
union_component_leave_one_out	component-01	two_sided_ecfp_pocket_knn_S1	S1	RCSB-6FSY-E5Q-KD	construct-003-fbf3f5c695a3	6.607303046740334	4.32816986191596	RCSB-5EWH-5SG-KD	0.2355144125116639	0.2	0.29545454545454547
union_component_leave_one_out	component-01	two_sided_ecfp_pocket_knn_S1	S1	RCSB-4PS5-2TA-KD	construct-003-fbf3f5c695a3	6.785156151952302	6.039728368978681	RCSB-5MYG-LS8-KD	0.2502480284170343	0.22580645161290322	0.29545454545454547
union_component_leave_one_out	component-01	two_sided_ecfp_pocket_knn_S1	S1	RCSB-7MR9-ZMM-KD	construct-003-fbf3f5c695a3	6.474955192963154	4.93263428507927	RCSB-5EPS-5QX-KD	0.24598678124288237	0.21818181818181817	0.29545454545454547
union_component_leave_one_out	component-01	two_sided_ecfp_pocket_knn_S1	S1	RCSB-5D3L-57F-KD	construct-003-fbf3f5c695a3	6.055517327849831	4.984998429940876	RCSB-5O1I-9GH-KD	0.21850365740285532	0.1686746987951807	0.29545454545454547
union_component_leave_one_out	component-01	two_sided_ecfp_pocket_knn_S1	S1	RCSB-6Q3Z-HG8-KD	construct-003-fbf3f5c695a3	7.356547323513812	5.009203289826348	RCSB-5O55-9L5-KD	0.2149942605836921	0.16666666666666666	0.29545454545454547
union_component_leave_one_out	component-01	two_sided_ecfp_pocket_knn_S1	S1	RCSB-5EIS-5OU-KD	construct-003-fbf3f5c695a3	5.7447274948966935	4.652566900407471	RCSB-5O5A-9LN-KD	0.24429434084547041	0.21518987341772153	0.29545454545454547
union_component_leave_one_out	component-01	two_sided_ecfp_pocket_knn_S1	S1	RCSB-5D3T-56Y-KD	construct-003-fbf3f5c695a3	4.920818753952375	4.652758773336908	RCSB-5O5A-9LN-KD	0.2744551107931424	0.2716049382716049	0.29545454545454547
union_component_leave_one_out	component-01	two_sided_ecfp_pocket_knn_S1	S1	RCSB-6Q3Y-HG5-KD	construct-003-fbf3f5c695a3	7.267606240177031	4.812878115719044	RCSB-5O55-9L5-KD	0.22015073091182868	0.17475728155339806	0.29545454545454547
union_component_leave_one_out	component-02	global_train_mean	no_input	RCSB-5O1E-9GT-KD	construct-004-a02c0b37ee39	4.481486060122113	5.341376281604865			0.13846153846153847	0.20855614973262032
union_component_leave_one_out	component-02	global_train_mean	no_input	RCSB-5O1G-9GK-KD	construct-004-a02c0b37ee39	3.935542010773082	5.341376281604865			0.16923076923076924	0.20855614973262032
union_component_leave_one_out	component-02	global_train_mean	no_input	RCSB-4AGQ-P96-KD	construct-004-a02c0b37ee39	5.0	5.341376281604865			0.16853932584269662	0.20855614973262032
union_component_leave_one_out	component-02	global_train_mean	no_input	RCSB-5AOJ-Y0V-KD	construct-004-a02c0b37ee39	4.6777807052660805	5.341376281604865			0.16666666666666666	0.20855614973262032
union_component_leave_one_out	component-02	global_train_mean	no_input	RCSB-5O1D-9GW-KD	construct-004-a02c0b37ee39	4.657577319177793	5.341376281604865			0.1566265060240964	0.20855614973262032
union_component_leave_one_out	component-02	global_train_mean	no_input	RCSB-5O1C-9GZ-KD	construct-004-a02c0b37ee39	3.94692155651658	5.341376281604865			0.14285714285714285	0.20855614973262032
union_component_leave_one_out	component-02	global_train_mean	no_input	RCSB-5O1I-9GH-KD	construct-004-a02c0b37ee39	5.3979400086720375	5.341376281604865			0.1686746987951807	0.20855614973262032
union_component_leave_one_out	component-02	global_train_mean	no_input	RCSB-5O1H-9GN-KD	construct-004-a02c0b37ee39	4.853871964321762	5.341376281604865			0.1566265060240964	0.20855614973262032
union_component_leave_one_out	component-02	global_train_mean	no_input	RCSB-5O1B-9H2-KD	construct-004-a02c0b37ee39	4.698970004336019	5.341376281604865			0.16981132075471697	0.20855614973262032
union_component_leave_one_out	component-02	target_mean_or_global_fallback	target_identity	RCSB-5O1E-9GT-KD	construct-004-a02c0b37ee39	4.481486060122113	5.341376281604865			0.13846153846153847	0.20855614973262032
union_component_leave_one_out	component-02	target_mean_or_global_fallback	target_identity	RCSB-5O1G-9GK-KD	construct-004-a02c0b37ee39	3.935542010773082	5.341376281604865			0.16923076923076924	0.20855614973262032
union_component_leave_one_out	component-02	target_mean_or_global_fallback	target_identity	RCSB-4AGQ-P96-KD	construct-004-a02c0b37ee39	5.0	5.341376281604865			0.16853932584269662	0.20855614973262032
union_component_leave_one_out	component-02	target_mean_or_global_fallback	target_identity	RCSB-5AOJ-Y0V-KD	construct-004-a02c0b37ee39	4.6777807052660805	5.341376281604865			0.16666666666666666	0.20855614973262032
union_component_leave_one_out	component-02	target_mean_or_global_fallback	target_identity	RCSB-5O1D-9GW-KD	construct-004-a02c0b37ee39	4.657577319177793	5.341376281604865			0.1566265060240964	0.20855614973262032
union_component_leave_one_out	component-02	target_mean_or_global_fallback	target_identity	RCSB-5O1C-9GZ-KD	construct-004-a02c0b37ee39	3.94692155651658	5.341376281604865			0.14285714285714285	0.20855614973262032
union_component_leave_one_out	component-02	target_mean_or_global_fallback	target_identity	RCSB-5O1I-9GH-KD	construct-004-a02c0b37ee39	5.3979400086720375	5.341376281604865			0.1686746987951807	0.20855614973262032
union_component_leave_one_out	component-02	target_mean_or_global_fallback	target_identity	RCSB-5O1H-9GN-KD	construct-004-a02c0b37ee39	4.853871964321762	5.341376281604865			0.1566265060240964	0.20855614973262032
union_component_leave_one_out	component-02	target_mean_or_global_fallback	target_identity	RCSB-5O1B-9H2-KD	construct-004-a02c0b37ee39	4.698970004336019	5.341376281604865			0.16981132075471697	0.20855614973262032
union_component_leave_one_out	component-02	nuisance_ridge	metadata_only	RCSB-5O1E-9GT-KD	construct-004-a02c0b37ee39	4.481486060122113	5.526893640096349			0.13846153846153847	0.20855614973262032
union_component_leave_one_out	component-02	nuisance_ridge	metadata_only	RCSB-5O1G-9GK-KD	construct-004-a02c0b37ee39	3.935542010773082	5.511724139803725			0.16923076923076924	0.20855614973262032
union_component_leave_one_out	component-02	nuisance_ridge	metadata_only	RCSB-4AGQ-P96-KD	construct-004-a02c0b37ee39	5.0	5.14388619722109			0.16853932584269662	0.20855614973262032
union_component_leave_one_out	component-02	nuisance_ridge	metadata_only	RCSB-5AOJ-Y0V-KD	construct-004-a02c0b37ee39	4.6777807052660805	5.302017018014949			0.16666666666666666	0.20855614973262032
union_component_leave_one_out	component-02	nuisance_ridge	metadata_only	RCSB-5O1D-9GW-KD	construct-004-a02c0b37ee39	4.657577319177793	5.508690239745201			0.1566265060240964	0.20855614973262032
union_component_leave_one_out	component-02	nuisance_ridge	metadata_only	RCSB-5O1C-9GZ-KD	construct-004-a02c0b37ee39	3.94692155651658	5.520825839979299			0.14285714285714285	0.20855614973262032
union_component_leave_one_out	component-02	nuisance_ridge	metadata_only	RCSB-5O1I-9GH-KD	construct-004-a02c0b37ee39	5.3979400086720375	5.4965546395111025			0.1686746987951807	0.20855614973262032
union_component_leave_one_out	component-02	nuisance_ridge	metadata_only	RCSB-5O1H-9GN-KD	construct-004-a02c0b37ee39	4.853871964321762	5.520825839979299			0.1566265060240964	0.20855614973262032
union_component_leave_one_out	component-02	nuisance_ridge	metadata_only	RCSB-5O1B-9H2-KD	construct-004-a02c0b37ee39	4.698970004336019	5.487452939335529			0.16981132075471697	0.20855614973262032
union_component_leave_one_out	component-02	ligand_ecfp_ridge	ligand_only	RCSB-5O1E-9GT-KD	construct-004-a02c0b37ee39	4.481486060122113	5.8540843294779625			0.13846153846153847	0.20855614973262032
union_component_leave_one_out	component-02	ligand_ecfp_ridge	ligand_only	RCSB-5O1G-9GK-KD	construct-004-a02c0b37ee39	3.935542010773082	5.548978418419137			0.16923076923076924	0.20855614973262032
union_component_leave_one_out	component-02	ligand_ecfp_ridge	ligand_only	RCSB-4AGQ-P96-KD	construct-004-a02c0b37ee39	5.0	5.767619684148824			0.16853932584269662	0.20855614973262032
union_component_leave_one_out	component-02	ligand_ecfp_ridge	ligand_only	RCSB-5AOJ-Y0V-KD	construct-004-a02c0b37ee39	4.6777807052660805	5.621011924332477			0.16666666666666666	0.20855614973262032
union_component_leave_one_out	component-02	ligand_ecfp_ridge	ligand_only	RCSB-5O1D-9GW-KD	construct-004-a02c0b37ee39	4.657577319177793	5.686413143980247			0.1566265060240964	0.20855614973262032
union_component_leave_one_out	component-02	ligand_ecfp_ridge	ligand_only	RCSB-5O1C-9GZ-KD	construct-004-a02c0b37ee39	3.94692155651658	5.169240373727122			0.14285714285714285	0.20855614973262032
union_component_leave_one_out	component-02	ligand_ecfp_ridge	ligand_only	RCSB-5O1I-9GH-KD	construct-004-a02c0b37ee39	5.3979400086720375	5.2704338190716715			0.1686746987951807	0.20855614973262032
union_component_leave_one_out	component-02	ligand_ecfp_ridge	ligand_only	RCSB-5O1H-9GN-KD	construct-004-a02c0b37ee39	4.853871964321762	5.520908278013748			0.1566265060240964	0.20855614973262032
union_component_leave_one_out	component-02	ligand_ecfp_ridge	ligand_only	RCSB-5O1B-9H2-KD	construct-004-a02c0b37ee39	4.698970004336019	5.5638773077579575			0.16981132075471697	0.20855614973262032
union_component_leave_one_out	component-02	ligand_gmolai_ridge	ligand_only	RCSB-5O1E-9GT-KD	construct-004-a02c0b37ee39	4.481486060122113	5.681530513862057			0.13846153846153847	0.20855614973262032
union_component_leave_one_out	component-02	ligand_gmolai_ridge	ligand_only	RCSB-5O1G-9GK-KD	construct-004-a02c0b37ee39	3.935542010773082	5.963994972200961			0.16923076923076924	0.20855614973262032
union_component_leave_one_out	component-02	ligand_gmolai_ridge	ligand_only	RCSB-4AGQ-P96-KD	construct-004-a02c0b37ee39	5.0	6.384258204325137			0.16853932584269662	0.20855614973262032
union_component_leave_one_out	component-02	ligand_gmolai_ridge	ligand_only	RCSB-5AOJ-Y0V-KD	construct-004-a02c0b37ee39	4.6777807052660805	5.827802148144006			0.16666666666666666	0.20855614973262032
union_component_leave_one_out	component-02	ligand_gmolai_ridge	ligand_only	RCSB-5O1D-9GW-KD	construct-004-a02c0b37ee39	4.657577319177793	6.05716958296085			0.1566265060240964	0.20855614973262032
union_component_leave_one_out	component-02	ligand_gmolai_ridge	ligand_only	RCSB-5O1C-9GZ-KD	construct-004-a02c0b37ee39	3.94692155651658	5.970391858564991			0.14285714285714285	0.20855614973262032
union_component_leave_one_out	component-02	ligand_gmolai_ridge	ligand_only	RCSB-5O1I-9GH-KD	construct-004-a02c0b37ee39	5.3979400086720375	6.354185610498144			0.1686746987951807	0.20855614973262032
union_component_leave_one_out	component-02	ligand_gmolai_ridge	ligand_only	RCSB-5O1H-9GN-KD	construct-004-a02c0b37ee39	4.853871964321762	5.716749035950744			0.1566265060240964	0.20855614973262032
union_component_leave_one_out	component-02	ligand_gmolai_ridge	ligand_only	RCSB-5O1B-9H2-KD	construct-004-a02c0b37ee39	4.698970004336019	5.543504755830128			0.16981132075471697	0.20855614973262032
union_component_leave_one_out	component-02	protein_sequence_ridge	sequence_only	RCSB-5O1E-9GT-KD	construct-004-a02c0b37ee39	4.481486060122113	5.388418293001242			0.13846153846153847	0.20855614973262032
union_component_leave_one_out	component-02	protein_sequence_ridge	sequence_only	RCSB-5O1G-9GK-KD	construct-004-a02c0b37ee39	3.935542010773082	5.388418293001242			0.16923076923076924	0.20855614973262032
union_component_leave_one_out	component-02	protein_sequence_ridge	sequence_only	RCSB-4AGQ-P96-KD	construct-004-a02c0b37ee39	5.0	5.388418293001242			0.16853932584269662	0.20855614973262032
union_component_leave_one_out	component-02	protein_sequence_ridge	sequence_only	RCSB-5AOJ-Y0V-KD	construct-004-a02c0b37ee39	4.6777807052660805	5.388418293001242			0.16666666666666666	0.20855614973262032
union_component_leave_one_out	component-02	protein_sequence_ridge	sequence_only	RCSB-5O1D-9GW-KD	construct-004-a02c0b37ee39	4.657577319177793	5.388418293001242			0.1566265060240964	0.20855614973262032
union_component_leave_one_out	component-02	protein_sequence_ridge	sequence_only	RCSB-5O1C-9GZ-KD	construct-004-a02c0b37ee39	3.94692155651658	5.388418293001242			0.14285714285714285	0.20855614973262032
union_component_leave_one_out	component-02	protein_sequence_ridge	sequence_only	RCSB-5O1I-9GH-KD	construct-004-a02c0b37ee39	5.3979400086720375	5.388418293001242			0.1686746987951807	0.20855614973262032
union_component_leave_one_out	component-02	protein_sequence_ridge	sequence_only	RCSB-5O1H-9GN-KD	construct-004-a02c0b37ee39	4.853871964321762	5.388418293001242			0.1566265060240964	0.20855614973262032
union_component_leave_one_out	component-02	protein_sequence_ridge	sequence_only	RCSB-5O1B-9H2-KD	construct-004-a02c0b37ee39	4.698970004336019	5.388418293001242			0.16981132075471697	0.20855614973262032
union_component_leave_one_out	component-02	concat_ecfp_sequence_ridge	sequence_ligand	RCSB-5O1E-9GT-KD	construct-004-a02c0b37ee39	4.481486060122113	5.930188203167205			0.13846153846153847	0.20855614973262032
union_component_leave_one_out	component-02	concat_ecfp_sequence_ridge	sequence_ligand	RCSB-5O1G-9GK-KD	construct-004-a02c0b37ee39	3.935542010773082	5.74779012237323			0.16923076923076924	0.20855614973262032
union_component_leave_one_out	component-02	concat_ecfp_sequence_ridge	sequence_ligand	RCSB-4AGQ-P96-KD	construct-004-a02c0b37ee39	5.0	5.8976285767443			0.16853932584269662	0.20855614973262032
union_component_leave_one_out	component-02	concat_ecfp_sequence_ridge	sequence_ligand	RCSB-5AOJ-Y0V-KD	construct-004-a02c0b37ee39	4.6777807052660805	5.864970606903924			0.16666666666666666	0.20855614973262032
union_component_leave_one_out	component-02	concat_ecfp_sequence_ridge	sequence_ligand	RCSB-5O1D-9GW-KD	construct-004-a02c0b37ee39	4.657577319177793	5.813361424908031			0.1566265060240964	0.20855614973262032
union_component_leave_one_out	component-02	concat_ecfp_sequence_ridge	sequence_ligand	RCSB-5O1C-9GZ-KD	construct-004-a02c0b37ee39	3.94692155651658	5.356592807719123			0.14285714285714285	0.20855614973262032
union_component_leave_one_out	component-02	concat_ecfp_sequence_ridge	sequence_ligand	RCSB-5O1I-9GH-KD	construct-004-a02c0b37ee39	5.3979400086720375	5.270960484027683			0.1686746987951807	0.20855614973262032
union_component_leave_one_out	component-02	concat_ecfp_sequence_ridge	sequence_ligand	RCSB-5O1H-9GN-KD	construct-004-a02c0b37ee39	4.853871964321762	5.540773299644216			0.1566265060240964	0.20855614973262032
union_component_leave_one_out	component-02	concat_ecfp_sequence_ridge	sequence_ligand	RCSB-5O1B-9H2-KD	construct-004-a02c0b37ee39	4.698970004336019	5.730789374588525			0.16981132075471697	0.20855614973262032
union_component_leave_one_out	component-02	pocket_composition_ridge_S0	S0	RCSB-5O1E-9GT-KD	construct-004-a02c0b37ee39	4.481486060122113	6.126640720594312			0.13846153846153847	0.20855614973262032
union_component_leave_one_out	component-02	pocket_composition_ridge_S0	S0	RCSB-5O1G-9GK-KD	construct-004-a02c0b37ee39	3.935542010773082	6.126640720594312			0.16923076923076924	0.20855614973262032
union_component_leave_one_out	component-02	pocket_composition_ridge_S0	S0	RCSB-4AGQ-P96-KD	construct-004-a02c0b37ee39	5.0	6.126640720594312			0.16853932584269662	0.20855614973262032
union_component_leave_one_out	component-02	pocket_composition_ridge_S0	S0	RCSB-5AOJ-Y0V-KD	construct-004-a02c0b37ee39	4.6777807052660805	6.126640720594312			0.16666666666666666	0.20855614973262032
union_component_leave_one_out	component-02	pocket_composition_ridge_S0	S0	RCSB-5O1D-9GW-KD	construct-004-a02c0b37ee39	4.657577319177793	6.126640720594312			0.1566265060240964	0.20855614973262032
union_component_leave_one_out	component-02	pocket_composition_ridge_S0	S0	RCSB-5O1C-9GZ-KD	construct-004-a02c0b37ee39	3.94692155651658	6.126640720594312			0.14285714285714285	0.20855614973262032
union_component_leave_one_out	component-02	pocket_composition_ridge_S0	S0	RCSB-5O1I-9GH-KD	construct-004-a02c0b37ee39	5.3979400086720375	6.126640720594312			0.1686746987951807	0.20855614973262032
union_component_leave_one_out	component-02	pocket_composition_ridge_S0	S0	RCSB-5O1H-9GN-KD	construct-004-a02c0b37ee39	4.853871964321762	6.126640720594312			0.1566265060240964	0.20855614973262032
union_component_leave_one_out	component-02	pocket_composition_ridge_S0	S0	RCSB-5O1B-9H2-KD	construct-004-a02c0b37ee39	4.698970004336019	6.126640720594312			0.16981132075471697	0.20855614973262032
union_component_leave_one_out	component-02	pocket_structure_ridge_S0	S0	RCSB-5O1E-9GT-KD	construct-004-a02c0b37ee39	4.481486060122113	5.328034173493038			0.13846153846153847	0.20855614973262032
union_component_leave_one_out	component-02	pocket_structure_ridge_S0	S0	RCSB-5O1G-9GK-KD	construct-004-a02c0b37ee39	3.935542010773082	5.3894023772154105			0.16923076923076924	0.20855614973262032
union_component_leave_one_out	component-02	pocket_structure_ridge_S0	S0	RCSB-4AGQ-P96-KD	construct-004-a02c0b37ee39	5.0	4.88161293938792			0.16853932584269662	0.20855614973262032
union_component_leave_one_out	component-02	pocket_structure_ridge_S0	S0	RCSB-5AOJ-Y0V-KD	construct-004-a02c0b37ee39	4.6777807052660805	5.326186934541125			0.16666666666666666	0.20855614973262032
union_component_leave_one_out	component-02	pocket_structure_ridge_S0	S0	RCSB-5O1D-9GW-KD	construct-004-a02c0b37ee39	4.657577319177793	5.4336257155454515			0.1566265060240964	0.20855614973262032
union_component_leave_one_out	component-02	pocket_structure_ridge_S0	S0	RCSB-5O1C-9GZ-KD	construct-004-a02c0b37ee39	3.94692155651658	5.411509234479763			0.14285714285714285	0.20855614973262032
union_component_leave_one_out	component-02	pocket_structure_ridge_S0	S0	RCSB-5O1I-9GH-KD	construct-004-a02c0b37ee39	5.3979400086720375	5.062305895283347			0.1686746987951807	0.20855614973262032
union_component_leave_one_out	component-02	pocket_structure_ridge_S0	S0	RCSB-5O1H-9GN-KD	construct-004-a02c0b37ee39	4.853871964321762	5.4544832178570015			0.1566265060240964	0.20855614973262032
union_component_leave_one_out	component-02	pocket_structure_ridge_S0	S0	RCSB-5O1B-9H2-KD	construct-004-a02c0b37ee39	4.698970004336019	5.379712989156971			0.16981132075471697	0.20855614973262032
union_component_leave_one_out	component-02	concat_ecfp_pocket_ridge_S0	S0	RCSB-5O1E-9GT-KD	construct-004-a02c0b37ee39	4.481486060122113	5.954976727776289			0.13846153846153847	0.20855614973262032
union_component_leave_one_out	component-02	concat_ecfp_pocket_ridge_S0	S0	RCSB-5O1G-9GK-KD	construct-004-a02c0b37ee39	3.935542010773082	5.678667923916105			0.16923076923076924	0.20855614973262032
union_component_leave_one_out	component-02	concat_ecfp_pocket_ridge_S0	S0	RCSB-4AGQ-P96-KD	construct-004-a02c0b37ee39	5.0	5.853978368120005			0.16853932584269662	0.20855614973262032
union_component_leave_one_out	component-02	concat_ecfp_pocket_ridge_S0	S0	RCSB-5AOJ-Y0V-KD	construct-004-a02c0b37ee39	4.6777807052660805	5.769873228059703			0.16666666666666666	0.20855614973262032
union_component_leave_one_out	component-02	concat_ecfp_pocket_ridge_S0	S0	RCSB-5O1D-9GW-KD	construct-004-a02c0b37ee39	4.657577319177793	5.800728221049013			0.1566265060240964	0.20855614973262032
union_component_leave_one_out	component-02	concat_ecfp_pocket_ridge_S0	S0	RCSB-5O1C-9GZ-KD	construct-004-a02c0b37ee39	3.94692155651658	5.298790616435128			0.14285714285714285	0.20855614973262032
union_component_leave_one_out	component-02	concat_ecfp_pocket_ridge_S0	S0	RCSB-5O1I-9GH-KD	construct-004-a02c0b37ee39	5.3979400086720375	5.30542236699775			0.1686746987951807	0.20855614973262032
union_component_leave_one_out	component-02	concat_ecfp_pocket_ridge_S0	S0	RCSB-5O1H-9GN-KD	construct-004-a02c0b37ee39	4.853871964321762	5.59284666971231			0.1566265060240964	0.20855614973262032
union_component_leave_one_out	component-02	concat_ecfp_pocket_ridge_S0	S0	RCSB-5O1B-9H2-KD	construct-004-a02c0b37ee39	4.698970004336019	5.670069126416436			0.16981132075471697	0.20855614973262032
union_component_leave_one_out	component-02	concat_gmolai_pocket_ridge_S0	S0	RCSB-5O1E-9GT-KD	construct-004-a02c0b37ee39	4.481486060122113	5.986225418932728			0.13846153846153847	0.20855614973262032
union_component_leave_one_out	component-02	concat_gmolai_pocket_ridge_S0	S0	RCSB-5O1G-9GK-KD	construct-004-a02c0b37ee39	3.935542010773082	6.208040053823168			0.16923076923076924	0.20855614973262032
union_component_leave_one_out	component-02	concat_gmolai_pocket_ridge_S0	S0	RCSB-4AGQ-P96-KD	construct-004-a02c0b37ee39	5.0	6.742713282130915			0.16853932584269662	0.20855614973262032
union_component_leave_one_out	component-02	concat_gmolai_pocket_ridge_S0	S0	RCSB-5AOJ-Y0V-KD	construct-004-a02c0b37ee39	4.6777807052660805	6.21318208788521			0.16666666666666666	0.20855614973262032
union_component_leave_one_out	component-02	concat_gmolai_pocket_ridge_S0	S0	RCSB-5O1D-9GW-KD	construct-004-a02c0b37ee39	4.657577319177793	6.240859729409889			0.1566265060240964	0.20855614973262032
union_component_leave_one_out	component-02	concat_gmolai_pocket_ridge_S0	S0	RCSB-5O1C-9GZ-KD	construct-004-a02c0b37ee39	3.94692155651658	6.1280450877522465			0.14285714285714285	0.20855614973262032
union_component_leave_one_out	component-02	concat_gmolai_pocket_ridge_S0	S0	RCSB-5O1I-9GH-KD	construct-004-a02c0b37ee39	5.3979400086720375	6.587925201457731			0.1686746987951807	0.20855614973262032
union_component_leave_one_out	component-02	concat_gmolai_pocket_ridge_S0	S0	RCSB-5O1H-9GN-KD	construct-004-a02c0b37ee39	4.853871964321762	6.001126073834294			0.1566265060240964	0.20855614973262032
union_component_leave_one_out	component-02	concat_gmolai_pocket_ridge_S0	S0	RCSB-5O1B-9H2-KD	construct-004-a02c0b37ee39	4.698970004336019	6.1786921115902125			0.16981132075471697	0.20855614973262032
union_component_leave_one_out	component-02	pocket_composition_ridge_S1	S1	RCSB-5O1E-9GT-KD	construct-004-a02c0b37ee39	4.481486060122113	6.126640720594312			0.13846153846153847	0.20855614973262032
union_component_leave_one_out	component-02	pocket_composition_ridge_S1	S1	RCSB-5O1G-9GK-KD	construct-004-a02c0b37ee39	3.935542010773082	6.126640720594312			0.16923076923076924	0.20855614973262032
union_component_leave_one_out	component-02	pocket_composition_ridge_S1	S1	RCSB-4AGQ-P96-KD	construct-004-a02c0b37ee39	5.0	6.126640720594312			0.16853932584269662	0.20855614973262032
union_component_leave_one_out	component-02	pocket_composition_ridge_S1	S1	RCSB-5AOJ-Y0V-KD	construct-004-a02c0b37ee39	4.6777807052660805	6.126640720594312			0.16666666666666666	0.20855614973262032
union_component_leave_one_out	component-02	pocket_composition_ridge_S1	S1	RCSB-5O1D-9GW-KD	construct-004-a02c0b37ee39	4.657577319177793	6.126640720594312			0.1566265060240964	0.20855614973262032
union_component_leave_one_out	component-02	pocket_composition_ridge_S1	S1	RCSB-5O1C-9GZ-KD	construct-004-a02c0b37ee39	3.94692155651658	6.126640720594312			0.14285714285714285	0.20855614973262032
union_component_leave_one_out	component-02	pocket_composition_ridge_S1	S1	RCSB-5O1I-9GH-KD	construct-004-a02c0b37ee39	5.3979400086720375	6.126640720594312			0.1686746987951807	0.20855614973262032
union_component_leave_one_out	component-02	pocket_composition_ridge_S1	S1	RCSB-5O1H-9GN-KD	construct-004-a02c0b37ee39	4.853871964321762	6.126640720594312			0.1566265060240964	0.20855614973262032
union_component_leave_one_out	component-02	pocket_composition_ridge_S1	S1	RCSB-5O1B-9H2-KD	construct-004-a02c0b37ee39	4.698970004336019	6.126640720594312			0.16981132075471697	0.20855614973262032
union_component_leave_one_out	component-02	pocket_structure_ridge_S1	S1	RCSB-5O1E-9GT-KD	construct-004-a02c0b37ee39	4.481486060122113	5.877373891545393			0.13846153846153847	0.20855614973262032
union_component_leave_one_out	component-02	pocket_structure_ridge_S1	S1	RCSB-5O1G-9GK-KD	construct-004-a02c0b37ee39	3.935542010773082	5.877373891545393			0.16923076923076924	0.20855614973262032
union_component_leave_one_out	component-02	pocket_structure_ridge_S1	S1	RCSB-4AGQ-P96-KD	construct-004-a02c0b37ee39	5.0	5.877373891545393			0.16853932584269662	0.20855614973262032
union_component_leave_one_out	component-02	pocket_structure_ridge_S1	S1	RCSB-5AOJ-Y0V-KD	construct-004-a02c0b37ee39	4.6777807052660805	5.877373891545393			0.16666666666666666	0.20855614973262032
union_component_leave_one_out	component-02	pocket_structure_ridge_S1	S1	RCSB-5O1D-9GW-KD	construct-004-a02c0b37ee39	4.657577319177793	5.877373891545393			0.1566265060240964	0.20855614973262032
union_component_leave_one_out	component-02	pocket_structure_ridge_S1	S1	RCSB-5O1C-9GZ-KD	construct-004-a02c0b37ee39	3.94692155651658	5.877373891545393			0.14285714285714285	0.20855614973262032
union_component_leave_one_out	component-02	pocket_structure_ridge_S1	S1	RCSB-5O1I-9GH-KD	construct-004-a02c0b37ee39	5.3979400086720375	5.877373891545393			0.1686746987951807	0.20855614973262032
union_component_leave_one_out	component-02	pocket_structure_ridge_S1	S1	RCSB-5O1H-9GN-KD	construct-004-a02c0b37ee39	4.853871964321762	5.877373891545393			0.1566265060240964	0.20855614973262032
union_component_leave_one_out	component-02	pocket_structure_ridge_S1	S1	RCSB-5O1B-9H2-KD	construct-004-a02c0b37ee39	4.698970004336019	5.877373891545393			0.16981132075471697	0.20855614973262032
union_component_leave_one_out	component-02	concat_ecfp_pocket_ridge_S1	S1	RCSB-5O1E-9GT-KD	construct-004-a02c0b37ee39	4.481486060122113	5.959034160652551			0.13846153846153847	0.20855614973262032
union_component_leave_one_out	component-02	concat_ecfp_pocket_ridge_S1	S1	RCSB-5O1G-9GK-KD	construct-004-a02c0b37ee39	3.935542010773082	5.698048304445762			0.16923076923076924	0.20855614973262032
union_component_leave_one_out	component-02	concat_ecfp_pocket_ridge_S1	S1	RCSB-4AGQ-P96-KD	construct-004-a02c0b37ee39	5.0	5.88973816437663			0.16853932584269662	0.20855614973262032
union_component_leave_one_out	component-02	concat_ecfp_pocket_ridge_S1	S1	RCSB-5AOJ-Y0V-KD	construct-004-a02c0b37ee39	4.6777807052660805	5.781896722637061			0.16666666666666666	0.20855614973262032
union_component_leave_one_out	component-02	concat_ecfp_pocket_ridge_S1	S1	RCSB-5O1D-9GW-KD	construct-004-a02c0b37ee39	4.657577319177793	5.811804271263519			0.1566265060240964	0.20855614973262032
union_component_leave_one_out	component-02	concat_ecfp_pocket_ridge_S1	S1	RCSB-5O1C-9GZ-KD	construct-004-a02c0b37ee39	3.94692155651658	5.314867105914802			0.14285714285714285	0.20855614973262032
union_component_leave_one_out	component-02	concat_ecfp_pocket_ridge_S1	S1	RCSB-5O1I-9GH-KD	construct-004-a02c0b37ee39	5.3979400086720375	5.359515685459416			0.1686746987951807	0.20855614973262032
union_component_leave_one_out	component-02	concat_ecfp_pocket_ridge_S1	S1	RCSB-5O1H-9GN-KD	construct-004-a02c0b37ee39	4.853871964321762	5.598073503879543			0.1566265060240964	0.20855614973262032
union_component_leave_one_out	component-02	concat_ecfp_pocket_ridge_S1	S1	RCSB-5O1B-9H2-KD	construct-004-a02c0b37ee39	4.698970004336019	5.693375739830995			0.16981132075471697	0.20855614973262032
union_component_leave_one_out	component-02	concat_gmolai_pocket_ridge_S1	S1	RCSB-5O1E-9GT-KD	construct-004-a02c0b37ee39	4.481486060122113	5.9210278277390245			0.13846153846153847	0.20855614973262032
union_component_leave_one_out	component-02	concat_gmolai_pocket_ridge_S1	S1	RCSB-5O1G-9GK-KD	construct-004-a02c0b37ee39	3.935542010773082	6.14085383219793			0.16923076923076924	0.20855614973262032
union_component_leave_one_out	component-02	concat_gmolai_pocket_ridge_S1	S1	RCSB-4AGQ-P96-KD	construct-004-a02c0b37ee39	5.0	6.662301353772872			0.16853932584269662	0.20855614973262032
union_component_leave_one_out	component-02	concat_gmolai_pocket_ridge_S1	S1	RCSB-5AOJ-Y0V-KD	construct-004-a02c0b37ee39	4.6777807052660805	6.1510214398485985			0.16666666666666666	0.20855614973262032
union_component_leave_one_out	component-02	concat_gmolai_pocket_ridge_S1	S1	RCSB-5O1D-9GW-KD	construct-004-a02c0b37ee39	4.657577319177793	6.183103127255026			0.1566265060240964	0.20855614973262032
union_component_leave_one_out	component-02	concat_gmolai_pocket_ridge_S1	S1	RCSB-5O1C-9GZ-KD	construct-004-a02c0b37ee39	3.94692155651658	6.048795108490477			0.14285714285714285	0.20855614973262032
union_component_leave_one_out	component-02	concat_gmolai_pocket_ridge_S1	S1	RCSB-5O1I-9GH-KD	construct-004-a02c0b37ee39	5.3979400086720375	6.549709594225337			0.1686746987951807	0.20855614973262032
union_component_leave_one_out	component-02	concat_gmolai_pocket_ridge_S1	S1	RCSB-5O1H-9GN-KD	construct-004-a02c0b37ee39	4.853871964321762	5.929817017570013			0.1566265060240964	0.20855614973262032
union_component_leave_one_out	component-02	concat_gmolai_pocket_ridge_S1	S1	RCSB-5O1B-9H2-KD	construct-004-a02c0b37ee39	4.698970004336019	6.122662208403911			0.16981132075471697	0.20855614973262032
union_component_leave_one_out	component-02	negative_pocket_permuted_concat_gmolai_S0	S0_negative_control	RCSB-5O1E-9GT-KD	construct-004-a02c0b37ee39	4.481486060122113	6.036967347799077			0.13846153846153847	0.20855614973262032
union_component_leave_one_out	component-02	negative_pocket_permuted_concat_gmolai_S0	S0_negative_control	RCSB-5O1G-9GK-KD	construct-004-a02c0b37ee39	3.935542010773082	6.26660227290712			0.16923076923076924	0.20855614973262032
union_component_leave_one_out	component-02	negative_pocket_permuted_concat_gmolai_S0	S0_negative_control	RCSB-4AGQ-P96-KD	construct-004-a02c0b37ee39	5.0	6.702081581154924			0.16853932584269662	0.20855614973262032
union_component_leave_one_out	component-02	negative_pocket_permuted_concat_gmolai_S0	S0_negative_control	RCSB-5AOJ-Y0V-KD	construct-004-a02c0b37ee39	4.6777807052660805	6.206038959296006			0.16666666666666666	0.20855614973262032
union_component_leave_one_out	component-02	negative_pocket_permuted_concat_gmolai_S0	S0_negative_control	RCSB-5O1D-9GW-KD	construct-004-a02c0b37ee39	4.657577319177793	6.281269218167894			0.1566265060240964	0.20855614973262032
union_component_leave_one_out	component-02	negative_pocket_permuted_concat_gmolai_S0	S0_negative_control	RCSB-5O1C-9GZ-KD	construct-004-a02c0b37ee39	3.94692155651658	6.179801723642856			0.14285714285714285	0.20855614973262032
union_component_leave_one_out	component-02	negative_pocket_permuted_concat_gmolai_S0	S0_negative_control	RCSB-5O1I-9GH-KD	construct-004-a02c0b37ee39	5.3979400086720375	6.681957615362007			0.1686746987951807	0.20855614973262032
union_component_leave_one_out	component-02	negative_pocket_permuted_concat_gmolai_S0	S0_negative_control	RCSB-5O1H-9GN-KD	construct-004-a02c0b37ee39	4.853871964321762	6.050947294516684			0.1566265060240964	0.20855614973262032
union_component_leave_one_out	component-02	negative_pocket_permuted_concat_gmolai_S0	S0_negative_control	RCSB-5O1B-9H2-KD	construct-004-a02c0b37ee39	4.698970004336019	6.255259249108583			0.16981132075471697	0.20855614973262032
union_component_leave_one_out	component-02	additive_gmolai_pocket_equal_S0	S0	RCSB-5O1E-9GT-KD	construct-004-a02c0b37ee39	4.481486060122113	5.504782343677547			0.13846153846153847	0.20855614973262032
union_component_leave_one_out	component-02	additive_gmolai_pocket_equal_S0	S0	RCSB-5O1G-9GK-KD	construct-004-a02c0b37ee39	3.935542010773082	5.676698674708186			0.16923076923076924	0.20855614973262032
union_component_leave_one_out	component-02	additive_gmolai_pocket_equal_S0	S0	RCSB-4AGQ-P96-KD	construct-004-a02c0b37ee39	5.0	5.632935571856528			0.16853932584269662	0.20855614973262032
union_component_leave_one_out	component-02	additive_gmolai_pocket_equal_S0	S0	RCSB-5AOJ-Y0V-KD	construct-004-a02c0b37ee39	4.6777807052660805	5.5769945413425654			0.16666666666666666	0.20855614973262032
union_component_leave_one_out	component-02	additive_gmolai_pocket_equal_S0	S0	RCSB-5O1D-9GW-KD	construct-004-a02c0b37ee39	4.657577319177793	5.745397649253151			0.1566265060240964	0.20855614973262032
union_component_leave_one_out	component-02	additive_gmolai_pocket_equal_S0	S0	RCSB-5O1C-9GZ-KD	construct-004-a02c0b37ee39	3.94692155651658	5.690950546522377			0.14285714285714285	0.20855614973262032
union_component_leave_one_out	component-02	additive_gmolai_pocket_equal_S0	S0	RCSB-5O1I-9GH-KD	construct-004-a02c0b37ee39	5.3979400086720375	5.708245752890745			0.1686746987951807	0.20855614973262032
union_component_leave_one_out	component-02	additive_gmolai_pocket_equal_S0	S0	RCSB-5O1H-9GN-KD	construct-004-a02c0b37ee39	4.853871964321762	5.585616126903872			0.1566265060240964	0.20855614973262032
union_component_leave_one_out	component-02	additive_gmolai_pocket_equal_S0	S0	RCSB-5O1B-9H2-KD	construct-004-a02c0b37ee39	4.698970004336019	5.461608872493549			0.16981132075471697	0.20855614973262032
union_component_leave_one_out	component-02	additive_gmolai_pocket_equal_S1	S1	RCSB-5O1E-9GT-KD	construct-004-a02c0b37ee39	4.481486060122113	5.779452202703725			0.13846153846153847	0.20855614973262032
union_component_leave_one_out	component-02	additive_gmolai_pocket_equal_S1	S1	RCSB-5O1G-9GK-KD	construct-004-a02c0b37ee39	3.935542010773082	5.920684431873177			0.16923076923076924	0.20855614973262032
union_component_leave_one_out	component-02	additive_gmolai_pocket_equal_S1	S1	RCSB-4AGQ-P96-KD	construct-004-a02c0b37ee39	5.0	6.130816047935265			0.16853932584269662	0.20855614973262032
union_component_leave_one_out	component-02	additive_gmolai_pocket_equal_S1	S1	RCSB-5AOJ-Y0V-KD	construct-004-a02c0b37ee39	4.6777807052660805	5.852588019844699			0.16666666666666666	0.20855614973262032
union_component_leave_one_out	component-02	additive_gmolai_pocket_equal_S1	S1	RCSB-5O1D-9GW-KD	construct-004-a02c0b37ee39	4.657577319177793	5.967271737253121			0.1566265060240964	0.20855614973262032
union_component_leave_one_out	component-02	additive_gmolai_pocket_equal_S1	S1	RCSB-5O1C-9GZ-KD	construct-004-a02c0b37ee39	3.94692155651658	5.923882875055192			0.14285714285714285	0.20855614973262032
union_component_leave_one_out	component-02	additive_gmolai_pocket_equal_S1	S1	RCSB-5O1I-9GH-KD	construct-004-a02c0b37ee39	5.3979400086720375	6.115779751021768			0.1686746987951807	0.20855614973262032
union_component_leave_one_out	component-02	additive_gmolai_pocket_equal_S1	S1	RCSB-5O1H-9GN-KD	construct-004-a02c0b37ee39	4.853871964321762	5.797061463748069			0.1566265060240964	0.20855614973262032
union_component_leave_one_out	component-02	additive_gmolai_pocket_equal_S1	S1	RCSB-5O1B-9H2-KD	construct-004-a02c0b37ee39	4.698970004336019	5.71043932368776			0.16981132075471697	0.20855614973262032
union_component_leave_one_out	component-02	ligand_ecfp_knn	ligand_only	RCSB-5O1E-9GT-KD	construct-004-a02c0b37ee39	4.481486060122113	5.459535717439503	RCSB-6RQ8-KEH-KD	0.13846153846153847	0.13846153846153847	0.20855614973262032
union_component_leave_one_out	component-02	ligand_ecfp_knn	ligand_only	RCSB-5O1G-9GK-KD	construct-004-a02c0b37ee39	3.935542010773082	6.1671295217361255	RCSB-6RQ8-KEH-KD	0.16923076923076924	0.16923076923076924	0.20855614973262032
union_component_leave_one_out	component-02	ligand_ecfp_knn	ligand_only	RCSB-4AGQ-P96-KD	construct-004-a02c0b37ee39	5.0	6.127311307889018	RCSB-4UGO-1QF-KD	0.16853932584269662	0.16853932584269662	0.20855614973262032
union_component_leave_one_out	component-02	ligand_ecfp_knn	ligand_only	RCSB-5AOJ-Y0V-KD	construct-004-a02c0b37ee39	4.6777807052660805	5.5913869772016165	RCSB-6RQ8-KEH-KD	0.16666666666666666	0.16666666666666666	0.20855614973262032
union_component_leave_one_out	component-02	ligand_ecfp_knn	ligand_only	RCSB-5O1D-9GW-KD	construct-004-a02c0b37ee39	4.657577319177793	5.617072689743668	RCSB-5O5A-9LN-KD	0.1566265060240964	0.1566265060240964	0.20855614973262032
union_component_leave_one_out	component-02	ligand_ecfp_knn	ligand_only	RCSB-5O1C-9GZ-KD	construct-004-a02c0b37ee39	3.94692155651658	5.4414688731563094	RCSB-6RQ6-R2H-KD	0.14285714285714285	0.14285714285714285	0.20855614973262032
union_component_leave_one_out	component-02	ligand_ecfp_knn	ligand_only	RCSB-5O1I-9GH-KD	construct-004-a02c0b37ee39	5.3979400086720375	5.668612619152414	RCSB-5D3L-57F-KD	0.1686746987951807	0.1686746987951807	0.20855614973262032
union_component_leave_one_out	component-02	ligand_ecfp_knn	ligand_only	RCSB-5O1H-9GN-KD	construct-004-a02c0b37ee39	4.853871964321762	5.617072689743668	RCSB-5O5A-9LN-KD	0.1566265060240964	0.1566265060240964	0.20855614973262032
union_component_leave_one_out	component-02	ligand_ecfp_knn	ligand_only	RCSB-5O1B-9H2-KD	construct-004-a02c0b37ee39	4.698970004336019	5.95174710491136	RCSB-6RQ8-KEH-KD	0.16981132075471697	0.16981132075471697	0.20855614973262032
union_component_leave_one_out	component-02	ligand_gmolai_knn	ligand_only	RCSB-5O1E-9GT-KD	construct-004-a02c0b37ee39	4.481486060122113	6.156862599163172	RCSB-5D7X-XZ8-KD	0.4368457475605262	0.13846153846153847	0.20855614973262032
union_component_leave_one_out	component-02	ligand_gmolai_knn	ligand_only	RCSB-5O1G-9GK-KD	construct-004-a02c0b37ee39	3.935542010773082	4.883489044308522	RCSB-6FSY-E5Q-KD	0.5654968087623983	0.16923076923076924	0.20855614973262032
union_component_leave_one_out	component-02	ligand_gmolai_knn	ligand_only	RCSB-4AGQ-P96-KD	construct-004-a02c0b37ee39	5.0	4.6286640253605285	RCSB-4UGO-1QF-KD	0.5748092605199262	0.16853932584269662	0.20855614973262032
union_component_leave_one_out	component-02	ligand_gmolai_knn	ligand_only	RCSB-5AOJ-Y0V-KD	construct-004-a02c0b37ee39	4.6777807052660805	6.180255719111919	RCSB-5D7X-XZ8-KD	0.5102432337869504	0.16666666666666666	0.20855614973262032
union_component_leave_one_out	component-02	ligand_gmolai_knn	ligand_only	RCSB-5O1D-9GW-KD	construct-004-a02c0b37ee39	4.657577319177793	6.243021737029381	RCSB-5D7X-XZ8-KD	0.4651324824713042	0.1566265060240964	0.20855614973262032
union_component_leave_one_out	component-02	ligand_gmolai_knn	ligand_only	RCSB-5O1C-9GZ-KD	construct-004-a02c0b37ee39	3.94692155651658	5.246621590811136	RCSB-7MRA-ZMJ-KD	0.5563089515436788	0.14285714285714285	0.20855614973262032
union_component_leave_one_out	component-02	ligand_gmolai_knn	ligand_only	RCSB-5O1I-9GH-KD	construct-004-a02c0b37ee39	5.3979400086720375	6.008174312010757	RCSB-6TPZ-NV2-KD	0.591086209325935	0.1686746987951807	0.20855614973262032
union_component_leave_one_out	component-02	ligand_gmolai_knn	ligand_only	RCSB-5O1H-9GN-KD	construct-004-a02c0b37ee39	4.853871964321762	6.367009217013725	RCSB-5D7X-XZ8-KD	0.47005651285225936	0.1566265060240964	0.20855614973262032
union_component_leave_one_out	component-02	ligand_gmolai_knn	ligand_only	RCSB-5O1B-9H2-KD	construct-004-a02c0b37ee39	4.698970004336019	5.483021081907969	RCSB-6FSY-E5Q-KD	0.5967291121890793	0.16981132075471697	0.20855614973262032
union_component_leave_one_out	component-02	protein_sequence_identity_knn	sequence_only	RCSB-5O1E-9GT-KD	construct-004-a02c0b37ee39	4.481486060122113	5.406663232594449	RCSB-4UG5-XFK-KD	0.20855614973262032	0.13846153846153847	0.20855614973262032
union_component_leave_one_out	component-02	protein_sequence_identity_knn	sequence_only	RCSB-5O1G-9GK-KD	construct-004-a02c0b37ee39	3.935542010773082	5.406663232594449	RCSB-4UG5-XFK-KD	0.20855614973262032	0.16923076923076924	0.20855614973262032
union_component_leave_one_out	component-02	protein_sequence_identity_knn	sequence_only	RCSB-4AGQ-P96-KD	construct-004-a02c0b37ee39	5.0	5.406663232594449	RCSB-4UG5-XFK-KD	0.20855614973262032	0.16853932584269662	0.20855614973262032
union_component_leave_one_out	component-02	protein_sequence_identity_knn	sequence_only	RCSB-5AOJ-Y0V-KD	construct-004-a02c0b37ee39	4.6777807052660805	5.406663232594449	RCSB-4UG5-XFK-KD	0.20855614973262032	0.16666666666666666	0.20855614973262032
union_component_leave_one_out	component-02	protein_sequence_identity_knn	sequence_only	RCSB-5O1D-9GW-KD	construct-004-a02c0b37ee39	4.657577319177793	5.406663232594449	RCSB-4UG5-XFK-KD	0.20855614973262032	0.1566265060240964	0.20855614973262032
union_component_leave_one_out	component-02	protein_sequence_identity_knn	sequence_only	RCSB-5O1C-9GZ-KD	construct-004-a02c0b37ee39	3.94692155651658	5.406663232594449	RCSB-4UG5-XFK-KD	0.20855614973262032	0.14285714285714285	0.20855614973262032
union_component_leave_one_out	component-02	protein_sequence_identity_knn	sequence_only	RCSB-5O1I-9GH-KD	construct-004-a02c0b37ee39	5.3979400086720375	5.406663232594449	RCSB-4UG5-XFK-KD	0.20855614973262032	0.1686746987951807	0.20855614973262032
union_component_leave_one_out	component-02	protein_sequence_identity_knn	sequence_only	RCSB-5O1H-9GN-KD	construct-004-a02c0b37ee39	4.853871964321762	5.406663232594449	RCSB-4UG5-XFK-KD	0.20855614973262032	0.1566265060240964	0.20855614973262032
union_component_leave_one_out	component-02	protein_sequence_identity_knn	sequence_only	RCSB-5O1B-9H2-KD	construct-004-a02c0b37ee39	4.698970004336019	5.406663232594449	RCSB-4UG5-XFK-KD	0.20855614973262032	0.16981132075471697	0.20855614973262032
union_component_leave_one_out	component-02	pocket_structure_knn_S0	S0	RCSB-5O1E-9GT-KD	construct-004-a02c0b37ee39	4.481486060122113	6.446525396866285	RCSB-5EGU-5NQ-KD	0.14507690783903718	0.13846153846153847	0.20855614973262032
union_component_leave_one_out	component-02	pocket_structure_knn_S0	S0	RCSB-5O1G-9GK-KD	construct-004-a02c0b37ee39	3.935542010773082	6.446221029331682	RCSB-5EGU-5NQ-KD	0.1444317978230934	0.16923076923076924	0.20855614973262032
union_component_leave_one_out	component-02	pocket_structure_knn_S0	S0	RCSB-4AGQ-P96-KD	construct-004-a02c0b37ee39	5.0	6.446016100188056	RCSB-5EGU-5NQ-KD	0.1395173980427977	0.16853932584269662	0.20855614973262032
union_component_leave_one_out	component-02	pocket_structure_knn_S0	S0	RCSB-5AOJ-Y0V-KD	construct-004-a02c0b37ee39	4.6777807052660805	6.446626770413634	RCSB-5EGU-5NQ-KD	0.145016548007475	0.16666666666666666	0.20855614973262032
union_component_leave_one_out	component-02	pocket_structure_knn_S0	S0	RCSB-5O1D-9GW-KD	construct-004-a02c0b37ee39	4.657577319177793	6.633253622373429	RCSB-5EGU-5NQ-KD	0.1440374752813887	0.1566265060240964	0.20855614973262032
union_component_leave_one_out	component-02	pocket_structure_knn_S0	S0	RCSB-5O1C-9GZ-KD	construct-004-a02c0b37ee39	3.94692155651658	6.446168479964939	RCSB-5EGU-5NQ-KD	0.14432881146885598	0.14285714285714285	0.20855614973262032
union_component_leave_one_out	component-02	pocket_structure_knn_S0	S0	RCSB-5O1I-9GH-KD	construct-004-a02c0b37ee39	5.3979400086720375	6.446406333909462	RCSB-5EGU-5NQ-KD	0.1414027091695105	0.1686746987951807	0.20855614973262032
union_component_leave_one_out	component-02	pocket_structure_knn_S0	S0	RCSB-5O1H-9GN-KD	construct-004-a02c0b37ee39	4.853871964321762	6.4877749391727795	RCSB-5EGU-5NQ-KD	0.14485887462305286	0.1566265060240964	0.20855614973262032
union_component_leave_one_out	component-02	pocket_structure_knn_S0	S0	RCSB-5O1B-9H2-KD	construct-004-a02c0b37ee39	4.698970004336019	6.446151890275422	RCSB-5EGU-5NQ-KD	0.14458485782035865	0.16981132075471697	0.20855614973262032
union_component_leave_one_out	component-02	two_sided_ecfp_pocket_knn_S0	S0	RCSB-5O1E-9GT-KD	construct-004-a02c0b37ee39	4.481486060122113	6.234353280321998	RCSB-6RQ8-KEH-KD	0.12938438018773182	0.13846153846153847	0.20855614973262032
union_component_leave_one_out	component-02	two_sided_ecfp_pocket_knn_S0	S0	RCSB-5O1G-9GK-KD	construct-004-a02c0b37ee39	3.935542010773082	6.275931291695237	RCSB-6Q3Y-HG5-KD	0.14787379221994756	0.16923076923076924	0.20855614973262032
union_component_leave_one_out	component-02	two_sided_ecfp_pocket_knn_S0	S0	RCSB-4AGQ-P96-KD	construct-004-a02c0b37ee39	5.0	7.053043905321024	RCSB-6Q3Y-HG5-KD	0.14725921821443136	0.16853932584269662	0.20855614973262032
union_component_leave_one_out	component-02	two_sided_ecfp_pocket_knn_S0	S0	RCSB-5AOJ-Y0V-KD	construct-004-a02c0b37ee39	4.6777807052660805	6.252168535866939	RCSB-6RQ8-KEH-KD	0.1420382188872824	0.16666666666666666	0.20855614973262032
union_component_leave_one_out	component-02	two_sided_ecfp_pocket_knn_S0	S0	RCSB-5O1D-9GW-KD	construct-004-a02c0b37ee39	4.657577319177793	6.455033698963799	RCSB-5D26-L28-KD	0.14307682578354472	0.1566265060240964	0.20855614973262032
union_component_leave_one_out	component-02	two_sided_ecfp_pocket_knn_S0	S0	RCSB-5O1C-9GZ-KD	construct-004-a02c0b37ee39	3.94692155651658	6.708273341100594	RCSB-7MRA-ZMJ-KD	0.1331433906845079	0.14285714285714285	0.20855614973262032
union_component_leave_one_out	component-02	two_sided_ecfp_pocket_knn_S0	S0	RCSB-5O1I-9GH-KD	construct-004-a02c0b37ee39	5.3979400086720375	5.730591455273834	RCSB-5D26-L28-KD	0.14872532172158723	0.1686746987951807	0.20855614973262032
union_component_leave_one_out	component-02	two_sided_ecfp_pocket_knn_S0	S0	RCSB-5O1H-9GN-KD	construct-004-a02c0b37ee39	4.853871964321762	5.672398384555062	RCSB-5D3L-57F-KD	0.1437117487870784	0.1566265060240964	0.20855614973262032
union_component_leave_one_out	component-02	two_sided_ecfp_pocket_knn_S0	S0	RCSB-5O1B-9H2-KD	construct-004-a02c0b37ee39	4.698970004336019	5.8803601450925225	RCSB-6RQ8-KEH-KD	0.1424970819888758	0.16981132075471697	0.20855614973262032
union_component_leave_one_out	component-02	pocket_structure_knn_S1	S1	RCSB-5O1E-9GT-KD	construct-004-a02c0b37ee39	4.481486060122113	6.595588673878085	RCSB-4O76-1M3-KD	0.1332432055899755	0.13846153846153847	0.20855614973262032
union_component_leave_one_out	component-02	pocket_structure_knn_S1	S1	RCSB-5O1G-9GK-KD	construct-004-a02c0b37ee39	3.935542010773082	6.595588673878085	RCSB-4O76-1M3-KD	0.1332432055899755	0.16923076923076924	0.20855614973262032
union_component_leave_one_out	component-02	pocket_structure_knn_S1	S1	RCSB-4AGQ-P96-KD	construct-004-a02c0b37ee39	5.0	6.595588673878085	RCSB-4O76-1M3-KD	0.1332432055899755	0.16853932584269662	0.20855614973262032
union_component_leave_one_out	component-02	pocket_structure_knn_S1	S1	RCSB-5AOJ-Y0V-KD	construct-004-a02c0b37ee39	4.6777807052660805	6.595588673878085	RCSB-4O76-1M3-KD	0.1332432055899755	0.16666666666666666	0.20855614973262032
union_component_leave_one_out	component-02	pocket_structure_knn_S1	S1	RCSB-5O1D-9GW-KD	construct-004-a02c0b37ee39	4.657577319177793	6.595588673878085	RCSB-4O76-1M3-KD	0.1332432055899755	0.1566265060240964	0.20855614973262032
union_component_leave_one_out	component-02	pocket_structure_knn_S1	S1	RCSB-5O1C-9GZ-KD	construct-004-a02c0b37ee39	3.94692155651658	6.595588673878085	RCSB-4O76-1M3-KD	0.1332432055899755	0.14285714285714285	0.20855614973262032
union_component_leave_one_out	component-02	pocket_structure_knn_S1	S1	RCSB-5O1I-9GH-KD	construct-004-a02c0b37ee39	5.3979400086720375	6.595588673878085	RCSB-4O76-1M3-KD	0.1332432055899755	0.1686746987951807	0.20855614973262032
union_component_leave_one_out	component-02	pocket_structure_knn_S1	S1	RCSB-5O1H-9GN-KD	construct-004-a02c0b37ee39	4.853871964321762	6.595588673878085	RCSB-4O76-1M3-KD	0.1332432055899755	0.1566265060240964	0.20855614973262032
union_component_leave_one_out	component-02	pocket_structure_knn_S1	S1	RCSB-5O1B-9H2-KD	construct-004-a02c0b37ee39	4.698970004336019	6.595588673878085	RCSB-4O76-1M3-KD	0.1332432055899755	0.16981132075471697	0.20855614973262032
union_component_leave_one_out	component-02	two_sided_ecfp_pocket_knn_S1	S1	RCSB-5O1E-9GT-KD	construct-004-a02c0b37ee39	4.481486060122113	6.232329975817749	RCSB-5D3L-57F-KD	0.12747223781440273	0.13846153846153847	0.20855614973262032
union_component_leave_one_out	component-02	two_sided_ecfp_pocket_knn_S1	S1	RCSB-5O1G-9GK-KD	construct-004-a02c0b37ee39	3.935542010773082	6.270892983896352	RCSB-6Q3Y-HG5-KD	0.14428877597870762	0.16923076923076924	0.20855614973262032
union_component_leave_one_out	component-02	two_sided_ecfp_pocket_knn_S1	S1	RCSB-4AGQ-P96-KD	construct-004-a02c0b37ee39	5.0	7.054455175393927	RCSB-6Q3Y-HG5-KD	0.14687651097596313	0.16853932584269662	0.20855614973262032
union_component_leave_one_out	component-02	two_sided_ecfp_pocket_knn_S1	S1	RCSB-5AOJ-Y0V-KD	construct-004-a02c0b37ee39	4.6777807052660805	6.249924078843232	RCSB-6RQ8-KEH-KD	0.13885113682930614	0.16666666666666666	0.20855614973262032
union_component_leave_one_out	component-02	two_sided_ecfp_pocket_knn_S1	S1	RCSB-5O1D-9GW-KD	construct-004-a02c0b37ee39	4.657577319177793	5.665509165348844	RCSB-5D3L-57F-KD	0.14226550624389497	0.1566265060240964	0.20855614973262032
union_component_leave_one_out	component-02	two_sided_ecfp_pocket_knn_S1	S1	RCSB-5O1C-9GZ-KD	construct-004-a02c0b37ee39	3.94692155651658	6.164850478999369	RCSB-7MRA-ZMJ-KD	0.1308864748174528	0.14285714285714285	0.20855614973262032
union_component_leave_one_out	component-02	two_sided_ecfp_pocket_knn_S1	S1	RCSB-5O1I-9GH-KD	construct-004-a02c0b37ee39	5.3979400086720375	5.734831033324745	RCSB-5D3L-57F-KD	0.14991583495212724	0.1686746987951807	0.20855614973262032
union_component_leave_one_out	component-02	two_sided_ecfp_pocket_knn_S1	S1	RCSB-5O1H-9GN-KD	construct-004-a02c0b37ee39	4.853871964321762	5.665509165348844	RCSB-5D3L-57F-KD	0.14226550624389497	0.1566265060240964	0.20855614973262032
union_component_leave_one_out	component-02	two_sided_ecfp_pocket_knn_S1	S1	RCSB-5O1B-9H2-KD	construct-004-a02c0b37ee39	4.698970004336019	6.545544232139887	RCSB-6RQ8-KEH-KD	0.14015493197621853	0.16981132075471697	0.20855614973262032
union_component_leave_one_out	component-03	global_train_mean	no_input	RCSB-6RQB-Q47-KD	construct-005-6f4aa0a92e90	6.337242168318426	5.200606781286597			0.19148936170212766	0.23755656108597284
union_component_leave_one_out	component-03	global_train_mean	no_input	RCSB-6RQ6-R2H-KD	construct-005-6f4aa0a92e90	4.892790030352131	5.200606781286597			0.19148936170212766	0.23755656108597284
union_component_leave_one_out	component-03	global_train_mean	no_input	RCSB-6RQ0-KE2-KD	construct-005-6f4aa0a92e90	5.958607314841775	5.200606781286597			0.21739130434782608	0.23755656108597284
union_component_leave_one_out	component-03	global_train_mean	no_input	RCSB-6RQ9-KEQ-KD	construct-005-6f4aa0a92e90	4.982966660701219	5.200606781286597			0.22727272727272727	0.23755656108597284
union_component_leave_one_out	component-03	global_train_mean	no_input	RCSB-6RQD-KEW-KD	construct-005-6f4aa0a92e90	5.823908740944319	5.200606781286597			0.19148936170212766	0.23755656108597284
union_component_leave_one_out	component-03	global_train_mean	no_input	RCSB-6RQ1-KE5-KD	construct-005-6f4aa0a92e90	4.400116927926312	5.200606781286597			0.2127659574468085	0.23755656108597284
union_component_leave_one_out	component-03	global_train_mean	no_input	RCSB-6RQ8-KEH-KD	construct-005-6f4aa0a92e90	6.552841968657781	5.200606781286597			0.19148936170212766	0.23755656108597284
union_component_leave_one_out	component-03	global_train_mean	no_input	RCSB-6RQ5-KEB-KD	construct-005-6f4aa0a92e90	4.82102305270683	5.200606781286597			0.2222222222222222	0.23755656108597284
union_component_leave_one_out	component-03	target_mean_or_global_fallback	target_identity	RCSB-6RQB-Q47-KD	construct-005-6f4aa0a92e90	6.337242168318426	5.200606781286597			0.19148936170212766	0.23755656108597284
union_component_leave_one_out	component-03	target_mean_or_global_fallback	target_identity	RCSB-6RQ6-R2H-KD	construct-005-6f4aa0a92e90	4.892790030352131	5.200606781286597			0.19148936170212766	0.23755656108597284
union_component_leave_one_out	component-03	target_mean_or_global_fallback	target_identity	RCSB-6RQ0-KE2-KD	construct-005-6f4aa0a92e90	5.958607314841775	5.200606781286597			0.21739130434782608	0.23755656108597284
union_component_leave_one_out	component-03	target_mean_or_global_fallback	target_identity	RCSB-6RQ9-KEQ-KD	construct-005-6f4aa0a92e90	4.982966660701219	5.200606781286597			0.22727272727272727	0.23755656108597284
union_component_leave_one_out	component-03	target_mean_or_global_fallback	target_identity	RCSB-6RQD-KEW-KD	construct-005-6f4aa0a92e90	5.823908740944319	5.200606781286597			0.19148936170212766	0.23755656108597284
union_component_leave_one_out	component-03	target_mean_or_global_fallback	target_identity	RCSB-6RQ1-KE5-KD	construct-005-6f4aa0a92e90	4.400116927926312	5.200606781286597			0.2127659574468085	0.23755656108597284
union_component_leave_one_out	component-03	target_mean_or_global_fallback	target_identity	RCSB-6RQ8-KEH-KD	construct-005-6f4aa0a92e90	6.552841968657781	5.200606781286597			0.19148936170212766	0.23755656108597284
union_component_leave_one_out	component-03	target_mean_or_global_fallback	target_identity	RCSB-6RQ5-KEB-KD	construct-005-6f4aa0a92e90	4.82102305270683	5.200606781286597			0.2222222222222222	0.23755656108597284
union_component_leave_one_out	component-03	nuisance_ridge	metadata_only	RCSB-6RQB-Q47-KD	construct-005-6f4aa0a92e90	6.337242168318426	5.2173737344348465			0.19148936170212766	0.23755656108597284
union_component_leave_one_out	component-03	nuisance_ridge	metadata_only	RCSB-6RQ6-R2H-KD	construct-005-6f4aa0a92e90	4.892790030352131	5.222466369103892			0.19148936170212766	0.23755656108597284
union_component_leave_one_out	component-03	nuisance_ridge	metadata_only	RCSB-6RQ0-KE2-KD	construct-005-6f4aa0a92e90	5.958607314841775	5.198961901400606			0.21739130434782608	0.23755656108597284
union_component_leave_one_out	component-03	nuisance_ridge	metadata_only	RCSB-6RQ9-KEQ-KD	construct-005-6f4aa0a92e90	4.982966660701219	5.225077976626479			0.22727272727272727	0.23755656108597284
union_component_leave_one_out	component-03	nuisance_ridge	metadata_only	RCSB-6RQD-KEW-KD	construct-005-6f4aa0a92e90	5.823908740944319	5.212150519389672			0.19148936170212766	0.23755656108597284
union_component_leave_one_out	component-03	nuisance_ridge	metadata_only	RCSB-6RQ1-KE5-KD	construct-005-6f4aa0a92e90	4.400116927926312	5.2133257427748365			0.2127659574468085	0.23755656108597284
union_component_leave_one_out	component-03	nuisance_ridge	metadata_only	RCSB-6RQ8-KEH-KD	construct-005-6f4aa0a92e90	6.552841968657781	5.223772172865186			0.19148936170212766	0.23755656108597284
union_component_leave_one_out	component-03	nuisance_ridge	metadata_only	RCSB-6RQ5-KEB-KD	construct-005-6f4aa0a92e90	4.82102305270683	5.205490920207074			0.2222222222222222	0.23755656108597284
union_component_leave_one_out	component-03	ligand_ecfp_ridge	ligand_only	RCSB-6RQB-Q47-KD	construct-005-6f4aa0a92e90	6.337242168318426	4.752542012510797			0.19148936170212766	0.23755656108597284
union_component_leave_one_out	component-03	ligand_ecfp_ridge	ligand_only	RCSB-6RQ6-R2H-KD	construct-005-6f4aa0a92e90	4.892790030352131	4.73276827566019			0.19148936170212766	0.23755656108597284
union_component_leave_one_out	component-03	ligand_ecfp_ridge	ligand_only	RCSB-6RQ0-KE2-KD	construct-005-6f4aa0a92e90	5.958607314841775	5.063764062268565			0.21739130434782608	0.23755656108597284
union_component_leave_one_out	component-03	ligand_ecfp_ridge	ligand_only	RCSB-6RQ9-KEQ-KD	construct-005-6f4aa0a92e90	4.982966660701219	5.0025909767356245			0.22727272727272727	0.23755656108597284
union_component_leave_one_out	component-03	ligand_ecfp_ridge	ligand_only	RCSB-6RQD-KEW-KD	construct-005-6f4aa0a92e90	5.823908740944319	4.917349160211432			0.19148936170212766	0.23755656108597284
union_component_leave_one_out	component-03	ligand_ecfp_ridge	ligand_only	RCSB-6RQ1-KE5-KD	construct-005-6f4aa0a92e90	4.400116927926312	4.995883662310096			0.2127659574468085	0.23755656108597284
union_component_leave_one_out	component-03	ligand_ecfp_ridge	ligand_only	RCSB-6RQ8-KEH-KD	construct-005-6f4aa0a92e90	6.552841968657781	4.906375571252752			0.19148936170212766	0.23755656108597284
union_component_leave_one_out	component-03	ligand_ecfp_ridge	ligand_only	RCSB-6RQ5-KEB-KD	construct-005-6f4aa0a92e90	4.82102305270683	4.988205946923768			0.2222222222222222	0.23755656108597284
union_component_leave_one_out	component-03	ligand_gmolai_ridge	ligand_only	RCSB-6RQB-Q47-KD	construct-005-6f4aa0a92e90	6.337242168318426	4.963230183794557			0.19148936170212766	0.23755656108597284
union_component_leave_one_out	component-03	ligand_gmolai_ridge	ligand_only	RCSB-6RQ6-R2H-KD	construct-005-6f4aa0a92e90	4.892790030352131	4.452486221649494			0.19148936170212766	0.23755656108597284
union_component_leave_one_out	component-03	ligand_gmolai_ridge	ligand_only	RCSB-6RQ0-KE2-KD	construct-005-6f4aa0a92e90	5.958607314841775	5.099930248410141			0.21739130434782608	0.23755656108597284
union_component_leave_one_out	component-03	ligand_gmolai_ridge	ligand_only	RCSB-6RQ9-KEQ-KD	construct-005-6f4aa0a92e90	4.982966660701219	5.075749818068646			0.22727272727272727	0.23755656108597284
union_component_leave_one_out	component-03	ligand_gmolai_ridge	ligand_only	RCSB-6RQD-KEW-KD	construct-005-6f4aa0a92e90	5.823908740944319	4.977306326145162			0.19148936170212766	0.23755656108597284
union_component_leave_one_out	component-03	ligand_gmolai_ridge	ligand_only	RCSB-6RQ1-KE5-KD	construct-005-6f4aa0a92e90	4.400116927926312	5.10814059085058			0.2127659574468085	0.23755656108597284
union_component_leave_one_out	component-03	ligand_gmolai_ridge	ligand_only	RCSB-6RQ8-KEH-KD	construct-005-6f4aa0a92e90	6.552841968657781	4.768610784523223			0.19148936170212766	0.23755656108597284
union_component_leave_one_out	component-03	ligand_gmolai_ridge	ligand_only	RCSB-6RQ5-KEB-KD	construct-005-6f4aa0a92e90	4.82102305270683	5.266501897764565			0.2222222222222222	0.23755656108597284
union_component_leave_one_out	component-03	protein_sequence_ridge	sequence_only	RCSB-6RQB-Q47-KD	construct-005-6f4aa0a92e90	6.337242168318426	4.718266356061218			0.19148936170212766	0.23755656108597284
union_component_leave_one_out	component-03	protein_sequence_ridge	sequence_only	RCSB-6RQ6-R2H-KD	construct-005-6f4aa0a92e90	4.892790030352131	4.718266356061218			0.19148936170212766	0.23755656108597284
union_component_leave_one_out	component-03	protein_sequence_ridge	sequence_only	RCSB-6RQ0-KE2-KD	construct-005-6f4aa0a92e90	5.958607314841775	4.718266356061218			0.21739130434782608	0.23755656108597284
union_component_leave_one_out	component-03	protein_sequence_ridge	sequence_only	RCSB-6RQ9-KEQ-KD	construct-005-6f4aa0a92e90	4.982966660701219	4.718266356061218			0.22727272727272727	0.23755656108597284
union_component_leave_one_out	component-03	protein_sequence_ridge	sequence_only	RCSB-6RQD-KEW-KD	construct-005-6f4aa0a92e90	5.823908740944319	4.718266356061218			0.19148936170212766	0.23755656108597284
union_component_leave_one_out	component-03	protein_sequence_ridge	sequence_only	RCSB-6RQ1-KE5-KD	construct-005-6f4aa0a92e90	4.400116927926312	4.718266356061218			0.2127659574468085	0.23755656108597284
union_component_leave_one_out	component-03	protein_sequence_ridge	sequence_only	RCSB-6RQ8-KEH-KD	construct-005-6f4aa0a92e90	6.552841968657781	4.718266356061218			0.19148936170212766	0.23755656108597284
union_component_leave_one_out	component-03	protein_sequence_ridge	sequence_only	RCSB-6RQ5-KEB-KD	construct-005-6f4aa0a92e90	4.82102305270683	4.718266356061218			0.2222222222222222	0.23755656108597284
union_component_leave_one_out	component-03	concat_ecfp_sequence_ridge	sequence_ligand	RCSB-6RQB-Q47-KD	construct-005-6f4aa0a92e90	6.337242168318426	4.617881743989197			0.19148936170212766	0.23755656108597284
union_component_leave_one_out	component-03	concat_ecfp_sequence_ridge	sequence_ligand	RCSB-6RQ6-R2H-KD	construct-005-6f4aa0a92e90	4.892790030352131	4.603247047374412			0.19148936170212766	0.23755656108597284
union_component_leave_one_out	component-03	concat_ecfp_sequence_ridge	sequence_ligand	RCSB-6RQ0-KE2-KD	construct-005-6f4aa0a92e90	5.958607314841775	4.856731751446458			0.21739130434782608	0.23755656108597284
union_component_leave_one_out	component-03	concat_ecfp_sequence_ridge	sequence_ligand	RCSB-6RQ9-KEQ-KD	construct-005-6f4aa0a92e90	4.982966660701219	4.8995148986357595			0.22727272727272727	0.23755656108597284
union_component_leave_one_out	component-03	concat_ecfp_sequence_ridge	sequence_ligand	RCSB-6RQD-KEW-KD	construct-005-6f4aa0a92e90	5.823908740944319	4.6823104631861945			0.19148936170212766	0.23755656108597284
union_component_leave_one_out	component-03	concat_ecfp_sequence_ridge	sequence_ligand	RCSB-6RQ1-KE5-KD	construct-005-6f4aa0a92e90	4.400116927926312	4.863601964775423			0.2127659574468085	0.23755656108597284
union_component_leave_one_out	component-03	concat_ecfp_sequence_ridge	sequence_ligand	RCSB-6RQ8-KEH-KD	construct-005-6f4aa0a92e90	6.552841968657781	4.715695804266511			0.19148936170212766	0.23755656108597284
union_component_leave_one_out	component-03	concat_ecfp_sequence_ridge	sequence_ligand	RCSB-6RQ5-KEB-KD	construct-005-6f4aa0a92e90	4.82102305270683	4.843232640056276			0.2222222222222222	0.23755656108597284
union_component_leave_one_out	component-03	pocket_composition_ridge_S0	S0	RCSB-6RQB-Q47-KD	construct-005-6f4aa0a92e90	6.337242168318426	4.9521685281948455			0.19148936170212766	0.23755656108597284
union_component_leave_one_out	component-03	pocket_composition_ridge_S0	S0	RCSB-6RQ6-R2H-KD	construct-005-6f4aa0a92e90	4.892790030352131	4.9521685281948455			0.19148936170212766	0.23755656108597284
union_component_leave_one_out	component-03	pocket_composition_ridge_S0	S0	RCSB-6RQ0-KE2-KD	construct-005-6f4aa0a92e90	5.958607314841775	4.9521685281948455			0.21739130434782608	0.23755656108597284
union_component_leave_one_out	component-03	pocket_composition_ridge_S0	S0	RCSB-6RQ9-KEQ-KD	construct-005-6f4aa0a92e90	4.982966660701219	4.9521685281948455			0.22727272727272727	0.23755656108597284
union_component_leave_one_out	component-03	pocket_composition_ridge_S0	S0	RCSB-6RQD-KEW-KD	construct-005-6f4aa0a92e90	5.823908740944319	4.9521685281948455			0.19148936170212766	0.23755656108597284
union_component_leave_one_out	component-03	pocket_composition_ridge_S0	S0	RCSB-6RQ1-KE5-KD	construct-005-6f4aa0a92e90	4.400116927926312	4.9521685281948455			0.2127659574468085	0.23755656108597284
union_component_leave_one_out	component-03	pocket_composition_ridge_S0	S0	RCSB-6RQ8-KEH-KD	construct-005-6f4aa0a92e90	6.552841968657781	4.9521685281948455			0.19148936170212766	0.23755656108597284
union_component_leave_one_out	component-03	pocket_composition_ridge_S0	S0	RCSB-6RQ5-KEB-KD	construct-005-6f4aa0a92e90	4.82102305270683	4.9521685281948455			0.2222222222222222	0.23755656108597284
union_component_leave_one_out	component-03	pocket_structure_ridge_S0	S0	RCSB-6RQB-Q47-KD	construct-005-6f4aa0a92e90	6.337242168318426	6.306809452943177			0.19148936170212766	0.23755656108597284
union_component_leave_one_out	component-03	pocket_structure_ridge_S0	S0	RCSB-6RQ6-R2H-KD	construct-005-6f4aa0a92e90	4.892790030352131	6.333526891374573			0.19148936170212766	0.23755656108597284
union_component_leave_one_out	component-03	pocket_structure_ridge_S0	S0	RCSB-6RQ0-KE2-KD	construct-005-6f4aa0a92e90	5.958607314841775	6.104364877734055			0.21739130434782608	0.23755656108597284
union_component_leave_one_out	component-03	pocket_structure_ridge_S0	S0	RCSB-6RQ9-KEQ-KD	construct-005-6f4aa0a92e90	4.982966660701219	6.644126772883714			0.22727272727272727	0.23755656108597284
union_component_leave_one_out	component-03	pocket_structure_ridge_S0	S0	RCSB-6RQD-KEW-KD	construct-005-6f4aa0a92e90	5.823908740944319	6.32060520685731			0.19148936170212766	0.23755656108597284
union_component_leave_one_out	component-03	pocket_structure_ridge_S0	S0	RCSB-6RQ1-KE5-KD	construct-005-6f4aa0a92e90	4.400116927926312	5.8969668432666005			0.2127659574468085	0.23755656108597284
union_component_leave_one_out	component-03	pocket_structure_ridge_S0	S0	RCSB-6RQ8-KEH-KD	construct-005-6f4aa0a92e90	6.552841968657781	6.284025402734445			0.19148936170212766	0.23755656108597284
union_component_leave_one_out	component-03	pocket_structure_ridge_S0	S0	RCSB-6RQ5-KEB-KD	construct-005-6f4aa0a92e90	4.82102305270683	6.533004870534717			0.2222222222222222	0.23755656108597284
union_component_leave_one_out	component-03	concat_ecfp_pocket_ridge_S0	S0	RCSB-6RQB-Q47-KD	construct-005-6f4aa0a92e90	6.337242168318426	4.907703037116313			0.19148936170212766	0.23755656108597284
union_component_leave_one_out	component-03	concat_ecfp_pocket_ridge_S0	S0	RCSB-6RQ6-R2H-KD	construct-005-6f4aa0a92e90	4.892790030352131	4.885849796894829			0.19148936170212766	0.23755656108597284
union_component_leave_one_out	component-03	concat_ecfp_pocket_ridge_S0	S0	RCSB-6RQ0-KE2-KD	construct-005-6f4aa0a92e90	5.958607314841775	5.184067245861879			0.21739130434782608	0.23755656108597284
union_component_leave_one_out	component-03	concat_ecfp_pocket_ridge_S0	S0	RCSB-6RQ9-KEQ-KD	construct-005-6f4aa0a92e90	4.982966660701219	5.185946249977422			0.22727272727272727	0.23755656108597284
union_component_leave_one_out	component-03	concat_ecfp_pocket_ridge_S0	S0	RCSB-6RQD-KEW-KD	construct-005-6f4aa0a92e90	5.823908740944319	5.0276353542821575			0.19148936170212766	0.23755656108597284
union_component_leave_one_out	component-03	concat_ecfp_pocket_ridge_S0	S0	RCSB-6RQ1-KE5-KD	construct-005-6f4aa0a92e90	4.400116927926312	5.1490608259244715			0.2127659574468085	0.23755656108597284
union_component_leave_one_out	component-03	concat_ecfp_pocket_ridge_S0	S0	RCSB-6RQ8-KEH-KD	construct-005-6f4aa0a92e90	6.552841968657781	5.032843837109558			0.19148936170212766	0.23755656108597284
union_component_leave_one_out	component-03	concat_ecfp_pocket_ridge_S0	S0	RCSB-6RQ5-KEB-KD	construct-005-6f4aa0a92e90	4.82102305270683	5.123136392062354			0.2222222222222222	0.23755656108597284
union_component_leave_one_out	component-03	concat_gmolai_pocket_ridge_S0	S0	RCSB-6RQB-Q47-KD	construct-005-6f4aa0a92e90	6.337242168318426	5.015868486342759			0.19148936170212766	0.23755656108597284
union_component_leave_one_out	component-03	concat_gmolai_pocket_ridge_S0	S0	RCSB-6RQ6-R2H-KD	construct-005-6f4aa0a92e90	4.892790030352131	4.664081402827632			0.19148936170212766	0.23755656108597284
union_component_leave_one_out	component-03	concat_gmolai_pocket_ridge_S0	S0	RCSB-6RQ0-KE2-KD	construct-005-6f4aa0a92e90	5.958607314841775	5.171344940960186			0.21739130434782608	0.23755656108597284
union_component_leave_one_out	component-03	concat_gmolai_pocket_ridge_S0	S0	RCSB-6RQ9-KEQ-KD	construct-005-6f4aa0a92e90	4.982966660701219	5.13542803342362			0.22727272727272727	0.23755656108597284
union_component_leave_one_out	component-03	concat_gmolai_pocket_ridge_S0	S0	RCSB-6RQD-KEW-KD	construct-005-6f4aa0a92e90	5.823908740944319	5.071156491288498			0.19148936170212766	0.23755656108597284
union_component_leave_one_out	component-03	concat_gmolai_pocket_ridge_S0	S0	RCSB-6RQ1-KE5-KD	construct-005-6f4aa0a92e90	4.400116927926312	5.186645169671815			0.2127659574468085	0.23755656108597284
union_component_leave_one_out	component-03	concat_gmolai_pocket_ridge_S0	S0	RCSB-6RQ8-KEH-KD	construct-005-6f4aa0a92e90	6.552841968657781	4.847251422066047			0.19148936170212766	0.23755656108597284
union_component_leave_one_out	component-03	concat_gmolai_pocket_ridge_S0	S0	RCSB-6RQ5-KEB-KD	construct-005-6f4aa0a92e90	4.82102305270683	5.280490183311401			0.2222222222222222	0.23755656108597284
union_component_leave_one_out	component-03	pocket_composition_ridge_S1	S1	RCSB-6RQB-Q47-KD	construct-005-6f4aa0a92e90	6.337242168318426	4.9521685281948455			0.19148936170212766	0.23755656108597284
union_component_leave_one_out	component-03	pocket_composition_ridge_S1	S1	RCSB-6RQ6-R2H-KD	construct-005-6f4aa0a92e90	4.892790030352131	4.9521685281948455			0.19148936170212766	0.23755656108597284
union_component_leave_one_out	component-03	pocket_composition_ridge_S1	S1	RCSB-6RQ0-KE2-KD	construct-005-6f4aa0a92e90	5.958607314841775	4.9521685281948455			0.21739130434782608	0.23755656108597284
union_component_leave_one_out	component-03	pocket_composition_ridge_S1	S1	RCSB-6RQ9-KEQ-KD	construct-005-6f4aa0a92e90	4.982966660701219	4.9521685281948455			0.22727272727272727	0.23755656108597284
union_component_leave_one_out	component-03	pocket_composition_ridge_S1	S1	RCSB-6RQD-KEW-KD	construct-005-6f4aa0a92e90	5.823908740944319	4.9521685281948455			0.19148936170212766	0.23755656108597284
union_component_leave_one_out	component-03	pocket_composition_ridge_S1	S1	RCSB-6RQ1-KE5-KD	construct-005-6f4aa0a92e90	4.400116927926312	4.9521685281948455			0.2127659574468085	0.23755656108597284
union_component_leave_one_out	component-03	pocket_composition_ridge_S1	S1	RCSB-6RQ8-KEH-KD	construct-005-6f4aa0a92e90	6.552841968657781	4.9521685281948455			0.19148936170212766	0.23755656108597284
union_component_leave_one_out	component-03	pocket_composition_ridge_S1	S1	RCSB-6RQ5-KEB-KD	construct-005-6f4aa0a92e90	4.82102305270683	4.9521685281948455			0.2222222222222222	0.23755656108597284
union_component_leave_one_out	component-03	pocket_structure_ridge_S1	S1	RCSB-6RQB-Q47-KD	construct-005-6f4aa0a92e90	6.337242168318426	4.947202658691172			0.19148936170212766	0.23755656108597284
union_component_leave_one_out	component-03	pocket_structure_ridge_S1	S1	RCSB-6RQ6-R2H-KD	construct-005-6f4aa0a92e90	4.892790030352131	4.947202658691172			0.19148936170212766	0.23755656108597284
union_component_leave_one_out	component-03	pocket_structure_ridge_S1	S1	RCSB-6RQ0-KE2-KD	construct-005-6f4aa0a92e90	5.958607314841775	4.947202658691172			0.21739130434782608	0.23755656108597284
union_component_leave_one_out	component-03	pocket_structure_ridge_S1	S1	RCSB-6RQ9-KEQ-KD	construct-005-6f4aa0a92e90	4.982966660701219	4.947202658691172			0.22727272727272727	0.23755656108597284
union_component_leave_one_out	component-03	pocket_structure_ridge_S1	S1	RCSB-6RQD-KEW-KD	construct-005-6f4aa0a92e90	5.823908740944319	4.947202658691172			0.19148936170212766	0.23755656108597284
union_component_leave_one_out	component-03	pocket_structure_ridge_S1	S1	RCSB-6RQ1-KE5-KD	construct-005-6f4aa0a92e90	4.400116927926312	4.947202658691172			0.2127659574468085	0.23755656108597284
union_component_leave_one_out	component-03	pocket_structure_ridge_S1	S1	RCSB-6RQ8-KEH-KD	construct-005-6f4aa0a92e90	6.552841968657781	4.947202658691172			0.19148936170212766	0.23755656108597284
union_component_leave_one_out	component-03	pocket_structure_ridge_S1	S1	RCSB-6RQ5-KEB-KD	construct-005-6f4aa0a92e90	4.82102305270683	4.947202658691172			0.2222222222222222	0.23755656108597284
union_component_leave_one_out	component-03	concat_ecfp_pocket_ridge_S1	S1	RCSB-6RQB-Q47-KD	construct-005-6f4aa0a92e90	6.337242168318426	4.8398541761246605			0.19148936170212766	0.23755656108597284
union_component_leave_one_out	component-03	concat_ecfp_pocket_ridge_S1	S1	RCSB-6RQ6-R2H-KD	construct-005-6f4aa0a92e90	4.892790030352131	4.817624165903173			0.19148936170212766	0.23755656108597284
union_component_leave_one_out	component-03	concat_ecfp_pocket_ridge_S1	S1	RCSB-6RQ0-KE2-KD	construct-005-6f4aa0a92e90	5.958607314841775	5.125416844035922			0.21739130434782608	0.23755656108597284
union_component_leave_one_out	component-03	concat_ecfp_pocket_ridge_S1	S1	RCSB-6RQ9-KEQ-KD	construct-005-6f4aa0a92e90	4.982966660701219	5.09843275989707			0.22727272727272727	0.23755656108597284
union_component_leave_one_out	component-03	concat_ecfp_pocket_ridge_S1	S1	RCSB-6RQD-KEW-KD	construct-005-6f4aa0a92e90	5.823908740944319	4.969958077601797			0.19148936170212766	0.23755656108597284
union_component_leave_one_out	component-03	concat_ecfp_pocket_ridge_S1	S1	RCSB-6RQ1-KE5-KD	construct-005-6f4aa0a92e90	4.400116927926312	5.078895461577494			0.2127659574468085	0.23755656108597284
union_component_leave_one_out	component-03	concat_ecfp_pocket_ridge_S1	S1	RCSB-6RQ8-KEH-KD	construct-005-6f4aa0a92e90	6.552841968657781	4.968683241104676			0.19148936170212766	0.23755656108597284
union_component_leave_one_out	component-03	concat_ecfp_pocket_ridge_S1	S1	RCSB-6RQ5-KEB-KD	construct-005-6f4aa0a92e90	4.82102305270683	5.067422894934527			0.2222222222222222	0.23755656108597284
union_component_leave_one_out	component-03	concat_gmolai_pocket_ridge_S1	S1	RCSB-6RQB-Q47-KD	construct-005-6f4aa0a92e90	6.337242168318426	4.951743305998881			0.19148936170212766	0.23755656108597284
union_component_leave_one_out	component-03	concat_gmolai_pocket_ridge_S1	S1	RCSB-6RQ6-R2H-KD	construct-005-6f4aa0a92e90	4.892790030352131	4.59369909178231			0.19148936170212766	0.23755656108597284
union_component_leave_one_out	component-03	concat_gmolai_pocket_ridge_S1	S1	RCSB-6RQ0-KE2-KD	construct-005-6f4aa0a92e90	5.958607314841775	5.100271249958534			0.21739130434782608	0.23755656108597284
union_component_leave_one_out	component-03	concat_gmolai_pocket_ridge_S1	S1	RCSB-6RQ9-KEQ-KD	construct-005-6f4aa0a92e90	4.982966660701219	5.041560175917972			0.22727272727272727	0.23755656108597284
union_component_leave_one_out	component-03	concat_gmolai_pocket_ridge_S1	S1	RCSB-6RQD-KEW-KD	construct-005-6f4aa0a92e90	5.823908740944319	5.003663578868485			0.19148936170212766	0.23755656108597284
union_component_leave_one_out	component-03	concat_gmolai_pocket_ridge_S1	S1	RCSB-6RQ1-KE5-KD	construct-005-6f4aa0a92e90	4.400116927926312	5.108925950277883			0.2127659574468085	0.23755656108597284
union_component_leave_one_out	component-03	concat_gmolai_pocket_ridge_S1	S1	RCSB-6RQ8-KEH-KD	construct-005-6f4aa0a92e90	6.552841968657781	4.796847696791306			0.19148936170212766	0.23755656108597284
union_component_leave_one_out	component-03	concat_gmolai_pocket_ridge_S1	S1	RCSB-6RQ5-KEB-KD	construct-005-6f4aa0a92e90	4.82102305270683	5.221021917899854			0.2222222222222222	0.23755656108597284
union_component_leave_one_out	component-03	negative_pocket_permuted_concat_gmolai_S0	S0_negative_control	RCSB-6RQB-Q47-KD	construct-005-6f4aa0a92e90	6.337242168318426	5.104961041089031			0.19148936170212766	0.23755656108597284
union_component_leave_one_out	component-03	negative_pocket_permuted_concat_gmolai_S0	S0_negative_control	RCSB-6RQ6-R2H-KD	construct-005-6f4aa0a92e90	4.892790030352131	4.5333021583834885			0.19148936170212766	0.23755656108597284
union_component_leave_one_out	component-03	negative_pocket_permuted_concat_gmolai_S0	S0_negative_control	RCSB-6RQ0-KE2-KD	construct-005-6f4aa0a92e90	5.958607314841775	5.902398393896164			0.21739130434782608	0.23755656108597284
union_component_leave_one_out	component-03	negative_pocket_permuted_concat_gmolai_S0	S0_negative_control	RCSB-6RQ9-KEQ-KD	construct-005-6f4aa0a92e90	4.982966660701219	5.763759930934238			0.22727272727272727	0.23755656108597284
union_component_leave_one_out	component-03	negative_pocket_permuted_concat_gmolai_S0	S0_negative_control	RCSB-6RQD-KEW-KD	construct-005-6f4aa0a92e90	5.823908740944319	5.4323064229594165			0.19148936170212766	0.23755656108597284
union_component_leave_one_out	component-03	negative_pocket_permuted_concat_gmolai_S0	S0_negative_control	RCSB-6RQ1-KE5-KD	construct-005-6f4aa0a92e90	4.400116927926312	5.826879141694299			0.2127659574468085	0.23755656108597284
union_component_leave_one_out	component-03	negative_pocket_permuted_concat_gmolai_S0	S0_negative_control	RCSB-6RQ8-KEH-KD	construct-005-6f4aa0a92e90	6.552841968657781	4.579769603811646			0.19148936170212766	0.23755656108597284
union_component_leave_one_out	component-03	negative_pocket_permuted_concat_gmolai_S0	S0_negative_control	RCSB-6RQ5-KEB-KD	construct-005-6f4aa0a92e90	4.82102305270683	5.9600876252103765			0.2222222222222222	0.23755656108597284
union_component_leave_one_out	component-03	additive_gmolai_pocket_equal_S0	S0	RCSB-6RQB-Q47-KD	construct-005-6f4aa0a92e90	6.337242168318426	5.635019818368867			0.19148936170212766	0.23755656108597284
union_component_leave_one_out	component-03	additive_gmolai_pocket_equal_S0	S0	RCSB-6RQ6-R2H-KD	construct-005-6f4aa0a92e90	4.892790030352131	5.3930065565120335			0.19148936170212766	0.23755656108597284
union_component_leave_one_out	component-03	additive_gmolai_pocket_equal_S0	S0	RCSB-6RQ0-KE2-KD	construct-005-6f4aa0a92e90	5.958607314841775	5.602147563072098			0.21739130434782608	0.23755656108597284
union_component_leave_one_out	component-03	additive_gmolai_pocket_equal_S0	S0	RCSB-6RQ9-KEQ-KD	construct-005-6f4aa0a92e90	4.982966660701219	5.85993829547618			0.22727272727272727	0.23755656108597284
union_component_leave_one_out	component-03	additive_gmolai_pocket_equal_S0	S0	RCSB-6RQD-KEW-KD	construct-005-6f4aa0a92e90	5.823908740944319	5.648955766501237			0.19148936170212766	0.23755656108597284
union_component_leave_one_out	component-03	additive_gmolai_pocket_equal_S0	S0	RCSB-6RQ1-KE5-KD	construct-005-6f4aa0a92e90	4.400116927926312	5.50255371705859			0.2127659574468085	0.23755656108597284
union_component_leave_one_out	component-03	additive_gmolai_pocket_equal_S0	S0	RCSB-6RQ8-KEH-KD	construct-005-6f4aa0a92e90	6.552841968657781	5.526318093628834			0.19148936170212766	0.23755656108597284
union_component_leave_one_out	component-03	additive_gmolai_pocket_equal_S0	S0	RCSB-6RQ5-KEB-KD	construct-005-6f4aa0a92e90	4.82102305270683	5.899753384149641			0.2222222222222222	0.23755656108597284
union_component_leave_one_out	component-03	additive_gmolai_pocket_equal_S1	S1	RCSB-6RQB-Q47-KD	construct-005-6f4aa0a92e90	6.337242168318426	4.955216421242865			0.19148936170212766	0.23755656108597284
union_component_leave_one_out	component-03	additive_gmolai_pocket_equal_S1	S1	RCSB-6RQ6-R2H-KD	construct-005-6f4aa0a92e90	4.892790030352131	4.699844440170333			0.19148936170212766	0.23755656108597284
union_component_leave_one_out	component-03	additive_gmolai_pocket_equal_S1	S1	RCSB-6RQ0-KE2-KD	construct-005-6f4aa0a92e90	5.958607314841775	5.023566453550656			0.21739130434782608	0.23755656108597284
union_component_leave_one_out	component-03	additive_gmolai_pocket_equal_S1	S1	RCSB-6RQ9-KEQ-KD	construct-005-6f4aa0a92e90	4.982966660701219	5.011476238379909			0.22727272727272727	0.23755656108597284
union_component_leave_one_out	component-03	additive_gmolai_pocket_equal_S1	S1	RCSB-6RQD-KEW-KD	construct-005-6f4aa0a92e90	5.823908740944319	4.962254492418166			0.19148936170212766	0.23755656108597284
union_component_leave_one_out	component-03	additive_gmolai_pocket_equal_S1	S1	RCSB-6RQ1-KE5-KD	construct-005-6f4aa0a92e90	4.400116927926312	5.027671624770876			0.2127659574468085	0.23755656108597284
union_component_leave_one_out	component-03	additive_gmolai_pocket_equal_S1	S1	RCSB-6RQ8-KEH-KD	construct-005-6f4aa0a92e90	6.552841968657781	4.857906721607197			0.19148936170212766	0.23755656108597284
union_component_leave_one_out	component-03	additive_gmolai_pocket_equal_S1	S1	RCSB-6RQ5-KEB-KD	construct-005-6f4aa0a92e90	4.82102305270683	5.106852278227868			0.2222222222222222	0.23755656108597284
union_component_leave_one_out	component-03	ligand_ecfp_knn	ligand_only	RCSB-6RQB-Q47-KD	construct-005-6f4aa0a92e90	6.337242168318426	4.508127104699436	RCSB-5EPR-5QY-KD	0.19148936170212766	0.19148936170212766	0.23755656108597284
union_component_leave_one_out	component-03	ligand_ecfp_knn	ligand_only	RCSB-6RQ6-R2H-KD	construct-005-6f4aa0a92e90	4.892790030352131	4.589011158641929	RCSB-5EPR-5QY-KD	0.19148936170212766	0.19148936170212766	0.23755656108597284
union_component_leave_one_out	component-03	ligand_ecfp_knn	ligand_only	RCSB-6RQ0-KE2-KD	construct-005-6f4aa0a92e90	5.958607314841775	5.181910698830548	RCSB-5EPR-5QY-KD	0.21739130434782608	0.21739130434782608	0.23755656108597284
union_component_leave_one_out	component-03	ligand_ecfp_knn	ligand_only	RCSB-6RQ9-KEQ-KD	construct-005-6f4aa0a92e90	4.982966660701219	4.466068373051796	RCSB-5EPR-5QY-KD	0.22727272727272727	0.22727272727272727	0.23755656108597284
union_component_leave_one_out	component-03	ligand_ecfp_knn	ligand_only	RCSB-6RQD-KEW-KD	construct-005-6f4aa0a92e90	5.823908740944319	5.137347354370788	RCSB-5EPR-5QY-KD	0.19148936170212766	0.19148936170212766	0.23755656108597284
union_component_leave_one_out	component-03	ligand_ecfp_knn	ligand_only	RCSB-6RQ1-KE5-KD	construct-005-6f4aa0a92e90	4.400116927926312	4.5779047631385525	RCSB-5EPR-5QY-KD	0.2127659574468085	0.2127659574468085	0.23755656108597284
union_component_leave_one_out	component-03	ligand_ecfp_knn	ligand_only	RCSB-6RQ8-KEH-KD	construct-005-6f4aa0a92e90	6.552841968657781	4.21043791000159	RCSB-5EPR-5QY-KD	0.19148936170212766	0.19148936170212766	0.23755656108597284
union_component_leave_one_out	component-03	ligand_ecfp_knn	ligand_only	RCSB-6RQ5-KEB-KD	construct-005-6f4aa0a92e90	4.82102305270683	4.704048891646204	RCSB-5EPR-5QY-KD	0.2222222222222222	0.2222222222222222	0.23755656108597284
union_component_leave_one_out	component-03	ligand_gmolai_knn	ligand_only	RCSB-6RQB-Q47-KD	construct-005-6f4aa0a92e90	6.337242168318426	4.050247004108304	RCSB-5C85-4YO-KD	0.6052392495541391	0.19148936170212766	0.23755656108597284
union_component_leave_one_out	component-03	ligand_gmolai_knn	ligand_only	RCSB-6RQ6-R2H-KD	construct-005-6f4aa0a92e90	4.892790030352131	4.0532475463325754	RCSB-5C85-4YO-KD	0.586665254476273	0.19148936170212766	0.23755656108597284
union_component_leave_one_out	component-03	ligand_gmolai_knn	ligand_only	RCSB-6RQ0-KE2-KD	construct-005-6f4aa0a92e90	5.958607314841775	4.109472564250196	RCSB-5EPR-5QY-KD	0.5896770029277778	0.21739130434782608	0.23755656108597284
union_component_leave_one_out	component-03	ligand_gmolai_knn	ligand_only	RCSB-6RQ9-KEQ-KD	construct-005-6f4aa0a92e90	4.982966660701219	4.139877646743015	RCSB-5EPR-5QY-KD	0.6027749607278317	0.22727272727272727	0.23755656108597284
union_component_leave_one_out	component-03	ligand_gmolai_knn	ligand_only	RCSB-6RQD-KEW-KD	construct-005-6f4aa0a92e90	5.823908740944319	4.05130032539137	RCSB-5C85-4YO-KD	0.6083839116338463	0.19148936170212766	0.23755656108597284
union_component_leave_one_out	component-03	ligand_gmolai_knn	ligand_only	RCSB-6RQ1-KE5-KD	construct-005-6f4aa0a92e90	4.400116927926312	4.112157663190231	RCSB-5EPR-5QY-KD	0.6005615798046041	0.2127659574468085	0.23755656108597284
union_component_leave_one_out	component-03	ligand_gmolai_knn	ligand_only	RCSB-6RQ8-KEH-KD	construct-005-6f4aa0a92e90	6.552841968657781	3.986694111495388	RCSB-5C85-4YO-KD	0.5714330718006488	0.19148936170212766	0.23755656108597284
union_component_leave_one_out	component-03	ligand_gmolai_knn	ligand_only	RCSB-6RQ5-KEB-KD	construct-005-6f4aa0a92e90	4.82102305270683	4.153344700103411	RCSB-5C85-4YO-KD	0.5606166213054851	0.2222222222222222	0.23755656108597284
union_component_leave_one_out	component-03	protein_sequence_identity_knn	sequence_only	RCSB-6RQB-Q47-KD	construct-005-6f4aa0a92e90	6.337242168318426	5.406663232594449	RCSB-4UG5-XFK-KD	0.23755656108597284	0.19148936170212766	0.23755656108597284
union_component_leave_one_out	component-03	protein_sequence_identity_knn	sequence_only	RCSB-6RQ6-R2H-KD	construct-005-6f4aa0a92e90	4.892790030352131	5.406663232594449	RCSB-4UG5-XFK-KD	0.23755656108597284	0.19148936170212766	0.23755656108597284
union_component_leave_one_out	component-03	protein_sequence_identity_knn	sequence_only	RCSB-6RQ0-KE2-KD	construct-005-6f4aa0a92e90	5.958607314841775	5.406663232594449	RCSB-4UG5-XFK-KD	0.23755656108597284	0.21739130434782608	0.23755656108597284
union_component_leave_one_out	component-03	protein_sequence_identity_knn	sequence_only	RCSB-6RQ9-KEQ-KD	construct-005-6f4aa0a92e90	4.982966660701219	5.406663232594449	RCSB-4UG5-XFK-KD	0.23755656108597284	0.22727272727272727	0.23755656108597284
union_component_leave_one_out	component-03	protein_sequence_identity_knn	sequence_only	RCSB-6RQD-KEW-KD	construct-005-6f4aa0a92e90	5.823908740944319	5.406663232594449	RCSB-4UG5-XFK-KD	0.23755656108597284	0.19148936170212766	0.23755656108597284
union_component_leave_one_out	component-03	protein_sequence_identity_knn	sequence_only	RCSB-6RQ1-KE5-KD	construct-005-6f4aa0a92e90	4.400116927926312	5.406663232594449	RCSB-4UG5-XFK-KD	0.23755656108597284	0.2127659574468085	0.23755656108597284
union_component_leave_one_out	component-03	protein_sequence_identity_knn	sequence_only	RCSB-6RQ8-KEH-KD	construct-005-6f4aa0a92e90	6.552841968657781	5.406663232594449	RCSB-4UG5-XFK-KD	0.23755656108597284	0.19148936170212766	0.23755656108597284
union_component_leave_one_out	component-03	protein_sequence_identity_knn	sequence_only	RCSB-6RQ5-KEB-KD	construct-005-6f4aa0a92e90	4.82102305270683	5.406663232594449	RCSB-4UG5-XFK-KD	0.23755656108597284	0.2222222222222222	0.23755656108597284
union_component_leave_one_out	component-03	pocket_structure_knn_S0	S0	RCSB-6RQB-Q47-KD	construct-005-6f4aa0a92e90	6.337242168318426	5.155645290575754	RCSB-4UG6-XFJ-KD	0.2754403020824413	0.19148936170212766	0.23755656108597284
union_component_leave_one_out	component-03	pocket_structure_knn_S0	S0	RCSB-6RQ6-R2H-KD	construct-005-6f4aa0a92e90	4.892790030352131	5.406855695802329	RCSB-4UG6-XFJ-KD	0.2703848513892638	0.19148936170212766	0.23755656108597284
union_component_leave_one_out	component-03	pocket_structure_knn_S0	S0	RCSB-6RQ0-KE2-KD	construct-005-6f4aa0a92e90	5.958607314841775	5.157975821768757	RCSB-4UG5-XFK-KD	0.27518007730379823	0.21739130434782608	0.23755656108597284
union_component_leave_one_out	component-03	pocket_structure_knn_S0	S0	RCSB-6RQ9-KEQ-KD	construct-005-6f4aa0a92e90	4.982966660701219	5.173756827598553	RCSB-4UG7-1EV-KD	0.2740064971738334	0.22727272727272727	0.23755656108597284
union_component_leave_one_out	component-03	pocket_structure_knn_S0	S0	RCSB-6RQD-KEW-KD	construct-005-6f4aa0a92e90	5.823908740944319	5.155611144138054	RCSB-4UG6-XFJ-KD	0.2753362426166679	0.19148936170212766	0.23755656108597284
union_component_leave_one_out	component-03	pocket_structure_knn_S0	S0	RCSB-6RQ1-KE5-KD	construct-005-6f4aa0a92e90	4.400116927926312	5.158012540184028	RCSB-4UG6-XFJ-KD	0.2693217576043915	0.2127659574468085	0.23755656108597284
union_component_leave_one_out	component-03	pocket_structure_knn_S0	S0	RCSB-6RQ8-KEH-KD	construct-005-6f4aa0a92e90	6.552841968657781	5.155668365792078	RCSB-4UG6-XFJ-KD	0.272618176196465	0.19148936170212766	0.23755656108597284
union_component_leave_one_out	component-03	pocket_structure_knn_S0	S0	RCSB-6RQ5-KEB-KD	construct-005-6f4aa0a92e90	4.82102305270683	5.171748267984691	RCSB-4UG7-1EV-KD	0.2698415885342337	0.2222222222222222	0.23755656108597284
union_component_leave_one_out	component-03	two_sided_ecfp_pocket_knn_S0	S0	RCSB-6RQB-Q47-KD	construct-005-6f4aa0a92e90	6.337242168318426	4.288684300634495	RCSB-4UGM-1QE-KD	0.18550099384350005	0.19148936170212766	0.23755656108597284
union_component_leave_one_out	component-03	two_sided_ecfp_pocket_knn_S0	S0	RCSB-6RQ6-R2H-KD	construct-005-6f4aa0a92e90	4.892790030352131	4.6674964559129375	RCSB-4UGM-1QE-KD	0.1840585357978763	0.19148936170212766	0.23755656108597284
union_component_leave_one_out	component-03	two_sided_ecfp_pocket_knn_S0	S0	RCSB-6RQ0-KE2-KD	construct-005-6f4aa0a92e90	5.958607314841775	5.197696525760533	RCSB-4UG9-1EW-KD	0.1941805287070238	0.21739130434782608	0.23755656108597284
union_component_leave_one_out	component-03	two_sided_ecfp_pocket_knn_S0	S0	RCSB-6RQ9-KEQ-KD	construct-005-6f4aa0a92e90	4.982966660701219	4.340183827735058	RCSB-4UGS-H36-KD	0.1939981343648714	0.22727272727272727	0.23755656108597284
union_component_leave_one_out	component-03	two_sided_ecfp_pocket_knn_S0	S0	RCSB-6RQD-KEW-KD	construct-005-6f4aa0a92e90	5.823908740944319	4.2886731249222665	RCSB-4UGM-1QE-KD	0.18546573978726064	0.19148936170212766	0.23755656108597284
union_component_leave_one_out	component-03	two_sided_ecfp_pocket_knn_S0	S0	RCSB-6RQ1-KE5-KD	construct-005-6f4aa0a92e90	4.400116927926312	5.153888890183244	RCSB-4UG9-1EW-KD	0.2133883056302941	0.2127659574468085	0.23755656108597284
union_component_leave_one_out	component-03	two_sided_ecfp_pocket_knn_S0	S0	RCSB-6RQ8-KEH-KD	construct-005-6f4aa0a92e90	6.552841968657781	4.28862505820976	RCSB-4UGM-1QE-KD	0.18458387037323867	0.19148936170212766	0.23755656108597284
union_component_leave_one_out	component-03	two_sided_ecfp_pocket_knn_S0	S0	RCSB-6RQ5-KEB-KD	construct-005-6f4aa0a92e90	4.82102305270683	5.199558906246914	RCSB-4UG9-1EW-KD	0.19268497188544895	0.2222222222222222	0.23755656108597284
union_component_leave_one_out	component-03	pocket_structure_knn_S1	S1	RCSB-6RQB-Q47-KD	construct-005-6f4aa0a92e90	6.337242168318426	5.406663232594449	RCSB-4UG5-XFK-KD	0.2561084730593431	0.19148936170212766	0.23755656108597284
union_component_leave_one_out	component-03	pocket_structure_knn_S1	S1	RCSB-6RQ6-R2H-KD	construct-005-6f4aa0a92e90	4.892790030352131	5.406663232594449	RCSB-4UG5-XFK-KD	0.2561084730593431	0.19148936170212766	0.23755656108597284
union_component_leave_one_out	component-03	pocket_structure_knn_S1	S1	RCSB-6RQ0-KE2-KD	construct-005-6f4aa0a92e90	5.958607314841775	5.406663232594449	RCSB-4UG5-XFK-KD	0.2561084730593431	0.21739130434782608	0.23755656108597284
union_component_leave_one_out	component-03	pocket_structure_knn_S1	S1	RCSB-6RQ9-KEQ-KD	construct-005-6f4aa0a92e90	4.982966660701219	5.406663232594449	RCSB-4UG5-XFK-KD	0.2561084730593431	0.22727272727272727	0.23755656108597284
union_component_leave_one_out	component-03	pocket_structure_knn_S1	S1	RCSB-6RQD-KEW-KD	construct-005-6f4aa0a92e90	5.823908740944319	5.406663232594449	RCSB-4UG5-XFK-KD	0.2561084730593431	0.19148936170212766	0.23755656108597284
union_component_leave_one_out	component-03	pocket_structure_knn_S1	S1	RCSB-6RQ1-KE5-KD	construct-005-6f4aa0a92e90	4.400116927926312	5.406663232594449	RCSB-4UG5-XFK-KD	0.2561084730593431	0.2127659574468085	0.23755656108597284
union_component_leave_one_out	component-03	pocket_structure_knn_S1	S1	RCSB-6RQ8-KEH-KD	construct-005-6f4aa0a92e90	6.552841968657781	5.406663232594449	RCSB-4UG5-XFK-KD	0.2561084730593431	0.19148936170212766	0.23755656108597284
union_component_leave_one_out	component-03	pocket_structure_knn_S1	S1	RCSB-6RQ5-KEB-KD	construct-005-6f4aa0a92e90	4.82102305270683	5.406663232594449	RCSB-4UG5-XFK-KD	0.2561084730593431	0.2222222222222222	0.23755656108597284
union_component_leave_one_out	component-03	two_sided_ecfp_pocket_knn_S1	S1	RCSB-6RQB-Q47-KD	construct-005-6f4aa0a92e90	6.337242168318426	4.287484258420263	RCSB-4UGM-1QE-KD	0.18327028255229785	0.19148936170212766	0.23755656108597284
union_component_leave_one_out	component-03	two_sided_ecfp_pocket_knn_S1	S1	RCSB-6RQ6-R2H-KD	construct-005-6f4aa0a92e90	4.892790030352131	4.669644995789671	RCSB-4UGM-1QE-KD	0.18327028255229785	0.19148936170212766	0.23755656108597284
union_component_leave_one_out	component-03	two_sided_ecfp_pocket_knn_S1	S1	RCSB-6RQ0-KE2-KD	construct-005-6f4aa0a92e90	5.958607314841775	5.195720303435779	RCSB-4UG9-1EW-KD	0.19281347570084445	0.21739130434782608	0.23755656108597284
union_component_leave_one_out	component-03	two_sided_ecfp_pocket_knn_S1	S1	RCSB-6RQ9-KEQ-KD	construct-005-6f4aa0a92e90	4.982966660701219	4.340619203379166	RCSB-4UGS-H36-KD	0.19438748937405664	0.22727272727272727	0.23755656108597284
union_component_leave_one_out	component-03	two_sided_ecfp_pocket_knn_S1	S1	RCSB-6RQD-KEW-KD	construct-005-6f4aa0a92e90	5.823908740944319	4.287484258420263	RCSB-4UGM-1QE-KD	0.18327028255229785	0.19148936170212766	0.23755656108597284
union_component_leave_one_out	component-03	two_sided_ecfp_pocket_knn_S1	S1	RCSB-6RQ1-KE5-KD	construct-005-6f4aa0a92e90	4.400116927926312	5.151618138611819	RCSB-4UG9-1EW-KD	0.21490345539764769	0.2127659574468085	0.23755656108597284
union_component_leave_one_out	component-03	two_sided_ecfp_pocket_knn_S1	S1	RCSB-6RQ8-KEH-KD	construct-005-6f4aa0a92e90	6.552841968657781	4.287484258420263	RCSB-4UGM-1QE-KD	0.18327028255229785	0.19148936170212766	0.23755656108597284
union_component_leave_one_out	component-03	two_sided_ecfp_pocket_knn_S1	S1	RCSB-6RQ5-KEB-KD	construct-005-6f4aa0a92e90	4.82102305270683	5.196069651552107	RCSB-4UG9-1EW-KD	0.19438748937405664	0.2222222222222222	0.23755656108597284
union_component_leave_one_out	component-04	global_train_mean	no_input	RCSB-4UGY-EXI-KD	construct-001-c5158f5b655d	4.239577516576788	5.49746697430608			0.12345679012345678	0.23755656108597284
union_component_leave_one_out	component-04	global_train_mean	no_input	RCSB-4UGR-6E5-KD	construct-001-c5158f5b655d	4.958607314841775	5.49746697430608			0.20689655172413793	0.23755656108597284
union_component_leave_one_out	component-04	global_train_mean	no_input	RCSB-4UGA-Q05-KD	construct-001-c5158f5b655d	4.214670164989233	5.49746697430608			0.17647058823529413	0.23755656108597284
union_component_leave_one_out	component-04	global_train_mean	no_input	RCSB-4UG5-XFK-KD	construct-001-c5158f5b655d	5.298432014944073	5.49746697430608			0.11666666666666667	0.23755656108597284
union_component_leave_one_out	component-04	global_train_mean	no_input	RCSB-4UG6-XFJ-KD	construct-001-c5158f5b655d	5.571865205971211	5.49746697430608			0.13043478260869565	0.23755656108597284
union_component_leave_one_out	component-04	global_train_mean	no_input	RCSB-4UG8-HW1-KD	construct-001-c5158f5b655d	6.346787486224656	5.49746697430608			0.13636363636363635	0.23755656108597284
union_component_leave_one_out	component-04	global_train_mean	no_input	RCSB-4UGS-H36-KD	construct-001-c5158f5b655d	3.8961962790440428	5.49746697430608			0.1724137931034483	0.23755656108597284
union_component_leave_one_out	component-04	global_train_mean	no_input	RCSB-4UGM-1QE-KD	construct-001-c5158f5b655d	4.00436480540245	5.49746697430608			0.2647058823529412	0.23755656108597284
union_component_leave_one_out	component-04	global_train_mean	no_input	RCSB-4UGI-SKO-KD	construct-001-c5158f5b655d	4.73754891026957	5.49746697430608			0.17105263157894737	0.23755656108597284
union_component_leave_one_out	component-04	global_train_mean	no_input	RCSB-4UG7-1EV-KD	construct-001-c5158f5b655d	5.349692476868063	5.49746697430608			0.18309859154929578	0.23755656108597284
union_component_leave_one_out	component-04	global_train_mean	no_input	RCSB-4UGH-4V4-KD	construct-001-c5158f5b655d	4.297052753818444	5.49746697430608			0.18181818181818182	0.23755656108597284
union_component_leave_one_out	component-04	global_train_mean	no_input	RCSB-4UGL-S90-KD	construct-001-c5158f5b655d	4.206628751081045	5.49746697430608			0.14444444444444443	0.23755656108597284
union_component_leave_one_out	component-04	global_train_mean	no_input	RCSB-4UGD-Q14-KD	construct-001-c5158f5b655d	4.421360790031928	5.49746697430608			0.1375	0.23755656108597284
union_component_leave_one_out	component-04	global_train_mean	no_input	RCSB-4UGG-S5D-KD	construct-001-c5158f5b655d	4.59176003468815	5.49746697430608			0.17105263157894737	0.23755656108597284
union_component_leave_one_out	component-04	global_train_mean	no_input	RCSB-4UG9-1EW-KD	construct-001-c5158f5b655d	5.064996848546345	5.49746697430608			0.18032786885245902	0.23755656108597284
union_component_leave_one_out	component-04	global_train_mean	no_input	RCSB-4UGC-1Q6-KD	construct-001-c5158f5b655d	4.728158393463501	5.49746697430608			0.14102564102564102	0.23755656108597284
union_component_leave_one_out	component-04	global_train_mean	no_input	RCSB-4UGO-1QF-KD	construct-001-c5158f5b655d	4.205511953340831	5.49746697430608			0.26582278481012656	0.23755656108597284
union_component_leave_one_out	component-04	global_train_mean	no_input	RCSB-4UGB-QJ7-KD	construct-001-c5158f5b655d	3.6252516539898965	5.49746697430608			0.16853932584269662	0.23755656108597284
union_component_leave_one_out	component-04	global_train_mean	no_input	RCSB-4UGN-H49-KD	construct-001-c5158f5b655d	4.749579997691106	5.49746697430608			0.2222222222222222	0.23755656108597284
union_component_leave_one_out	component-04	target_mean_or_global_fallback	target_identity	RCSB-4UGY-EXI-KD	construct-001-c5158f5b655d	4.239577516576788	5.49746697430608			0.12345679012345678	0.23755656108597284
union_component_leave_one_out	component-04	target_mean_or_global_fallback	target_identity	RCSB-4UGR-6E5-KD	construct-001-c5158f5b655d	4.958607314841775	5.49746697430608			0.20689655172413793	0.23755656108597284
union_component_leave_one_out	component-04	target_mean_or_global_fallback	target_identity	RCSB-4UGA-Q05-KD	construct-001-c5158f5b655d	4.214670164989233	5.49746697430608			0.17647058823529413	0.23755656108597284
union_component_leave_one_out	component-04	target_mean_or_global_fallback	target_identity	RCSB-4UG5-XFK-KD	construct-001-c5158f5b655d	5.298432014944073	5.49746697430608			0.11666666666666667	0.23755656108597284
union_component_leave_one_out	component-04	target_mean_or_global_fallback	target_identity	RCSB-4UG6-XFJ-KD	construct-001-c5158f5b655d	5.571865205971211	5.49746697430608			0.13043478260869565	0.23755656108597284
union_component_leave_one_out	component-04	target_mean_or_global_fallback	target_identity	RCSB-4UG8-HW1-KD	construct-001-c5158f5b655d	6.346787486224656	5.49746697430608			0.13636363636363635	0.23755656108597284
union_component_leave_one_out	component-04	target_mean_or_global_fallback	target_identity	RCSB-4UGS-H36-KD	construct-001-c5158f5b655d	3.8961962790440428	5.49746697430608			0.1724137931034483	0.23755656108597284
union_component_leave_one_out	component-04	target_mean_or_global_fallback	target_identity	RCSB-4UGM-1QE-KD	construct-001-c5158f5b655d	4.00436480540245	5.49746697430608			0.2647058823529412	0.23755656108597284
union_component_leave_one_out	component-04	target_mean_or_global_fallback	target_identity	RCSB-4UGI-SKO-KD	construct-001-c5158f5b655d	4.73754891026957	5.49746697430608			0.17105263157894737	0.23755656108597284
union_component_leave_one_out	component-04	target_mean_or_global_fallback	target_identity	RCSB-4UG7-1EV-KD	construct-001-c5158f5b655d	5.349692476868063	5.49746697430608			0.18309859154929578	0.23755656108597284
union_component_leave_one_out	component-04	target_mean_or_global_fallback	target_identity	RCSB-4UGH-4V4-KD	construct-001-c5158f5b655d	4.297052753818444	5.49746697430608			0.18181818181818182	0.23755656108597284
union_component_leave_one_out	component-04	target_mean_or_global_fallback	target_identity	RCSB-4UGL-S90-KD	construct-001-c5158f5b655d	4.206628751081045	5.49746697430608			0.14444444444444443	0.23755656108597284
union_component_leave_one_out	component-04	target_mean_or_global_fallback	target_identity	RCSB-4UGD-Q14-KD	construct-001-c5158f5b655d	4.421360790031928	5.49746697430608			0.1375	0.23755656108597284
union_component_leave_one_out	component-04	target_mean_or_global_fallback	target_identity	RCSB-4UGG-S5D-KD	construct-001-c5158f5b655d	4.59176003468815	5.49746697430608			0.17105263157894737	0.23755656108597284
union_component_leave_one_out	component-04	target_mean_or_global_fallback	target_identity	RCSB-4UG9-1EW-KD	construct-001-c5158f5b655d	5.064996848546345	5.49746697430608			0.18032786885245902	0.23755656108597284
union_component_leave_one_out	component-04	target_mean_or_global_fallback	target_identity	RCSB-4UGC-1Q6-KD	construct-001-c5158f5b655d	4.728158393463501	5.49746697430608			0.14102564102564102	0.23755656108597284
union_component_leave_one_out	component-04	target_mean_or_global_fallback	target_identity	RCSB-4UGO-1QF-KD	construct-001-c5158f5b655d	4.205511953340831	5.49746697430608			0.26582278481012656	0.23755656108597284
union_component_leave_one_out	component-04	target_mean_or_global_fallback	target_identity	RCSB-4UGB-QJ7-KD	construct-001-c5158f5b655d	3.6252516539898965	5.49746697430608			0.16853932584269662	0.23755656108597284
union_component_leave_one_out	component-04	target_mean_or_global_fallback	target_identity	RCSB-4UGN-H49-KD	construct-001-c5158f5b655d	4.749579997691106	5.49746697430608			0.2222222222222222	0.23755656108597284
union_component_leave_one_out	component-04	nuisance_ridge	metadata_only	RCSB-4UGY-EXI-KD	construct-001-c5158f5b655d	4.239577516576788	5.303252850864653			0.12345679012345678	0.23755656108597284
union_component_leave_one_out	component-04	nuisance_ridge	metadata_only	RCSB-4UGR-6E5-KD	construct-001-c5158f5b655d	4.958607314841775	5.316318422597973			0.20689655172413793	0.23755656108597284
union_component_leave_one_out	component-04	nuisance_ridge	metadata_only	RCSB-4UGA-Q05-KD	construct-001-c5158f5b655d	4.214670164989233	5.307728600351154			0.17647058823529413	0.23755656108597284
union_component_leave_one_out	component-04	nuisance_ridge	metadata_only	RCSB-4UG5-XFK-KD	construct-001-c5158f5b655d	5.298432014944073	5.328163335380431			0.11666666666666667	0.23755656108597284
union_component_leave_one_out	component-04	nuisance_ridge	metadata_only	RCSB-4UG6-XFJ-KD	construct-001-c5158f5b655d	5.571865205971211	5.303659737181608			0.13043478260869565	0.23755656108597284
union_component_leave_one_out	component-04	nuisance_ridge	metadata_only	RCSB-4UG8-HW1-KD	construct-001-c5158f5b655d	6.346787486224656	5.307186085261881			0.13636363636363635	0.23755656108597284
union_component_leave_one_out	component-04	nuisance_ridge	metadata_only	RCSB-4UGS-H36-KD	construct-001-c5158f5b655d	3.8961962790440428	5.3117974635207			0.1724137931034483	0.23755656108597284
union_component_leave_one_out	component-04	nuisance_ridge	metadata_only	RCSB-4UGM-1QE-KD	construct-001-c5158f5b655d	4.00436480540245	5.316318422597973			0.2647058823529412	0.23755656108597284
union_component_leave_one_out	component-04	nuisance_ridge	metadata_only	RCSB-4UGI-SKO-KD	construct-001-c5158f5b655d	4.73754891026957	5.303252850864653			0.17105263157894737	0.23755656108597284
union_component_leave_one_out	component-04	nuisance_ridge	metadata_only	RCSB-4UG7-1EV-KD	construct-001-c5158f5b655d	5.349692476868063	5.301399257642971			0.18309859154929578	0.23755656108597284
union_component_leave_one_out	component-04	nuisance_ridge	metadata_only	RCSB-4UGH-4V4-KD	construct-001-c5158f5b655d	4.297052753818444	5.311978301883791			0.18181818181818182	0.23755656108597284
union_component_leave_one_out	component-04	nuisance_ridge	metadata_only	RCSB-4UGL-S90-KD	construct-001-c5158f5b655d	4.206628751081045	5.304111833089335			0.14444444444444443	0.23755656108597284
union_component_leave_one_out	component-04	nuisance_ridge	metadata_only	RCSB-4UGD-Q14-KD	construct-001-c5158f5b655d	4.421360790031928	5.313605847151609			0.1375	0.23755656108597284
union_component_leave_one_out	component-04	nuisance_ridge	metadata_only	RCSB-4UGG-S5D-KD	construct-001-c5158f5b655d	4.59176003468815	5.328344173743521			0.17105263157894737	0.23755656108597284
union_component_leave_one_out	component-04	nuisance_ridge	metadata_only	RCSB-4UG9-1EW-KD	construct-001-c5158f5b655d	5.064996848546345	5.305061234495563			0.18032786885245902	0.23755656108597284
union_component_leave_one_out	component-04	nuisance_ridge	metadata_only	RCSB-4UGC-1Q6-KD	construct-001-c5158f5b655d	4.728158393463501	5.303252850864653			0.14102564102564102	0.23755656108597284
union_component_leave_one_out	component-04	nuisance_ridge	metadata_only	RCSB-4UGO-1QF-KD	construct-001-c5158f5b655d	4.205511953340831	5.329429203922067			0.26582278481012656	0.23755656108597284
union_component_leave_one_out	component-04	nuisance_ridge	metadata_only	RCSB-4UGB-QJ7-KD	construct-001-c5158f5b655d	3.6252516539898965	5.3082711154404265			0.16853932584269662	0.23755656108597284
union_component_leave_one_out	component-04	nuisance_ridge	metadata_only	RCSB-4UGN-H49-KD	construct-001-c5158f5b655d	4.749579997691106	5.316318422597973			0.2222222222222222	0.23755656108597284
union_component_leave_one_out	component-04	ligand_ecfp_ridge	ligand_only	RCSB-4UGY-EXI-KD	construct-001-c5158f5b655d	4.239577516576788	5.266455127120513			0.12345679012345678	0.23755656108597284
union_component_leave_one_out	component-04	ligand_ecfp_ridge	ligand_only	RCSB-4UGR-6E5-KD	construct-001-c5158f5b655d	4.958607314841775	5.298780476881351			0.20689655172413793	0.23755656108597284
union_component_leave_one_out	component-04	ligand_ecfp_ridge	ligand_only	RCSB-4UGA-Q05-KD	construct-001-c5158f5b655d	4.214670164989233	5.12085318007368			0.17647058823529413	0.23755656108597284
union_component_leave_one_out	component-04	ligand_ecfp_ridge	ligand_only	RCSB-4UG5-XFK-KD	construct-001-c5158f5b655d	5.298432014944073	5.275617687644446			0.11666666666666667	0.23755656108597284
union_component_leave_one_out	component-04	ligand_ecfp_ridge	ligand_only	RCSB-4UG6-XFJ-KD	construct-001-c5158f5b655d	5.571865205971211	5.275617687644446			0.13043478260869565	0.23755656108597284
union_component_leave_one_out	component-04	ligand_ecfp_ridge	ligand_only	RCSB-4UG8-HW1-KD	construct-001-c5158f5b655d	6.346787486224656	5.408935950303238			0.13636363636363635	0.23755656108597284
union_component_leave_one_out	component-04	ligand_ecfp_ridge	ligand_only	RCSB-4UGS-H36-KD	construct-001-c5158f5b655d	3.8961962790440428	5.246424973074385			0.1724137931034483	0.23755656108597284
union_component_leave_one_out	component-04	ligand_ecfp_ridge	ligand_only	RCSB-4UGM-1QE-KD	construct-001-c5158f5b655d	4.00436480540245	5.156520718921566			0.2647058823529412	0.23755656108597284
union_component_leave_one_out	component-04	ligand_ecfp_ridge	ligand_only	RCSB-4UGI-SKO-KD	construct-001-c5158f5b655d	4.73754891026957	5.260452410006947			0.17105263157894737	0.23755656108597284
union_component_leave_one_out	component-04	ligand_ecfp_ridge	ligand_only	RCSB-4UG7-1EV-KD	construct-001-c5158f5b655d	5.349692476868063	5.669311196792087			0.18309859154929578	0.23755656108597284
union_component_leave_one_out	component-04	ligand_ecfp_ridge	ligand_only	RCSB-4UGH-4V4-KD	construct-001-c5158f5b655d	4.297052753818444	5.22987667071115			0.18181818181818182	0.23755656108597284
union_component_leave_one_out	component-04	ligand_ecfp_ridge	ligand_only	RCSB-4UGL-S90-KD	construct-001-c5158f5b655d	4.206628751081045	5.09999840274097			0.14444444444444443	0.23755656108597284
union_component_leave_one_out	component-04	ligand_ecfp_ridge	ligand_only	RCSB-4UGD-Q14-KD	construct-001-c5158f5b655d	4.421360790031928	5.422502898472319			0.1375	0.23755656108597284
union_component_leave_one_out	component-04	ligand_ecfp_ridge	ligand_only	RCSB-4UGG-S5D-KD	construct-001-c5158f5b655d	4.59176003468815	5.382780222305722			0.17105263157894737	0.23755656108597284
union_component_leave_one_out	component-04	ligand_ecfp_ridge	ligand_only	RCSB-4UG9-1EW-KD	construct-001-c5158f5b655d	5.064996848546345	5.146262168305455			0.18032786885245902	0.23755656108597284
union_component_leave_one_out	component-04	ligand_ecfp_ridge	ligand_only	RCSB-4UGC-1Q6-KD	construct-001-c5158f5b655d	4.728158393463501	5.54979450912555			0.14102564102564102	0.23755656108597284
union_component_leave_one_out	component-04	ligand_ecfp_ridge	ligand_only	RCSB-4UGO-1QF-KD	construct-001-c5158f5b655d	4.205511953340831	5.105748583661871			0.26582278481012656	0.23755656108597284
union_component_leave_one_out	component-04	ligand_ecfp_ridge	ligand_only	RCSB-4UGB-QJ7-KD	construct-001-c5158f5b655d	3.6252516539898965	5.094601633886663			0.16853932584269662	0.23755656108597284
union_component_leave_one_out	component-04	ligand_ecfp_ridge	ligand_only	RCSB-4UGN-H49-KD	construct-001-c5158f5b655d	4.749579997691106	5.385363061288748			0.2222222222222222	0.23755656108597284
union_component_leave_one_out	component-04	ligand_gmolai_ridge	ligand_only	RCSB-4UGY-EXI-KD	construct-001-c5158f5b655d	4.239577516576788	6.352989684756453			0.12345679012345678	0.23755656108597284
union_component_leave_one_out	component-04	ligand_gmolai_ridge	ligand_only	RCSB-4UGR-6E5-KD	construct-001-c5158f5b655d	4.958607314841775	6.697271647469634			0.20689655172413793	0.23755656108597284
union_component_leave_one_out	component-04	ligand_gmolai_ridge	ligand_only	RCSB-4UGA-Q05-KD	construct-001-c5158f5b655d	4.214670164989233	5.858463032542307			0.17647058823529413	0.23755656108597284
union_component_leave_one_out	component-04	ligand_gmolai_ridge	ligand_only	RCSB-4UG5-XFK-KD	construct-001-c5158f5b655d	5.298432014944073	6.675181110292538			0.11666666666666667	0.23755656108597284
union_component_leave_one_out	component-04	ligand_gmolai_ridge	ligand_only	RCSB-4UG6-XFJ-KD	construct-001-c5158f5b655d	5.571865205971211	6.622084952707562			0.13043478260869565	0.23755656108597284
union_component_leave_one_out	component-04	ligand_gmolai_ridge	ligand_only	RCSB-4UG8-HW1-KD	construct-001-c5158f5b655d	6.346787486224656	7.1436445863439015			0.13636363636363635	0.23755656108597284
union_component_leave_one_out	component-04	ligand_gmolai_ridge	ligand_only	RCSB-4UGS-H36-KD	construct-001-c5158f5b655d	3.8961962790440428	5.703548581371787			0.1724137931034483	0.23755656108597284
union_component_leave_one_out	component-04	ligand_gmolai_ridge	ligand_only	RCSB-4UGM-1QE-KD	construct-001-c5158f5b655d	4.00436480540245	5.641163652064471			0.2647058823529412	0.23755656108597284
union_component_leave_one_out	component-04	ligand_gmolai_ridge	ligand_only	RCSB-4UGI-SKO-KD	construct-001-c5158f5b655d	4.73754891026957	6.308294640321592			0.17105263157894737	0.23755656108597284
union_component_leave_one_out	component-04	ligand_gmolai_ridge	ligand_only	RCSB-4UG7-1EV-KD	construct-001-c5158f5b655d	5.349692476868063	7.113263938358603			0.18309859154929578	0.23755656108597284
union_component_leave_one_out	component-04	ligand_gmolai_ridge	ligand_only	RCSB-4UGH-4V4-KD	construct-001-c5158f5b655d	4.297052753818444	5.996905142756873			0.18181818181818182	0.23755656108597284
union_component_leave_one_out	component-04	ligand_gmolai_ridge	ligand_only	RCSB-4UGL-S90-KD	construct-001-c5158f5b655d	4.206628751081045	6.289750567232318			0.14444444444444443	0.23755656108597284
union_component_leave_one_out	component-04	ligand_gmolai_ridge	ligand_only	RCSB-4UGD-Q14-KD	construct-001-c5158f5b655d	4.421360790031928	7.262169796502559			0.1375	0.23755656108597284
union_component_leave_one_out	component-04	ligand_gmolai_ridge	ligand_only	RCSB-4UGG-S5D-KD	construct-001-c5158f5b655d	4.59176003468815	6.567008976079131			0.17105263157894737	0.23755656108597284
union_component_leave_one_out	component-04	ligand_gmolai_ridge	ligand_only	RCSB-4UG9-1EW-KD	construct-001-c5158f5b655d	5.064996848546345	6.688969582687862			0.18032786885245902	0.23755656108597284
union_component_leave_one_out	component-04	ligand_gmolai_ridge	ligand_only	RCSB-4UGC-1Q6-KD	construct-001-c5158f5b655d	4.728158393463501	7.140630170110317			0.14102564102564102	0.23755656108597284
union_component_leave_one_out	component-04	ligand_gmolai_ridge	ligand_only	RCSB-4UGO-1QF-KD	construct-001-c5158f5b655d	4.205511953340831	5.8926560324855			0.26582278481012656	0.23755656108597284
union_component_leave_one_out	component-04	ligand_gmolai_ridge	ligand_only	RCSB-4UGB-QJ7-KD	construct-001-c5158f5b655d	3.6252516539898965	6.201136955728654			0.16853932584269662	0.23755656108597284
union_component_leave_one_out	component-04	ligand_gmolai_ridge	ligand_only	RCSB-4UGN-H49-KD	construct-001-c5158f5b655d	4.749579997691106	4.869344151501439			0.2222222222222222	0.23755656108597284
union_component_leave_one_out	component-04	protein_sequence_ridge	sequence_only	RCSB-4UGY-EXI-KD	construct-001-c5158f5b655d	4.239577516576788	5.349199021387084			0.12345679012345678	0.23755656108597284
union_component_leave_one_out	component-04	protein_sequence_ridge	sequence_only	RCSB-4UGR-6E5-KD	construct-001-c5158f5b655d	4.958607314841775	5.349199021387084			0.20689655172413793	0.23755656108597284
union_component_leave_one_out	component-04	protein_sequence_ridge	sequence_only	RCSB-4UGA-Q05-KD	construct-001-c5158f5b655d	4.214670164989233	5.349199021387084			0.17647058823529413	0.23755656108597284
union_component_leave_one_out	component-04	protein_sequence_ridge	sequence_only	RCSB-4UG5-XFK-KD	construct-001-c5158f5b655d	5.298432014944073	5.349199021387084			0.11666666666666667	0.23755656108597284
union_component_leave_one_out	component-04	protein_sequence_ridge	sequence_only	RCSB-4UG6-XFJ-KD	construct-001-c5158f5b655d	5.571865205971211	5.349199021387084			0.13043478260869565	0.23755656108597284
union_component_leave_one_out	component-04	protein_sequence_ridge	sequence_only	RCSB-4UG8-HW1-KD	construct-001-c5158f5b655d	6.346787486224656	5.349199021387084			0.13636363636363635	0.23755656108597284
union_component_leave_one_out	component-04	protein_sequence_ridge	sequence_only	RCSB-4UGS-H36-KD	construct-001-c5158f5b655d	3.8961962790440428	5.349199021387084			0.1724137931034483	0.23755656108597284
union_component_leave_one_out	component-04	protein_sequence_ridge	sequence_only	RCSB-4UGM-1QE-KD	construct-001-c5158f5b655d	4.00436480540245	5.349199021387084			0.2647058823529412	0.23755656108597284
union_component_leave_one_out	component-04	protein_sequence_ridge	sequence_only	RCSB-4UGI-SKO-KD	construct-001-c5158f5b655d	4.73754891026957	5.349199021387084			0.17105263157894737	0.23755656108597284
union_component_leave_one_out	component-04	protein_sequence_ridge	sequence_only	RCSB-4UG7-1EV-KD	construct-001-c5158f5b655d	5.349692476868063	5.349199021387084			0.18309859154929578	0.23755656108597284
union_component_leave_one_out	component-04	protein_sequence_ridge	sequence_only	RCSB-4UGH-4V4-KD	construct-001-c5158f5b655d	4.297052753818444	5.349199021387084			0.18181818181818182	0.23755656108597284
union_component_leave_one_out	component-04	protein_sequence_ridge	sequence_only	RCSB-4UGL-S90-KD	construct-001-c5158f5b655d	4.206628751081045	5.349199021387084			0.14444444444444443	0.23755656108597284
union_component_leave_one_out	component-04	protein_sequence_ridge	sequence_only	RCSB-4UGD-Q14-KD	construct-001-c5158f5b655d	4.421360790031928	5.349199021387084			0.1375	0.23755656108597284
union_component_leave_one_out	component-04	protein_sequence_ridge	sequence_only	RCSB-4UGG-S5D-KD	construct-001-c5158f5b655d	4.59176003468815	5.349199021387084			0.17105263157894737	0.23755656108597284
union_component_leave_one_out	component-04	protein_sequence_ridge	sequence_only	RCSB-4UG9-1EW-KD	construct-001-c5158f5b655d	5.064996848546345	5.349199021387084			0.18032786885245902	0.23755656108597284
union_component_leave_one_out	component-04	protein_sequence_ridge	sequence_only	RCSB-4UGC-1Q6-KD	construct-001-c5158f5b655d	4.728158393463501	5.349199021387084			0.14102564102564102	0.23755656108597284
union_component_leave_one_out	component-04	protein_sequence_ridge	sequence_only	RCSB-4UGO-1QF-KD	construct-001-c5158f5b655d	4.205511953340831	5.349199021387084			0.26582278481012656	0.23755656108597284
union_component_leave_one_out	component-04	protein_sequence_ridge	sequence_only	RCSB-4UGB-QJ7-KD	construct-001-c5158f5b655d	3.6252516539898965	5.349199021387084			0.16853932584269662	0.23755656108597284
union_component_leave_one_out	component-04	protein_sequence_ridge	sequence_only	RCSB-4UGN-H49-KD	construct-001-c5158f5b655d	4.749579997691106	5.349199021387084			0.2222222222222222	0.23755656108597284
union_component_leave_one_out	component-04	concat_ecfp_sequence_ridge	sequence_ligand	RCSB-4UGY-EXI-KD	construct-001-c5158f5b655d	4.239577516576788	5.283730850594213			0.12345679012345678	0.23755656108597284
union_component_leave_one_out	component-04	concat_ecfp_sequence_ridge	sequence_ligand	RCSB-4UGR-6E5-KD	construct-001-c5158f5b655d	4.958607314841775	5.1882431791745365			0.20689655172413793	0.23755656108597284
union_component_leave_one_out	component-04	concat_ecfp_sequence_ridge	sequence_ligand	RCSB-4UGA-Q05-KD	construct-001-c5158f5b655d	4.214670164989233	4.998651080017294			0.17647058823529413	0.23755656108597284
union_component_leave_one_out	component-04	concat_ecfp_sequence_ridge	sequence_ligand	RCSB-4UG5-XFK-KD	construct-001-c5158f5b655d	5.298432014944073	5.289930696212866			0.11666666666666667	0.23755656108597284
union_component_leave_one_out	component-04	concat_ecfp_sequence_ridge	sequence_ligand	RCSB-4UG6-XFJ-KD	construct-001-c5158f5b655d	5.571865205971211	5.289930696212866			0.13043478260869565	0.23755656108597284
union_component_leave_one_out	component-04	concat_ecfp_sequence_ridge	sequence_ligand	RCSB-4UG8-HW1-KD	construct-001-c5158f5b655d	6.346787486224656	5.324368428451808			0.13636363636363635	0.23755656108597284
union_component_leave_one_out	component-04	concat_ecfp_sequence_ridge	sequence_ligand	RCSB-4UGS-H36-KD	construct-001-c5158f5b655d	3.8961962790440428	5.128354737025248			0.1724137931034483	0.23755656108597284
union_component_leave_one_out	component-04	concat_ecfp_sequence_ridge	sequence_ligand	RCSB-4UGM-1QE-KD	construct-001-c5158f5b655d	4.00436480540245	4.988165376795419			0.2647058823529412	0.23755656108597284
union_component_leave_one_out	component-04	concat_ecfp_sequence_ridge	sequence_ligand	RCSB-4UGI-SKO-KD	construct-001-c5158f5b655d	4.73754891026957	5.252784419981088			0.17105263157894737	0.23755656108597284
union_component_leave_one_out	component-04	concat_ecfp_sequence_ridge	sequence_ligand	RCSB-4UG7-1EV-KD	construct-001-c5158f5b655d	5.349692476868063	5.819746171757674			0.18309859154929578	0.23755656108597284
union_component_leave_one_out	component-04	concat_ecfp_sequence_ridge	sequence_ligand	RCSB-4UGH-4V4-KD	construct-001-c5158f5b655d	4.297052753818444	5.170567329042857			0.18181818181818182	0.23755656108597284
union_component_leave_one_out	component-04	concat_ecfp_sequence_ridge	sequence_ligand	RCSB-4UGL-S90-KD	construct-001-c5158f5b655d	4.206628751081045	5.14770862723029			0.14444444444444443	0.23755656108597284
union_component_leave_one_out	component-04	concat_ecfp_sequence_ridge	sequence_ligand	RCSB-4UGD-Q14-KD	construct-001-c5158f5b655d	4.421360790031928	5.42239609459165			0.1375	0.23755656108597284
union_component_leave_one_out	component-04	concat_ecfp_sequence_ridge	sequence_ligand	RCSB-4UGG-S5D-KD	construct-001-c5158f5b655d	4.59176003468815	5.27223092267277			0.17105263157894737	0.23755656108597284
union_component_leave_one_out	component-04	concat_ecfp_sequence_ridge	sequence_ligand	RCSB-4UG9-1EW-KD	construct-001-c5158f5b655d	5.064996848546345	5.086944092095302			0.18032786885245902	0.23755656108597284
union_component_leave_one_out	component-04	concat_ecfp_sequence_ridge	sequence_ligand	RCSB-4UGC-1Q6-KD	construct-001-c5158f5b655d	4.728158393463501	5.492515941819453			0.14102564102564102	0.23755656108597284
union_component_leave_one_out	component-04	concat_ecfp_sequence_ridge	sequence_ligand	RCSB-4UGO-1QF-KD	construct-001-c5158f5b655d	4.205511953340831	4.853777082165898			0.26582278481012656	0.23755656108597284
union_component_leave_one_out	component-04	concat_ecfp_sequence_ridge	sequence_ligand	RCSB-4UGB-QJ7-KD	construct-001-c5158f5b655d	3.6252516539898965	4.97541549346226			0.16853932584269662	0.23755656108597284
union_component_leave_one_out	component-04	concat_ecfp_sequence_ridge	sequence_ligand	RCSB-4UGN-H49-KD	construct-001-c5158f5b655d	4.749579997691106	5.229670137447689			0.2222222222222222	0.23755656108597284
union_component_leave_one_out	component-04	pocket_composition_ridge_S0	S0	RCSB-4UGY-EXI-KD	construct-001-c5158f5b655d	4.239577516576788	5.844731771088361			0.12345679012345678	0.23755656108597284
union_component_leave_one_out	component-04	pocket_composition_ridge_S0	S0	RCSB-4UGR-6E5-KD	construct-001-c5158f5b655d	4.958607314841775	5.844731771088361			0.20689655172413793	0.23755656108597284
union_component_leave_one_out	component-04	pocket_composition_ridge_S0	S0	RCSB-4UGA-Q05-KD	construct-001-c5158f5b655d	4.214670164989233	5.844731771088361			0.17647058823529413	0.23755656108597284
union_component_leave_one_out	component-04	pocket_composition_ridge_S0	S0	RCSB-4UG5-XFK-KD	construct-001-c5158f5b655d	5.298432014944073	5.844731771088361			0.11666666666666667	0.23755656108597284
union_component_leave_one_out	component-04	pocket_composition_ridge_S0	S0	RCSB-4UG6-XFJ-KD	construct-001-c5158f5b655d	5.571865205971211	5.844731771088361			0.13043478260869565	0.23755656108597284
union_component_leave_one_out	component-04	pocket_composition_ridge_S0	S0	RCSB-4UG8-HW1-KD	construct-001-c5158f5b655d	6.346787486224656	5.844731771088361			0.13636363636363635	0.23755656108597284
union_component_leave_one_out	component-04	pocket_composition_ridge_S0	S0	RCSB-4UGS-H36-KD	construct-001-c5158f5b655d	3.8961962790440428	5.844731771088361			0.1724137931034483	0.23755656108597284
union_component_leave_one_out	component-04	pocket_composition_ridge_S0	S0	RCSB-4UGM-1QE-KD	construct-001-c5158f5b655d	4.00436480540245	5.844731771088361			0.2647058823529412	0.23755656108597284
union_component_leave_one_out	component-04	pocket_composition_ridge_S0	S0	RCSB-4UGI-SKO-KD	construct-001-c5158f5b655d	4.73754891026957	5.844731771088361			0.17105263157894737	0.23755656108597284
union_component_leave_one_out	component-04	pocket_composition_ridge_S0	S0	RCSB-4UG7-1EV-KD	construct-001-c5158f5b655d	5.349692476868063	5.844731771088361			0.18309859154929578	0.23755656108597284
union_component_leave_one_out	component-04	pocket_composition_ridge_S0	S0	RCSB-4UGH-4V4-KD	construct-001-c5158f5b655d	4.297052753818444	5.844731771088361			0.18181818181818182	0.23755656108597284
union_component_leave_one_out	component-04	pocket_composition_ridge_S0	S0	RCSB-4UGL-S90-KD	construct-001-c5158f5b655d	4.206628751081045	5.844731771088361			0.14444444444444443	0.23755656108597284
union_component_leave_one_out	component-04	pocket_composition_ridge_S0	S0	RCSB-4UGD-Q14-KD	construct-001-c5158f5b655d	4.421360790031928	5.844731771088361			0.1375	0.23755656108597284
union_component_leave_one_out	component-04	pocket_composition_ridge_S0	S0	RCSB-4UGG-S5D-KD	construct-001-c5158f5b655d	4.59176003468815	5.844731771088361			0.17105263157894737	0.23755656108597284
union_component_leave_one_out	component-04	pocket_composition_ridge_S0	S0	RCSB-4UG9-1EW-KD	construct-001-c5158f5b655d	5.064996848546345	5.844731771088361			0.18032786885245902	0.23755656108597284
union_component_leave_one_out	component-04	pocket_composition_ridge_S0	S0	RCSB-4UGC-1Q6-KD	construct-001-c5158f5b655d	4.728158393463501	5.844731771088361			0.14102564102564102	0.23755656108597284
union_component_leave_one_out	component-04	pocket_composition_ridge_S0	S0	RCSB-4UGO-1QF-KD	construct-001-c5158f5b655d	4.205511953340831	5.844731771088361			0.26582278481012656	0.23755656108597284
union_component_leave_one_out	component-04	pocket_composition_ridge_S0	S0	RCSB-4UGB-QJ7-KD	construct-001-c5158f5b655d	3.6252516539898965	5.844731771088361			0.16853932584269662	0.23755656108597284
union_component_leave_one_out	component-04	pocket_composition_ridge_S0	S0	RCSB-4UGN-H49-KD	construct-001-c5158f5b655d	4.749579997691106	5.844731771088361			0.2222222222222222	0.23755656108597284
union_component_leave_one_out	component-04	pocket_structure_ridge_S0	S0	RCSB-4UGY-EXI-KD	construct-001-c5158f5b655d	4.239577516576788	5.84516071598058			0.12345679012345678	0.23755656108597284
union_component_leave_one_out	component-04	pocket_structure_ridge_S0	S0	RCSB-4UGR-6E5-KD	construct-001-c5158f5b655d	4.958607314841775	5.852321618131116			0.20689655172413793	0.23755656108597284
union_component_leave_one_out	component-04	pocket_structure_ridge_S0	S0	RCSB-4UGA-Q05-KD	construct-001-c5158f5b655d	4.214670164989233	5.808214360664308			0.17647058823529413	0.23755656108597284
union_component_leave_one_out	component-04	pocket_structure_ridge_S0	S0	RCSB-4UG5-XFK-KD	construct-001-c5158f5b655d	5.298432014944073	5.882978207896315			0.11666666666666667	0.23755656108597284
union_component_leave_one_out	component-04	pocket_structure_ridge_S0	S0	RCSB-4UG6-XFJ-KD	construct-001-c5158f5b655d	5.571865205971211	5.92788831392819			0.13043478260869565	0.23755656108597284
union_component_leave_one_out	component-04	pocket_structure_ridge_S0	S0	RCSB-4UG8-HW1-KD	construct-001-c5158f5b655d	6.346787486224656	5.841395173980534			0.13636363636363635	0.23755656108597284
union_component_leave_one_out	component-04	pocket_structure_ridge_S0	S0	RCSB-4UGS-H36-KD	construct-001-c5158f5b655d	3.8961962790440428	5.8062831057554805			0.1724137931034483	0.23755656108597284
union_component_leave_one_out	component-04	pocket_structure_ridge_S0	S0	RCSB-4UGM-1QE-KD	construct-001-c5158f5b655d	4.00436480540245	5.835830493989505			0.2647058823529412	0.23755656108597284
union_component_leave_one_out	component-04	pocket_structure_ridge_S0	S0	RCSB-4UGI-SKO-KD	construct-001-c5158f5b655d	4.73754891026957	5.88653681110492			0.17105263157894737	0.23755656108597284
union_component_leave_one_out	component-04	pocket_structure_ridge_S0	S0	RCSB-4UG7-1EV-KD	construct-001-c5158f5b655d	5.349692476868063	5.912401042426167			0.18309859154929578	0.23755656108597284
union_component_leave_one_out	component-04	pocket_structure_ridge_S0	S0	RCSB-4UGH-4V4-KD	construct-001-c5158f5b655d	4.297052753818444	5.871491097713057			0.18181818181818182	0.23755656108597284
union_component_leave_one_out	component-04	pocket_structure_ridge_S0	S0	RCSB-4UGL-S90-KD	construct-001-c5158f5b655d	4.206628751081045	5.803861223922362			0.14444444444444443	0.23755656108597284
union_component_leave_one_out	component-04	pocket_structure_ridge_S0	S0	RCSB-4UGD-Q14-KD	construct-001-c5158f5b655d	4.421360790031928	5.835792068095395			0.1375	0.23755656108597284
union_component_leave_one_out	component-04	pocket_structure_ridge_S0	S0	RCSB-4UGG-S5D-KD	construct-001-c5158f5b655d	4.59176003468815	5.863260794835095			0.17105263157894737	0.23755656108597284
union_component_leave_one_out	component-04	pocket_structure_ridge_S0	S0	RCSB-4UG9-1EW-KD	construct-001-c5158f5b655d	5.064996848546345	5.818004999543173			0.18032786885245902	0.23755656108597284
union_component_leave_one_out	component-04	pocket_structure_ridge_S0	S0	RCSB-4UGC-1Q6-KD	construct-001-c5158f5b655d	4.728158393463501	5.85695623698972			0.14102564102564102	0.23755656108597284
union_component_leave_one_out	component-04	pocket_structure_ridge_S0	S0	RCSB-4UGO-1QF-KD	construct-001-c5158f5b655d	4.205511953340831	5.833772937986994			0.26582278481012656	0.23755656108597284
union_component_leave_one_out	component-04	pocket_structure_ridge_S0	S0	RCSB-4UGB-QJ7-KD	construct-001-c5158f5b655d	3.6252516539898965	5.906386094353161			0.16853932584269662	0.23755656108597284
union_component_leave_one_out	component-04	pocket_structure_ridge_S0	S0	RCSB-4UGN-H49-KD	construct-001-c5158f5b655d	4.749579997691106	5.82181899595608			0.2222222222222222	0.23755656108597284
union_component_leave_one_out	component-04	concat_ecfp_pocket_ridge_S0	S0	RCSB-4UGY-EXI-KD	construct-001-c5158f5b655d	4.239577516576788	5.561656124720241			0.12345679012345678	0.23755656108597284
union_component_leave_one_out	component-04	concat_ecfp_pocket_ridge_S0	S0	RCSB-4UGR-6E5-KD	construct-001-c5158f5b655d	4.958607314841775	5.5457561898052825			0.20689655172413793	0.23755656108597284
union_component_leave_one_out	component-04	concat_ecfp_pocket_ridge_S0	S0	RCSB-4UGA-Q05-KD	construct-001-c5158f5b655d	4.214670164989233	5.337538064616325			0.17647058823529413	0.23755656108597284
union_component_leave_one_out	component-04	concat_ecfp_pocket_ridge_S0	S0	RCSB-4UG5-XFK-KD	construct-001-c5158f5b655d	5.298432014944073	5.578031406523944			0.11666666666666667	0.23755656108597284
union_component_leave_one_out	component-04	concat_ecfp_pocket_ridge_S0	S0	RCSB-4UG6-XFJ-KD	construct-001-c5158f5b655d	5.571865205971211	5.604366928341582			0.13043478260869565	0.23755656108597284
union_component_leave_one_out	component-04	concat_ecfp_pocket_ridge_S0	S0	RCSB-4UG8-HW1-KD	construct-001-c5158f5b655d	6.346787486224656	5.656826830457476			0.13636363636363635	0.23755656108597284
union_component_leave_one_out	component-04	concat_ecfp_pocket_ridge_S0	S0	RCSB-4UGS-H36-KD	construct-001-c5158f5b655d	3.8961962790440428	5.457326347600192			0.1724137931034483	0.23755656108597284
union_component_leave_one_out	component-04	concat_ecfp_pocket_ridge_S0	S0	RCSB-4UGM-1QE-KD	construct-001-c5158f5b655d	4.00436480540245	5.37242033060547			0.2647058823529412	0.23755656108597284
union_component_leave_one_out	component-04	concat_ecfp_pocket_ridge_S0	S0	RCSB-4UGI-SKO-KD	construct-001-c5158f5b655d	4.73754891026957	5.565474701868356			0.17105263157894737	0.23755656108597284
union_component_leave_one_out	component-04	concat_ecfp_pocket_ridge_S0	S0	RCSB-4UG7-1EV-KD	construct-001-c5158f5b655d	5.349692476868063	6.02135065970534			0.18309859154929578	0.23755656108597284
union_component_leave_one_out	component-04	concat_ecfp_pocket_ridge_S0	S0	RCSB-4UGH-4V4-KD	construct-001-c5158f5b655d	4.297052753818444	5.504262663772604			0.18181818181818182	0.23755656108597284
union_component_leave_one_out	component-04	concat_ecfp_pocket_ridge_S0	S0	RCSB-4UGL-S90-KD	construct-001-c5158f5b655d	4.206628751081045	5.380113830098432			0.14444444444444443	0.23755656108597284
union_component_leave_one_out	component-04	concat_ecfp_pocket_ridge_S0	S0	RCSB-4UGD-Q14-KD	construct-001-c5158f5b655d	4.421360790031928	5.691166561878749			0.1375	0.23755656108597284
union_component_leave_one_out	component-04	concat_ecfp_pocket_ridge_S0	S0	RCSB-4UGG-S5D-KD	construct-001-c5158f5b655d	4.59176003468815	5.64033781581997			0.17105263157894737	0.23755656108597284
union_component_leave_one_out	component-04	concat_ecfp_pocket_ridge_S0	S0	RCSB-4UG9-1EW-KD	construct-001-c5158f5b655d	5.064996848546345	5.387829051212956			0.18032786885245902	0.23755656108597284
union_component_leave_one_out	component-04	concat_ecfp_pocket_ridge_S0	S0	RCSB-4UGC-1Q6-KD	construct-001-c5158f5b655d	4.728158393463501	5.803416890997316			0.14102564102564102	0.23755656108597284
union_component_leave_one_out	component-04	concat_ecfp_pocket_ridge_S0	S0	RCSB-4UGO-1QF-KD	construct-001-c5158f5b655d	4.205511953340831	5.292363210166384			0.26582278481012656	0.23755656108597284
union_component_leave_one_out	component-04	concat_ecfp_pocket_ridge_S0	S0	RCSB-4UGB-QJ7-KD	construct-001-c5158f5b655d	3.6252516539898965	5.354308212316024			0.16853932584269662	0.23755656108597284
union_component_leave_one_out	component-04	concat_ecfp_pocket_ridge_S0	S0	RCSB-4UGN-H49-KD	construct-001-c5158f5b655d	4.749579997691106	5.610092839049258			0.2222222222222222	0.23755656108597284
union_component_leave_one_out	component-04	concat_gmolai_pocket_ridge_S0	S0	RCSB-4UGY-EXI-KD	construct-001-c5158f5b655d	4.239577516576788	6.452951867649163			0.12345679012345678	0.23755656108597284
union_component_leave_one_out	component-04	concat_gmolai_pocket_ridge_S0	S0	RCSB-4UGR-6E5-KD	construct-001-c5158f5b655d	4.958607314841775	6.590401126631412			0.20689655172413793	0.23755656108597284
union_component_leave_one_out	component-04	concat_gmolai_pocket_ridge_S0	S0	RCSB-4UGA-Q05-KD	construct-001-c5158f5b655d	4.214670164989233	5.79672318926997			0.17647058823529413	0.23755656108597284
union_component_leave_one_out	component-04	concat_gmolai_pocket_ridge_S0	S0	RCSB-4UG5-XFK-KD	construct-001-c5158f5b655d	5.298432014944073	6.437034227242533			0.11666666666666667	0.23755656108597284
union_component_leave_one_out	component-04	concat_gmolai_pocket_ridge_S0	S0	RCSB-4UG6-XFJ-KD	construct-001-c5158f5b655d	5.571865205971211	6.420475330865704			0.13043478260869565	0.23755656108597284
union_component_leave_one_out	component-04	concat_gmolai_pocket_ridge_S0	S0	RCSB-4UG8-HW1-KD	construct-001-c5158f5b655d	6.346787486224656	6.866482260229711			0.13636363636363635	0.23755656108597284
union_component_leave_one_out	component-04	concat_gmolai_pocket_ridge_S0	S0	RCSB-4UGS-H36-KD	construct-001-c5158f5b655d	3.8961962790440428	6.07771304999141			0.1724137931034483	0.23755656108597284
union_component_leave_one_out	component-04	concat_gmolai_pocket_ridge_S0	S0	RCSB-4UGM-1QE-KD	construct-001-c5158f5b655d	4.00436480540245	5.744789652443728			0.2647058823529412	0.23755656108597284
union_component_leave_one_out	component-04	concat_gmolai_pocket_ridge_S0	S0	RCSB-4UGI-SKO-KD	construct-001-c5158f5b655d	4.73754891026957	6.463756747798464			0.17105263157894737	0.23755656108597284
union_component_leave_one_out	component-04	concat_gmolai_pocket_ridge_S0	S0	RCSB-4UG7-1EV-KD	construct-001-c5158f5b655d	5.349692476868063	6.821783340773068			0.18309859154929578	0.23755656108597284
union_component_leave_one_out	component-04	concat_gmolai_pocket_ridge_S0	S0	RCSB-4UGH-4V4-KD	construct-001-c5158f5b655d	4.297052753818444	6.05653752382071			0.18181818181818182	0.23755656108597284
union_component_leave_one_out	component-04	concat_gmolai_pocket_ridge_S0	S0	RCSB-4UGL-S90-KD	construct-001-c5158f5b655d	4.206628751081045	6.117447081374151			0.14444444444444443	0.23755656108597284
union_component_leave_one_out	component-04	concat_gmolai_pocket_ridge_S0	S0	RCSB-4UGD-Q14-KD	construct-001-c5158f5b655d	4.421360790031928	6.936888949942681			0.1375	0.23755656108597284
union_component_leave_one_out	component-04	concat_gmolai_pocket_ridge_S0	S0	RCSB-4UGG-S5D-KD	construct-001-c5158f5b655d	4.59176003468815	6.234484883617686			0.17105263157894737	0.23755656108597284
union_component_leave_one_out	component-04	concat_gmolai_pocket_ridge_S0	S0	RCSB-4UG9-1EW-KD	construct-001-c5158f5b655d	5.064996848546345	6.243843533543942			0.18032786885245902	0.23755656108597284
union_component_leave_one_out	component-04	concat_gmolai_pocket_ridge_S0	S0	RCSB-4UGC-1Q6-KD	construct-001-c5158f5b655d	4.728158393463501	6.920625213996829			0.14102564102564102	0.23755656108597284
union_component_leave_one_out	component-04	concat_gmolai_pocket_ridge_S0	S0	RCSB-4UGO-1QF-KD	construct-001-c5158f5b655d	4.205511953340831	5.931177339535773			0.26582278481012656	0.23755656108597284
union_component_leave_one_out	component-04	concat_gmolai_pocket_ridge_S0	S0	RCSB-4UGB-QJ7-KD	construct-001-c5158f5b655d	3.6252516539898965	6.16118442992333			0.16853932584269662	0.23755656108597284
union_component_leave_one_out	component-04	concat_gmolai_pocket_ridge_S0	S0	RCSB-4UGN-H49-KD	construct-001-c5158f5b655d	4.749579997691106	5.2085449067422225			0.2222222222222222	0.23755656108597284
union_component_leave_one_out	component-04	pocket_composition_ridge_S1	S1	RCSB-4UGY-EXI-KD	construct-001-c5158f5b655d	4.239577516576788	5.844731771088361			0.12345679012345678	0.23755656108597284
union_component_leave_one_out	component-04	pocket_composition_ridge_S1	S1	RCSB-4UGR-6E5-KD	construct-001-c5158f5b655d	4.958607314841775	5.844731771088361			0.20689655172413793	0.23755656108597284
union_component_leave_one_out	component-04	pocket_composition_ridge_S1	S1	RCSB-4UGA-Q05-KD	construct-001-c5158f5b655d	4.214670164989233	5.844731771088361			0.17647058823529413	0.23755656108597284
union_component_leave_one_out	component-04	pocket_composition_ridge_S1	S1	RCSB-4UG5-XFK-KD	construct-001-c5158f5b655d	5.298432014944073	5.844731771088361			0.11666666666666667	0.23755656108597284
union_component_leave_one_out	component-04	pocket_composition_ridge_S1	S1	RCSB-4UG6-XFJ-KD	construct-001-c5158f5b655d	5.571865205971211	5.844731771088361			0.13043478260869565	0.23755656108597284
union_component_leave_one_out	component-04	pocket_composition_ridge_S1	S1	RCSB-4UG8-HW1-KD	construct-001-c5158f5b655d	6.346787486224656	5.844731771088361			0.13636363636363635	0.23755656108597284
union_component_leave_one_out	component-04	pocket_composition_ridge_S1	S1	RCSB-4UGS-H36-KD	construct-001-c5158f5b655d	3.8961962790440428	5.844731771088361			0.1724137931034483	0.23755656108597284
union_component_leave_one_out	component-04	pocket_composition_ridge_S1	S1	RCSB-4UGM-1QE-KD	construct-001-c5158f5b655d	4.00436480540245	5.844731771088361			0.2647058823529412	0.23755656108597284
union_component_leave_one_out	component-04	pocket_composition_ridge_S1	S1	RCSB-4UGI-SKO-KD	construct-001-c5158f5b655d	4.73754891026957	5.844731771088361			0.17105263157894737	0.23755656108597284
union_component_leave_one_out	component-04	pocket_composition_ridge_S1	S1	RCSB-4UG7-1EV-KD	construct-001-c5158f5b655d	5.349692476868063	5.844731771088361			0.18309859154929578	0.23755656108597284
union_component_leave_one_out	component-04	pocket_composition_ridge_S1	S1	RCSB-4UGH-4V4-KD	construct-001-c5158f5b655d	4.297052753818444	5.844731771088361			0.18181818181818182	0.23755656108597284
union_component_leave_one_out	component-04	pocket_composition_ridge_S1	S1	RCSB-4UGL-S90-KD	construct-001-c5158f5b655d	4.206628751081045	5.844731771088361			0.14444444444444443	0.23755656108597284
union_component_leave_one_out	component-04	pocket_composition_ridge_S1	S1	RCSB-4UGD-Q14-KD	construct-001-c5158f5b655d	4.421360790031928	5.844731771088361			0.1375	0.23755656108597284
union_component_leave_one_out	component-04	pocket_composition_ridge_S1	S1	RCSB-4UGG-S5D-KD	construct-001-c5158f5b655d	4.59176003468815	5.844731771088361			0.17105263157894737	0.23755656108597284
union_component_leave_one_out	component-04	pocket_composition_ridge_S1	S1	RCSB-4UG9-1EW-KD	construct-001-c5158f5b655d	5.064996848546345	5.844731771088361			0.18032786885245902	0.23755656108597284
union_component_leave_one_out	component-04	pocket_composition_ridge_S1	S1	RCSB-4UGC-1Q6-KD	construct-001-c5158f5b655d	4.728158393463501	5.844731771088361			0.14102564102564102	0.23755656108597284
union_component_leave_one_out	component-04	pocket_composition_ridge_S1	S1	RCSB-4UGO-1QF-KD	construct-001-c5158f5b655d	4.205511953340831	5.844731771088361			0.26582278481012656	0.23755656108597284
union_component_leave_one_out	component-04	pocket_composition_ridge_S1	S1	RCSB-4UGB-QJ7-KD	construct-001-c5158f5b655d	3.6252516539898965	5.844731771088361			0.16853932584269662	0.23755656108597284
union_component_leave_one_out	component-04	pocket_composition_ridge_S1	S1	RCSB-4UGN-H49-KD	construct-001-c5158f5b655d	4.749579997691106	5.844731771088361			0.2222222222222222	0.23755656108597284
union_component_leave_one_out	component-04	pocket_structure_ridge_S1	S1	RCSB-4UGY-EXI-KD	construct-001-c5158f5b655d	4.239577516576788	5.923243767578813			0.12345679012345678	0.23755656108597284
union_component_leave_one_out	component-04	pocket_structure_ridge_S1	S1	RCSB-4UGR-6E5-KD	construct-001-c5158f5b655d	4.958607314841775	5.923243767578813			0.20689655172413793	0.23755656108597284
union_component_leave_one_out	component-04	pocket_structure_ridge_S1	S1	RCSB-4UGA-Q05-KD	construct-001-c5158f5b655d	4.214670164989233	5.923243767578813			0.17647058823529413	0.23755656108597284
union_component_leave_one_out	component-04	pocket_structure_ridge_S1	S1	RCSB-4UG5-XFK-KD	construct-001-c5158f5b655d	5.298432014944073	5.923243767578813			0.11666666666666667	0.23755656108597284
union_component_leave_one_out	component-04	pocket_structure_ridge_S1	S1	RCSB-4UG6-XFJ-KD	construct-001-c5158f5b655d	5.571865205971211	5.923243767578813			0.13043478260869565	0.23755656108597284
union_component_leave_one_out	component-04	pocket_structure_ridge_S1	S1	RCSB-4UG8-HW1-KD	construct-001-c5158f5b655d	6.346787486224656	5.923243767578813			0.13636363636363635	0.23755656108597284
union_component_leave_one_out	component-04	pocket_structure_ridge_S1	S1	RCSB-4UGS-H36-KD	construct-001-c5158f5b655d	3.8961962790440428	5.923243767578813			0.1724137931034483	0.23755656108597284
union_component_leave_one_out	component-04	pocket_structure_ridge_S1	S1	RCSB-4UGM-1QE-KD	construct-001-c5158f5b655d	4.00436480540245	5.923243767578813			0.2647058823529412	0.23755656108597284
union_component_leave_one_out	component-04	pocket_structure_ridge_S1	S1	RCSB-4UGI-SKO-KD	construct-001-c5158f5b655d	4.73754891026957	5.923243767578813			0.17105263157894737	0.23755656108597284
union_component_leave_one_out	component-04	pocket_structure_ridge_S1	S1	RCSB-4UG7-1EV-KD	construct-001-c5158f5b655d	5.349692476868063	5.923243767578813			0.18309859154929578	0.23755656108597284
union_component_leave_one_out	component-04	pocket_structure_ridge_S1	S1	RCSB-4UGH-4V4-KD	construct-001-c5158f5b655d	4.297052753818444	5.923243767578813			0.18181818181818182	0.23755656108597284
union_component_leave_one_out	component-04	pocket_structure_ridge_S1	S1	RCSB-4UGL-S90-KD	construct-001-c5158f5b655d	4.206628751081045	5.923243767578813			0.14444444444444443	0.23755656108597284
union_component_leave_one_out	component-04	pocket_structure_ridge_S1	S1	RCSB-4UGD-Q14-KD	construct-001-c5158f5b655d	4.421360790031928	5.923243767578813			0.1375	0.23755656108597284
union_component_leave_one_out	component-04	pocket_structure_ridge_S1	S1	RCSB-4UGG-S5D-KD	construct-001-c5158f5b655d	4.59176003468815	5.923243767578813			0.17105263157894737	0.23755656108597284
union_component_leave_one_out	component-04	pocket_structure_ridge_S1	S1	RCSB-4UG9-1EW-KD	construct-001-c5158f5b655d	5.064996848546345	5.923243767578813			0.18032786885245902	0.23755656108597284
union_component_leave_one_out	component-04	pocket_structure_ridge_S1	S1	RCSB-4UGC-1Q6-KD	construct-001-c5158f5b655d	4.728158393463501	5.923243767578813			0.14102564102564102	0.23755656108597284
union_component_leave_one_out	component-04	pocket_structure_ridge_S1	S1	RCSB-4UGO-1QF-KD	construct-001-c5158f5b655d	4.205511953340831	5.923243767578813			0.26582278481012656	0.23755656108597284
union_component_leave_one_out	component-04	pocket_structure_ridge_S1	S1	RCSB-4UGB-QJ7-KD	construct-001-c5158f5b655d	3.6252516539898965	5.923243767578813			0.16853932584269662	0.23755656108597284
union_component_leave_one_out	component-04	pocket_structure_ridge_S1	S1	RCSB-4UGN-H49-KD	construct-001-c5158f5b655d	4.749579997691106	5.923243767578813			0.2222222222222222	0.23755656108597284
union_component_leave_one_out	component-04	concat_ecfp_pocket_ridge_S1	S1	RCSB-4UGY-EXI-KD	construct-001-c5158f5b655d	4.239577516576788	5.624015970862505			0.12345679012345678	0.23755656108597284
union_component_leave_one_out	component-04	concat_ecfp_pocket_ridge_S1	S1	RCSB-4UGR-6E5-KD	construct-001-c5158f5b655d	4.958607314841775	5.601838292909809			0.20689655172413793	0.23755656108597284
union_component_leave_one_out	component-04	concat_ecfp_pocket_ridge_S1	S1	RCSB-4UGA-Q05-KD	construct-001-c5158f5b655d	4.214670164989233	5.410173782030777			0.17647058823529413	0.23755656108597284
union_component_leave_one_out	component-04	concat_ecfp_pocket_ridge_S1	S1	RCSB-4UG5-XFK-KD	construct-001-c5158f5b655d	5.298432014944073	5.630120179632032			0.11666666666666667	0.23755656108597284
union_component_leave_one_out	component-04	concat_ecfp_pocket_ridge_S1	S1	RCSB-4UG6-XFJ-KD	construct-001-c5158f5b655d	5.571865205971211	5.630120179632032			0.13043478260869565	0.23755656108597284
union_component_leave_one_out	component-04	concat_ecfp_pocket_ridge_S1	S1	RCSB-4UG8-HW1-KD	construct-001-c5158f5b655d	6.346787486224656	5.717978024404552			0.13636363636363635	0.23755656108597284
union_component_leave_one_out	component-04	concat_ecfp_pocket_ridge_S1	S1	RCSB-4UGS-H36-KD	construct-001-c5158f5b655d	3.8961962790440428	5.537258779851022			0.1724137931034483	0.23755656108597284
union_component_leave_one_out	component-04	concat_ecfp_pocket_ridge_S1	S1	RCSB-4UGM-1QE-KD	construct-001-c5158f5b655d	4.00436480540245	5.4377255209603765			0.2647058823529412	0.23755656108597284
union_component_leave_one_out	component-04	concat_ecfp_pocket_ridge_S1	S1	RCSB-4UGI-SKO-KD	construct-001-c5158f5b655d	4.73754891026957	5.61219214909567			0.17105263157894737	0.23755656108597284
union_component_leave_one_out	component-04	concat_ecfp_pocket_ridge_S1	S1	RCSB-4UG7-1EV-KD	construct-001-c5158f5b655d	5.349692476868063	6.081458502902848			0.18309859154929578	0.23755656108597284
union_component_leave_one_out	component-04	concat_ecfp_pocket_ridge_S1	S1	RCSB-4UGH-4V4-KD	construct-001-c5158f5b655d	4.297052753818444	5.558406053907752			0.18181818181818182	0.23755656108597284
union_component_leave_one_out	component-04	concat_ecfp_pocket_ridge_S1	S1	RCSB-4UGL-S90-KD	construct-001-c5158f5b655d	4.206628751081045	5.455289941084387			0.14444444444444443	0.23755656108597284
union_component_leave_one_out	component-04	concat_ecfp_pocket_ridge_S1	S1	RCSB-4UGD-Q14-KD	construct-001-c5158f5b655d	4.421360790031928	5.763205826975827			0.1375	0.23755656108597284
union_component_leave_one_out	component-04	concat_ecfp_pocket_ridge_S1	S1	RCSB-4UGG-S5D-KD	construct-001-c5158f5b655d	4.59176003468815	5.694370459684462			0.17105263157894737	0.23755656108597284
union_component_leave_one_out	component-04	concat_ecfp_pocket_ridge_S1	S1	RCSB-4UG9-1EW-KD	construct-001-c5158f5b655d	5.064996848546345	5.459578451319801			0.18032786885245902	0.23755656108597284
union_component_leave_one_out	component-04	concat_ecfp_pocket_ridge_S1	S1	RCSB-4UGC-1Q6-KD	construct-001-c5158f5b655d	4.728158393463501	5.869701664110425			0.14102564102564102	0.23755656108597284
union_component_leave_one_out	component-04	concat_ecfp_pocket_ridge_S1	S1	RCSB-4UGO-1QF-KD	construct-001-c5158f5b655d	4.205511953340831	5.351909554954946			0.26582278481012656	0.23755656108597284
union_component_leave_one_out	component-04	concat_ecfp_pocket_ridge_S1	S1	RCSB-4UGB-QJ7-KD	construct-001-c5158f5b655d	3.6252516539898965	5.391256700048586			0.16853932584269662	0.23755656108597284
union_component_leave_one_out	component-04	concat_ecfp_pocket_ridge_S1	S1	RCSB-4UGN-H49-KD	construct-001-c5158f5b655d	4.749579997691106	5.67690309815951			0.2222222222222222	0.23755656108597284
union_component_leave_one_out	component-04	concat_gmolai_pocket_ridge_S1	S1	RCSB-4UGY-EXI-KD	construct-001-c5158f5b655d	4.239577516576788	6.4999575825753775			0.12345679012345678	0.23755656108597284
union_component_leave_one_out	component-04	concat_gmolai_pocket_ridge_S1	S1	RCSB-4UGR-6E5-KD	construct-001-c5158f5b655d	4.958607314841775	6.586557476805272			0.20689655172413793	0.23755656108597284
union_component_leave_one_out	component-04	concat_gmolai_pocket_ridge_S1	S1	RCSB-4UGA-Q05-KD	construct-001-c5158f5b655d	4.214670164989233	5.859324168707474			0.17647058823529413	0.23755656108597284
union_component_leave_one_out	component-04	concat_gmolai_pocket_ridge_S1	S1	RCSB-4UG5-XFK-KD	construct-001-c5158f5b655d	5.298432014944073	6.4258482328962			0.11666666666666667	0.23755656108597284
union_component_leave_one_out	component-04	concat_gmolai_pocket_ridge_S1	S1	RCSB-4UG6-XFJ-KD	construct-001-c5158f5b655d	5.571865205971211	6.370873579309814			0.13043478260869565	0.23755656108597284
union_component_leave_one_out	component-04	concat_gmolai_pocket_ridge_S1	S1	RCSB-4UG8-HW1-KD	construct-001-c5158f5b655d	6.346787486224656	6.882717103770415			0.13636363636363635	0.23755656108597284
union_component_leave_one_out	component-04	concat_gmolai_pocket_ridge_S1	S1	RCSB-4UGS-H36-KD	construct-001-c5158f5b655d	3.8961962790440428	6.112325813310981			0.1724137931034483	0.23755656108597284
union_component_leave_one_out	component-04	concat_gmolai_pocket_ridge_S1	S1	RCSB-4UGM-1QE-KD	construct-001-c5158f5b655d	4.00436480540245	5.7449320178647545			0.2647058823529412	0.23755656108597284
union_component_leave_one_out	component-04	concat_gmolai_pocket_ridge_S1	S1	RCSB-4UGI-SKO-KD	construct-001-c5158f5b655d	4.73754891026957	6.4895048349540065			0.17105263157894737	0.23755656108597284
union_component_leave_one_out	component-04	concat_gmolai_pocket_ridge_S1	S1	RCSB-4UG7-1EV-KD	construct-001-c5158f5b655d	5.349692476868063	6.81614023409653			0.18309859154929578	0.23755656108597284
union_component_leave_one_out	component-04	concat_gmolai_pocket_ridge_S1	S1	RCSB-4UGH-4V4-KD	construct-001-c5158f5b655d	4.297052753818444	6.110735641055114			0.18181818181818182	0.23755656108597284
union_component_leave_one_out	component-04	concat_gmolai_pocket_ridge_S1	S1	RCSB-4UGL-S90-KD	construct-001-c5158f5b655d	4.206628751081045	6.179730479074826			0.14444444444444443	0.23755656108597284
union_component_leave_one_out	component-04	concat_gmolai_pocket_ridge_S1	S1	RCSB-4UGD-Q14-KD	construct-001-c5158f5b655d	4.421360790031928	6.953584766131181			0.1375	0.23755656108597284
union_component_leave_one_out	component-04	concat_gmolai_pocket_ridge_S1	S1	RCSB-4UGG-S5D-KD	construct-001-c5158f5b655d	4.59176003468815	6.260605161739888			0.17105263157894737	0.23755656108597284
union_component_leave_one_out	component-04	concat_gmolai_pocket_ridge_S1	S1	RCSB-4UG9-1EW-KD	construct-001-c5158f5b655d	5.064996848546345	6.253319959523547			0.18032786885245902	0.23755656108597284
union_component_leave_one_out	component-04	concat_gmolai_pocket_ridge_S1	S1	RCSB-4UGC-1Q6-KD	construct-001-c5158f5b655d	4.728158393463501	6.944005047390238			0.14102564102564102	0.23755656108597284
union_component_leave_one_out	component-04	concat_gmolai_pocket_ridge_S1	S1	RCSB-4UGO-1QF-KD	construct-001-c5158f5b655d	4.205511953340831	5.934514501499829			0.26582278481012656	0.23755656108597284
union_component_leave_one_out	component-04	concat_gmolai_pocket_ridge_S1	S1	RCSB-4UGB-QJ7-KD	construct-001-c5158f5b655d	3.6252516539898965	6.175411864426194			0.16853932584269662	0.23755656108597284
union_component_leave_one_out	component-04	concat_gmolai_pocket_ridge_S1	S1	RCSB-4UGN-H49-KD	construct-001-c5158f5b655d	4.749579997691106	5.276101742216928			0.2222222222222222	0.23755656108597284
union_component_leave_one_out	component-04	negative_pocket_permuted_concat_gmolai_S0	S0_negative_control	RCSB-4UGY-EXI-KD	construct-001-c5158f5b655d	4.239577516576788	6.33126407395355			0.12345679012345678	0.23755656108597284
union_component_leave_one_out	component-04	negative_pocket_permuted_concat_gmolai_S0	S0_negative_control	RCSB-4UGR-6E5-KD	construct-001-c5158f5b655d	4.958607314841775	6.462816420561222			0.20689655172413793	0.23755656108597284
union_component_leave_one_out	component-04	negative_pocket_permuted_concat_gmolai_S0	S0_negative_control	RCSB-4UGA-Q05-KD	construct-001-c5158f5b655d	4.214670164989233	5.734644191913249			0.17647058823529413	0.23755656108597284
union_component_leave_one_out	component-04	negative_pocket_permuted_concat_gmolai_S0	S0_negative_control	RCSB-4UG5-XFK-KD	construct-001-c5158f5b655d	5.298432014944073	6.315178140077524			0.11666666666666667	0.23755656108597284
union_component_leave_one_out	component-04	negative_pocket_permuted_concat_gmolai_S0	S0_negative_control	RCSB-4UG6-XFJ-KD	construct-001-c5158f5b655d	5.571865205971211	6.274518968414192			0.13043478260869565	0.23755656108597284
union_component_leave_one_out	component-04	negative_pocket_permuted_concat_gmolai_S0	S0_negative_control	RCSB-4UG8-HW1-KD	construct-001-c5158f5b655d	6.346787486224656	6.802830206383581			0.13636363636363635	0.23755656108597284
union_component_leave_one_out	component-04	negative_pocket_permuted_concat_gmolai_S0	S0_negative_control	RCSB-4UGS-H36-KD	construct-001-c5158f5b655d	3.8961962790440428	5.98842362247921			0.1724137931034483	0.23755656108597284
union_component_leave_one_out	component-04	negative_pocket_permuted_concat_gmolai_S0	S0_negative_control	RCSB-4UGM-1QE-KD	construct-001-c5158f5b655d	4.00436480540245	5.610294748280968			0.2647058823529412	0.23755656108597284
union_component_leave_one_out	component-04	negative_pocket_permuted_concat_gmolai_S0	S0_negative_control	RCSB-4UGI-SKO-KD	construct-001-c5158f5b655d	4.73754891026957	6.373018561359714			0.17105263157894737	0.23755656108597284
union_component_leave_one_out	component-04	negative_pocket_permuted_concat_gmolai_S0	S0_negative_control	RCSB-4UG7-1EV-KD	construct-001-c5158f5b655d	5.349692476868063	6.785679076856583			0.18309859154929578	0.23755656108597284
union_component_leave_one_out	component-04	negative_pocket_permuted_concat_gmolai_S0	S0_negative_control	RCSB-4UGH-4V4-KD	construct-001-c5158f5b655d	4.297052753818444	6.006665559891849			0.18181818181818182	0.23755656108597284
union_component_leave_one_out	component-04	negative_pocket_permuted_concat_gmolai_S0	S0_negative_control	RCSB-4UGL-S90-KD	construct-001-c5158f5b655d	4.206628751081045	6.088709456700263			0.14444444444444443	0.23755656108597284
union_component_leave_one_out	component-04	negative_pocket_permuted_concat_gmolai_S0	S0_negative_control	RCSB-4UGD-Q14-KD	construct-001-c5158f5b655d	4.421360790031928	6.851444808596618			0.1375	0.23755656108597284
union_component_leave_one_out	component-04	negative_pocket_permuted_concat_gmolai_S0	S0_negative_control	RCSB-4UGG-S5D-KD	construct-001-c5158f5b655d	4.59176003468815	6.148253117471035			0.17105263157894737	0.23755656108597284
union_component_leave_one_out	component-04	negative_pocket_permuted_concat_gmolai_S0	S0_negative_control	RCSB-4UG9-1EW-KD	construct-001-c5158f5b655d	5.064996848546345	6.151035463447865			0.18032786885245902	0.23755656108597284
union_component_leave_one_out	component-04	negative_pocket_permuted_concat_gmolai_S0	S0_negative_control	RCSB-4UGC-1Q6-KD	construct-001-c5158f5b655d	4.728158393463501	6.873244432925145			0.14102564102564102	0.23755656108597284
union_component_leave_one_out	component-04	negative_pocket_permuted_concat_gmolai_S0	S0_negative_control	RCSB-4UGO-1QF-KD	construct-001-c5158f5b655d	4.205511953340831	5.805182616227082			0.26582278481012656	0.23755656108597284
union_component_leave_one_out	component-04	negative_pocket_permuted_concat_gmolai_S0	S0_negative_control	RCSB-4UGB-QJ7-KD	construct-001-c5158f5b655d	3.6252516539898965	6.02483712645325			0.16853932584269662	0.23755656108597284
union_component_leave_one_out	component-04	negative_pocket_permuted_concat_gmolai_S0	S0_negative_control	RCSB-4UGN-H49-KD	construct-001-c5158f5b655d	4.749579997691106	5.128675537058079			0.2222222222222222	0.23755656108597284
union_component_leave_one_out	component-04	additive_gmolai_pocket_equal_S0	S0	RCSB-4UGY-EXI-KD	construct-001-c5158f5b655d	4.239577516576788	6.0990752003685165			0.12345679012345678	0.23755656108597284
union_component_leave_one_out	component-04	additive_gmolai_pocket_equal_S0	S0	RCSB-4UGR-6E5-KD	construct-001-c5158f5b655d	4.958607314841775	6.274796632800375			0.20689655172413793	0.23755656108597284
union_component_leave_one_out	component-04	additive_gmolai_pocket_equal_S0	S0	RCSB-4UGA-Q05-KD	construct-001-c5158f5b655d	4.214670164989233	5.833338696603308			0.17647058823529413	0.23755656108597284
union_component_leave_one_out	component-04	additive_gmolai_pocket_equal_S0	S0	RCSB-4UG5-XFK-KD	construct-001-c5158f5b655d	5.298432014944073	6.2790796590944264			0.11666666666666667	0.23755656108597284
union_component_leave_one_out	component-04	additive_gmolai_pocket_equal_S0	S0	RCSB-4UG6-XFJ-KD	construct-001-c5158f5b655d	5.571865205971211	6.2749866333178765			0.13043478260869565	0.23755656108597284
union_component_leave_one_out	component-04	additive_gmolai_pocket_equal_S0	S0	RCSB-4UG8-HW1-KD	construct-001-c5158f5b655d	6.346787486224656	6.492519880162218			0.13636363636363635	0.23755656108597284
union_component_leave_one_out	component-04	additive_gmolai_pocket_equal_S0	S0	RCSB-4UGS-H36-KD	construct-001-c5158f5b655d	3.8961962790440428	5.754915843563634			0.1724137931034483	0.23755656108597284
union_component_leave_one_out	component-04	additive_gmolai_pocket_equal_S0	S0	RCSB-4UGM-1QE-KD	construct-001-c5158f5b655d	4.00436480540245	5.738497073026988			0.2647058823529412	0.23755656108597284
union_component_leave_one_out	component-04	additive_gmolai_pocket_equal_S0	S0	RCSB-4UGI-SKO-KD	construct-001-c5158f5b655d	4.73754891026957	6.097415725713256			0.17105263157894737	0.23755656108597284
union_component_leave_one_out	component-04	additive_gmolai_pocket_equal_S0	S0	RCSB-4UG7-1EV-KD	construct-001-c5158f5b655d	5.349692476868063	6.512832490392385			0.18309859154929578	0.23755656108597284
union_component_leave_one_out	component-04	additive_gmolai_pocket_equal_S0	S0	RCSB-4UGH-4V4-KD	construct-001-c5158f5b655d	4.297052753818444	5.934198120234965			0.18181818181818182	0.23755656108597284
union_component_leave_one_out	component-04	additive_gmolai_pocket_equal_S0	S0	RCSB-4UGL-S90-KD	construct-001-c5158f5b655d	4.206628751081045	6.046805895577339			0.14444444444444443	0.23755656108597284
union_component_leave_one_out	component-04	additive_gmolai_pocket_equal_S0	S0	RCSB-4UGD-Q14-KD	construct-001-c5158f5b655d	4.421360790031928	6.548980932298977			0.1375	0.23755656108597284
union_component_leave_one_out	component-04	additive_gmolai_pocket_equal_S0	S0	RCSB-4UGG-S5D-KD	construct-001-c5158f5b655d	4.59176003468815	6.215134885457113			0.17105263157894737	0.23755656108597284
union_component_leave_one_out	component-04	additive_gmolai_pocket_equal_S0	S0	RCSB-4UG9-1EW-KD	construct-001-c5158f5b655d	5.064996848546345	6.253487291115517			0.18032786885245902	0.23755656108597284
union_component_leave_one_out	component-04	additive_gmolai_pocket_equal_S0	S0	RCSB-4UGC-1Q6-KD	construct-001-c5158f5b655d	4.728158393463501	6.498793203550019			0.14102564102564102	0.23755656108597284
union_component_leave_one_out	component-04	additive_gmolai_pocket_equal_S0	S0	RCSB-4UGO-1QF-KD	construct-001-c5158f5b655d	4.205511953340831	5.863214485236247			0.26582278481012656	0.23755656108597284
union_component_leave_one_out	component-04	additive_gmolai_pocket_equal_S0	S0	RCSB-4UGB-QJ7-KD	construct-001-c5158f5b655d	3.6252516539898965	6.053761525040908			0.16853932584269662	0.23755656108597284
union_component_leave_one_out	component-04	additive_gmolai_pocket_equal_S0	S0	RCSB-4UGN-H49-KD	construct-001-c5158f5b655d	4.749579997691106	5.34558157372876			0.2222222222222222	0.23755656108597284
union_component_leave_one_out	component-04	additive_gmolai_pocket_equal_S1	S1	RCSB-4UGY-EXI-KD	construct-001-c5158f5b655d	4.239577516576788	6.138116726167633			0.12345679012345678	0.23755656108597284
union_component_leave_one_out	component-04	additive_gmolai_pocket_equal_S1	S1	RCSB-4UGR-6E5-KD	construct-001-c5158f5b655d	4.958607314841775	6.310257707524224			0.20689655172413793	0.23755656108597284
union_component_leave_one_out	component-04	additive_gmolai_pocket_equal_S1	S1	RCSB-4UGA-Q05-KD	construct-001-c5158f5b655d	4.214670164989233	5.890853400060561			0.17647058823529413	0.23755656108597284
union_component_leave_one_out	component-04	additive_gmolai_pocket_equal_S1	S1	RCSB-4UG5-XFK-KD	construct-001-c5158f5b655d	5.298432014944073	6.299212438935676			0.11666666666666667	0.23755656108597284
union_component_leave_one_out	component-04	additive_gmolai_pocket_equal_S1	S1	RCSB-4UG6-XFJ-KD	construct-001-c5158f5b655d	5.571865205971211	6.272664360143187			0.13043478260869565	0.23755656108597284
union_component_leave_one_out	component-04	additive_gmolai_pocket_equal_S1	S1	RCSB-4UG8-HW1-KD	construct-001-c5158f5b655d	6.346787486224656	6.533444176961357			0.13636363636363635	0.23755656108597284
union_component_leave_one_out	component-04	additive_gmolai_pocket_equal_S1	S1	RCSB-4UGS-H36-KD	construct-001-c5158f5b655d	3.8961962790440428	5.8133961744753			0.1724137931034483	0.23755656108597284
union_component_leave_one_out	component-04	additive_gmolai_pocket_equal_S1	S1	RCSB-4UGM-1QE-KD	construct-001-c5158f5b655d	4.00436480540245	5.782203709821642			0.2647058823529412	0.23755656108597284
union_component_leave_one_out	component-04	additive_gmolai_pocket_equal_S1	S1	RCSB-4UGI-SKO-KD	construct-001-c5158f5b655d	4.73754891026957	6.115769203950203			0.17105263157894737	0.23755656108597284
union_component_leave_one_out	component-04	additive_gmolai_pocket_equal_S1	S1	RCSB-4UG7-1EV-KD	construct-001-c5158f5b655d	5.349692476868063	6.518253852968709			0.18309859154929578	0.23755656108597284
union_component_leave_one_out	component-04	additive_gmolai_pocket_equal_S1	S1	RCSB-4UGH-4V4-KD	construct-001-c5158f5b655d	4.297052753818444	5.9600744551678435			0.18181818181818182	0.23755656108597284
union_component_leave_one_out	component-04	additive_gmolai_pocket_equal_S1	S1	RCSB-4UGL-S90-KD	construct-001-c5158f5b655d	4.206628751081045	6.106497167405566			0.14444444444444443	0.23755656108597284
union_component_leave_one_out	component-04	additive_gmolai_pocket_equal_S1	S1	RCSB-4UGD-Q14-KD	construct-001-c5158f5b655d	4.421360790031928	6.592706782040686			0.1375	0.23755656108597284
union_component_leave_one_out	component-04	additive_gmolai_pocket_equal_S1	S1	RCSB-4UGG-S5D-KD	construct-001-c5158f5b655d	4.59176003468815	6.245126371828972			0.17105263157894737	0.23755656108597284
union_component_leave_one_out	component-04	additive_gmolai_pocket_equal_S1	S1	RCSB-4UG9-1EW-KD	construct-001-c5158f5b655d	5.064996848546345	6.3061066751333374			0.18032786885245902	0.23755656108597284
union_component_leave_one_out	component-04	additive_gmolai_pocket_equal_S1	S1	RCSB-4UGC-1Q6-KD	construct-001-c5158f5b655d	4.728158393463501	6.531936968844565			0.14102564102564102	0.23755656108597284
union_component_leave_one_out	component-04	additive_gmolai_pocket_equal_S1	S1	RCSB-4UGO-1QF-KD	construct-001-c5158f5b655d	4.205511953340831	5.907949900032157			0.26582278481012656	0.23755656108597284
union_component_leave_one_out	component-04	additive_gmolai_pocket_equal_S1	S1	RCSB-4UGB-QJ7-KD	construct-001-c5158f5b655d	3.6252516539898965	6.062190361653734			0.16853932584269662	0.23755656108597284
union_component_leave_one_out	component-04	additive_gmolai_pocket_equal_S1	S1	RCSB-4UGN-H49-KD	construct-001-c5158f5b655d	4.749579997691106	5.396293959540126			0.2222222222222222	0.23755656108597284
union_component_leave_one_out	component-04	ligand_ecfp_knn	ligand_only	RCSB-4UGY-EXI-KD	construct-001-c5158f5b655d	4.239577516576788	4.803205207645138	RCSB-5D3T-56Y-KD	0.12345679012345678	0.12345679012345678	0.23755656108597284
union_component_leave_one_out	component-04	ligand_ecfp_knn	ligand_only	RCSB-4UGR-6E5-KD	construct-001-c5158f5b655d	4.958607314841775	5.438528486154813	RCSB-7AXR-S7T-KD	0.20689655172413793	0.20689655172413793	0.23755656108597284
union_component_leave_one_out	component-04	ligand_ecfp_knn	ligand_only	RCSB-4UGA-Q05-KD	construct-001-c5158f5b655d	4.214670164989233	5.484698999289163	RCSB-7AXR-S7T-KD	0.17647058823529413	0.17647058823529413	0.23755656108597284
union_component_leave_one_out	component-04	ligand_ecfp_knn	ligand_only	RCSB-4UG5-XFK-KD	construct-001-c5158f5b655d	5.298432014944073	4.845500870975065	RCSB-6RQ5-KEB-KD	0.11666666666666667	0.11666666666666667	0.23755656108597284
union_component_leave_one_out	component-04	ligand_ecfp_knn	ligand_only	RCSB-4UG6-XFJ-KD	construct-001-c5158f5b655d	5.571865205971211	4.831780686240559	RCSB-5EWH-5SG-KD	0.13043478260869565	0.13043478260869565	0.23755656108597284
union_component_leave_one_out	component-04	ligand_ecfp_knn	ligand_only	RCSB-4UG8-HW1-KD	construct-001-c5158f5b655d	6.346787486224656	5.063903701995148	RCSB-6RQ5-KEB-KD	0.13636363636363635	0.13636363636363635	0.23755656108597284
union_component_leave_one_out	component-04	ligand_ecfp_knn	ligand_only	RCSB-4UGS-H36-KD	construct-001-c5158f5b655d	3.8961962790440428	6.243680849843757	RCSB-4PS5-2TA-KD	0.1724137931034483	0.1724137931034483	0.23755656108597284
union_component_leave_one_out	component-04	ligand_ecfp_knn	ligand_only	RCSB-4UGM-1QE-KD	construct-001-c5158f5b655d	4.00436480540245	5.439970892311932	RCSB-7AXR-S7T-KD	0.2647058823529412	0.2647058823529412	0.23755656108597284
union_component_leave_one_out	component-04	ligand_ecfp_knn	ligand_only	RCSB-4UGI-SKO-KD	construct-001-c5158f5b655d	4.73754891026957	4.946494687044851	RCSB-5D3T-56Y-KD	0.17105263157894737	0.17105263157894737	0.23755656108597284
union_component_leave_one_out	component-04	ligand_ecfp_knn	ligand_only	RCSB-4UG7-1EV-KD	construct-001-c5158f5b655d	5.349692476868063	6.52795447697745	RCSB-5MYG-LS8-KD	0.18309859154929578	0.18309859154929578	0.23755656108597284
union_component_leave_one_out	component-04	ligand_ecfp_knn	ligand_only	RCSB-4UGH-4V4-KD	construct-001-c5158f5b655d	4.297052753818444	4.721825608380754	RCSB-5D3T-56Y-KD	0.18181818181818182	0.18181818181818182	0.23755656108597284
union_component_leave_one_out	component-04	ligand_ecfp_knn	ligand_only	RCSB-4UGL-S90-KD	construct-001-c5158f5b655d	4.206628751081045	6.311285790378932	RCSB-4AGQ-P96-KD	0.14444444444444443	0.14444444444444443	0.23755656108597284
union_component_leave_one_out	component-04	ligand_ecfp_knn	ligand_only	RCSB-4UGD-Q14-KD	construct-001-c5158f5b655d	4.421360790031928	6.2312774935935735	RCSB-6TPZ-NV2-KD	0.1375	0.1375	0.23755656108597284
union_component_leave_one_out	component-04	ligand_ecfp_knn	ligand_only	RCSB-4UGG-S5D-KD	construct-001-c5158f5b655d	4.59176003468815	5.436713028605394	RCSB-7AXR-S7T-KD	0.17105263157894737	0.17105263157894737	0.23755656108597284
union_component_leave_one_out	component-04	ligand_ecfp_knn	ligand_only	RCSB-4UG9-1EW-KD	construct-001-c5158f5b655d	5.064996848546345	4.957489325031087	RCSB-6RQ1-KE5-KD	0.18032786885245902	0.18032786885245902	0.23755656108597284
union_component_leave_one_out	component-04	ligand_ecfp_knn	ligand_only	RCSB-4UGC-1Q6-KD	construct-001-c5158f5b655d	4.728158393463501	6.625080304249452	RCSB-6TPZ-NV2-KD	0.14102564102564102	0.14102564102564102	0.23755656108597284
union_component_leave_one_out	component-04	ligand_ecfp_knn	ligand_only	RCSB-4UGO-1QF-KD	construct-001-c5158f5b655d	4.205511953340831	5.377318548203587	RCSB-7AXR-S7T-KD	0.26582278481012656	0.26582278481012656	0.23755656108597284
union_component_leave_one_out	component-04	ligand_ecfp_knn	ligand_only	RCSB-4UGB-QJ7-KD	construct-001-c5158f5b655d	3.6252516539898965	5.549208901255575	RCSB-7AXR-S7T-KD	0.16853932584269662	0.16853932584269662	0.23755656108597284
union_component_leave_one_out	component-04	ligand_ecfp_knn	ligand_only	RCSB-4UGN-H49-KD	construct-001-c5158f5b655d	4.749579997691106	4.94827368659987	RCSB-7AXR-S7T-KD	0.2222222222222222	0.2222222222222222	0.23755656108597284
union_component_leave_one_out	component-04	ligand_gmolai_knn	ligand_only	RCSB-4UGY-EXI-KD	construct-001-c5158f5b655d	4.239577516576788	5.623140327865667	RCSB-6FSY-E5Q-KD	0.4673365069810934	0.12345679012345678	0.23755656108597284
union_component_leave_one_out	component-04	ligand_gmolai_knn	ligand_only	RCSB-4UGR-6E5-KD	construct-001-c5158f5b655d	4.958607314841775	5.21456652717802	RCSB-4AGQ-P96-KD	0.5501464756546866	0.20689655172413793	0.23755656108597284
union_component_leave_one_out	component-04	ligand_gmolai_knn	ligand_only	RCSB-4UGA-Q05-KD	construct-001-c5158f5b655d	4.214670164989233	5.942565375362941	RCSB-6FSY-E5Q-KD	0.563487821322947	0.17647058823529413	0.23755656108597284
union_component_leave_one_out	component-04	ligand_gmolai_knn	ligand_only	RCSB-4UG5-XFK-KD	construct-001-c5158f5b655d	5.298432014944073	6.3952745456509055	RCSB-6FSY-E5Q-KD	0.6491744204417096	0.11666666666666667	0.23755656108597284
union_component_leave_one_out	component-04	ligand_gmolai_knn	ligand_only	RCSB-4UG6-XFJ-KD	construct-001-c5158f5b655d	5.571865205971211	6.395744136087839	RCSB-6FSY-E5Q-KD	0.6517551326157722	0.13043478260869565	0.23755656108597284
union_component_leave_one_out	component-04	ligand_gmolai_knn	ligand_only	RCSB-4UG8-HW1-KD	construct-001-c5158f5b655d	6.346787486224656	6.372886127682326	RCSB-6FSY-E5Q-KD	0.4617442081374501	0.13636363636363635	0.23755656108597284
union_component_leave_one_out	component-04	ligand_gmolai_knn	ligand_only	RCSB-4UGS-H36-KD	construct-001-c5158f5b655d	3.8961962790440428	4.220697911215505	RCSB-5O1G-9GK-KD	0.5154128717923523	0.1724137931034483	0.23755656108597284
union_component_leave_one_out	component-04	ligand_gmolai_knn	ligand_only	RCSB-4UGM-1QE-KD	construct-001-c5158f5b655d	4.00436480540245	5.083551628571856	RCSB-5O1G-9GK-KD	0.47477179275485204	0.2647058823529412	0.23755656108597284
union_component_leave_one_out	component-04	ligand_gmolai_knn	ligand_only	RCSB-4UGI-SKO-KD	construct-001-c5158f5b655d	4.73754891026957	5.606760066397413	RCSB-6FSY-E5Q-KD	0.4612359526682561	0.17105263157894737	0.23755656108597284
union_component_leave_one_out	component-04	ligand_gmolai_knn	ligand_only	RCSB-4UG7-1EV-KD	construct-001-c5158f5b655d	5.349692476868063	5.918634473275952	RCSB-6FSY-E5Q-KD	0.6060101916069928	0.18309859154929578	0.23755656108597284
union_component_leave_one_out	component-04	ligand_gmolai_knn	ligand_only	RCSB-4UGH-4V4-KD	construct-001-c5158f5b655d	4.297052753818444	6.1658526713366655	RCSB-6FSY-E5Q-KD	0.49399214968535005	0.18181818181818182	0.23755656108597284
union_component_leave_one_out	component-04	ligand_gmolai_knn	ligand_only	RCSB-4UGL-S90-KD	construct-001-c5158f5b655d	4.206628751081045	6.096728676881082	RCSB-5O1B-9H2-KD	0.43745136488583114	0.14444444444444443	0.23755656108597284
union_component_leave_one_out	component-04	ligand_gmolai_knn	ligand_only	RCSB-4UGD-Q14-KD	construct-001-c5158f5b655d	4.421360790031928	5.892453166276743	RCSB-6FSY-E5Q-KD	0.4342370603973535	0.1375	0.23755656108597284
union_component_leave_one_out	component-04	ligand_gmolai_knn	ligand_only	RCSB-4UGG-S5D-KD	construct-001-c5158f5b655d	4.59176003468815	5.825891748115989	RCSB-6FSY-E5Q-KD	0.7133102084525269	0.17105263157894737	0.23755656108597284
union_component_leave_one_out	component-04	ligand_gmolai_knn	ligand_only	RCSB-4UG9-1EW-KD	construct-001-c5158f5b655d	5.064996848546345	5.746246288481172	RCSB-6FSY-E5Q-KD	0.5806830090224653	0.18032786885245902	0.23755656108597284
union_component_leave_one_out	component-04	ligand_gmolai_knn	ligand_only	RCSB-4UGC-1Q6-KD	construct-001-c5158f5b655d	4.728158393463501	5.921867863763758	RCSB-6FSY-E5Q-KD	0.44389247897260603	0.14102564102564102	0.23755656108597284
union_component_leave_one_out	component-04	ligand_gmolai_knn	ligand_only	RCSB-4UGO-1QF-KD	construct-001-c5158f5b655d	4.205511953340831	5.152752917192972	RCSB-4AGQ-P96-KD	0.5748092605199262	0.26582278481012656	0.23755656108597284
union_component_leave_one_out	component-04	ligand_gmolai_knn	ligand_only	RCSB-4UGB-QJ7-KD	construct-001-c5158f5b655d	3.6252516539898965	6.110101062904747	RCSB-6FSY-E5Q-KD	0.5813696170158082	0.16853932584269662	0.23755656108597284
union_component_leave_one_out	component-04	ligand_gmolai_knn	ligand_only	RCSB-4UGN-H49-KD	construct-001-c5158f5b655d	4.749579997691106	5.83051777440789	RCSB-4AGQ-P96-KD	0.5748057511468797	0.2222222222222222	0.23755656108597284
union_component_leave_one_out	component-04	protein_sequence_identity_knn	sequence_only	RCSB-4UGY-EXI-KD	construct-001-c5158f5b655d	4.239577516576788	5.059915765158305	RCSB-6RQ0-KE2-KD	0.23755656108597284	0.12345679012345678	0.23755656108597284
union_component_leave_one_out	component-04	protein_sequence_identity_knn	sequence_only	RCSB-4UGR-6E5-KD	construct-001-c5158f5b655d	4.958607314841775	5.059915765158305	RCSB-6RQ0-KE2-KD	0.23755656108597284	0.20689655172413793	0.23755656108597284
union_component_leave_one_out	component-04	protein_sequence_identity_knn	sequence_only	RCSB-4UGA-Q05-KD	construct-001-c5158f5b655d	4.214670164989233	5.059915765158305	RCSB-6RQ0-KE2-KD	0.23755656108597284	0.17647058823529413	0.23755656108597284
union_component_leave_one_out	component-04	protein_sequence_identity_knn	sequence_only	RCSB-4UG5-XFK-KD	construct-001-c5158f5b655d	5.298432014944073	5.059915765158305	RCSB-6RQ0-KE2-KD	0.23755656108597284	0.11666666666666667	0.23755656108597284
union_component_leave_one_out	component-04	protein_sequence_identity_knn	sequence_only	RCSB-4UG6-XFJ-KD	construct-001-c5158f5b655d	5.571865205971211	5.059915765158305	RCSB-6RQ0-KE2-KD	0.23755656108597284	0.13043478260869565	0.23755656108597284
union_component_leave_one_out	component-04	protein_sequence_identity_knn	sequence_only	RCSB-4UG8-HW1-KD	construct-001-c5158f5b655d	6.346787486224656	5.059915765158305	RCSB-6RQ0-KE2-KD	0.23755656108597284	0.13636363636363635	0.23755656108597284
union_component_leave_one_out	component-04	protein_sequence_identity_knn	sequence_only	RCSB-4UGS-H36-KD	construct-001-c5158f5b655d	3.8961962790440428	5.059915765158305	RCSB-6RQ0-KE2-KD	0.23755656108597284	0.1724137931034483	0.23755656108597284
union_component_leave_one_out	component-04	protein_sequence_identity_knn	sequence_only	RCSB-4UGM-1QE-KD	construct-001-c5158f5b655d	4.00436480540245	5.059915765158305	RCSB-6RQ0-KE2-KD	0.23755656108597284	0.2647058823529412	0.23755656108597284
union_component_leave_one_out	component-04	protein_sequence_identity_knn	sequence_only	RCSB-4UGI-SKO-KD	construct-001-c5158f5b655d	4.73754891026957	5.059915765158305	RCSB-6RQ0-KE2-KD	0.23755656108597284	0.17105263157894737	0.23755656108597284
union_component_leave_one_out	component-04	protein_sequence_identity_knn	sequence_only	RCSB-4UG7-1EV-KD	construct-001-c5158f5b655d	5.349692476868063	5.059915765158305	RCSB-6RQ0-KE2-KD	0.23755656108597284	0.18309859154929578	0.23755656108597284
union_component_leave_one_out	component-04	protein_sequence_identity_knn	sequence_only	RCSB-4UGH-4V4-KD	construct-001-c5158f5b655d	4.297052753818444	5.059915765158305	RCSB-6RQ0-KE2-KD	0.23755656108597284	0.18181818181818182	0.23755656108597284
union_component_leave_one_out	component-04	protein_sequence_identity_knn	sequence_only	RCSB-4UGL-S90-KD	construct-001-c5158f5b655d	4.206628751081045	5.059915765158305	RCSB-6RQ0-KE2-KD	0.23755656108597284	0.14444444444444443	0.23755656108597284
union_component_leave_one_out	component-04	protein_sequence_identity_knn	sequence_only	RCSB-4UGD-Q14-KD	construct-001-c5158f5b655d	4.421360790031928	5.059915765158305	RCSB-6RQ0-KE2-KD	0.23755656108597284	0.1375	0.23755656108597284
union_component_leave_one_out	component-04	protein_sequence_identity_knn	sequence_only	RCSB-4UGG-S5D-KD	construct-001-c5158f5b655d	4.59176003468815	5.059915765158305	RCSB-6RQ0-KE2-KD	0.23755656108597284	0.17105263157894737	0.23755656108597284
union_component_leave_one_out	component-04	protein_sequence_identity_knn	sequence_only	RCSB-4UG9-1EW-KD	construct-001-c5158f5b655d	5.064996848546345	5.059915765158305	RCSB-6RQ0-KE2-KD	0.23755656108597284	0.18032786885245902	0.23755656108597284
union_component_leave_one_out	component-04	protein_sequence_identity_knn	sequence_only	RCSB-4UGC-1Q6-KD	construct-001-c5158f5b655d	4.728158393463501	5.059915765158305	RCSB-6RQ0-KE2-KD	0.23755656108597284	0.14102564102564102	0.23755656108597284
union_component_leave_one_out	component-04	protein_sequence_identity_knn	sequence_only	RCSB-4UGO-1QF-KD	construct-001-c5158f5b655d	4.205511953340831	5.059915765158305	RCSB-6RQ0-KE2-KD	0.23755656108597284	0.26582278481012656	0.23755656108597284
union_component_leave_one_out	component-04	protein_sequence_identity_knn	sequence_only	RCSB-4UGB-QJ7-KD	construct-001-c5158f5b655d	3.6252516539898965	5.059915765158305	RCSB-6RQ0-KE2-KD	0.23755656108597284	0.16853932584269662	0.23755656108597284
union_component_leave_one_out	component-04	protein_sequence_identity_knn	sequence_only	RCSB-4UGN-H49-KD	construct-001-c5158f5b655d	4.749579997691106	5.059915765158305	RCSB-6RQ0-KE2-KD	0.23755656108597284	0.2222222222222222	0.23755656108597284
union_component_leave_one_out	component-04	pocket_structure_knn_S0	S0	RCSB-4UGY-EXI-KD	construct-001-c5158f5b655d	4.239577516576788	6.039985734286704	RCSB-6RQ0-KE2-KD	0.21832358074757963	0.12345679012345678	0.23755656108597284
union_component_leave_one_out	component-04	pocket_structure_knn_S0	S0	RCSB-4UGR-6E5-KD	construct-001-c5158f5b655d	4.958607314841775	6.040095181194175	RCSB-6RQ0-KE2-KD	0.21476386870031108	0.20689655172413793	0.23755656108597284
union_component_leave_one_out	component-04	pocket_structure_knn_S0	S0	RCSB-4UGA-Q05-KD	construct-001-c5158f5b655d	4.214670164989233	6.039983630807278	RCSB-6RQ0-KE2-KD	0.2163441743741143	0.17647058823529413	0.23755656108597284
union_component_leave_one_out	component-04	pocket_structure_knn_S0	S0	RCSB-4UG5-XFK-KD	construct-001-c5158f5b655d	5.298432014944073	6.039992184166322	RCSB-6RQ0-KE2-KD	0.2207447563849919	0.11666666666666667	0.23755656108597284
union_component_leave_one_out	component-04	pocket_structure_knn_S0	S0	RCSB-4UG6-XFJ-KD	construct-001-c5158f5b655d	5.571865205971211	6.0402196900306295	RCSB-6RQB-Q47-KD	0.21911374179843957	0.13043478260869565	0.23755656108597284
union_component_leave_one_out	component-04	pocket_structure_knn_S0	S0	RCSB-4UG8-HW1-KD	construct-001-c5158f5b655d	6.346787486224656	6.040128313540841	RCSB-6RQ0-KE2-KD	0.2161139514560101	0.13636363636363635	0.23755656108597284
union_component_leave_one_out	component-04	pocket_structure_knn_S0	S0	RCSB-4UGS-H36-KD	construct-001-c5158f5b655d	3.8961962790440428	6.039978607273408	RCSB-6RQ0-KE2-KD	0.21621539676696325	0.1724137931034483	0.23755656108597284
union_component_leave_one_out	component-04	pocket_structure_knn_S0	S0	RCSB-4UGM-1QE-KD	construct-001-c5158f5b655d	4.00436480540245	6.040105819023883	RCSB-6RQ0-KE2-KD	0.2157618127167108	0.2647058823529412	0.23755656108597284
union_component_leave_one_out	component-04	pocket_structure_knn_S0	S0	RCSB-4UGI-SKO-KD	construct-001-c5158f5b655d	4.73754891026957	6.04019378331948	RCSB-6RQ0-KE2-KD	0.21599848666650034	0.17105263157894737	0.23755656108597284
union_component_leave_one_out	component-04	pocket_structure_knn_S0	S0	RCSB-4UG7-1EV-KD	construct-001-c5158f5b655d	5.349692476868063	5.71410853173667	RCSB-6RQ9-KEQ-KD	0.22148606078872038	0.18309859154929578	0.23755656108597284
union_component_leave_one_out	component-04	pocket_structure_knn_S0	S0	RCSB-4UGH-4V4-KD	construct-001-c5158f5b655d	4.297052753818444	6.040373800043222	RCSB-6RQB-Q47-KD	0.21779730376315387	0.18181818181818182	0.23755656108597284
union_component_leave_one_out	component-04	pocket_structure_knn_S0	S0	RCSB-4UGL-S90-KD	construct-001-c5158f5b655d	4.206628751081045	6.039910488008049	RCSB-6RQ0-KE2-KD	0.21527165196280465	0.14444444444444443	0.23755656108597284
union_component_leave_one_out	component-04	pocket_structure_knn_S0	S0	RCSB-4UGD-Q14-KD	construct-001-c5158f5b655d	4.421360790031928	6.040074313601015	RCSB-6RQ0-KE2-KD	0.21528066064746623	0.1375	0.23755656108597284
union_component_leave_one_out	component-04	pocket_structure_knn_S0	S0	RCSB-4UGG-S5D-KD	construct-001-c5158f5b655d	4.59176003468815	5.716713351015064	RCSB-6RQB-Q47-KD	0.2187372600027632	0.17105263157894737	0.23755656108597284
union_component_leave_one_out	component-04	pocket_structure_knn_S0	S0	RCSB-4UG9-1EW-KD	construct-001-c5158f5b655d	5.064996848546345	6.04000993075431	RCSB-6RQ0-KE2-KD	0.21486320130081807	0.18032786885245902	0.23755656108597284
union_component_leave_one_out	component-04	pocket_structure_knn_S0	S0	RCSB-4UGC-1Q6-KD	construct-001-c5158f5b655d	4.728158393463501	6.040302059162075	RCSB-6RQB-Q47-KD	0.2177959278382324	0.14102564102564102	0.23755656108597284
union_component_leave_one_out	component-04	pocket_structure_knn_S0	S0	RCSB-4UGO-1QF-KD	construct-001-c5158f5b655d	4.205511953340831	6.040036559826376	RCSB-6RQ0-KE2-KD	0.21453540633908938	0.26582278481012656	0.23755656108597284
union_component_leave_one_out	component-04	pocket_structure_knn_S0	S0	RCSB-4UGB-QJ7-KD	construct-001-c5158f5b655d	3.6252516539898965	6.04033200612823	RCSB-6RQB-Q47-KD	0.21858545145482416	0.16853932584269662	0.23755656108597284
union_component_leave_one_out	component-04	pocket_structure_knn_S0	S0	RCSB-4UGN-H49-KD	construct-001-c5158f5b655d	4.749579997691106	6.039904752987897	RCSB-6RQ0-KE2-KD	0.2151948317049197	0.2222222222222222	0.23755656108597284
union_component_leave_one_out	component-04	two_sided_ecfp_pocket_knn_S0	S0	RCSB-4UGY-EXI-KD	construct-001-c5158f5b655d	4.239577516576788	5.068855439634913	RCSB-6RQ0-KE2-KD	0.14775776823828235	0.12345679012345678	0.23755656108597284
union_component_leave_one_out	component-04	two_sided_ecfp_pocket_knn_S0	S0	RCSB-4UGR-6E5-KD	construct-001-c5158f5b655d	4.958607314841775	5.755909446923334	RCSB-6RQ9-KEQ-KD	0.16702517775655437	0.20689655172413793	0.23755656108597284
union_component_leave_one_out	component-04	two_sided_ecfp_pocket_knn_S0	S0	RCSB-4UGA-Q05-KD	construct-001-c5158f5b655d	4.214670164989233	5.278090891299056	RCSB-6RQ9-KEQ-KD	0.16300508784740955	0.17647058823529413	0.23755656108597284
union_component_leave_one_out	component-04	two_sided_ecfp_pocket_knn_S0	S0	RCSB-4UG5-XFK-KD	construct-001-c5158f5b655d	5.298432014944073	5.068553503438441	RCSB-6RQ0-KE2-KD	0.15915830322921373	0.11666666666666667	0.23755656108597284
union_component_leave_one_out	component-04	two_sided_ecfp_pocket_knn_S0	S0	RCSB-4UG6-XFJ-KD	construct-001-c5158f5b655d	5.571865205971211	5.067497042974947	RCSB-6RQ0-KE2-KD	0.16687361693684863	0.13043478260869565	0.23755656108597284
union_component_leave_one_out	component-04	two_sided_ecfp_pocket_knn_S0	S0	RCSB-4UG8-HW1-KD	construct-001-c5158f5b655d	6.346787486224656	5.068659944976647	RCSB-6RQ0-KE2-KD	0.17038260558265825	0.13636363636363635	0.23755656108597284
union_component_leave_one_out	component-04	two_sided_ecfp_pocket_knn_S0	S0	RCSB-4UGS-H36-KD	construct-001-c5158f5b655d	3.8961962790440428	5.719683488461075	RCSB-6RQ9-KEQ-KD	0.17705161256596105	0.1724137931034483	0.23755656108597284
union_component_leave_one_out	component-04	two_sided_ecfp_pocket_knn_S0	S0	RCSB-4UGM-1QE-KD	construct-001-c5158f5b655d	4.00436480540245	5.715655784474381	RCSB-7AXR-S7T-KD	0.17751530794317436	0.2647058823529412	0.23755656108597284
union_component_leave_one_out	component-04	two_sided_ecfp_pocket_knn_S0	S0	RCSB-4UGI-SKO-KD	construct-001-c5158f5b655d	4.73754891026957	5.0686361749653175	RCSB-6RQ0-KE2-KD	0.14911451416048074	0.17105263157894737	0.23755656108597284
union_component_leave_one_out	component-04	two_sided_ecfp_pocket_knn_S0	S0	RCSB-4UG7-1EV-KD	construct-001-c5158f5b655d	5.349692476868063	5.066970863353505	RCSB-6RQ5-KEB-KD	0.1620735556366698	0.18309859154929578	0.23755656108597284
union_component_leave_one_out	component-04	two_sided_ecfp_pocket_knn_S0	S0	RCSB-4UGH-4V4-KD	construct-001-c5158f5b655d	4.297052753818444	5.067536313615785	RCSB-6RQ0-KE2-KD	0.15859165484683987	0.18181818181818182	0.23755656108597284
union_component_leave_one_out	component-04	two_sided_ecfp_pocket_knn_S0	S0	RCSB-4UGL-S90-KD	construct-001-c5158f5b655d	4.206628751081045	5.2271960815976595	RCSB-6RQ0-KE2-KD	0.15255363326714283	0.14444444444444443	0.23755656108597284
union_component_leave_one_out	component-04	two_sided_ecfp_pocket_knn_S0	S0	RCSB-4UGD-Q14-KD	construct-001-c5158f5b655d	4.421360790031928	5.069312490111354	RCSB-6RQ0-KE2-KD	0.15466115674361816	0.1375	0.23755656108597284
union_component_leave_one_out	component-04	two_sided_ecfp_pocket_knn_S0	S0	RCSB-4UGG-S5D-KD	construct-001-c5158f5b655d	4.59176003468815	5.067136285103815	RCSB-6RQ0-KE2-KD	0.1649340714737972	0.17105263157894737	0.23755656108597284
union_component_leave_one_out	component-04	two_sided_ecfp_pocket_knn_S0	S0	RCSB-4UG9-1EW-KD	construct-001-c5158f5b655d	5.064996848546345	5.016567704795365	RCSB-6RQ1-KE5-KD	0.19461599732676046	0.18032786885245902	0.23755656108597284
union_component_leave_one_out	component-04	two_sided_ecfp_pocket_knn_S0	S0	RCSB-4UGC-1Q6-KD	construct-001-c5158f5b655d	4.728158393463501	5.068223114159509	RCSB-6RQ0-KE2-KD	0.15787972643964915	0.14102564102564102	0.23755656108597284
union_component_leave_one_out	component-04	two_sided_ecfp_pocket_knn_S0	S0	RCSB-4UGO-1QF-KD	construct-001-c5158f5b655d	4.205511953340831	5.07941901762179	RCSB-6RQ1-KE5-KD	0.17773333776859912	0.26582278481012656	0.23755656108597284
union_component_leave_one_out	component-04	two_sided_ecfp_pocket_knn_S0	S0	RCSB-4UGB-QJ7-KD	construct-001-c5158f5b655d	3.6252516539898965	5.275936429184925	RCSB-6RQ9-KEQ-KD	0.16052579535598097	0.16853932584269662	0.23755656108597284
union_component_leave_one_out	component-04	two_sided_ecfp_pocket_knn_S0	S0	RCSB-4UGN-H49-KD	construct-001-c5158f5b655d	4.749579997691106	5.7443024231466016	RCSB-7AXR-S7T-KD	0.16290783095332403	0.2222222222222222	0.23755656108597284
union_component_leave_one_out	component-04	pocket_structure_knn_S1	S1	RCSB-4UGY-EXI-KD	construct-001-c5158f5b655d	4.239577516576788	5.059915765158306	RCSB-6RQ0-KE2-KD	0.1705834424601452	0.12345679012345678	0.23755656108597284
union_component_leave_one_out	component-04	pocket_structure_knn_S1	S1	RCSB-4UGR-6E5-KD	construct-001-c5158f5b655d	4.958607314841775	5.059915765158306	RCSB-6RQ0-KE2-KD	0.1705834424601452	0.20689655172413793	0.23755656108597284
union_component_leave_one_out	component-04	pocket_structure_knn_S1	S1	RCSB-4UGA-Q05-KD	construct-001-c5158f5b655d	4.214670164989233	5.059915765158306	RCSB-6RQ0-KE2-KD	0.1705834424601452	0.17647058823529413	0.23755656108597284
union_component_leave_one_out	component-04	pocket_structure_knn_S1	S1	RCSB-4UG5-XFK-KD	construct-001-c5158f5b655d	5.298432014944073	5.059915765158306	RCSB-6RQ0-KE2-KD	0.1705834424601452	0.11666666666666667	0.23755656108597284
union_component_leave_one_out	component-04	pocket_structure_knn_S1	S1	RCSB-4UG6-XFJ-KD	construct-001-c5158f5b655d	5.571865205971211	5.059915765158306	RCSB-6RQ0-KE2-KD	0.1705834424601452	0.13043478260869565	0.23755656108597284
union_component_leave_one_out	component-04	pocket_structure_knn_S1	S1	RCSB-4UG8-HW1-KD	construct-001-c5158f5b655d	6.346787486224656	5.059915765158306	RCSB-6RQ0-KE2-KD	0.1705834424601452	0.13636363636363635	0.23755656108597284
union_component_leave_one_out	component-04	pocket_structure_knn_S1	S1	RCSB-4UGS-H36-KD	construct-001-c5158f5b655d	3.8961962790440428	5.059915765158306	RCSB-6RQ0-KE2-KD	0.1705834424601452	0.1724137931034483	0.23755656108597284
union_component_leave_one_out	component-04	pocket_structure_knn_S1	S1	RCSB-4UGM-1QE-KD	construct-001-c5158f5b655d	4.00436480540245	5.059915765158306	RCSB-6RQ0-KE2-KD	0.1705834424601452	0.2647058823529412	0.23755656108597284
union_component_leave_one_out	component-04	pocket_structure_knn_S1	S1	RCSB-4UGI-SKO-KD	construct-001-c5158f5b655d	4.73754891026957	5.059915765158306	RCSB-6RQ0-KE2-KD	0.1705834424601452	0.17105263157894737	0.23755656108597284
union_component_leave_one_out	component-04	pocket_structure_knn_S1	S1	RCSB-4UG7-1EV-KD	construct-001-c5158f5b655d	5.349692476868063	5.059915765158306	RCSB-6RQ0-KE2-KD	0.1705834424601452	0.18309859154929578	0.23755656108597284
union_component_leave_one_out	component-04	pocket_structure_knn_S1	S1	RCSB-4UGH-4V4-KD	construct-001-c5158f5b655d	4.297052753818444	5.059915765158306	RCSB-6RQ0-KE2-KD	0.1705834424601452	0.18181818181818182	0.23755656108597284
union_component_leave_one_out	component-04	pocket_structure_knn_S1	S1	RCSB-4UGL-S90-KD	construct-001-c5158f5b655d	4.206628751081045	5.059915765158306	RCSB-6RQ0-KE2-KD	0.1705834424601452	0.14444444444444443	0.23755656108597284
union_component_leave_one_out	component-04	pocket_structure_knn_S1	S1	RCSB-4UGD-Q14-KD	construct-001-c5158f5b655d	4.421360790031928	5.059915765158306	RCSB-6RQ0-KE2-KD	0.1705834424601452	0.1375	0.23755656108597284
union_component_leave_one_out	component-04	pocket_structure_knn_S1	S1	RCSB-4UGG-S5D-KD	construct-001-c5158f5b655d	4.59176003468815	5.059915765158306	RCSB-6RQ0-KE2-KD	0.1705834424601452	0.17105263157894737	0.23755656108597284
union_component_leave_one_out	component-04	pocket_structure_knn_S1	S1	RCSB-4UG9-1EW-KD	construct-001-c5158f5b655d	5.064996848546345	5.059915765158306	RCSB-6RQ0-KE2-KD	0.1705834424601452	0.18032786885245902	0.23755656108597284
union_component_leave_one_out	component-04	pocket_structure_knn_S1	S1	RCSB-4UGC-1Q6-KD	construct-001-c5158f5b655d	4.728158393463501	5.059915765158306	RCSB-6RQ0-KE2-KD	0.1705834424601452	0.14102564102564102	0.23755656108597284
union_component_leave_one_out	component-04	pocket_structure_knn_S1	S1	RCSB-4UGO-1QF-KD	construct-001-c5158f5b655d	4.205511953340831	5.059915765158306	RCSB-6RQ0-KE2-KD	0.1705834424601452	0.26582278481012656	0.23755656108597284
union_component_leave_one_out	component-04	pocket_structure_knn_S1	S1	RCSB-4UGB-QJ7-KD	construct-001-c5158f5b655d	3.6252516539898965	5.059915765158306	RCSB-6RQ0-KE2-KD	0.1705834424601452	0.16853932584269662	0.23755656108597284
union_component_leave_one_out	component-04	pocket_structure_knn_S1	S1	RCSB-4UGN-H49-KD	construct-001-c5158f5b655d	4.749579997691106	5.059915765158306	RCSB-6RQ0-KE2-KD	0.1705834424601452	0.2222222222222222	0.23755656108597284
union_component_leave_one_out	component-04	two_sided_ecfp_pocket_knn_S1	S1	RCSB-4UGY-EXI-KD	construct-001-c5158f5b655d	4.239577516576788	5.061859076756711	RCSB-6RQ5-KEB-KD	0.13155062381604865	0.12345679012345678	0.23755656108597284
union_component_leave_one_out	component-04	two_sided_ecfp_pocket_knn_S1	S1	RCSB-4UGR-6E5-KD	construct-001-c5158f5b655d	4.958607314841775	4.915123169640427	RCSB-7AXR-S7T-KD	0.15011611660641952	0.20689655172413793	0.23755656108597284
union_component_leave_one_out	component-04	two_sided_ecfp_pocket_knn_S1	S1	RCSB-4UGA-Q05-KD	construct-001-c5158f5b655d	4.214670164989233	5.2497708477879605	RCSB-6RQ9-KEQ-KD	0.14602373200106258	0.17647058823529413	0.23755656108597284
union_component_leave_one_out	component-04	two_sided_ecfp_pocket_knn_S1	S1	RCSB-4UG5-XFK-KD	construct-001-c5158f5b655d	5.298432014944073	5.062135491198615	RCSB-6RQ5-KEB-KD	0.1410723276207998	0.11666666666666667	0.23755656108597284
union_component_leave_one_out	component-04	two_sided_ecfp_pocket_knn_S1	S1	RCSB-4UG6-XFJ-KD	construct-001-c5158f5b655d	5.571865205971211	5.06236795221068	RCSB-6RQ5-KEB-KD	0.14870329003440327	0.13043478260869565	0.23755656108597284
union_component_leave_one_out	component-04	two_sided_ecfp_pocket_knn_S1	S1	RCSB-4UG8-HW1-KD	construct-001-c5158f5b655d	6.346787486224656	5.061943243162955	RCSB-6RQ5-KEB-KD	0.152516813883888	0.13636363636363635	0.23755656108597284
union_component_leave_one_out	component-04	two_sided_ecfp_pocket_knn_S1	S1	RCSB-4UGS-H36-KD	construct-001-c5158f5b655d	3.8961962790440428	5.23674498751487	RCSB-6RQ9-KEQ-KD	0.15864441019954786	0.1724137931034483	0.23755656108597284
union_component_leave_one_out	component-04	two_sided_ecfp_pocket_knn_S1	S1	RCSB-4UGM-1QE-KD	construct-001-c5158f5b655d	4.00436480540245	5.211591446136826	RCSB-7AXR-S7T-KD	0.1697979688982623	0.2647058823529412	0.23755656108597284
union_component_leave_one_out	component-04	two_sided_ecfp_pocket_knn_S1	S1	RCSB-4UGI-SKO-KD	construct-001-c5158f5b655d	4.73754891026957	5.225283548018983	RCSB-5D3T-56Y-KD	0.13649463288161526	0.17105263157894737	0.23755656108597284
union_component_leave_one_out	component-04	two_sided_ecfp_pocket_knn_S1	S1	RCSB-4UG7-1EV-KD	construct-001-c5158f5b655d	5.349692476868063	5.062207928518999	RCSB-6RQ5-KEB-KD	0.1434839950957535	0.18309859154929578	0.23755656108597284
union_component_leave_one_out	component-04	two_sided_ecfp_pocket_knn_S1	S1	RCSB-4UGH-4V4-KD	construct-001-c5158f5b655d	4.297052753818444	5.231337919183519	RCSB-6RQ5-KEB-KD	0.14166382844406278	0.18181818181818182	0.23755656108597284
union_component_leave_one_out	component-04	two_sided_ecfp_pocket_knn_S1	S1	RCSB-4UGL-S90-KD	construct-001-c5158f5b655d	4.206628751081045	5.222307782270275	RCSB-6RQ5-KEB-KD	0.13672628089011749	0.14444444444444443	0.23755656108597284
union_component_leave_one_out	component-04	two_sided_ecfp_pocket_knn_S1	S1	RCSB-4UGD-Q14-KD	construct-001-c5158f5b655d	4.421360790031928	5.062067486501451	RCSB-6RQ5-KEB-KD	0.13877831575184799	0.1375	0.23755656108597284
union_component_leave_one_out	component-04	two_sided_ecfp_pocket_knn_S1	S1	RCSB-4UGG-S5D-KD	construct-001-c5158f5b655d	4.59176003468815	5.062035021318172	RCSB-6RQ5-KEB-KD	0.14717808776699268	0.17105263157894737	0.23755656108597284
union_component_leave_one_out	component-04	two_sided_ecfp_pocket_knn_S1	S1	RCSB-4UG9-1EW-KD	construct-001-c5158f5b655d	5.064996848546345	5.009662394692169	RCSB-6RQ1-KE5-KD	0.17538799457304383	0.18032786885245902	0.23755656108597284
union_component_leave_one_out	component-04	two_sided_ecfp_pocket_knn_S1	S1	RCSB-4UGC-1Q6-KD	construct-001-c5158f5b655d	4.728158393463501	5.062135491198615	RCSB-6RQ5-KEB-KD	0.1410723276207998	0.14102564102564102	0.23755656108597284
union_component_leave_one_out	component-04	two_sided_ecfp_pocket_knn_S1	S1	RCSB-4UGO-1QF-KD	construct-001-c5158f5b655d	4.205511953340831	4.726922926132396	RCSB-7AXR-S7T-KD	0.17015581538348615	0.26582278481012656	0.23755656108597284
union_component_leave_one_out	component-04	two_sided_ecfp_pocket_knn_S1	S1	RCSB-4UGB-QJ7-KD	construct-001-c5158f5b655d	3.6252516539898965	5.2499995742197045	RCSB-6RQ9-KEQ-KD	0.14212906394417987	0.16853932584269662	0.23755656108597284
union_component_leave_one_out	component-04	two_sided_ecfp_pocket_knn_S1	S1	RCSB-4UGN-H49-KD	construct-001-c5158f5b655d	4.749579997691106	5.223762601747134	RCSB-7AXR-S7T-KD	0.1555766579517506	0.2222222222222222	0.23755656108597284
union_component_leave_one_out	component-05	global_train_mean	no_input	RCSB-5MYG-LS8-KD	construct-002-cb5cf2af5e4a	7.508638306165727	5.3145934091320015			0.22580645161290322	0.29545454545454547
union_component_leave_one_out	component-05	global_train_mean	no_input	RCSB-5EWH-5SG-KD	construct-002-cb5cf2af5e4a	3.769551078621726	5.3145934091320015			0.2	0.29545454545454547
union_component_leave_one_out	component-05	global_train_mean	no_input	RCSB-5C85-4YO-KD	construct-002-cb5cf2af5e4a	3.9788107009300617	5.3145934091320015			0.1836734693877551	0.29545454545454547
union_component_leave_one_out	component-05	global_train_mean	no_input	RCSB-5O4S-9KW-KD	construct-002-cb5cf2af5e4a	5.6020599913279625	5.3145934091320015			0.24096385542168675	0.29545454545454547
union_component_leave_one_out	component-05	global_train_mean	no_input	RCSB-5EPR-5QY-KD	construct-002-cb5cf2af5e4a	4.040958607678906	5.3145934091320015			0.22727272727272727	0.29545454545454547
union_component_leave_one_out	component-05	global_train_mean	no_input	RCSB-5OV8-AXN-KD	construct-002-cb5cf2af5e4a	4.7447274948966935	5.3145934091320015			0.20833333333333334	0.29545454545454547
union_component_leave_one_out	component-05	global_train_mean	no_input	RCSB-5O55-9L5-KD	construct-002-cb5cf2af5e4a	4.698970004336019	5.3145934091320015			0.2159090909090909	0.29545454545454547
union_component_leave_one_out	component-05	global_train_mean	no_input	RCSB-5D7X-XZ8-KD	construct-002-cb5cf2af5e4a	4.823908740944319	5.3145934091320015			0.20634920634920634	0.29545454545454547
union_component_leave_one_out	component-05	global_train_mean	no_input	RCSB-5O5A-9LN-KD	construct-002-cb5cf2af5e4a	4.769551078621726	5.3145934091320015			0.2716049382716049	0.29545454545454547
union_component_leave_one_out	component-05	global_train_mean	no_input	RCSB-5EPS-5QX-KD	construct-002-cb5cf2af5e4a	4.42021640338319	5.3145934091320015			0.21818181818181817	0.29545454545454547
union_component_leave_one_out	component-05	target_mean_or_global_fallback	target_identity	RCSB-5MYG-LS8-KD	construct-002-cb5cf2af5e4a	7.508638306165727	5.3145934091320015			0.22580645161290322	0.29545454545454547
union_component_leave_one_out	component-05	target_mean_or_global_fallback	target_identity	RCSB-5EWH-5SG-KD	construct-002-cb5cf2af5e4a	3.769551078621726	5.3145934091320015			0.2	0.29545454545454547
union_component_leave_one_out	component-05	target_mean_or_global_fallback	target_identity	RCSB-5C85-4YO-KD	construct-002-cb5cf2af5e4a	3.9788107009300617	5.3145934091320015			0.1836734693877551	0.29545454545454547
union_component_leave_one_out	component-05	target_mean_or_global_fallback	target_identity	RCSB-5O4S-9KW-KD	construct-002-cb5cf2af5e4a	5.6020599913279625	5.3145934091320015			0.24096385542168675	0.29545454545454547
union_component_leave_one_out	component-05	target_mean_or_global_fallback	target_identity	RCSB-5EPR-5QY-KD	construct-002-cb5cf2af5e4a	4.040958607678906	5.3145934091320015			0.22727272727272727	0.29545454545454547
union_component_leave_one_out	component-05	target_mean_or_global_fallback	target_identity	RCSB-5OV8-AXN-KD	construct-002-cb5cf2af5e4a	4.7447274948966935	5.3145934091320015			0.20833333333333334	0.29545454545454547
union_component_leave_one_out	component-05	target_mean_or_global_fallback	target_identity	RCSB-5O55-9L5-KD	construct-002-cb5cf2af5e4a	4.698970004336019	5.3145934091320015			0.2159090909090909	0.29545454545454547
union_component_leave_one_out	component-05	target_mean_or_global_fallback	target_identity	RCSB-5D7X-XZ8-KD	construct-002-cb5cf2af5e4a	4.823908740944319	5.3145934091320015			0.20634920634920634	0.29545454545454547
union_component_leave_one_out	component-05	target_mean_or_global_fallback	target_identity	RCSB-5O5A-9LN-KD	construct-002-cb5cf2af5e4a	4.769551078621726	5.3145934091320015			0.2716049382716049	0.29545454545454547
union_component_leave_one_out	component-05	target_mean_or_global_fallback	target_identity	RCSB-5EPS-5QX-KD	construct-002-cb5cf2af5e4a	4.42021640338319	5.3145934091320015			0.21818181818181817	0.29545454545454547
union_component_leave_one_out	component-05	nuisance_ridge	metadata_only	RCSB-5MYG-LS8-KD	construct-002-cb5cf2af5e4a	7.508638306165727	5.456768424158956			0.22580645161290322	0.29545454545454547
union_component_leave_one_out	component-05	nuisance_ridge	metadata_only	RCSB-5EWH-5SG-KD	construct-002-cb5cf2af5e4a	3.769551078621726	5.588871031259179			0.2	0.29545454545454547
union_component_leave_one_out	component-05	nuisance_ridge	metadata_only	RCSB-5C85-4YO-KD	construct-002-cb5cf2af5e4a	3.9788107009300617	5.570634321355752			0.1836734693877551	0.29545454545454547
union_component_leave_one_out	component-05	nuisance_ridge	metadata_only	RCSB-5O4S-9KW-KD	construct-002-cb5cf2af5e4a	5.6020599913279625	5.642505618232748			0.24096385542168675	0.29545454545454547
union_component_leave_one_out	component-05	nuisance_ridge	metadata_only	RCSB-5EPR-5QY-KD	construct-002-cb5cf2af5e4a	4.040958607678906	5.583660542715343			0.22727272727272727	0.29545454545454547
union_component_leave_one_out	component-05	nuisance_ridge	metadata_only	RCSB-5OV8-AXN-KD	construct-002-cb5cf2af5e4a	4.7447274948966935	5.629479396873157			0.20833333333333334	0.29545454545454547
union_component_leave_one_out	component-05	nuisance_ridge	metadata_only	RCSB-5O55-9L5-KD	construct-002-cb5cf2af5e4a	4.698970004336019	5.720662946390293			0.2159090909090909	0.29545454545454547
union_component_leave_one_out	component-05	nuisance_ridge	metadata_only	RCSB-5D7X-XZ8-KD	construct-002-cb5cf2af5e4a	4.823908740944319	5.661817870872888			0.20634920634920634	0.29545454545454547
union_component_leave_one_out	component-05	nuisance_ridge	metadata_only	RCSB-5O5A-9LN-KD	construct-002-cb5cf2af5e4a	4.769551078621726	5.681584282311521			0.2716049382716049	0.29545454545454547
union_component_leave_one_out	component-05	nuisance_ridge	metadata_only	RCSB-5EPS-5QX-KD	construct-002-cb5cf2af5e4a	4.42021640338319	5.63055493960987			0.21818181818181817	0.29545454545454547
union_component_leave_one_out	component-05	ligand_ecfp_ridge	ligand_only	RCSB-5MYG-LS8-KD	construct-002-cb5cf2af5e4a	7.508638306165727	6.148666693657254			0.22580645161290322	0.29545454545454547
union_component_leave_one_out	component-05	ligand_ecfp_ridge	ligand_only	RCSB-5EWH-5SG-KD	construct-002-cb5cf2af5e4a	3.769551078621726	5.499347179815995			0.2	0.29545454545454547
union_component_leave_one_out	component-05	ligand_ecfp_ridge	ligand_only	RCSB-5C85-4YO-KD	construct-002-cb5cf2af5e4a	3.9788107009300617	5.764905068961482			0.1836734693877551	0.29545454545454547
union_component_leave_one_out	component-05	ligand_ecfp_ridge	ligand_only	RCSB-5O4S-9KW-KD	construct-002-cb5cf2af5e4a	5.6020599913279625	6.777127507522595			0.24096385542168675	0.29545454545454547
union_component_leave_one_out	component-05	ligand_ecfp_ridge	ligand_only	RCSB-5EPR-5QY-KD	construct-002-cb5cf2af5e4a	4.040958607678906	5.47722027112755			0.22727272727272727	0.29545454545454547
union_component_leave_one_out	component-05	ligand_ecfp_ridge	ligand_only	RCSB-5OV8-AXN-KD	construct-002-cb5cf2af5e4a	4.7447274948966935	6.1678291345746015			0.20833333333333334	0.29545454545454547
union_component_leave_one_out	component-05	ligand_ecfp_ridge	ligand_only	RCSB-5O55-9L5-KD	construct-002-cb5cf2af5e4a	4.698970004336019	6.106809225597429			0.2159090909090909	0.29545454545454547
union_component_leave_one_out	component-05	ligand_ecfp_ridge	ligand_only	RCSB-5D7X-XZ8-KD	construct-002-cb5cf2af5e4a	4.823908740944319	5.689419320575331			0.20634920634920634	0.29545454545454547
union_component_leave_one_out	component-05	ligand_ecfp_ridge	ligand_only	RCSB-5O5A-9LN-KD	construct-002-cb5cf2af5e4a	4.769551078621726	5.599034379370399			0.2716049382716049	0.29545454545454547
union_component_leave_one_out	component-05	ligand_ecfp_ridge	ligand_only	RCSB-5EPS-5QX-KD	construct-002-cb5cf2af5e4a	4.42021640338319	5.7460859547116545			0.21818181818181817	0.29545454545454547
union_component_leave_one_out	component-05	ligand_gmolai_ridge	ligand_only	RCSB-5MYG-LS8-KD	construct-002-cb5cf2af5e4a	7.508638306165727	6.758006884869442			0.22580645161290322	0.29545454545454547
union_component_leave_one_out	component-05	ligand_gmolai_ridge	ligand_only	RCSB-5EWH-5SG-KD	construct-002-cb5cf2af5e4a	3.769551078621726	5.135789400494035			0.2	0.29545454545454547
union_component_leave_one_out	component-05	ligand_gmolai_ridge	ligand_only	RCSB-5C85-4YO-KD	construct-002-cb5cf2af5e4a	3.9788107009300617	6.013634654950213			0.1836734693877551	0.29545454545454547
union_component_leave_one_out	component-05	ligand_gmolai_ridge	ligand_only	RCSB-5O4S-9KW-KD	construct-002-cb5cf2af5e4a	5.6020599913279625	8.402006610280758			0.24096385542168675	0.29545454545454547
union_component_leave_one_out	component-05	ligand_gmolai_ridge	ligand_only	RCSB-5EPR-5QY-KD	construct-002-cb5cf2af5e4a	4.040958607678906	4.683661337715526			0.22727272727272727	0.29545454545454547
union_component_leave_one_out	component-05	ligand_gmolai_ridge	ligand_only	RCSB-5OV8-AXN-KD	construct-002-cb5cf2af5e4a	4.7447274948966935	7.7641259721771645			0.20833333333333334	0.29545454545454547
union_component_leave_one_out	component-05	ligand_gmolai_ridge	ligand_only	RCSB-5O55-9L5-KD	construct-002-cb5cf2af5e4a	4.698970004336019	6.133172681823771			0.2159090909090909	0.29545454545454547
union_component_leave_one_out	component-05	ligand_gmolai_ridge	ligand_only	RCSB-5D7X-XZ8-KD	construct-002-cb5cf2af5e4a	4.823908740944319	5.124171482536315			0.20634920634920634	0.29545454545454547
union_component_leave_one_out	component-05	ligand_gmolai_ridge	ligand_only	RCSB-5O5A-9LN-KD	construct-002-cb5cf2af5e4a	4.769551078621726	5.017035826991277			0.2716049382716049	0.29545454545454547
union_component_leave_one_out	component-05	ligand_gmolai_ridge	ligand_only	RCSB-5EPS-5QX-KD	construct-002-cb5cf2af5e4a	4.42021640338319	5.0686111872501725			0.21818181818181817	0.29545454545454547
union_component_leave_one_out	component-05	protein_sequence_ridge	sequence_only	RCSB-5MYG-LS8-KD	construct-002-cb5cf2af5e4a	7.508638306165727	5.5148662485844815			0.22580645161290322	0.29545454545454547
union_component_leave_one_out	component-05	protein_sequence_ridge	sequence_only	RCSB-5EWH-5SG-KD	construct-002-cb5cf2af5e4a	3.769551078621726	5.5148662485844815			0.2	0.29545454545454547
union_component_leave_one_out	component-05	protein_sequence_ridge	sequence_only	RCSB-5C85-4YO-KD	construct-002-cb5cf2af5e4a	3.9788107009300617	5.5148662485844815			0.1836734693877551	0.29545454545454547
union_component_leave_one_out	component-05	protein_sequence_ridge	sequence_only	RCSB-5O4S-9KW-KD	construct-002-cb5cf2af5e4a	5.6020599913279625	5.5148662485844815			0.24096385542168675	0.29545454545454547
union_component_leave_one_out	component-05	protein_sequence_ridge	sequence_only	RCSB-5EPR-5QY-KD	construct-002-cb5cf2af5e4a	4.040958607678906	5.5148662485844815			0.22727272727272727	0.29545454545454547
union_component_leave_one_out	component-05	protein_sequence_ridge	sequence_only	RCSB-5OV8-AXN-KD	construct-002-cb5cf2af5e4a	4.7447274948966935	5.5148662485844815			0.20833333333333334	0.29545454545454547
union_component_leave_one_out	component-05	protein_sequence_ridge	sequence_only	RCSB-5O55-9L5-KD	construct-002-cb5cf2af5e4a	4.698970004336019	5.5148662485844815			0.2159090909090909	0.29545454545454547
union_component_leave_one_out	component-05	protein_sequence_ridge	sequence_only	RCSB-5D7X-XZ8-KD	construct-002-cb5cf2af5e4a	4.823908740944319	5.5148662485844815			0.20634920634920634	0.29545454545454547
union_component_leave_one_out	component-05	protein_sequence_ridge	sequence_only	RCSB-5O5A-9LN-KD	construct-002-cb5cf2af5e4a	4.769551078621726	5.5148662485844815			0.2716049382716049	0.29545454545454547
union_component_leave_one_out	component-05	protein_sequence_ridge	sequence_only	RCSB-5EPS-5QX-KD	construct-002-cb5cf2af5e4a	4.42021640338319	5.5148662485844815			0.21818181818181817	0.29545454545454547
union_component_leave_one_out	component-05	concat_ecfp_sequence_ridge	sequence_ligand	RCSB-5MYG-LS8-KD	construct-002-cb5cf2af5e4a	7.508638306165727	6.006299719900644			0.22580645161290322	0.29545454545454547
union_component_leave_one_out	component-05	concat_ecfp_sequence_ridge	sequence_ligand	RCSB-5EWH-5SG-KD	construct-002-cb5cf2af5e4a	3.769551078621726	5.61870343145465			0.2	0.29545454545454547
union_component_leave_one_out	component-05	concat_ecfp_sequence_ridge	sequence_ligand	RCSB-5C85-4YO-KD	construct-002-cb5cf2af5e4a	3.9788107009300617	5.792182871707914			0.1836734693877551	0.29545454545454547
union_component_leave_one_out	component-05	concat_ecfp_sequence_ridge	sequence_ligand	RCSB-5O4S-9KW-KD	construct-002-cb5cf2af5e4a	5.6020599913279625	6.436057068971242			0.24096385542168675	0.29545454545454547
union_component_leave_one_out	component-05	concat_ecfp_sequence_ridge	sequence_ligand	RCSB-5EPR-5QY-KD	construct-002-cb5cf2af5e4a	4.040958607678906	5.566964350487158			0.22727272727272727	0.29545454545454547
union_component_leave_one_out	component-05	concat_ecfp_sequence_ridge	sequence_ligand	RCSB-5OV8-AXN-KD	construct-002-cb5cf2af5e4a	4.7447274948966935	5.990413404508266			0.20833333333333334	0.29545454545454547
union_component_leave_one_out	component-05	concat_ecfp_sequence_ridge	sequence_ligand	RCSB-5O55-9L5-KD	construct-002-cb5cf2af5e4a	4.698970004336019	5.929183990613296			0.2159090909090909	0.29545454545454547
union_component_leave_one_out	component-05	concat_ecfp_sequence_ridge	sequence_ligand	RCSB-5D7X-XZ8-KD	construct-002-cb5cf2af5e4a	4.823908740944319	5.44780310684569			0.20634920634920634	0.29545454545454547
union_component_leave_one_out	component-05	concat_ecfp_sequence_ridge	sequence_ligand	RCSB-5O5A-9LN-KD	construct-002-cb5cf2af5e4a	4.769551078621726	5.2791682791369885			0.2716049382716049	0.29545454545454547
union_component_leave_one_out	component-05	concat_ecfp_sequence_ridge	sequence_ligand	RCSB-5EPS-5QX-KD	construct-002-cb5cf2af5e4a	4.42021640338319	5.716598247270442			0.21818181818181817	0.29545454545454547
union_component_leave_one_out	component-05	pocket_composition_ridge_S0	S0	RCSB-5MYG-LS8-KD	construct-002-cb5cf2af5e4a	7.508638306165727	5.739185327491514			0.22580645161290322	0.29545454545454547
union_component_leave_one_out	component-05	pocket_composition_ridge_S0	S0	RCSB-5EWH-5SG-KD	construct-002-cb5cf2af5e4a	3.769551078621726	5.739185327491514			0.2	0.29545454545454547
union_component_leave_one_out	component-05	pocket_composition_ridge_S0	S0	RCSB-5C85-4YO-KD	construct-002-cb5cf2af5e4a	3.9788107009300617	5.739185327491514			0.1836734693877551	0.29545454545454547
union_component_leave_one_out	component-05	pocket_composition_ridge_S0	S0	RCSB-5O4S-9KW-KD	construct-002-cb5cf2af5e4a	5.6020599913279625	5.739185327491514			0.24096385542168675	0.29545454545454547
union_component_leave_one_out	component-05	pocket_composition_ridge_S0	S0	RCSB-5EPR-5QY-KD	construct-002-cb5cf2af5e4a	4.040958607678906	5.739185327491514			0.22727272727272727	0.29545454545454547
union_component_leave_one_out	component-05	pocket_composition_ridge_S0	S0	RCSB-5OV8-AXN-KD	construct-002-cb5cf2af5e4a	4.7447274948966935	5.739185327491514			0.20833333333333334	0.29545454545454547
union_component_leave_one_out	component-05	pocket_composition_ridge_S0	S0	RCSB-5O55-9L5-KD	construct-002-cb5cf2af5e4a	4.698970004336019	5.739185327491514			0.2159090909090909	0.29545454545454547
union_component_leave_one_out	component-05	pocket_composition_ridge_S0	S0	RCSB-5D7X-XZ8-KD	construct-002-cb5cf2af5e4a	4.823908740944319	5.739185327491514			0.20634920634920634	0.29545454545454547
union_component_leave_one_out	component-05	pocket_composition_ridge_S0	S0	RCSB-5O5A-9LN-KD	construct-002-cb5cf2af5e4a	4.769551078621726	5.739185327491514			0.2716049382716049	0.29545454545454547
union_component_leave_one_out	component-05	pocket_composition_ridge_S0	S0	RCSB-5EPS-5QX-KD	construct-002-cb5cf2af5e4a	4.42021640338319	5.739185327491514			0.21818181818181817	0.29545454545454547
union_component_leave_one_out	component-05	pocket_structure_ridge_S0	S0	RCSB-5MYG-LS8-KD	construct-002-cb5cf2af5e4a	7.508638306165727	5.66850856641018			0.22580645161290322	0.29545454545454547
union_component_leave_one_out	component-05	pocket_structure_ridge_S0	S0	RCSB-5EWH-5SG-KD	construct-002-cb5cf2af5e4a	3.769551078621726	6.050169130525852			0.2	0.29545454545454547
union_component_leave_one_out	component-05	pocket_structure_ridge_S0	S0	RCSB-5C85-4YO-KD	construct-002-cb5cf2af5e4a	3.9788107009300617	5.932880854351761			0.1836734693877551	0.29545454545454547
union_component_leave_one_out	component-05	pocket_structure_ridge_S0	S0	RCSB-5O4S-9KW-KD	construct-002-cb5cf2af5e4a	5.6020599913279625	6.22531226460638			0.24096385542168675	0.29545454545454547
union_component_leave_one_out	component-05	pocket_structure_ridge_S0	S0	RCSB-5EPR-5QY-KD	construct-002-cb5cf2af5e4a	4.040958607678906	6.278170112842644			0.22727272727272727	0.29545454545454547
union_component_leave_one_out	component-05	pocket_structure_ridge_S0	S0	RCSB-5OV8-AXN-KD	construct-002-cb5cf2af5e4a	4.7447274948966935	6.450763035944376			0.20833333333333334	0.29545454545454547
union_component_leave_one_out	component-05	pocket_structure_ridge_S0	S0	RCSB-5O55-9L5-KD	construct-002-cb5cf2af5e4a	4.698970004336019	5.421285550915582			0.2159090909090909	0.29545454545454547
union_component_leave_one_out	component-05	pocket_structure_ridge_S0	S0	RCSB-5D7X-XZ8-KD	construct-002-cb5cf2af5e4a	4.823908740944319	6.1010564958211795			0.20634920634920634	0.29545454545454547
union_component_leave_one_out	component-05	pocket_structure_ridge_S0	S0	RCSB-5O5A-9LN-KD	construct-002-cb5cf2af5e4a	4.769551078621726	6.378457837593326			0.2716049382716049	0.29545454545454547
union_component_leave_one_out	component-05	pocket_structure_ridge_S0	S0	RCSB-5EPS-5QX-KD	construct-002-cb5cf2af5e4a	4.42021640338319	5.902947830974462			0.21818181818181817	0.29545454545454547
union_component_leave_one_out	component-05	concat_ecfp_pocket_ridge_S0	S0	RCSB-5MYG-LS8-KD	construct-002-cb5cf2af5e4a	7.508638306165727	6.091532024488109			0.22580645161290322	0.29545454545454547
union_component_leave_one_out	component-05	concat_ecfp_pocket_ridge_S0	S0	RCSB-5EWH-5SG-KD	construct-002-cb5cf2af5e4a	3.769551078621726	5.570711444508101			0.2	0.29545454545454547
union_component_leave_one_out	component-05	concat_ecfp_pocket_ridge_S0	S0	RCSB-5C85-4YO-KD	construct-002-cb5cf2af5e4a	3.9788107009300617	5.824758927699895			0.1836734693877551	0.29545454545454547
union_component_leave_one_out	component-05	concat_ecfp_pocket_ridge_S0	S0	RCSB-5O4S-9KW-KD	construct-002-cb5cf2af5e4a	5.6020599913279625	6.732245888609531			0.24096385542168675	0.29545454545454547
union_component_leave_one_out	component-05	concat_ecfp_pocket_ridge_S0	S0	RCSB-5EPR-5QY-KD	construct-002-cb5cf2af5e4a	4.040958607678906	5.57056385360797			0.22727272727272727	0.29545454545454547
union_component_leave_one_out	component-05	concat_ecfp_pocket_ridge_S0	S0	RCSB-5OV8-AXN-KD	construct-002-cb5cf2af5e4a	4.7447274948966935	6.179794592753847			0.20833333333333334	0.29545454545454547
union_component_leave_one_out	component-05	concat_ecfp_pocket_ridge_S0	S0	RCSB-5O55-9L5-KD	construct-002-cb5cf2af5e4a	4.698970004336019	6.060692983345684			0.2159090909090909	0.29545454545454547
union_component_leave_one_out	component-05	concat_ecfp_pocket_ridge_S0	S0	RCSB-5D7X-XZ8-KD	construct-002-cb5cf2af5e4a	4.823908740944319	5.664034264607724			0.20634920634920634	0.29545454545454547
union_component_leave_one_out	component-05	concat_ecfp_pocket_ridge_S0	S0	RCSB-5O5A-9LN-KD	construct-002-cb5cf2af5e4a	4.769551078621726	5.52293573433174			0.2716049382716049	0.29545454545454547
union_component_leave_one_out	component-05	concat_ecfp_pocket_ridge_S0	S0	RCSB-5EPS-5QX-KD	construct-002-cb5cf2af5e4a	4.42021640338319	5.796109309193602			0.21818181818181817	0.29545454545454547
union_component_leave_one_out	component-05	concat_gmolai_pocket_ridge_S0	S0	RCSB-5MYG-LS8-KD	construct-002-cb5cf2af5e4a	7.508638306165727	6.279145426251654			0.22580645161290322	0.29545454545454547
union_component_leave_one_out	component-05	concat_gmolai_pocket_ridge_S0	S0	RCSB-5EWH-5SG-KD	construct-002-cb5cf2af5e4a	3.769551078621726	5.092264425478855			0.2	0.29545454545454547
union_component_leave_one_out	component-05	concat_gmolai_pocket_ridge_S0	S0	RCSB-5C85-4YO-KD	construct-002-cb5cf2af5e4a	3.9788107009300617	5.664362562890054			0.1836734693877551	0.29545454545454547
union_component_leave_one_out	component-05	concat_gmolai_pocket_ridge_S0	S0	RCSB-5O4S-9KW-KD	construct-002-cb5cf2af5e4a	5.6020599913279625	7.742711812981161			0.24096385542168675	0.29545454545454547
union_component_leave_one_out	component-05	concat_gmolai_pocket_ridge_S0	S0	RCSB-5EPR-5QY-KD	construct-002-cb5cf2af5e4a	4.040958607678906	5.144647128404923			0.22727272727272727	0.29545454545454547
union_component_leave_one_out	component-05	concat_gmolai_pocket_ridge_S0	S0	RCSB-5OV8-AXN-KD	construct-002-cb5cf2af5e4a	4.7447274948966935	7.288579137628645			0.20833333333333334	0.29545454545454547
union_component_leave_one_out	component-05	concat_gmolai_pocket_ridge_S0	S0	RCSB-5O55-9L5-KD	construct-002-cb5cf2af5e4a	4.698970004336019	6.021463654454128			0.2159090909090909	0.29545454545454547
union_component_leave_one_out	component-05	concat_gmolai_pocket_ridge_S0	S0	RCSB-5D7X-XZ8-KD	construct-002-cb5cf2af5e4a	4.823908740944319	5.403791666092171			0.20634920634920634	0.29545454545454547
union_component_leave_one_out	component-05	concat_gmolai_pocket_ridge_S0	S0	RCSB-5O5A-9LN-KD	construct-002-cb5cf2af5e4a	4.769551078621726	5.535389178848871			0.2716049382716049	0.29545454545454547
union_component_leave_one_out	component-05	concat_gmolai_pocket_ridge_S0	S0	RCSB-5EPS-5QX-KD	construct-002-cb5cf2af5e4a	4.42021640338319	5.3675744647487225			0.21818181818181817	0.29545454545454547
union_component_leave_one_out	component-05	pocket_composition_ridge_S1	S1	RCSB-5MYG-LS8-KD	construct-002-cb5cf2af5e4a	7.508638306165727	5.739185327491514			0.22580645161290322	0.29545454545454547
union_component_leave_one_out	component-05	pocket_composition_ridge_S1	S1	RCSB-5EWH-5SG-KD	construct-002-cb5cf2af5e4a	3.769551078621726	5.739185327491514			0.2	0.29545454545454547
union_component_leave_one_out	component-05	pocket_composition_ridge_S1	S1	RCSB-5C85-4YO-KD	construct-002-cb5cf2af5e4a	3.9788107009300617	5.739185327491514			0.1836734693877551	0.29545454545454547
union_component_leave_one_out	component-05	pocket_composition_ridge_S1	S1	RCSB-5O4S-9KW-KD	construct-002-cb5cf2af5e4a	5.6020599913279625	5.739185327491514			0.24096385542168675	0.29545454545454547
union_component_leave_one_out	component-05	pocket_composition_ridge_S1	S1	RCSB-5EPR-5QY-KD	construct-002-cb5cf2af5e4a	4.040958607678906	5.739185327491514			0.22727272727272727	0.29545454545454547
union_component_leave_one_out	component-05	pocket_composition_ridge_S1	S1	RCSB-5OV8-AXN-KD	construct-002-cb5cf2af5e4a	4.7447274948966935	5.739185327491514			0.20833333333333334	0.29545454545454547
union_component_leave_one_out	component-05	pocket_composition_ridge_S1	S1	RCSB-5O55-9L5-KD	construct-002-cb5cf2af5e4a	4.698970004336019	5.739185327491514			0.2159090909090909	0.29545454545454547
union_component_leave_one_out	component-05	pocket_composition_ridge_S1	S1	RCSB-5D7X-XZ8-KD	construct-002-cb5cf2af5e4a	4.823908740944319	5.739185327491514			0.20634920634920634	0.29545454545454547
union_component_leave_one_out	component-05	pocket_composition_ridge_S1	S1	RCSB-5O5A-9LN-KD	construct-002-cb5cf2af5e4a	4.769551078621726	5.739185327491514			0.2716049382716049	0.29545454545454547
union_component_leave_one_out	component-05	pocket_composition_ridge_S1	S1	RCSB-5EPS-5QX-KD	construct-002-cb5cf2af5e4a	4.42021640338319	5.739185327491514			0.21818181818181817	0.29545454545454547
union_component_leave_one_out	component-05	pocket_structure_ridge_S1	S1	RCSB-5MYG-LS8-KD	construct-002-cb5cf2af5e4a	7.508638306165727	5.70666531085053			0.22580645161290322	0.29545454545454547
union_component_leave_one_out	component-05	pocket_structure_ridge_S1	S1	RCSB-5EWH-5SG-KD	construct-002-cb5cf2af5e4a	3.769551078621726	5.70666531085053			0.2	0.29545454545454547
union_component_leave_one_out	component-05	pocket_structure_ridge_S1	S1	RCSB-5C85-4YO-KD	construct-002-cb5cf2af5e4a	3.9788107009300617	5.70666531085053			0.1836734693877551	0.29545454545454547
union_component_leave_one_out	component-05	pocket_structure_ridge_S1	S1	RCSB-5O4S-9KW-KD	construct-002-cb5cf2af5e4a	5.6020599913279625	5.70666531085053			0.24096385542168675	0.29545454545454547
union_component_leave_one_out	component-05	pocket_structure_ridge_S1	S1	RCSB-5EPR-5QY-KD	construct-002-cb5cf2af5e4a	4.040958607678906	5.70666531085053			0.22727272727272727	0.29545454545454547
union_component_leave_one_out	component-05	pocket_structure_ridge_S1	S1	RCSB-5OV8-AXN-KD	construct-002-cb5cf2af5e4a	4.7447274948966935	5.70666531085053			0.20833333333333334	0.29545454545454547
union_component_leave_one_out	component-05	pocket_structure_ridge_S1	S1	RCSB-5O55-9L5-KD	construct-002-cb5cf2af5e4a	4.698970004336019	5.70666531085053			0.2159090909090909	0.29545454545454547
union_component_leave_one_out	component-05	pocket_structure_ridge_S1	S1	RCSB-5D7X-XZ8-KD	construct-002-cb5cf2af5e4a	4.823908740944319	5.70666531085053			0.20634920634920634	0.29545454545454547
union_component_leave_one_out	component-05	pocket_structure_ridge_S1	S1	RCSB-5O5A-9LN-KD	construct-002-cb5cf2af5e4a	4.769551078621726	5.70666531085053			0.2716049382716049	0.29545454545454547
union_component_leave_one_out	component-05	pocket_structure_ridge_S1	S1	RCSB-5EPS-5QX-KD	construct-002-cb5cf2af5e4a	4.42021640338319	5.70666531085053			0.21818181818181817	0.29545454545454547
union_component_leave_one_out	component-05	concat_ecfp_pocket_ridge_S1	S1	RCSB-5MYG-LS8-KD	construct-002-cb5cf2af5e4a	7.508638306165727	6.1562818658991825			0.22580645161290322	0.29545454545454547
union_component_leave_one_out	component-05	concat_ecfp_pocket_ridge_S1	S1	RCSB-5EWH-5SG-KD	construct-002-cb5cf2af5e4a	3.769551078621726	5.597746980626156			0.2	0.29545454545454547
union_component_leave_one_out	component-05	concat_ecfp_pocket_ridge_S1	S1	RCSB-5C85-4YO-KD	construct-002-cb5cf2af5e4a	3.9788107009300617	5.8337776873960685			0.1836734693877551	0.29545454545454547
union_component_leave_one_out	component-05	concat_ecfp_pocket_ridge_S1	S1	RCSB-5O4S-9KW-KD	construct-002-cb5cf2af5e4a	5.6020599913279625	6.704229941602863			0.24096385542168675	0.29545454545454547
union_component_leave_one_out	component-05	concat_ecfp_pocket_ridge_S1	S1	RCSB-5EPR-5QY-KD	construct-002-cb5cf2af5e4a	4.040958607678906	5.56898352861998			0.22727272727272727	0.29545454545454547
union_component_leave_one_out	component-05	concat_ecfp_pocket_ridge_S1	S1	RCSB-5OV8-AXN-KD	construct-002-cb5cf2af5e4a	4.7447274948966935	6.1587839563445925			0.20833333333333334	0.29545454545454547
union_component_leave_one_out	component-05	concat_ecfp_pocket_ridge_S1	S1	RCSB-5O55-9L5-KD	construct-002-cb5cf2af5e4a	4.698970004336019	6.0925705021312195			0.2159090909090909	0.29545454545454547
union_component_leave_one_out	component-05	concat_ecfp_pocket_ridge_S1	S1	RCSB-5D7X-XZ8-KD	construct-002-cb5cf2af5e4a	4.823908740944319	5.649039242831667			0.20634920634920634	0.29545454545454547
union_component_leave_one_out	component-05	concat_ecfp_pocket_ridge_S1	S1	RCSB-5O5A-9LN-KD	construct-002-cb5cf2af5e4a	4.769551078621726	5.530480063289363			0.2716049382716049	0.29545454545454547
union_component_leave_one_out	component-05	concat_ecfp_pocket_ridge_S1	S1	RCSB-5EPS-5QX-KD	construct-002-cb5cf2af5e4a	4.42021640338319	5.788272761324642			0.21818181818181817	0.29545454545454547
union_component_leave_one_out	component-05	concat_gmolai_pocket_ridge_S1	S1	RCSB-5MYG-LS8-KD	construct-002-cb5cf2af5e4a	7.508638306165727	6.359578128447454			0.22580645161290322	0.29545454545454547
union_component_leave_one_out	component-05	concat_gmolai_pocket_ridge_S1	S1	RCSB-5EWH-5SG-KD	construct-002-cb5cf2af5e4a	3.769551078621726	5.1118310358071035			0.2	0.29545454545454547
union_component_leave_one_out	component-05	concat_gmolai_pocket_ridge_S1	S1	RCSB-5C85-4YO-KD	construct-002-cb5cf2af5e4a	3.9788107009300617	5.992811106312065			0.1836734693877551	0.29545454545454547
union_component_leave_one_out	component-05	concat_gmolai_pocket_ridge_S1	S1	RCSB-5O4S-9KW-KD	construct-002-cb5cf2af5e4a	5.6020599913279625	7.6941285168587275			0.24096385542168675	0.29545454545454547
union_component_leave_one_out	component-05	concat_gmolai_pocket_ridge_S1	S1	RCSB-5EPR-5QY-KD	construct-002-cb5cf2af5e4a	4.040958607678906	4.637307274259294			0.22727272727272727	0.29545454545454547
union_component_leave_one_out	component-05	concat_gmolai_pocket_ridge_S1	S1	RCSB-5OV8-AXN-KD	construct-002-cb5cf2af5e4a	4.7447274948966935	7.107540543399952			0.20833333333333334	0.29545454545454547
union_component_leave_one_out	component-05	concat_gmolai_pocket_ridge_S1	S1	RCSB-5O55-9L5-KD	construct-002-cb5cf2af5e4a	4.698970004336019	5.670698532327691			0.2159090909090909	0.29545454545454547
union_component_leave_one_out	component-05	concat_gmolai_pocket_ridge_S1	S1	RCSB-5D7X-XZ8-KD	construct-002-cb5cf2af5e4a	4.823908740944319	4.985091026015669			0.20634920634920634	0.29545454545454547
union_component_leave_one_out	component-05	concat_gmolai_pocket_ridge_S1	S1	RCSB-5O5A-9LN-KD	construct-002-cb5cf2af5e4a	4.769551078621726	4.688940700773464			0.2716049382716049	0.29545454545454547
union_component_leave_one_out	component-05	concat_gmolai_pocket_ridge_S1	S1	RCSB-5EPS-5QX-KD	construct-002-cb5cf2af5e4a	4.42021640338319	4.92102625105295			0.21818181818181817	0.29545454545454547
union_component_leave_one_out	component-05	negative_pocket_permuted_concat_gmolai_S0	S0_negative_control	RCSB-5MYG-LS8-KD	construct-002-cb5cf2af5e4a	7.508638306165727	6.214675981802054			0.22580645161290322	0.29545454545454547
union_component_leave_one_out	component-05	negative_pocket_permuted_concat_gmolai_S0	S0_negative_control	RCSB-5EWH-5SG-KD	construct-002-cb5cf2af5e4a	3.769551078621726	5.370646302061351			0.2	0.29545454545454547
union_component_leave_one_out	component-05	negative_pocket_permuted_concat_gmolai_S0	S0_negative_control	RCSB-5C85-4YO-KD	construct-002-cb5cf2af5e4a	3.9788107009300617	6.000538063313881			0.1836734693877551	0.29545454545454547
union_component_leave_one_out	component-05	negative_pocket_permuted_concat_gmolai_S0	S0_negative_control	RCSB-5O4S-9KW-KD	construct-002-cb5cf2af5e4a	5.6020599913279625	7.397656744349059			0.24096385542168675	0.29545454545454547
union_component_leave_one_out	component-05	negative_pocket_permuted_concat_gmolai_S0	S0_negative_control	RCSB-5EPR-5QY-KD	construct-002-cb5cf2af5e4a	4.040958607678906	4.738809876096676			0.22727272727272727	0.29545454545454547
union_component_leave_one_out	component-05	negative_pocket_permuted_concat_gmolai_S0	S0_negative_control	RCSB-5OV8-AXN-KD	construct-002-cb5cf2af5e4a	4.7447274948966935	6.948609308681901			0.20833333333333334	0.29545454545454547
union_component_leave_one_out	component-05	negative_pocket_permuted_concat_gmolai_S0	S0_negative_control	RCSB-5O55-9L5-KD	construct-002-cb5cf2af5e4a	4.698970004336019	5.766740993947644			0.2159090909090909	0.29545454545454547
union_component_leave_one_out	component-05	negative_pocket_permuted_concat_gmolai_S0	S0_negative_control	RCSB-5D7X-XZ8-KD	construct-002-cb5cf2af5e4a	4.823908740944319	4.86093154029235			0.20634920634920634	0.29545454545454547
union_component_leave_one_out	component-05	negative_pocket_permuted_concat_gmolai_S0	S0_negative_control	RCSB-5O5A-9LN-KD	construct-002-cb5cf2af5e4a	4.769551078621726	4.780038008352047			0.2716049382716049	0.29545454545454547
union_component_leave_one_out	component-05	negative_pocket_permuted_concat_gmolai_S0	S0_negative_control	RCSB-5EPS-5QX-KD	construct-002-cb5cf2af5e4a	4.42021640338319	4.957090715132331			0.21818181818181817	0.29545454545454547
union_component_leave_one_out	component-05	additive_gmolai_pocket_equal_S0	S0	RCSB-5MYG-LS8-KD	construct-002-cb5cf2af5e4a	7.508638306165727	6.213257725639811			0.22580645161290322	0.29545454545454547
union_component_leave_one_out	component-05	additive_gmolai_pocket_equal_S0	S0	RCSB-5EWH-5SG-KD	construct-002-cb5cf2af5e4a	3.769551078621726	5.5929792655099435			0.2	0.29545454545454547
union_component_leave_one_out	component-05	additive_gmolai_pocket_equal_S0	S0	RCSB-5C85-4YO-KD	construct-002-cb5cf2af5e4a	3.9788107009300617	5.973257754650987			0.1836734693877551	0.29545454545454547
union_component_leave_one_out	component-05	additive_gmolai_pocket_equal_S0	S0	RCSB-5O4S-9KW-KD	construct-002-cb5cf2af5e4a	5.6020599913279625	7.313659437443569			0.24096385542168675	0.29545454545454547
union_component_leave_one_out	component-05	additive_gmolai_pocket_equal_S0	S0	RCSB-5EPR-5QY-KD	construct-002-cb5cf2af5e4a	4.040958607678906	5.480915725279084			0.22727272727272727	0.29545454545454547
union_component_leave_one_out	component-05	additive_gmolai_pocket_equal_S0	S0	RCSB-5OV8-AXN-KD	construct-002-cb5cf2af5e4a	4.7447274948966935	7.10744450406077			0.20833333333333334	0.29545454545454547
union_component_leave_one_out	component-05	additive_gmolai_pocket_equal_S0	S0	RCSB-5O55-9L5-KD	construct-002-cb5cf2af5e4a	4.698970004336019	5.777229116369677			0.2159090909090909	0.29545454545454547
union_component_leave_one_out	component-05	additive_gmolai_pocket_equal_S0	S0	RCSB-5D7X-XZ8-KD	construct-002-cb5cf2af5e4a	4.823908740944319	5.612613989178747			0.20634920634920634	0.29545454545454547
union_component_leave_one_out	component-05	additive_gmolai_pocket_equal_S0	S0	RCSB-5O5A-9LN-KD	construct-002-cb5cf2af5e4a	4.769551078621726	5.697746832292301			0.2716049382716049	0.29545454545454547
union_component_leave_one_out	component-05	additive_gmolai_pocket_equal_S0	S0	RCSB-5EPS-5QX-KD	construct-002-cb5cf2af5e4a	4.42021640338319	5.485779509112318			0.21818181818181817	0.29545454545454547
union_component_leave_one_out	component-05	additive_gmolai_pocket_equal_S1	S1	RCSB-5MYG-LS8-KD	construct-002-cb5cf2af5e4a	7.508638306165727	6.232336097859986			0.22580645161290322	0.29545454545454547
union_component_leave_one_out	component-05	additive_gmolai_pocket_equal_S1	S1	RCSB-5EWH-5SG-KD	construct-002-cb5cf2af5e4a	3.769551078621726	5.421227355672283			0.2	0.29545454545454547
union_component_leave_one_out	component-05	additive_gmolai_pocket_equal_S1	S1	RCSB-5C85-4YO-KD	construct-002-cb5cf2af5e4a	3.9788107009300617	5.860149982900372			0.1836734693877551	0.29545454545454547
union_component_leave_one_out	component-05	additive_gmolai_pocket_equal_S1	S1	RCSB-5O4S-9KW-KD	construct-002-cb5cf2af5e4a	5.6020599913279625	7.054335960565644			0.24096385542168675	0.29545454545454547
union_component_leave_one_out	component-05	additive_gmolai_pocket_equal_S1	S1	RCSB-5EPR-5QY-KD	construct-002-cb5cf2af5e4a	4.040958607678906	5.195163324283028			0.22727272727272727	0.29545454545454547
union_component_leave_one_out	component-05	additive_gmolai_pocket_equal_S1	S1	RCSB-5OV8-AXN-KD	construct-002-cb5cf2af5e4a	4.7447274948966935	6.735395641513847			0.20833333333333334	0.29545454545454547
union_component_leave_one_out	component-05	additive_gmolai_pocket_equal_S1	S1	RCSB-5O55-9L5-KD	construct-002-cb5cf2af5e4a	4.698970004336019	5.919918996337151			0.2159090909090909	0.29545454545454547
union_component_leave_one_out	component-05	additive_gmolai_pocket_equal_S1	S1	RCSB-5D7X-XZ8-KD	construct-002-cb5cf2af5e4a	4.823908740944319	5.415418396693423			0.20634920634920634	0.29545454545454547
union_component_leave_one_out	component-05	additive_gmolai_pocket_equal_S1	S1	RCSB-5O5A-9LN-KD	construct-002-cb5cf2af5e4a	4.769551078621726	5.361850568920904			0.2716049382716049	0.29545454545454547
union_component_leave_one_out	component-05	additive_gmolai_pocket_equal_S1	S1	RCSB-5EPS-5QX-KD	construct-002-cb5cf2af5e4a	4.42021640338319	5.387638249050351			0.21818181818181817	0.29545454545454547
union_component_leave_one_out	component-05	ligand_ecfp_knn	ligand_only	RCSB-5MYG-LS8-KD	construct-002-cb5cf2af5e4a	7.508638306165727	7.388627125780433	RCSB-4PS5-2TA-KD	0.22580645161290322	0.22580645161290322	0.29545454545454547
union_component_leave_one_out	component-05	ligand_ecfp_knn	ligand_only	RCSB-5EWH-5SG-KD	construct-002-cb5cf2af5e4a	3.769551078621726	5.670054467300021	RCSB-6FSY-E5Q-KD	0.2	0.2	0.29545454545454547
union_component_leave_one_out	component-05	ligand_ecfp_knn	ligand_only	RCSB-5C85-4YO-KD	construct-002-cb5cf2af5e4a	3.9788107009300617	6.130075406920738	RCSB-6RQB-Q47-KD	0.1836734693877551	0.1836734693877551	0.29545454545454547
union_component_leave_one_out	component-05	ligand_ecfp_knn	ligand_only	RCSB-5O4S-9KW-KD	construct-002-cb5cf2af5e4a	5.6020599913279625	7.347062208847812	RCSB-6TPZ-NV2-KD	0.24096385542168675	0.24096385542168675	0.29545454545454547
union_component_leave_one_out	component-05	ligand_ecfp_knn	ligand_only	RCSB-5EPR-5QY-KD	construct-002-cb5cf2af5e4a	4.040958607678906	5.239958953797769	RCSB-6RQ9-KEQ-KD	0.22727272727272727	0.22727272727272727	0.29545454545454547
union_component_leave_one_out	component-05	ligand_ecfp_knn	ligand_only	RCSB-5OV8-AXN-KD	construct-002-cb5cf2af5e4a	4.7447274948966935	6.870472178053624	RCSB-7MRA-ZMJ-KD	0.20833333333333334	0.20833333333333334	0.29545454545454547
union_component_leave_one_out	component-05	ligand_ecfp_knn	ligand_only	RCSB-5O55-9L5-KD	construct-002-cb5cf2af5e4a	4.698970004336019	7.285225152156683	RCSB-6TPZ-NV2-KD	0.2159090909090909	0.2159090909090909	0.29545454545454547
union_component_leave_one_out	component-05	ligand_ecfp_knn	ligand_only	RCSB-5D7X-XZ8-KD	construct-002-cb5cf2af5e4a	4.823908740944319	6.1713400010819095	RCSB-7MRA-ZMJ-KD	0.20634920634920634	0.20634920634920634	0.29545454545454547
union_component_leave_one_out	component-05	ligand_ecfp_knn	ligand_only	RCSB-5O5A-9LN-KD	construct-002-cb5cf2af5e4a	4.769551078621726	5.534592398781362	RCSB-5D3T-56Y-KD	0.2716049382716049	0.2716049382716049	0.29545454545454547
union_component_leave_one_out	component-05	ligand_ecfp_knn	ligand_only	RCSB-5EPS-5QX-KD	construct-002-cb5cf2af5e4a	4.42021640338319	6.854131970140658	RCSB-7MR9-ZMM-KD	0.21818181818181817	0.21818181818181817	0.29545454545454547
union_component_leave_one_out	component-05	ligand_gmolai_knn	ligand_only	RCSB-5MYG-LS8-KD	construct-002-cb5cf2af5e4a	7.508638306165727	6.46577653561072	RCSB-7MRA-ZMJ-KD	0.7076357112919951	0.22580645161290322	0.29545454545454547
union_component_leave_one_out	component-05	ligand_gmolai_knn	ligand_only	RCSB-5EWH-5SG-KD	construct-002-cb5cf2af5e4a	3.769551078621726	5.933197551452328	RCSB-7MR9-ZMM-KD	0.6058322093168058	0.2	0.29545454545454547
union_component_leave_one_out	component-05	ligand_gmolai_knn	ligand_only	RCSB-5C85-4YO-KD	construct-002-cb5cf2af5e4a	3.9788107009300617	5.701361388405921	RCSB-6RQD-KEW-KD	0.6083839116338463	0.1836734693877551	0.29545454545454547
union_component_leave_one_out	component-05	ligand_gmolai_knn	ligand_only	RCSB-5O4S-9KW-KD	construct-002-cb5cf2af5e4a	5.6020599913279625	7.306023264796517	RCSB-6TPZ-NV2-KD	0.7315817725367668	0.24096385542168675	0.29545454545454547
union_component_leave_one_out	component-05	ligand_gmolai_knn	ligand_only	RCSB-5EPR-5QY-KD	construct-002-cb5cf2af5e4a	4.040958607678906	5.103360597058103	RCSB-6RQ9-KEQ-KD	0.6027749607278317	0.22727272727272727	0.29545454545454547
union_component_leave_one_out	component-05	ligand_gmolai_knn	ligand_only	RCSB-5OV8-AXN-KD	construct-002-cb5cf2af5e4a	4.7447274948966935	7.419911160115468	RCSB-6TPZ-NV2-KD	0.7174513737431292	0.20833333333333334	0.29545454545454547
union_component_leave_one_out	component-05	ligand_gmolai_knn	ligand_only	RCSB-5O55-9L5-KD	construct-002-cb5cf2af5e4a	4.698970004336019	5.69174506039781	RCSB-5EGU-5NQ-KD	0.6797614928947942	0.2159090909090909	0.29545454545454547
union_component_leave_one_out	component-05	ligand_gmolai_knn	ligand_only	RCSB-5D7X-XZ8-KD	construct-002-cb5cf2af5e4a	4.823908740944319	6.514680079051562	RCSB-7MRA-ZMJ-KD	0.7600697396268	0.20634920634920634	0.29545454545454547
union_component_leave_one_out	component-05	ligand_gmolai_knn	ligand_only	RCSB-5O5A-9LN-KD	construct-002-cb5cf2af5e4a	4.769551078621726	6.4662606167593095	RCSB-7MRA-ZMJ-KD	0.7808348501426313	0.2716049382716049	0.29545454545454547
union_component_leave_one_out	component-05	ligand_gmolai_knn	ligand_only	RCSB-5EPS-5QX-KD	construct-002-cb5cf2af5e4a	4.42021640338319	5.093782524620821	RCSB-6RQ9-KEQ-KD	0.496668828871142	0.21818181818181817	0.29545454545454547
union_component_leave_one_out	component-05	protein_sequence_identity_knn	sequence_only	RCSB-5MYG-LS8-KD	construct-002-cb5cf2af5e4a	7.508638306165727	6.595588673878086	RCSB-4O76-1M3-KD	0.29545454545454547	0.22580645161290322	0.29545454545454547
union_component_leave_one_out	component-05	protein_sequence_identity_knn	sequence_only	RCSB-5EWH-5SG-KD	construct-002-cb5cf2af5e4a	3.769551078621726	6.595588673878086	RCSB-4O76-1M3-KD	0.29545454545454547	0.2	0.29545454545454547
union_component_leave_one_out	component-05	protein_sequence_identity_knn	sequence_only	RCSB-5C85-4YO-KD	construct-002-cb5cf2af5e4a	3.9788107009300617	6.595588673878086	RCSB-4O76-1M3-KD	0.29545454545454547	0.1836734693877551	0.29545454545454547
union_component_leave_one_out	component-05	protein_sequence_identity_knn	sequence_only	RCSB-5O4S-9KW-KD	construct-002-cb5cf2af5e4a	5.6020599913279625	6.595588673878086	RCSB-4O76-1M3-KD	0.29545454545454547	0.24096385542168675	0.29545454545454547
union_component_leave_one_out	component-05	protein_sequence_identity_knn	sequence_only	RCSB-5EPR-5QY-KD	construct-002-cb5cf2af5e4a	4.040958607678906	6.595588673878086	RCSB-4O76-1M3-KD	0.29545454545454547	0.22727272727272727	0.29545454545454547
union_component_leave_one_out	component-05	protein_sequence_identity_knn	sequence_only	RCSB-5OV8-AXN-KD	construct-002-cb5cf2af5e4a	4.7447274948966935	6.595588673878086	RCSB-4O76-1M3-KD	0.29545454545454547	0.20833333333333334	0.29545454545454547
union_component_leave_one_out	component-05	protein_sequence_identity_knn	sequence_only	RCSB-5O55-9L5-KD	construct-002-cb5cf2af5e4a	4.698970004336019	6.595588673878086	RCSB-4O76-1M3-KD	0.29545454545454547	0.2159090909090909	0.29545454545454547
union_component_leave_one_out	component-05	protein_sequence_identity_knn	sequence_only	RCSB-5D7X-XZ8-KD	construct-002-cb5cf2af5e4a	4.823908740944319	6.595588673878086	RCSB-4O76-1M3-KD	0.29545454545454547	0.20634920634920634	0.29545454545454547
union_component_leave_one_out	component-05	protein_sequence_identity_knn	sequence_only	RCSB-5O5A-9LN-KD	construct-002-cb5cf2af5e4a	4.769551078621726	6.595588673878086	RCSB-4O76-1M3-KD	0.29545454545454547	0.2716049382716049	0.29545454545454547
union_component_leave_one_out	component-05	protein_sequence_identity_knn	sequence_only	RCSB-5EPS-5QX-KD	construct-002-cb5cf2af5e4a	4.42021640338319	6.595588673878086	RCSB-4O76-1M3-KD	0.29545454545454547	0.21818181818181817	0.29545454545454547
union_component_leave_one_out	component-05	pocket_structure_knn_S0	S0	RCSB-5MYG-LS8-KD	construct-002-cb5cf2af5e4a	7.508638306165727	5.856323489240995	RCSB-6FO5-DZH-KD	0.291817373422337	0.22580645161290322	0.29545454545454547
union_component_leave_one_out	component-05	pocket_structure_knn_S0	S0	RCSB-5EWH-5SG-KD	construct-002-cb5cf2af5e4a	3.769551078621726	6.445180943763333	RCSB-5EGU-5NQ-KD	0.2954388219316118	0.2	0.29545454545454547
union_component_leave_one_out	component-05	pocket_structure_knn_S0	S0	RCSB-5C85-4YO-KD	construct-002-cb5cf2af5e4a	3.9788107009300617	6.456539123216267	RCSB-6FO5-DZH-KD	0.2837096700735667	0.1836734693877551	0.29545454545454547
union_component_leave_one_out	component-05	pocket_structure_knn_S0	S0	RCSB-5O4S-9KW-KD	construct-002-cb5cf2af5e4a	5.6020599913279625	6.450120062121164	RCSB-6FO5-DZH-KD	0.3068785525535708	0.24096385542168675	0.29545454545454547
union_component_leave_one_out	component-05	pocket_structure_knn_S0	S0	RCSB-5EPR-5QY-KD	construct-002-cb5cf2af5e4a	4.040958607678906	6.45609978169547	RCSB-6FO5-DZH-KD	0.29902346025342863	0.22727272727272727	0.29545454545454547
union_component_leave_one_out	component-05	pocket_structure_knn_S0	S0	RCSB-5OV8-AXN-KD	construct-002-cb5cf2af5e4a	4.7447274948966935	6.450007573090906	RCSB-6FO5-DZH-KD	0.31401075619387475	0.20833333333333334	0.29545454545454547
union_component_leave_one_out	component-05	pocket_structure_knn_S0	S0	RCSB-5O55-9L5-KD	construct-002-cb5cf2af5e4a	4.698970004336019	6.448193814749459	RCSB-5EGU-5NQ-KD	0.31170458898960696	0.2159090909090909	0.29545454545454547
union_component_leave_one_out	component-05	pocket_structure_knn_S0	S0	RCSB-5D7X-XZ8-KD	construct-002-cb5cf2af5e4a	4.823908740944319	6.4403464115985605	RCSB-5EGU-5NQ-KD	0.30713079481167205	0.20634920634920634	0.29545454545454547
union_component_leave_one_out	component-05	pocket_structure_knn_S0	S0	RCSB-5O5A-9LN-KD	construct-002-cb5cf2af5e4a	4.769551078621726	6.451316343829764	RCSB-6FO5-DZH-KD	0.2955333305607201	0.2716049382716049	0.29545454545454547
union_component_leave_one_out	component-05	pocket_structure_knn_S0	S0	RCSB-5EPS-5QX-KD	construct-002-cb5cf2af5e4a	4.42021640338319	6.452785020385272	RCSB-6FO5-DZH-KD	0.2921625314138981	0.21818181818181817	0.29545454545454547
union_component_leave_one_out	component-05	two_sided_ecfp_pocket_knn_S0	S0	RCSB-5MYG-LS8-KD	construct-002-cb5cf2af5e4a	7.508638306165727	7.39219433228886	RCSB-4PS5-2TA-KD	0.25248834437465073	0.22580645161290322	0.29545454545454547
union_component_leave_one_out	component-05	two_sided_ecfp_pocket_knn_S0	S0	RCSB-5EWH-5SG-KD	construct-002-cb5cf2af5e4a	3.769551078621726	6.735357479414505	RCSB-6FSY-E5Q-KD	0.23513920522133366	0.2	0.29545454545454547
union_component_leave_one_out	component-05	two_sided_ecfp_pocket_knn_S0	S0	RCSB-5C85-4YO-KD	construct-002-cb5cf2af5e4a	3.9788107009300617	7.097663312965625	RCSB-6FO5-DZH-KD	0.21745101750109405	0.1836734693877551	0.29545454545454547
union_component_leave_one_out	component-05	two_sided_ecfp_pocket_knn_S0	S0	RCSB-5O4S-9KW-KD	construct-002-cb5cf2af5e4a	5.6020599913279625	7.333893877386433	RCSB-6FO5-DZH-KD	0.2694344566133332	0.24096385542168675	0.29545454545454547
union_component_leave_one_out	component-05	two_sided_ecfp_pocket_knn_S0	S0	RCSB-5EPR-5QY-KD	construct-002-cb5cf2af5e4a	4.040958607678906	6.759887583070153	RCSB-7MR9-ZMM-KD	0.20066226989784766	0.22727272727272727	0.29545454545454547
union_component_leave_one_out	component-05	two_sided_ecfp_pocket_knn_S0	S0	RCSB-5OV8-AXN-KD	construct-002-cb5cf2af5e4a	4.7447274948966935	6.8611288632186165	RCSB-6FO5-DZH-KD	0.2519330451343706	0.20833333333333334	0.29545454545454547
union_component_leave_one_out	component-05	two_sided_ecfp_pocket_knn_S0	S0	RCSB-5O55-9L5-KD	construct-002-cb5cf2af5e4a	4.698970004336019	7.179063059617313	RCSB-6TPZ-NV2-KD	0.2506839397781121	0.2159090909090909	0.29545454545454547
union_component_leave_one_out	component-05	two_sided_ecfp_pocket_knn_S0	S0	RCSB-5D7X-XZ8-KD	construct-002-cb5cf2af5e4a	4.823908740944319	6.1628498174338	RCSB-7MR9-ZMM-KD	0.2406025076371315	0.20634920634920634	0.29545454545454547
union_component_leave_one_out	component-05	two_sided_ecfp_pocket_knn_S0	S0	RCSB-5O5A-9LN-KD	construct-002-cb5cf2af5e4a	4.769551078621726	5.675179650165628	RCSB-5D3T-56Y-KD	0.275733542447391	0.2716049382716049	0.29545454545454547
union_component_leave_one_out	component-05	two_sided_ecfp_pocket_knn_S0	S0	RCSB-5EPS-5QX-KD	construct-002-cb5cf2af5e4a	4.42021640338319	7.166999774176287	RCSB-7MR9-ZMM-KD	0.2458618614808541	0.21818181818181817	0.29545454545454547
union_component_leave_one_out	component-05	pocket_structure_knn_S1	S1	RCSB-5MYG-LS8-KD	construct-002-cb5cf2af5e4a	7.508638306165727	6.595588673878085	RCSB-4O76-1M3-KD	0.246274127993085	0.22580645161290322	0.29545454545454547
union_component_leave_one_out	component-05	pocket_structure_knn_S1	S1	RCSB-5EWH-5SG-KD	construct-002-cb5cf2af5e4a	3.769551078621726	6.595588673878085	RCSB-4O76-1M3-KD	0.246274127993085	0.2	0.29545454545454547
union_component_leave_one_out	component-05	pocket_structure_knn_S1	S1	RCSB-5C85-4YO-KD	construct-002-cb5cf2af5e4a	3.9788107009300617	6.595588673878085	RCSB-4O76-1M3-KD	0.246274127993085	0.1836734693877551	0.29545454545454547
union_component_leave_one_out	component-05	pocket_structure_knn_S1	S1	RCSB-5O4S-9KW-KD	construct-002-cb5cf2af5e4a	5.6020599913279625	6.595588673878085	RCSB-4O76-1M3-KD	0.246274127993085	0.24096385542168675	0.29545454545454547
union_component_leave_one_out	component-05	pocket_structure_knn_S1	S1	RCSB-5EPR-5QY-KD	construct-002-cb5cf2af5e4a	4.040958607678906	6.595588673878085	RCSB-4O76-1M3-KD	0.246274127993085	0.22727272727272727	0.29545454545454547
union_component_leave_one_out	component-05	pocket_structure_knn_S1	S1	RCSB-5OV8-AXN-KD	construct-002-cb5cf2af5e4a	4.7447274948966935	6.595588673878085	RCSB-4O76-1M3-KD	0.246274127993085	0.20833333333333334	0.29545454545454547
union_component_leave_one_out	component-05	pocket_structure_knn_S1	S1	RCSB-5O55-9L5-KD	construct-002-cb5cf2af5e4a	4.698970004336019	6.595588673878085	RCSB-4O76-1M3-KD	0.246274127993085	0.2159090909090909	0.29545454545454547
union_component_leave_one_out	component-05	pocket_structure_knn_S1	S1	RCSB-5D7X-XZ8-KD	construct-002-cb5cf2af5e4a	4.823908740944319	6.595588673878085	RCSB-4O76-1M3-KD	0.246274127993085	0.20634920634920634	0.29545454545454547
union_component_leave_one_out	component-05	pocket_structure_knn_S1	S1	RCSB-5O5A-9LN-KD	construct-002-cb5cf2af5e4a	4.769551078621726	6.595588673878085	RCSB-4O76-1M3-KD	0.246274127993085	0.2716049382716049	0.29545454545454547
union_component_leave_one_out	component-05	pocket_structure_knn_S1	S1	RCSB-5EPS-5QX-KD	construct-002-cb5cf2af5e4a	4.42021640338319	6.595588673878085	RCSB-4O76-1M3-KD	0.246274127993085	0.21818181818181817	0.29545454545454547
union_component_leave_one_out	component-05	two_sided_ecfp_pocket_knn_S1	S1	RCSB-5MYG-LS8-KD	construct-002-cb5cf2af5e4a	7.508638306165727	7.389822448926914	RCSB-4PS5-2TA-KD	0.23581833466925442	0.22580645161290322	0.29545454545454547
union_component_leave_one_out	component-05	two_sided_ecfp_pocket_knn_S1	S1	RCSB-5EWH-5SG-KD	construct-002-cb5cf2af5e4a	3.769551078621726	6.7400010459887625	RCSB-6FSY-E5Q-KD	0.22193428216167282	0.2	0.29545454545454547
union_component_leave_one_out	component-05	two_sided_ecfp_pocket_knn_S1	S1	RCSB-5C85-4YO-KD	construct-002-cb5cf2af5e4a	3.9788107009300617	7.0950849243971925	RCSB-6FO5-DZH-KD	0.20259735437277432	0.1836734693877551	0.29545454545454547
union_component_leave_one_out	component-05	two_sided_ecfp_pocket_knn_S1	S1	RCSB-5O4S-9KW-KD	construct-002-cb5cf2af5e4a	5.6020599913279625	7.329012985424589	RCSB-6TPZ-NV2-KD	0.2436045224781915	0.24096385542168675	0.29545454545454547
union_component_leave_one_out	component-05	two_sided_ecfp_pocket_knn_S1	S1	RCSB-5EPR-5QY-KD	construct-002-cb5cf2af5e4a	4.040958607678906	6.469215840197258	RCSB-7MRA-ZMJ-KD	0.18926619176294726	0.22727272727272727	0.29545454545454547
union_component_leave_one_out	component-05	two_sided_ecfp_pocket_knn_S1	S1	RCSB-5OV8-AXN-KD	construct-002-cb5cf2af5e4a	4.7447274948966935	6.867313505359571	RCSB-7MRA-ZMJ-KD	0.22651072821956883	0.20833333333333334	0.29545454545454547
union_component_leave_one_out	component-05	two_sided_ecfp_pocket_knn_S1	S1	RCSB-5O55-9L5-KD	construct-002-cb5cf2af5e4a	4.698970004336019	7.210653009841349	RCSB-6TPZ-NV2-KD	0.23059233094232792	0.2159090909090909	0.29545454545454547
union_component_leave_one_out	component-05	two_sided_ecfp_pocket_knn_S1	S1	RCSB-5D7X-XZ8-KD	construct-002-cb5cf2af5e4a	4.823908740944319	6.165984869693075	RCSB-7MRA-ZMJ-KD	0.2254295252528292	0.20634920634920634	0.29545454545454547
union_component_leave_one_out	component-05	two_sided_ecfp_pocket_knn_S1	S1	RCSB-5O5A-9LN-KD	construct-002-cb5cf2af5e4a	4.769551078621726	5.661734403082868	RCSB-5D3T-56Y-KD	0.2586295987149483	0.2716049382716049	0.29545454545454547
union_component_leave_one_out	component-05	two_sided_ecfp_pocket_knn_S1	S1	RCSB-5EPS-5QX-KD	construct-002-cb5cf2af5e4a	4.42021640338319	6.8991189005795075	RCSB-7MR9-ZMM-KD	0.23180279768948667	0.21818181818181817	0.29545454545454547
stratified_random_pair_5fold_non_headline	random-01	global_train_mean	no_input	RCSB-4UGA-Q05-KD	construct-001-c5158f5b655d	4.214670164989233	5.289491891738105			0.390625	1.0
stratified_random_pair_5fold_non_headline	random-01	global_train_mean	no_input	RCSB-4UGH-4V4-KD	construct-001-c5158f5b655d	4.297052753818444	5.289491891738105			0.7254901960784313	1.0
stratified_random_pair_5fold_non_headline	random-01	global_train_mean	no_input	RCSB-4UGC-1Q6-KD	construct-001-c5158f5b655d	4.728158393463501	5.289491891738105			0.7560975609756098	1.0
stratified_random_pair_5fold_non_headline	random-01	global_train_mean	no_input	RCSB-4UGB-QJ7-KD	construct-001-c5158f5b655d	3.6252516539898965	5.289491891738105			0.4067796610169492	1.0
stratified_random_pair_5fold_non_headline	random-01	global_train_mean	no_input	RCSB-5C85-4YO-KD	construct-002-cb5cf2af5e4a	3.9788107009300617	5.289491891738105			0.23076923076923078	1.0
stratified_random_pair_5fold_non_headline	random-01	global_train_mean	no_input	RCSB-5EPS-5QX-KD	construct-002-cb5cf2af5e4a	4.42021640338319	5.289491891738105			0.2894736842105263	1.0
stratified_random_pair_5fold_non_headline	random-01	global_train_mean	no_input	RCSB-5EGU-5NQ-KD	construct-003-fbf3f5c695a3	5.853871964321762	5.289491891738105			0.24050632911392406	1.0
stratified_random_pair_5fold_non_headline	random-01	global_train_mean	no_input	RCSB-6TPZ-NV2-KD	construct-003-fbf3f5c695a3	8.301029995663981	5.289491891738105			0.24096385542168675	1.0
stratified_random_pair_5fold_non_headline	random-01	global_train_mean	no_input	RCSB-5D3T-56Y-KD	construct-003-fbf3f5c695a3	4.920818753952375	5.289491891738105			0.44776119402985076	1.0
stratified_random_pair_5fold_non_headline	random-01	global_train_mean	no_input	RCSB-5O1G-9GK-KD	construct-004-a02c0b37ee39	3.935542010773082	5.289491891738105			0.7291666666666666	1.0
stratified_random_pair_5fold_non_headline	random-01	global_train_mean	no_input	RCSB-5O1H-9GN-KD	construct-004-a02c0b37ee39	4.853871964321762	5.289491891738105			0.6	1.0
stratified_random_pair_5fold_non_headline	random-01	global_train_mean	no_input	RCSB-6RQD-KEW-KD	construct-005-6f4aa0a92e90	5.823908740944319	5.289491891738105			0.6923076923076923	1.0
stratified_random_pair_5fold_non_headline	random-01	global_train_mean	no_input	RCSB-6RQ8-KEH-KD	construct-005-6f4aa0a92e90	6.552841968657781	5.289491891738105			0.6923076923076923	1.0
stratified_random_pair_5fold_non_headline	random-01	target_mean_or_global_fallback	target_identity	RCSB-4UGA-Q05-KD	construct-001-c5158f5b655d	4.214670164989233	4.776194025701469			0.390625	1.0
stratified_random_pair_5fold_non_headline	random-01	target_mean_or_global_fallback	target_identity	RCSB-4UGH-4V4-KD	construct-001-c5158f5b655d	4.297052753818444	4.776194025701469			0.7254901960784313	1.0
stratified_random_pair_5fold_non_headline	random-01	target_mean_or_global_fallback	target_identity	RCSB-4UGC-1Q6-KD	construct-001-c5158f5b655d	4.728158393463501	4.776194025701469			0.7560975609756098	1.0
stratified_random_pair_5fold_non_headline	random-01	target_mean_or_global_fallback	target_identity	RCSB-4UGB-QJ7-KD	construct-001-c5158f5b655d	3.6252516539898965	4.776194025701469			0.4067796610169492	1.0
stratified_random_pair_5fold_non_headline	random-01	target_mean_or_global_fallback	target_identity	RCSB-5C85-4YO-KD	construct-002-cb5cf2af5e4a	3.9788107009300617	4.994795662824135			0.23076923076923078	1.0
stratified_random_pair_5fold_non_headline	random-01	target_mean_or_global_fallback	target_identity	RCSB-5EPS-5QX-KD	construct-002-cb5cf2af5e4a	4.42021640338319	4.994795662824135			0.2894736842105263	1.0
stratified_random_pair_5fold_non_headline	random-01	target_mean_or_global_fallback	target_identity	RCSB-5EGU-5NQ-KD	construct-003-fbf3f5c695a3	5.853871964321762	6.503409442198051			0.24050632911392406	1.0
stratified_random_pair_5fold_non_headline	random-01	target_mean_or_global_fallback	target_identity	RCSB-6TPZ-NV2-KD	construct-003-fbf3f5c695a3	8.301029995663981	6.503409442198051			0.24096385542168675	1.0
stratified_random_pair_5fold_non_headline	random-01	target_mean_or_global_fallback	target_identity	RCSB-5D3T-56Y-KD	construct-003-fbf3f5c695a3	4.920818753952375	6.503409442198051			0.44776119402985076	1.0
stratified_random_pair_5fold_non_headline	random-01	target_mean_or_global_fallback	target_identity	RCSB-5O1G-9GK-KD	construct-004-a02c0b37ee39	3.935542010773082	4.69438223629866			0.7291666666666666	1.0
stratified_random_pair_5fold_non_headline	random-01	target_mean_or_global_fallback	target_identity	RCSB-5O1H-9GN-KD	construct-004-a02c0b37ee39	4.853871964321762	4.69438223629866			0.6	1.0
stratified_random_pair_5fold_non_headline	random-01	target_mean_or_global_fallback	target_identity	RCSB-6RQD-KEW-KD	construct-005-6f4aa0a92e90	5.823908740944319	5.232124359141116			0.6923076923076923	1.0
stratified_random_pair_5fold_non_headline	random-01	target_mean_or_global_fallback	target_identity	RCSB-6RQ8-KEH-KD	construct-005-6f4aa0a92e90	6.552841968657781	5.232124359141116			0.6923076923076923	1.0
stratified_random_pair_5fold_non_headline	random-01	nuisance_ridge	metadata_only	RCSB-4UGA-Q05-KD	construct-001-c5158f5b655d	4.214670164989233	5.071812369419245			0.390625	1.0
stratified_random_pair_5fold_non_headline	random-01	nuisance_ridge	metadata_only	RCSB-4UGH-4V4-KD	construct-001-c5158f5b655d	4.297052753818444	5.0602608523692165			0.7254901960784313	1.0
stratified_random_pair_5fold_non_headline	random-01	nuisance_ridge	metadata_only	RCSB-4UGC-1Q6-KD	construct-001-c5158f5b655d	4.728158393463501	5.083978328865552			0.7560975609756098	1.0
stratified_random_pair_5fold_non_headline	random-01	nuisance_ridge	metadata_only	RCSB-4UGB-QJ7-KD	construct-001-c5158f5b655d	3.6252516539898965	5.070337707668178			0.4067796610169492	1.0
stratified_random_pair_5fold_non_headline	random-01	nuisance_ridge	metadata_only	RCSB-5C85-4YO-KD	construct-002-cb5cf2af5e4a	3.9788107009300617	5.411456241399947			0.23076923076923078	1.0
stratified_random_pair_5fold_non_headline	random-01	nuisance_ridge	metadata_only	RCSB-5EPS-5QX-KD	construct-002-cb5cf2af5e4a	4.42021640338319	5.439720591628741			0.2894736842105263	1.0
stratified_random_pair_5fold_non_headline	random-01	nuisance_ridge	metadata_only	RCSB-5EGU-5NQ-KD	construct-003-fbf3f5c695a3	5.853871964321762	5.326235350024412			0.24050632911392406	1.0
stratified_random_pair_5fold_non_headline	random-01	nuisance_ridge	metadata_only	RCSB-6TPZ-NV2-KD	construct-003-fbf3f5c695a3	8.301029995663981	5.559243424516838			0.24096385542168675	1.0
stratified_random_pair_5fold_non_headline	random-01	nuisance_ridge	metadata_only	RCSB-5D3T-56Y-KD	construct-003-fbf3f5c695a3	4.920818753952375	5.360644124215987			0.44776119402985076	1.0
stratified_random_pair_5fold_non_headline	random-01	nuisance_ridge	metadata_only	RCSB-5O1G-9GK-KD	construct-004-a02c0b37ee39	3.935542010773082	5.356544058079482			0.7291666666666666	1.0
stratified_random_pair_5fold_non_headline	random-01	nuisance_ridge	metadata_only	RCSB-5O1H-9GN-KD	construct-004-a02c0b37ee39	4.853871964321762	5.3602307124571515			0.6	1.0
stratified_random_pair_5fold_non_headline	random-01	nuisance_ridge	metadata_only	RCSB-6RQD-KEW-KD	construct-005-6f4aa0a92e90	5.823908740944319	5.250635061815136			0.6923076923076923	1.0
stratified_random_pair_5fold_non_headline	random-01	nuisance_ridge	metadata_only	RCSB-6RQ8-KEH-KD	construct-005-6f4aa0a92e90	6.552841968657781	5.261572136468886			0.6923076923076923	1.0
stratified_random_pair_5fold_non_headline	random-01	ligand_ecfp_ridge	ligand_only	RCSB-4UGA-Q05-KD	construct-001-c5158f5b655d	4.214670164989233	4.782916476823286			0.390625	1.0
stratified_random_pair_5fold_non_headline	random-01	ligand_ecfp_ridge	ligand_only	RCSB-4UGH-4V4-KD	construct-001-c5158f5b655d	4.297052753818444	4.165098218292158			0.7254901960784313	1.0
stratified_random_pair_5fold_non_headline	random-01	ligand_ecfp_ridge	ligand_only	RCSB-4UGC-1Q6-KD	construct-001-c5158f5b655d	4.728158393463501	4.747132260060736			0.7560975609756098	1.0
stratified_random_pair_5fold_non_headline	random-01	ligand_ecfp_ridge	ligand_only	RCSB-4UGB-QJ7-KD	construct-001-c5158f5b655d	3.6252516539898965	5.082308091009999			0.4067796610169492	1.0
stratified_random_pair_5fold_non_headline	random-01	ligand_ecfp_ridge	ligand_only	RCSB-5C85-4YO-KD	construct-002-cb5cf2af5e4a	3.9788107009300617	5.396377275914773			0.23076923076923078	1.0
stratified_random_pair_5fold_non_headline	random-01	ligand_ecfp_ridge	ligand_only	RCSB-5EPS-5QX-KD	construct-002-cb5cf2af5e4a	4.42021640338319	5.12892242246936			0.2894736842105263	1.0
stratified_random_pair_5fold_non_headline	random-01	ligand_ecfp_ridge	ligand_only	RCSB-5EGU-5NQ-KD	construct-003-fbf3f5c695a3	5.853871964321762	5.426106922240172			0.24050632911392406	1.0
stratified_random_pair_5fold_non_headline	random-01	ligand_ecfp_ridge	ligand_only	RCSB-6TPZ-NV2-KD	construct-003-fbf3f5c695a3	8.301029995663981	5.874573972378329			0.24096385542168675	1.0
stratified_random_pair_5fold_non_headline	random-01	ligand_ecfp_ridge	ligand_only	RCSB-5D3T-56Y-KD	construct-003-fbf3f5c695a3	4.920818753952375	5.118228966456685			0.44776119402985076	1.0
stratified_random_pair_5fold_non_headline	random-01	ligand_ecfp_ridge	ligand_only	RCSB-5O1G-9GK-KD	construct-004-a02c0b37ee39	3.935542010773082	4.4953194180883			0.7291666666666666	1.0
stratified_random_pair_5fold_non_headline	random-01	ligand_ecfp_ridge	ligand_only	RCSB-5O1H-9GN-KD	construct-004-a02c0b37ee39	4.853871964321762	4.680704455610783			0.6	1.0
stratified_random_pair_5fold_non_headline	random-01	ligand_ecfp_ridge	ligand_only	RCSB-6RQD-KEW-KD	construct-005-6f4aa0a92e90	5.823908740944319	5.326439241129153			0.6923076923076923	1.0
stratified_random_pair_5fold_non_headline	random-01	ligand_ecfp_ridge	ligand_only	RCSB-6RQ8-KEH-KD	construct-005-6f4aa0a92e90	6.552841968657781	5.3432866477648195			0.6923076923076923	1.0
stratified_random_pair_5fold_non_headline	random-01	ligand_gmolai_ridge	ligand_only	RCSB-4UGA-Q05-KD	construct-001-c5158f5b655d	4.214670164989233	4.956239023418431			0.390625	1.0
stratified_random_pair_5fold_non_headline	random-01	ligand_gmolai_ridge	ligand_only	RCSB-4UGH-4V4-KD	construct-001-c5158f5b655d	4.297052753818444	4.388223624803335			0.7254901960784313	1.0
stratified_random_pair_5fold_non_headline	random-01	ligand_gmolai_ridge	ligand_only	RCSB-4UGC-1Q6-KD	construct-001-c5158f5b655d	4.728158393463501	4.603057302130434			0.7560975609756098	1.0
stratified_random_pair_5fold_non_headline	random-01	ligand_gmolai_ridge	ligand_only	RCSB-4UGB-QJ7-KD	construct-001-c5158f5b655d	3.6252516539898965	5.143286799028496			0.4067796610169492	1.0
stratified_random_pair_5fold_non_headline	random-01	ligand_gmolai_ridge	ligand_only	RCSB-5C85-4YO-KD	construct-002-cb5cf2af5e4a	3.9788107009300617	4.914514094853663			0.23076923076923078	1.0
stratified_random_pair_5fold_non_headline	random-01	ligand_gmolai_ridge	ligand_only	RCSB-5EPS-5QX-KD	construct-002-cb5cf2af5e4a	4.42021640338319	4.524434244897469			0.2894736842105263	1.0
stratified_random_pair_5fold_non_headline	random-01	ligand_gmolai_ridge	ligand_only	RCSB-5EGU-5NQ-KD	construct-003-fbf3f5c695a3	5.853871964321762	5.2509985485110064			0.24050632911392406	1.0
stratified_random_pair_5fold_non_headline	random-01	ligand_gmolai_ridge	ligand_only	RCSB-6TPZ-NV2-KD	construct-003-fbf3f5c695a3	8.301029995663981	5.753792187462316			0.24096385542168675	1.0
stratified_random_pair_5fold_non_headline	random-01	ligand_gmolai_ridge	ligand_only	RCSB-5D3T-56Y-KD	construct-003-fbf3f5c695a3	4.920818753952375	4.855727061715752			0.44776119402985076	1.0
stratified_random_pair_5fold_non_headline	random-01	ligand_gmolai_ridge	ligand_only	RCSB-5O1G-9GK-KD	construct-004-a02c0b37ee39	3.935542010773082	4.810996559566828			0.7291666666666666	1.0
stratified_random_pair_5fold_non_headline	random-01	ligand_gmolai_ridge	ligand_only	RCSB-5O1H-9GN-KD	construct-004-a02c0b37ee39	4.853871964321762	4.444598326679949			0.6	1.0
stratified_random_pair_5fold_non_headline	random-01	ligand_gmolai_ridge	ligand_only	RCSB-6RQD-KEW-KD	construct-005-6f4aa0a92e90	5.823908740944319	5.563248677266403			0.6923076923076923	1.0
stratified_random_pair_5fold_non_headline	random-01	ligand_gmolai_ridge	ligand_only	RCSB-6RQ8-KEH-KD	construct-005-6f4aa0a92e90	6.552841968657781	5.538577579131982			0.6923076923076923	1.0
stratified_random_pair_5fold_non_headline	random-01	protein_sequence_ridge	sequence_only	RCSB-4UGA-Q05-KD	construct-001-c5158f5b655d	4.214670164989233	4.784156725002417			0.390625	1.0
stratified_random_pair_5fold_non_headline	random-01	protein_sequence_ridge	sequence_only	RCSB-4UGH-4V4-KD	construct-001-c5158f5b655d	4.297052753818444	4.784156725002417			0.7254901960784313	1.0
stratified_random_pair_5fold_non_headline	random-01	protein_sequence_ridge	sequence_only	RCSB-4UGC-1Q6-KD	construct-001-c5158f5b655d	4.728158393463501	4.784156725002417			0.7560975609756098	1.0
stratified_random_pair_5fold_non_headline	random-01	protein_sequence_ridge	sequence_only	RCSB-4UGB-QJ7-KD	construct-001-c5158f5b655d	3.6252516539898965	4.784156725002417			0.4067796610169492	1.0
stratified_random_pair_5fold_non_headline	random-01	protein_sequence_ridge	sequence_only	RCSB-5C85-4YO-KD	construct-002-cb5cf2af5e4a	3.9788107009300617	5.007430107864424			0.23076923076923078	1.0
stratified_random_pair_5fold_non_headline	random-01	protein_sequence_ridge	sequence_only	RCSB-5EPS-5QX-KD	construct-002-cb5cf2af5e4a	4.42021640338319	5.007430107864424			0.2894736842105263	1.0
stratified_random_pair_5fold_non_headline	random-01	protein_sequence_ridge	sequence_only	RCSB-5EGU-5NQ-KD	construct-003-fbf3f5c695a3	5.853871964321762	6.480632892025816			0.24050632911392406	1.0
stratified_random_pair_5fold_non_headline	random-01	protein_sequence_ridge	sequence_only	RCSB-6TPZ-NV2-KD	construct-003-fbf3f5c695a3	8.301029995663981	6.480632892025816			0.24096385542168675	1.0
stratified_random_pair_5fold_non_headline	random-01	protein_sequence_ridge	sequence_only	RCSB-5D3T-56Y-KD	construct-003-fbf3f5c695a3	4.920818753952375	6.480632892025816			0.44776119402985076	1.0
stratified_random_pair_5fold_non_headline	random-01	protein_sequence_ridge	sequence_only	RCSB-5O1G-9GK-KD	construct-004-a02c0b37ee39	3.935542010773082	4.707543206928412			0.7291666666666666	1.0
stratified_random_pair_5fold_non_headline	random-01	protein_sequence_ridge	sequence_only	RCSB-5O1H-9GN-KD	construct-004-a02c0b37ee39	4.853871964321762	4.707543206928412			0.6	1.0
stratified_random_pair_5fold_non_headline	random-01	protein_sequence_ridge	sequence_only	RCSB-6RQD-KEW-KD	construct-005-6f4aa0a92e90	5.823908740944319	5.225570318778116			0.6923076923076923	1.0
stratified_random_pair_5fold_non_headline	random-01	protein_sequence_ridge	sequence_only	RCSB-6RQ8-KEH-KD	construct-005-6f4aa0a92e90	6.552841968657781	5.225570318778116			0.6923076923076923	1.0
stratified_random_pair_5fold_non_headline	random-01	concat_ecfp_sequence_ridge	sequence_ligand	RCSB-4UGA-Q05-KD	construct-001-c5158f5b655d	4.214670164989233	4.72335105823705			0.390625	1.0
stratified_random_pair_5fold_non_headline	random-01	concat_ecfp_sequence_ridge	sequence_ligand	RCSB-4UGH-4V4-KD	construct-001-c5158f5b655d	4.297052753818444	4.114583060769732			0.7254901960784313	1.0
stratified_random_pair_5fold_non_headline	random-01	concat_ecfp_sequence_ridge	sequence_ligand	RCSB-4UGC-1Q6-KD	construct-001-c5158f5b655d	4.728158393463501	4.71987325111545			0.7560975609756098	1.0
stratified_random_pair_5fold_non_headline	random-01	concat_ecfp_sequence_ridge	sequence_ligand	RCSB-4UGB-QJ7-KD	construct-001-c5158f5b655d	3.6252516539898965	5.018724731273693			0.4067796610169492	1.0
stratified_random_pair_5fold_non_headline	random-01	concat_ecfp_sequence_ridge	sequence_ligand	RCSB-5C85-4YO-KD	construct-002-cb5cf2af5e4a	3.9788107009300617	5.037395594297639			0.23076923076923078	1.0
stratified_random_pair_5fold_non_headline	random-01	concat_ecfp_sequence_ridge	sequence_ligand	RCSB-5EPS-5QX-KD	construct-002-cb5cf2af5e4a	4.42021640338319	4.727531761993396			0.2894736842105263	1.0
stratified_random_pair_5fold_non_headline	random-01	concat_ecfp_sequence_ridge	sequence_ligand	RCSB-5EGU-5NQ-KD	construct-003-fbf3f5c695a3	5.853871964321762	6.148364721996638			0.24050632911392406	1.0
stratified_random_pair_5fold_non_headline	random-01	concat_ecfp_sequence_ridge	sequence_ligand	RCSB-6TPZ-NV2-KD	construct-003-fbf3f5c695a3	8.301029995663981	6.7332429423833124			0.24096385542168675	1.0
stratified_random_pair_5fold_non_headline	random-01	concat_ecfp_sequence_ridge	sequence_ligand	RCSB-5D3T-56Y-KD	construct-003-fbf3f5c695a3	4.920818753952375	5.661467410558679			0.44776119402985076	1.0
stratified_random_pair_5fold_non_headline	random-01	concat_ecfp_sequence_ridge	sequence_ligand	RCSB-5O1G-9GK-KD	construct-004-a02c0b37ee39	3.935542010773082	4.502133447993417			0.7291666666666666	1.0
stratified_random_pair_5fold_non_headline	random-01	concat_ecfp_sequence_ridge	sequence_ligand	RCSB-5O1H-9GN-KD	construct-004-a02c0b37ee39	4.853871964321762	4.561156717841133			0.6	1.0
stratified_random_pair_5fold_non_headline	random-01	concat_ecfp_sequence_ridge	sequence_ligand	RCSB-6RQD-KEW-KD	construct-005-6f4aa0a92e90	5.823908740944319	5.294917078616967			0.6923076923076923	1.0
stratified_random_pair_5fold_non_headline	random-01	concat_ecfp_sequence_ridge	sequence_ligand	RCSB-6RQ8-KEH-KD	construct-005-6f4aa0a92e90	6.552841968657781	5.350361479496452			0.6923076923076923	1.0
stratified_random_pair_5fold_non_headline	random-01	pocket_composition_ridge_S0	S0	RCSB-4UGA-Q05-KD	construct-001-c5158f5b655d	4.214670164989233	4.896624671433345			0.390625	1.0
stratified_random_pair_5fold_non_headline	random-01	pocket_composition_ridge_S0	S0	RCSB-4UGH-4V4-KD	construct-001-c5158f5b655d	4.297052753818444	4.896624671433345			0.7254901960784313	1.0
stratified_random_pair_5fold_non_headline	random-01	pocket_composition_ridge_S0	S0	RCSB-4UGC-1Q6-KD	construct-001-c5158f5b655d	4.728158393463501	4.896624671433345			0.7560975609756098	1.0
stratified_random_pair_5fold_non_headline	random-01	pocket_composition_ridge_S0	S0	RCSB-4UGB-QJ7-KD	construct-001-c5158f5b655d	3.6252516539898965	4.896624671433345			0.4067796610169492	1.0
stratified_random_pair_5fold_non_headline	random-01	pocket_composition_ridge_S0	S0	RCSB-5C85-4YO-KD	construct-002-cb5cf2af5e4a	3.9788107009300617	5.170558856382521			0.23076923076923078	1.0
stratified_random_pair_5fold_non_headline	random-01	pocket_composition_ridge_S0	S0	RCSB-5EPS-5QX-KD	construct-002-cb5cf2af5e4a	4.42021640338319	5.170558856382521			0.2894736842105263	1.0
stratified_random_pair_5fold_non_headline	random-01	pocket_composition_ridge_S0	S0	RCSB-5EGU-5NQ-KD	construct-003-fbf3f5c695a3	5.853871964321762	6.114824388673315			0.24050632911392406	1.0
stratified_random_pair_5fold_non_headline	random-01	pocket_composition_ridge_S0	S0	RCSB-6TPZ-NV2-KD	construct-003-fbf3f5c695a3	8.301029995663981	6.114824388673315			0.24096385542168675	1.0
stratified_random_pair_5fold_non_headline	random-01	pocket_composition_ridge_S0	S0	RCSB-5D3T-56Y-KD	construct-003-fbf3f5c695a3	4.920818753952375	6.114824388673315			0.44776119402985076	1.0
stratified_random_pair_5fold_non_headline	random-01	pocket_composition_ridge_S0	S0	RCSB-5O1G-9GK-KD	construct-004-a02c0b37ee39	3.935542010773082	4.926120848368215			0.7291666666666666	1.0
stratified_random_pair_5fold_non_headline	random-01	pocket_composition_ridge_S0	S0	RCSB-5O1H-9GN-KD	construct-004-a02c0b37ee39	4.853871964321762	4.926120848368215			0.6	1.0
stratified_random_pair_5fold_non_headline	random-01	pocket_composition_ridge_S0	S0	RCSB-6RQD-KEW-KD	construct-005-6f4aa0a92e90	5.823908740944319	5.203505213035232			0.6923076923076923	1.0
stratified_random_pair_5fold_non_headline	random-01	pocket_composition_ridge_S0	S0	RCSB-6RQ8-KEH-KD	construct-005-6f4aa0a92e90	6.552841968657781	5.203505213035232			0.6923076923076923	1.0
stratified_random_pair_5fold_non_headline	random-01	pocket_structure_ridge_S0	S0	RCSB-4UGA-Q05-KD	construct-001-c5158f5b655d	4.214670164989233	4.776738943310732			0.390625	1.0
stratified_random_pair_5fold_non_headline	random-01	pocket_structure_ridge_S0	S0	RCSB-4UGH-4V4-KD	construct-001-c5158f5b655d	4.297052753818444	4.881662922224001			0.7254901960784313	1.0
stratified_random_pair_5fold_non_headline	random-01	pocket_structure_ridge_S0	S0	RCSB-4UGC-1Q6-KD	construct-001-c5158f5b655d	4.728158393463501	4.859944098642535			0.7560975609756098	1.0
stratified_random_pair_5fold_non_headline	random-01	pocket_structure_ridge_S0	S0	RCSB-4UGB-QJ7-KD	construct-001-c5158f5b655d	3.6252516539898965	4.917655602710358			0.4067796610169492	1.0
stratified_random_pair_5fold_non_headline	random-01	pocket_structure_ridge_S0	S0	RCSB-5C85-4YO-KD	construct-002-cb5cf2af5e4a	3.9788107009300617	5.026275373201453			0.23076923076923078	1.0
stratified_random_pair_5fold_non_headline	random-01	pocket_structure_ridge_S0	S0	RCSB-5EPS-5QX-KD	construct-002-cb5cf2af5e4a	4.42021640338319	5.089867926334536			0.2894736842105263	1.0
stratified_random_pair_5fold_non_headline	random-01	pocket_structure_ridge_S0	S0	RCSB-5EGU-5NQ-KD	construct-003-fbf3f5c695a3	5.853871964321762	6.163214952205918			0.24050632911392406	1.0
stratified_random_pair_5fold_non_headline	random-01	pocket_structure_ridge_S0	S0	RCSB-6TPZ-NV2-KD	construct-003-fbf3f5c695a3	8.301029995663981	6.1681378970647245			0.24096385542168675	1.0
stratified_random_pair_5fold_non_headline	random-01	pocket_structure_ridge_S0	S0	RCSB-5D3T-56Y-KD	construct-003-fbf3f5c695a3	4.920818753952375	6.2082967014022525			0.44776119402985076	1.0
stratified_random_pair_5fold_non_headline	random-01	pocket_structure_ridge_S0	S0	RCSB-5O1G-9GK-KD	construct-004-a02c0b37ee39	3.935542010773082	4.903847103993217			0.7291666666666666	1.0
stratified_random_pair_5fold_non_headline	random-01	pocket_structure_ridge_S0	S0	RCSB-5O1H-9GN-KD	construct-004-a02c0b37ee39	4.853871964321762	4.9466272114985745			0.6	1.0
stratified_random_pair_5fold_non_headline	random-01	pocket_structure_ridge_S0	S0	RCSB-6RQD-KEW-KD	construct-005-6f4aa0a92e90	5.823908740944319	5.211349813152599			0.6923076923076923	1.0
stratified_random_pair_5fold_non_headline	random-01	pocket_structure_ridge_S0	S0	RCSB-6RQ8-KEH-KD	construct-005-6f4aa0a92e90	6.552841968657781	5.207263693826056			0.6923076923076923	1.0
stratified_random_pair_5fold_non_headline	random-01	concat_ecfp_pocket_ridge_S0	S0	RCSB-4UGA-Q05-KD	construct-001-c5158f5b655d	4.214670164989233	4.739223487367213			0.390625	1.0
stratified_random_pair_5fold_non_headline	random-01	concat_ecfp_pocket_ridge_S0	S0	RCSB-4UGH-4V4-KD	construct-001-c5158f5b655d	4.297052753818444	4.171551341666076			0.7254901960784313	1.0
stratified_random_pair_5fold_non_headline	random-01	concat_ecfp_pocket_ridge_S0	S0	RCSB-4UGC-1Q6-KD	construct-001-c5158f5b655d	4.728158393463501	4.729343205244143			0.7560975609756098	1.0
stratified_random_pair_5fold_non_headline	random-01	concat_ecfp_pocket_ridge_S0	S0	RCSB-4UGB-QJ7-KD	construct-001-c5158f5b655d	3.6252516539898965	5.061219400173877			0.4067796610169492	1.0
stratified_random_pair_5fold_non_headline	random-01	concat_ecfp_pocket_ridge_S0	S0	RCSB-5C85-4YO-KD	construct-002-cb5cf2af5e4a	3.9788107009300617	5.265899059810383			0.23076923076923078	1.0
stratified_random_pair_5fold_non_headline	random-01	concat_ecfp_pocket_ridge_S0	S0	RCSB-5EPS-5QX-KD	construct-002-cb5cf2af5e4a	4.42021640338319	4.998364380762892			0.2894736842105263	1.0
stratified_random_pair_5fold_non_headline	random-01	concat_ecfp_pocket_ridge_S0	S0	RCSB-5EGU-5NQ-KD	construct-003-fbf3f5c695a3	5.853871964321762	5.5860220080828995			0.24050632911392406	1.0
stratified_random_pair_5fold_non_headline	random-01	concat_ecfp_pocket_ridge_S0	S0	RCSB-6TPZ-NV2-KD	construct-003-fbf3f5c695a3	8.301029995663981	6.09630695204672			0.24096385542168675	1.0
stratified_random_pair_5fold_non_headline	random-01	concat_ecfp_pocket_ridge_S0	S0	RCSB-5D3T-56Y-KD	construct-003-fbf3f5c695a3	4.920818753952375	5.274381006526051			0.44776119402985076	1.0
stratified_random_pair_5fold_non_headline	random-01	concat_ecfp_pocket_ridge_S0	S0	RCSB-5O1G-9GK-KD	construct-004-a02c0b37ee39	3.935542010773082	4.496389736431226			0.7291666666666666	1.0
stratified_random_pair_5fold_non_headline	random-01	concat_ecfp_pocket_ridge_S0	S0	RCSB-5O1H-9GN-KD	construct-004-a02c0b37ee39	4.853871964321762	4.649866725209861			0.6	1.0
stratified_random_pair_5fold_non_headline	random-01	concat_ecfp_pocket_ridge_S0	S0	RCSB-6RQD-KEW-KD	construct-005-6f4aa0a92e90	5.823908740944319	5.319578845892657			0.6923076923076923	1.0
stratified_random_pair_5fold_non_headline	random-01	concat_ecfp_pocket_ridge_S0	S0	RCSB-6RQ8-KEH-KD	construct-005-6f4aa0a92e90	6.552841968657781	5.3472308672314135			0.6923076923076923	1.0
stratified_random_pair_5fold_non_headline	random-01	concat_gmolai_pocket_ridge_S0	S0	RCSB-4UGA-Q05-KD	construct-001-c5158f5b655d	4.214670164989233	4.729341188075007			0.390625	1.0
stratified_random_pair_5fold_non_headline	random-01	concat_gmolai_pocket_ridge_S0	S0	RCSB-4UGH-4V4-KD	construct-001-c5158f5b655d	4.297052753818444	4.362101938784524			0.7254901960784313	1.0
stratified_random_pair_5fold_non_headline	random-01	concat_gmolai_pocket_ridge_S0	S0	RCSB-4UGC-1Q6-KD	construct-001-c5158f5b655d	4.728158393463501	4.672347413502262			0.7560975609756098	1.0
stratified_random_pair_5fold_non_headline	random-01	concat_gmolai_pocket_ridge_S0	S0	RCSB-4UGB-QJ7-KD	construct-001-c5158f5b655d	3.6252516539898965	4.995899676485571			0.4067796610169492	1.0
stratified_random_pair_5fold_non_headline	random-01	concat_gmolai_pocket_ridge_S0	S0	RCSB-5C85-4YO-KD	construct-002-cb5cf2af5e4a	3.9788107009300617	4.620396612138018			0.23076923076923078	1.0
stratified_random_pair_5fold_non_headline	random-01	concat_gmolai_pocket_ridge_S0	S0	RCSB-5EPS-5QX-KD	construct-002-cb5cf2af5e4a	4.42021640338319	4.3802933019470265			0.2894736842105263	1.0
stratified_random_pair_5fold_non_headline	random-01	concat_gmolai_pocket_ridge_S0	S0	RCSB-5EGU-5NQ-KD	construct-003-fbf3f5c695a3	5.853871964321762	5.768070032274082			0.24050632911392406	1.0
stratified_random_pair_5fold_non_headline	random-01	concat_gmolai_pocket_ridge_S0	S0	RCSB-6TPZ-NV2-KD	construct-003-fbf3f5c695a3	8.301029995663981	6.272451985527573			0.24096385542168675	1.0
stratified_random_pair_5fold_non_headline	random-01	concat_gmolai_pocket_ridge_S0	S0	RCSB-5D3T-56Y-KD	construct-003-fbf3f5c695a3	4.920818753952375	5.0903029087496225			0.44776119402985076	1.0
stratified_random_pair_5fold_non_headline	random-01	concat_gmolai_pocket_ridge_S0	S0	RCSB-5O1G-9GK-KD	construct-004-a02c0b37ee39	3.935542010773082	4.768955395975486			0.7291666666666666	1.0
stratified_random_pair_5fold_non_headline	random-01	concat_gmolai_pocket_ridge_S0	S0	RCSB-5O1H-9GN-KD	construct-004-a02c0b37ee39	4.853871964321762	4.468881431958343			0.6	1.0
stratified_random_pair_5fold_non_headline	random-01	concat_gmolai_pocket_ridge_S0	S0	RCSB-6RQD-KEW-KD	construct-005-6f4aa0a92e90	5.823908740944319	5.502325622831433			0.6923076923076923	1.0
stratified_random_pair_5fold_non_headline	random-01	concat_gmolai_pocket_ridge_S0	S0	RCSB-6RQ8-KEH-KD	construct-005-6f4aa0a92e90	6.552841968657781	5.496626945100183			0.6923076923076923	1.0
stratified_random_pair_5fold_non_headline	random-01	pocket_composition_ridge_S1	S1	RCSB-4UGA-Q05-KD	construct-001-c5158f5b655d	4.214670164989233	4.896624671433345			0.390625	1.0
stratified_random_pair_5fold_non_headline	random-01	pocket_composition_ridge_S1	S1	RCSB-4UGH-4V4-KD	construct-001-c5158f5b655d	4.297052753818444	4.896624671433345			0.7254901960784313	1.0
stratified_random_pair_5fold_non_headline	random-01	pocket_composition_ridge_S1	S1	RCSB-4UGC-1Q6-KD	construct-001-c5158f5b655d	4.728158393463501	4.896624671433345			0.7560975609756098	1.0
stratified_random_pair_5fold_non_headline	random-01	pocket_composition_ridge_S1	S1	RCSB-4UGB-QJ7-KD	construct-001-c5158f5b655d	3.6252516539898965	4.896624671433345			0.4067796610169492	1.0
stratified_random_pair_5fold_non_headline	random-01	pocket_composition_ridge_S1	S1	RCSB-5C85-4YO-KD	construct-002-cb5cf2af5e4a	3.9788107009300617	5.170558856382521			0.23076923076923078	1.0
stratified_random_pair_5fold_non_headline	random-01	pocket_composition_ridge_S1	S1	RCSB-5EPS-5QX-KD	construct-002-cb5cf2af5e4a	4.42021640338319	5.170558856382521			0.2894736842105263	1.0
stratified_random_pair_5fold_non_headline	random-01	pocket_composition_ridge_S1	S1	RCSB-5EGU-5NQ-KD	construct-003-fbf3f5c695a3	5.853871964321762	6.114824388673315			0.24050632911392406	1.0
stratified_random_pair_5fold_non_headline	random-01	pocket_composition_ridge_S1	S1	RCSB-6TPZ-NV2-KD	construct-003-fbf3f5c695a3	8.301029995663981	6.114824388673315			0.24096385542168675	1.0
stratified_random_pair_5fold_non_headline	random-01	pocket_composition_ridge_S1	S1	RCSB-5D3T-56Y-KD	construct-003-fbf3f5c695a3	4.920818753952375	6.114824388673315			0.44776119402985076	1.0
stratified_random_pair_5fold_non_headline	random-01	pocket_composition_ridge_S1	S1	RCSB-5O1G-9GK-KD	construct-004-a02c0b37ee39	3.935542010773082	4.926120848368215			0.7291666666666666	1.0
stratified_random_pair_5fold_non_headline	random-01	pocket_composition_ridge_S1	S1	RCSB-5O1H-9GN-KD	construct-004-a02c0b37ee39	4.853871964321762	4.926120848368215			0.6	1.0
stratified_random_pair_5fold_non_headline	random-01	pocket_composition_ridge_S1	S1	RCSB-6RQD-KEW-KD	construct-005-6f4aa0a92e90	5.823908740944319	5.203505213035232			0.6923076923076923	1.0
stratified_random_pair_5fold_non_headline	random-01	pocket_composition_ridge_S1	S1	RCSB-6RQ8-KEH-KD	construct-005-6f4aa0a92e90	6.552841968657781	5.203505213035232			0.6923076923076923	1.0
stratified_random_pair_5fold_non_headline	random-01	pocket_structure_ridge_S1	S1	RCSB-4UGA-Q05-KD	construct-001-c5158f5b655d	4.214670164989233	4.848113456661352			0.390625	1.0
stratified_random_pair_5fold_non_headline	random-01	pocket_structure_ridge_S1	S1	RCSB-4UGH-4V4-KD	construct-001-c5158f5b655d	4.297052753818444	4.848113456661352			0.7254901960784313	1.0
stratified_random_pair_5fold_non_headline	random-01	pocket_structure_ridge_S1	S1	RCSB-4UGC-1Q6-KD	construct-001-c5158f5b655d	4.728158393463501	4.848113456661352			0.7560975609756098	1.0
stratified_random_pair_5fold_non_headline	random-01	pocket_structure_ridge_S1	S1	RCSB-4UGB-QJ7-KD	construct-001-c5158f5b655d	3.6252516539898965	4.848113456661352			0.4067796610169492	1.0
stratified_random_pair_5fold_non_headline	random-01	pocket_structure_ridge_S1	S1	RCSB-5C85-4YO-KD	construct-002-cb5cf2af5e4a	3.9788107009300617	5.131053644020189			0.23076923076923078	1.0
stratified_random_pair_5fold_non_headline	random-01	pocket_structure_ridge_S1	S1	RCSB-5EPS-5QX-KD	construct-002-cb5cf2af5e4a	4.42021640338319	5.131053644020189			0.2894736842105263	1.0
stratified_random_pair_5fold_non_headline	random-01	pocket_structure_ridge_S1	S1	RCSB-5EGU-5NQ-KD	construct-003-fbf3f5c695a3	5.853871964321762	6.236337265199125			0.24050632911392406	1.0
stratified_random_pair_5fold_non_headline	random-01	pocket_structure_ridge_S1	S1	RCSB-6TPZ-NV2-KD	construct-003-fbf3f5c695a3	8.301029995663981	6.236337265199125			0.24096385542168675	1.0
stratified_random_pair_5fold_non_headline	random-01	pocket_structure_ridge_S1	S1	RCSB-5D3T-56Y-KD	construct-003-fbf3f5c695a3	4.920818753952375	6.236337265199125			0.44776119402985076	1.0
stratified_random_pair_5fold_non_headline	random-01	pocket_structure_ridge_S1	S1	RCSB-5O1G-9GK-KD	construct-004-a02c0b37ee39	3.935542010773082	4.8621893792244055			0.7291666666666666	1.0
stratified_random_pair_5fold_non_headline	random-01	pocket_structure_ridge_S1	S1	RCSB-5O1H-9GN-KD	construct-004-a02c0b37ee39	4.853871964321762	4.8621893792244055			0.6	1.0
stratified_random_pair_5fold_non_headline	random-01	pocket_structure_ridge_S1	S1	RCSB-6RQD-KEW-KD	construct-005-6f4aa0a92e90	5.823908740944319	5.209017827397816			0.6923076923076923	1.0
stratified_random_pair_5fold_non_headline	random-01	pocket_structure_ridge_S1	S1	RCSB-6RQ8-KEH-KD	construct-005-6f4aa0a92e90	6.552841968657781	5.209017827397816			0.6923076923076923	1.0
stratified_random_pair_5fold_non_headline	random-01	concat_ecfp_pocket_ridge_S1	S1	RCSB-4UGA-Q05-KD	construct-001-c5158f5b655d	4.214670164989233	4.762781538448788			0.390625	1.0
stratified_random_pair_5fold_non_headline	random-01	concat_ecfp_pocket_ridge_S1	S1	RCSB-4UGH-4V4-KD	construct-001-c5158f5b655d	4.297052753818444	4.149328357996595			0.7254901960784313	1.0
stratified_random_pair_5fold_non_headline	random-01	concat_ecfp_pocket_ridge_S1	S1	RCSB-4UGC-1Q6-KD	construct-001-c5158f5b655d	4.728158393463501	4.736024870265597			0.7560975609756098	1.0
stratified_random_pair_5fold_non_headline	random-01	concat_ecfp_pocket_ridge_S1	S1	RCSB-4UGB-QJ7-KD	construct-001-c5158f5b655d	3.6252516539898965	5.061017270282764			0.4067796610169492	1.0
stratified_random_pair_5fold_non_headline	random-01	concat_ecfp_pocket_ridge_S1	S1	RCSB-5C85-4YO-KD	construct-002-cb5cf2af5e4a	3.9788107009300617	5.282419099094312			0.23076923076923078	1.0
stratified_random_pair_5fold_non_headline	random-01	concat_ecfp_pocket_ridge_S1	S1	RCSB-5EPS-5QX-KD	construct-002-cb5cf2af5e4a	4.42021640338319	5.005912460202783			0.2894736842105263	1.0
stratified_random_pair_5fold_non_headline	random-01	concat_ecfp_pocket_ridge_S1	S1	RCSB-5EGU-5NQ-KD	construct-003-fbf3f5c695a3	5.853871964321762	5.632184541003147			0.24050632911392406	1.0
stratified_random_pair_5fold_non_headline	random-01	concat_ecfp_pocket_ridge_S1	S1	RCSB-6TPZ-NV2-KD	construct-003-fbf3f5c695a3	8.301029995663981	6.120486624303219			0.24096385542168675	1.0
stratified_random_pair_5fold_non_headline	random-01	concat_ecfp_pocket_ridge_S1	S1	RCSB-5D3T-56Y-KD	construct-003-fbf3f5c695a3	4.920818753952375	5.27650083850164			0.44776119402985076	1.0
stratified_random_pair_5fold_non_headline	random-01	concat_ecfp_pocket_ridge_S1	S1	RCSB-5O1G-9GK-KD	construct-004-a02c0b37ee39	3.935542010773082	4.500668528347351			0.7291666666666666	1.0
stratified_random_pair_5fold_non_headline	random-01	concat_ecfp_pocket_ridge_S1	S1	RCSB-5O1H-9GN-KD	construct-004-a02c0b37ee39	4.853871964321762	4.648803487984701			0.6	1.0
stratified_random_pair_5fold_non_headline	random-01	concat_ecfp_pocket_ridge_S1	S1	RCSB-6RQD-KEW-KD	construct-005-6f4aa0a92e90	5.823908740944319	5.3233384375026604			0.6923076923076923	1.0
stratified_random_pair_5fold_non_headline	random-01	concat_ecfp_pocket_ridge_S1	S1	RCSB-6RQ8-KEH-KD	construct-005-6f4aa0a92e90	6.552841968657781	5.346259980215635			0.6923076923076923	1.0
stratified_random_pair_5fold_non_headline	random-01	concat_gmolai_pocket_ridge_S1	S1	RCSB-4UGA-Q05-KD	construct-001-c5158f5b655d	4.214670164989233	4.740052859926016			0.390625	1.0
stratified_random_pair_5fold_non_headline	random-01	concat_gmolai_pocket_ridge_S1	S1	RCSB-4UGH-4V4-KD	construct-001-c5158f5b655d	4.297052753818444	4.352562461158016			0.7254901960784313	1.0
stratified_random_pair_5fold_non_headline	random-01	concat_gmolai_pocket_ridge_S1	S1	RCSB-4UGC-1Q6-KD	construct-001-c5158f5b655d	4.728158393463501	4.674134227289505			0.7560975609756098	1.0
stratified_random_pair_5fold_non_headline	random-01	concat_gmolai_pocket_ridge_S1	S1	RCSB-4UGB-QJ7-KD	construct-001-c5158f5b655d	3.6252516539898965	4.952832504045913			0.4067796610169492	1.0
stratified_random_pair_5fold_non_headline	random-01	concat_gmolai_pocket_ridge_S1	S1	RCSB-5C85-4YO-KD	construct-002-cb5cf2af5e4a	3.9788107009300617	4.659069935283399			0.23076923076923078	1.0
stratified_random_pair_5fold_non_headline	random-01	concat_gmolai_pocket_ridge_S1	S1	RCSB-5EPS-5QX-KD	construct-002-cb5cf2af5e4a	4.42021640338319	4.388969882421028			0.2894736842105263	1.0
stratified_random_pair_5fold_non_headline	random-01	concat_gmolai_pocket_ridge_S1	S1	RCSB-5EGU-5NQ-KD	construct-003-fbf3f5c695a3	5.853871964321762	5.817905516929839			0.24050632911392406	1.0
stratified_random_pair_5fold_non_headline	random-01	concat_gmolai_pocket_ridge_S1	S1	RCSB-6TPZ-NV2-KD	construct-003-fbf3f5c695a3	8.301029995663981	6.315163582514966			0.24096385542168675	1.0
stratified_random_pair_5fold_non_headline	random-01	concat_gmolai_pocket_ridge_S1	S1	RCSB-5D3T-56Y-KD	construct-003-fbf3f5c695a3	4.920818753952375	5.102962721568744			0.44776119402985076	1.0
stratified_random_pair_5fold_non_headline	random-01	concat_gmolai_pocket_ridge_S1	S1	RCSB-5O1G-9GK-KD	construct-004-a02c0b37ee39	3.935542010773082	4.755150081890372			0.7291666666666666	1.0
stratified_random_pair_5fold_non_headline	random-01	concat_gmolai_pocket_ridge_S1	S1	RCSB-5O1H-9GN-KD	construct-004-a02c0b37ee39	4.853871964321762	4.454398619074944			0.6	1.0
stratified_random_pair_5fold_non_headline	random-01	concat_gmolai_pocket_ridge_S1	S1	RCSB-6RQD-KEW-KD	construct-005-6f4aa0a92e90	5.823908740944319	5.501386320001802			0.6923076923076923	1.0
stratified_random_pair_5fold_non_headline	random-01	concat_gmolai_pocket_ridge_S1	S1	RCSB-6RQ8-KEH-KD	construct-005-6f4aa0a92e90	6.552841968657781	5.512657925992777			0.6923076923076923	1.0
stratified_random_pair_5fold_non_headline	random-01	negative_pocket_permuted_concat_gmolai_S0	S0_negative_control	RCSB-4UGA-Q05-KD	construct-001-c5158f5b655d	4.214670164989233	4.727909301561339			0.390625	1.0
stratified_random_pair_5fold_non_headline	random-01	negative_pocket_permuted_concat_gmolai_S0	S0_negative_control	RCSB-4UGH-4V4-KD	construct-001-c5158f5b655d	4.297052753818444	4.399731107906046			0.7254901960784313	1.0
stratified_random_pair_5fold_non_headline	random-01	negative_pocket_permuted_concat_gmolai_S0	S0_negative_control	RCSB-4UGC-1Q6-KD	construct-001-c5158f5b655d	4.728158393463501	4.706429997223922			0.7560975609756098	1.0
stratified_random_pair_5fold_non_headline	random-01	negative_pocket_permuted_concat_gmolai_S0	S0_negative_control	RCSB-4UGB-QJ7-KD	construct-001-c5158f5b655d	3.6252516539898965	4.909718474407495			0.4067796610169492	1.0
stratified_random_pair_5fold_non_headline	random-01	negative_pocket_permuted_concat_gmolai_S0	S0_negative_control	RCSB-5C85-4YO-KD	construct-002-cb5cf2af5e4a	3.9788107009300617	4.6578128089077975			0.23076923076923078	1.0
stratified_random_pair_5fold_non_headline	random-01	negative_pocket_permuted_concat_gmolai_S0	S0_negative_control	RCSB-5EPS-5QX-KD	construct-002-cb5cf2af5e4a	4.42021640338319	4.3809359252654865			0.2894736842105263	1.0
stratified_random_pair_5fold_non_headline	random-01	negative_pocket_permuted_concat_gmolai_S0	S0_negative_control	RCSB-5EGU-5NQ-KD	construct-003-fbf3f5c695a3	5.853871964321762	5.780725377737632			0.24050632911392406	1.0
stratified_random_pair_5fold_non_headline	random-01	negative_pocket_permuted_concat_gmolai_S0	S0_negative_control	RCSB-6TPZ-NV2-KD	construct-003-fbf3f5c695a3	8.301029995663981	6.338045782409088			0.24096385542168675	1.0
stratified_random_pair_5fold_non_headline	random-01	negative_pocket_permuted_concat_gmolai_S0	S0_negative_control	RCSB-5D3T-56Y-KD	construct-003-fbf3f5c695a3	4.920818753952375	5.170076747923931			0.44776119402985076	1.0
stratified_random_pair_5fold_non_headline	random-01	negative_pocket_permuted_concat_gmolai_S0	S0_negative_control	RCSB-5O1G-9GK-KD	construct-004-a02c0b37ee39	3.935542010773082	4.775581831370735			0.7291666666666666	1.0
stratified_random_pair_5fold_non_headline	random-01	negative_pocket_permuted_concat_gmolai_S0	S0_negative_control	RCSB-5O1H-9GN-KD	construct-004-a02c0b37ee39	4.853871964321762	4.468340008798022			0.6	1.0
stratified_random_pair_5fold_non_headline	random-01	negative_pocket_permuted_concat_gmolai_S0	S0_negative_control	RCSB-6RQD-KEW-KD	construct-005-6f4aa0a92e90	5.823908740944319	5.484537647855901			0.6923076923076923	1.0
stratified_random_pair_5fold_non_headline	random-01	negative_pocket_permuted_concat_gmolai_S0	S0_negative_control	RCSB-6RQ8-KEH-KD	construct-005-6f4aa0a92e90	6.552841968657781	5.470688216842802			0.6923076923076923	1.0
stratified_random_pair_5fold_non_headline	random-01	additive_gmolai_pocket_equal_S0	S0	RCSB-4UGA-Q05-KD	construct-001-c5158f5b655d	4.214670164989233	4.866488983364581			0.390625	1.0
stratified_random_pair_5fold_non_headline	random-01	additive_gmolai_pocket_equal_S0	S0	RCSB-4UGH-4V4-KD	construct-001-c5158f5b655d	4.297052753818444	4.634943273513668			0.7254901960784313	1.0
stratified_random_pair_5fold_non_headline	random-01	additive_gmolai_pocket_equal_S0	S0	RCSB-4UGC-1Q6-KD	construct-001-c5158f5b655d	4.728158393463501	4.731500700386484			0.7560975609756098	1.0
stratified_random_pair_5fold_non_headline	random-01	additive_gmolai_pocket_equal_S0	S0	RCSB-4UGB-QJ7-KD	construct-001-c5158f5b655d	3.6252516539898965	5.030471200869426			0.4067796610169492	1.0
stratified_random_pair_5fold_non_headline	random-01	additive_gmolai_pocket_equal_S0	S0	RCSB-5C85-4YO-KD	construct-002-cb5cf2af5e4a	3.9788107009300617	4.970394734027558			0.23076923076923078	1.0
stratified_random_pair_5fold_non_headline	random-01	additive_gmolai_pocket_equal_S0	S0	RCSB-5EPS-5QX-KD	construct-002-cb5cf2af5e4a	4.42021640338319	4.8071510856160025			0.2894736842105263	1.0
stratified_random_pair_5fold_non_headline	random-01	additive_gmolai_pocket_equal_S0	S0	RCSB-5EGU-5NQ-KD	construct-003-fbf3f5c695a3	5.853871964321762	5.707106750358462			0.24050632911392406	1.0
stratified_random_pair_5fold_non_headline	random-01	additive_gmolai_pocket_equal_S0	S0	RCSB-6TPZ-NV2-KD	construct-003-fbf3f5c695a3	8.301029995663981	5.9609650422635205			0.24096385542168675	1.0
stratified_random_pair_5fold_non_headline	random-01	additive_gmolai_pocket_equal_S0	S0	RCSB-5D3T-56Y-KD	construct-003-fbf3f5c695a3	4.920818753952375	5.5320118815590025			0.44776119402985076	1.0
stratified_random_pair_5fold_non_headline	random-01	additive_gmolai_pocket_equal_S0	S0	RCSB-5O1G-9GK-KD	construct-004-a02c0b37ee39	3.935542010773082	4.857421831780023			0.7291666666666666	1.0
stratified_random_pair_5fold_non_headline	random-01	additive_gmolai_pocket_equal_S0	S0	RCSB-5O1H-9GN-KD	construct-004-a02c0b37ee39	4.853871964321762	4.695612769089262			0.6	1.0
stratified_random_pair_5fold_non_headline	random-01	additive_gmolai_pocket_equal_S0	S0	RCSB-6RQD-KEW-KD	construct-005-6f4aa0a92e90	5.823908740944319	5.387299245209501			0.6923076923076923	1.0
stratified_random_pair_5fold_non_headline	random-01	additive_gmolai_pocket_equal_S0	S0	RCSB-6RQ8-KEH-KD	construct-005-6f4aa0a92e90	6.552841968657781	5.372920636479019			0.6923076923076923	1.0
stratified_random_pair_5fold_non_headline	random-01	additive_gmolai_pocket_equal_S1	S1	RCSB-4UGA-Q05-KD	construct-001-c5158f5b655d	4.214670164989233	4.902176240039891			0.390625	1.0
stratified_random_pair_5fold_non_headline	random-01	additive_gmolai_pocket_equal_S1	S1	RCSB-4UGH-4V4-KD	construct-001-c5158f5b655d	4.297052753818444	4.618168540732343			0.7254901960784313	1.0
stratified_random_pair_5fold_non_headline	random-01	additive_gmolai_pocket_equal_S1	S1	RCSB-4UGC-1Q6-KD	construct-001-c5158f5b655d	4.728158393463501	4.725585379395893			0.7560975609756098	1.0
stratified_random_pair_5fold_non_headline	random-01	additive_gmolai_pocket_equal_S1	S1	RCSB-4UGB-QJ7-KD	construct-001-c5158f5b655d	3.6252516539898965	4.995700127844923			0.4067796610169492	1.0
stratified_random_pair_5fold_non_headline	random-01	additive_gmolai_pocket_equal_S1	S1	RCSB-5C85-4YO-KD	construct-002-cb5cf2af5e4a	3.9788107009300617	5.0227838694369265			0.23076923076923078	1.0
stratified_random_pair_5fold_non_headline	random-01	additive_gmolai_pocket_equal_S1	S1	RCSB-5EPS-5QX-KD	construct-002-cb5cf2af5e4a	4.42021640338319	4.827743944458829			0.2894736842105263	1.0
stratified_random_pair_5fold_non_headline	random-01	additive_gmolai_pocket_equal_S1	S1	RCSB-5EGU-5NQ-KD	construct-003-fbf3f5c695a3	5.853871964321762	5.743667906855066			0.24050632911392406	1.0
stratified_random_pair_5fold_non_headline	random-01	additive_gmolai_pocket_equal_S1	S1	RCSB-6TPZ-NV2-KD	construct-003-fbf3f5c695a3	8.301029995663981	5.99506472633072			0.24096385542168675	1.0
stratified_random_pair_5fold_non_headline	random-01	additive_gmolai_pocket_equal_S1	S1	RCSB-5D3T-56Y-KD	construct-003-fbf3f5c695a3	4.920818753952375	5.546032163457438			0.44776119402985076	1.0
stratified_random_pair_5fold_non_headline	random-01	additive_gmolai_pocket_equal_S1	S1	RCSB-5O1G-9GK-KD	construct-004-a02c0b37ee39	3.935542010773082	4.836592969395617			0.7291666666666666	1.0
stratified_random_pair_5fold_non_headline	random-01	additive_gmolai_pocket_equal_S1	S1	RCSB-5O1H-9GN-KD	construct-004-a02c0b37ee39	4.853871964321762	4.653393852952178			0.6	1.0
stratified_random_pair_5fold_non_headline	random-01	additive_gmolai_pocket_equal_S1	S1	RCSB-6RQD-KEW-KD	construct-005-6f4aa0a92e90	5.823908740944319	5.38613325233211			0.6923076923076923	1.0
stratified_random_pair_5fold_non_headline	random-01	additive_gmolai_pocket_equal_S1	S1	RCSB-6RQ8-KEH-KD	construct-005-6f4aa0a92e90	6.552841968657781	5.3737977032648985			0.6923076923076923	1.0
stratified_random_pair_5fold_non_headline	random-01	ligand_ecfp_knn	ligand_only	RCSB-4UGA-Q05-KD	construct-001-c5158f5b655d	4.214670164989233	4.515785053754913	RCSB-4UGG-S5D-KD	0.390625	0.390625	1.0
stratified_random_pair_5fold_non_headline	random-01	ligand_ecfp_knn	ligand_only	RCSB-4UGH-4V4-KD	construct-001-c5158f5b655d	4.297052753818444	4.412344422129448	RCSB-4UGY-EXI-KD	0.7254901960784313	0.7254901960784313	1.0
stratified_random_pair_5fold_non_headline	random-01	ligand_ecfp_knn	ligand_only	RCSB-4UGC-1Q6-KD	construct-001-c5158f5b655d	4.728158393463501	4.768358767180384	RCSB-4UGD-Q14-KD	0.7560975609756098	0.7560975609756098	1.0
stratified_random_pair_5fold_non_headline	random-01	ligand_ecfp_knn	ligand_only	RCSB-4UGB-QJ7-KD	construct-001-c5158f5b655d	3.6252516539898965	5.183384099872795	RCSB-4UG6-XFJ-KD	0.4067796610169492	0.4067796610169492	1.0
stratified_random_pair_5fold_non_headline	random-01	ligand_ecfp_knn	ligand_only	RCSB-5C85-4YO-KD	construct-002-cb5cf2af5e4a	3.9788107009300617	5.364668355225789	RCSB-5EPR-5QY-KD	0.23076923076923078	0.23076923076923078	1.0
stratified_random_pair_5fold_non_headline	random-01	ligand_ecfp_knn	ligand_only	RCSB-5EPS-5QX-KD	construct-002-cb5cf2af5e4a	4.42021640338319	4.90104324643954	RCSB-5EPR-5QY-KD	0.2894736842105263	0.2894736842105263	1.0
stratified_random_pair_5fold_non_headline	random-01	ligand_ecfp_knn	ligand_only	RCSB-5EGU-5NQ-KD	construct-003-fbf3f5c695a3	5.853871964321762	5.726650421099201	RCSB-5EIS-5OU-KD	0.24050632911392406	0.24050632911392406	1.0
stratified_random_pair_5fold_non_headline	random-01	ligand_ecfp_knn	ligand_only	RCSB-6TPZ-NV2-KD	construct-003-fbf3f5c695a3	8.301029995663981	6.473536338255772	RCSB-5O4S-9KW-KD	0.24096385542168675	0.24096385542168675	1.0
stratified_random_pair_5fold_non_headline	random-01	ligand_ecfp_knn	ligand_only	RCSB-5D3T-56Y-KD	construct-003-fbf3f5c695a3	4.920818753952375	5.576926858278085	RCSB-7AXR-S7T-KD	0.44776119402985076	0.44776119402985076	1.0
stratified_random_pair_5fold_non_headline	random-01	ligand_ecfp_knn	ligand_only	RCSB-5O1G-9GK-KD	construct-004-a02c0b37ee39	3.935542010773082	4.603816834988747	RCSB-5O1D-9GW-KD	0.7291666666666666	0.7291666666666666	1.0
stratified_random_pair_5fold_non_headline	random-01	ligand_ecfp_knn	ligand_only	RCSB-5O1H-9GN-KD	construct-004-a02c0b37ee39	4.853871964321762	4.614984894153231	RCSB-5O1D-9GW-KD	0.6	0.6	1.0
stratified_random_pair_5fold_non_headline	random-01	ligand_ecfp_knn	ligand_only	RCSB-6RQD-KEW-KD	construct-005-6f4aa0a92e90	5.823908740944319	5.729546504504111	RCSB-6RQ0-KE2-KD	0.6923076923076923	0.6923076923076923	1.0
stratified_random_pair_5fold_non_headline	random-01	ligand_ecfp_knn	ligand_only	RCSB-6RQ8-KEH-KD	construct-005-6f4aa0a92e90	6.552841968657781	5.729546504504111	RCSB-6RQ0-KE2-KD	0.6923076923076923	0.6923076923076923	1.0
stratified_random_pair_5fold_non_headline	random-01	ligand_gmolai_knn	ligand_only	RCSB-4UGA-Q05-KD	construct-001-c5158f5b655d	4.214670164989233	4.973060697561391	RCSB-4UGG-S5D-KD	0.7429660912666588	0.390625	1.0
stratified_random_pair_5fold_non_headline	random-01	ligand_gmolai_knn	ligand_only	RCSB-4UGH-4V4-KD	construct-001-c5158f5b655d	4.297052753818444	4.648248974569118	RCSB-4UGY-EXI-KD	0.942035277616118	0.7254901960784313	1.0
stratified_random_pair_5fold_non_headline	random-01	ligand_gmolai_knn	ligand_only	RCSB-4UGC-1Q6-KD	construct-001-c5158f5b655d	4.728158393463501	4.951424802429895	RCSB-4UGD-Q14-KD	0.9792850817005871	0.7560975609756098	1.0
stratified_random_pair_5fold_non_headline	random-01	ligand_gmolai_knn	ligand_only	RCSB-4UGB-QJ7-KD	construct-001-c5158f5b655d	3.6252516539898965	5.159441719363574	RCSB-4UG5-XFK-KD	0.8049172635173308	0.4067796610169492	1.0
stratified_random_pair_5fold_non_headline	random-01	ligand_gmolai_knn	ligand_only	RCSB-5C85-4YO-KD	construct-002-cb5cf2af5e4a	3.9788107009300617	4.905701330038912	RCSB-5EPR-5QY-KD	0.775420953058219	0.23076923076923078	1.0
stratified_random_pair_5fold_non_headline	random-01	ligand_gmolai_knn	ligand_only	RCSB-5EPS-5QX-KD	construct-002-cb5cf2af5e4a	4.42021640338319	4.274023912747068	RCSB-5EPR-5QY-KD	0.9293059920658471	0.2894736842105263	1.0
stratified_random_pair_5fold_non_headline	random-01	ligand_gmolai_knn	ligand_only	RCSB-5EGU-5NQ-KD	construct-003-fbf3f5c695a3	5.853871964321762	5.037992774608544	RCSB-5O55-9L5-KD	0.6797614928947942	0.24050632911392406	1.0
stratified_random_pair_5fold_non_headline	random-01	ligand_gmolai_knn	ligand_only	RCSB-6TPZ-NV2-KD	construct-003-fbf3f5c695a3	8.301029995663981	5.235730481152452	RCSB-5O4S-9KW-KD	0.7315817725367668	0.24096385542168675	1.0
stratified_random_pair_5fold_non_headline	random-01	ligand_gmolai_knn	ligand_only	RCSB-5D3T-56Y-KD	construct-003-fbf3f5c695a3	4.920818753952375	5.623541169586662	RCSB-7AXR-S7T-KD	0.8267746844723756	0.44776119402985076	1.0
stratified_random_pair_5fold_non_headline	random-01	ligand_gmolai_knn	ligand_only	RCSB-5O1G-9GK-KD	construct-004-a02c0b37ee39	3.935542010773082	4.337467878340299	RCSB-5O1C-9GZ-KD	0.8246752823165125	0.7291666666666666	1.0
stratified_random_pair_5fold_non_headline	random-01	ligand_gmolai_knn	ligand_only	RCSB-5O1H-9GN-KD	construct-004-a02c0b37ee39	4.853871964321762	4.608556764026567	RCSB-5AOJ-Y0V-KD	0.9137016982124799	0.6	1.0
stratified_random_pair_5fold_non_headline	random-01	ligand_gmolai_knn	ligand_only	RCSB-6RQD-KEW-KD	construct-005-6f4aa0a92e90	5.823908740944319	5.734801491117042	RCSB-6RQB-Q47-KD	0.9892475107095311	0.6923076923076923	1.0
stratified_random_pair_5fold_non_headline	random-01	ligand_gmolai_knn	ligand_only	RCSB-6RQ8-KEH-KD	construct-005-6f4aa0a92e90	6.552841968657781	5.755997884967584	RCSB-6RQB-Q47-KD	0.987291350506441	0.6923076923076923	1.0
stratified_random_pair_5fold_non_headline	random-01	protein_sequence_identity_knn	sequence_only	RCSB-4UGA-Q05-KD	construct-001-c5158f5b655d	4.214670164989233	5.4066632325944495	RCSB-4UG5-XFK-KD	1.0	0.390625	1.0
stratified_random_pair_5fold_non_headline	random-01	protein_sequence_identity_knn	sequence_only	RCSB-4UGH-4V4-KD	construct-001-c5158f5b655d	4.297052753818444	5.4066632325944495	RCSB-4UG5-XFK-KD	1.0	0.7254901960784313	1.0
stratified_random_pair_5fold_non_headline	random-01	protein_sequence_identity_knn	sequence_only	RCSB-4UGC-1Q6-KD	construct-001-c5158f5b655d	4.728158393463501	5.4066632325944495	RCSB-4UG5-XFK-KD	1.0	0.7560975609756098	1.0
stratified_random_pair_5fold_non_headline	random-01	protein_sequence_identity_knn	sequence_only	RCSB-4UGB-QJ7-KD	construct-001-c5158f5b655d	3.6252516539898965	5.4066632325944495	RCSB-4UG5-XFK-KD	1.0	0.4067796610169492	1.0
stratified_random_pair_5fold_non_headline	random-01	protein_sequence_identity_knn	sequence_only	RCSB-5C85-4YO-KD	construct-002-cb5cf2af5e4a	3.9788107009300617	4.21147280908165	RCSB-5D7X-XZ8-KD	1.0	0.23076923076923078	1.0
stratified_random_pair_5fold_non_headline	random-01	protein_sequence_identity_knn	sequence_only	RCSB-5EPS-5QX-KD	construct-002-cb5cf2af5e4a	4.42021640338319	4.21147280908165	RCSB-5D7X-XZ8-KD	1.0	0.2894736842105263	1.0
stratified_random_pair_5fold_non_headline	random-01	protein_sequence_identity_knn	sequence_only	RCSB-5EGU-5NQ-KD	construct-003-fbf3f5c695a3	5.853871964321762	6.595588673878084	RCSB-4O76-1M3-KD	1.0	0.24050632911392406	1.0
stratified_random_pair_5fold_non_headline	random-01	protein_sequence_identity_knn	sequence_only	RCSB-6TPZ-NV2-KD	construct-003-fbf3f5c695a3	8.301029995663981	6.595588673878084	RCSB-4O76-1M3-KD	1.0	0.24096385542168675	1.0
stratified_random_pair_5fold_non_headline	random-01	protein_sequence_identity_knn	sequence_only	RCSB-5D3T-56Y-KD	construct-003-fbf3f5c695a3	4.920818753952375	6.595588673878084	RCSB-4O76-1M3-KD	1.0	0.44776119402985076	1.0
stratified_random_pair_5fold_non_headline	random-01	protein_sequence_identity_knn	sequence_only	RCSB-5O1G-9GK-KD	construct-004-a02c0b37ee39	3.935542010773082	4.792250236534033	RCSB-4AGQ-P96-KD	1.0	0.7291666666666666	1.0
stratified_random_pair_5fold_non_headline	random-01	protein_sequence_identity_knn	sequence_only	RCSB-5O1H-9GN-KD	construct-004-a02c0b37ee39	4.853871964321762	4.792250236534033	RCSB-4AGQ-P96-KD	1.0	0.6	1.0
stratified_random_pair_5fold_non_headline	random-01	protein_sequence_identity_knn	sequence_only	RCSB-6RQD-KEW-KD	construct-005-6f4aa0a92e90	5.823908740944319	5.059915765158306	RCSB-6RQ0-KE2-KD	1.0	0.6923076923076923	1.0
stratified_random_pair_5fold_non_headline	random-01	protein_sequence_identity_knn	sequence_only	RCSB-6RQ8-KEH-KD	construct-005-6f4aa0a92e90	6.552841968657781	5.059915765158306	RCSB-6RQ0-KE2-KD	1.0	0.6923076923076923	1.0
stratified_random_pair_5fold_non_headline	random-01	pocket_structure_knn_S0	S0	RCSB-4UGA-Q05-KD	construct-001-c5158f5b655d	4.214670164989233	4.038564887673175	RCSB-4UGS-H36-KD	0.9924408017377399	0.390625	1.0
stratified_random_pair_5fold_non_headline	random-01	pocket_structure_knn_S0	S0	RCSB-4UGH-4V4-KD	construct-001-c5158f5b655d	4.297052753818444	4.702530257455762	RCSB-4UG7-1EV-KD	0.8745670850924705	0.7254901960784313	1.0
stratified_random_pair_5fold_non_headline	random-01	pocket_structure_knn_S0	S0	RCSB-4UGC-1Q6-KD	construct-001-c5158f5b655d	4.728158393463501	4.3258069828900485	RCSB-4UGM-1QE-KD	0.9060669608343468	0.7560975609756098	1.0
stratified_random_pair_5fold_non_headline	random-01	pocket_structure_knn_S0	S0	RCSB-4UGB-QJ7-KD	construct-001-c5158f5b655d	3.6252516539898965	5.124302871226618	RCSB-4UGI-SKO-KD	0.897076178116088	0.4067796610169492	1.0
stratified_random_pair_5fold_non_headline	random-01	pocket_structure_knn_S0	S0	RCSB-5C85-4YO-KD	construct-002-cb5cf2af5e4a	3.9788107009300617	4.17723341801598	RCSB-5EPR-5QY-KD	0.872768389215244	0.23076923076923078	1.0
stratified_random_pair_5fold_non_headline	random-01	pocket_structure_knn_S0	S0	RCSB-5EPS-5QX-KD	construct-002-cb5cf2af5e4a	4.42021640338319	4.504449695153543	RCSB-5EPR-5QY-KD	0.8856013408740608	0.2894736842105263	1.0
stratified_random_pair_5fold_non_headline	random-01	pocket_structure_knn_S0	S0	RCSB-5EGU-5NQ-KD	construct-003-fbf3f5c695a3	5.853871964321762	6.80410348036479	RCSB-6FO5-DZH-KD	0.8137765032122314	0.24050632911392406	1.0
stratified_random_pair_5fold_non_headline	random-01	pocket_structure_knn_S0	S0	RCSB-6TPZ-NV2-KD	construct-003-fbf3f5c695a3	8.301029995663981	6.500022977180748	RCSB-6FSY-E5Q-KD	0.8787014675705939	0.24096385542168675	1.0
stratified_random_pair_5fold_non_headline	random-01	pocket_structure_knn_S0	S0	RCSB-5D3T-56Y-KD	construct-003-fbf3f5c695a3	4.920818753952375	6.712544530280516	RCSB-6FSY-E5Q-KD	0.8994137597207181	0.44776119402985076	1.0
stratified_random_pair_5fold_non_headline	random-01	pocket_structure_knn_S0	S0	RCSB-5O1G-9GK-KD	construct-004-a02c0b37ee39	3.935542010773082	4.374307766136816	RCSB-5O1B-9H2-KD	0.9826886558121616	0.7291666666666666	1.0
stratified_random_pair_5fold_non_headline	random-01	pocket_structure_knn_S0	S0	RCSB-5O1H-9GN-KD	construct-004-a02c0b37ee39	4.853871964321762	4.605553793639653	RCSB-5AOJ-Y0V-KD	0.9527027526649812	0.6	1.0
stratified_random_pair_5fold_non_headline	random-01	pocket_structure_knn_S0	S0	RCSB-6RQD-KEW-KD	construct-005-6f4aa0a92e90	5.823908740944319	5.751106664135476	RCSB-6RQB-Q47-KD	0.9933769085063109	0.6923076923076923	1.0
stratified_random_pair_5fold_non_headline	random-01	pocket_structure_knn_S0	S0	RCSB-6RQ8-KEH-KD	construct-005-6f4aa0a92e90	6.552841968657781	5.362778061239958	RCSB-6RQB-Q47-KD	0.9566622611387493	0.6923076923076923	1.0
stratified_random_pair_5fold_non_headline	random-01	two_sided_ecfp_pocket_knn_S0	S0	RCSB-4UGA-Q05-KD	construct-001-c5158f5b655d	4.214670164989233	4.511890068364182	RCSB-4UGI-SKO-KD	0.5490333884808355	0.390625	1.0
stratified_random_pair_5fold_non_headline	random-01	two_sided_ecfp_pocket_knn_S0	S0	RCSB-4UGH-4V4-KD	construct-001-c5158f5b655d	4.297052753818444	4.412821659264421	RCSB-4UGY-EXI-KD	0.7868920936971525	0.7254901960784313	1.0
stratified_random_pair_5fold_non_headline	random-01	two_sided_ecfp_pocket_knn_S0	S0	RCSB-4UGC-1Q6-KD	construct-001-c5158f5b655d	4.728158393463501	4.945422254147946	RCSB-4UGD-Q14-KD	0.7856199248021668	0.7560975609756098	1.0
stratified_random_pair_5fold_non_headline	random-01	two_sided_ecfp_pocket_knn_S0	S0	RCSB-4UGB-QJ7-KD	construct-001-c5158f5b655d	3.6252516539898965	5.0617741321377885	RCSB-4UG6-XFJ-KD	0.5900615433487858	0.4067796610169492	1.0
stratified_random_pair_5fold_non_headline	random-01	two_sided_ecfp_pocket_knn_S0	S0	RCSB-5C85-4YO-KD	construct-002-cb5cf2af5e4a	3.9788107009300617	4.392721581523455	RCSB-5EPR-5QY-KD	0.44878512655713365	0.23076923076923078	1.0
stratified_random_pair_5fold_non_headline	random-01	two_sided_ecfp_pocket_knn_S0	S0	RCSB-5EPS-5QX-KD	construct-002-cb5cf2af5e4a	4.42021640338319	4.43320359759804	RCSB-5EPR-5QY-KD	0.5063183611963885	0.2894736842105263	1.0
stratified_random_pair_5fold_non_headline	random-01	two_sided_ecfp_pocket_knn_S0	S0	RCSB-5EGU-5NQ-KD	construct-003-fbf3f5c695a3	5.853871964321762	5.939164209813649	RCSB-5EIS-5OU-KD	0.4129130757857877	0.24050632911392406	1.0
stratified_random_pair_5fold_non_headline	random-01	two_sided_ecfp_pocket_knn_S0	S0	RCSB-6TPZ-NV2-KD	construct-003-fbf3f5c695a3	8.301029995663981	6.796538248131345	RCSB-7MR9-ZMM-KD	0.4357747316791237	0.24096385542168675	1.0
stratified_random_pair_5fold_non_headline	random-01	two_sided_ecfp_pocket_knn_S0	S0	RCSB-5D3T-56Y-KD	construct-003-fbf3f5c695a3	4.920818753952375	5.650762492279635	RCSB-7AXR-S7T-KD	0.5717907683138133	0.44776119402985076	1.0
stratified_random_pair_5fold_non_headline	random-01	two_sided_ecfp_pocket_knn_S0	S0	RCSB-5O1G-9GK-KD	construct-004-a02c0b37ee39	3.935542010773082	4.603207228260938	RCSB-5O1D-9GW-KD	0.8109441275969578	0.7291666666666666	1.0
stratified_random_pair_5fold_non_headline	random-01	two_sided_ecfp_pocket_knn_S0	S0	RCSB-5O1H-9GN-KD	construct-004-a02c0b37ee39	4.853871964321762	4.6103810762619135	RCSB-5O1D-9GW-KD	0.7543439964508544	0.6	1.0
stratified_random_pair_5fold_non_headline	random-01	two_sided_ecfp_pocket_knn_S0	S0	RCSB-6RQD-KEW-KD	construct-005-6f4aa0a92e90	5.823908740944319	5.7400865315801095	RCSB-6RQB-Q47-KD	0.8292903442822386	0.6923076923076923	1.0
stratified_random_pair_5fold_non_headline	random-01	two_sided_ecfp_pocket_knn_S0	S0	RCSB-6RQ8-KEH-KD	construct-005-6f4aa0a92e90	6.552841968657781	5.726502987725234	RCSB-6RQB-Q47-KD	0.8138210136920934	0.6923076923076923	1.0
stratified_random_pair_5fold_non_headline	random-01	pocket_structure_knn_S1	S1	RCSB-4UGA-Q05-KD	construct-001-c5158f5b655d	4.214670164989233	5.4066632325944495	RCSB-4UG5-XFK-KD	1.0	0.390625	1.0
stratified_random_pair_5fold_non_headline	random-01	pocket_structure_knn_S1	S1	RCSB-4UGH-4V4-KD	construct-001-c5158f5b655d	4.297052753818444	5.4066632325944495	RCSB-4UG5-XFK-KD	1.0	0.7254901960784313	1.0
stratified_random_pair_5fold_non_headline	random-01	pocket_structure_knn_S1	S1	RCSB-4UGC-1Q6-KD	construct-001-c5158f5b655d	4.728158393463501	5.4066632325944495	RCSB-4UG5-XFK-KD	1.0	0.7560975609756098	1.0
stratified_random_pair_5fold_non_headline	random-01	pocket_structure_knn_S1	S1	RCSB-4UGB-QJ7-KD	construct-001-c5158f5b655d	3.6252516539898965	5.4066632325944495	RCSB-4UG5-XFK-KD	1.0	0.4067796610169492	1.0
stratified_random_pair_5fold_non_headline	random-01	pocket_structure_knn_S1	S1	RCSB-5C85-4YO-KD	construct-002-cb5cf2af5e4a	3.9788107009300617	4.21147280908165	RCSB-5D7X-XZ8-KD	1.0	0.23076923076923078	1.0
stratified_random_pair_5fold_non_headline	random-01	pocket_structure_knn_S1	S1	RCSB-5EPS-5QX-KD	construct-002-cb5cf2af5e4a	4.42021640338319	4.21147280908165	RCSB-5D7X-XZ8-KD	1.0	0.2894736842105263	1.0
stratified_random_pair_5fold_non_headline	random-01	pocket_structure_knn_S1	S1	RCSB-5EGU-5NQ-KD	construct-003-fbf3f5c695a3	5.853871964321762	6.595588673878084	RCSB-4O76-1M3-KD	1.0	0.24050632911392406	1.0
stratified_random_pair_5fold_non_headline	random-01	pocket_structure_knn_S1	S1	RCSB-6TPZ-NV2-KD	construct-003-fbf3f5c695a3	8.301029995663981	6.595588673878084	RCSB-4O76-1M3-KD	1.0	0.24096385542168675	1.0
stratified_random_pair_5fold_non_headline	random-01	pocket_structure_knn_S1	S1	RCSB-5D3T-56Y-KD	construct-003-fbf3f5c695a3	4.920818753952375	6.595588673878084	RCSB-4O76-1M3-KD	1.0	0.44776119402985076	1.0
stratified_random_pair_5fold_non_headline	random-01	pocket_structure_knn_S1	S1	RCSB-5O1G-9GK-KD	construct-004-a02c0b37ee39	3.935542010773082	4.792250236534033	RCSB-4AGQ-P96-KD	1.0	0.7291666666666666	1.0
stratified_random_pair_5fold_non_headline	random-01	pocket_structure_knn_S1	S1	RCSB-5O1H-9GN-KD	construct-004-a02c0b37ee39	4.853871964321762	4.792250236534033	RCSB-4AGQ-P96-KD	1.0	0.6	1.0
stratified_random_pair_5fold_non_headline	random-01	pocket_structure_knn_S1	S1	RCSB-6RQD-KEW-KD	construct-005-6f4aa0a92e90	5.823908740944319	5.059915765158306	RCSB-6RQ0-KE2-KD	1.0	0.6923076923076923	1.0
stratified_random_pair_5fold_non_headline	random-01	pocket_structure_knn_S1	S1	RCSB-6RQ8-KEH-KD	construct-005-6f4aa0a92e90	6.552841968657781	5.059915765158306	RCSB-6RQ0-KE2-KD	1.0	0.6923076923076923	1.0
stratified_random_pair_5fold_non_headline	random-01	two_sided_ecfp_pocket_knn_S1	S1	RCSB-4UGA-Q05-KD	construct-001-c5158f5b655d	4.214670164989233	4.513818080479215	RCSB-4UGG-S5D-KD	0.625	0.390625	1.0
stratified_random_pair_5fold_non_headline	random-01	two_sided_ecfp_pocket_knn_S1	S1	RCSB-4UGH-4V4-KD	construct-001-c5158f5b655d	4.297052753818444	4.404542892959515	RCSB-4UGY-EXI-KD	0.851757122704842	0.7254901960784313	1.0
stratified_random_pair_5fold_non_headline	random-01	two_sided_ecfp_pocket_knn_S1	S1	RCSB-4UGC-1Q6-KD	construct-001-c5158f5b655d	4.728158393463501	4.941724193336039	RCSB-4UGD-Q14-KD	0.8695387058524823	0.7560975609756098	1.0
stratified_random_pair_5fold_non_headline	random-01	two_sided_ecfp_pocket_knn_S1	S1	RCSB-4UGB-QJ7-KD	construct-001-c5158f5b655d	3.6252516539898965	5.168516532592843	RCSB-4UG6-XFJ-KD	0.6377928041432807	0.4067796610169492	1.0
stratified_random_pair_5fold_non_headline	random-01	two_sided_ecfp_pocket_knn_S1	S1	RCSB-5C85-4YO-KD	construct-002-cb5cf2af5e4a	3.9788107009300617	4.40864977066992	RCSB-5EPR-5QY-KD	0.4803844614152614	0.23076923076923078	1.0
stratified_random_pair_5fold_non_headline	random-01	two_sided_ecfp_pocket_knn_S1	S1	RCSB-5EPS-5QX-KD	construct-002-cb5cf2af5e4a	4.42021640338319	4.450438634289188	RCSB-5EPR-5QY-KD	0.5380275868489703	0.2894736842105263	1.0
stratified_random_pair_5fold_non_headline	random-01	two_sided_ecfp_pocket_knn_S1	S1	RCSB-5EGU-5NQ-KD	construct-003-fbf3f5c695a3	5.853871964321762	5.884023925677296	RCSB-5EIS-5OU-KD	0.49041444627368397	0.24050632911392406	1.0
stratified_random_pair_5fold_non_headline	random-01	two_sided_ecfp_pocket_knn_S1	S1	RCSB-6TPZ-NV2-KD	construct-003-fbf3f5c695a3	8.301029995663981	6.801349085486286	RCSB-7MR9-ZMM-KD	0.48349377841522817	0.24096385542168675	1.0
stratified_random_pair_5fold_non_headline	random-01	two_sided_ecfp_pocket_knn_S1	S1	RCSB-5D3T-56Y-KD	construct-003-fbf3f5c695a3	4.920818753952375	5.637815230448013	RCSB-7AXR-S7T-KD	0.6691496051182058	0.44776119402985076	1.0
stratified_random_pair_5fold_non_headline	random-01	two_sided_ecfp_pocket_knn_S1	S1	RCSB-5O1G-9GK-KD	construct-004-a02c0b37ee39	3.935542010773082	4.604315083607748	RCSB-5O1D-9GW-KD	0.8539125638299665	0.7291666666666666	1.0
stratified_random_pair_5fold_non_headline	random-01	two_sided_ecfp_pocket_knn_S1	S1	RCSB-5O1H-9GN-KD	construct-004-a02c0b37ee39	4.853871964321762	4.610409763274635	RCSB-5O1D-9GW-KD	0.7745966692414834	0.6	1.0
stratified_random_pair_5fold_non_headline	random-01	two_sided_ecfp_pocket_knn_S1	S1	RCSB-6RQD-KEW-KD	construct-005-6f4aa0a92e90	5.823908740944319	5.7295465045041105	RCSB-6RQ0-KE2-KD	0.8320502943378437	0.6923076923076923	1.0
stratified_random_pair_5fold_non_headline	random-01	two_sided_ecfp_pocket_knn_S1	S1	RCSB-6RQ8-KEH-KD	construct-005-6f4aa0a92e90	6.552841968657781	5.7295465045041105	RCSB-6RQ0-KE2-KD	0.8320502943378437	0.6923076923076923	1.0
stratified_random_pair_5fold_non_headline	random-02	global_train_mean	no_input	RCSB-4UGS-H36-KD	construct-001-c5158f5b655d	3.8961962790440428	5.308279525750181			0.6666666666666666	1.0
stratified_random_pair_5fold_non_headline	random-02	global_train_mean	no_input	RCSB-4UGL-S90-KD	construct-001-c5158f5b655d	4.206628751081045	5.308279525750181			0.55	1.0
stratified_random_pair_5fold_non_headline	random-02	global_train_mean	no_input	RCSB-4UGD-Q14-KD	construct-001-c5158f5b655d	4.421360790031928	5.308279525750181			0.7560975609756098	1.0
stratified_random_pair_5fold_non_headline	random-02	global_train_mean	no_input	RCSB-4UGO-1QF-KD	construct-001-c5158f5b655d	4.205511953340831	5.308279525750181			0.6538461538461539	1.0
stratified_random_pair_5fold_non_headline	random-02	global_train_mean	no_input	RCSB-5O55-9L5-KD	construct-002-cb5cf2af5e4a	4.698970004336019	5.308279525750181			0.2159090909090909	1.0
stratified_random_pair_5fold_non_headline	random-02	global_train_mean	no_input	RCSB-5O5A-9LN-KD	construct-002-cb5cf2af5e4a	4.769551078621726	5.308279525750181			0.2716049382716049	1.0
stratified_random_pair_5fold_non_headline	random-02	global_train_mean	no_input	RCSB-4O76-1M3-KD	construct-003-fbf3f5c695a3	6.910094888560602	5.308279525750181			0.6805555555555556	1.0
stratified_random_pair_5fold_non_headline	random-02	global_train_mean	no_input	RCSB-5D26-L28-KD	construct-003-fbf3f5c695a3	6.0915149811213505	5.308279525750181			0.609375	1.0
stratified_random_pair_5fold_non_headline	random-02	global_train_mean	no_input	RCSB-6Q3Y-HG5-KD	construct-003-fbf3f5c695a3	7.267606240177031	5.308279525750181			0.7625	1.0
stratified_random_pair_5fold_non_headline	random-02	global_train_mean	no_input	RCSB-5O1E-9GT-KD	construct-004-a02c0b37ee39	4.481486060122113	5.308279525750181			0.6875	1.0
stratified_random_pair_5fold_non_headline	random-02	global_train_mean	no_input	RCSB-5O1C-9GZ-KD	construct-004-a02c0b37ee39	3.94692155651658	5.308279525750181			0.6046511627906976	1.0
stratified_random_pair_5fold_non_headline	random-02	global_train_mean	no_input	RCSB-6RQ1-KE5-KD	construct-005-6f4aa0a92e90	4.400116927926312	5.308279525750181			0.6923076923076923	1.0
stratified_random_pair_5fold_non_headline	random-02	target_mean_or_global_fallback	target_identity	RCSB-4UGS-H36-KD	construct-001-c5158f5b655d	3.8961962790440428	4.78522303855235			0.6666666666666666	1.0
stratified_random_pair_5fold_non_headline	random-02	target_mean_or_global_fallback	target_identity	RCSB-4UGL-S90-KD	construct-001-c5158f5b655d	4.206628751081045	4.78522303855235			0.55	1.0
stratified_random_pair_5fold_non_headline	random-02	target_mean_or_global_fallback	target_identity	RCSB-4UGD-Q14-KD	construct-001-c5158f5b655d	4.421360790031928	4.78522303855235			0.7560975609756098	1.0
stratified_random_pair_5fold_non_headline	random-02	target_mean_or_global_fallback	target_identity	RCSB-4UGO-1QF-KD	construct-001-c5158f5b655d	4.205511953340831	4.78522303855235			0.6538461538461539	1.0
stratified_random_pair_5fold_non_headline	random-02	target_mean_or_global_fallback	target_identity	RCSB-5O55-9L5-KD	construct-002-cb5cf2af5e4a	4.698970004336019	4.861108915493573			0.2159090909090909	1.0
stratified_random_pair_5fold_non_headline	random-02	target_mean_or_global_fallback	target_identity	RCSB-5O5A-9LN-KD	construct-002-cb5cf2af5e4a	4.769551078621726	4.861108915493573			0.2716049382716049	1.0
stratified_random_pair_5fold_non_headline	random-02	target_mean_or_global_fallback	target_identity	RCSB-4O76-1M3-KD	construct-003-fbf3f5c695a3	6.910094888560602	6.403951492537979			0.6805555555555556	1.0
stratified_random_pair_5fold_non_headline	random-02	target_mean_or_global_fallback	target_identity	RCSB-5D26-L28-KD	construct-003-fbf3f5c695a3	6.0915149811213505	6.403951492537979			0.609375	1.0
stratified_random_pair_5fold_non_headline	random-02	target_mean_or_global_fallback	target_identity	RCSB-6Q3Y-HG5-KD	construct-003-fbf3f5c695a3	7.267606240177031	6.403951492537979			0.7625	1.0
stratified_random_pair_5fold_non_headline	random-02	target_mean_or_global_fallback	target_identity	RCSB-5O1E-9GT-KD	construct-004-a02c0b37ee39	4.481486060122113	4.745954573220968			0.6875	1.0
stratified_random_pair_5fold_non_headline	random-02	target_mean_or_global_fallback	target_identity	RCSB-5O1C-9GZ-KD	construct-004-a02c0b37ee39	3.94692155651658	4.745954573220968			0.6046511627906976	1.0
stratified_random_pair_5fold_non_headline	random-02	target_mean_or_global_fallback	target_identity	RCSB-6RQ1-KE5-KD	construct-005-6f4aa0a92e90	4.400116927926312	5.624197133788925			0.6923076923076923	1.0
stratified_random_pair_5fold_non_headline	random-02	nuisance_ridge	metadata_only	RCSB-4UGS-H36-KD	construct-001-c5158f5b655d	3.8961962790440428	4.806841456373816			0.6666666666666666	1.0
stratified_random_pair_5fold_non_headline	random-02	nuisance_ridge	metadata_only	RCSB-4UGL-S90-KD	construct-001-c5158f5b655d	4.206628751081045	4.803608456737632			0.55	1.0
stratified_random_pair_5fold_non_headline	random-02	nuisance_ridge	metadata_only	RCSB-4UGD-Q14-KD	construct-001-c5158f5b655d	4.421360790031928	4.807602162170566			0.7560975609756098	1.0
stratified_random_pair_5fold_non_headline	random-02	nuisance_ridge	metadata_only	RCSB-4UGO-1QF-KD	construct-001-c5158f5b655d	4.205511953340831	4.814258337892123			0.6538461538461539	1.0
stratified_random_pair_5fold_non_headline	random-02	nuisance_ridge	metadata_only	RCSB-5O55-9L5-KD	construct-002-cb5cf2af5e4a	4.698970004336019	5.712324819003436			0.2159090909090909	1.0
stratified_random_pair_5fold_non_headline	random-02	nuisance_ridge	metadata_only	RCSB-5O5A-9LN-KD	construct-002-cb5cf2af5e4a	4.769551078621726	5.715177465741246			0.2716049382716049	1.0
stratified_random_pair_5fold_non_headline	random-02	nuisance_ridge	metadata_only	RCSB-4O76-1M3-KD	construct-003-fbf3f5c695a3	6.910094888560602	5.0678303708641534			0.6805555555555556	1.0
stratified_random_pair_5fold_non_headline	random-02	nuisance_ridge	metadata_only	RCSB-5D26-L28-KD	construct-003-fbf3f5c695a3	6.0915149811213505	5.376690693600117			0.609375	1.0
stratified_random_pair_5fold_non_headline	random-02	nuisance_ridge	metadata_only	RCSB-6Q3Y-HG5-KD	construct-003-fbf3f5c695a3	7.267606240177031	5.824767061769076			0.7625	1.0
stratified_random_pair_5fold_non_headline	random-02	nuisance_ridge	metadata_only	RCSB-5O1E-9GT-KD	construct-004-a02c0b37ee39	4.481486060122113	5.455837205313321			0.6875	1.0
stratified_random_pair_5fold_non_headline	random-02	nuisance_ridge	metadata_only	RCSB-5O1C-9GZ-KD	construct-004-a02c0b37ee39	3.94692155651658	5.456217558211695			0.6046511627906976	1.0
stratified_random_pair_5fold_non_headline	random-02	nuisance_ridge	metadata_only	RCSB-6RQ1-KE5-KD	construct-005-6f4aa0a92e90	4.400116927926312	5.528920393576289			0.6923076923076923	1.0
stratified_random_pair_5fold_non_headline	random-02	ligand_ecfp_ridge	ligand_only	RCSB-4UGS-H36-KD	construct-001-c5158f5b655d	3.8961962790440428	4.27916590654772			0.6666666666666666	1.0
stratified_random_pair_5fold_non_headline	random-02	ligand_ecfp_ridge	ligand_only	RCSB-4UGL-S90-KD	construct-001-c5158f5b655d	4.206628751081045	4.365171913310343			0.55	1.0
stratified_random_pair_5fold_non_headline	random-02	ligand_ecfp_ridge	ligand_only	RCSB-4UGD-Q14-KD	construct-001-c5158f5b655d	4.421360790031928	4.8554182208058885			0.7560975609756098	1.0
stratified_random_pair_5fold_non_headline	random-02	ligand_ecfp_ridge	ligand_only	RCSB-4UGO-1QF-KD	construct-001-c5158f5b655d	4.205511953340831	4.067760008513842			0.6538461538461539	1.0
stratified_random_pair_5fold_non_headline	random-02	ligand_ecfp_ridge	ligand_only	RCSB-5O55-9L5-KD	construct-002-cb5cf2af5e4a	4.698970004336019	5.938398424823644			0.2159090909090909	1.0
stratified_random_pair_5fold_non_headline	random-02	ligand_ecfp_ridge	ligand_only	RCSB-5O5A-9LN-KD	construct-002-cb5cf2af5e4a	4.769551078621726	5.426121766448238			0.2716049382716049	1.0
stratified_random_pair_5fold_non_headline	random-02	ligand_ecfp_ridge	ligand_only	RCSB-4O76-1M3-KD	construct-003-fbf3f5c695a3	6.910094888560602	7.040249085991409			0.6805555555555556	1.0
stratified_random_pair_5fold_non_headline	random-02	ligand_ecfp_ridge	ligand_only	RCSB-5D26-L28-KD	construct-003-fbf3f5c695a3	6.0915149811213505	5.72898656601573			0.609375	1.0
stratified_random_pair_5fold_non_headline	random-02	ligand_ecfp_ridge	ligand_only	RCSB-6Q3Y-HG5-KD	construct-003-fbf3f5c695a3	7.267606240177031	6.986245095929684			0.7625	1.0
stratified_random_pair_5fold_non_headline	random-02	ligand_ecfp_ridge	ligand_only	RCSB-5O1E-9GT-KD	construct-004-a02c0b37ee39	4.481486060122113	4.852149561875478			0.6875	1.0
stratified_random_pair_5fold_non_headline	random-02	ligand_ecfp_ridge	ligand_only	RCSB-5O1C-9GZ-KD	construct-004-a02c0b37ee39	3.94692155651658	4.324297386173276			0.6046511627906976	1.0
stratified_random_pair_5fold_non_headline	random-02	ligand_ecfp_ridge	ligand_only	RCSB-6RQ1-KE5-KD	construct-005-6f4aa0a92e90	4.400116927926312	5.475081268466325			0.6923076923076923	1.0
stratified_random_pair_5fold_non_headline	random-02	ligand_gmolai_ridge	ligand_only	RCSB-4UGS-H36-KD	construct-001-c5158f5b655d	3.8961962790440428	4.293509311089183			0.6666666666666666	1.0
stratified_random_pair_5fold_non_headline	random-02	ligand_gmolai_ridge	ligand_only	RCSB-4UGL-S90-KD	construct-001-c5158f5b655d	4.206628751081045	4.755750977708653			0.55	1.0
stratified_random_pair_5fold_non_headline	random-02	ligand_gmolai_ridge	ligand_only	RCSB-4UGD-Q14-KD	construct-001-c5158f5b655d	4.421360790031928	5.352562714658708			0.7560975609756098	1.0
stratified_random_pair_5fold_non_headline	random-02	ligand_gmolai_ridge	ligand_only	RCSB-4UGO-1QF-KD	construct-001-c5158f5b655d	4.205511953340831	4.517858979630898			0.6538461538461539	1.0
stratified_random_pair_5fold_non_headline	random-02	ligand_gmolai_ridge	ligand_only	RCSB-5O55-9L5-KD	construct-002-cb5cf2af5e4a	4.698970004336019	6.01820932265822			0.2159090909090909	1.0
stratified_random_pair_5fold_non_headline	random-02	ligand_gmolai_ridge	ligand_only	RCSB-5O5A-9LN-KD	construct-002-cb5cf2af5e4a	4.769551078621726	5.827856645763524			0.2716049382716049	1.0
stratified_random_pair_5fold_non_headline	random-02	ligand_gmolai_ridge	ligand_only	RCSB-4O76-1M3-KD	construct-003-fbf3f5c695a3	6.910094888560602	6.342052756974876			0.6805555555555556	1.0
stratified_random_pair_5fold_non_headline	random-02	ligand_gmolai_ridge	ligand_only	RCSB-5D26-L28-KD	construct-003-fbf3f5c695a3	6.0915149811213505	6.060377355204405			0.609375	1.0
stratified_random_pair_5fold_non_headline	random-02	ligand_gmolai_ridge	ligand_only	RCSB-6Q3Y-HG5-KD	construct-003-fbf3f5c695a3	7.267606240177031	6.5102753030728024			0.7625	1.0
stratified_random_pair_5fold_non_headline	random-02	ligand_gmolai_ridge	ligand_only	RCSB-5O1E-9GT-KD	construct-004-a02c0b37ee39	4.481486060122113	4.60285837348973			0.6875	1.0
stratified_random_pair_5fold_non_headline	random-02	ligand_gmolai_ridge	ligand_only	RCSB-5O1C-9GZ-KD	construct-004-a02c0b37ee39	3.94692155651658	4.643341188872961			0.6046511627906976	1.0
stratified_random_pair_5fold_non_headline	random-02	ligand_gmolai_ridge	ligand_only	RCSB-6RQ1-KE5-KD	construct-005-6f4aa0a92e90	4.400116927926312	5.4864579029745775			0.6923076923076923	1.0
stratified_random_pair_5fold_non_headline	random-02	protein_sequence_ridge	sequence_only	RCSB-4UGS-H36-KD	construct-001-c5158f5b655d	3.8961962790440428	4.794630972804297			0.6666666666666666	1.0
stratified_random_pair_5fold_non_headline	random-02	protein_sequence_ridge	sequence_only	RCSB-4UGL-S90-KD	construct-001-c5158f5b655d	4.206628751081045	4.794630972804297			0.55	1.0
stratified_random_pair_5fold_non_headline	random-02	protein_sequence_ridge	sequence_only	RCSB-4UGD-Q14-KD	construct-001-c5158f5b655d	4.421360790031928	4.794630972804297			0.7560975609756098	1.0
stratified_random_pair_5fold_non_headline	random-02	protein_sequence_ridge	sequence_only	RCSB-4UGO-1QF-KD	construct-001-c5158f5b655d	4.205511953340831	4.794630972804297			0.6538461538461539	1.0
stratified_random_pair_5fold_non_headline	random-02	protein_sequence_ridge	sequence_only	RCSB-5O55-9L5-KD	construct-002-cb5cf2af5e4a	4.698970004336019	4.87695871760906			0.2159090909090909	1.0
stratified_random_pair_5fold_non_headline	random-02	protein_sequence_ridge	sequence_only	RCSB-5O5A-9LN-KD	construct-002-cb5cf2af5e4a	4.769551078621726	4.87695871760906			0.2716049382716049	1.0
stratified_random_pair_5fold_non_headline	random-02	protein_sequence_ridge	sequence_only	RCSB-4O76-1M3-KD	construct-003-fbf3f5c695a3	6.910094888560602	6.382810746559628			0.6805555555555556	1.0
stratified_random_pair_5fold_non_headline	random-02	protein_sequence_ridge	sequence_only	RCSB-5D26-L28-KD	construct-003-fbf3f5c695a3	6.0915149811213505	6.382810746559628			0.609375	1.0
stratified_random_pair_5fold_non_headline	random-02	protein_sequence_ridge	sequence_only	RCSB-6Q3Y-HG5-KD	construct-003-fbf3f5c695a3	7.267606240177031	6.382810746559628			0.7625	1.0
stratified_random_pair_5fold_non_headline	random-02	protein_sequence_ridge	sequence_only	RCSB-5O1E-9GT-KD	construct-004-a02c0b37ee39	4.481486060122113	4.759554557681636			0.6875	1.0
stratified_random_pair_5fold_non_headline	random-02	protein_sequence_ridge	sequence_only	RCSB-5O1C-9GZ-KD	construct-004-a02c0b37ee39	3.94692155651658	4.759554557681636			0.6046511627906976	1.0
stratified_random_pair_5fold_non_headline	random-02	protein_sequence_ridge	sequence_only	RCSB-6RQ1-KE5-KD	construct-005-6f4aa0a92e90	4.400116927926312	5.608564509476419			0.6923076923076923	1.0
stratified_random_pair_5fold_non_headline	random-02	concat_ecfp_sequence_ridge	sequence_ligand	RCSB-4UGS-H36-KD	construct-001-c5158f5b655d	3.8961962790440428	4.261026474918949			0.6666666666666666	1.0
stratified_random_pair_5fold_non_headline	random-02	concat_ecfp_sequence_ridge	sequence_ligand	RCSB-4UGL-S90-KD	construct-001-c5158f5b655d	4.206628751081045	4.3601982806755615			0.55	1.0
stratified_random_pair_5fold_non_headline	random-02	concat_ecfp_sequence_ridge	sequence_ligand	RCSB-4UGD-Q14-KD	construct-001-c5158f5b655d	4.421360790031928	4.862389430108733			0.7560975609756098	1.0
stratified_random_pair_5fold_non_headline	random-02	concat_ecfp_sequence_ridge	sequence_ligand	RCSB-4UGO-1QF-KD	construct-001-c5158f5b655d	4.205511953340831	3.9280217409756846			0.6538461538461539	1.0
stratified_random_pair_5fold_non_headline	random-02	concat_ecfp_sequence_ridge	sequence_ligand	RCSB-5O55-9L5-KD	construct-002-cb5cf2af5e4a	4.698970004336019	5.051074929885511			0.2159090909090909	1.0
stratified_random_pair_5fold_non_headline	random-02	concat_ecfp_sequence_ridge	sequence_ligand	RCSB-5O5A-9LN-KD	construct-002-cb5cf2af5e4a	4.769551078621726	4.4367616489445325			0.2716049382716049	1.0
stratified_random_pair_5fold_non_headline	random-02	concat_ecfp_sequence_ridge	sequence_ligand	RCSB-4O76-1M3-KD	construct-003-fbf3f5c695a3	6.910094888560602	7.116030728789342			0.6805555555555556	1.0
stratified_random_pair_5fold_non_headline	random-02	concat_ecfp_sequence_ridge	sequence_ligand	RCSB-5D26-L28-KD	construct-003-fbf3f5c695a3	6.0915149811213505	5.945634740140593			0.609375	1.0
stratified_random_pair_5fold_non_headline	random-02	concat_ecfp_sequence_ridge	sequence_ligand	RCSB-6Q3Y-HG5-KD	construct-003-fbf3f5c695a3	7.267606240177031	7.081892506951698			0.7625	1.0
stratified_random_pair_5fold_non_headline	random-02	concat_ecfp_sequence_ridge	sequence_ligand	RCSB-5O1E-9GT-KD	construct-004-a02c0b37ee39	4.481486060122113	4.738779469440115			0.6875	1.0
stratified_random_pair_5fold_non_headline	random-02	concat_ecfp_sequence_ridge	sequence_ligand	RCSB-5O1C-9GZ-KD	construct-004-a02c0b37ee39	3.94692155651658	4.256462165613833			0.6046511627906976	1.0
stratified_random_pair_5fold_non_headline	random-02	concat_ecfp_sequence_ridge	sequence_ligand	RCSB-6RQ1-KE5-KD	construct-005-6f4aa0a92e90	4.400116927926312	5.545141951077431			0.6923076923076923	1.0
stratified_random_pair_5fold_non_headline	random-02	pocket_composition_ridge_S0	S0	RCSB-4UGS-H36-KD	construct-001-c5158f5b655d	3.8961962790440428	4.917084319926682			0.6666666666666666	1.0
stratified_random_pair_5fold_non_headline	random-02	pocket_composition_ridge_S0	S0	RCSB-4UGL-S90-KD	construct-001-c5158f5b655d	4.206628751081045	4.917084319926682			0.55	1.0
stratified_random_pair_5fold_non_headline	random-02	pocket_composition_ridge_S0	S0	RCSB-4UGD-Q14-KD	construct-001-c5158f5b655d	4.421360790031928	4.917084319926682			0.7560975609756098	1.0
stratified_random_pair_5fold_non_headline	random-02	pocket_composition_ridge_S0	S0	RCSB-4UGO-1QF-KD	construct-001-c5158f5b655d	4.205511953340831	4.917084319926682			0.6538461538461539	1.0
stratified_random_pair_5fold_non_headline	random-02	pocket_composition_ridge_S0	S0	RCSB-5O55-9L5-KD	construct-002-cb5cf2af5e4a	4.698970004336019	5.057337769766687			0.2159090909090909	1.0
stratified_random_pair_5fold_non_headline	random-02	pocket_composition_ridge_S0	S0	RCSB-5O5A-9LN-KD	construct-002-cb5cf2af5e4a	4.769551078621726	5.057337769766687			0.2716049382716049	1.0
stratified_random_pair_5fold_non_headline	random-02	pocket_composition_ridge_S0	S0	RCSB-4O76-1M3-KD	construct-003-fbf3f5c695a3	6.910094888560602	6.043150371381527			0.6805555555555556	1.0
stratified_random_pair_5fold_non_headline	random-02	pocket_composition_ridge_S0	S0	RCSB-5D26-L28-KD	construct-003-fbf3f5c695a3	6.0915149811213505	6.043150371381527			0.609375	1.0
stratified_random_pair_5fold_non_headline	random-02	pocket_composition_ridge_S0	S0	RCSB-6Q3Y-HG5-KD	construct-003-fbf3f5c695a3	7.267606240177031	6.043150371381527			0.7625	1.0
stratified_random_pair_5fold_non_headline	random-02	pocket_composition_ridge_S0	S0	RCSB-5O1E-9GT-KD	construct-004-a02c0b37ee39	4.481486060122113	4.975981083559358			0.6875	1.0
stratified_random_pair_5fold_non_headline	random-02	pocket_composition_ridge_S0	S0	RCSB-5O1C-9GZ-KD	construct-004-a02c0b37ee39	3.94692155651658	4.975981083559358			0.6046511627906976	1.0
stratified_random_pair_5fold_non_headline	random-02	pocket_composition_ridge_S0	S0	RCSB-6RQ1-KE5-KD	construct-005-6f4aa0a92e90	4.400116927926312	5.505865394747327			0.6923076923076923	1.0
stratified_random_pair_5fold_non_headline	random-02	pocket_structure_ridge_S0	S0	RCSB-4UGS-H36-KD	construct-001-c5158f5b655d	3.8961962790440428	4.8059139540736355			0.6666666666666666	1.0
stratified_random_pair_5fold_non_headline	random-02	pocket_structure_ridge_S0	S0	RCSB-4UGL-S90-KD	construct-001-c5158f5b655d	4.206628751081045	4.833962379411606			0.55	1.0
stratified_random_pair_5fold_non_headline	random-02	pocket_structure_ridge_S0	S0	RCSB-4UGD-Q14-KD	construct-001-c5158f5b655d	4.421360790031928	4.8512038573632			0.7560975609756098	1.0
stratified_random_pair_5fold_non_headline	random-02	pocket_structure_ridge_S0	S0	RCSB-4UGO-1QF-KD	construct-001-c5158f5b655d	4.205511953340831	4.851347260944429			0.6538461538461539	1.0
stratified_random_pair_5fold_non_headline	random-02	pocket_structure_ridge_S0	S0	RCSB-5O55-9L5-KD	construct-002-cb5cf2af5e4a	4.698970004336019	4.993254635531899			0.2159090909090909	1.0
stratified_random_pair_5fold_non_headline	random-02	pocket_structure_ridge_S0	S0	RCSB-5O5A-9LN-KD	construct-002-cb5cf2af5e4a	4.769551078621726	4.992594104492375			0.2716049382716049	1.0
stratified_random_pair_5fold_non_headline	random-02	pocket_structure_ridge_S0	S0	RCSB-4O76-1M3-KD	construct-003-fbf3f5c695a3	6.910094888560602	6.142377688198129			0.6805555555555556	1.0
stratified_random_pair_5fold_non_headline	random-02	pocket_structure_ridge_S0	S0	RCSB-5D26-L28-KD	construct-003-fbf3f5c695a3	6.0915149811213505	6.114219079150576			0.609375	1.0
stratified_random_pair_5fold_non_headline	random-02	pocket_structure_ridge_S0	S0	RCSB-6Q3Y-HG5-KD	construct-003-fbf3f5c695a3	7.267606240177031	6.146629241271344			0.7625	1.0
stratified_random_pair_5fold_non_headline	random-02	pocket_structure_ridge_S0	S0	RCSB-5O1E-9GT-KD	construct-004-a02c0b37ee39	4.481486060122113	4.956479208971279			0.6875	1.0
stratified_random_pair_5fold_non_headline	random-02	pocket_structure_ridge_S0	S0	RCSB-5O1C-9GZ-KD	construct-004-a02c0b37ee39	3.94692155651658	4.937647858828022			0.6046511627906976	1.0
stratified_random_pair_5fold_non_headline	random-02	pocket_structure_ridge_S0	S0	RCSB-6RQ1-KE5-KD	construct-005-6f4aa0a92e90	4.400116927926312	5.544385039716042			0.6923076923076923	1.0
stratified_random_pair_5fold_non_headline	random-02	concat_ecfp_pocket_ridge_S0	S0	RCSB-4UGS-H36-KD	construct-001-c5158f5b655d	3.8961962790440428	4.282772076484686			0.6666666666666666	1.0
stratified_random_pair_5fold_non_headline	random-02	concat_ecfp_pocket_ridge_S0	S0	RCSB-4UGL-S90-KD	construct-001-c5158f5b655d	4.206628751081045	4.352260578814518			0.55	1.0
stratified_random_pair_5fold_non_headline	random-02	concat_ecfp_pocket_ridge_S0	S0	RCSB-4UGD-Q14-KD	construct-001-c5158f5b655d	4.421360790031928	4.848928042333066			0.7560975609756098	1.0
stratified_random_pair_5fold_non_headline	random-02	concat_ecfp_pocket_ridge_S0	S0	RCSB-4UGO-1QF-KD	construct-001-c5158f5b655d	4.205511953340831	4.049736820014257			0.6538461538461539	1.0
stratified_random_pair_5fold_non_headline	random-02	concat_ecfp_pocket_ridge_S0	S0	RCSB-5O55-9L5-KD	construct-002-cb5cf2af5e4a	4.698970004336019	5.636829836711647			0.2159090909090909	1.0
stratified_random_pair_5fold_non_headline	random-02	concat_ecfp_pocket_ridge_S0	S0	RCSB-5O5A-9LN-KD	construct-002-cb5cf2af5e4a	4.769551078621726	5.083179522409324			0.2716049382716049	1.0
stratified_random_pair_5fold_non_headline	random-02	concat_ecfp_pocket_ridge_S0	S0	RCSB-4O76-1M3-KD	construct-003-fbf3f5c695a3	6.910094888560602	7.098428020769465			0.6805555555555556	1.0
stratified_random_pair_5fold_non_headline	random-02	concat_ecfp_pocket_ridge_S0	S0	RCSB-5D26-L28-KD	construct-003-fbf3f5c695a3	6.0915149811213505	5.7689338114592825			0.609375	1.0
stratified_random_pair_5fold_non_headline	random-02	concat_ecfp_pocket_ridge_S0	S0	RCSB-6Q3Y-HG5-KD	construct-003-fbf3f5c695a3	7.267606240177031	7.015739601664146			0.7625	1.0
stratified_random_pair_5fold_non_headline	random-02	concat_ecfp_pocket_ridge_S0	S0	RCSB-5O1E-9GT-KD	construct-004-a02c0b37ee39	4.481486060122113	4.826679973284795			0.6875	1.0
stratified_random_pair_5fold_non_headline	random-02	concat_ecfp_pocket_ridge_S0	S0	RCSB-5O1C-9GZ-KD	construct-004-a02c0b37ee39	3.94692155651658	4.308868187741517			0.6046511627906976	1.0
stratified_random_pair_5fold_non_headline	random-02	concat_ecfp_pocket_ridge_S0	S0	RCSB-6RQ1-KE5-KD	construct-005-6f4aa0a92e90	4.400116927926312	5.53474983954948			0.6923076923076923	1.0
stratified_random_pair_5fold_non_headline	random-02	concat_gmolai_pocket_ridge_S0	S0	RCSB-4UGS-H36-KD	construct-001-c5158f5b655d	3.8961962790440428	4.397442501839366			0.6666666666666666	1.0
stratified_random_pair_5fold_non_headline	random-02	concat_gmolai_pocket_ridge_S0	S0	RCSB-4UGL-S90-KD	construct-001-c5158f5b655d	4.206628751081045	4.62816183415372			0.55	1.0
stratified_random_pair_5fold_non_headline	random-02	concat_gmolai_pocket_ridge_S0	S0	RCSB-4UGD-Q14-KD	construct-001-c5158f5b655d	4.421360790031928	5.241080740836031			0.7560975609756098	1.0
stratified_random_pair_5fold_non_headline	random-02	concat_gmolai_pocket_ridge_S0	S0	RCSB-4UGO-1QF-KD	construct-001-c5158f5b655d	4.205511953340831	4.340021702128118			0.6538461538461539	1.0
stratified_random_pair_5fold_non_headline	random-02	concat_gmolai_pocket_ridge_S0	S0	RCSB-5O55-9L5-KD	construct-002-cb5cf2af5e4a	4.698970004336019	5.384604552917918			0.2159090909090909	1.0
stratified_random_pair_5fold_non_headline	random-02	concat_gmolai_pocket_ridge_S0	S0	RCSB-5O5A-9LN-KD	construct-002-cb5cf2af5e4a	4.769551078621726	5.07127152241594			0.2716049382716049	1.0
stratified_random_pair_5fold_non_headline	random-02	concat_gmolai_pocket_ridge_S0	S0	RCSB-4O76-1M3-KD	construct-003-fbf3f5c695a3	6.910094888560602	6.684496508733178			0.6805555555555556	1.0
stratified_random_pair_5fold_non_headline	random-02	concat_gmolai_pocket_ridge_S0	S0	RCSB-5D26-L28-KD	construct-003-fbf3f5c695a3	6.0915149811213505	6.156745876576557			0.609375	1.0
stratified_random_pair_5fold_non_headline	random-02	concat_gmolai_pocket_ridge_S0	S0	RCSB-6Q3Y-HG5-KD	construct-003-fbf3f5c695a3	7.267606240177031	6.6466338567228105			0.7625	1.0
stratified_random_pair_5fold_non_headline	random-02	concat_gmolai_pocket_ridge_S0	S0	RCSB-5O1E-9GT-KD	construct-004-a02c0b37ee39	4.481486060122113	4.62310635385198			0.6875	1.0
stratified_random_pair_5fold_non_headline	random-02	concat_gmolai_pocket_ridge_S0	S0	RCSB-5O1C-9GZ-KD	construct-004-a02c0b37ee39	3.94692155651658	4.4836767709460155			0.6046511627906976	1.0
stratified_random_pair_5fold_non_headline	random-02	concat_gmolai_pocket_ridge_S0	S0	RCSB-6RQ1-KE5-KD	construct-005-6f4aa0a92e90	4.400116927926312	5.522125763434413			0.6923076923076923	1.0
stratified_random_pair_5fold_non_headline	random-02	pocket_composition_ridge_S1	S1	RCSB-4UGS-H36-KD	construct-001-c5158f5b655d	3.8961962790440428	4.917084319926682			0.6666666666666666	1.0
stratified_random_pair_5fold_non_headline	random-02	pocket_composition_ridge_S1	S1	RCSB-4UGL-S90-KD	construct-001-c5158f5b655d	4.206628751081045	4.917084319926682			0.55	1.0
stratified_random_pair_5fold_non_headline	random-02	pocket_composition_ridge_S1	S1	RCSB-4UGD-Q14-KD	construct-001-c5158f5b655d	4.421360790031928	4.917084319926682			0.7560975609756098	1.0
stratified_random_pair_5fold_non_headline	random-02	pocket_composition_ridge_S1	S1	RCSB-4UGO-1QF-KD	construct-001-c5158f5b655d	4.205511953340831	4.917084319926682			0.6538461538461539	1.0
stratified_random_pair_5fold_non_headline	random-02	pocket_composition_ridge_S1	S1	RCSB-5O55-9L5-KD	construct-002-cb5cf2af5e4a	4.698970004336019	5.057337769766687			0.2159090909090909	1.0
stratified_random_pair_5fold_non_headline	random-02	pocket_composition_ridge_S1	S1	RCSB-5O5A-9LN-KD	construct-002-cb5cf2af5e4a	4.769551078621726	5.057337769766687			0.2716049382716049	1.0
stratified_random_pair_5fold_non_headline	random-02	pocket_composition_ridge_S1	S1	RCSB-4O76-1M3-KD	construct-003-fbf3f5c695a3	6.910094888560602	6.043150371381527			0.6805555555555556	1.0
stratified_random_pair_5fold_non_headline	random-02	pocket_composition_ridge_S1	S1	RCSB-5D26-L28-KD	construct-003-fbf3f5c695a3	6.0915149811213505	6.043150371381527			0.609375	1.0
stratified_random_pair_5fold_non_headline	random-02	pocket_composition_ridge_S1	S1	RCSB-6Q3Y-HG5-KD	construct-003-fbf3f5c695a3	7.267606240177031	6.043150371381527			0.7625	1.0
stratified_random_pair_5fold_non_headline	random-02	pocket_composition_ridge_S1	S1	RCSB-5O1E-9GT-KD	construct-004-a02c0b37ee39	4.481486060122113	4.975981083559358			0.6875	1.0
stratified_random_pair_5fold_non_headline	random-02	pocket_composition_ridge_S1	S1	RCSB-5O1C-9GZ-KD	construct-004-a02c0b37ee39	3.94692155651658	4.975981083559358			0.6046511627906976	1.0
stratified_random_pair_5fold_non_headline	random-02	pocket_composition_ridge_S1	S1	RCSB-6RQ1-KE5-KD	construct-005-6f4aa0a92e90	4.400116927926312	5.505865394747327			0.6923076923076923	1.0
stratified_random_pair_5fold_non_headline	random-02	pocket_structure_ridge_S1	S1	RCSB-4UGS-H36-KD	construct-001-c5158f5b655d	3.8961962790440428	4.87159655785584			0.6666666666666666	1.0
stratified_random_pair_5fold_non_headline	random-02	pocket_structure_ridge_S1	S1	RCSB-4UGL-S90-KD	construct-001-c5158f5b655d	4.206628751081045	4.87159655785584			0.55	1.0
stratified_random_pair_5fold_non_headline	random-02	pocket_structure_ridge_S1	S1	RCSB-4UGD-Q14-KD	construct-001-c5158f5b655d	4.421360790031928	4.87159655785584			0.7560975609756098	1.0
stratified_random_pair_5fold_non_headline	random-02	pocket_structure_ridge_S1	S1	RCSB-4UGO-1QF-KD	construct-001-c5158f5b655d	4.205511953340831	4.87159655785584			0.6538461538461539	1.0
stratified_random_pair_5fold_non_headline	random-02	pocket_structure_ridge_S1	S1	RCSB-5O55-9L5-KD	construct-002-cb5cf2af5e4a	4.698970004336019	5.004866131222496			0.2159090909090909	1.0
stratified_random_pair_5fold_non_headline	random-02	pocket_structure_ridge_S1	S1	RCSB-5O5A-9LN-KD	construct-002-cb5cf2af5e4a	4.769551078621726	5.004866131222496			0.2716049382716049	1.0
stratified_random_pair_5fold_non_headline	random-02	pocket_structure_ridge_S1	S1	RCSB-4O76-1M3-KD	construct-003-fbf3f5c695a3	6.910094888560602	6.155659384594181			0.6805555555555556	1.0
stratified_random_pair_5fold_non_headline	random-02	pocket_structure_ridge_S1	S1	RCSB-5D26-L28-KD	construct-003-fbf3f5c695a3	6.0915149811213505	6.155659384594181			0.609375	1.0
stratified_random_pair_5fold_non_headline	random-02	pocket_structure_ridge_S1	S1	RCSB-6Q3Y-HG5-KD	construct-003-fbf3f5c695a3	7.267606240177031	6.155659384594181			0.7625	1.0
stratified_random_pair_5fold_non_headline	random-02	pocket_structure_ridge_S1	S1	RCSB-5O1E-9GT-KD	construct-004-a02c0b37ee39	4.481486060122113	4.90693716437179			0.6875	1.0
stratified_random_pair_5fold_non_headline	random-02	pocket_structure_ridge_S1	S1	RCSB-5O1C-9GZ-KD	construct-004-a02c0b37ee39	3.94692155651658	4.90693716437179			0.6046511627906976	1.0
stratified_random_pair_5fold_non_headline	random-02	pocket_structure_ridge_S1	S1	RCSB-6RQ1-KE5-KD	construct-005-6f4aa0a92e90	4.400116927926312	5.539478082629799			0.6923076923076923	1.0
stratified_random_pair_5fold_non_headline	random-02	concat_ecfp_pocket_ridge_S1	S1	RCSB-4UGS-H36-KD	construct-001-c5158f5b655d	3.8961962790440428	4.275951862648744			0.6666666666666666	1.0
stratified_random_pair_5fold_non_headline	random-02	concat_ecfp_pocket_ridge_S1	S1	RCSB-4UGL-S90-KD	construct-001-c5158f5b655d	4.206628751081045	4.36098691083448			0.55	1.0
stratified_random_pair_5fold_non_headline	random-02	concat_ecfp_pocket_ridge_S1	S1	RCSB-4UGD-Q14-KD	construct-001-c5158f5b655d	4.421360790031928	4.861066358035561			0.7560975609756098	1.0
stratified_random_pair_5fold_non_headline	random-02	concat_ecfp_pocket_ridge_S1	S1	RCSB-4UGO-1QF-KD	construct-001-c5158f5b655d	4.205511953340831	4.034963045847473			0.6538461538461539	1.0
stratified_random_pair_5fold_non_headline	random-02	concat_ecfp_pocket_ridge_S1	S1	RCSB-5O55-9L5-KD	construct-002-cb5cf2af5e4a	4.698970004336019	5.612720480983996			0.2159090909090909	1.0
stratified_random_pair_5fold_non_headline	random-02	concat_ecfp_pocket_ridge_S1	S1	RCSB-5O5A-9LN-KD	construct-002-cb5cf2af5e4a	4.769551078621726	5.0780939515752115			0.2716049382716049	1.0
stratified_random_pair_5fold_non_headline	random-02	concat_ecfp_pocket_ridge_S1	S1	RCSB-4O76-1M3-KD	construct-003-fbf3f5c695a3	6.910094888560602	7.076061309023642			0.6805555555555556	1.0
stratified_random_pair_5fold_non_headline	random-02	concat_ecfp_pocket_ridge_S1	S1	RCSB-5D26-L28-KD	construct-003-fbf3f5c695a3	6.0915149811213505	5.784397987262018			0.609375	1.0
stratified_random_pair_5fold_non_headline	random-02	concat_ecfp_pocket_ridge_S1	S1	RCSB-6Q3Y-HG5-KD	construct-003-fbf3f5c695a3	7.267606240177031	7.015622964247258			0.7625	1.0
stratified_random_pair_5fold_non_headline	random-02	concat_ecfp_pocket_ridge_S1	S1	RCSB-5O1E-9GT-KD	construct-004-a02c0b37ee39	4.481486060122113	4.817931440365882			0.6875	1.0
stratified_random_pair_5fold_non_headline	random-02	concat_ecfp_pocket_ridge_S1	S1	RCSB-5O1C-9GZ-KD	construct-004-a02c0b37ee39	3.94692155651658	4.308890707546183			0.6046511627906976	1.0
stratified_random_pair_5fold_non_headline	random-02	concat_ecfp_pocket_ridge_S1	S1	RCSB-6RQ1-KE5-KD	construct-005-6f4aa0a92e90	4.400116927926312	5.51818880936444			0.6923076923076923	1.0
stratified_random_pair_5fold_non_headline	random-02	concat_gmolai_pocket_ridge_S1	S1	RCSB-4UGS-H36-KD	construct-001-c5158f5b655d	3.8961962790440428	4.3979812362266095			0.6666666666666666	1.0
stratified_random_pair_5fold_non_headline	random-02	concat_gmolai_pocket_ridge_S1	S1	RCSB-4UGL-S90-KD	construct-001-c5158f5b655d	4.206628751081045	4.6429140791822245			0.55	1.0
stratified_random_pair_5fold_non_headline	random-02	concat_gmolai_pocket_ridge_S1	S1	RCSB-4UGD-Q14-KD	construct-001-c5158f5b655d	4.421360790031928	5.244359743265554			0.7560975609756098	1.0
stratified_random_pair_5fold_non_headline	random-02	concat_gmolai_pocket_ridge_S1	S1	RCSB-4UGO-1QF-KD	construct-001-c5158f5b655d	4.205511953340831	4.320758209250188			0.6538461538461539	1.0
stratified_random_pair_5fold_non_headline	random-02	concat_gmolai_pocket_ridge_S1	S1	RCSB-5O55-9L5-KD	construct-002-cb5cf2af5e4a	4.698970004336019	5.367326748873588			0.2159090909090909	1.0
stratified_random_pair_5fold_non_headline	random-02	concat_gmolai_pocket_ridge_S1	S1	RCSB-5O5A-9LN-KD	construct-002-cb5cf2af5e4a	4.769551078621726	5.046742448467111			0.2716049382716049	1.0
stratified_random_pair_5fold_non_headline	random-02	concat_gmolai_pocket_ridge_S1	S1	RCSB-4O76-1M3-KD	construct-003-fbf3f5c695a3	6.910094888560602	6.715704124555697			0.6805555555555556	1.0
stratified_random_pair_5fold_non_headline	random-02	concat_gmolai_pocket_ridge_S1	S1	RCSB-5D26-L28-KD	construct-003-fbf3f5c695a3	6.0915149811213505	6.171475348155085			0.609375	1.0
stratified_random_pair_5fold_non_headline	random-02	concat_gmolai_pocket_ridge_S1	S1	RCSB-6Q3Y-HG5-KD	construct-003-fbf3f5c695a3	7.267606240177031	6.672033885032976			0.7625	1.0
stratified_random_pair_5fold_non_headline	random-02	concat_gmolai_pocket_ridge_S1	S1	RCSB-5O1E-9GT-KD	construct-004-a02c0b37ee39	4.481486060122113	4.614135586496975			0.6875	1.0
stratified_random_pair_5fold_non_headline	random-02	concat_gmolai_pocket_ridge_S1	S1	RCSB-5O1C-9GZ-KD	construct-004-a02c0b37ee39	3.94692155651658	4.467104449295477			0.6046511627906976	1.0
stratified_random_pair_5fold_non_headline	random-02	concat_gmolai_pocket_ridge_S1	S1	RCSB-6RQ1-KE5-KD	construct-005-6f4aa0a92e90	4.400116927926312	5.506381911633174			0.6923076923076923	1.0
stratified_random_pair_5fold_non_headline	random-02	negative_pocket_permuted_concat_gmolai_S0	S0_negative_control	RCSB-4UGS-H36-KD	construct-001-c5158f5b655d	3.8961962790440428	4.419787254926057			0.6666666666666666	1.0
stratified_random_pair_5fold_non_headline	random-02	negative_pocket_permuted_concat_gmolai_S0	S0_negative_control	RCSB-4UGL-S90-KD	construct-001-c5158f5b655d	4.206628751081045	4.644077106418493			0.55	1.0
stratified_random_pair_5fold_non_headline	random-02	negative_pocket_permuted_concat_gmolai_S0	S0_negative_control	RCSB-4UGD-Q14-KD	construct-001-c5158f5b655d	4.421360790031928	5.207872066614246			0.7560975609756098	1.0
stratified_random_pair_5fold_non_headline	random-02	negative_pocket_permuted_concat_gmolai_S0	S0_negative_control	RCSB-4UGO-1QF-KD	construct-001-c5158f5b655d	4.205511953340831	4.33066733441049			0.6538461538461539	1.0
stratified_random_pair_5fold_non_headline	random-02	negative_pocket_permuted_concat_gmolai_S0	S0_negative_control	RCSB-5O55-9L5-KD	construct-002-cb5cf2af5e4a	4.698970004336019	5.468700504258666			0.2159090909090909	1.0
stratified_random_pair_5fold_non_headline	random-02	negative_pocket_permuted_concat_gmolai_S0	S0_negative_control	RCSB-5O5A-9LN-KD	construct-002-cb5cf2af5e4a	4.769551078621726	5.132544753200408			0.2716049382716049	1.0
stratified_random_pair_5fold_non_headline	random-02	negative_pocket_permuted_concat_gmolai_S0	S0_negative_control	RCSB-4O76-1M3-KD	construct-003-fbf3f5c695a3	6.910094888560602	6.708460882560347			0.6805555555555556	1.0
stratified_random_pair_5fold_non_headline	random-02	negative_pocket_permuted_concat_gmolai_S0	S0_negative_control	RCSB-5D26-L28-KD	construct-003-fbf3f5c695a3	6.0915149811213505	6.081425113168809			0.609375	1.0
stratified_random_pair_5fold_non_headline	random-02	negative_pocket_permuted_concat_gmolai_S0	S0_negative_control	RCSB-6Q3Y-HG5-KD	construct-003-fbf3f5c695a3	7.267606240177031	6.629784965175052			0.7625	1.0
stratified_random_pair_5fold_non_headline	random-02	negative_pocket_permuted_concat_gmolai_S0	S0_negative_control	RCSB-5O1E-9GT-KD	construct-004-a02c0b37ee39	4.481486060122113	4.636930584280764			0.6875	1.0
stratified_random_pair_5fold_non_headline	random-02	negative_pocket_permuted_concat_gmolai_S0	S0_negative_control	RCSB-5O1C-9GZ-KD	construct-004-a02c0b37ee39	3.94692155651658	4.5201475099450015			0.6046511627906976	1.0
stratified_random_pair_5fold_non_headline	random-02	negative_pocket_permuted_concat_gmolai_S0	S0_negative_control	RCSB-6RQ1-KE5-KD	construct-005-6f4aa0a92e90	4.400116927926312	5.488861491853913			0.6923076923076923	1.0
stratified_random_pair_5fold_non_headline	random-02	additive_gmolai_pocket_equal_S0	S0	RCSB-4UGS-H36-KD	construct-001-c5158f5b655d	3.8961962790440428	4.54971163258141			0.6666666666666666	1.0
stratified_random_pair_5fold_non_headline	random-02	additive_gmolai_pocket_equal_S0	S0	RCSB-4UGL-S90-KD	construct-001-c5158f5b655d	4.206628751081045	4.794856678560129			0.55	1.0
stratified_random_pair_5fold_non_headline	random-02	additive_gmolai_pocket_equal_S0	S0	RCSB-4UGD-Q14-KD	construct-001-c5158f5b655d	4.421360790031928	5.101883286010954			0.7560975609756098	1.0
stratified_random_pair_5fold_non_headline	random-02	additive_gmolai_pocket_equal_S0	S0	RCSB-4UGO-1QF-KD	construct-001-c5158f5b655d	4.205511953340831	4.6846031202876635			0.6538461538461539	1.0
stratified_random_pair_5fold_non_headline	random-02	additive_gmolai_pocket_equal_S0	S0	RCSB-5O55-9L5-KD	construct-002-cb5cf2af5e4a	4.698970004336019	5.50573197909506			0.2159090909090909	1.0
stratified_random_pair_5fold_non_headline	random-02	additive_gmolai_pocket_equal_S0	S0	RCSB-5O5A-9LN-KD	construct-002-cb5cf2af5e4a	4.769551078621726	5.41022537512795			0.2716049382716049	1.0
stratified_random_pair_5fold_non_headline	random-02	additive_gmolai_pocket_equal_S0	S0	RCSB-4O76-1M3-KD	construct-003-fbf3f5c695a3	6.910094888560602	6.242215222586503			0.6805555555555556	1.0
stratified_random_pair_5fold_non_headline	random-02	additive_gmolai_pocket_equal_S0	S0	RCSB-5D26-L28-KD	construct-003-fbf3f5c695a3	6.0915149811213505	6.087298217177491			0.609375	1.0
stratified_random_pair_5fold_non_headline	random-02	additive_gmolai_pocket_equal_S0	S0	RCSB-6Q3Y-HG5-KD	construct-003-fbf3f5c695a3	7.267606240177031	6.328452272172074			0.7625	1.0
stratified_random_pair_5fold_non_headline	random-02	additive_gmolai_pocket_equal_S0	S0	RCSB-5O1E-9GT-KD	construct-004-a02c0b37ee39	4.481486060122113	4.779668791230504			0.6875	1.0
stratified_random_pair_5fold_non_headline	random-02	additive_gmolai_pocket_equal_S0	S0	RCSB-5O1C-9GZ-KD	construct-004-a02c0b37ee39	3.94692155651658	4.790494523850492			0.6046511627906976	1.0
stratified_random_pair_5fold_non_headline	random-02	additive_gmolai_pocket_equal_S0	S0	RCSB-6RQ1-KE5-KD	construct-005-6f4aa0a92e90	4.400116927926312	5.515421471345309			0.6923076923076923	1.0
stratified_random_pair_5fold_non_headline	random-02	additive_gmolai_pocket_equal_S1	S1	RCSB-4UGS-H36-KD	construct-001-c5158f5b655d	3.8961962790440428	4.5825529344725116			0.6666666666666666	1.0
stratified_random_pair_5fold_non_headline	random-02	additive_gmolai_pocket_equal_S1	S1	RCSB-4UGL-S90-KD	construct-001-c5158f5b655d	4.206628751081045	4.813673767782246			0.55	1.0
stratified_random_pair_5fold_non_headline	random-02	additive_gmolai_pocket_equal_S1	S1	RCSB-4UGD-Q14-KD	construct-001-c5158f5b655d	4.421360790031928	5.112079636257274			0.7560975609756098	1.0
stratified_random_pair_5fold_non_headline	random-02	additive_gmolai_pocket_equal_S1	S1	RCSB-4UGO-1QF-KD	construct-001-c5158f5b655d	4.205511953340831	4.694727768743369			0.6538461538461539	1.0
stratified_random_pair_5fold_non_headline	random-02	additive_gmolai_pocket_equal_S1	S1	RCSB-5O55-9L5-KD	construct-002-cb5cf2af5e4a	4.698970004336019	5.511537726940357			0.2159090909090909	1.0
stratified_random_pair_5fold_non_headline	random-02	additive_gmolai_pocket_equal_S1	S1	RCSB-5O5A-9LN-KD	construct-002-cb5cf2af5e4a	4.769551078621726	5.41636138849301			0.2716049382716049	1.0
stratified_random_pair_5fold_non_headline	random-02	additive_gmolai_pocket_equal_S1	S1	RCSB-4O76-1M3-KD	construct-003-fbf3f5c695a3	6.910094888560602	6.248856070784528			0.6805555555555556	1.0
stratified_random_pair_5fold_non_headline	random-02	additive_gmolai_pocket_equal_S1	S1	RCSB-5D26-L28-KD	construct-003-fbf3f5c695a3	6.0915149811213505	6.108018369899293			0.609375	1.0
stratified_random_pair_5fold_non_headline	random-02	additive_gmolai_pocket_equal_S1	S1	RCSB-6Q3Y-HG5-KD	construct-003-fbf3f5c695a3	7.267606240177031	6.3329673438334915			0.7625	1.0
stratified_random_pair_5fold_non_headline	random-02	additive_gmolai_pocket_equal_S1	S1	RCSB-5O1E-9GT-KD	construct-004-a02c0b37ee39	4.481486060122113	4.7548977689307605			0.6875	1.0
stratified_random_pair_5fold_non_headline	random-02	additive_gmolai_pocket_equal_S1	S1	RCSB-5O1C-9GZ-KD	construct-004-a02c0b37ee39	3.94692155651658	4.775139176622376			0.6046511627906976	1.0
stratified_random_pair_5fold_non_headline	random-02	additive_gmolai_pocket_equal_S1	S1	RCSB-6RQ1-KE5-KD	construct-005-6f4aa0a92e90	4.400116927926312	5.512967992802189			0.6923076923076923	1.0
stratified_random_pair_5fold_non_headline	random-02	ligand_ecfp_knn	ligand_only	RCSB-4UGS-H36-KD	construct-001-c5158f5b655d	3.8961962790440428	4.4171369089103925	RCSB-4UGM-1QE-KD	0.6666666666666666	0.6666666666666666	1.0
stratified_random_pair_5fold_non_headline	random-02	ligand_ecfp_knn	ligand_only	RCSB-4UGL-S90-KD	construct-001-c5158f5b655d	4.206628751081045	4.392935583762809	RCSB-4UGH-4V4-KD	0.55	0.55	1.0
stratified_random_pair_5fold_non_headline	random-02	ligand_ecfp_knn	ligand_only	RCSB-4UGD-Q14-KD	construct-001-c5158f5b655d	4.421360790031928	4.9602372697669646	RCSB-4UGC-1Q6-KD	0.7560975609756098	0.7560975609756098	1.0
stratified_random_pair_5fold_non_headline	random-02	ligand_ecfp_knn	ligand_only	RCSB-4UGO-1QF-KD	construct-001-c5158f5b655d	4.205511953340831	4.416406562215531	RCSB-4UGM-1QE-KD	0.6538461538461539	0.6538461538461539	1.0
stratified_random_pair_5fold_non_headline	random-02	ligand_ecfp_knn	ligand_only	RCSB-5O55-9L5-KD	construct-002-cb5cf2af5e4a	4.698970004336019	6.573893467590713	RCSB-6TPZ-NV2-KD	0.2159090909090909	0.2159090909090909	1.0
stratified_random_pair_5fold_non_headline	random-02	ligand_ecfp_knn	ligand_only	RCSB-5O5A-9LN-KD	construct-002-cb5cf2af5e4a	4.769551078621726	5.138979412603119	RCSB-5D3T-56Y-KD	0.2716049382716049	0.2716049382716049	1.0
stratified_random_pair_5fold_non_headline	random-02	ligand_ecfp_knn	ligand_only	RCSB-4O76-1M3-KD	construct-003-fbf3f5c695a3	6.910094888560602	6.743831371242832	RCSB-4PS5-2TA-KD	0.6805555555555556	0.6805555555555556	1.0
stratified_random_pair_5fold_non_headline	random-02	ligand_ecfp_knn	ligand_only	RCSB-5D26-L28-KD	construct-003-fbf3f5c695a3	6.0915149811213505	5.59596386367167	RCSB-5D3L-57F-KD	0.609375	0.609375	1.0
stratified_random_pair_5fold_non_headline	random-02	ligand_ecfp_knn	ligand_only	RCSB-6Q3Y-HG5-KD	construct-003-fbf3f5c695a3	7.267606240177031	7.290948890177233	RCSB-6Q3Z-HG8-KD	0.7625	0.7625	1.0
stratified_random_pair_5fold_non_headline	random-02	ligand_ecfp_knn	ligand_only	RCSB-5O1E-9GT-KD	construct-004-a02c0b37ee39	4.481486060122113	4.416336221394548	RCSB-5O1D-9GW-KD	0.6875	0.6875	1.0
stratified_random_pair_5fold_non_headline	random-02	ligand_ecfp_knn	ligand_only	RCSB-5O1C-9GZ-KD	construct-004-a02c0b37ee39	3.94692155651658	4.444188131232111	RCSB-5AOJ-Y0V-KD	0.6046511627906976	0.6046511627906976	1.0
stratified_random_pair_5fold_non_headline	random-02	ligand_ecfp_knn	ligand_only	RCSB-6RQ1-KE5-KD	construct-005-6f4aa0a92e90	4.400116927926312	5.27015943266595	RCSB-6RQ5-KEB-KD	0.6923076923076923	0.6923076923076923	1.0
stratified_random_pair_5fold_non_headline	random-02	ligand_gmolai_knn	ligand_only	RCSB-4UGS-H36-KD	construct-001-c5158f5b655d	3.8961962790440428	4.513015722198782	RCSB-4UGM-1QE-KD	0.8877037397503296	0.6666666666666666	1.0
stratified_random_pair_5fold_non_headline	random-02	ligand_gmolai_knn	ligand_only	RCSB-4UGL-S90-KD	construct-001-c5158f5b655d	4.206628751081045	4.659444454535534	RCSB-4UG9-1EW-KD	0.8087271969954203	0.55	1.0
stratified_random_pair_5fold_non_headline	random-02	ligand_gmolai_knn	ligand_only	RCSB-4UGD-Q14-KD	construct-001-c5158f5b655d	4.421360790031928	5.128639906872105	RCSB-4UGC-1Q6-KD	0.9792850817005871	0.7560975609756098	1.0
stratified_random_pair_5fold_non_headline	random-02	ligand_gmolai_knn	ligand_only	RCSB-4UGO-1QF-KD	construct-001-c5158f5b655d	4.205511953340831	4.5135322180239505	RCSB-4UGM-1QE-KD	0.9629921820394829	0.6538461538461539	1.0
stratified_random_pair_5fold_non_headline	random-02	ligand_gmolai_knn	ligand_only	RCSB-5O55-9L5-KD	construct-002-cb5cf2af5e4a	4.698970004336019	5.997575290957704	RCSB-5EGU-5NQ-KD	0.6797614928947942	0.2159090909090909	1.0
stratified_random_pair_5fold_non_headline	random-02	ligand_gmolai_knn	ligand_only	RCSB-5O5A-9LN-KD	construct-002-cb5cf2af5e4a	4.769551078621726	6.163964952057374	RCSB-7MRA-ZMJ-KD	0.7808348501426313	0.2716049382716049	1.0
stratified_random_pair_5fold_non_headline	random-02	ligand_gmolai_knn	ligand_only	RCSB-4O76-1M3-KD	construct-003-fbf3f5c695a3	6.910094888560602	6.378446841252342	RCSB-4PS5-2TA-KD	0.8968779713379273	0.6805555555555556	1.0
stratified_random_pair_5fold_non_headline	random-02	ligand_gmolai_knn	ligand_only	RCSB-5D26-L28-KD	construct-003-fbf3f5c695a3	6.0915149811213505	5.432613649058654	RCSB-5D3L-57F-KD	0.9291343186449423	0.609375	1.0
stratified_random_pair_5fold_non_headline	random-02	ligand_gmolai_knn	ligand_only	RCSB-6Q3Y-HG5-KD	construct-003-fbf3f5c695a3	7.267606240177031	6.899973696394249	RCSB-6Q3Z-HG8-KD	0.8824537364088686	0.7625	1.0
stratified_random_pair_5fold_non_headline	random-02	ligand_gmolai_knn	ligand_only	RCSB-5O1E-9GT-KD	construct-004-a02c0b37ee39	4.481486060122113	4.726760360350389	RCSB-5O1D-9GW-KD	0.9437689319603574	0.6875	1.0
stratified_random_pair_5fold_non_headline	random-02	ligand_gmolai_knn	ligand_only	RCSB-5O1C-9GZ-KD	construct-004-a02c0b37ee39	3.94692155651658	4.484560923398664	RCSB-5AOJ-Y0V-KD	0.8680527790537809	0.6046511627906976	1.0
stratified_random_pair_5fold_non_headline	random-02	ligand_gmolai_knn	ligand_only	RCSB-6RQ1-KE5-KD	construct-005-6f4aa0a92e90	4.400116927926312	5.24636602542554	RCSB-6RQ0-KE2-KD	0.9981857699520998	0.6923076923076923	1.0
stratified_random_pair_5fold_non_headline	random-02	protein_sequence_identity_knn	sequence_only	RCSB-4UGS-H36-KD	construct-001-c5158f5b655d	3.8961962790440428	5.4066632325944495	RCSB-4UG5-XFK-KD	1.0	0.6666666666666666	1.0
stratified_random_pair_5fold_non_headline	random-02	protein_sequence_identity_knn	sequence_only	RCSB-4UGL-S90-KD	construct-001-c5158f5b655d	4.206628751081045	5.4066632325944495	RCSB-4UG5-XFK-KD	1.0	0.55	1.0
stratified_random_pair_5fold_non_headline	random-02	protein_sequence_identity_knn	sequence_only	RCSB-4UGD-Q14-KD	construct-001-c5158f5b655d	4.421360790031928	5.4066632325944495	RCSB-4UG5-XFK-KD	1.0	0.7560975609756098	1.0
stratified_random_pair_5fold_non_headline	random-02	protein_sequence_identity_knn	sequence_only	RCSB-4UGO-1QF-KD	construct-001-c5158f5b655d	4.205511953340831	5.4066632325944495	RCSB-4UG5-XFK-KD	1.0	0.6538461538461539	1.0
stratified_random_pair_5fold_non_headline	random-02	protein_sequence_identity_knn	sequence_only	RCSB-5O55-9L5-KD	construct-002-cb5cf2af5e4a	4.698970004336019	4.2812260165177625	RCSB-5C85-4YO-KD	1.0	0.2159090909090909	1.0
stratified_random_pair_5fold_non_headline	random-02	protein_sequence_identity_knn	sequence_only	RCSB-5O5A-9LN-KD	construct-002-cb5cf2af5e4a	4.769551078621726	4.2812260165177625	RCSB-5C85-4YO-KD	1.0	0.2716049382716049	1.0
stratified_random_pair_5fold_non_headline	random-02	protein_sequence_identity_knn	sequence_only	RCSB-4O76-1M3-KD	construct-003-fbf3f5c695a3	6.910094888560602	5.920497411251503	RCSB-4PS5-2TA-KD	1.0	0.6805555555555556	1.0
stratified_random_pair_5fold_non_headline	random-02	protein_sequence_identity_knn	sequence_only	RCSB-5D26-L28-KD	construct-003-fbf3f5c695a3	6.0915149811213505	5.920497411251503	RCSB-4PS5-2TA-KD	1.0	0.609375	1.0
stratified_random_pair_5fold_non_headline	random-02	protein_sequence_identity_knn	sequence_only	RCSB-6Q3Y-HG5-KD	construct-003-fbf3f5c695a3	7.267606240177031	5.920497411251503	RCSB-4PS5-2TA-KD	1.0	0.7625	1.0
stratified_random_pair_5fold_non_headline	random-02	protein_sequence_identity_knn	sequence_only	RCSB-5O1E-9GT-KD	construct-004-a02c0b37ee39	4.481486060122113	4.792250236534033	RCSB-4AGQ-P96-KD	1.0	0.6875	1.0
stratified_random_pair_5fold_non_headline	random-02	protein_sequence_identity_knn	sequence_only	RCSB-5O1C-9GZ-KD	construct-004-a02c0b37ee39	3.94692155651658	4.792250236534033	RCSB-4AGQ-P96-KD	1.0	0.6046511627906976	1.0
stratified_random_pair_5fold_non_headline	random-02	protein_sequence_identity_knn	sequence_only	RCSB-6RQ1-KE5-KD	construct-005-6f4aa0a92e90	4.400116927926312	5.224140132633579	RCSB-6RQ0-KE2-KD	1.0	0.6923076923076923	1.0
stratified_random_pair_5fold_non_headline	random-02	pocket_structure_knn_S0	S0	RCSB-4UGS-H36-KD	construct-001-c5158f5b655d	3.8961962790440428	4.153428346328429	RCSB-4UGA-Q05-KD	0.9926149832032525	0.6666666666666666	1.0
stratified_random_pair_5fold_non_headline	random-02	pocket_structure_knn_S0	S0	RCSB-4UGL-S90-KD	construct-001-c5158f5b655d	4.206628751081045	5.350690208488297	RCSB-4UGN-H49-KD	0.9594737314089117	0.55	1.0
stratified_random_pair_5fold_non_headline	random-02	pocket_structure_knn_S0	S0	RCSB-4UGD-Q14-KD	construct-001-c5158f5b655d	4.421360790031928	5.393612298897331	RCSB-4UG8-HW1-KD	0.9427868520380828	0.7560975609756098	1.0
stratified_random_pair_5fold_non_headline	random-02	pocket_structure_knn_S0	S0	RCSB-4UGO-1QF-KD	construct-001-c5158f5b655d	4.205511953340831	5.392118842564666	RCSB-4UG8-HW1-KD	0.9511507127015053	0.6538461538461539	1.0
stratified_random_pair_5fold_non_headline	random-02	pocket_structure_knn_S0	S0	RCSB-5O55-9L5-KD	construct-002-cb5cf2af5e4a	4.698970004336019	5.803573921561304	RCSB-5MYG-LS8-KD	0.7628151487489929	0.2159090909090909	1.0
stratified_random_pair_5fold_non_headline	random-02	pocket_structure_knn_S0	S0	RCSB-5O5A-9LN-KD	construct-002-cb5cf2af5e4a	4.769551078621726	4.136188307982655	RCSB-5EWH-5SG-KD	0.876091801485777	0.2716049382716049	1.0
stratified_random_pair_5fold_non_headline	random-02	pocket_structure_knn_S0	S0	RCSB-4O76-1M3-KD	construct-003-fbf3f5c695a3	6.910094888560602	7.077944786801129	RCSB-7MRA-ZMJ-KD	0.8025509525738176	0.6805555555555556	1.0
stratified_random_pair_5fold_non_headline	random-02	pocket_structure_knn_S0	S0	RCSB-5D26-L28-KD	construct-003-fbf3f5c695a3	6.0915149811213505	6.096942010420908	RCSB-7MR9-ZMM-KD	0.900029946844177	0.609375	1.0
stratified_random_pair_5fold_non_headline	random-02	pocket_structure_knn_S0	S0	RCSB-6Q3Y-HG5-KD	construct-003-fbf3f5c695a3	7.267606240177031	7.0852174674005015	RCSB-6Q3Z-HG8-KD	0.7979502869691172	0.7625	1.0
stratified_random_pair_5fold_non_headline	random-02	pocket_structure_knn_S0	S0	RCSB-5O1E-9GT-KD	construct-004-a02c0b37ee39	4.481486060122113	4.493575367011794	RCSB-5AOJ-Y0V-KD	0.9829688369589874	0.6875	1.0
stratified_random_pair_5fold_non_headline	random-02	pocket_structure_knn_S0	S0	RCSB-5O1C-9GZ-KD	construct-004-a02c0b37ee39	3.94692155651658	4.4299980149891685	RCSB-5O1G-9GK-KD	0.980114452330977	0.6046511627906976	1.0
stratified_random_pair_5fold_non_headline	random-02	pocket_structure_knn_S0	S0	RCSB-6RQ1-KE5-KD	construct-005-6f4aa0a92e90	4.400116927926312	5.80275101086703	RCSB-6RQ8-KEH-KD	0.9177677274679454	0.6923076923076923	1.0
stratified_random_pair_5fold_non_headline	random-02	two_sided_ecfp_pocket_knn_S0	S0	RCSB-4UGS-H36-KD	construct-001-c5158f5b655d	3.8961962790440428	4.467072116148635	RCSB-4UGM-1QE-KD	0.7946007619596854	0.6666666666666666	1.0
stratified_random_pair_5fold_non_headline	random-02	two_sided_ecfp_pocket_knn_S0	S0	RCSB-4UGL-S90-KD	construct-001-c5158f5b655d	4.206628751081045	4.405948270330569	RCSB-4UGY-EXI-KD	0.681522007459332	0.55	1.0
stratified_random_pair_5fold_non_headline	random-02	two_sided_ecfp_pocket_knn_S0	S0	RCSB-4UGD-Q14-KD	construct-001-c5158f5b655d	4.421360790031928	5.218058312140263	RCSB-4UGC-1Q6-KD	0.790215986392425	0.7560975609756098	1.0
stratified_random_pair_5fold_non_headline	random-02	two_sided_ecfp_pocket_knn_S0	S0	RCSB-4UGO-1QF-KD	construct-001-c5158f5b655d	4.205511953340831	4.518559275097419	RCSB-4UGM-1QE-KD	0.7427559971357164	0.6538461538461539	1.0
stratified_random_pair_5fold_non_headline	random-02	two_sided_ecfp_pocket_knn_S0	S0	RCSB-5O55-9L5-KD	construct-002-cb5cf2af5e4a	4.698970004336019	5.781627702476625	RCSB-5MYG-LS8-KD	0.3585587133409975	0.2159090909090909	1.0
stratified_random_pair_5fold_non_headline	random-02	two_sided_ecfp_pocket_knn_S0	S0	RCSB-5O5A-9LN-KD	construct-002-cb5cf2af5e4a	4.769551078621726	4.686087473280499	RCSB-5D7X-XZ8-KD	0.39071887424968793	0.2716049382716049	1.0
stratified_random_pair_5fold_non_headline	random-02	two_sided_ecfp_pocket_knn_S0	S0	RCSB-4O76-1M3-KD	construct-003-fbf3f5c695a3	6.910094888560602	7.162205708295701	RCSB-4PS5-2TA-KD	0.7297239275051193	0.6805555555555556	1.0
stratified_random_pair_5fold_non_headline	random-02	two_sided_ecfp_pocket_knn_S0	S0	RCSB-5D26-L28-KD	construct-003-fbf3f5c695a3	6.0915149811213505	5.491298541104849	RCSB-5D3L-57F-KD	0.7343270967286591	0.609375	1.0
stratified_random_pair_5fold_non_headline	random-02	two_sided_ecfp_pocket_knn_S0	S0	RCSB-6Q3Y-HG5-KD	construct-003-fbf3f5c695a3	7.267606240177031	7.166471756745561	RCSB-6Q3Z-HG8-KD	0.7800237777234434	0.7625	1.0
stratified_random_pair_5fold_non_headline	random-02	two_sided_ecfp_pocket_knn_S0	S0	RCSB-5O1E-9GT-KD	construct-004-a02c0b37ee39	4.481486060122113	4.420354388927449	RCSB-5O1D-9GW-KD	0.8012511961159675	0.6875	1.0
stratified_random_pair_5fold_non_headline	random-02	two_sided_ecfp_pocket_knn_S0	S0	RCSB-5O1C-9GZ-KD	construct-004-a02c0b37ee39	3.94692155651658	4.483127379441347	RCSB-5AOJ-Y0V-KD	0.7581799640271819	0.6046511627906976	1.0
stratified_random_pair_5fold_non_headline	random-02	two_sided_ecfp_pocket_knn_S0	S0	RCSB-6RQ1-KE5-KD	construct-005-6f4aa0a92e90	4.400116927926312	5.740572276500531	RCSB-6RQ0-KE2-KD	0.7807114681192239	0.6923076923076923	1.0
stratified_random_pair_5fold_non_headline	random-02	pocket_structure_knn_S1	S1	RCSB-4UGS-H36-KD	construct-001-c5158f5b655d	3.8961962790440428	5.4066632325944495	RCSB-4UG5-XFK-KD	1.0	0.6666666666666666	1.0
stratified_random_pair_5fold_non_headline	random-02	pocket_structure_knn_S1	S1	RCSB-4UGL-S90-KD	construct-001-c5158f5b655d	4.206628751081045	5.4066632325944495	RCSB-4UG5-XFK-KD	1.0	0.55	1.0
stratified_random_pair_5fold_non_headline	random-02	pocket_structure_knn_S1	S1	RCSB-4UGD-Q14-KD	construct-001-c5158f5b655d	4.421360790031928	5.4066632325944495	RCSB-4UG5-XFK-KD	1.0	0.7560975609756098	1.0
stratified_random_pair_5fold_non_headline	random-02	pocket_structure_knn_S1	S1	RCSB-4UGO-1QF-KD	construct-001-c5158f5b655d	4.205511953340831	5.4066632325944495	RCSB-4UG5-XFK-KD	1.0	0.6538461538461539	1.0
stratified_random_pair_5fold_non_headline	random-02	pocket_structure_knn_S1	S1	RCSB-5O55-9L5-KD	construct-002-cb5cf2af5e4a	4.698970004336019	4.2812260165177625	RCSB-5C85-4YO-KD	1.0	0.2159090909090909	1.0
stratified_random_pair_5fold_non_headline	random-02	pocket_structure_knn_S1	S1	RCSB-5O5A-9LN-KD	construct-002-cb5cf2af5e4a	4.769551078621726	4.2812260165177625	RCSB-5C85-4YO-KD	1.0	0.2716049382716049	1.0
stratified_random_pair_5fold_non_headline	random-02	pocket_structure_knn_S1	S1	RCSB-4O76-1M3-KD	construct-003-fbf3f5c695a3	6.910094888560602	5.920497411251503	RCSB-4PS5-2TA-KD	1.0	0.6805555555555556	1.0
stratified_random_pair_5fold_non_headline	random-02	pocket_structure_knn_S1	S1	RCSB-5D26-L28-KD	construct-003-fbf3f5c695a3	6.0915149811213505	5.920497411251503	RCSB-4PS5-2TA-KD	1.0	0.609375	1.0
stratified_random_pair_5fold_non_headline	random-02	pocket_structure_knn_S1	S1	RCSB-6Q3Y-HG5-KD	construct-003-fbf3f5c695a3	7.267606240177031	5.920497411251503	RCSB-4PS5-2TA-KD	1.0	0.7625	1.0
stratified_random_pair_5fold_non_headline	random-02	pocket_structure_knn_S1	S1	RCSB-5O1E-9GT-KD	construct-004-a02c0b37ee39	4.481486060122113	4.792250236534033	RCSB-4AGQ-P96-KD	1.0	0.6875	1.0
stratified_random_pair_5fold_non_headline	random-02	pocket_structure_knn_S1	S1	RCSB-5O1C-9GZ-KD	construct-004-a02c0b37ee39	3.94692155651658	4.792250236534033	RCSB-4AGQ-P96-KD	1.0	0.6046511627906976	1.0
stratified_random_pair_5fold_non_headline	random-02	pocket_structure_knn_S1	S1	RCSB-6RQ1-KE5-KD	construct-005-6f4aa0a92e90	4.400116927926312	5.224140132633579	RCSB-6RQ0-KE2-KD	1.0	0.6923076923076923	1.0
stratified_random_pair_5fold_non_headline	random-02	two_sided_ecfp_pocket_knn_S1	S1	RCSB-4UGS-H36-KD	construct-001-c5158f5b655d	3.8961962790440428	4.496322944176281	RCSB-4UGM-1QE-KD	0.816496580927726	0.6666666666666666	1.0
stratified_random_pair_5fold_non_headline	random-02	two_sided_ecfp_pocket_knn_S1	S1	RCSB-4UGL-S90-KD	construct-001-c5158f5b655d	4.206628751081045	4.408312866443364	RCSB-4UGH-4V4-KD	0.7416198487095663	0.55	1.0
stratified_random_pair_5fold_non_headline	random-02	two_sided_ecfp_pocket_knn_S1	S1	RCSB-4UGD-Q14-KD	construct-001-c5158f5b655d	4.421360790031928	5.0879728878761	RCSB-4UGC-1Q6-KD	0.8695387058524823	0.7560975609756098	1.0
stratified_random_pair_5fold_non_headline	random-02	two_sided_ecfp_pocket_knn_S1	S1	RCSB-4UGO-1QF-KD	construct-001-c5158f5b655d	4.205511953340831	4.496052296828667	RCSB-4UGM-1QE-KD	0.8086075400626399	0.6538461538461539	1.0
stratified_random_pair_5fold_non_headline	random-02	two_sided_ecfp_pocket_knn_S1	S1	RCSB-5O55-9L5-KD	construct-002-cb5cf2af5e4a	4.698970004336019	5.726125349010463	RCSB-5OV8-AXN-KD	0.42008402520840293	0.2159090909090909	1.0
stratified_random_pair_5fold_non_headline	random-02	two_sided_ecfp_pocket_knn_S1	S1	RCSB-5O5A-9LN-KD	construct-002-cb5cf2af5e4a	4.769551078621726	4.681049503255116	RCSB-5D7X-XZ8-KD	0.4413674147523748	0.2716049382716049	1.0
stratified_random_pair_5fold_non_headline	random-02	two_sided_ecfp_pocket_knn_S1	S1	RCSB-4O76-1M3-KD	construct-003-fbf3f5c695a3	6.910094888560602	7.176271125593181	RCSB-4PS5-2TA-KD	0.8249579113843054	0.6805555555555556	1.0
stratified_random_pair_5fold_non_headline	random-02	two_sided_ecfp_pocket_knn_S1	S1	RCSB-5D26-L28-KD	construct-003-fbf3f5c695a3	6.0915149811213505	5.447685870089725	RCSB-5D3L-57F-KD	0.7806247497997998	0.609375	1.0
stratified_random_pair_5fold_non_headline	random-02	two_sided_ecfp_pocket_knn_S1	S1	RCSB-6Q3Y-HG5-KD	construct-003-fbf3f5c695a3	7.267606240177031	7.1575753618032385	RCSB-6Q3Z-HG8-KD	0.873212459828649	0.7625	1.0
stratified_random_pair_5fold_non_headline	random-02	two_sided_ecfp_pocket_knn_S1	S1	RCSB-5O1E-9GT-KD	construct-004-a02c0b37ee39	4.481486060122113	4.419373307721864	RCSB-5O1D-9GW-KD	0.82915619758885	0.6875	1.0
stratified_random_pair_5fold_non_headline	random-02	two_sided_ecfp_pocket_knn_S1	S1	RCSB-5O1C-9GZ-KD	construct-004-a02c0b37ee39	3.94692155651658	4.433146098335884	RCSB-5AOJ-Y0V-KD	0.777593185920953	0.6046511627906976	1.0
stratified_random_pair_5fold_non_headline	random-02	two_sided_ecfp_pocket_knn_S1	S1	RCSB-6RQ1-KE5-KD	construct-005-6f4aa0a92e90	4.400116927926312	5.262809974571641	RCSB-6RQ5-KEB-KD	0.8320502943378437	0.6923076923076923	1.0
stratified_random_pair_5fold_non_headline	random-03	global_train_mean	no_input	RCSB-4UGR-6E5-KD	construct-001-c5158f5b655d	4.958607314841775	5.225290390243583			0.49206349206349204	1.0
stratified_random_pair_5fold_non_headline	random-03	global_train_mean	no_input	RCSB-4UG8-HW1-KD	construct-001-c5158f5b655d	6.346787486224656	5.225290390243583			0.38461538461538464	1.0
stratified_random_pair_5fold_non_headline	random-03	global_train_mean	no_input	RCSB-4UGM-1QE-KD	construct-001-c5158f5b655d	4.00436480540245	5.225290390243583			0.6666666666666666	1.0
stratified_random_pair_5fold_non_headline	random-03	global_train_mean	no_input	RCSB-4UG9-1EW-KD	construct-001-c5158f5b655d	5.064996848546345	5.225290390243583			0.5227272727272727	1.0
stratified_random_pair_5fold_non_headline	random-03	global_train_mean	no_input	RCSB-5EWH-5SG-KD	construct-002-cb5cf2af5e4a	3.769551078621726	5.225290390243583			0.2	1.0
stratified_random_pair_5fold_non_headline	random-03	global_train_mean	no_input	RCSB-5EPR-5QY-KD	construct-002-cb5cf2af5e4a	4.040958607678906	5.225290390243583			0.2894736842105263	1.0
stratified_random_pair_5fold_non_headline	random-03	global_train_mean	no_input	RCSB-7MRA-ZMJ-KD	construct-003-fbf3f5c695a3	7.086186147616283	5.225290390243583			0.4727272727272727	1.0
stratified_random_pair_5fold_non_headline	random-03	global_train_mean	no_input	RCSB-6Q3Z-HG8-KD	construct-003-fbf3f5c695a3	7.356547323513812	5.225290390243583			0.7625	1.0
stratified_random_pair_5fold_non_headline	random-03	global_train_mean	no_input	RCSB-5EIS-5OU-KD	construct-003-fbf3f5c695a3	5.7447274948966935	5.225290390243583			0.5142857142857142	1.0
stratified_random_pair_5fold_non_headline	random-03	global_train_mean	no_input	RCSB-5O1I-9GH-KD	construct-004-a02c0b37ee39	5.3979400086720375	5.225290390243583			0.3870967741935484	1.0
stratified_random_pair_5fold_non_headline	random-03	global_train_mean	no_input	RCSB-5O1B-9H2-KD	construct-004-a02c0b37ee39	4.698970004336019	5.225290390243583			0.5526315789473685	1.0
stratified_random_pair_5fold_non_headline	random-03	global_train_mean	no_input	RCSB-6RQ6-R2H-KD	construct-005-6f4aa0a92e90	4.892790030352131	5.225290390243583			0.6923076923076923	1.0
stratified_random_pair_5fold_non_headline	random-03	target_mean_or_global_fallback	target_identity	RCSB-4UGR-6E5-KD	construct-001-c5158f5b655d	4.958607314841775	4.542219126451192			0.49206349206349204	1.0
stratified_random_pair_5fold_non_headline	random-03	target_mean_or_global_fallback	target_identity	RCSB-4UG8-HW1-KD	construct-001-c5158f5b655d	6.346787486224656	4.542219126451192			0.38461538461538464	1.0
stratified_random_pair_5fold_non_headline	random-03	target_mean_or_global_fallback	target_identity	RCSB-4UGM-1QE-KD	construct-001-c5158f5b655d	4.00436480540245	4.542219126451192			0.6666666666666666	1.0
stratified_random_pair_5fold_non_headline	random-03	target_mean_or_global_fallback	target_identity	RCSB-4UG9-1EW-KD	construct-001-c5158f5b655d	5.064996848546345	4.542219126451192			0.5227272727272727	1.0
stratified_random_pair_5fold_non_headline	random-03	target_mean_or_global_fallback	target_identity	RCSB-5EWH-5SG-KD	construct-002-cb5cf2af5e4a	3.769551078621726	5.068360340075713			0.2	1.0
stratified_random_pair_5fold_non_headline	random-03	target_mean_or_global_fallback	target_identity	RCSB-5EPR-5QY-KD	construct-002-cb5cf2af5e4a	4.040958607678906	5.068360340075713			0.2894736842105263	1.0
stratified_random_pair_5fold_non_headline	random-03	target_mean_or_global_fallback	target_identity	RCSB-7MRA-ZMJ-KD	construct-003-fbf3f5c695a3	7.086186147616283	6.4107644211906605			0.4727272727272727	1.0
stratified_random_pair_5fold_non_headline	random-03	target_mean_or_global_fallback	target_identity	RCSB-6Q3Z-HG8-KD	construct-003-fbf3f5c695a3	7.356547323513812	6.4107644211906605			0.7625	1.0
stratified_random_pair_5fold_non_headline	random-03	target_mean_or_global_fallback	target_identity	RCSB-5EIS-5OU-KD	construct-003-fbf3f5c695a3	5.7447274948966935	6.4107644211906605			0.5142857142857142	1.0
stratified_random_pair_5fold_non_headline	random-03	target_mean_or_global_fallback	target_identity	RCSB-5O1I-9GH-KD	construct-004-a02c0b37ee39	5.3979400086720375	4.507597088025344			0.3870967741935484	1.0
stratified_random_pair_5fold_non_headline	random-03	target_mean_or_global_fallback	target_identity	RCSB-5O1B-9H2-KD	construct-004-a02c0b37ee39	4.698970004336019	4.507597088025344			0.5526315789473685	1.0
stratified_random_pair_5fold_non_headline	random-03	target_mean_or_global_fallback	target_identity	RCSB-6RQ6-R2H-KD	construct-005-6f4aa0a92e90	4.892790030352131	5.553815262013808			0.6923076923076923	1.0
stratified_random_pair_5fold_non_headline	random-03	nuisance_ridge	metadata_only	RCSB-4UGR-6E5-KD	construct-001-c5158f5b655d	4.958607314841775	4.935565882741571			0.49206349206349204	1.0
stratified_random_pair_5fold_non_headline	random-03	nuisance_ridge	metadata_only	RCSB-4UG8-HW1-KD	construct-001-c5158f5b655d	6.346787486224656	4.9742189986285394			0.38461538461538464	1.0
stratified_random_pair_5fold_non_headline	random-03	nuisance_ridge	metadata_only	RCSB-4UGM-1QE-KD	construct-001-c5158f5b655d	4.00436480540245	4.935565882741571			0.6666666666666666	1.0
stratified_random_pair_5fold_non_headline	random-03	nuisance_ridge	metadata_only	RCSB-4UG9-1EW-KD	construct-001-c5158f5b655d	5.064996848546345	4.983212545394319			0.5227272727272727	1.0
stratified_random_pair_5fold_non_headline	random-03	nuisance_ridge	metadata_only	RCSB-5EWH-5SG-KD	construct-002-cb5cf2af5e4a	3.769551078621726	5.351651365998928			0.2	1.0
stratified_random_pair_5fold_non_headline	random-03	nuisance_ridge	metadata_only	RCSB-5EPR-5QY-KD	construct-002-cb5cf2af5e4a	4.040958607678906	5.3478243248220005			0.2894736842105263	1.0
stratified_random_pair_5fold_non_headline	random-03	nuisance_ridge	metadata_only	RCSB-7MRA-ZMJ-KD	construct-003-fbf3f5c695a3	7.086186147616283	5.671437162467582			0.4727272727272727	1.0
stratified_random_pair_5fold_non_headline	random-03	nuisance_ridge	metadata_only	RCSB-6Q3Z-HG8-KD	construct-003-fbf3f5c695a3	7.356547323513812	5.384455690180002			0.7625	1.0
stratified_random_pair_5fold_non_headline	random-03	nuisance_ridge	metadata_only	RCSB-5EIS-5OU-KD	construct-003-fbf3f5c695a3	5.7447274948966935	5.334750770861929			0.5142857142857142	1.0
stratified_random_pair_5fold_non_headline	random-03	nuisance_ridge	metadata_only	RCSB-5O1I-9GH-KD	construct-004-a02c0b37ee39	5.3979400086720375	5.320718396448432			0.3870967741935484	1.0
stratified_random_pair_5fold_non_headline	random-03	nuisance_ridge	metadata_only	RCSB-5O1B-9H2-KD	construct-004-a02c0b37ee39	4.698970004336019	5.314977834683041			0.5526315789473685	1.0
stratified_random_pair_5fold_non_headline	random-03	nuisance_ridge	metadata_only	RCSB-6RQ6-R2H-KD	construct-005-6f4aa0a92e90	4.892790030352131	5.252314713298755			0.6923076923076923	1.0
stratified_random_pair_5fold_non_headline	random-03	ligand_ecfp_ridge	ligand_only	RCSB-4UGR-6E5-KD	construct-001-c5158f5b655d	4.958607314841775	4.141346437776555			0.49206349206349204	1.0
stratified_random_pair_5fold_non_headline	random-03	ligand_ecfp_ridge	ligand_only	RCSB-4UG8-HW1-KD	construct-001-c5158f5b655d	6.346787486224656	5.191133450278299			0.38461538461538464	1.0
stratified_random_pair_5fold_non_headline	random-03	ligand_ecfp_ridge	ligand_only	RCSB-4UGM-1QE-KD	construct-001-c5158f5b655d	4.00436480540245	4.205691408550049			0.6666666666666666	1.0
stratified_random_pair_5fold_non_headline	random-03	ligand_ecfp_ridge	ligand_only	RCSB-4UG9-1EW-KD	construct-001-c5158f5b655d	5.064996848546345	5.0300554717921395			0.5227272727272727	1.0
stratified_random_pair_5fold_non_headline	random-03	ligand_ecfp_ridge	ligand_only	RCSB-5EWH-5SG-KD	construct-002-cb5cf2af5e4a	3.769551078621726	5.287340115174229			0.2	1.0
stratified_random_pair_5fold_non_headline	random-03	ligand_ecfp_ridge	ligand_only	RCSB-5EPR-5QY-KD	construct-002-cb5cf2af5e4a	4.040958607678906	4.959245139982057			0.2894736842105263	1.0
stratified_random_pair_5fold_non_headline	random-03	ligand_ecfp_ridge	ligand_only	RCSB-7MRA-ZMJ-KD	construct-003-fbf3f5c695a3	7.086186147616283	6.0327927574402604			0.4727272727272727	1.0
stratified_random_pair_5fold_non_headline	random-03	ligand_ecfp_ridge	ligand_only	RCSB-6Q3Z-HG8-KD	construct-003-fbf3f5c695a3	7.356547323513812	7.118876945896379			0.7625	1.0
stratified_random_pair_5fold_non_headline	random-03	ligand_ecfp_ridge	ligand_only	RCSB-5EIS-5OU-KD	construct-003-fbf3f5c695a3	5.7447274948966935	6.09396112100943			0.5142857142857142	1.0
stratified_random_pair_5fold_non_headline	random-03	ligand_ecfp_ridge	ligand_only	RCSB-5O1I-9GH-KD	construct-004-a02c0b37ee39	5.3979400086720375	4.7991051911865235			0.3870967741935484	1.0
stratified_random_pair_5fold_non_headline	random-03	ligand_ecfp_ridge	ligand_only	RCSB-5O1B-9H2-KD	construct-004-a02c0b37ee39	4.698970004336019	4.842213775865073			0.5526315789473685	1.0
stratified_random_pair_5fold_non_headline	random-03	ligand_ecfp_ridge	ligand_only	RCSB-6RQ6-R2H-KD	construct-005-6f4aa0a92e90	4.892790030352131	5.64598060711727			0.6923076923076923	1.0
stratified_random_pair_5fold_non_headline	random-03	ligand_gmolai_ridge	ligand_only	RCSB-4UGR-6E5-KD	construct-001-c5158f5b655d	4.958607314841775	5.038983981710068			0.49206349206349204	1.0
stratified_random_pair_5fold_non_headline	random-03	ligand_gmolai_ridge	ligand_only	RCSB-4UG8-HW1-KD	construct-001-c5158f5b655d	6.346787486224656	5.627471937124257			0.38461538461538464	1.0
stratified_random_pair_5fold_non_headline	random-03	ligand_gmolai_ridge	ligand_only	RCSB-4UGM-1QE-KD	construct-001-c5158f5b655d	4.00436480540245	4.100857506717927			0.6666666666666666	1.0
stratified_random_pair_5fold_non_headline	random-03	ligand_gmolai_ridge	ligand_only	RCSB-4UG9-1EW-KD	construct-001-c5158f5b655d	5.064996848546345	5.077375139880757			0.5227272727272727	1.0
stratified_random_pair_5fold_non_headline	random-03	ligand_gmolai_ridge	ligand_only	RCSB-5EWH-5SG-KD	construct-002-cb5cf2af5e4a	3.769551078621726	5.064639812916254			0.2	1.0
stratified_random_pair_5fold_non_headline	random-03	ligand_gmolai_ridge	ligand_only	RCSB-5EPR-5QY-KD	construct-002-cb5cf2af5e4a	4.040958607678906	4.2348863281080575			0.2894736842105263	1.0
stratified_random_pair_5fold_non_headline	random-03	ligand_gmolai_ridge	ligand_only	RCSB-7MRA-ZMJ-KD	construct-003-fbf3f5c695a3	7.086186147616283	5.961227445679624			0.4727272727272727	1.0
stratified_random_pair_5fold_non_headline	random-03	ligand_gmolai_ridge	ligand_only	RCSB-6Q3Z-HG8-KD	construct-003-fbf3f5c695a3	7.356547323513812	6.688811411870794			0.7625	1.0
stratified_random_pair_5fold_non_headline	random-03	ligand_gmolai_ridge	ligand_only	RCSB-5EIS-5OU-KD	construct-003-fbf3f5c695a3	5.7447274948966935	5.039024538299911			0.5142857142857142	1.0
stratified_random_pair_5fold_non_headline	random-03	ligand_gmolai_ridge	ligand_only	RCSB-5O1I-9GH-KD	construct-004-a02c0b37ee39	5.3979400086720375	5.417835262582461			0.3870967741935484	1.0
stratified_random_pair_5fold_non_headline	random-03	ligand_gmolai_ridge	ligand_only	RCSB-5O1B-9H2-KD	construct-004-a02c0b37ee39	4.698970004336019	4.791184744519292			0.5526315789473685	1.0
stratified_random_pair_5fold_non_headline	random-03	ligand_gmolai_ridge	ligand_only	RCSB-6RQ6-R2H-KD	construct-005-6f4aa0a92e90	4.892790030352131	5.022293630228023			0.6923076923076923	1.0
stratified_random_pair_5fold_non_headline	random-03	protein_sequence_ridge	sequence_only	RCSB-4UGR-6E5-KD	construct-001-c5158f5b655d	4.958607314841775	4.554605045873046			0.49206349206349204	1.0
stratified_random_pair_5fold_non_headline	random-03	protein_sequence_ridge	sequence_only	RCSB-4UG8-HW1-KD	construct-001-c5158f5b655d	6.346787486224656	4.554605045873046			0.38461538461538464	1.0
stratified_random_pair_5fold_non_headline	random-03	protein_sequence_ridge	sequence_only	RCSB-4UGM-1QE-KD	construct-001-c5158f5b655d	4.00436480540245	4.554605045873046			0.6666666666666666	1.0
stratified_random_pair_5fold_non_headline	random-03	protein_sequence_ridge	sequence_only	RCSB-4UG9-1EW-KD	construct-001-c5158f5b655d	5.064996848546345	4.554605045873046			0.5227272727272727	1.0
stratified_random_pair_5fold_non_headline	random-03	protein_sequence_ridge	sequence_only	RCSB-5EWH-5SG-KD	construct-002-cb5cf2af5e4a	3.769551078621726	5.07791574584362			0.2	1.0
stratified_random_pair_5fold_non_headline	random-03	protein_sequence_ridge	sequence_only	RCSB-5EPR-5QY-KD	construct-002-cb5cf2af5e4a	4.040958607678906	5.07791574584362			0.2894736842105263	1.0
stratified_random_pair_5fold_non_headline	random-03	protein_sequence_ridge	sequence_only	RCSB-7MRA-ZMJ-KD	construct-003-fbf3f5c695a3	7.086186147616283	6.389100174652031			0.4727272727272727	1.0
stratified_random_pair_5fold_non_headline	random-03	protein_sequence_ridge	sequence_only	RCSB-6Q3Z-HG8-KD	construct-003-fbf3f5c695a3	7.356547323513812	6.389100174652031			0.7625	1.0
stratified_random_pair_5fold_non_headline	random-03	protein_sequence_ridge	sequence_only	RCSB-5EIS-5OU-KD	construct-003-fbf3f5c695a3	5.7447274948966935	6.389100174652031			0.5142857142857142	1.0
stratified_random_pair_5fold_non_headline	random-03	protein_sequence_ridge	sequence_only	RCSB-5O1I-9GH-KD	construct-004-a02c0b37ee39	5.3979400086720375	4.524577483695656			0.3870967741935484	1.0
stratified_random_pair_5fold_non_headline	random-03	protein_sequence_ridge	sequence_only	RCSB-5O1B-9H2-KD	construct-004-a02c0b37ee39	4.698970004336019	4.524577483695656			0.5526315789473685	1.0
stratified_random_pair_5fold_non_headline	random-03	protein_sequence_ridge	sequence_only	RCSB-6RQ6-R2H-KD	construct-005-6f4aa0a92e90	4.892790030352131	5.536511855056712			0.6923076923076923	1.0
stratified_random_pair_5fold_non_headline	random-03	concat_ecfp_sequence_ridge	sequence_ligand	RCSB-4UGR-6E5-KD	construct-001-c5158f5b655d	4.958607314841775	4.146299096387786			0.49206349206349204	1.0
stratified_random_pair_5fold_non_headline	random-03	concat_ecfp_sequence_ridge	sequence_ligand	RCSB-4UG8-HW1-KD	construct-001-c5158f5b655d	6.346787486224656	5.021679066054358			0.38461538461538464	1.0
stratified_random_pair_5fold_non_headline	random-03	concat_ecfp_sequence_ridge	sequence_ligand	RCSB-4UGM-1QE-KD	construct-001-c5158f5b655d	4.00436480540245	4.193869766846717			0.6666666666666666	1.0
stratified_random_pair_5fold_non_headline	random-03	concat_ecfp_sequence_ridge	sequence_ligand	RCSB-4UG9-1EW-KD	construct-001-c5158f5b655d	5.064996848546345	4.92894436453177			0.5227272727272727	1.0
stratified_random_pair_5fold_non_headline	random-03	concat_ecfp_sequence_ridge	sequence_ligand	RCSB-5EWH-5SG-KD	construct-002-cb5cf2af5e4a	3.769551078621726	4.983598135390466			0.2	1.0
stratified_random_pair_5fold_non_headline	random-03	concat_ecfp_sequence_ridge	sequence_ligand	RCSB-5EPR-5QY-KD	construct-002-cb5cf2af5e4a	4.040958607678906	4.700119629616195			0.2894736842105263	1.0
stratified_random_pair_5fold_non_headline	random-03	concat_ecfp_sequence_ridge	sequence_ligand	RCSB-7MRA-ZMJ-KD	construct-003-fbf3f5c695a3	7.086186147616283	6.4696753911309335			0.4727272727272727	1.0
stratified_random_pair_5fold_non_headline	random-03	concat_ecfp_sequence_ridge	sequence_ligand	RCSB-6Q3Z-HG8-KD	construct-003-fbf3f5c695a3	7.356547323513812	7.182079570578412			0.7625	1.0
stratified_random_pair_5fold_non_headline	random-03	concat_ecfp_sequence_ridge	sequence_ligand	RCSB-5EIS-5OU-KD	construct-003-fbf3f5c695a3	5.7447274948966935	6.454496380799739			0.5142857142857142	1.0
stratified_random_pair_5fold_non_headline	random-03	concat_ecfp_sequence_ridge	sequence_ligand	RCSB-5O1I-9GH-KD	construct-004-a02c0b37ee39	5.3979400086720375	4.386277995036142			0.3870967741935484	1.0
stratified_random_pair_5fold_non_headline	random-03	concat_ecfp_sequence_ridge	sequence_ligand	RCSB-5O1B-9H2-KD	construct-004-a02c0b37ee39	4.698970004336019	4.657559789045301			0.5526315789473685	1.0
stratified_random_pair_5fold_non_headline	random-03	concat_ecfp_sequence_ridge	sequence_ligand	RCSB-6RQ6-R2H-KD	construct-005-6f4aa0a92e90	4.892790030352131	5.697409802348303			0.6923076923076923	1.0
stratified_random_pair_5fold_non_headline	random-03	pocket_composition_ridge_S0	S0	RCSB-4UGR-6E5-KD	construct-001-c5158f5b655d	4.958607314841775	4.716410483090073			0.49206349206349204	1.0
stratified_random_pair_5fold_non_headline	random-03	pocket_composition_ridge_S0	S0	RCSB-4UG8-HW1-KD	construct-001-c5158f5b655d	6.346787486224656	4.716410483090073			0.38461538461538464	1.0
stratified_random_pair_5fold_non_headline	random-03	pocket_composition_ridge_S0	S0	RCSB-4UGM-1QE-KD	construct-001-c5158f5b655d	4.00436480540245	4.716410483090073			0.6666666666666666	1.0
stratified_random_pair_5fold_non_headline	random-03	pocket_composition_ridge_S0	S0	RCSB-4UG9-1EW-KD	construct-001-c5158f5b655d	5.064996848546345	4.716410483090073			0.5227272727272727	1.0
stratified_random_pair_5fold_non_headline	random-03	pocket_composition_ridge_S0	S0	RCSB-5EWH-5SG-KD	construct-002-cb5cf2af5e4a	3.769551078621726	5.184564534589606			0.2	1.0
stratified_random_pair_5fold_non_headline	random-03	pocket_composition_ridge_S0	S0	RCSB-5EPR-5QY-KD	construct-002-cb5cf2af5e4a	4.040958607678906	5.184564534589606			0.2894736842105263	1.0
stratified_random_pair_5fold_non_headline	random-03	pocket_composition_ridge_S0	S0	RCSB-7MRA-ZMJ-KD	construct-003-fbf3f5c695a3	7.086186147616283	6.035965192619363			0.4727272727272727	1.0
stratified_random_pair_5fold_non_headline	random-03	pocket_composition_ridge_S0	S0	RCSB-6Q3Z-HG8-KD	construct-003-fbf3f5c695a3	7.356547323513812	6.035965192619363			0.7625	1.0
stratified_random_pair_5fold_non_headline	random-03	pocket_composition_ridge_S0	S0	RCSB-5EIS-5OU-KD	construct-003-fbf3f5c695a3	5.7447274948966935	6.035965192619363			0.5142857142857142	1.0
stratified_random_pair_5fold_non_headline	random-03	pocket_composition_ridge_S0	S0	RCSB-5O1I-9GH-KD	construct-004-a02c0b37ee39	5.3979400086720375	4.792136544545494			0.3870967741935484	1.0
stratified_random_pair_5fold_non_headline	random-03	pocket_composition_ridge_S0	S0	RCSB-5O1B-9H2-KD	construct-004-a02c0b37ee39	4.698970004336019	4.792136544545494			0.5526315789473685	1.0
stratified_random_pair_5fold_non_headline	random-03	pocket_composition_ridge_S0	S0	RCSB-6RQ6-R2H-KD	construct-005-6f4aa0a92e90	4.892790030352131	5.405716782230975			0.6923076923076923	1.0
stratified_random_pair_5fold_non_headline	random-03	pocket_structure_ridge_S0	S0	RCSB-4UGR-6E5-KD	construct-001-c5158f5b655d	4.958607314841775	4.647684708024362			0.49206349206349204	1.0
stratified_random_pair_5fold_non_headline	random-03	pocket_structure_ridge_S0	S0	RCSB-4UG8-HW1-KD	construct-001-c5158f5b655d	6.346787486224656	4.651529268481943			0.38461538461538464	1.0
stratified_random_pair_5fold_non_headline	random-03	pocket_structure_ridge_S0	S0	RCSB-4UGM-1QE-KD	construct-001-c5158f5b655d	4.00436480540245	4.612381414353595			0.6666666666666666	1.0
stratified_random_pair_5fold_non_headline	random-03	pocket_structure_ridge_S0	S0	RCSB-4UG9-1EW-KD	construct-001-c5158f5b655d	5.064996848546345	4.623720491804028			0.5227272727272727	1.0
stratified_random_pair_5fold_non_headline	random-03	pocket_structure_ridge_S0	S0	RCSB-5EWH-5SG-KD	construct-002-cb5cf2af5e4a	3.769551078621726	5.08892806936721			0.2	1.0
stratified_random_pair_5fold_non_headline	random-03	pocket_structure_ridge_S0	S0	RCSB-5EPR-5QY-KD	construct-002-cb5cf2af5e4a	4.040958607678906	5.106904405609995			0.2894736842105263	1.0
stratified_random_pair_5fold_non_headline	random-03	pocket_structure_ridge_S0	S0	RCSB-7MRA-ZMJ-KD	construct-003-fbf3f5c695a3	7.086186147616283	6.1472261136509605			0.4727272727272727	1.0
stratified_random_pair_5fold_non_headline	random-03	pocket_structure_ridge_S0	S0	RCSB-6Q3Z-HG8-KD	construct-003-fbf3f5c695a3	7.356547323513812	6.1865346116644835			0.7625	1.0
stratified_random_pair_5fold_non_headline	random-03	pocket_structure_ridge_S0	S0	RCSB-5EIS-5OU-KD	construct-003-fbf3f5c695a3	5.7447274948966935	6.191552825429113			0.5142857142857142	1.0
stratified_random_pair_5fold_non_headline	random-03	pocket_structure_ridge_S0	S0	RCSB-5O1I-9GH-KD	construct-004-a02c0b37ee39	5.3979400086720375	4.674324742109255			0.3870967741935484	1.0
stratified_random_pair_5fold_non_headline	random-03	pocket_structure_ridge_S0	S0	RCSB-5O1B-9H2-KD	construct-004-a02c0b37ee39	4.698970004336019	4.75253622135302			0.5526315789473685	1.0
stratified_random_pair_5fold_non_headline	random-03	pocket_structure_ridge_S0	S0	RCSB-6RQ6-R2H-KD	construct-005-6f4aa0a92e90	4.892790030352131	5.444354994001441			0.6923076923076923	1.0
stratified_random_pair_5fold_non_headline	random-03	concat_ecfp_pocket_ridge_S0	S0	RCSB-4UGR-6E5-KD	construct-001-c5158f5b655d	4.958607314841775	4.163371273114035			0.49206349206349204	1.0
stratified_random_pair_5fold_non_headline	random-03	concat_ecfp_pocket_ridge_S0	S0	RCSB-4UG8-HW1-KD	construct-001-c5158f5b655d	6.346787486224656	5.1297279305883325			0.38461538461538464	1.0
stratified_random_pair_5fold_non_headline	random-03	concat_ecfp_pocket_ridge_S0	S0	RCSB-4UGM-1QE-KD	construct-001-c5158f5b655d	4.00436480540245	4.19167558290502			0.6666666666666666	1.0
stratified_random_pair_5fold_non_headline	random-03	concat_ecfp_pocket_ridge_S0	S0	RCSB-4UG9-1EW-KD	construct-001-c5158f5b655d	5.064996848546345	4.973141732159053			0.5227272727272727	1.0
stratified_random_pair_5fold_non_headline	random-03	concat_ecfp_pocket_ridge_S0	S0	RCSB-5EWH-5SG-KD	construct-002-cb5cf2af5e4a	3.769551078621726	5.1212188880631695			0.2	1.0
stratified_random_pair_5fold_non_headline	random-03	concat_ecfp_pocket_ridge_S0	S0	RCSB-5EPR-5QY-KD	construct-002-cb5cf2af5e4a	4.040958607678906	4.839957455111728			0.2894736842105263	1.0
stratified_random_pair_5fold_non_headline	random-03	concat_ecfp_pocket_ridge_S0	S0	RCSB-7MRA-ZMJ-KD	construct-003-fbf3f5c695a3	7.086186147616283	6.157112877459115			0.4727272727272727	1.0
stratified_random_pair_5fold_non_headline	random-03	concat_ecfp_pocket_ridge_S0	S0	RCSB-6Q3Z-HG8-KD	construct-003-fbf3f5c695a3	7.356547323513812	7.138894442336029			0.7625	1.0
stratified_random_pair_5fold_non_headline	random-03	concat_ecfp_pocket_ridge_S0	S0	RCSB-5EIS-5OU-KD	construct-003-fbf3f5c695a3	5.7447274948966935	6.208406363562254			0.5142857142857142	1.0
stratified_random_pair_5fold_non_headline	random-03	concat_ecfp_pocket_ridge_S0	S0	RCSB-5O1I-9GH-KD	construct-004-a02c0b37ee39	5.3979400086720375	4.665750949214578			0.3870967741935484	1.0
stratified_random_pair_5fold_non_headline	random-03	concat_ecfp_pocket_ridge_S0	S0	RCSB-5O1B-9H2-KD	construct-004-a02c0b37ee39	4.698970004336019	4.784869288374496			0.5526315789473685	1.0
stratified_random_pair_5fold_non_headline	random-03	concat_ecfp_pocket_ridge_S0	S0	RCSB-6RQ6-R2H-KD	construct-005-6f4aa0a92e90	4.892790030352131	5.666037641262612			0.6923076923076923	1.0
stratified_random_pair_5fold_non_headline	random-03	concat_gmolai_pocket_ridge_S0	S0	RCSB-4UGR-6E5-KD	construct-001-c5158f5b655d	4.958607314841775	4.798641344775048			0.49206349206349204	1.0
stratified_random_pair_5fold_non_headline	random-03	concat_gmolai_pocket_ridge_S0	S0	RCSB-4UG8-HW1-KD	construct-001-c5158f5b655d	6.346787486224656	5.3483983683161735			0.38461538461538464	1.0
stratified_random_pair_5fold_non_headline	random-03	concat_gmolai_pocket_ridge_S0	S0	RCSB-4UGM-1QE-KD	construct-001-c5158f5b655d	4.00436480540245	4.05008624264124			0.6666666666666666	1.0
stratified_random_pair_5fold_non_headline	random-03	concat_gmolai_pocket_ridge_S0	S0	RCSB-4UG9-1EW-KD	construct-001-c5158f5b655d	5.064996848546345	4.8002982816883515			0.5227272727272727	1.0
stratified_random_pair_5fold_non_headline	random-03	concat_gmolai_pocket_ridge_S0	S0	RCSB-5EWH-5SG-KD	construct-002-cb5cf2af5e4a	3.769551078621726	4.939740448770405			0.2	1.0
stratified_random_pair_5fold_non_headline	random-03	concat_gmolai_pocket_ridge_S0	S0	RCSB-5EPR-5QY-KD	construct-002-cb5cf2af5e4a	4.040958607678906	4.1301532019880565			0.2894736842105263	1.0
stratified_random_pair_5fold_non_headline	random-03	concat_gmolai_pocket_ridge_S0	S0	RCSB-7MRA-ZMJ-KD	construct-003-fbf3f5c695a3	7.086186147616283	6.568795318949126			0.4727272727272727	1.0
stratified_random_pair_5fold_non_headline	random-03	concat_gmolai_pocket_ridge_S0	S0	RCSB-6Q3Z-HG8-KD	construct-003-fbf3f5c695a3	7.356547323513812	6.810923332887258			0.7625	1.0
stratified_random_pair_5fold_non_headline	random-03	concat_gmolai_pocket_ridge_S0	S0	RCSB-5EIS-5OU-KD	construct-003-fbf3f5c695a3	5.7447274948966935	5.894294575290928			0.5142857142857142	1.0
stratified_random_pair_5fold_non_headline	random-03	concat_gmolai_pocket_ridge_S0	S0	RCSB-5O1I-9GH-KD	construct-004-a02c0b37ee39	5.3979400086720375	5.263876396594066			0.3870967741935484	1.0
stratified_random_pair_5fold_non_headline	random-03	concat_gmolai_pocket_ridge_S0	S0	RCSB-5O1B-9H2-KD	construct-004-a02c0b37ee39	4.698970004336019	5.039079211142608			0.5526315789473685	1.0
stratified_random_pair_5fold_non_headline	random-03	concat_gmolai_pocket_ridge_S0	S0	RCSB-6RQ6-R2H-KD	construct-005-6f4aa0a92e90	4.892790030352131	5.118473714046466			0.6923076923076923	1.0
stratified_random_pair_5fold_non_headline	random-03	pocket_composition_ridge_S1	S1	RCSB-4UGR-6E5-KD	construct-001-c5158f5b655d	4.958607314841775	4.716410483090073			0.49206349206349204	1.0
stratified_random_pair_5fold_non_headline	random-03	pocket_composition_ridge_S1	S1	RCSB-4UG8-HW1-KD	construct-001-c5158f5b655d	6.346787486224656	4.716410483090073			0.38461538461538464	1.0
stratified_random_pair_5fold_non_headline	random-03	pocket_composition_ridge_S1	S1	RCSB-4UGM-1QE-KD	construct-001-c5158f5b655d	4.00436480540245	4.716410483090073			0.6666666666666666	1.0
stratified_random_pair_5fold_non_headline	random-03	pocket_composition_ridge_S1	S1	RCSB-4UG9-1EW-KD	construct-001-c5158f5b655d	5.064996848546345	4.716410483090073			0.5227272727272727	1.0
stratified_random_pair_5fold_non_headline	random-03	pocket_composition_ridge_S1	S1	RCSB-5EWH-5SG-KD	construct-002-cb5cf2af5e4a	3.769551078621726	5.184564534589606			0.2	1.0
stratified_random_pair_5fold_non_headline	random-03	pocket_composition_ridge_S1	S1	RCSB-5EPR-5QY-KD	construct-002-cb5cf2af5e4a	4.040958607678906	5.184564534589606			0.2894736842105263	1.0
stratified_random_pair_5fold_non_headline	random-03	pocket_composition_ridge_S1	S1	RCSB-7MRA-ZMJ-KD	construct-003-fbf3f5c695a3	7.086186147616283	6.035965192619363			0.4727272727272727	1.0
stratified_random_pair_5fold_non_headline	random-03	pocket_composition_ridge_S1	S1	RCSB-6Q3Z-HG8-KD	construct-003-fbf3f5c695a3	7.356547323513812	6.035965192619363			0.7625	1.0
stratified_random_pair_5fold_non_headline	random-03	pocket_composition_ridge_S1	S1	RCSB-5EIS-5OU-KD	construct-003-fbf3f5c695a3	5.7447274948966935	6.035965192619363			0.5142857142857142	1.0
stratified_random_pair_5fold_non_headline	random-03	pocket_composition_ridge_S1	S1	RCSB-5O1I-9GH-KD	construct-004-a02c0b37ee39	5.3979400086720375	4.792136544545494			0.3870967741935484	1.0
stratified_random_pair_5fold_non_headline	random-03	pocket_composition_ridge_S1	S1	RCSB-5O1B-9H2-KD	construct-004-a02c0b37ee39	4.698970004336019	4.792136544545494			0.5526315789473685	1.0
stratified_random_pair_5fold_non_headline	random-03	pocket_composition_ridge_S1	S1	RCSB-6RQ6-R2H-KD	construct-005-6f4aa0a92e90	4.892790030352131	5.405716782230975			0.6923076923076923	1.0
stratified_random_pair_5fold_non_headline	random-03	pocket_structure_ridge_S1	S1	RCSB-4UGR-6E5-KD	construct-001-c5158f5b655d	4.958607314841775	4.651173145858302			0.49206349206349204	1.0
stratified_random_pair_5fold_non_headline	random-03	pocket_structure_ridge_S1	S1	RCSB-4UG8-HW1-KD	construct-001-c5158f5b655d	6.346787486224656	4.651173145858302			0.38461538461538464	1.0
stratified_random_pair_5fold_non_headline	random-03	pocket_structure_ridge_S1	S1	RCSB-4UGM-1QE-KD	construct-001-c5158f5b655d	4.00436480540245	4.651173145858302			0.6666666666666666	1.0
stratified_random_pair_5fold_non_headline	random-03	pocket_structure_ridge_S1	S1	RCSB-4UG9-1EW-KD	construct-001-c5158f5b655d	5.064996848546345	4.651173145858302			0.5227272727272727	1.0
stratified_random_pair_5fold_non_headline	random-03	pocket_structure_ridge_S1	S1	RCSB-5EWH-5SG-KD	construct-002-cb5cf2af5e4a	3.769551078621726	5.160549088812251			0.2	1.0
stratified_random_pair_5fold_non_headline	random-03	pocket_structure_ridge_S1	S1	RCSB-5EPR-5QY-KD	construct-002-cb5cf2af5e4a	4.040958607678906	5.160549088812251			0.2894736842105263	1.0
stratified_random_pair_5fold_non_headline	random-03	pocket_structure_ridge_S1	S1	RCSB-7MRA-ZMJ-KD	construct-003-fbf3f5c695a3	7.086186147616283	6.156541145943745			0.4727272727272727	1.0
stratified_random_pair_5fold_non_headline	random-03	pocket_structure_ridge_S1	S1	RCSB-6Q3Z-HG8-KD	construct-003-fbf3f5c695a3	7.356547323513812	6.156541145943745			0.7625	1.0
stratified_random_pair_5fold_non_headline	random-03	pocket_structure_ridge_S1	S1	RCSB-5EIS-5OU-KD	construct-003-fbf3f5c695a3	5.7447274948966935	6.156541145943745			0.5142857142857142	1.0
stratified_random_pair_5fold_non_headline	random-03	pocket_structure_ridge_S1	S1	RCSB-5O1I-9GH-KD	construct-004-a02c0b37ee39	5.3979400086720375	4.717181757681065			0.3870967741935484	1.0
stratified_random_pair_5fold_non_headline	random-03	pocket_structure_ridge_S1	S1	RCSB-5O1B-9H2-KD	construct-004-a02c0b37ee39	4.698970004336019	4.717181757681065			0.5526315789473685	1.0
stratified_random_pair_5fold_non_headline	random-03	pocket_structure_ridge_S1	S1	RCSB-6RQ6-R2H-KD	construct-005-6f4aa0a92e90	4.892790030352131	5.441210452638667			0.6923076923076923	1.0
stratified_random_pair_5fold_non_headline	random-03	concat_ecfp_pocket_ridge_S1	S1	RCSB-4UGR-6E5-KD	construct-001-c5158f5b655d	4.958607314841775	4.144397571111265			0.49206349206349204	1.0
stratified_random_pair_5fold_non_headline	random-03	concat_ecfp_pocket_ridge_S1	S1	RCSB-4UG8-HW1-KD	construct-001-c5158f5b655d	6.346787486224656	5.1420514126827275			0.38461538461538464	1.0
stratified_random_pair_5fold_non_headline	random-03	concat_ecfp_pocket_ridge_S1	S1	RCSB-4UGM-1QE-KD	construct-001-c5158f5b655d	4.00436480540245	4.20282674781258			0.6666666666666666	1.0
stratified_random_pair_5fold_non_headline	random-03	concat_ecfp_pocket_ridge_S1	S1	RCSB-4UG9-1EW-KD	construct-001-c5158f5b655d	5.064996848546345	4.999402728687516			0.5227272727272727	1.0
stratified_random_pair_5fold_non_headline	random-03	concat_ecfp_pocket_ridge_S1	S1	RCSB-5EWH-5SG-KD	construct-002-cb5cf2af5e4a	3.769551078621726	5.165087306792906			0.2	1.0
stratified_random_pair_5fold_non_headline	random-03	concat_ecfp_pocket_ridge_S1	S1	RCSB-5EPR-5QY-KD	construct-002-cb5cf2af5e4a	4.040958607678906	4.853658485806989			0.2894736842105263	1.0
stratified_random_pair_5fold_non_headline	random-03	concat_ecfp_pocket_ridge_S1	S1	RCSB-7MRA-ZMJ-KD	construct-003-fbf3f5c695a3	7.086186147616283	6.154998790763294			0.4727272727272727	1.0
stratified_random_pair_5fold_non_headline	random-03	concat_ecfp_pocket_ridge_S1	S1	RCSB-6Q3Z-HG8-KD	construct-003-fbf3f5c695a3	7.356547323513812	7.137303274559258			0.7625	1.0
stratified_random_pair_5fold_non_headline	random-03	concat_ecfp_pocket_ridge_S1	S1	RCSB-5EIS-5OU-KD	construct-003-fbf3f5c695a3	5.7447274948966935	6.179100134826866			0.5142857142857142	1.0
stratified_random_pair_5fold_non_headline	random-03	concat_ecfp_pocket_ridge_S1	S1	RCSB-5O1I-9GH-KD	construct-004-a02c0b37ee39	5.3979400086720375	4.696878386499381			0.3870967741935484	1.0
stratified_random_pair_5fold_non_headline	random-03	concat_ecfp_pocket_ridge_S1	S1	RCSB-5O1B-9H2-KD	construct-004-a02c0b37ee39	4.698970004336019	4.794796660337657			0.5526315789473685	1.0
stratified_random_pair_5fold_non_headline	random-03	concat_ecfp_pocket_ridge_S1	S1	RCSB-6RQ6-R2H-KD	construct-005-6f4aa0a92e90	4.892790030352131	5.665298339690692			0.6923076923076923	1.0
stratified_random_pair_5fold_non_headline	random-03	concat_gmolai_pocket_ridge_S1	S1	RCSB-4UGR-6E5-KD	construct-001-c5158f5b655d	4.958607314841775	4.7568625445346395			0.49206349206349204	1.0
stratified_random_pair_5fold_non_headline	random-03	concat_gmolai_pocket_ridge_S1	S1	RCSB-4UG8-HW1-KD	construct-001-c5158f5b655d	6.346787486224656	5.3371574795265815			0.38461538461538464	1.0
stratified_random_pair_5fold_non_headline	random-03	concat_gmolai_pocket_ridge_S1	S1	RCSB-4UGM-1QE-KD	construct-001-c5158f5b655d	4.00436480540245	4.051753872952869			0.6666666666666666	1.0
stratified_random_pair_5fold_non_headline	random-03	concat_gmolai_pocket_ridge_S1	S1	RCSB-4UG9-1EW-KD	construct-001-c5158f5b655d	5.064996848546345	4.829948529947906			0.5227272727272727	1.0
stratified_random_pair_5fold_non_headline	random-03	concat_gmolai_pocket_ridge_S1	S1	RCSB-5EWH-5SG-KD	construct-002-cb5cf2af5e4a	3.769551078621726	5.004482651712507			0.2	1.0
stratified_random_pair_5fold_non_headline	random-03	concat_gmolai_pocket_ridge_S1	S1	RCSB-5EPR-5QY-KD	construct-002-cb5cf2af5e4a	4.040958607678906	4.108961420477505			0.2894736842105263	1.0
stratified_random_pair_5fold_non_headline	random-03	concat_gmolai_pocket_ridge_S1	S1	RCSB-7MRA-ZMJ-KD	construct-003-fbf3f5c695a3	7.086186147616283	6.582801528880235			0.4727272727272727	1.0
stratified_random_pair_5fold_non_headline	random-03	concat_gmolai_pocket_ridge_S1	S1	RCSB-6Q3Z-HG8-KD	construct-003-fbf3f5c695a3	7.356547323513812	6.838497132164929			0.7625	1.0
stratified_random_pair_5fold_non_headline	random-03	concat_gmolai_pocket_ridge_S1	S1	RCSB-5EIS-5OU-KD	construct-003-fbf3f5c695a3	5.7447274948966935	5.861945762910539			0.5142857142857142	1.0
stratified_random_pair_5fold_non_headline	random-03	concat_gmolai_pocket_ridge_S1	S1	RCSB-5O1I-9GH-KD	construct-004-a02c0b37ee39	5.3979400086720375	5.2665080321374225			0.3870967741935484	1.0
stratified_random_pair_5fold_non_headline	random-03	concat_gmolai_pocket_ridge_S1	S1	RCSB-5O1B-9H2-KD	construct-004-a02c0b37ee39	4.698970004336019	5.0535713362380354			0.5526315789473685	1.0
stratified_random_pair_5fold_non_headline	random-03	concat_gmolai_pocket_ridge_S1	S1	RCSB-6RQ6-R2H-KD	construct-005-6f4aa0a92e90	4.892790030352131	5.11239895429095			0.6923076923076923	1.0
stratified_random_pair_5fold_non_headline	random-03	negative_pocket_permuted_concat_gmolai_S0	S0_negative_control	RCSB-4UGR-6E5-KD	construct-001-c5158f5b655d	4.958607314841775	4.752636103670646			0.49206349206349204	1.0
stratified_random_pair_5fold_non_headline	random-03	negative_pocket_permuted_concat_gmolai_S0	S0_negative_control	RCSB-4UG8-HW1-KD	construct-001-c5158f5b655d	6.346787486224656	5.394202834574197			0.38461538461538464	1.0
stratified_random_pair_5fold_non_headline	random-03	negative_pocket_permuted_concat_gmolai_S0	S0_negative_control	RCSB-4UGM-1QE-KD	construct-001-c5158f5b655d	4.00436480540245	4.03035906319037			0.6666666666666666	1.0
stratified_random_pair_5fold_non_headline	random-03	negative_pocket_permuted_concat_gmolai_S0	S0_negative_control	RCSB-4UG9-1EW-KD	construct-001-c5158f5b655d	5.064996848546345	4.829814904341681			0.5227272727272727	1.0
stratified_random_pair_5fold_non_headline	random-03	negative_pocket_permuted_concat_gmolai_S0	S0_negative_control	RCSB-5EWH-5SG-KD	construct-002-cb5cf2af5e4a	3.769551078621726	5.1195887857672835			0.2	1.0
stratified_random_pair_5fold_non_headline	random-03	negative_pocket_permuted_concat_gmolai_S0	S0_negative_control	RCSB-5EPR-5QY-KD	construct-002-cb5cf2af5e4a	4.040958607678906	4.141551576564053			0.2894736842105263	1.0
stratified_random_pair_5fold_non_headline	random-03	negative_pocket_permuted_concat_gmolai_S0	S0_negative_control	RCSB-7MRA-ZMJ-KD	construct-003-fbf3f5c695a3	7.086186147616283	6.580839711914478			0.4727272727272727	1.0
stratified_random_pair_5fold_non_headline	random-03	negative_pocket_permuted_concat_gmolai_S0	S0_negative_control	RCSB-6Q3Z-HG8-KD	construct-003-fbf3f5c695a3	7.356547323513812	6.8368544010427845			0.7625	1.0
stratified_random_pair_5fold_non_headline	random-03	negative_pocket_permuted_concat_gmolai_S0	S0_negative_control	RCSB-5EIS-5OU-KD	construct-003-fbf3f5c695a3	5.7447274948966935	5.776495661773751			0.5142857142857142	1.0
stratified_random_pair_5fold_non_headline	random-03	negative_pocket_permuted_concat_gmolai_S0	S0_negative_control	RCSB-5O1I-9GH-KD	construct-004-a02c0b37ee39	5.3979400086720375	5.328370957565905			0.3870967741935484	1.0
stratified_random_pair_5fold_non_headline	random-03	negative_pocket_permuted_concat_gmolai_S0	S0_negative_control	RCSB-5O1B-9H2-KD	construct-004-a02c0b37ee39	4.698970004336019	5.146388393999527			0.5526315789473685	1.0
stratified_random_pair_5fold_non_headline	random-03	negative_pocket_permuted_concat_gmolai_S0	S0_negative_control	RCSB-6RQ6-R2H-KD	construct-005-6f4aa0a92e90	4.892790030352131	5.118196839267818			0.6923076923076923	1.0
stratified_random_pair_5fold_non_headline	random-03	additive_gmolai_pocket_equal_S0	S0	RCSB-4UGR-6E5-KD	construct-001-c5158f5b655d	4.958607314841775	4.843334344867214			0.49206349206349204	1.0
stratified_random_pair_5fold_non_headline	random-03	additive_gmolai_pocket_equal_S0	S0	RCSB-4UG8-HW1-KD	construct-001-c5158f5b655d	6.346787486224656	5.1395006028031			0.38461538461538464	1.0
stratified_random_pair_5fold_non_headline	random-03	additive_gmolai_pocket_equal_S0	S0	RCSB-4UGM-1QE-KD	construct-001-c5158f5b655d	4.00436480540245	4.356619460535761			0.6666666666666666	1.0
stratified_random_pair_5fold_non_headline	random-03	additive_gmolai_pocket_equal_S0	S0	RCSB-4UG9-1EW-KD	construct-001-c5158f5b655d	5.064996848546345	4.8505478158423925			0.5227272727272727	1.0
stratified_random_pair_5fold_non_headline	random-03	additive_gmolai_pocket_equal_S0	S0	RCSB-5EWH-5SG-KD	construct-002-cb5cf2af5e4a	3.769551078621726	5.076783941141732			0.2	1.0
stratified_random_pair_5fold_non_headline	random-03	additive_gmolai_pocket_equal_S0	S0	RCSB-5EPR-5QY-KD	construct-002-cb5cf2af5e4a	4.040958607678906	4.6708953668590265			0.2894736842105263	1.0
stratified_random_pair_5fold_non_headline	random-03	additive_gmolai_pocket_equal_S0	S0	RCSB-7MRA-ZMJ-KD	construct-003-fbf3f5c695a3	7.086186147616283	6.054226779665292			0.4727272727272727	1.0
stratified_random_pair_5fold_non_headline	random-03	additive_gmolai_pocket_equal_S0	S0	RCSB-6Q3Z-HG8-KD	construct-003-fbf3f5c695a3	7.356547323513812	6.437673011767639			0.7625	1.0
stratified_random_pair_5fold_non_headline	random-03	additive_gmolai_pocket_equal_S0	S0	RCSB-5EIS-5OU-KD	construct-003-fbf3f5c695a3	5.7447274948966935	5.615288681864512			0.5142857142857142	1.0
stratified_random_pair_5fold_non_headline	random-03	additive_gmolai_pocket_equal_S0	S0	RCSB-5O1I-9GH-KD	construct-004-a02c0b37ee39	5.3979400086720375	5.0460800023458585			0.3870967741935484	1.0
stratified_random_pair_5fold_non_headline	random-03	additive_gmolai_pocket_equal_S0	S0	RCSB-5O1B-9H2-KD	construct-004-a02c0b37ee39	4.698970004336019	4.771860482936155			0.5526315789473685	1.0
stratified_random_pair_5fold_non_headline	random-03	additive_gmolai_pocket_equal_S0	S0	RCSB-6RQ6-R2H-KD	construct-005-6f4aa0a92e90	4.892790030352131	5.233324312114732			0.6923076923076923	1.0
stratified_random_pair_5fold_non_headline	random-03	additive_gmolai_pocket_equal_S1	S1	RCSB-4UGR-6E5-KD	construct-001-c5158f5b655d	4.958607314841775	4.845078563784185			0.49206349206349204	1.0
stratified_random_pair_5fold_non_headline	random-03	additive_gmolai_pocket_equal_S1	S1	RCSB-4UG8-HW1-KD	construct-001-c5158f5b655d	6.346787486224656	5.13932254149128			0.38461538461538464	1.0
stratified_random_pair_5fold_non_headline	random-03	additive_gmolai_pocket_equal_S1	S1	RCSB-4UGM-1QE-KD	construct-001-c5158f5b655d	4.00436480540245	4.3760153262881145			0.6666666666666666	1.0
stratified_random_pair_5fold_non_headline	random-03	additive_gmolai_pocket_equal_S1	S1	RCSB-4UG9-1EW-KD	construct-001-c5158f5b655d	5.064996848546345	4.8642741428695295			0.5227272727272727	1.0
stratified_random_pair_5fold_non_headline	random-03	additive_gmolai_pocket_equal_S1	S1	RCSB-5EWH-5SG-KD	construct-002-cb5cf2af5e4a	3.769551078621726	5.112594450864252			0.2	1.0
stratified_random_pair_5fold_non_headline	random-03	additive_gmolai_pocket_equal_S1	S1	RCSB-5EPR-5QY-KD	construct-002-cb5cf2af5e4a	4.040958607678906	4.6977177084601545			0.2894736842105263	1.0
stratified_random_pair_5fold_non_headline	random-03	additive_gmolai_pocket_equal_S1	S1	RCSB-7MRA-ZMJ-KD	construct-003-fbf3f5c695a3	7.086186147616283	6.058884295811684			0.4727272727272727	1.0
stratified_random_pair_5fold_non_headline	random-03	additive_gmolai_pocket_equal_S1	S1	RCSB-6Q3Z-HG8-KD	construct-003-fbf3f5c695a3	7.356547323513812	6.42267627890727			0.7625	1.0
stratified_random_pair_5fold_non_headline	random-03	additive_gmolai_pocket_equal_S1	S1	RCSB-5EIS-5OU-KD	construct-003-fbf3f5c695a3	5.7447274948966935	5.597782842121828			0.5142857142857142	1.0
stratified_random_pair_5fold_non_headline	random-03	additive_gmolai_pocket_equal_S1	S1	RCSB-5O1I-9GH-KD	construct-004-a02c0b37ee39	5.3979400086720375	5.067508510131763			0.3870967741935484	1.0
stratified_random_pair_5fold_non_headline	random-03	additive_gmolai_pocket_equal_S1	S1	RCSB-5O1B-9H2-KD	construct-004-a02c0b37ee39	4.698970004336019	4.754183251100178			0.5526315789473685	1.0
stratified_random_pair_5fold_non_headline	random-03	additive_gmolai_pocket_equal_S1	S1	RCSB-6RQ6-R2H-KD	construct-005-6f4aa0a92e90	4.892790030352131	5.231752041433345			0.6923076923076923	1.0
stratified_random_pair_5fold_non_headline	random-03	ligand_ecfp_knn	ligand_only	RCSB-4UGR-6E5-KD	construct-001-c5158f5b655d	4.958607314841775	4.254208275030876	RCSB-4UGS-H36-KD	0.49206349206349204	0.49206349206349204	1.0
stratified_random_pair_5fold_non_headline	random-03	ligand_ecfp_knn	ligand_only	RCSB-4UG8-HW1-KD	construct-001-c5158f5b655d	6.346787486224656	5.417571669359241	RCSB-4UG6-XFJ-KD	0.38461538461538464	0.38461538461538464	1.0
stratified_random_pair_5fold_non_headline	random-03	ligand_ecfp_knn	ligand_only	RCSB-4UGM-1QE-KD	construct-001-c5158f5b655d	4.00436480540245	4.199954167446809	RCSB-4UGS-H36-KD	0.6666666666666666	0.6666666666666666	1.0
stratified_random_pair_5fold_non_headline	random-03	ligand_ecfp_knn	ligand_only	RCSB-4UG9-1EW-KD	construct-001-c5158f5b655d	5.064996848546345	5.193721043865715	RCSB-4UG6-XFJ-KD	0.5227272727272727	0.5227272727272727	1.0
stratified_random_pair_5fold_non_headline	random-03	ligand_ecfp_knn	ligand_only	RCSB-5EWH-5SG-KD	construct-002-cb5cf2af5e4a	3.769551078621726	5.670054467300021	RCSB-6FSY-E5Q-KD	0.2	0.2	1.0
stratified_random_pair_5fold_non_headline	random-03	ligand_ecfp_knn	ligand_only	RCSB-5EPR-5QY-KD	construct-002-cb5cf2af5e4a	4.040958607678906	4.449685385578157	RCSB-5EPS-5QX-KD	0.2894736842105263	0.2894736842105263	1.0
stratified_random_pair_5fold_non_headline	random-03	ligand_ecfp_knn	ligand_only	RCSB-7MRA-ZMJ-KD	construct-003-fbf3f5c695a3	7.086186147616283	6.385153747426444	RCSB-7MR9-ZMM-KD	0.4727272727272727	0.4727272727272727	1.0
stratified_random_pair_5fold_non_headline	random-03	ligand_ecfp_knn	ligand_only	RCSB-6Q3Z-HG8-KD	construct-003-fbf3f5c695a3	7.356547323513812	7.218270072769036	RCSB-6Q3Y-HG5-KD	0.7625	0.7625	1.0
stratified_random_pair_5fold_non_headline	random-03	ligand_ecfp_knn	ligand_only	RCSB-5EIS-5OU-KD	construct-003-fbf3f5c695a3	5.7447274948966935	6.339984421151697	RCSB-6FO5-DZH-KD	0.5142857142857142	0.5142857142857142	1.0
stratified_random_pair_5fold_non_headline	random-03	ligand_ecfp_knn	ligand_only	RCSB-5O1I-9GH-KD	construct-004-a02c0b37ee39	5.3979400086720375	4.7302167709251774	RCSB-5O1D-9GW-KD	0.3870967741935484	0.3870967741935484	1.0
stratified_random_pair_5fold_non_headline	random-03	ligand_ecfp_knn	ligand_only	RCSB-5O1B-9H2-KD	construct-004-a02c0b37ee39	4.698970004336019	4.489821175869686	RCSB-5AOJ-Y0V-KD	0.5526315789473685	0.5526315789473685	1.0
stratified_random_pair_5fold_non_headline	random-03	ligand_ecfp_knn	ligand_only	RCSB-6RQ6-R2H-KD	construct-005-6f4aa0a92e90	4.892790030352131	6.282897150605994	RCSB-6RQ0-KE2-KD	0.6923076923076923	0.6923076923076923	1.0
stratified_random_pair_5fold_non_headline	random-03	ligand_gmolai_knn	ligand_only	RCSB-4UGR-6E5-KD	construct-001-c5158f5b655d	4.958607314841775	4.227149692505362	RCSB-4UGO-1QF-KD	0.9011260793242654	0.49206349206349204	1.0
stratified_random_pair_5fold_non_headline	random-03	ligand_gmolai_knn	ligand_only	RCSB-4UG8-HW1-KD	construct-001-c5158f5b655d	6.346787486224656	4.768656239741297	RCSB-4UGD-Q14-KD	0.8752844849758799	0.38461538461538464	1.0
stratified_random_pair_5fold_non_headline	random-03	ligand_gmolai_knn	ligand_only	RCSB-4UGM-1QE-KD	construct-001-c5158f5b655d	4.00436480540245	4.203316725129924	RCSB-4UGO-1QF-KD	0.9629921820394829	0.6666666666666666	1.0
stratified_random_pair_5fold_non_headline	random-03	ligand_gmolai_knn	ligand_only	RCSB-4UG9-1EW-KD	construct-001-c5158f5b655d	5.064996848546345	5.406537490462103	RCSB-4UG5-XFK-KD	0.940696850401908	0.5227272727272727	1.0
stratified_random_pair_5fold_non_headline	random-03	ligand_gmolai_knn	ligand_only	RCSB-5EWH-5SG-KD	construct-002-cb5cf2af5e4a	3.769551078621726	5.712330810842428	RCSB-7MR9-ZMM-KD	0.6058322093168058	0.2	1.0
stratified_random_pair_5fold_non_headline	random-03	ligand_gmolai_knn	ligand_only	RCSB-5EPR-5QY-KD	construct-002-cb5cf2af5e4a	4.040958607678906	4.386884056581857	RCSB-5EPS-5QX-KD	0.9293059920658471	0.2894736842105263	1.0
stratified_random_pair_5fold_non_headline	random-03	ligand_gmolai_knn	ligand_only	RCSB-7MRA-ZMJ-KD	construct-003-fbf3f5c695a3	7.086186147616283	5.397594353080921	RCSB-7MR9-ZMM-KD	0.8142773565943568	0.4727272727272727	1.0
stratified_random_pair_5fold_non_headline	random-03	ligand_gmolai_knn	ligand_only	RCSB-6Q3Z-HG8-KD	construct-003-fbf3f5c695a3	7.356547323513812	7.111426940138387	RCSB-6Q3Y-HG5-KD	0.8824537364088686	0.7625	1.0
stratified_random_pair_5fold_non_headline	random-03	ligand_gmolai_knn	ligand_only	RCSB-5EIS-5OU-KD	construct-003-fbf3f5c695a3	5.7447274948966935	5.466169719643435	RCSB-5O5A-9LN-KD	0.7284037385202422	0.5142857142857142	1.0
stratified_random_pair_5fold_non_headline	random-03	ligand_gmolai_knn	ligand_only	RCSB-5O1I-9GH-KD	construct-004-a02c0b37ee39	5.3979400086720375	4.735455220822112	RCSB-5O1H-9GN-KD	0.8288393463435486	0.3870967741935484	1.0
stratified_random_pair_5fold_non_headline	random-03	ligand_gmolai_knn	ligand_only	RCSB-5O1B-9H2-KD	construct-004-a02c0b37ee39	4.698970004336019	4.544926264684668	RCSB-5AOJ-Y0V-KD	0.840602503582806	0.5526315789473685	1.0
stratified_random_pair_5fold_non_headline	random-03	ligand_gmolai_knn	ligand_only	RCSB-6RQ6-R2H-KD	construct-005-6f4aa0a92e90	4.892790030352131	6.037296199024838	RCSB-6RQD-KEW-KD	0.9682164213378204	0.6923076923076923	1.0
stratified_random_pair_5fold_non_headline	random-03	protein_sequence_identity_knn	sequence_only	RCSB-4UGR-6E5-KD	construct-001-c5158f5b655d	4.958607314841775	5.4066632325944495	RCSB-4UG5-XFK-KD	1.0	0.49206349206349204	1.0
stratified_random_pair_5fold_non_headline	random-03	protein_sequence_identity_knn	sequence_only	RCSB-4UG8-HW1-KD	construct-001-c5158f5b655d	6.346787486224656	5.4066632325944495	RCSB-4UG5-XFK-KD	1.0	0.38461538461538464	1.0
stratified_random_pair_5fold_non_headline	random-03	protein_sequence_identity_knn	sequence_only	RCSB-4UGM-1QE-KD	construct-001-c5158f5b655d	4.00436480540245	5.4066632325944495	RCSB-4UG5-XFK-KD	1.0	0.6666666666666666	1.0
stratified_random_pair_5fold_non_headline	random-03	protein_sequence_identity_knn	sequence_only	RCSB-4UG9-1EW-KD	construct-001-c5158f5b655d	5.064996848546345	5.4066632325944495	RCSB-4UG5-XFK-KD	1.0	0.5227272727272727	1.0
stratified_random_pair_5fold_non_headline	random-03	protein_sequence_identity_knn	sequence_only	RCSB-5EWH-5SG-KD	construct-002-cb5cf2af5e4a	3.769551078621726	4.407645281752523	RCSB-5C85-4YO-KD	1.0	0.2	1.0
stratified_random_pair_5fold_non_headline	random-03	protein_sequence_identity_knn	sequence_only	RCSB-5EPR-5QY-KD	construct-002-cb5cf2af5e4a	4.040958607678906	4.407645281752523	RCSB-5C85-4YO-KD	1.0	0.2894736842105263	1.0
stratified_random_pair_5fold_non_headline	random-03	protein_sequence_identity_knn	sequence_only	RCSB-7MRA-ZMJ-KD	construct-003-fbf3f5c695a3	7.086186147616283	6.595588673878084	RCSB-4O76-1M3-KD	1.0	0.4727272727272727	1.0
stratified_random_pair_5fold_non_headline	random-03	protein_sequence_identity_knn	sequence_only	RCSB-6Q3Z-HG8-KD	construct-003-fbf3f5c695a3	7.356547323513812	6.595588673878084	RCSB-4O76-1M3-KD	1.0	0.7625	1.0
stratified_random_pair_5fold_non_headline	random-03	protein_sequence_identity_knn	sequence_only	RCSB-5EIS-5OU-KD	construct-003-fbf3f5c695a3	5.7447274948966935	6.595588673878084	RCSB-4O76-1M3-KD	1.0	0.5142857142857142	1.0
stratified_random_pair_5fold_non_headline	random-03	protein_sequence_identity_knn	sequence_only	RCSB-5O1I-9GH-KD	construct-004-a02c0b37ee39	5.3979400086720375	4.5415674205942205	RCSB-4AGQ-P96-KD	1.0	0.3870967741935484	1.0
stratified_random_pair_5fold_non_headline	random-03	protein_sequence_identity_knn	sequence_only	RCSB-5O1B-9H2-KD	construct-004-a02c0b37ee39	4.698970004336019	4.5415674205942205	RCSB-4AGQ-P96-KD	1.0	0.5526315789473685	1.0
stratified_random_pair_5fold_non_headline	random-03	protein_sequence_identity_knn	sequence_only	RCSB-6RQ6-R2H-KD	construct-005-6f4aa0a92e90	4.892790030352131	5.059915765158306	RCSB-6RQ0-KE2-KD	1.0	0.6923076923076923	1.0
stratified_random_pair_5fold_non_headline	random-03	pocket_structure_knn_S0	S0	RCSB-4UGR-6E5-KD	construct-001-c5158f5b655d	4.958607314841775	4.45199953441456	RCSB-4UGO-1QF-KD	0.934420670510963	0.49206349206349204	1.0
stratified_random_pair_5fold_non_headline	random-03	pocket_structure_knn_S0	S0	RCSB-4UG8-HW1-KD	construct-001-c5158f5b655d	6.346787486224656	4.44923426085335	RCSB-4UGO-1QF-KD	0.9479256253745386	0.38461538461538464	1.0
stratified_random_pair_5fold_non_headline	random-03	pocket_structure_knn_S0	S0	RCSB-4UGM-1QE-KD	construct-001-c5158f5b655d	4.00436480540245	4.1156606721315825	RCSB-4UGA-Q05-KD	0.9446226200833135	0.6666666666666666	1.0
stratified_random_pair_5fold_non_headline	random-03	pocket_structure_knn_S0	S0	RCSB-4UG9-1EW-KD	construct-001-c5158f5b655d	5.064996848546345	4.277085217208499	RCSB-4UGL-S90-KD	0.9497234786929251	0.5227272727272727	1.0
stratified_random_pair_5fold_non_headline	random-03	pocket_structure_knn_S0	S0	RCSB-5EWH-5SG-KD	construct-002-cb5cf2af5e4a	3.769551078621726	4.531438646941882	RCSB-5O5A-9LN-KD	0.8724543806641207	0.2	1.0
stratified_random_pair_5fold_non_headline	random-03	pocket_structure_knn_S0	S0	RCSB-5EPR-5QY-KD	construct-002-cb5cf2af5e4a	4.040958607678906	4.391847827231662	RCSB-5EPS-5QX-KD	0.886804697824386	0.2894736842105263	1.0
stratified_random_pair_5fold_non_headline	random-03	pocket_structure_knn_S0	S0	RCSB-7MRA-ZMJ-KD	construct-003-fbf3f5c695a3	7.086186147616283	6.21230277455364	RCSB-7MR9-ZMM-KD	0.876438325439477	0.4727272727272727	1.0
stratified_random_pair_5fold_non_headline	random-03	pocket_structure_knn_S0	S0	RCSB-6Q3Z-HG8-KD	construct-003-fbf3f5c695a3	7.356547323513812	6.731798855464192	RCSB-6Q3Y-HG5-KD	0.7915149506638581	0.7625	1.0
stratified_random_pair_5fold_non_headline	random-03	pocket_structure_knn_S0	S0	RCSB-5EIS-5OU-KD	construct-003-fbf3f5c695a3	5.7447274948966935	6.209155454381005	RCSB-7MR9-ZMM-KD	0.8942666879280597	0.5142857142857142	1.0
stratified_random_pair_5fold_non_headline	random-03	pocket_structure_knn_S0	S0	RCSB-5O1I-9GH-KD	construct-004-a02c0b37ee39	5.3979400086720375	4.112187700797882	RCSB-5O1G-9GK-KD	0.7508317654444245	0.3870967741935484	1.0
stratified_random_pair_5fold_non_headline	random-03	pocket_structure_knn_S0	S0	RCSB-5O1B-9H2-KD	construct-004-a02c0b37ee39	4.698970004336019	4.114479127503569	RCSB-5O1G-9GK-KD	0.9826071644974221	0.5526315789473685	1.0
stratified_random_pair_5fold_non_headline	random-03	pocket_structure_knn_S0	S0	RCSB-6RQ6-R2H-KD	construct-005-6f4aa0a92e90	4.892790030352131	6.241800436158171	RCSB-6RQ8-KEH-KD	0.9530200439004837	0.6923076923076923	1.0
stratified_random_pair_5fold_non_headline	random-03	two_sided_ecfp_pocket_knn_S0	S0	RCSB-4UGR-6E5-KD	construct-001-c5158f5b655d	4.958607314841775	4.281118055031042	RCSB-4UGO-1QF-KD	0.6689312771011108	0.49206349206349204	1.0
stratified_random_pair_5fold_non_headline	random-03	two_sided_ecfp_pocket_knn_S0	S0	RCSB-4UG8-HW1-KD	construct-001-c5158f5b655d	6.346787486224656	5.080739809446258	RCSB-4UGD-Q14-KD	0.5596336105215592	0.38461538461538464	1.0
stratified_random_pair_5fold_non_headline	random-03	two_sided_ecfp_pocket_knn_S0	S0	RCSB-4UGM-1QE-KD	construct-001-c5158f5b655d	4.00436480540245	4.222746373681325	RCSB-4UGS-H36-KD	0.7932125400561993	0.6666666666666666	1.0
stratified_random_pair_5fold_non_headline	random-03	two_sided_ecfp_pocket_knn_S0	S0	RCSB-4UG9-1EW-KD	construct-001-c5158f5b655d	5.064996848546345	5.15651583597418	RCSB-4UG6-XFJ-KD	0.6214007306874113	0.5227272727272727	1.0
stratified_random_pair_5fold_non_headline	random-03	two_sided_ecfp_pocket_knn_S0	S0	RCSB-5EWH-5SG-KD	construct-002-cb5cf2af5e4a	3.769551078621726	4.674521789376251	RCSB-5D7X-XZ8-KD	0.3087188918625691	0.2	1.0
stratified_random_pair_5fold_non_headline	random-03	two_sided_ecfp_pocket_knn_S0	S0	RCSB-5EPR-5QY-KD	construct-002-cb5cf2af5e4a	4.040958607678906	4.372187879365232	RCSB-5EPS-5QX-KD	0.5066622376440024	0.2894736842105263	1.0
stratified_random_pair_5fold_non_headline	random-03	two_sided_ecfp_pocket_knn_S0	S0	RCSB-7MRA-ZMJ-KD	construct-003-fbf3f5c695a3	7.086186147616283	6.92613241385945	RCSB-7MR9-ZMM-KD	0.64367406293765	0.4727272727272727	1.0
stratified_random_pair_5fold_non_headline	random-03	two_sided_ecfp_pocket_knn_S0	S0	RCSB-6Q3Z-HG8-KD	construct-003-fbf3f5c695a3	7.356547323513812	7.131844320280084	RCSB-6Q3Y-HG5-KD	0.7768720292822955	0.7625	1.0
stratified_random_pair_5fold_non_headline	random-03	two_sided_ecfp_pocket_knn_S0	S0	RCSB-5EIS-5OU-KD	construct-003-fbf3f5c695a3	5.7447274948966935	6.599402892605472	RCSB-6FO5-DZH-KD	0.6215745924458098	0.5142857142857142	1.0
stratified_random_pair_5fold_non_headline	random-03	two_sided_ecfp_pocket_knn_S0	S0	RCSB-5O1I-9GH-KD	construct-004-a02c0b37ee39	5.3979400086720375	4.729530270635747	RCSB-5AOJ-Y0V-KD	0.5242499310291967	0.3870967741935484	1.0
stratified_random_pair_5fold_non_headline	random-03	two_sided_ecfp_pocket_knn_S0	S0	RCSB-5O1B-9H2-KD	construct-004-a02c0b37ee39	4.698970004336019	4.402927512741048	RCSB-5AOJ-Y0V-KD	0.7213942268993196	0.5526315789473685	1.0
stratified_random_pair_5fold_non_headline	random-03	two_sided_ecfp_pocket_knn_S0	S0	RCSB-6RQ6-R2H-KD	construct-005-6f4aa0a92e90	4.892790030352131	6.239893668881869	RCSB-6RQ8-KEH-KD	0.8122703412754398	0.6923076923076923	1.0
stratified_random_pair_5fold_non_headline	random-03	pocket_structure_knn_S1	S1	RCSB-4UGR-6E5-KD	construct-001-c5158f5b655d	4.958607314841775	5.4066632325944495	RCSB-4UG5-XFK-KD	1.0	0.49206349206349204	1.0
stratified_random_pair_5fold_non_headline	random-03	pocket_structure_knn_S1	S1	RCSB-4UG8-HW1-KD	construct-001-c5158f5b655d	6.346787486224656	5.4066632325944495	RCSB-4UG5-XFK-KD	1.0	0.38461538461538464	1.0
stratified_random_pair_5fold_non_headline	random-03	pocket_structure_knn_S1	S1	RCSB-4UGM-1QE-KD	construct-001-c5158f5b655d	4.00436480540245	5.4066632325944495	RCSB-4UG5-XFK-KD	1.0	0.6666666666666666	1.0
stratified_random_pair_5fold_non_headline	random-03	pocket_structure_knn_S1	S1	RCSB-4UG9-1EW-KD	construct-001-c5158f5b655d	5.064996848546345	5.4066632325944495	RCSB-4UG5-XFK-KD	1.0	0.5227272727272727	1.0
stratified_random_pair_5fold_non_headline	random-03	pocket_structure_knn_S1	S1	RCSB-5EWH-5SG-KD	construct-002-cb5cf2af5e4a	3.769551078621726	4.407645281752523	RCSB-5C85-4YO-KD	1.0	0.2	1.0
stratified_random_pair_5fold_non_headline	random-03	pocket_structure_knn_S1	S1	RCSB-5EPR-5QY-KD	construct-002-cb5cf2af5e4a	4.040958607678906	4.407645281752523	RCSB-5C85-4YO-KD	1.0	0.2894736842105263	1.0
stratified_random_pair_5fold_non_headline	random-03	pocket_structure_knn_S1	S1	RCSB-7MRA-ZMJ-KD	construct-003-fbf3f5c695a3	7.086186147616283	6.595588673878084	RCSB-4O76-1M3-KD	1.0	0.4727272727272727	1.0
stratified_random_pair_5fold_non_headline	random-03	pocket_structure_knn_S1	S1	RCSB-6Q3Z-HG8-KD	construct-003-fbf3f5c695a3	7.356547323513812	6.595588673878084	RCSB-4O76-1M3-KD	1.0	0.7625	1.0
stratified_random_pair_5fold_non_headline	random-03	pocket_structure_knn_S1	S1	RCSB-5EIS-5OU-KD	construct-003-fbf3f5c695a3	5.7447274948966935	6.595588673878084	RCSB-4O76-1M3-KD	1.0	0.5142857142857142	1.0
stratified_random_pair_5fold_non_headline	random-03	pocket_structure_knn_S1	S1	RCSB-5O1I-9GH-KD	construct-004-a02c0b37ee39	5.3979400086720375	4.5415674205942205	RCSB-4AGQ-P96-KD	1.0	0.3870967741935484	1.0
stratified_random_pair_5fold_non_headline	random-03	pocket_structure_knn_S1	S1	RCSB-5O1B-9H2-KD	construct-004-a02c0b37ee39	4.698970004336019	4.5415674205942205	RCSB-4AGQ-P96-KD	1.0	0.5526315789473685	1.0
stratified_random_pair_5fold_non_headline	random-03	pocket_structure_knn_S1	S1	RCSB-6RQ6-R2H-KD	construct-005-6f4aa0a92e90	4.892790030352131	5.059915765158306	RCSB-6RQ0-KE2-KD	1.0	0.6923076923076923	1.0
stratified_random_pair_5fold_non_headline	random-03	two_sided_ecfp_pocket_knn_S1	S1	RCSB-4UGR-6E5-KD	construct-001-c5158f5b655d	4.958607314841775	4.268820036272613	RCSB-4UGS-H36-KD	0.7014723744122017	0.49206349206349204	1.0
stratified_random_pair_5fold_non_headline	random-03	two_sided_ecfp_pocket_knn_S1	S1	RCSB-4UG8-HW1-KD	construct-001-c5158f5b655d	6.346787486224656	5.412066774928696	RCSB-4UG6-XFJ-KD	0.6201736729460423	0.38461538461538464	1.0
stratified_random_pair_5fold_non_headline	random-03	two_sided_ecfp_pocket_knn_S1	S1	RCSB-4UGM-1QE-KD	construct-001-c5158f5b655d	4.00436480540245	4.239209402160858	RCSB-4UGS-H36-KD	0.816496580927726	0.6666666666666666	1.0
stratified_random_pair_5fold_non_headline	random-03	two_sided_ecfp_pocket_knn_S1	S1	RCSB-4UG9-1EW-KD	construct-001-c5158f5b655d	5.064996848546345	5.1822540070663905	RCSB-4UG6-XFJ-KD	0.7229988054812212	0.5227272727272727	1.0
stratified_random_pair_5fold_non_headline	random-03	two_sided_ecfp_pocket_knn_S1	S1	RCSB-5EWH-5SG-KD	construct-002-cb5cf2af5e4a	3.769551078621726	4.6455648823792615	RCSB-5EPS-5QX-KD	0.337099931231621	0.2	1.0
stratified_random_pair_5fold_non_headline	random-03	two_sided_ecfp_pocket_knn_S1	S1	RCSB-5EPR-5QY-KD	construct-002-cb5cf2af5e4a	4.040958607678906	4.3785191108770585	RCSB-5EPS-5QX-KD	0.5380275868489703	0.2894736842105263	1.0
stratified_random_pair_5fold_non_headline	random-03	two_sided_ecfp_pocket_knn_S1	S1	RCSB-7MRA-ZMJ-KD	construct-003-fbf3f5c695a3	7.086186147616283	6.951939657100736	RCSB-7MR9-ZMM-KD	0.6875516509523286	0.4727272727272727	1.0
stratified_random_pair_5fold_non_headline	random-03	two_sided_ecfp_pocket_knn_S1	S1	RCSB-6Q3Z-HG8-KD	construct-003-fbf3f5c695a3	7.356547323513812	7.124808189201727	RCSB-6Q3Y-HG5-KD	0.873212459828649	0.7625	1.0
stratified_random_pair_5fold_non_headline	random-03	two_sided_ecfp_pocket_knn_S1	S1	RCSB-5EIS-5OU-KD	construct-003-fbf3f5c695a3	5.7447274948966935	6.598936378285098	RCSB-6FO5-DZH-KD	0.7171371656006361	0.5142857142857142	1.0
stratified_random_pair_5fold_non_headline	random-03	two_sided_ecfp_pocket_knn_S1	S1	RCSB-5O1I-9GH-KD	construct-004-a02c0b37ee39	5.3979400086720375	4.7299806018457256	RCSB-5O1D-9GW-KD	0.6221710168382552	0.3870967741935484	1.0
stratified_random_pair_5fold_non_headline	random-03	two_sided_ecfp_pocket_knn_S1	S1	RCSB-5O1B-9H2-KD	construct-004-a02c0b37ee39	4.698970004336019	4.4573364560886075	RCSB-5AOJ-Y0V-KD	0.7433919416750282	0.5526315789473685	1.0
stratified_random_pair_5fold_non_headline	random-03	two_sided_ecfp_pocket_knn_S1	S1	RCSB-6RQ6-R2H-KD	construct-005-6f4aa0a92e90	4.892790030352131	6.2828971506059945	RCSB-6RQ0-KE2-KD	0.8320502943378437	0.6923076923076923	1.0
stratified_random_pair_5fold_non_headline	random-04	global_train_mean	no_input	RCSB-4UGY-EXI-KD	construct-001-c5158f5b655d	4.239577516576788	5.2319378943013755			0.7254901960784313	1.0
stratified_random_pair_5fold_non_headline	random-04	global_train_mean	no_input	RCSB-4UG5-XFK-KD	construct-001-c5158f5b655d	5.298432014944073	5.2319378943013755			0.8285714285714286	1.0
stratified_random_pair_5fold_non_headline	random-04	global_train_mean	no_input	RCSB-4UGI-SKO-KD	construct-001-c5158f5b655d	4.73754891026957	5.2319378943013755			0.6862745098039216	1.0
stratified_random_pair_5fold_non_headline	random-04	global_train_mean	no_input	RCSB-4UGN-H49-KD	construct-001-c5158f5b655d	4.749579997691106	5.2319378943013755			0.49122807017543857	1.0
stratified_random_pair_5fold_non_headline	random-04	global_train_mean	no_input	RCSB-5OV8-AXN-KD	construct-002-cb5cf2af5e4a	4.7447274948966935	5.2319378943013755			0.5737704918032787	1.0
stratified_random_pair_5fold_non_headline	random-04	global_train_mean	no_input	RCSB-5D7X-XZ8-KD	construct-002-cb5cf2af5e4a	4.823908740944319	5.2319378943013755			0.20634920634920634	1.0
stratified_random_pair_5fold_non_headline	random-04	global_train_mean	no_input	RCSB-6FO5-DZH-KD	construct-003-fbf3f5c695a3	6.721246399047171	5.2319378943013755			0.5142857142857142	1.0
stratified_random_pair_5fold_non_headline	random-04	global_train_mean	no_input	RCSB-4PS5-2TA-KD	construct-003-fbf3f5c695a3	6.785156151952302	5.2319378943013755			0.6805555555555556	1.0
stratified_random_pair_5fold_non_headline	random-04	global_train_mean	no_input	RCSB-7MR9-ZMM-KD	construct-003-fbf3f5c695a3	6.474955192963154	5.2319378943013755			0.4727272727272727	1.0
stratified_random_pair_5fold_non_headline	random-04	global_train_mean	no_input	RCSB-5O1D-9GW-KD	construct-004-a02c0b37ee39	4.657577319177793	5.2319378943013755			0.7291666666666666	1.0
stratified_random_pair_5fold_non_headline	random-04	global_train_mean	no_input	RCSB-6RQ9-KEQ-KD	construct-005-6f4aa0a92e90	4.982966660701219	5.2319378943013755			0.6	1.0
stratified_random_pair_5fold_non_headline	random-04	global_train_mean	no_input	RCSB-6RQ5-KEB-KD	construct-005-6f4aa0a92e90	4.82102305270683	5.2319378943013755			0.7567567567567568	1.0
stratified_random_pair_5fold_non_headline	random-04	target_mean_or_global_fallback	target_identity	RCSB-4UGY-EXI-KD	construct-001-c5158f5b655d	4.239577516576788	4.632193660820104			0.7254901960784313	1.0
stratified_random_pair_5fold_non_headline	random-04	target_mean_or_global_fallback	target_identity	RCSB-4UG5-XFK-KD	construct-001-c5158f5b655d	5.298432014944073	4.632193660820104			0.8285714285714286	1.0
stratified_random_pair_5fold_non_headline	random-04	target_mean_or_global_fallback	target_identity	RCSB-4UGI-SKO-KD	construct-001-c5158f5b655d	4.73754891026957	4.632193660820104			0.6862745098039216	1.0
stratified_random_pair_5fold_non_headline	random-04	target_mean_or_global_fallback	target_identity	RCSB-4UGN-H49-KD	construct-001-c5158f5b655d	4.749579997691106	4.632193660820104			0.49122807017543857	1.0
stratified_random_pair_5fold_non_headline	random-04	target_mean_or_global_fallback	target_identity	RCSB-5OV8-AXN-KD	construct-002-cb5cf2af5e4a	4.7447274948966935	4.8485945213831645			0.5737704918032787	1.0
stratified_random_pair_5fold_non_headline	random-04	target_mean_or_global_fallback	target_identity	RCSB-5D7X-XZ8-KD	construct-002-cb5cf2af5e4a	4.823908740944319	4.8485945213831645			0.20634920634920634	1.0
stratified_random_pair_5fold_non_headline	random-04	target_mean_or_global_fallback	target_identity	RCSB-6FO5-DZH-KD	construct-003-fbf3f5c695a3	6.721246399047171	6.427939689696008			0.5142857142857142	1.0
stratified_random_pair_5fold_non_headline	random-04	target_mean_or_global_fallback	target_identity	RCSB-4PS5-2TA-KD	construct-003-fbf3f5c695a3	6.785156151952302	6.427939689696008			0.6805555555555556	1.0
stratified_random_pair_5fold_non_headline	random-04	target_mean_or_global_fallback	target_identity	RCSB-7MR9-ZMM-KD	construct-003-fbf3f5c695a3	6.474955192963154	6.427939689696008			0.4727272727272727	1.0
stratified_random_pair_5fold_non_headline	random-04	target_mean_or_global_fallback	target_identity	RCSB-5O1D-9GW-KD	construct-004-a02c0b37ee39	4.657577319177793	4.624064038750959			0.7291666666666666	1.0
stratified_random_pair_5fold_non_headline	random-04	target_mean_or_global_fallback	target_identity	RCSB-6RQ9-KEQ-KD	construct-005-6f4aa0a92e90	4.982966660701219	5.66091785850679			0.6	1.0
stratified_random_pair_5fold_non_headline	random-04	target_mean_or_global_fallback	target_identity	RCSB-6RQ5-KEB-KD	construct-005-6f4aa0a92e90	4.82102305270683	5.66091785850679			0.7567567567567568	1.0
stratified_random_pair_5fold_non_headline	random-04	nuisance_ridge	metadata_only	RCSB-4UGY-EXI-KD	construct-001-c5158f5b655d	4.239577516576788	4.546906322474684			0.7254901960784313	1.0
stratified_random_pair_5fold_non_headline	random-04	nuisance_ridge	metadata_only	RCSB-4UG5-XFK-KD	construct-001-c5158f5b655d	5.298432014944073	4.82695227327153			0.8285714285714286	1.0
stratified_random_pair_5fold_non_headline	random-04	nuisance_ridge	metadata_only	RCSB-4UGI-SKO-KD	construct-001-c5158f5b655d	4.73754891026957	4.546906322474684			0.6862745098039216	1.0
stratified_random_pair_5fold_non_headline	random-04	nuisance_ridge	metadata_only	RCSB-4UGN-H49-KD	construct-001-c5158f5b655d	4.749579997691106	4.693790677792812			0.49122807017543857	1.0
stratified_random_pair_5fold_non_headline	random-04	nuisance_ridge	metadata_only	RCSB-5OV8-AXN-KD	construct-002-cb5cf2af5e4a	4.7447274948966935	5.927979185433758			0.5737704918032787	1.0
stratified_random_pair_5fold_non_headline	random-04	nuisance_ridge	metadata_only	RCSB-5D7X-XZ8-KD	construct-002-cb5cf2af5e4a	4.823908740944319	5.249928899810717			0.20634920634920634	1.0
stratified_random_pair_5fold_non_headline	random-04	nuisance_ridge	metadata_only	RCSB-6FO5-DZH-KD	construct-003-fbf3f5c695a3	6.721246399047171	5.439947708239717			0.5142857142857142	1.0
stratified_random_pair_5fold_non_headline	random-04	nuisance_ridge	metadata_only	RCSB-4PS5-2TA-KD	construct-003-fbf3f5c695a3	6.785156151952302	4.7699851289641275			0.6805555555555556	1.0
stratified_random_pair_5fold_non_headline	random-04	nuisance_ridge	metadata_only	RCSB-7MR9-ZMM-KD	construct-003-fbf3f5c695a3	6.474955192963154	6.460603038966892			0.4727272727272727	1.0
stratified_random_pair_5fold_non_headline	random-04	nuisance_ridge	metadata_only	RCSB-5O1D-9GW-KD	construct-004-a02c0b37ee39	4.657577319177793	5.310685159538238			0.7291666666666666	1.0
stratified_random_pair_5fold_non_headline	random-04	nuisance_ridge	metadata_only	RCSB-6RQ9-KEQ-KD	construct-005-6f4aa0a92e90	4.982966660701219	5.412339668617721			0.6	1.0
stratified_random_pair_5fold_non_headline	random-04	nuisance_ridge	metadata_only	RCSB-6RQ5-KEB-KD	construct-005-6f4aa0a92e90	4.82102305270683	5.48857722328111			0.7567567567567568	1.0
stratified_random_pair_5fold_non_headline	random-04	ligand_ecfp_ridge	ligand_only	RCSB-4UGY-EXI-KD	construct-001-c5158f5b655d	4.239577516576788	4.932374966082822			0.7254901960784313	1.0
stratified_random_pair_5fold_non_headline	random-04	ligand_ecfp_ridge	ligand_only	RCSB-4UG5-XFK-KD	construct-001-c5158f5b655d	5.298432014944073	5.535850072869653			0.8285714285714286	1.0
stratified_random_pair_5fold_non_headline	random-04	ligand_ecfp_ridge	ligand_only	RCSB-4UGI-SKO-KD	construct-001-c5158f5b655d	4.73754891026957	4.6574124958959455			0.6862745098039216	1.0
stratified_random_pair_5fold_non_headline	random-04	ligand_ecfp_ridge	ligand_only	RCSB-4UGN-H49-KD	construct-001-c5158f5b655d	4.749579997691106	4.503100970244793			0.49122807017543857	1.0
stratified_random_pair_5fold_non_headline	random-04	ligand_ecfp_ridge	ligand_only	RCSB-5OV8-AXN-KD	construct-002-cb5cf2af5e4a	4.7447274948966935	5.455550618880569			0.5737704918032787	1.0
stratified_random_pair_5fold_non_headline	random-04	ligand_ecfp_ridge	ligand_only	RCSB-5D7X-XZ8-KD	construct-002-cb5cf2af5e4a	4.823908740944319	5.30327030589829			0.20634920634920634	1.0
stratified_random_pair_5fold_non_headline	random-04	ligand_ecfp_ridge	ligand_only	RCSB-6FO5-DZH-KD	construct-003-fbf3f5c695a3	6.721246399047171	5.392161739543572			0.5142857142857142	1.0
stratified_random_pair_5fold_non_headline	random-04	ligand_ecfp_ridge	ligand_only	RCSB-4PS5-2TA-KD	construct-003-fbf3f5c695a3	6.785156151952302	6.409755975849554			0.6805555555555556	1.0
stratified_random_pair_5fold_non_headline	random-04	ligand_ecfp_ridge	ligand_only	RCSB-7MR9-ZMM-KD	construct-003-fbf3f5c695a3	6.474955192963154	6.3407292054309945			0.4727272727272727	1.0
stratified_random_pair_5fold_non_headline	random-04	ligand_ecfp_ridge	ligand_only	RCSB-5O1D-9GW-KD	construct-004-a02c0b37ee39	4.657577319177793	4.3975771173643965			0.7291666666666666	1.0
stratified_random_pair_5fold_non_headline	random-04	ligand_ecfp_ridge	ligand_only	RCSB-6RQ9-KEQ-KD	construct-005-6f4aa0a92e90	4.982966660701219	5.5134960241641			0.6	1.0
stratified_random_pair_5fold_non_headline	random-04	ligand_ecfp_ridge	ligand_only	RCSB-6RQ5-KEB-KD	construct-005-6f4aa0a92e90	4.82102305270683	5.567092314361666			0.7567567567567568	1.0
stratified_random_pair_5fold_non_headline	random-04	ligand_gmolai_ridge	ligand_only	RCSB-4UGY-EXI-KD	construct-001-c5158f5b655d	4.239577516576788	4.633268009511669			0.7254901960784313	1.0
stratified_random_pair_5fold_non_headline	random-04	ligand_gmolai_ridge	ligand_only	RCSB-4UG5-XFK-KD	construct-001-c5158f5b655d	5.298432014944073	5.116303584535277			0.8285714285714286	1.0
stratified_random_pair_5fold_non_headline	random-04	ligand_gmolai_ridge	ligand_only	RCSB-4UGI-SKO-KD	construct-001-c5158f5b655d	4.73754891026957	4.709496024284366			0.6862745098039216	1.0
stratified_random_pair_5fold_non_headline	random-04	ligand_gmolai_ridge	ligand_only	RCSB-4UGN-H49-KD	construct-001-c5158f5b655d	4.749579997691106	3.8824326298161305			0.49122807017543857	1.0
stratified_random_pair_5fold_non_headline	random-04	ligand_gmolai_ridge	ligand_only	RCSB-5OV8-AXN-KD	construct-002-cb5cf2af5e4a	4.7447274948966935	7.1540250754551415			0.5737704918032787	1.0
stratified_random_pair_5fold_non_headline	random-04	ligand_gmolai_ridge	ligand_only	RCSB-5D7X-XZ8-KD	construct-002-cb5cf2af5e4a	4.823908740944319	5.361474615950397			0.20634920634920634	1.0
stratified_random_pair_5fold_non_headline	random-04	ligand_gmolai_ridge	ligand_only	RCSB-6FO5-DZH-KD	construct-003-fbf3f5c695a3	6.721246399047171	6.125472840127201			0.5142857142857142	1.0
stratified_random_pair_5fold_non_headline	random-04	ligand_gmolai_ridge	ligand_only	RCSB-4PS5-2TA-KD	construct-003-fbf3f5c695a3	6.785156151952302	6.453976008242965			0.6805555555555556	1.0
stratified_random_pair_5fold_non_headline	random-04	ligand_gmolai_ridge	ligand_only	RCSB-7MR9-ZMM-KD	construct-003-fbf3f5c695a3	6.474955192963154	5.8006279509432375			0.4727272727272727	1.0
stratified_random_pair_5fold_non_headline	random-04	ligand_gmolai_ridge	ligand_only	RCSB-5O1D-9GW-KD	construct-004-a02c0b37ee39	4.657577319177793	4.908364227185342			0.7291666666666666	1.0
stratified_random_pair_5fold_non_headline	random-04	ligand_gmolai_ridge	ligand_only	RCSB-6RQ9-KEQ-KD	construct-005-6f4aa0a92e90	4.982966660701219	5.591547615523786			0.6	1.0
stratified_random_pair_5fold_non_headline	random-04	ligand_gmolai_ridge	ligand_only	RCSB-6RQ5-KEB-KD	construct-005-6f4aa0a92e90	4.82102305270683	5.744954433748303			0.7567567567567568	1.0
stratified_random_pair_5fold_non_headline	random-04	protein_sequence_ridge	sequence_only	RCSB-4UGY-EXI-KD	construct-001-c5158f5b655d	4.239577516576788	4.643346210727609			0.7254901960784313	1.0
stratified_random_pair_5fold_non_headline	random-04	protein_sequence_ridge	sequence_only	RCSB-4UG5-XFK-KD	construct-001-c5158f5b655d	5.298432014944073	4.643346210727609			0.8285714285714286	1.0
stratified_random_pair_5fold_non_headline	random-04	protein_sequence_ridge	sequence_only	RCSB-4UGI-SKO-KD	construct-001-c5158f5b655d	4.73754891026957	4.643346210727609			0.6862745098039216	1.0
stratified_random_pair_5fold_non_headline	random-04	protein_sequence_ridge	sequence_only	RCSB-4UGN-H49-KD	construct-001-c5158f5b655d	4.749579997691106	4.643346210727609			0.49122807017543857	1.0
stratified_random_pair_5fold_non_headline	random-04	protein_sequence_ridge	sequence_only	RCSB-5OV8-AXN-KD	construct-002-cb5cf2af5e4a	4.7447274948966935	4.863629224224379			0.5737704918032787	1.0
stratified_random_pair_5fold_non_headline	random-04	protein_sequence_ridge	sequence_only	RCSB-5D7X-XZ8-KD	construct-002-cb5cf2af5e4a	4.823908740944319	4.863629224224379			0.20634920634920634	1.0
stratified_random_pair_5fold_non_headline	random-04	protein_sequence_ridge	sequence_only	RCSB-6FO5-DZH-KD	construct-003-fbf3f5c695a3	6.721246399047171	6.405225773013508			0.5142857142857142	1.0
stratified_random_pair_5fold_non_headline	random-04	protein_sequence_ridge	sequence_only	RCSB-4PS5-2TA-KD	construct-003-fbf3f5c695a3	6.785156151952302	6.405225773013508			0.6805555555555556	1.0
stratified_random_pair_5fold_non_headline	random-04	protein_sequence_ridge	sequence_only	RCSB-7MR9-ZMM-KD	construct-003-fbf3f5c695a3	6.474955192963154	6.405225773013508			0.4727272727272727	1.0
stratified_random_pair_5fold_non_headline	random-04	protein_sequence_ridge	sequence_only	RCSB-5O1D-9GW-KD	construct-004-a02c0b37ee39	4.657577319177793	4.638033198318282			0.7291666666666666	1.0
stratified_random_pair_5fold_non_headline	random-04	protein_sequence_ridge	sequence_only	RCSB-6RQ9-KEQ-KD	construct-005-6f4aa0a92e90	4.982966660701219	5.639792500558313			0.6	1.0
stratified_random_pair_5fold_non_headline	random-04	protein_sequence_ridge	sequence_only	RCSB-6RQ5-KEB-KD	construct-005-6f4aa0a92e90	4.82102305270683	5.639792500558313			0.7567567567567568	1.0
stratified_random_pair_5fold_non_headline	random-04	concat_ecfp_sequence_ridge	sequence_ligand	RCSB-4UGY-EXI-KD	construct-001-c5158f5b655d	4.239577516576788	4.806180269986105			0.7254901960784313	1.0
stratified_random_pair_5fold_non_headline	random-04	concat_ecfp_sequence_ridge	sequence_ligand	RCSB-4UG5-XFK-KD	construct-001-c5158f5b655d	5.298432014944073	5.243921493411601			0.8285714285714286	1.0
stratified_random_pair_5fold_non_headline	random-04	concat_ecfp_sequence_ridge	sequence_ligand	RCSB-4UGI-SKO-KD	construct-001-c5158f5b655d	4.73754891026957	4.580537894160175			0.6862745098039216	1.0
stratified_random_pair_5fold_non_headline	random-04	concat_ecfp_sequence_ridge	sequence_ligand	RCSB-4UGN-H49-KD	construct-001-c5158f5b655d	4.749579997691106	4.452788955518495			0.49122807017543857	1.0
stratified_random_pair_5fold_non_headline	random-04	concat_ecfp_sequence_ridge	sequence_ligand	RCSB-5OV8-AXN-KD	construct-002-cb5cf2af5e4a	4.7447274948966935	5.300407951900788			0.5737704918032787	1.0
stratified_random_pair_5fold_non_headline	random-04	concat_ecfp_sequence_ridge	sequence_ligand	RCSB-5D7X-XZ8-KD	construct-002-cb5cf2af5e4a	4.823908740944319	4.551342602847017			0.20634920634920634	1.0
stratified_random_pair_5fold_non_headline	random-04	concat_ecfp_sequence_ridge	sequence_ligand	RCSB-6FO5-DZH-KD	construct-003-fbf3f5c695a3	6.721246399047171	5.891174037951686			0.5142857142857142	1.0
stratified_random_pair_5fold_non_headline	random-04	concat_ecfp_sequence_ridge	sequence_ligand	RCSB-4PS5-2TA-KD	construct-003-fbf3f5c695a3	6.785156151952302	6.694040496586357			0.6805555555555556	1.0
stratified_random_pair_5fold_non_headline	random-04	concat_ecfp_sequence_ridge	sequence_ligand	RCSB-7MR9-ZMM-KD	construct-003-fbf3f5c695a3	6.474955192963154	6.823013451660424			0.4727272727272727	1.0
stratified_random_pair_5fold_non_headline	random-04	concat_ecfp_sequence_ridge	sequence_ligand	RCSB-5O1D-9GW-KD	construct-004-a02c0b37ee39	4.657577319177793	4.416584063416885			0.7291666666666666	1.0
stratified_random_pair_5fold_non_headline	random-04	concat_ecfp_sequence_ridge	sequence_ligand	RCSB-6RQ9-KEQ-KD	construct-005-6f4aa0a92e90	4.982966660701219	5.702324779881037			0.6	1.0
stratified_random_pair_5fold_non_headline	random-04	concat_ecfp_sequence_ridge	sequence_ligand	RCSB-6RQ5-KEB-KD	construct-005-6f4aa0a92e90	4.82102305270683	5.667860489731915			0.7567567567567568	1.0
stratified_random_pair_5fold_non_headline	random-04	pocket_composition_ridge_S0	S0	RCSB-4UGY-EXI-KD	construct-001-c5158f5b655d	4.239577516576788	4.7871963262656045			0.7254901960784313	1.0
stratified_random_pair_5fold_non_headline	random-04	pocket_composition_ridge_S0	S0	RCSB-4UG5-XFK-KD	construct-001-c5158f5b655d	5.298432014944073	4.7871963262656045			0.8285714285714286	1.0
stratified_random_pair_5fold_non_headline	random-04	pocket_composition_ridge_S0	S0	RCSB-4UGI-SKO-KD	construct-001-c5158f5b655d	4.73754891026957	4.7871963262656045			0.6862745098039216	1.0
stratified_random_pair_5fold_non_headline	random-04	pocket_composition_ridge_S0	S0	RCSB-4UGN-H49-KD	construct-001-c5158f5b655d	4.749579997691106	4.7871963262656045			0.49122807017543857	1.0
stratified_random_pair_5fold_non_headline	random-04	pocket_composition_ridge_S0	S0	RCSB-5OV8-AXN-KD	construct-002-cb5cf2af5e4a	4.7447274948966935	5.032101973026611			0.5737704918032787	1.0
stratified_random_pair_5fold_non_headline	random-04	pocket_composition_ridge_S0	S0	RCSB-5D7X-XZ8-KD	construct-002-cb5cf2af5e4a	4.823908740944319	5.032101973026611			0.20634920634920634	1.0
stratified_random_pair_5fold_non_headline	random-04	pocket_composition_ridge_S0	S0	RCSB-6FO5-DZH-KD	construct-003-fbf3f5c695a3	6.721246399047171	6.039564933612569			0.5142857142857142	1.0
stratified_random_pair_5fold_non_headline	random-04	pocket_composition_ridge_S0	S0	RCSB-4PS5-2TA-KD	construct-003-fbf3f5c695a3	6.785156151952302	6.039564933612569			0.6805555555555556	1.0
stratified_random_pair_5fold_non_headline	random-04	pocket_composition_ridge_S0	S0	RCSB-7MR9-ZMM-KD	construct-003-fbf3f5c695a3	6.474955192963154	6.039564933612569			0.4727272727272727	1.0
stratified_random_pair_5fold_non_headline	random-04	pocket_composition_ridge_S0	S0	RCSB-5O1D-9GW-KD	construct-004-a02c0b37ee39	4.657577319177793	4.859808694485662			0.7291666666666666	1.0
stratified_random_pair_5fold_non_headline	random-04	pocket_composition_ridge_S0	S0	RCSB-6RQ9-KEQ-KD	construct-005-6f4aa0a92e90	4.982966660701219	5.491157897222388			0.6	1.0
stratified_random_pair_5fold_non_headline	random-04	pocket_composition_ridge_S0	S0	RCSB-6RQ5-KEB-KD	construct-005-6f4aa0a92e90	4.82102305270683	5.491157897222388			0.7567567567567568	1.0
stratified_random_pair_5fold_non_headline	random-04	pocket_structure_ridge_S0	S0	RCSB-4UGY-EXI-KD	construct-001-c5158f5b655d	4.239577516576788	4.42891803246506			0.7254901960784313	1.0
stratified_random_pair_5fold_non_headline	random-04	pocket_structure_ridge_S0	S0	RCSB-4UG5-XFK-KD	construct-001-c5158f5b655d	5.298432014944073	4.876926677366726			0.8285714285714286	1.0
stratified_random_pair_5fold_non_headline	random-04	pocket_structure_ridge_S0	S0	RCSB-4UGI-SKO-KD	construct-001-c5158f5b655d	4.73754891026957	4.635652805897581			0.6862745098039216	1.0
stratified_random_pair_5fold_non_headline	random-04	pocket_structure_ridge_S0	S0	RCSB-4UGN-H49-KD	construct-001-c5158f5b655d	4.749579997691106	4.642323099152008			0.49122807017543857	1.0
stratified_random_pair_5fold_non_headline	random-04	pocket_structure_ridge_S0	S0	RCSB-5OV8-AXN-KD	construct-002-cb5cf2af5e4a	4.7447274948966935	5.6976567304234536			0.5737704918032787	1.0
stratified_random_pair_5fold_non_headline	random-04	pocket_structure_ridge_S0	S0	RCSB-5D7X-XZ8-KD	construct-002-cb5cf2af5e4a	4.823908740944319	4.185853050662276			0.20634920634920634	1.0
stratified_random_pair_5fold_non_headline	random-04	pocket_structure_ridge_S0	S0	RCSB-6FO5-DZH-KD	construct-003-fbf3f5c695a3	6.721246399047171	6.981251567424906			0.5142857142857142	1.0
stratified_random_pair_5fold_non_headline	random-04	pocket_structure_ridge_S0	S0	RCSB-4PS5-2TA-KD	construct-003-fbf3f5c695a3	6.785156151952302	6.677995653984731			0.6805555555555556	1.0
stratified_random_pair_5fold_non_headline	random-04	pocket_structure_ridge_S0	S0	RCSB-7MR9-ZMM-KD	construct-003-fbf3f5c695a3	6.474955192963154	5.651321993634986			0.4727272727272727	1.0
stratified_random_pair_5fold_non_headline	random-04	pocket_structure_ridge_S0	S0	RCSB-5O1D-9GW-KD	construct-004-a02c0b37ee39	4.657577319177793	4.634130800726065			0.7291666666666666	1.0
stratified_random_pair_5fold_non_headline	random-04	pocket_structure_ridge_S0	S0	RCSB-6RQ9-KEQ-KD	construct-005-6f4aa0a92e90	4.982966660701219	6.063283029150356			0.6	1.0
stratified_random_pair_5fold_non_headline	random-04	pocket_structure_ridge_S0	S0	RCSB-6RQ5-KEB-KD	construct-005-6f4aa0a92e90	4.82102305270683	5.97537274922758			0.7567567567567568	1.0
stratified_random_pair_5fold_non_headline	random-04	concat_ecfp_pocket_ridge_S0	S0	RCSB-4UGY-EXI-KD	construct-001-c5158f5b655d	4.239577516576788	4.901855443377741			0.7254901960784313	1.0
stratified_random_pair_5fold_non_headline	random-04	concat_ecfp_pocket_ridge_S0	S0	RCSB-4UG5-XFK-KD	construct-001-c5158f5b655d	5.298432014944073	5.504800606955002			0.8285714285714286	1.0
stratified_random_pair_5fold_non_headline	random-04	concat_ecfp_pocket_ridge_S0	S0	RCSB-4UGI-SKO-KD	construct-001-c5158f5b655d	4.73754891026957	4.650379372039302			0.6862745098039216	1.0
stratified_random_pair_5fold_non_headline	random-04	concat_ecfp_pocket_ridge_S0	S0	RCSB-4UGN-H49-KD	construct-001-c5158f5b655d	4.749579997691106	4.506136560287779			0.49122807017543857	1.0
stratified_random_pair_5fold_non_headline	random-04	concat_ecfp_pocket_ridge_S0	S0	RCSB-5OV8-AXN-KD	construct-002-cb5cf2af5e4a	4.7447274948966935	5.396211528270831			0.5737704918032787	1.0
stratified_random_pair_5fold_non_headline	random-04	concat_ecfp_pocket_ridge_S0	S0	RCSB-5D7X-XZ8-KD	construct-002-cb5cf2af5e4a	4.823908740944319	5.034375820908449			0.20634920634920634	1.0
stratified_random_pair_5fold_non_headline	random-04	concat_ecfp_pocket_ridge_S0	S0	RCSB-6FO5-DZH-KD	construct-003-fbf3f5c695a3	6.721246399047171	5.511559914634832			0.5142857142857142	1.0
stratified_random_pair_5fold_non_headline	random-04	concat_ecfp_pocket_ridge_S0	S0	RCSB-4PS5-2TA-KD	construct-003-fbf3f5c695a3	6.785156151952302	6.4454510875491735			0.6805555555555556	1.0
stratified_random_pair_5fold_non_headline	random-04	concat_ecfp_pocket_ridge_S0	S0	RCSB-7MR9-ZMM-KD	construct-003-fbf3f5c695a3	6.474955192963154	6.490994274439483			0.4727272727272727	1.0
stratified_random_pair_5fold_non_headline	random-04	concat_ecfp_pocket_ridge_S0	S0	RCSB-5O1D-9GW-KD	construct-004-a02c0b37ee39	4.657577319177793	4.3832815469900765			0.7291666666666666	1.0
stratified_random_pair_5fold_non_headline	random-04	concat_ecfp_pocket_ridge_S0	S0	RCSB-6RQ9-KEQ-KD	construct-005-6f4aa0a92e90	4.982966660701219	5.632357814426082			0.6	1.0
stratified_random_pair_5fold_non_headline	random-04	concat_ecfp_pocket_ridge_S0	S0	RCSB-6RQ5-KEB-KD	construct-005-6f4aa0a92e90	4.82102305270683	5.624104683229639			0.7567567567567568	1.0
stratified_random_pair_5fold_non_headline	random-04	concat_gmolai_pocket_ridge_S0	S0	RCSB-4UGY-EXI-KD	construct-001-c5158f5b655d	4.239577516576788	4.701100825490396			0.7254901960784313	1.0
stratified_random_pair_5fold_non_headline	random-04	concat_gmolai_pocket_ridge_S0	S0	RCSB-4UG5-XFK-KD	construct-001-c5158f5b655d	5.298432014944073	5.131399313947941			0.8285714285714286	1.0
stratified_random_pair_5fold_non_headline	random-04	concat_gmolai_pocket_ridge_S0	S0	RCSB-4UGI-SKO-KD	construct-001-c5158f5b655d	4.73754891026957	4.738625542627373			0.6862745098039216	1.0
stratified_random_pair_5fold_non_headline	random-04	concat_gmolai_pocket_ridge_S0	S0	RCSB-4UGN-H49-KD	construct-001-c5158f5b655d	4.749579997691106	3.8383535520476215			0.49122807017543857	1.0
stratified_random_pair_5fold_non_headline	random-04	concat_gmolai_pocket_ridge_S0	S0	RCSB-5OV8-AXN-KD	construct-002-cb5cf2af5e4a	4.7447274948966935	6.68900054724314			0.5737704918032787	1.0
stratified_random_pair_5fold_non_headline	random-04	concat_gmolai_pocket_ridge_S0	S0	RCSB-5D7X-XZ8-KD	construct-002-cb5cf2af5e4a	4.823908740944319	4.925697823454559			0.20634920634920634	1.0
stratified_random_pair_5fold_non_headline	random-04	concat_gmolai_pocket_ridge_S0	S0	RCSB-6FO5-DZH-KD	construct-003-fbf3f5c695a3	6.721246399047171	6.327857971179554			0.5142857142857142	1.0
stratified_random_pair_5fold_non_headline	random-04	concat_gmolai_pocket_ridge_S0	S0	RCSB-4PS5-2TA-KD	construct-003-fbf3f5c695a3	6.785156151952302	6.643898137335153			0.6805555555555556	1.0
stratified_random_pair_5fold_non_headline	random-04	concat_gmolai_pocket_ridge_S0	S0	RCSB-7MR9-ZMM-KD	construct-003-fbf3f5c695a3	6.474955192963154	6.272539733798023			0.4727272727272727	1.0
stratified_random_pair_5fold_non_headline	random-04	concat_gmolai_pocket_ridge_S0	S0	RCSB-5O1D-9GW-KD	construct-004-a02c0b37ee39	4.657577319177793	4.776972300242375			0.7291666666666666	1.0
stratified_random_pair_5fold_non_headline	random-04	concat_gmolai_pocket_ridge_S0	S0	RCSB-6RQ9-KEQ-KD	construct-005-6f4aa0a92e90	4.982966660701219	5.563621202025683			0.6	1.0
stratified_random_pair_5fold_non_headline	random-04	concat_gmolai_pocket_ridge_S0	S0	RCSB-6RQ5-KEB-KD	construct-005-6f4aa0a92e90	4.82102305270683	5.662167799743171			0.7567567567567568	1.0
stratified_random_pair_5fold_non_headline	random-04	pocket_composition_ridge_S1	S1	RCSB-4UGY-EXI-KD	construct-001-c5158f5b655d	4.239577516576788	4.7871963262656045			0.7254901960784313	1.0
stratified_random_pair_5fold_non_headline	random-04	pocket_composition_ridge_S1	S1	RCSB-4UG5-XFK-KD	construct-001-c5158f5b655d	5.298432014944073	4.7871963262656045			0.8285714285714286	1.0
stratified_random_pair_5fold_non_headline	random-04	pocket_composition_ridge_S1	S1	RCSB-4UGI-SKO-KD	construct-001-c5158f5b655d	4.73754891026957	4.7871963262656045			0.6862745098039216	1.0
stratified_random_pair_5fold_non_headline	random-04	pocket_composition_ridge_S1	S1	RCSB-4UGN-H49-KD	construct-001-c5158f5b655d	4.749579997691106	4.7871963262656045			0.49122807017543857	1.0
stratified_random_pair_5fold_non_headline	random-04	pocket_composition_ridge_S1	S1	RCSB-5OV8-AXN-KD	construct-002-cb5cf2af5e4a	4.7447274948966935	5.032101973026611			0.5737704918032787	1.0
stratified_random_pair_5fold_non_headline	random-04	pocket_composition_ridge_S1	S1	RCSB-5D7X-XZ8-KD	construct-002-cb5cf2af5e4a	4.823908740944319	5.032101973026611			0.20634920634920634	1.0
stratified_random_pair_5fold_non_headline	random-04	pocket_composition_ridge_S1	S1	RCSB-6FO5-DZH-KD	construct-003-fbf3f5c695a3	6.721246399047171	6.039564933612569			0.5142857142857142	1.0
stratified_random_pair_5fold_non_headline	random-04	pocket_composition_ridge_S1	S1	RCSB-4PS5-2TA-KD	construct-003-fbf3f5c695a3	6.785156151952302	6.039564933612569			0.6805555555555556	1.0
stratified_random_pair_5fold_non_headline	random-04	pocket_composition_ridge_S1	S1	RCSB-7MR9-ZMM-KD	construct-003-fbf3f5c695a3	6.474955192963154	6.039564933612569			0.4727272727272727	1.0
stratified_random_pair_5fold_non_headline	random-04	pocket_composition_ridge_S1	S1	RCSB-5O1D-9GW-KD	construct-004-a02c0b37ee39	4.657577319177793	4.859808694485662			0.7291666666666666	1.0
stratified_random_pair_5fold_non_headline	random-04	pocket_composition_ridge_S1	S1	RCSB-6RQ9-KEQ-KD	construct-005-6f4aa0a92e90	4.982966660701219	5.491157897222388			0.6	1.0
stratified_random_pair_5fold_non_headline	random-04	pocket_composition_ridge_S1	S1	RCSB-6RQ5-KEB-KD	construct-005-6f4aa0a92e90	4.82102305270683	5.491157897222388			0.7567567567567568	1.0
stratified_random_pair_5fold_non_headline	random-04	pocket_structure_ridge_S1	S1	RCSB-4UGY-EXI-KD	construct-001-c5158f5b655d	4.239577516576788	4.733060109408538			0.7254901960784313	1.0
stratified_random_pair_5fold_non_headline	random-04	pocket_structure_ridge_S1	S1	RCSB-4UG5-XFK-KD	construct-001-c5158f5b655d	5.298432014944073	4.733060109408538			0.8285714285714286	1.0
stratified_random_pair_5fold_non_headline	random-04	pocket_structure_ridge_S1	S1	RCSB-4UGI-SKO-KD	construct-001-c5158f5b655d	4.73754891026957	4.733060109408538			0.6862745098039216	1.0
stratified_random_pair_5fold_non_headline	random-04	pocket_structure_ridge_S1	S1	RCSB-4UGN-H49-KD	construct-001-c5158f5b655d	4.749579997691106	4.733060109408538			0.49122807017543857	1.0
stratified_random_pair_5fold_non_headline	random-04	pocket_structure_ridge_S1	S1	RCSB-5OV8-AXN-KD	construct-002-cb5cf2af5e4a	4.7447274948966935	4.984605373575039			0.5737704918032787	1.0
stratified_random_pair_5fold_non_headline	random-04	pocket_structure_ridge_S1	S1	RCSB-5D7X-XZ8-KD	construct-002-cb5cf2af5e4a	4.823908740944319	4.984605373575039			0.20634920634920634	1.0
stratified_random_pair_5fold_non_headline	random-04	pocket_structure_ridge_S1	S1	RCSB-6FO5-DZH-KD	construct-003-fbf3f5c695a3	6.721246399047171	6.1630268881550485			0.5142857142857142	1.0
stratified_random_pair_5fold_non_headline	random-04	pocket_structure_ridge_S1	S1	RCSB-4PS5-2TA-KD	construct-003-fbf3f5c695a3	6.785156151952302	6.1630268881550485			0.6805555555555556	1.0
stratified_random_pair_5fold_non_headline	random-04	pocket_structure_ridge_S1	S1	RCSB-7MR9-ZMM-KD	construct-003-fbf3f5c695a3	6.474955192963154	6.1630268881550485			0.4727272727272727	1.0
stratified_random_pair_5fold_non_headline	random-04	pocket_structure_ridge_S1	S1	RCSB-5O1D-9GW-KD	construct-004-a02c0b37ee39	4.657577319177793	4.790264337082739			0.7291666666666666	1.0
stratified_random_pair_5fold_non_headline	random-04	pocket_structure_ridge_S1	S1	RCSB-6RQ9-KEQ-KD	construct-005-6f4aa0a92e90	4.982966660701219	5.535629139419423			0.6	1.0
stratified_random_pair_5fold_non_headline	random-04	pocket_structure_ridge_S1	S1	RCSB-6RQ5-KEB-KD	construct-005-6f4aa0a92e90	4.82102305270683	5.535629139419423			0.7567567567567568	1.0
stratified_random_pair_5fold_non_headline	random-04	concat_ecfp_pocket_ridge_S1	S1	RCSB-4UGY-EXI-KD	construct-001-c5158f5b655d	4.239577516576788	4.789593947407213			0.7254901960784313	1.0
stratified_random_pair_5fold_non_headline	random-04	concat_ecfp_pocket_ridge_S1	S1	RCSB-4UG5-XFK-KD	construct-001-c5158f5b655d	5.298432014944073	5.271312969834014			0.8285714285714286	1.0
stratified_random_pair_5fold_non_headline	random-04	concat_ecfp_pocket_ridge_S1	S1	RCSB-4UGI-SKO-KD	construct-001-c5158f5b655d	4.73754891026957	4.650197344271018			0.6862745098039216	1.0
stratified_random_pair_5fold_non_headline	random-04	concat_ecfp_pocket_ridge_S1	S1	RCSB-4UGN-H49-KD	construct-001-c5158f5b655d	4.749579997691106	4.549503975272939			0.49122807017543857	1.0
stratified_random_pair_5fold_non_headline	random-04	concat_ecfp_pocket_ridge_S1	S1	RCSB-5OV8-AXN-KD	construct-002-cb5cf2af5e4a	4.7447274948966935	5.411882117137503			0.5737704918032787	1.0
stratified_random_pair_5fold_non_headline	random-04	concat_ecfp_pocket_ridge_S1	S1	RCSB-5D7X-XZ8-KD	construct-002-cb5cf2af5e4a	4.823908740944319	5.071575823675233			0.20634920634920634	1.0
stratified_random_pair_5fold_non_headline	random-04	concat_ecfp_pocket_ridge_S1	S1	RCSB-6FO5-DZH-KD	construct-003-fbf3f5c695a3	6.721246399047171	5.567278608354023			0.5142857142857142	1.0
stratified_random_pair_5fold_non_headline	random-04	concat_ecfp_pocket_ridge_S1	S1	RCSB-4PS5-2TA-KD	construct-003-fbf3f5c695a3	6.785156151952302	6.448101966911537			0.6805555555555556	1.0
stratified_random_pair_5fold_non_headline	random-04	concat_ecfp_pocket_ridge_S1	S1	RCSB-7MR9-ZMM-KD	construct-003-fbf3f5c695a3	6.474955192963154	6.389030643744508			0.4727272727272727	1.0
stratified_random_pair_5fold_non_headline	random-04	concat_ecfp_pocket_ridge_S1	S1	RCSB-5O1D-9GW-KD	construct-004-a02c0b37ee39	4.657577319177793	4.484991834784169			0.7291666666666666	1.0
stratified_random_pair_5fold_non_headline	random-04	concat_ecfp_pocket_ridge_S1	S1	RCSB-6RQ9-KEQ-KD	construct-005-6f4aa0a92e90	4.982966660701219	5.561409388286981			0.6	1.0
stratified_random_pair_5fold_non_headline	random-04	concat_ecfp_pocket_ridge_S1	S1	RCSB-6RQ5-KEB-KD	construct-005-6f4aa0a92e90	4.82102305270683	5.583190979900391			0.7567567567567568	1.0
stratified_random_pair_5fold_non_headline	random-04	concat_gmolai_pocket_ridge_S1	S1	RCSB-4UGY-EXI-KD	construct-001-c5158f5b655d	4.239577516576788	4.70365207628492			0.7254901960784313	1.0
stratified_random_pair_5fold_non_headline	random-04	concat_gmolai_pocket_ridge_S1	S1	RCSB-4UG5-XFK-KD	construct-001-c5158f5b655d	5.298432014944073	5.118471560140943			0.8285714285714286	1.0
stratified_random_pair_5fold_non_headline	random-04	concat_gmolai_pocket_ridge_S1	S1	RCSB-4UGI-SKO-KD	construct-001-c5158f5b655d	4.73754891026957	4.733089214566124			0.6862745098039216	1.0
stratified_random_pair_5fold_non_headline	random-04	concat_gmolai_pocket_ridge_S1	S1	RCSB-4UGN-H49-KD	construct-001-c5158f5b655d	4.749579997691106	3.834420591265867			0.49122807017543857	1.0
stratified_random_pair_5fold_non_headline	random-04	concat_gmolai_pocket_ridge_S1	S1	RCSB-5OV8-AXN-KD	construct-002-cb5cf2af5e4a	4.7447274948966935	6.6318894766416285			0.5737704918032787	1.0
stratified_random_pair_5fold_non_headline	random-04	concat_gmolai_pocket_ridge_S1	S1	RCSB-5D7X-XZ8-KD	construct-002-cb5cf2af5e4a	4.823908740944319	4.8953183747528115			0.20634920634920634	1.0
stratified_random_pair_5fold_non_headline	random-04	concat_gmolai_pocket_ridge_S1	S1	RCSB-6FO5-DZH-KD	construct-003-fbf3f5c695a3	6.721246399047171	6.398369418287659			0.5142857142857142	1.0
stratified_random_pair_5fold_non_headline	random-04	concat_gmolai_pocket_ridge_S1	S1	RCSB-4PS5-2TA-KD	construct-003-fbf3f5c695a3	6.785156151952302	6.684887552822331			0.6805555555555556	1.0
stratified_random_pair_5fold_non_headline	random-04	concat_gmolai_pocket_ridge_S1	S1	RCSB-7MR9-ZMM-KD	construct-003-fbf3f5c695a3	6.474955192963154	6.3123202736875115			0.4727272727272727	1.0
stratified_random_pair_5fold_non_headline	random-04	concat_gmolai_pocket_ridge_S1	S1	RCSB-5O1D-9GW-KD	construct-004-a02c0b37ee39	4.657577319177793	4.777435150762153			0.7291666666666666	1.0
stratified_random_pair_5fold_non_headline	random-04	concat_gmolai_pocket_ridge_S1	S1	RCSB-6RQ9-KEQ-KD	construct-005-6f4aa0a92e90	4.982966660701219	5.547887671688372			0.6	1.0
stratified_random_pair_5fold_non_headline	random-04	concat_gmolai_pocket_ridge_S1	S1	RCSB-6RQ5-KEB-KD	construct-005-6f4aa0a92e90	4.82102305270683	5.663303551435431			0.7567567567567568	1.0
stratified_random_pair_5fold_non_headline	random-04	negative_pocket_permuted_concat_gmolai_S0	S0_negative_control	RCSB-4UGY-EXI-KD	construct-001-c5158f5b655d	4.239577516576788	4.606000767325601			0.7254901960784313	1.0
stratified_random_pair_5fold_non_headline	random-04	negative_pocket_permuted_concat_gmolai_S0	S0_negative_control	RCSB-4UG5-XFK-KD	construct-001-c5158f5b655d	5.298432014944073	5.080476643447455			0.8285714285714286	1.0
stratified_random_pair_5fold_non_headline	random-04	negative_pocket_permuted_concat_gmolai_S0	S0_negative_control	RCSB-4UGI-SKO-KD	construct-001-c5158f5b655d	4.73754891026957	4.700242017336591			0.6862745098039216	1.0
stratified_random_pair_5fold_non_headline	random-04	negative_pocket_permuted_concat_gmolai_S0	S0_negative_control	RCSB-4UGN-H49-KD	construct-001-c5158f5b655d	4.749579997691106	3.8027841219464142			0.49122807017543857	1.0
stratified_random_pair_5fold_non_headline	random-04	negative_pocket_permuted_concat_gmolai_S0	S0_negative_control	RCSB-5OV8-AXN-KD	construct-002-cb5cf2af5e4a	4.7447274948966935	6.649964278390465			0.5737704918032787	1.0
stratified_random_pair_5fold_non_headline	random-04	negative_pocket_permuted_concat_gmolai_S0	S0_negative_control	RCSB-5D7X-XZ8-KD	construct-002-cb5cf2af5e4a	4.823908740944319	4.868094172012418			0.20634920634920634	1.0
stratified_random_pair_5fold_non_headline	random-04	negative_pocket_permuted_concat_gmolai_S0	S0_negative_control	RCSB-6FO5-DZH-KD	construct-003-fbf3f5c695a3	6.721246399047171	6.48351855529106			0.5142857142857142	1.0
stratified_random_pair_5fold_non_headline	random-04	negative_pocket_permuted_concat_gmolai_S0	S0_negative_control	RCSB-4PS5-2TA-KD	construct-003-fbf3f5c695a3	6.785156151952302	6.707567129350637			0.6805555555555556	1.0
stratified_random_pair_5fold_non_headline	random-04	negative_pocket_permuted_concat_gmolai_S0	S0_negative_control	RCSB-7MR9-ZMM-KD	construct-003-fbf3f5c695a3	6.474955192963154	6.212216071070118			0.4727272727272727	1.0
stratified_random_pair_5fold_non_headline	random-04	negative_pocket_permuted_concat_gmolai_S0	S0_negative_control	RCSB-5O1D-9GW-KD	construct-004-a02c0b37ee39	4.657577319177793	4.77057100884825			0.7291666666666666	1.0
stratified_random_pair_5fold_non_headline	random-04	negative_pocket_permuted_concat_gmolai_S0	S0_negative_control	RCSB-6RQ9-KEQ-KD	construct-005-6f4aa0a92e90	4.982966660701219	5.554075145136526			0.6	1.0
stratified_random_pair_5fold_non_headline	random-04	negative_pocket_permuted_concat_gmolai_S0	S0_negative_control	RCSB-6RQ5-KEB-KD	construct-005-6f4aa0a92e90	4.82102305270683	5.663360783123069			0.7567567567567568	1.0
stratified_random_pair_5fold_non_headline	random-04	additive_gmolai_pocket_equal_S0	S0	RCSB-4UGY-EXI-KD	construct-001-c5158f5b655d	4.239577516576788	4.531093020988365			0.7254901960784313	1.0
stratified_random_pair_5fold_non_headline	random-04	additive_gmolai_pocket_equal_S0	S0	RCSB-4UG5-XFK-KD	construct-001-c5158f5b655d	5.298432014944073	4.996615130951001			0.8285714285714286	1.0
stratified_random_pair_5fold_non_headline	random-04	additive_gmolai_pocket_equal_S0	S0	RCSB-4UGI-SKO-KD	construct-001-c5158f5b655d	4.73754891026957	4.672574415090974			0.6862745098039216	1.0
stratified_random_pair_5fold_non_headline	random-04	additive_gmolai_pocket_equal_S0	S0	RCSB-4UGN-H49-KD	construct-001-c5158f5b655d	4.749579997691106	4.262377864484069			0.49122807017543857	1.0
stratified_random_pair_5fold_non_headline	random-04	additive_gmolai_pocket_equal_S0	S0	RCSB-5OV8-AXN-KD	construct-002-cb5cf2af5e4a	4.7447274948966935	6.4258409029392975			0.5737704918032787	1.0
stratified_random_pair_5fold_non_headline	random-04	additive_gmolai_pocket_equal_S0	S0	RCSB-5D7X-XZ8-KD	construct-002-cb5cf2af5e4a	4.823908740944319	4.773663833306337			0.20634920634920634	1.0
stratified_random_pair_5fold_non_headline	random-04	additive_gmolai_pocket_equal_S0	S0	RCSB-6FO5-DZH-KD	construct-003-fbf3f5c695a3	6.721246399047171	6.553362203776054			0.5142857142857142	1.0
stratified_random_pair_5fold_non_headline	random-04	additive_gmolai_pocket_equal_S0	S0	RCSB-4PS5-2TA-KD	construct-003-fbf3f5c695a3	6.785156151952302	6.565985831113848			0.6805555555555556	1.0
stratified_random_pair_5fold_non_headline	random-04	additive_gmolai_pocket_equal_S0	S0	RCSB-7MR9-ZMM-KD	construct-003-fbf3f5c695a3	6.474955192963154	5.725974972289112			0.4727272727272727	1.0
stratified_random_pair_5fold_non_headline	random-04	additive_gmolai_pocket_equal_S0	S0	RCSB-5O1D-9GW-KD	construct-004-a02c0b37ee39	4.657577319177793	4.771247513955704			0.7291666666666666	1.0
stratified_random_pair_5fold_non_headline	random-04	additive_gmolai_pocket_equal_S0	S0	RCSB-6RQ9-KEQ-KD	construct-005-6f4aa0a92e90	4.982966660701219	5.827415322337071			0.6	1.0
stratified_random_pair_5fold_non_headline	random-04	additive_gmolai_pocket_equal_S0	S0	RCSB-6RQ5-KEB-KD	construct-005-6f4aa0a92e90	4.82102305270683	5.860163591487941			0.7567567567567568	1.0
stratified_random_pair_5fold_non_headline	random-04	additive_gmolai_pocket_equal_S1	S1	RCSB-4UGY-EXI-KD	construct-001-c5158f5b655d	4.239577516576788	4.683164059460104			0.7254901960784313	1.0
stratified_random_pair_5fold_non_headline	random-04	additive_gmolai_pocket_equal_S1	S1	RCSB-4UG5-XFK-KD	construct-001-c5158f5b655d	5.298432014944073	4.924681846971907			0.8285714285714286	1.0
stratified_random_pair_5fold_non_headline	random-04	additive_gmolai_pocket_equal_S1	S1	RCSB-4UGI-SKO-KD	construct-001-c5158f5b655d	4.73754891026957	4.721278066846452			0.6862745098039216	1.0
stratified_random_pair_5fold_non_headline	random-04	additive_gmolai_pocket_equal_S1	S1	RCSB-4UGN-H49-KD	construct-001-c5158f5b655d	4.749579997691106	4.307746369612334			0.49122807017543857	1.0
stratified_random_pair_5fold_non_headline	random-04	additive_gmolai_pocket_equal_S1	S1	RCSB-5OV8-AXN-KD	construct-002-cb5cf2af5e4a	4.7447274948966935	6.0693152245150905			0.5737704918032787	1.0
stratified_random_pair_5fold_non_headline	random-04	additive_gmolai_pocket_equal_S1	S1	RCSB-5D7X-XZ8-KD	construct-002-cb5cf2af5e4a	4.823908740944319	5.173039994762718			0.20634920634920634	1.0
stratified_random_pair_5fold_non_headline	random-04	additive_gmolai_pocket_equal_S1	S1	RCSB-6FO5-DZH-KD	construct-003-fbf3f5c695a3	6.721246399047171	6.144249864141125			0.5142857142857142	1.0
stratified_random_pair_5fold_non_headline	random-04	additive_gmolai_pocket_equal_S1	S1	RCSB-4PS5-2TA-KD	construct-003-fbf3f5c695a3	6.785156151952302	6.3085014481990065			0.6805555555555556	1.0
stratified_random_pair_5fold_non_headline	random-04	additive_gmolai_pocket_equal_S1	S1	RCSB-7MR9-ZMM-KD	construct-003-fbf3f5c695a3	6.474955192963154	5.981827419549143			0.4727272727272727	1.0
stratified_random_pair_5fold_non_headline	random-04	additive_gmolai_pocket_equal_S1	S1	RCSB-5O1D-9GW-KD	construct-004-a02c0b37ee39	4.657577319177793	4.84931428213404			0.7291666666666666	1.0
stratified_random_pair_5fold_non_headline	random-04	additive_gmolai_pocket_equal_S1	S1	RCSB-6RQ9-KEQ-KD	construct-005-6f4aa0a92e90	4.982966660701219	5.563588377471604			0.6	1.0
stratified_random_pair_5fold_non_headline	random-04	additive_gmolai_pocket_equal_S1	S1	RCSB-6RQ5-KEB-KD	construct-005-6f4aa0a92e90	4.82102305270683	5.640291786583862			0.7567567567567568	1.0
stratified_random_pair_5fold_non_headline	random-04	ligand_ecfp_knn	ligand_only	RCSB-4UGY-EXI-KD	construct-001-c5158f5b655d	4.239577516576788	4.6804450996165725	RCSB-4UGH-4V4-KD	0.7254901960784313	0.7254901960784313	1.0
stratified_random_pair_5fold_non_headline	random-04	ligand_ecfp_knn	ligand_only	RCSB-4UG5-XFK-KD	construct-001-c5158f5b655d	5.298432014944073	5.424349029786463	RCSB-4UG6-XFJ-KD	0.8285714285714286	0.8285714285714286	1.0
stratified_random_pair_5fold_non_headline	random-04	ligand_ecfp_knn	ligand_only	RCSB-4UGI-SKO-KD	construct-001-c5158f5b655d	4.73754891026957	4.334495158946507	RCSB-4UGH-4V4-KD	0.6862745098039216	0.6862745098039216	1.0
stratified_random_pair_5fold_non_headline	random-04	ligand_ecfp_knn	ligand_only	RCSB-4UGN-H49-KD	construct-001-c5158f5b655d	4.749579997691106	4.291899942314784	RCSB-4UGM-1QE-KD	0.49122807017543857	0.49122807017543857	1.0
stratified_random_pair_5fold_non_headline	random-04	ligand_ecfp_knn	ligand_only	RCSB-5OV8-AXN-KD	construct-002-cb5cf2af5e4a	4.7447274948966935	6.007901455216785	RCSB-5O4S-9KW-KD	0.5737704918032787	0.5737704918032787	1.0
stratified_random_pair_5fold_non_headline	random-04	ligand_ecfp_knn	ligand_only	RCSB-5D7X-XZ8-KD	construct-002-cb5cf2af5e4a	4.823908740944319	5.631279576637352	RCSB-7MRA-ZMJ-KD	0.20634920634920634	0.20634920634920634	1.0
stratified_random_pair_5fold_non_headline	random-04	ligand_ecfp_knn	ligand_only	RCSB-6FO5-DZH-KD	construct-003-fbf3f5c695a3	6.721246399047171	5.732241700330574	RCSB-5EIS-5OU-KD	0.5142857142857142	0.5142857142857142	1.0
stratified_random_pair_5fold_non_headline	random-04	ligand_ecfp_knn	ligand_only	RCSB-4PS5-2TA-KD	construct-003-fbf3f5c695a3	6.785156151952302	6.99134267901511	RCSB-4O76-1M3-KD	0.6805555555555556	0.6805555555555556	1.0
stratified_random_pair_5fold_non_headline	random-04	ligand_ecfp_knn	ligand_only	RCSB-7MR9-ZMM-KD	construct-003-fbf3f5c695a3	6.474955192963154	6.900377379055339	RCSB-7MRA-ZMJ-KD	0.4727272727272727	0.4727272727272727	1.0
stratified_random_pair_5fold_non_headline	random-04	ligand_ecfp_knn	ligand_only	RCSB-5O1D-9GW-KD	construct-004-a02c0b37ee39	4.657577319177793	4.366990572352915	RCSB-5O1G-9GK-KD	0.7291666666666666	0.7291666666666666	1.0
stratified_random_pair_5fold_non_headline	random-04	ligand_ecfp_knn	ligand_only	RCSB-6RQ9-KEQ-KD	construct-005-6f4aa0a92e90	4.982966660701219	5.104004349997358	RCSB-6RQ0-KE2-KD	0.6	0.6	1.0
stratified_random_pair_5fold_non_headline	random-04	ligand_ecfp_knn	ligand_only	RCSB-6RQ5-KEB-KD	construct-005-6f4aa0a92e90	4.82102305270683	5.161134648479523	RCSB-6RQ0-KE2-KD	0.7567567567567568	0.7567567567567568	1.0
stratified_random_pair_5fold_non_headline	random-04	ligand_gmolai_knn	ligand_only	RCSB-4UGY-EXI-KD	construct-001-c5158f5b655d	4.239577516576788	4.923870483878963	RCSB-4UGH-4V4-KD	0.942035277616118	0.7254901960784313	1.0
stratified_random_pair_5fold_non_headline	random-04	ligand_gmolai_knn	ligand_only	RCSB-4UG5-XFK-KD	construct-001-c5158f5b655d	5.298432014944073	5.33881888017103	RCSB-4UG6-XFJ-KD	0.9990614683345391	0.8285714285714286	1.0
stratified_random_pair_5fold_non_headline	random-04	ligand_gmolai_knn	ligand_only	RCSB-4UGI-SKO-KD	construct-001-c5158f5b655d	4.73754891026957	4.820013161733201	RCSB-4UGH-4V4-KD	0.9229551318017711	0.6862745098039216	1.0
stratified_random_pair_5fold_non_headline	random-04	ligand_gmolai_knn	ligand_only	RCSB-4UGN-H49-KD	construct-001-c5158f5b655d	4.749579997691106	4.408126962565741	RCSB-4UGR-6E5-KD	0.7035196211418857	0.49122807017543857	1.0
stratified_random_pair_5fold_non_headline	random-04	ligand_gmolai_knn	ligand_only	RCSB-5OV8-AXN-KD	construct-002-cb5cf2af5e4a	4.7447274948966935	6.903986837675569	RCSB-5O4S-9KW-KD	0.8855733466668256	0.5737704918032787	1.0
stratified_random_pair_5fold_non_headline	random-04	ligand_gmolai_knn	ligand_only	RCSB-5D7X-XZ8-KD	construct-002-cb5cf2af5e4a	4.823908740944319	5.901195267947405	RCSB-7MRA-ZMJ-KD	0.7600697396268	0.20634920634920634	1.0
stratified_random_pair_5fold_non_headline	random-04	ligand_gmolai_knn	ligand_only	RCSB-6FO5-DZH-KD	construct-003-fbf3f5c695a3	6.721246399047171	5.458560641563807	RCSB-5EIS-5OU-KD	0.7077209051302833	0.5142857142857142	1.0
stratified_random_pair_5fold_non_headline	random-04	ligand_gmolai_knn	ligand_only	RCSB-4PS5-2TA-KD	construct-003-fbf3f5c695a3	6.785156151952302	6.666759290445617	RCSB-4O76-1M3-KD	0.8968779713379273	0.6805555555555556	1.0
stratified_random_pair_5fold_non_headline	random-04	ligand_gmolai_knn	ligand_only	RCSB-7MR9-ZMM-KD	construct-003-fbf3f5c695a3	6.474955192963154	5.505493218221795	RCSB-7MRA-ZMJ-KD	0.8142773565943568	0.4727272727272727	1.0
stratified_random_pair_5fold_non_headline	random-04	ligand_gmolai_knn	ligand_only	RCSB-5O1D-9GW-KD	construct-004-a02c0b37ee39	4.657577319177793	4.66606662523806	RCSB-5O1E-9GT-KD	0.9437689319603574	0.7291666666666666	1.0
stratified_random_pair_5fold_non_headline	random-04	ligand_gmolai_knn	ligand_only	RCSB-6RQ9-KEQ-KD	construct-005-6f4aa0a92e90	4.982966660701219	5.091533744744451	RCSB-6RQ0-KE2-KD	0.9448670819618632	0.6	1.0
stratified_random_pair_5fold_non_headline	random-04	ligand_gmolai_knn	ligand_only	RCSB-6RQ5-KEB-KD	construct-005-6f4aa0a92e90	4.82102305270683	5.3807094669557225	RCSB-6RQ0-KE2-KD	0.964042821895477	0.7567567567567568	1.0
stratified_random_pair_5fold_non_headline	random-04	protein_sequence_identity_knn	sequence_only	RCSB-4UGY-EXI-KD	construct-001-c5158f5b655d	4.239577516576788	5.756115056354644	RCSB-4UG6-XFJ-KD	1.0	0.7254901960784313	1.0
stratified_random_pair_5fold_non_headline	random-04	protein_sequence_identity_knn	sequence_only	RCSB-4UG5-XFK-KD	construct-001-c5158f5b655d	5.298432014944073	5.756115056354644	RCSB-4UG6-XFJ-KD	1.0	0.8285714285714286	1.0
stratified_random_pair_5fold_non_headline	random-04	protein_sequence_identity_knn	sequence_only	RCSB-4UGI-SKO-KD	construct-001-c5158f5b655d	4.73754891026957	5.756115056354644	RCSB-4UG6-XFJ-KD	1.0	0.6862745098039216	1.0
stratified_random_pair_5fold_non_headline	random-04	protein_sequence_identity_knn	sequence_only	RCSB-4UGN-H49-KD	construct-001-c5158f5b655d	4.749579997691106	5.756115056354644	RCSB-4UG6-XFJ-KD	1.0	0.49122807017543857	1.0
stratified_random_pair_5fold_non_headline	random-04	protein_sequence_identity_knn	sequence_only	RCSB-5OV8-AXN-KD	construct-002-cb5cf2af5e4a	4.7447274948966935	4.146661903997386	RCSB-5C85-4YO-KD	1.0	0.5737704918032787	1.0
stratified_random_pair_5fold_non_headline	random-04	protein_sequence_identity_knn	sequence_only	RCSB-5D7X-XZ8-KD	construct-002-cb5cf2af5e4a	4.823908740944319	4.146661903997386	RCSB-5C85-4YO-KD	1.0	0.20634920634920634	1.0
stratified_random_pair_5fold_non_headline	random-04	protein_sequence_identity_knn	sequence_only	RCSB-6FO5-DZH-KD	construct-003-fbf3f5c695a3	6.721246399047171	6.352375732510595	RCSB-4O76-1M3-KD	1.0	0.5142857142857142	1.0
stratified_random_pair_5fold_non_headline	random-04	protein_sequence_identity_knn	sequence_only	RCSB-4PS5-2TA-KD	construct-003-fbf3f5c695a3	6.785156151952302	6.352375732510595	RCSB-4O76-1M3-KD	1.0	0.6805555555555556	1.0
stratified_random_pair_5fold_non_headline	random-04	protein_sequence_identity_knn	sequence_only	RCSB-7MR9-ZMM-KD	construct-003-fbf3f5c695a3	6.474955192963154	6.352375732510595	RCSB-4O76-1M3-KD	1.0	0.4727272727272727	1.0
stratified_random_pair_5fold_non_headline	random-04	protein_sequence_identity_knn	sequence_only	RCSB-5O1D-9GW-KD	construct-004-a02c0b37ee39	4.657577319177793	4.792250236534033	RCSB-4AGQ-P96-KD	1.0	0.7291666666666666	1.0
stratified_random_pair_5fold_non_headline	random-04	protein_sequence_identity_knn	sequence_only	RCSB-6RQ9-KEQ-KD	construct-005-6f4aa0a92e90	4.982966660701219	5.0838380910400724	RCSB-6RQ0-KE2-KD	1.0	0.6	1.0
stratified_random_pair_5fold_non_headline	random-04	protein_sequence_identity_knn	sequence_only	RCSB-6RQ5-KEB-KD	construct-005-6f4aa0a92e90	4.82102305270683	5.0838380910400724	RCSB-6RQ0-KE2-KD	1.0	0.7567567567567568	1.0
stratified_random_pair_5fold_non_headline	random-04	pocket_structure_knn_S0	S0	RCSB-4UGY-EXI-KD	construct-001-c5158f5b655d	4.239577516576788	4.038278233606771	RCSB-4UGM-1QE-KD	0.9312983847952775	0.7254901960784313	1.0
stratified_random_pair_5fold_non_headline	random-04	pocket_structure_knn_S0	S0	RCSB-4UG5-XFK-KD	construct-001-c5158f5b655d	5.298432014944073	4.11665791712287	RCSB-4UGB-QJ7-KD	0.8722672103726047	0.8285714285714286	1.0
stratified_random_pair_5fold_non_headline	random-04	pocket_structure_knn_S0	S0	RCSB-4UGI-SKO-KD	construct-001-c5158f5b655d	4.73754891026957	4.119160964557434	RCSB-4UGB-QJ7-KD	0.9002338610760918	0.6862745098039216	1.0
stratified_random_pair_5fold_non_headline	random-04	pocket_structure_knn_S0	S0	RCSB-4UGN-H49-KD	construct-001-c5158f5b655d	4.749579997691106	4.486126898223446	RCSB-4UGL-S90-KD	0.9582642846098812	0.49122807017543857	1.0
stratified_random_pair_5fold_non_headline	random-04	pocket_structure_knn_S0	S0	RCSB-5OV8-AXN-KD	construct-002-cb5cf2af5e4a	4.7447274948966935	4.787073163874388	RCSB-5O4S-9KW-KD	0.8988591259609576	0.5737704918032787	1.0
stratified_random_pair_5fold_non_headline	random-04	pocket_structure_knn_S0	S0	RCSB-5D7X-XZ8-KD	construct-002-cb5cf2af5e4a	4.823908740944319	4.073095765506708	RCSB-5EWH-5SG-KD	0.8446497878010276	0.20634920634920634	1.0
stratified_random_pair_5fold_non_headline	random-04	pocket_structure_knn_S0	S0	RCSB-6FO5-DZH-KD	construct-003-fbf3f5c695a3	6.721246399047171	6.517964284669501	RCSB-6FSY-E5Q-KD	0.8264956139852285	0.5142857142857142	1.0
stratified_random_pair_5fold_non_headline	random-04	pocket_structure_knn_S0	S0	RCSB-4PS5-2TA-KD	construct-003-fbf3f5c695a3	6.785156151952302	7.325917331083374	RCSB-6FSY-E5Q-KD	0.8546649608525693	0.6805555555555556	1.0
stratified_random_pair_5fold_non_headline	random-04	pocket_structure_knn_S0	S0	RCSB-7MR9-ZMM-KD	construct-003-fbf3f5c695a3	6.474955192963154	6.295871830064789	RCSB-5D26-L28-KD	0.8992232087051847	0.4727272727272727	1.0
stratified_random_pair_5fold_non_headline	random-04	pocket_structure_knn_S0	S0	RCSB-5O1D-9GW-KD	construct-004-a02c0b37ee39	4.657577319177793	4.673092843303367	RCSB-5O1H-9GN-KD	0.9508810217933286	0.7291666666666666	1.0
stratified_random_pair_5fold_non_headline	random-04	pocket_structure_knn_S0	S0	RCSB-6RQ9-KEQ-KD	construct-005-6f4aa0a92e90	4.982966660701219	6.24057113553971	RCSB-6RQ8-KEH-KD	0.889329536545154	0.6	1.0
stratified_random_pair_5fold_non_headline	random-04	pocket_structure_knn_S0	S0	RCSB-6RQ5-KEB-KD	construct-005-6f4aa0a92e90	4.82102305270683	5.758324508351898	RCSB-6RQ8-KEH-KD	0.9267150447318757	0.7567567567567568	1.0
stratified_random_pair_5fold_non_headline	random-04	two_sided_ecfp_pocket_knn_S0	S0	RCSB-4UGY-EXI-KD	construct-001-c5158f5b655d	4.239577516576788	4.672253374618243	RCSB-4UGH-4V4-KD	0.7895045120511999	0.7254901960784313	1.0
stratified_random_pair_5fold_non_headline	random-04	two_sided_ecfp_pocket_knn_S0	S0	RCSB-4UG5-XFK-KD	construct-001-c5158f5b655d	5.298432014944073	5.382128519184036	RCSB-4UG6-XFJ-KD	0.8384612290379164	0.8285714285714286	1.0
stratified_random_pair_5fold_non_headline	random-04	two_sided_ecfp_pocket_knn_S0	S0	RCSB-4UGI-SKO-KD	construct-001-c5158f5b655d	4.73754891026957	4.598949556997466	RCSB-4UGH-4V4-KD	0.7747661809845028	0.6862745098039216	1.0
stratified_random_pair_5fold_non_headline	random-04	two_sided_ecfp_pocket_knn_S0	S0	RCSB-4UGN-H49-KD	construct-001-c5158f5b655d	4.749579997691106	4.393239492573826	RCSB-4UGM-1QE-KD	0.6378318404823098	0.49122807017543857	1.0
stratified_random_pair_5fold_non_headline	random-04	two_sided_ecfp_pocket_knn_S0	S0	RCSB-5OV8-AXN-KD	construct-002-cb5cf2af5e4a	4.7447274948966935	5.818608883110406	RCSB-5O4S-9KW-KD	0.7181495963686702	0.5737704918032787	1.0
stratified_random_pair_5fold_non_headline	random-04	two_sided_ecfp_pocket_knn_S0	S0	RCSB-5D7X-XZ8-KD	construct-002-cb5cf2af5e4a	4.823908740944319	4.41330655063941	RCSB-5EPS-5QX-KD	0.3991763650119105	0.20634920634920634	1.0
stratified_random_pair_5fold_non_headline	random-04	two_sided_ecfp_pocket_knn_S0	S0	RCSB-6FO5-DZH-KD	construct-003-fbf3f5c695a3	6.721246399047171	5.837133317307007	RCSB-5EIS-5OU-KD	0.6254196324845169	0.5142857142857142	1.0
stratified_random_pair_5fold_non_headline	random-04	two_sided_ecfp_pocket_knn_S0	S0	RCSB-4PS5-2TA-KD	construct-003-fbf3f5c695a3	6.785156151952302	7.007670984789589	RCSB-4O76-1M3-KD	0.7293512696564894	0.6805555555555556	1.0
stratified_random_pair_5fold_non_headline	random-04	two_sided_ecfp_pocket_knn_S0	S0	RCSB-7MR9-ZMM-KD	construct-003-fbf3f5c695a3	6.474955192963154	7.3836852244766815	RCSB-7MRA-ZMJ-KD	0.6443967349923221	0.4727272727272727	1.0
stratified_random_pair_5fold_non_headline	random-04	two_sided_ecfp_pocket_knn_S0	S0	RCSB-5O1D-9GW-KD	construct-004-a02c0b37ee39	4.657577319177793	4.4024338951075075	RCSB-5O1G-9GK-KD	0.812708607099385	0.7291666666666666	1.0
stratified_random_pair_5fold_non_headline	random-04	two_sided_ecfp_pocket_knn_S0	S0	RCSB-6RQ9-KEQ-KD	construct-005-6f4aa0a92e90	4.982966660701219	5.638664693017839	RCSB-6RQ8-KEH-KD	0.7063229990857762	0.6	1.0
stratified_random_pair_5fold_non_headline	random-04	two_sided_ecfp_pocket_knn_S0	S0	RCSB-6RQ5-KEB-KD	construct-005-6f4aa0a92e90	4.82102305270683	5.619010660431376	RCSB-6RQ0-KE2-KD	0.8064627716873899	0.7567567567567568	1.0
stratified_random_pair_5fold_non_headline	random-04	pocket_structure_knn_S1	S1	RCSB-4UGY-EXI-KD	construct-001-c5158f5b655d	4.239577516576788	5.756115056354644	RCSB-4UG6-XFJ-KD	1.0	0.7254901960784313	1.0
stratified_random_pair_5fold_non_headline	random-04	pocket_structure_knn_S1	S1	RCSB-4UG5-XFK-KD	construct-001-c5158f5b655d	5.298432014944073	5.756115056354644	RCSB-4UG6-XFJ-KD	1.0	0.8285714285714286	1.0
stratified_random_pair_5fold_non_headline	random-04	pocket_structure_knn_S1	S1	RCSB-4UGI-SKO-KD	construct-001-c5158f5b655d	4.73754891026957	5.756115056354644	RCSB-4UG6-XFJ-KD	1.0	0.6862745098039216	1.0
stratified_random_pair_5fold_non_headline	random-04	pocket_structure_knn_S1	S1	RCSB-4UGN-H49-KD	construct-001-c5158f5b655d	4.749579997691106	5.756115056354644	RCSB-4UG6-XFJ-KD	1.0	0.49122807017543857	1.0
stratified_random_pair_5fold_non_headline	random-04	pocket_structure_knn_S1	S1	RCSB-5OV8-AXN-KD	construct-002-cb5cf2af5e4a	4.7447274948966935	4.146661903997386	RCSB-5C85-4YO-KD	1.0	0.5737704918032787	1.0
stratified_random_pair_5fold_non_headline	random-04	pocket_structure_knn_S1	S1	RCSB-5D7X-XZ8-KD	construct-002-cb5cf2af5e4a	4.823908740944319	4.146661903997386	RCSB-5C85-4YO-KD	1.0	0.20634920634920634	1.0
stratified_random_pair_5fold_non_headline	random-04	pocket_structure_knn_S1	S1	RCSB-6FO5-DZH-KD	construct-003-fbf3f5c695a3	6.721246399047171	6.352375732510595	RCSB-4O76-1M3-KD	1.0	0.5142857142857142	1.0
stratified_random_pair_5fold_non_headline	random-04	pocket_structure_knn_S1	S1	RCSB-4PS5-2TA-KD	construct-003-fbf3f5c695a3	6.785156151952302	6.352375732510595	RCSB-4O76-1M3-KD	1.0	0.6805555555555556	1.0
stratified_random_pair_5fold_non_headline	random-04	pocket_structure_knn_S1	S1	RCSB-7MR9-ZMM-KD	construct-003-fbf3f5c695a3	6.474955192963154	6.352375732510595	RCSB-4O76-1M3-KD	1.0	0.4727272727272727	1.0
stratified_random_pair_5fold_non_headline	random-04	pocket_structure_knn_S1	S1	RCSB-5O1D-9GW-KD	construct-004-a02c0b37ee39	4.657577319177793	4.792250236534033	RCSB-4AGQ-P96-KD	1.0	0.7291666666666666	1.0
stratified_random_pair_5fold_non_headline	random-04	pocket_structure_knn_S1	S1	RCSB-6RQ9-KEQ-KD	construct-005-6f4aa0a92e90	4.982966660701219	5.0838380910400724	RCSB-6RQ0-KE2-KD	1.0	0.6	1.0
stratified_random_pair_5fold_non_headline	random-04	pocket_structure_knn_S1	S1	RCSB-6RQ5-KEB-KD	construct-005-6f4aa0a92e90	4.82102305270683	5.0838380910400724	RCSB-6RQ0-KE2-KD	1.0	0.7567567567567568	1.0
stratified_random_pair_5fold_non_headline	random-04	two_sided_ecfp_pocket_knn_S1	S1	RCSB-4UGY-EXI-KD	construct-001-c5158f5b655d	4.239577516576788	4.688831522940508	RCSB-4UGH-4V4-KD	0.851757122704842	0.7254901960784313	1.0
stratified_random_pair_5fold_non_headline	random-04	two_sided_ecfp_pocket_knn_S1	S1	RCSB-4UG5-XFK-KD	construct-001-c5158f5b655d	5.298432014944073	5.37810260006193	RCSB-4UG6-XFJ-KD	0.9102589898327995	0.8285714285714286	1.0
stratified_random_pair_5fold_non_headline	random-04	two_sided_ecfp_pocket_knn_S1	S1	RCSB-4UGI-SKO-KD	construct-001-c5158f5b655d	4.73754891026957	4.3489820179392185	RCSB-4UGH-4V4-KD	0.828416869579514	0.6862745098039216	1.0
stratified_random_pair_5fold_non_headline	random-04	two_sided_ecfp_pocket_knn_S1	S1	RCSB-4UGN-H49-KD	construct-001-c5158f5b655d	4.749579997691106	4.290431868099301	RCSB-4UGM-1QE-KD	0.7008766440504623	0.49122807017543857	1.0
stratified_random_pair_5fold_non_headline	random-04	two_sided_ecfp_pocket_knn_S1	S1	RCSB-5OV8-AXN-KD	construct-002-cb5cf2af5e4a	4.7447274948966935	5.904029320414464	RCSB-5O4S-9KW-KD	0.7574763968621587	0.5737704918032787	1.0
stratified_random_pair_5fold_non_headline	random-04	two_sided_ecfp_pocket_knn_S1	S1	RCSB-5D7X-XZ8-KD	construct-002-cb5cf2af5e4a	4.823908740944319	4.419838711799052	RCSB-5O5A-9LN-KD	0.4413674147523748	0.20634920634920634	1.0
stratified_random_pair_5fold_non_headline	random-04	two_sided_ecfp_pocket_knn_S1	S1	RCSB-6FO5-DZH-KD	construct-003-fbf3f5c695a3	6.721246399047171	6.074266190527418	RCSB-5EIS-5OU-KD	0.7171371656006361	0.5142857142857142	1.0
stratified_random_pair_5fold_non_headline	random-04	two_sided_ecfp_pocket_knn_S1	S1	RCSB-4PS5-2TA-KD	construct-003-fbf3f5c695a3	6.785156151952302	7.057314281682327	RCSB-4O76-1M3-KD	0.8249579113843054	0.6805555555555556	1.0
stratified_random_pair_5fold_non_headline	random-04	two_sided_ecfp_pocket_knn_S1	S1	RCSB-7MR9-ZMM-KD	construct-003-fbf3f5c695a3	6.474955192963154	7.386272587462587	RCSB-7MRA-ZMJ-KD	0.6875516509523286	0.4727272727272727	1.0
stratified_random_pair_5fold_non_headline	random-04	two_sided_ecfp_pocket_knn_S1	S1	RCSB-5O1D-9GW-KD	construct-004-a02c0b37ee39	4.657577319177793	4.394881435263992	RCSB-5O1G-9GK-KD	0.8539125638299665	0.7291666666666666	1.0
stratified_random_pair_5fold_non_headline	random-04	two_sided_ecfp_pocket_knn_S1	S1	RCSB-6RQ9-KEQ-KD	construct-005-6f4aa0a92e90	4.982966660701219	5.093836828399973	RCSB-6RQ0-KE2-KD	0.7745966692414834	0.6	1.0
stratified_random_pair_5fold_non_headline	random-04	two_sided_ecfp_pocket_knn_S1	S1	RCSB-6RQ5-KEB-KD	construct-005-6f4aa0a92e90	4.82102305270683	5.1215926844809845	RCSB-6RQ0-KE2-KD	0.86991767240168	0.7567567567567568	1.0
stratified_random_pair_5fold_non_headline	random-05	global_train_mean	no_input	RCSB-4UG6-XFJ-KD	construct-001-c5158f5b655d	5.571865205971211	5.126553705768629			0.8285714285714286	1.0
stratified_random_pair_5fold_non_headline	random-05	global_train_mean	no_input	RCSB-4UG7-1EV-KD	construct-001-c5158f5b655d	5.349692476868063	5.126553705768629			0.5813953488372093	1.0
stratified_random_pair_5fold_non_headline	random-05	global_train_mean	no_input	RCSB-4UGG-S5D-KD	construct-001-c5158f5b655d	4.59176003468815	5.126553705768629			0.509090909090909	1.0
stratified_random_pair_5fold_non_headline	random-05	global_train_mean	no_input	RCSB-5MYG-LS8-KD	construct-002-cb5cf2af5e4a	7.508638306165727	5.126553705768629			0.24050632911392406	1.0
stratified_random_pair_5fold_non_headline	random-05	global_train_mean	no_input	RCSB-5O4S-9KW-KD	construct-002-cb5cf2af5e4a	5.6020599913279625	5.126553705768629			0.5737704918032787	1.0
stratified_random_pair_5fold_non_headline	random-05	global_train_mean	no_input	RCSB-7AXR-S7T-KD	construct-003-fbf3f5c695a3	4.940058111938045	5.126553705768629			0.44776119402985076	1.0
stratified_random_pair_5fold_non_headline	random-05	global_train_mean	no_input	RCSB-6FSY-E5Q-KD	construct-003-fbf3f5c695a3	6.607303046740334	5.126553705768629			0.2	1.0
stratified_random_pair_5fold_non_headline	random-05	global_train_mean	no_input	RCSB-5D3L-57F-KD	construct-003-fbf3f5c695a3	6.055517327849831	5.126553705768629			0.609375	1.0
stratified_random_pair_5fold_non_headline	random-05	global_train_mean	no_input	RCSB-4AGQ-P96-KD	construct-004-a02c0b37ee39	5.0	5.126553705768629			0.18571428571428572	1.0
stratified_random_pair_5fold_non_headline	random-05	global_train_mean	no_input	RCSB-5AOJ-Y0V-KD	construct-004-a02c0b37ee39	4.6777807052660805	5.126553705768629			0.6046511627906976	1.0
stratified_random_pair_5fold_non_headline	random-05	global_train_mean	no_input	RCSB-6RQB-Q47-KD	construct-005-6f4aa0a92e90	6.337242168318426	5.126553705768629			0.6923076923076923	1.0
stratified_random_pair_5fold_non_headline	random-05	global_train_mean	no_input	RCSB-6RQ0-KE2-KD	construct-005-6f4aa0a92e90	5.958607314841775	5.126553705768629			0.7567567567567568	1.0
stratified_random_pair_5fold_non_headline	random-05	target_mean_or_global_fallback	target_identity	RCSB-4UG6-XFJ-KD	construct-001-c5158f5b655d	5.571865205971211	4.56217035214098			0.8285714285714286	1.0
stratified_random_pair_5fold_non_headline	random-05	target_mean_or_global_fallback	target_identity	RCSB-4UG7-1EV-KD	construct-001-c5158f5b655d	5.349692476868063	4.56217035214098			0.5813953488372093	1.0
stratified_random_pair_5fold_non_headline	random-05	target_mean_or_global_fallback	target_identity	RCSB-4UGG-S5D-KD	construct-001-c5158f5b655d	4.59176003468815	4.56217035214098			0.509090909090909	1.0
stratified_random_pair_5fold_non_headline	random-05	target_mean_or_global_fallback	target_identity	RCSB-5MYG-LS8-KD	construct-002-cb5cf2af5e4a	7.508638306165727	4.4058367636765805			0.24050632911392406	1.0
stratified_random_pair_5fold_non_headline	random-05	target_mean_or_global_fallback	target_identity	RCSB-5O4S-9KW-KD	construct-002-cb5cf2af5e4a	5.6020599913279625	4.4058367636765805			0.5737704918032787	1.0
stratified_random_pair_5fold_non_headline	random-05	target_mean_or_global_fallback	target_identity	RCSB-7AXR-S7T-KD	construct-003-fbf3f5c695a3	4.940058111938045	6.626146294482209			0.44776119402985076	1.0
stratified_random_pair_5fold_non_headline	random-05	target_mean_or_global_fallback	target_identity	RCSB-6FSY-E5Q-KD	construct-003-fbf3f5c695a3	6.607303046740334	6.626146294482209			0.2	1.0
stratified_random_pair_5fold_non_headline	random-05	target_mean_or_global_fallback	target_identity	RCSB-5D3L-57F-KD	construct-003-fbf3f5c695a3	6.055517327849831	6.626146294482209			0.609375	1.0
stratified_random_pair_5fold_non_headline	random-05	target_mean_or_global_fallback	target_identity	RCSB-4AGQ-P96-KD	construct-004-a02c0b37ee39	5.0	4.567472703417055			0.18571428571428572	1.0
stratified_random_pair_5fold_non_headline	random-05	target_mean_or_global_fallback	target_identity	RCSB-5AOJ-Y0V-KD	construct-004-a02c0b37ee39	4.6777807052660805	4.567472703417055			0.6046511627906976	1.0
stratified_random_pair_5fold_non_headline	random-05	target_mean_or_global_fallback	target_identity	RCSB-6RQB-Q47-KD	construct-005-6f4aa0a92e90	6.337242168318426	5.245607896881432			0.6923076923076923	1.0
stratified_random_pair_5fold_non_headline	random-05	target_mean_or_global_fallback	target_identity	RCSB-6RQ0-KE2-KD	construct-005-6f4aa0a92e90	5.958607314841775	5.245607896881432			0.7567567567567568	1.0
stratified_random_pair_5fold_non_headline	random-05	nuisance_ridge	metadata_only	RCSB-4UG6-XFJ-KD	construct-001-c5158f5b655d	5.571865205971211	4.868384690246316			0.8285714285714286	1.0
stratified_random_pair_5fold_non_headline	random-05	nuisance_ridge	metadata_only	RCSB-4UG7-1EV-KD	construct-001-c5158f5b655d	5.349692476868063	4.879840615439657			0.5813953488372093	1.0
stratified_random_pair_5fold_non_headline	random-05	nuisance_ridge	metadata_only	RCSB-4UGG-S5D-KD	construct-001-c5158f5b655d	4.59176003468815	4.743285987135037			0.509090909090909	1.0
stratified_random_pair_5fold_non_headline	random-05	nuisance_ridge	metadata_only	RCSB-5MYG-LS8-KD	construct-002-cb5cf2af5e4a	7.508638306165727	5.12657513604444			0.24050632911392406	1.0
stratified_random_pair_5fold_non_headline	random-05	nuisance_ridge	metadata_only	RCSB-5O4S-9KW-KD	construct-002-cb5cf2af5e4a	5.6020599913279625	5.306357072173216			0.5737704918032787	1.0
stratified_random_pair_5fold_non_headline	random-05	nuisance_ridge	metadata_only	RCSB-7AXR-S7T-KD	construct-003-fbf3f5c695a3	4.940058111938045	5.5041212107667885			0.44776119402985076	1.0
stratified_random_pair_5fold_non_headline	random-05	nuisance_ridge	metadata_only	RCSB-6FSY-E5Q-KD	construct-003-fbf3f5c695a3	6.607303046740334	5.379479894379388			0.2	1.0
stratified_random_pair_5fold_non_headline	random-05	nuisance_ridge	metadata_only	RCSB-5D3L-57F-KD	construct-003-fbf3f5c695a3	6.055517327849831	5.235287415756638			0.609375	1.0
stratified_random_pair_5fold_non_headline	random-05	nuisance_ridge	metadata_only	RCSB-4AGQ-P96-KD	construct-004-a02c0b37ee39	5.0	4.913085560216977			0.18571428571428572	1.0
stratified_random_pair_5fold_non_headline	random-05	nuisance_ridge	metadata_only	RCSB-5AOJ-Y0V-KD	construct-004-a02c0b37ee39	4.6777807052660805	5.062929912029727			0.6046511627906976	1.0
stratified_random_pair_5fold_non_headline	random-05	nuisance_ridge	metadata_only	RCSB-6RQB-Q47-KD	construct-005-6f4aa0a92e90	6.337242168318426	5.1975354070617215			0.6923076923076923	1.0
stratified_random_pair_5fold_non_headline	random-05	nuisance_ridge	metadata_only	RCSB-6RQ0-KE2-KD	construct-005-6f4aa0a92e90	5.958607314841775	5.165229698016502			0.7567567567567568	1.0
stratified_random_pair_5fold_non_headline	random-05	ligand_ecfp_ridge	ligand_only	RCSB-4UG6-XFJ-KD	construct-001-c5158f5b655d	5.571865205971211	4.833843709823272			0.8285714285714286	1.0
stratified_random_pair_5fold_non_headline	random-05	ligand_ecfp_ridge	ligand_only	RCSB-4UG7-1EV-KD	construct-001-c5158f5b655d	5.349692476868063	5.055908094028683			0.5813953488372093	1.0
stratified_random_pair_5fold_non_headline	random-05	ligand_ecfp_ridge	ligand_only	RCSB-4UGG-S5D-KD	construct-001-c5158f5b655d	4.59176003468815	4.847008180939827			0.509090909090909	1.0
stratified_random_pair_5fold_non_headline	random-05	ligand_ecfp_ridge	ligand_only	RCSB-5MYG-LS8-KD	construct-002-cb5cf2af5e4a	7.508638306165727	5.7250247172015625			0.24050632911392406	1.0
stratified_random_pair_5fold_non_headline	random-05	ligand_ecfp_ridge	ligand_only	RCSB-5O4S-9KW-KD	construct-002-cb5cf2af5e4a	5.6020599913279625	5.8808877947652585			0.5737704918032787	1.0
stratified_random_pair_5fold_non_headline	random-05	ligand_ecfp_ridge	ligand_only	RCSB-7AXR-S7T-KD	construct-003-fbf3f5c695a3	4.940058111938045	4.966183742861622			0.44776119402985076	1.0
stratified_random_pair_5fold_non_headline	random-05	ligand_ecfp_ridge	ligand_only	RCSB-6FSY-E5Q-KD	construct-003-fbf3f5c695a3	6.607303046740334	4.939757334405827			0.2	1.0
stratified_random_pair_5fold_non_headline	random-05	ligand_ecfp_ridge	ligand_only	RCSB-5D3L-57F-KD	construct-003-fbf3f5c695a3	6.055517327849831	5.7182621717112845			0.609375	1.0
stratified_random_pair_5fold_non_headline	random-05	ligand_ecfp_ridge	ligand_only	RCSB-4AGQ-P96-KD	construct-004-a02c0b37ee39	5.0	5.2780495605513345			0.18571428571428572	1.0
stratified_random_pair_5fold_non_headline	random-05	ligand_ecfp_ridge	ligand_only	RCSB-5AOJ-Y0V-KD	construct-004-a02c0b37ee39	4.6777807052660805	4.620756683753204			0.6046511627906976	1.0
stratified_random_pair_5fold_non_headline	random-05	ligand_ecfp_ridge	ligand_only	RCSB-6RQB-Q47-KD	construct-005-6f4aa0a92e90	6.337242168318426	5.22091596010726			0.6923076923076923	1.0
stratified_random_pair_5fold_non_headline	random-05	ligand_ecfp_ridge	ligand_only	RCSB-6RQ0-KE2-KD	construct-005-6f4aa0a92e90	5.958607314841775	5.312228503397577			0.7567567567567568	1.0
stratified_random_pair_5fold_non_headline	random-05	ligand_gmolai_ridge	ligand_only	RCSB-4UG6-XFJ-KD	construct-001-c5158f5b655d	5.571865205971211	4.800859225790595			0.8285714285714286	1.0
stratified_random_pair_5fold_non_headline	random-05	ligand_gmolai_ridge	ligand_only	RCSB-4UG7-1EV-KD	construct-001-c5158f5b655d	5.349692476868063	5.093720594954668			0.5813953488372093	1.0
stratified_random_pair_5fold_non_headline	random-05	ligand_gmolai_ridge	ligand_only	RCSB-4UGG-S5D-KD	construct-001-c5158f5b655d	4.59176003468815	4.745245147168593			0.509090909090909	1.0
stratified_random_pair_5fold_non_headline	random-05	ligand_gmolai_ridge	ligand_only	RCSB-5MYG-LS8-KD	construct-002-cb5cf2af5e4a	7.508638306165727	5.68853356305024			0.24050632911392406	1.0
stratified_random_pair_5fold_non_headline	random-05	ligand_gmolai_ridge	ligand_only	RCSB-5O4S-9KW-KD	construct-002-cb5cf2af5e4a	5.6020599913279625	7.169994370473404			0.5737704918032787	1.0
stratified_random_pair_5fold_non_headline	random-05	ligand_gmolai_ridge	ligand_only	RCSB-7AXR-S7T-KD	construct-003-fbf3f5c695a3	4.940058111938045	4.351086954698861			0.44776119402985076	1.0
stratified_random_pair_5fold_non_headline	random-05	ligand_gmolai_ridge	ligand_only	RCSB-6FSY-E5Q-KD	construct-003-fbf3f5c695a3	6.607303046740334	4.7379508477250365			0.2	1.0
stratified_random_pair_5fold_non_headline	random-05	ligand_gmolai_ridge	ligand_only	RCSB-5D3L-57F-KD	construct-003-fbf3f5c695a3	6.055517327849831	5.903067369632868			0.609375	1.0
stratified_random_pair_5fold_non_headline	random-05	ligand_gmolai_ridge	ligand_only	RCSB-4AGQ-P96-KD	construct-004-a02c0b37ee39	5.0	6.41242432031779			0.18571428571428572	1.0
stratified_random_pair_5fold_non_headline	random-05	ligand_gmolai_ridge	ligand_only	RCSB-5AOJ-Y0V-KD	construct-004-a02c0b37ee39	4.6777807052660805	4.445234231134857			0.6046511627906976	1.0
stratified_random_pair_5fold_non_headline	random-05	ligand_gmolai_ridge	ligand_only	RCSB-6RQB-Q47-KD	construct-005-6f4aa0a92e90	6.337242168318426	5.625533523409356			0.6923076923076923	1.0
stratified_random_pair_5fold_non_headline	random-05	ligand_gmolai_ridge	ligand_only	RCSB-6RQ0-KE2-KD	construct-005-6f4aa0a92e90	5.958607314841775	4.98522377111027			0.7567567567567568	1.0
stratified_random_pair_5fold_non_headline	random-05	protein_sequence_ridge	sequence_only	RCSB-4UG6-XFJ-KD	construct-001-c5158f5b655d	5.571865205971211	4.570988652123195			0.8285714285714286	1.0
stratified_random_pair_5fold_non_headline	random-05	protein_sequence_ridge	sequence_only	RCSB-4UG7-1EV-KD	construct-001-c5158f5b655d	5.349692476868063	4.570988652123195			0.5813953488372093	1.0
stratified_random_pair_5fold_non_headline	random-05	protein_sequence_ridge	sequence_only	RCSB-4UGG-S5D-KD	construct-001-c5158f5b655d	4.59176003468815	4.570988652123195			0.509090909090909	1.0
stratified_random_pair_5fold_non_headline	random-05	protein_sequence_ridge	sequence_only	RCSB-5MYG-LS8-KD	construct-002-cb5cf2af5e4a	7.508638306165727	4.429702146518938			0.24050632911392406	1.0
stratified_random_pair_5fold_non_headline	random-05	protein_sequence_ridge	sequence_only	RCSB-5O4S-9KW-KD	construct-002-cb5cf2af5e4a	5.6020599913279625	4.429702146518938			0.5737704918032787	1.0
stratified_random_pair_5fold_non_headline	random-05	protein_sequence_ridge	sequence_only	RCSB-7AXR-S7T-KD	construct-003-fbf3f5c695a3	4.940058111938045	6.59722671166435			0.44776119402985076	1.0
stratified_random_pair_5fold_non_headline	random-05	protein_sequence_ridge	sequence_only	RCSB-6FSY-E5Q-KD	construct-003-fbf3f5c695a3	6.607303046740334	6.59722671166435			0.2	1.0
stratified_random_pair_5fold_non_headline	random-05	protein_sequence_ridge	sequence_only	RCSB-5D3L-57F-KD	construct-003-fbf3f5c695a3	6.055517327849831	6.59722671166435			0.609375	1.0
stratified_random_pair_5fold_non_headline	random-05	protein_sequence_ridge	sequence_only	RCSB-4AGQ-P96-KD	construct-004-a02c0b37ee39	5.0	4.5803935914745555			0.18571428571428572	1.0
stratified_random_pair_5fold_non_headline	random-05	protein_sequence_ridge	sequence_only	RCSB-5AOJ-Y0V-KD	construct-004-a02c0b37ee39	4.6777807052660805	4.5803935914745555			0.6046511627906976	1.0
stratified_random_pair_5fold_non_headline	random-05	protein_sequence_ridge	sequence_only	RCSB-6RQB-Q47-KD	construct-005-6f4aa0a92e90	6.337242168318426	5.233036716041016			0.6923076923076923	1.0
stratified_random_pair_5fold_non_headline	random-05	protein_sequence_ridge	sequence_only	RCSB-6RQ0-KE2-KD	construct-005-6f4aa0a92e90	5.958607314841775	5.233036716041016			0.7567567567567568	1.0
stratified_random_pair_5fold_non_headline	random-05	concat_ecfp_sequence_ridge	sequence_ligand	RCSB-4UG6-XFJ-KD	construct-001-c5158f5b655d	5.571865205971211	4.770250507012549			0.8285714285714286	1.0
stratified_random_pair_5fold_non_headline	random-05	concat_ecfp_sequence_ridge	sequence_ligand	RCSB-4UG7-1EV-KD	construct-001-c5158f5b655d	5.349692476868063	4.945562463406855			0.5813953488372093	1.0
stratified_random_pair_5fold_non_headline	random-05	concat_ecfp_sequence_ridge	sequence_ligand	RCSB-4UGG-S5D-KD	construct-001-c5158f5b655d	4.59176003468815	4.751845472337811			0.509090909090909	1.0
stratified_random_pair_5fold_non_headline	random-05	concat_ecfp_sequence_ridge	sequence_ligand	RCSB-5MYG-LS8-KD	construct-002-cb5cf2af5e4a	7.508638306165727	4.968703891712952			0.24050632911392406	1.0
stratified_random_pair_5fold_non_headline	random-05	concat_ecfp_sequence_ridge	sequence_ligand	RCSB-5O4S-9KW-KD	construct-002-cb5cf2af5e4a	5.6020599913279625	5.2237144070749295			0.5737704918032787	1.0
stratified_random_pair_5fold_non_headline	random-05	concat_ecfp_sequence_ridge	sequence_ligand	RCSB-7AXR-S7T-KD	construct-003-fbf3f5c695a3	4.940058111938045	5.5799612146745865			0.44776119402985076	1.0
stratified_random_pair_5fold_non_headline	random-05	concat_ecfp_sequence_ridge	sequence_ligand	RCSB-6FSY-E5Q-KD	construct-003-fbf3f5c695a3	6.607303046740334	6.161174350488616			0.2	1.0
stratified_random_pair_5fold_non_headline	random-05	concat_ecfp_sequence_ridge	sequence_ligand	RCSB-5D3L-57F-KD	construct-003-fbf3f5c695a3	6.055517327849831	5.979176264549309			0.609375	1.0
stratified_random_pair_5fold_non_headline	random-05	concat_ecfp_sequence_ridge	sequence_ligand	RCSB-4AGQ-P96-KD	construct-004-a02c0b37ee39	5.0	4.886949688248293			0.18571428571428572	1.0
stratified_random_pair_5fold_non_headline	random-05	concat_ecfp_sequence_ridge	sequence_ligand	RCSB-5AOJ-Y0V-KD	construct-004-a02c0b37ee39	4.6777807052660805	4.636886042534785			0.6046511627906976	1.0
stratified_random_pair_5fold_non_headline	random-05	concat_ecfp_sequence_ridge	sequence_ligand	RCSB-6RQB-Q47-KD	construct-005-6f4aa0a92e90	6.337242168318426	5.342926665532252			0.6923076923076923	1.0
stratified_random_pair_5fold_non_headline	random-05	concat_ecfp_sequence_ridge	sequence_ligand	RCSB-6RQ0-KE2-KD	construct-005-6f4aa0a92e90	5.958607314841775	5.323874514417681			0.7567567567567568	1.0
stratified_random_pair_5fold_non_headline	random-05	pocket_composition_ridge_S0	S0	RCSB-4UG6-XFJ-KD	construct-001-c5158f5b655d	5.571865205971211	4.68854021927727			0.8285714285714286	1.0
stratified_random_pair_5fold_non_headline	random-05	pocket_composition_ridge_S0	S0	RCSB-4UG7-1EV-KD	construct-001-c5158f5b655d	5.349692476868063	4.68854021927727			0.5813953488372093	1.0
stratified_random_pair_5fold_non_headline	random-05	pocket_composition_ridge_S0	S0	RCSB-4UGG-S5D-KD	construct-001-c5158f5b655d	4.59176003468815	4.68854021927727			0.509090909090909	1.0
stratified_random_pair_5fold_non_headline	random-05	pocket_composition_ridge_S0	S0	RCSB-5MYG-LS8-KD	construct-002-cb5cf2af5e4a	7.508638306165727	4.721367849273493			0.24050632911392406	1.0
stratified_random_pair_5fold_non_headline	random-05	pocket_composition_ridge_S0	S0	RCSB-5O4S-9KW-KD	construct-002-cb5cf2af5e4a	5.6020599913279625	4.721367849273493			0.5737704918032787	1.0
stratified_random_pair_5fold_non_headline	random-05	pocket_composition_ridge_S0	S0	RCSB-7AXR-S7T-KD	construct-003-fbf3f5c695a3	4.940058111938045	6.135880735977796			0.44776119402985076	1.0
stratified_random_pair_5fold_non_headline	random-05	pocket_composition_ridge_S0	S0	RCSB-6FSY-E5Q-KD	construct-003-fbf3f5c695a3	6.607303046740334	6.135880735977796			0.2	1.0
stratified_random_pair_5fold_non_headline	random-05	pocket_composition_ridge_S0	S0	RCSB-5D3L-57F-KD	construct-003-fbf3f5c695a3	6.055517327849831	6.135880735977796			0.609375	1.0
stratified_random_pair_5fold_non_headline	random-05	pocket_composition_ridge_S0	S0	RCSB-4AGQ-P96-KD	construct-004-a02c0b37ee39	5.0	4.810524193520173			0.18571428571428572	1.0
stratified_random_pair_5fold_non_headline	random-05	pocket_composition_ridge_S0	S0	RCSB-5AOJ-Y0V-KD	construct-004-a02c0b37ee39	4.6777807052660805	4.810524193520173			0.6046511627906976	1.0
stratified_random_pair_5fold_non_headline	random-05	pocket_composition_ridge_S0	S0	RCSB-6RQB-Q47-KD	construct-005-6f4aa0a92e90	6.337242168318426	5.184884515610634			0.6923076923076923	1.0
stratified_random_pair_5fold_non_headline	random-05	pocket_composition_ridge_S0	S0	RCSB-6RQ0-KE2-KD	construct-005-6f4aa0a92e90	5.958607314841775	5.184884515610634			0.7567567567567568	1.0
stratified_random_pair_5fold_non_headline	random-05	pocket_structure_ridge_S0	S0	RCSB-4UG6-XFJ-KD	construct-001-c5158f5b655d	5.571865205971211	4.811478158500883			0.8285714285714286	1.0
stratified_random_pair_5fold_non_headline	random-05	pocket_structure_ridge_S0	S0	RCSB-4UG7-1EV-KD	construct-001-c5158f5b655d	5.349692476868063	4.741470727317565			0.5813953488372093	1.0
stratified_random_pair_5fold_non_headline	random-05	pocket_structure_ridge_S0	S0	RCSB-4UGG-S5D-KD	construct-001-c5158f5b655d	4.59176003468815	4.772113969164686			0.509090909090909	1.0
stratified_random_pair_5fold_non_headline	random-05	pocket_structure_ridge_S0	S0	RCSB-5MYG-LS8-KD	construct-002-cb5cf2af5e4a	7.508638306165727	4.543628559902036			0.24050632911392406	1.0
stratified_random_pair_5fold_non_headline	random-05	pocket_structure_ridge_S0	S0	RCSB-5O4S-9KW-KD	construct-002-cb5cf2af5e4a	5.6020599913279625	4.773008824442041			0.5737704918032787	1.0
stratified_random_pair_5fold_non_headline	random-05	pocket_structure_ridge_S0	S0	RCSB-7AXR-S7T-KD	construct-003-fbf3f5c695a3	4.940058111938045	6.165281465897352			0.44776119402985076	1.0
stratified_random_pair_5fold_non_headline	random-05	pocket_structure_ridge_S0	S0	RCSB-6FSY-E5Q-KD	construct-003-fbf3f5c695a3	6.607303046740334	6.24411721596796			0.2	1.0
stratified_random_pair_5fold_non_headline	random-05	pocket_structure_ridge_S0	S0	RCSB-5D3L-57F-KD	construct-003-fbf3f5c695a3	6.055517327849831	6.365600478596123			0.609375	1.0
stratified_random_pair_5fold_non_headline	random-05	pocket_structure_ridge_S0	S0	RCSB-4AGQ-P96-KD	construct-004-a02c0b37ee39	5.0	4.604726289466117			0.18571428571428572	1.0
stratified_random_pair_5fold_non_headline	random-05	pocket_structure_ridge_S0	S0	RCSB-5AOJ-Y0V-KD	construct-004-a02c0b37ee39	4.6777807052660805	4.771028705120438			0.6046511627906976	1.0
stratified_random_pair_5fold_non_headline	random-05	pocket_structure_ridge_S0	S0	RCSB-6RQB-Q47-KD	construct-005-6f4aa0a92e90	6.337242168318426	5.2127068859727546			0.6923076923076923	1.0
stratified_random_pair_5fold_non_headline	random-05	pocket_structure_ridge_S0	S0	RCSB-6RQ0-KE2-KD	construct-005-6f4aa0a92e90	5.958607314841775	5.1927075473674575			0.7567567567567568	1.0
stratified_random_pair_5fold_non_headline	random-05	concat_ecfp_pocket_ridge_S0	S0	RCSB-4UG6-XFJ-KD	construct-001-c5158f5b655d	5.571865205971211	4.857259776565688			0.8285714285714286	1.0
stratified_random_pair_5fold_non_headline	random-05	concat_ecfp_pocket_ridge_S0	S0	RCSB-4UG7-1EV-KD	construct-001-c5158f5b655d	5.349692476868063	5.044151235018364			0.5813953488372093	1.0
stratified_random_pair_5fold_non_headline	random-05	concat_ecfp_pocket_ridge_S0	S0	RCSB-4UGG-S5D-KD	construct-001-c5158f5b655d	4.59176003468815	4.8500594362489045			0.509090909090909	1.0
stratified_random_pair_5fold_non_headline	random-05	concat_ecfp_pocket_ridge_S0	S0	RCSB-5MYG-LS8-KD	construct-002-cb5cf2af5e4a	7.508638306165727	5.473642961314772			0.24050632911392406	1.0
stratified_random_pair_5fold_non_headline	random-05	concat_ecfp_pocket_ridge_S0	S0	RCSB-5O4S-9KW-KD	construct-002-cb5cf2af5e4a	5.6020599913279625	5.720059455605644			0.5737704918032787	1.0
stratified_random_pair_5fold_non_headline	random-05	concat_ecfp_pocket_ridge_S0	S0	RCSB-7AXR-S7T-KD	construct-003-fbf3f5c695a3	4.940058111938045	5.100993143585492			0.44776119402985076	1.0
stratified_random_pair_5fold_non_headline	random-05	concat_ecfp_pocket_ridge_S0	S0	RCSB-6FSY-E5Q-KD	construct-003-fbf3f5c695a3	6.607303046740334	5.230594887204961			0.2	1.0
stratified_random_pair_5fold_non_headline	random-05	concat_ecfp_pocket_ridge_S0	S0	RCSB-5D3L-57F-KD	construct-003-fbf3f5c695a3	6.055517327849831	5.798061684280576			0.609375	1.0
stratified_random_pair_5fold_non_headline	random-05	concat_ecfp_pocket_ridge_S0	S0	RCSB-4AGQ-P96-KD	construct-004-a02c0b37ee39	5.0	5.181762562613747			0.18571428571428572	1.0
stratified_random_pair_5fold_non_headline	random-05	concat_ecfp_pocket_ridge_S0	S0	RCSB-5AOJ-Y0V-KD	construct-004-a02c0b37ee39	4.6777807052660805	4.635004395657866			0.6046511627906976	1.0
stratified_random_pair_5fold_non_headline	random-05	concat_ecfp_pocket_ridge_S0	S0	RCSB-6RQB-Q47-KD	construct-005-6f4aa0a92e90	6.337242168318426	5.276870123518296			0.6923076923076923	1.0
stratified_random_pair_5fold_non_headline	random-05	concat_ecfp_pocket_ridge_S0	S0	RCSB-6RQ0-KE2-KD	construct-005-6f4aa0a92e90	5.958607314841775	5.325832166817894			0.7567567567567568	1.0
stratified_random_pair_5fold_non_headline	random-05	concat_gmolai_pocket_ridge_S0	S0	RCSB-4UG6-XFJ-KD	construct-001-c5158f5b655d	5.571865205971211	4.927001927871352			0.8285714285714286	1.0
stratified_random_pair_5fold_non_headline	random-05	concat_gmolai_pocket_ridge_S0	S0	RCSB-4UG7-1EV-KD	construct-001-c5158f5b655d	5.349692476868063	4.967968412584794			0.5813953488372093	1.0
stratified_random_pair_5fold_non_headline	random-05	concat_gmolai_pocket_ridge_S0	S0	RCSB-4UGG-S5D-KD	construct-001-c5158f5b655d	4.59176003468815	4.681389080821456			0.509090909090909	1.0
stratified_random_pair_5fold_non_headline	random-05	concat_gmolai_pocket_ridge_S0	S0	RCSB-5MYG-LS8-KD	construct-002-cb5cf2af5e4a	7.508638306165727	4.955180290278522			0.24050632911392406	1.0
stratified_random_pair_5fold_non_headline	random-05	concat_gmolai_pocket_ridge_S0	S0	RCSB-5O4S-9KW-KD	construct-002-cb5cf2af5e4a	5.6020599913279625	6.393088225486902			0.5737704918032787	1.0
stratified_random_pair_5fold_non_headline	random-05	concat_gmolai_pocket_ridge_S0	S0	RCSB-7AXR-S7T-KD	construct-003-fbf3f5c695a3	4.940058111938045	4.723280744062259			0.44776119402985076	1.0
stratified_random_pair_5fold_non_headline	random-05	concat_gmolai_pocket_ridge_S0	S0	RCSB-6FSY-E5Q-KD	construct-003-fbf3f5c695a3	6.607303046740334	5.378916849269552			0.2	1.0
stratified_random_pair_5fold_non_headline	random-05	concat_gmolai_pocket_ridge_S0	S0	RCSB-5D3L-57F-KD	construct-003-fbf3f5c695a3	6.055517327849831	6.017283491972135			0.609375	1.0
stratified_random_pair_5fold_non_headline	random-05	concat_gmolai_pocket_ridge_S0	S0	RCSB-4AGQ-P96-KD	construct-004-a02c0b37ee39	5.0	6.019165793725645			0.18571428571428572	1.0
stratified_random_pair_5fold_non_headline	random-05	concat_gmolai_pocket_ridge_S0	S0	RCSB-5AOJ-Y0V-KD	construct-004-a02c0b37ee39	4.6777807052660805	4.51571407032016			0.6046511627906976	1.0
stratified_random_pair_5fold_non_headline	random-05	concat_gmolai_pocket_ridge_S0	S0	RCSB-6RQB-Q47-KD	construct-005-6f4aa0a92e90	6.337242168318426	5.621225279260742			0.6923076923076923	1.0
stratified_random_pair_5fold_non_headline	random-05	concat_gmolai_pocket_ridge_S0	S0	RCSB-6RQ0-KE2-KD	construct-005-6f4aa0a92e90	5.958607314841775	5.008886121659768			0.7567567567567568	1.0
stratified_random_pair_5fold_non_headline	random-05	pocket_composition_ridge_S1	S1	RCSB-4UG6-XFJ-KD	construct-001-c5158f5b655d	5.571865205971211	4.68854021927727			0.8285714285714286	1.0
stratified_random_pair_5fold_non_headline	random-05	pocket_composition_ridge_S1	S1	RCSB-4UG7-1EV-KD	construct-001-c5158f5b655d	5.349692476868063	4.68854021927727			0.5813953488372093	1.0
stratified_random_pair_5fold_non_headline	random-05	pocket_composition_ridge_S1	S1	RCSB-4UGG-S5D-KD	construct-001-c5158f5b655d	4.59176003468815	4.68854021927727			0.509090909090909	1.0
stratified_random_pair_5fold_non_headline	random-05	pocket_composition_ridge_S1	S1	RCSB-5MYG-LS8-KD	construct-002-cb5cf2af5e4a	7.508638306165727	4.721367849273493			0.24050632911392406	1.0
stratified_random_pair_5fold_non_headline	random-05	pocket_composition_ridge_S1	S1	RCSB-5O4S-9KW-KD	construct-002-cb5cf2af5e4a	5.6020599913279625	4.721367849273493			0.5737704918032787	1.0
stratified_random_pair_5fold_non_headline	random-05	pocket_composition_ridge_S1	S1	RCSB-7AXR-S7T-KD	construct-003-fbf3f5c695a3	4.940058111938045	6.135880735977796			0.44776119402985076	1.0
stratified_random_pair_5fold_non_headline	random-05	pocket_composition_ridge_S1	S1	RCSB-6FSY-E5Q-KD	construct-003-fbf3f5c695a3	6.607303046740334	6.135880735977796			0.2	1.0
stratified_random_pair_5fold_non_headline	random-05	pocket_composition_ridge_S1	S1	RCSB-5D3L-57F-KD	construct-003-fbf3f5c695a3	6.055517327849831	6.135880735977796			0.609375	1.0
stratified_random_pair_5fold_non_headline	random-05	pocket_composition_ridge_S1	S1	RCSB-4AGQ-P96-KD	construct-004-a02c0b37ee39	5.0	4.810524193520173			0.18571428571428572	1.0
stratified_random_pair_5fold_non_headline	random-05	pocket_composition_ridge_S1	S1	RCSB-5AOJ-Y0V-KD	construct-004-a02c0b37ee39	4.6777807052660805	4.810524193520173			0.6046511627906976	1.0
stratified_random_pair_5fold_non_headline	random-05	pocket_composition_ridge_S1	S1	RCSB-6RQB-Q47-KD	construct-005-6f4aa0a92e90	6.337242168318426	5.184884515610634			0.6923076923076923	1.0
stratified_random_pair_5fold_non_headline	random-05	pocket_composition_ridge_S1	S1	RCSB-6RQ0-KE2-KD	construct-005-6f4aa0a92e90	5.958607314841775	5.184884515610634			0.7567567567567568	1.0
stratified_random_pair_5fold_non_headline	random-05	pocket_structure_ridge_S1	S1	RCSB-4UG6-XFJ-KD	construct-001-c5158f5b655d	5.571865205971211	4.643527001929552			0.8285714285714286	1.0
stratified_random_pair_5fold_non_headline	random-05	pocket_structure_ridge_S1	S1	RCSB-4UG7-1EV-KD	construct-001-c5158f5b655d	5.349692476868063	4.643527001929552			0.5813953488372093	1.0
stratified_random_pair_5fold_non_headline	random-05	pocket_structure_ridge_S1	S1	RCSB-4UGG-S5D-KD	construct-001-c5158f5b655d	4.59176003468815	4.643527001929552			0.509090909090909	1.0
stratified_random_pair_5fold_non_headline	random-05	pocket_structure_ridge_S1	S1	RCSB-5MYG-LS8-KD	construct-002-cb5cf2af5e4a	7.508638306165727	4.639499888678907			0.24050632911392406	1.0
stratified_random_pair_5fold_non_headline	random-05	pocket_structure_ridge_S1	S1	RCSB-5O4S-9KW-KD	construct-002-cb5cf2af5e4a	5.6020599913279625	4.639499888678907			0.5737704918032787	1.0
stratified_random_pair_5fold_non_headline	random-05	pocket_structure_ridge_S1	S1	RCSB-7AXR-S7T-KD	construct-003-fbf3f5c695a3	4.940058111938045	6.286427283077781			0.44776119402985076	1.0
stratified_random_pair_5fold_non_headline	random-05	pocket_structure_ridge_S1	S1	RCSB-6FSY-E5Q-KD	construct-003-fbf3f5c695a3	6.607303046740334	6.286427283077781			0.2	1.0
stratified_random_pair_5fold_non_headline	random-05	pocket_structure_ridge_S1	S1	RCSB-5D3L-57F-KD	construct-003-fbf3f5c695a3	6.055517327849831	6.286427283077781			0.609375	1.0
stratified_random_pair_5fold_non_headline	random-05	pocket_structure_ridge_S1	S1	RCSB-4AGQ-P96-KD	construct-004-a02c0b37ee39	5.0	4.731239505785778			0.18571428571428572	1.0
stratified_random_pair_5fold_non_headline	random-05	pocket_structure_ridge_S1	S1	RCSB-5AOJ-Y0V-KD	construct-004-a02c0b37ee39	4.6777807052660805	4.731239505785778			0.6046511627906976	1.0
stratified_random_pair_5fold_non_headline	random-05	pocket_structure_ridge_S1	S1	RCSB-6RQB-Q47-KD	construct-005-6f4aa0a92e90	6.337242168318426	5.205482750820816			0.6923076923076923	1.0
stratified_random_pair_5fold_non_headline	random-05	pocket_structure_ridge_S1	S1	RCSB-6RQ0-KE2-KD	construct-005-6f4aa0a92e90	5.958607314841775	5.205482750820816			0.7567567567567568	1.0
stratified_random_pair_5fold_non_headline	random-05	concat_ecfp_pocket_ridge_S1	S1	RCSB-4UG6-XFJ-KD	construct-001-c5158f5b655d	5.571865205971211	4.821166345869262			0.8285714285714286	1.0
stratified_random_pair_5fold_non_headline	random-05	concat_ecfp_pocket_ridge_S1	S1	RCSB-4UG7-1EV-KD	construct-001-c5158f5b655d	5.349692476868063	5.109132621601988			0.5813953488372093	1.0
stratified_random_pair_5fold_non_headline	random-05	concat_ecfp_pocket_ridge_S1	S1	RCSB-4UGG-S5D-KD	construct-001-c5158f5b655d	4.59176003468815	4.818246102217392			0.509090909090909	1.0
stratified_random_pair_5fold_non_headline	random-05	concat_ecfp_pocket_ridge_S1	S1	RCSB-5MYG-LS8-KD	construct-002-cb5cf2af5e4a	7.508638306165727	5.530710239816758			0.24050632911392406	1.0
stratified_random_pair_5fold_non_headline	random-05	concat_ecfp_pocket_ridge_S1	S1	RCSB-5O4S-9KW-KD	construct-002-cb5cf2af5e4a	5.6020599913279625	5.704255399157795			0.5737704918032787	1.0
stratified_random_pair_5fold_non_headline	random-05	concat_ecfp_pocket_ridge_S1	S1	RCSB-7AXR-S7T-KD	construct-003-fbf3f5c695a3	4.940058111938045	5.074618532145309			0.44776119402985076	1.0
stratified_random_pair_5fold_non_headline	random-05	concat_ecfp_pocket_ridge_S1	S1	RCSB-6FSY-E5Q-KD	construct-003-fbf3f5c695a3	6.607303046740334	5.238532521133382			0.2	1.0
stratified_random_pair_5fold_non_headline	random-05	concat_ecfp_pocket_ridge_S1	S1	RCSB-5D3L-57F-KD	construct-003-fbf3f5c695a3	6.055517327849831	5.828359359174683			0.609375	1.0
stratified_random_pair_5fold_non_headline	random-05	concat_ecfp_pocket_ridge_S1	S1	RCSB-4AGQ-P96-KD	construct-004-a02c0b37ee39	5.0	5.290565677337851			0.18571428571428572	1.0
stratified_random_pair_5fold_non_headline	random-05	concat_ecfp_pocket_ridge_S1	S1	RCSB-5AOJ-Y0V-KD	construct-004-a02c0b37ee39	4.6777807052660805	4.644635081155734			0.6046511627906976	1.0
stratified_random_pair_5fold_non_headline	random-05	concat_ecfp_pocket_ridge_S1	S1	RCSB-6RQB-Q47-KD	construct-005-6f4aa0a92e90	6.337242168318426	5.369888943943714			0.6923076923076923	1.0
stratified_random_pair_5fold_non_headline	random-05	concat_ecfp_pocket_ridge_S1	S1	RCSB-6RQ0-KE2-KD	construct-005-6f4aa0a92e90	5.958607314841775	5.392403859859566			0.7567567567567568	1.0
stratified_random_pair_5fold_non_headline	random-05	concat_gmolai_pocket_ridge_S1	S1	RCSB-4UG6-XFJ-KD	construct-001-c5158f5b655d	5.571865205971211	4.8424110425057005			0.8285714285714286	1.0
stratified_random_pair_5fold_non_headline	random-05	concat_gmolai_pocket_ridge_S1	S1	RCSB-4UG7-1EV-KD	construct-001-c5158f5b655d	5.349692476868063	4.926883412210754			0.5813953488372093	1.0
stratified_random_pair_5fold_non_headline	random-05	concat_gmolai_pocket_ridge_S1	S1	RCSB-4UGG-S5D-KD	construct-001-c5158f5b655d	4.59176003468815	4.6531185000878175			0.509090909090909	1.0
stratified_random_pair_5fold_non_headline	random-05	concat_gmolai_pocket_ridge_S1	S1	RCSB-5MYG-LS8-KD	construct-002-cb5cf2af5e4a	7.508638306165727	4.983658123525896			0.24050632911392406	1.0
stratified_random_pair_5fold_non_headline	random-05	concat_gmolai_pocket_ridge_S1	S1	RCSB-5O4S-9KW-KD	construct-002-cb5cf2af5e4a	5.6020599913279625	6.28939419222996			0.5737704918032787	1.0
stratified_random_pair_5fold_non_headline	random-05	concat_gmolai_pocket_ridge_S1	S1	RCSB-7AXR-S7T-KD	construct-003-fbf3f5c695a3	4.940058111938045	4.7452551716878135			0.44776119402985076	1.0
stratified_random_pair_5fold_non_headline	random-05	concat_gmolai_pocket_ridge_S1	S1	RCSB-6FSY-E5Q-KD	construct-003-fbf3f5c695a3	6.607303046740334	5.43694669723555			0.2	1.0
stratified_random_pair_5fold_non_headline	random-05	concat_gmolai_pocket_ridge_S1	S1	RCSB-5D3L-57F-KD	construct-003-fbf3f5c695a3	6.055517327849831	5.958273882256236			0.609375	1.0
stratified_random_pair_5fold_non_headline	random-05	concat_gmolai_pocket_ridge_S1	S1	RCSB-4AGQ-P96-KD	construct-004-a02c0b37ee39	5.0	6.010609019635176			0.18571428571428572	1.0
stratified_random_pair_5fold_non_headline	random-05	concat_gmolai_pocket_ridge_S1	S1	RCSB-5AOJ-Y0V-KD	construct-004-a02c0b37ee39	4.6777807052660805	4.512803822150444			0.6046511627906976	1.0
stratified_random_pair_5fold_non_headline	random-05	concat_gmolai_pocket_ridge_S1	S1	RCSB-6RQB-Q47-KD	construct-005-6f4aa0a92e90	6.337242168318426	5.621178800403259			0.6923076923076923	1.0
stratified_random_pair_5fold_non_headline	random-05	concat_gmolai_pocket_ridge_S1	S1	RCSB-6RQ0-KE2-KD	construct-005-6f4aa0a92e90	5.958607314841775	5.022368373930649			0.7567567567567568	1.0
stratified_random_pair_5fold_non_headline	random-05	negative_pocket_permuted_concat_gmolai_S0	S0_negative_control	RCSB-4UG6-XFJ-KD	construct-001-c5158f5b655d	5.571865205971211	4.878461471039191			0.8285714285714286	1.0
stratified_random_pair_5fold_non_headline	random-05	negative_pocket_permuted_concat_gmolai_S0	S0_negative_control	RCSB-4UG7-1EV-KD	construct-001-c5158f5b655d	5.349692476868063	5.04005820757783			0.5813953488372093	1.0
stratified_random_pair_5fold_non_headline	random-05	negative_pocket_permuted_concat_gmolai_S0	S0_negative_control	RCSB-4UGG-S5D-KD	construct-001-c5158f5b655d	4.59176003468815	4.6335989446287025			0.509090909090909	1.0
stratified_random_pair_5fold_non_headline	random-05	negative_pocket_permuted_concat_gmolai_S0	S0_negative_control	RCSB-5MYG-LS8-KD	construct-002-cb5cf2af5e4a	7.508638306165727	4.9769602375196555			0.24050632911392406	1.0
stratified_random_pair_5fold_non_headline	random-05	negative_pocket_permuted_concat_gmolai_S0	S0_negative_control	RCSB-5O4S-9KW-KD	construct-002-cb5cf2af5e4a	5.6020599913279625	6.2523436077389745			0.5737704918032787	1.0
stratified_random_pair_5fold_non_headline	random-05	negative_pocket_permuted_concat_gmolai_S0	S0_negative_control	RCSB-7AXR-S7T-KD	construct-003-fbf3f5c695a3	4.940058111938045	4.697221661617111			0.44776119402985076	1.0
stratified_random_pair_5fold_non_headline	random-05	negative_pocket_permuted_concat_gmolai_S0	S0_negative_control	RCSB-6FSY-E5Q-KD	construct-003-fbf3f5c695a3	6.607303046740334	5.323127734199954			0.2	1.0
stratified_random_pair_5fold_non_headline	random-05	negative_pocket_permuted_concat_gmolai_S0	S0_negative_control	RCSB-5D3L-57F-KD	construct-003-fbf3f5c695a3	6.055517327849831	5.973516276013086			0.609375	1.0
stratified_random_pair_5fold_non_headline	random-05	negative_pocket_permuted_concat_gmolai_S0	S0_negative_control	RCSB-4AGQ-P96-KD	construct-004-a02c0b37ee39	5.0	5.956248574241967			0.18571428571428572	1.0
stratified_random_pair_5fold_non_headline	random-05	negative_pocket_permuted_concat_gmolai_S0	S0_negative_control	RCSB-5AOJ-Y0V-KD	construct-004-a02c0b37ee39	4.6777807052660805	4.436075331144427			0.6046511627906976	1.0
stratified_random_pair_5fold_non_headline	random-05	negative_pocket_permuted_concat_gmolai_S0	S0_negative_control	RCSB-6RQB-Q47-KD	construct-005-6f4aa0a92e90	6.337242168318426	5.667970284445052			0.6923076923076923	1.0
stratified_random_pair_5fold_non_headline	random-05	negative_pocket_permuted_concat_gmolai_S0	S0_negative_control	RCSB-6RQ0-KE2-KD	construct-005-6f4aa0a92e90	5.958607314841775	5.029383750902932			0.7567567567567568	1.0
stratified_random_pair_5fold_non_headline	random-05	additive_gmolai_pocket_equal_S0	S0	RCSB-4UG6-XFJ-KD	construct-001-c5158f5b655d	5.571865205971211	4.806168692145739			0.8285714285714286	1.0
stratified_random_pair_5fold_non_headline	random-05	additive_gmolai_pocket_equal_S0	S0	RCSB-4UG7-1EV-KD	construct-001-c5158f5b655d	5.349692476868063	4.917595661136117			0.5813953488372093	1.0
stratified_random_pair_5fold_non_headline	random-05	additive_gmolai_pocket_equal_S0	S0	RCSB-4UGG-S5D-KD	construct-001-c5158f5b655d	4.59176003468815	4.758679558166639			0.509090909090909	1.0
stratified_random_pair_5fold_non_headline	random-05	additive_gmolai_pocket_equal_S0	S0	RCSB-5MYG-LS8-KD	construct-002-cb5cf2af5e4a	7.508638306165727	5.116081061476137			0.24050632911392406	1.0
stratified_random_pair_5fold_non_headline	random-05	additive_gmolai_pocket_equal_S0	S0	RCSB-5O4S-9KW-KD	construct-002-cb5cf2af5e4a	5.6020599913279625	5.971501597457722			0.5737704918032787	1.0
stratified_random_pair_5fold_non_headline	random-05	additive_gmolai_pocket_equal_S0	S0	RCSB-7AXR-S7T-KD	construct-003-fbf3f5c695a3	4.940058111938045	5.258184210298106			0.44776119402985076	1.0
stratified_random_pair_5fold_non_headline	random-05	additive_gmolai_pocket_equal_S0	S0	RCSB-6FSY-E5Q-KD	construct-003-fbf3f5c695a3	6.607303046740334	5.491034031846498			0.2	1.0
stratified_random_pair_5fold_non_headline	random-05	additive_gmolai_pocket_equal_S0	S0	RCSB-5D3L-57F-KD	construct-003-fbf3f5c695a3	6.055517327849831	6.134333924114496			0.609375	1.0
stratified_random_pair_5fold_non_headline	random-05	additive_gmolai_pocket_equal_S0	S0	RCSB-4AGQ-P96-KD	construct-004-a02c0b37ee39	5.0	5.508575304891954			0.18571428571428572	1.0
stratified_random_pair_5fold_non_headline	random-05	additive_gmolai_pocket_equal_S0	S0	RCSB-5AOJ-Y0V-KD	construct-004-a02c0b37ee39	4.6777807052660805	4.608131468127647			0.6046511627906976	1.0
stratified_random_pair_5fold_non_headline	random-05	additive_gmolai_pocket_equal_S0	S0	RCSB-6RQB-Q47-KD	construct-005-6f4aa0a92e90	6.337242168318426	5.419120204691055			0.6923076923076923	1.0
stratified_random_pair_5fold_non_headline	random-05	additive_gmolai_pocket_equal_S0	S0	RCSB-6RQ0-KE2-KD	construct-005-6f4aa0a92e90	5.958607314841775	5.088965659238864			0.7567567567567568	1.0
stratified_random_pair_5fold_non_headline	random-05	additive_gmolai_pocket_equal_S1	S1	RCSB-4UG6-XFJ-KD	construct-001-c5158f5b655d	5.571865205971211	4.722193113860074			0.8285714285714286	1.0
stratified_random_pair_5fold_non_headline	random-05	additive_gmolai_pocket_equal_S1	S1	RCSB-4UG7-1EV-KD	construct-001-c5158f5b655d	5.349692476868063	4.86862379844211			0.5813953488372093	1.0
stratified_random_pair_5fold_non_headline	random-05	additive_gmolai_pocket_equal_S1	S1	RCSB-4UGG-S5D-KD	construct-001-c5158f5b655d	4.59176003468815	4.694386074549072			0.509090909090909	1.0
stratified_random_pair_5fold_non_headline	random-05	additive_gmolai_pocket_equal_S1	S1	RCSB-5MYG-LS8-KD	construct-002-cb5cf2af5e4a	7.508638306165727	5.164016725864574			0.24050632911392406	1.0
stratified_random_pair_5fold_non_headline	random-05	additive_gmolai_pocket_equal_S1	S1	RCSB-5O4S-9KW-KD	construct-002-cb5cf2af5e4a	5.6020599913279625	5.9047471295761556			0.5737704918032787	1.0
stratified_random_pair_5fold_non_headline	random-05	additive_gmolai_pocket_equal_S1	S1	RCSB-7AXR-S7T-KD	construct-003-fbf3f5c695a3	4.940058111938045	5.318757118888321			0.44776119402985076	1.0
stratified_random_pair_5fold_non_headline	random-05	additive_gmolai_pocket_equal_S1	S1	RCSB-6FSY-E5Q-KD	construct-003-fbf3f5c695a3	6.607303046740334	5.512189065401409			0.2	1.0
stratified_random_pair_5fold_non_headline	random-05	additive_gmolai_pocket_equal_S1	S1	RCSB-5D3L-57F-KD	construct-003-fbf3f5c695a3	6.055517327849831	6.094747326355325			0.609375	1.0
stratified_random_pair_5fold_non_headline	random-05	additive_gmolai_pocket_equal_S1	S1	RCSB-4AGQ-P96-KD	construct-004-a02c0b37ee39	5.0	5.571831913051784			0.18571428571428572	1.0
stratified_random_pair_5fold_non_headline	random-05	additive_gmolai_pocket_equal_S1	S1	RCSB-5AOJ-Y0V-KD	construct-004-a02c0b37ee39	4.6777807052660805	4.588236868460317			0.6046511627906976	1.0
stratified_random_pair_5fold_non_headline	random-05	additive_gmolai_pocket_equal_S1	S1	RCSB-6RQB-Q47-KD	construct-005-6f4aa0a92e90	6.337242168318426	5.415508137115086			0.6923076923076923	1.0
stratified_random_pair_5fold_non_headline	random-05	additive_gmolai_pocket_equal_S1	S1	RCSB-6RQ0-KE2-KD	construct-005-6f4aa0a92e90	5.958607314841775	5.095353260965544			0.7567567567567568	1.0
stratified_random_pair_5fold_non_headline	random-05	ligand_ecfp_knn	ligand_only	RCSB-4UG6-XFJ-KD	construct-001-c5158f5b655d	5.571865205971211	4.946721371714001	RCSB-4UG5-XFK-KD	0.8285714285714286	0.8285714285714286	1.0
stratified_random_pair_5fold_non_headline	random-05	ligand_ecfp_knn	ligand_only	RCSB-4UG7-1EV-KD	construct-001-c5158f5b655d	5.349692476868063	4.984347551058541	RCSB-4UG5-XFK-KD	0.5813953488372093	0.5813953488372093	1.0
stratified_random_pair_5fold_non_headline	random-05	ligand_ecfp_knn	ligand_only	RCSB-4UGG-S5D-KD	construct-001-c5158f5b655d	4.59176003468815	4.846523627484756	RCSB-4UGH-4V4-KD	0.509090909090909	0.509090909090909	1.0
stratified_random_pair_5fold_non_headline	random-05	ligand_ecfp_knn	ligand_only	RCSB-5MYG-LS8-KD	construct-002-cb5cf2af5e4a	7.508638306165727	6.50582034942476	RCSB-5OV8-AXN-KD	0.24050632911392406	0.24050632911392406	1.0
stratified_random_pair_5fold_non_headline	random-05	ligand_ecfp_knn	ligand_only	RCSB-5O4S-9KW-KD	construct-002-cb5cf2af5e4a	5.6020599913279625	5.460142815019866	RCSB-5OV8-AXN-KD	0.5737704918032787	0.5737704918032787	1.0
stratified_random_pair_5fold_non_headline	random-05	ligand_ecfp_knn	ligand_only	RCSB-7AXR-S7T-KD	construct-003-fbf3f5c695a3	4.940058111938045	5.17328771000496	RCSB-5D3T-56Y-KD	0.44776119402985076	0.44776119402985076	1.0
stratified_random_pair_5fold_non_headline	random-05	ligand_ecfp_knn	ligand_only	RCSB-6FSY-E5Q-KD	construct-003-fbf3f5c695a3	6.607303046740334	4.7678732892919315	RCSB-5EWH-5SG-KD	0.2	0.2	1.0
stratified_random_pair_5fold_non_headline	random-05	ligand_ecfp_knn	ligand_only	RCSB-5D3L-57F-KD	construct-003-fbf3f5c695a3	6.055517327849831	5.766361449551557	RCSB-5D26-L28-KD	0.609375	0.609375	1.0
stratified_random_pair_5fold_non_headline	random-05	ligand_ecfp_knn	ligand_only	RCSB-4AGQ-P96-KD	construct-004-a02c0b37ee39	5.0	4.9119379178541225	RCSB-5O1B-9H2-KD	0.18571428571428572	0.18571428571428572	1.0
stratified_random_pair_5fold_non_headline	random-05	ligand_ecfp_knn	ligand_only	RCSB-5AOJ-Y0V-KD	construct-004-a02c0b37ee39	4.6777807052660805	4.4777972769980074	RCSB-5O1C-9GZ-KD	0.6046511627906976	0.6046511627906976	1.0
stratified_random_pair_5fold_non_headline	random-05	ligand_ecfp_knn	ligand_only	RCSB-6RQB-Q47-KD	construct-005-6f4aa0a92e90	6.337242168318426	5.756513579984744	RCSB-6RQ6-R2H-KD	0.6923076923076923	0.6923076923076923	1.0
stratified_random_pair_5fold_non_headline	random-05	ligand_ecfp_knn	ligand_only	RCSB-6RQ0-KE2-KD	construct-005-6f4aa0a92e90	5.958607314841775	5.385551739979943	RCSB-6RQ5-KEB-KD	0.7567567567567568	0.7567567567567568	1.0
stratified_random_pair_5fold_non_headline	random-05	ligand_gmolai_knn	ligand_only	RCSB-4UG6-XFJ-KD	construct-001-c5158f5b655d	5.571865205971211	4.927135763756281	RCSB-4UG5-XFK-KD	0.9990614683345391	0.8285714285714286	1.0
stratified_random_pair_5fold_non_headline	random-05	ligand_gmolai_knn	ligand_only	RCSB-4UG7-1EV-KD	construct-001-c5158f5b655d	5.349692476868063	4.949561866705471	RCSB-4UG5-XFK-KD	0.9444415428262722	0.5813953488372093	1.0
stratified_random_pair_5fold_non_headline	random-05	ligand_gmolai_knn	ligand_only	RCSB-4UGG-S5D-KD	construct-001-c5158f5b655d	4.59176003468815	4.937816038034661	RCSB-4UG5-XFK-KD	0.9398395450154376	0.509090909090909	1.0
stratified_random_pair_5fold_non_headline	random-05	ligand_gmolai_knn	ligand_only	RCSB-5MYG-LS8-KD	construct-002-cb5cf2af5e4a	7.508638306165727	5.578319000613249	RCSB-7MRA-ZMJ-KD	0.7076357112919951	0.24050632911392406	1.0
stratified_random_pair_5fold_non_headline	random-05	ligand_gmolai_knn	ligand_only	RCSB-5O4S-9KW-KD	construct-002-cb5cf2af5e4a	5.6020599913279625	6.327641096691801	RCSB-5OV8-AXN-KD	0.8855733466668256	0.5737704918032787	1.0
stratified_random_pair_5fold_non_headline	random-05	ligand_gmolai_knn	ligand_only	RCSB-7AXR-S7T-KD	construct-003-fbf3f5c695a3	4.940058111938045	5.358675406940302	RCSB-5D3T-56Y-KD	0.8267746844723756	0.44776119402985076	1.0
stratified_random_pair_5fold_non_headline	random-05	ligand_gmolai_knn	ligand_only	RCSB-6FSY-E5Q-KD	construct-003-fbf3f5c695a3	6.607303046740334	4.600111514974814	RCSB-4UG5-XFK-KD	0.6491744204417096	0.2	1.0
stratified_random_pair_5fold_non_headline	random-05	ligand_gmolai_knn	ligand_only	RCSB-5D3L-57F-KD	construct-003-fbf3f5c695a3	6.055517327849831	5.5331927028811	RCSB-5D26-L28-KD	0.9291343186449423	0.609375	1.0
stratified_random_pair_5fold_non_headline	random-05	ligand_gmolai_knn	ligand_only	RCSB-4AGQ-P96-KD	construct-004-a02c0b37ee39	5.0	4.6286640253605285	RCSB-4UGO-1QF-KD	0.5748092605199262	0.18571428571428572	1.0
stratified_random_pair_5fold_non_headline	random-05	ligand_gmolai_knn	ligand_only	RCSB-5AOJ-Y0V-KD	construct-004-a02c0b37ee39	4.6777807052660805	4.500529805801986	RCSB-5O1H-9GN-KD	0.9137016982124799	0.6046511627906976	1.0
stratified_random_pair_5fold_non_headline	random-05	ligand_gmolai_knn	ligand_only	RCSB-6RQB-Q47-KD	construct-005-6f4aa0a92e90	6.337242168318426	5.777938756719828	RCSB-6RQD-KEW-KD	0.9892475107095311	0.6923076923076923	1.0
stratified_random_pair_5fold_non_headline	random-05	ligand_gmolai_knn	ligand_only	RCSB-6RQ0-KE2-KD	construct-005-6f4aa0a92e90	5.958607314841775	4.69576984066552	RCSB-6RQ1-KE5-KD	0.9981857699520998	0.7567567567567568	1.0
stratified_random_pair_5fold_non_headline	random-05	protein_sequence_identity_knn	sequence_only	RCSB-4UG6-XFJ-KD	construct-001-c5158f5b655d	5.571865205971211	5.5700721165716915	RCSB-4UG5-XFK-KD	1.0	0.8285714285714286	1.0
stratified_random_pair_5fold_non_headline	random-05	protein_sequence_identity_knn	sequence_only	RCSB-4UG7-1EV-KD	construct-001-c5158f5b655d	5.349692476868063	5.5700721165716915	RCSB-4UG5-XFK-KD	1.0	0.5813953488372093	1.0
stratified_random_pair_5fold_non_headline	random-05	protein_sequence_identity_knn	sequence_only	RCSB-4UGG-S5D-KD	construct-001-c5158f5b655d	4.59176003468815	5.5700721165716915	RCSB-4UG5-XFK-KD	1.0	0.509090909090909	1.0
stratified_random_pair_5fold_non_headline	random-05	protein_sequence_identity_knn	sequence_only	RCSB-5MYG-LS8-KD	construct-002-cb5cf2af5e4a	7.508638306165727	4.2812260165177625	RCSB-5C85-4YO-KD	1.0	0.24050632911392406	1.0
stratified_random_pair_5fold_non_headline	random-05	protein_sequence_identity_knn	sequence_only	RCSB-5O4S-9KW-KD	construct-002-cb5cf2af5e4a	5.6020599913279625	4.2812260165177625	RCSB-5C85-4YO-KD	1.0	0.5737704918032787	1.0
stratified_random_pair_5fold_non_headline	random-05	protein_sequence_identity_knn	sequence_only	RCSB-7AXR-S7T-KD	construct-003-fbf3f5c695a3	4.940058111938045	6.595588673878084	RCSB-4O76-1M3-KD	1.0	0.44776119402985076	1.0
stratified_random_pair_5fold_non_headline	random-05	protein_sequence_identity_knn	sequence_only	RCSB-6FSY-E5Q-KD	construct-003-fbf3f5c695a3	6.607303046740334	6.595588673878084	RCSB-4O76-1M3-KD	1.0	0.2	1.0
stratified_random_pair_5fold_non_headline	random-05	protein_sequence_identity_knn	sequence_only	RCSB-5D3L-57F-KD	construct-003-fbf3f5c695a3	6.055517327849831	6.595588673878084	RCSB-4O76-1M3-KD	1.0	0.609375	1.0
stratified_random_pair_5fold_non_headline	random-05	protein_sequence_identity_knn	sequence_only	RCSB-4AGQ-P96-KD	construct-004-a02c0b37ee39	5.0	4.434489626676798	RCSB-5O1B-9H2-KD	1.0	0.18571428571428572	1.0
stratified_random_pair_5fold_non_headline	random-05	protein_sequence_identity_knn	sequence_only	RCSB-5AOJ-Y0V-KD	construct-004-a02c0b37ee39	4.6777807052660805	4.434489626676798	RCSB-5O1B-9H2-KD	1.0	0.6046511627906976	1.0
stratified_random_pair_5fold_non_headline	random-05	protein_sequence_identity_knn	sequence_only	RCSB-6RQB-Q47-KD	construct-005-6f4aa0a92e90	6.337242168318426	4.704643336995091	RCSB-6RQ1-KE5-KD	1.0	0.6923076923076923	1.0
stratified_random_pair_5fold_non_headline	random-05	protein_sequence_identity_knn	sequence_only	RCSB-6RQ0-KE2-KD	construct-005-6f4aa0a92e90	5.958607314841775	4.704643336995091	RCSB-6RQ1-KE5-KD	1.0	0.7567567567567568	1.0
stratified_random_pair_5fold_non_headline	random-05	pocket_structure_knn_S0	S0	RCSB-4UG6-XFJ-KD	construct-001-c5158f5b655d	5.571865205971211	4.400885032412477	RCSB-4UGB-QJ7-KD	0.852120154174102	0.8285714285714286	1.0
stratified_random_pair_5fold_non_headline	random-05	pocket_structure_knn_S0	S0	RCSB-4UG7-1EV-KD	construct-001-c5158f5b655d	5.349692476868063	4.2060001914524845	RCSB-4UGB-QJ7-KD	0.8917256538230509	0.5813953488372093	1.0
stratified_random_pair_5fold_non_headline	random-05	pocket_structure_knn_S0	S0	RCSB-4UGG-S5D-KD	construct-001-c5158f5b655d	4.59176003468815	5.001679519881259	RCSB-4UG8-HW1-KD	0.8381543075487827	0.509090909090909	1.0
stratified_random_pair_5fold_non_headline	random-05	pocket_structure_knn_S0	S0	RCSB-5MYG-LS8-KD	construct-002-cb5cf2af5e4a	7.508638306165727	4.417593022543952	RCSB-5O55-9L5-KD	0.7556336404978747	0.24050632911392406	1.0
stratified_random_pair_5fold_non_headline	random-05	pocket_structure_knn_S0	S0	RCSB-5O4S-9KW-KD	construct-002-cb5cf2af5e4a	5.6020599913279625	4.67313079268853	RCSB-5OV8-AXN-KD	0.8981363275598799	0.5737704918032787	1.0
stratified_random_pair_5fold_non_headline	random-05	pocket_structure_knn_S0	S0	RCSB-7AXR-S7T-KD	construct-003-fbf3f5c695a3	4.940058111938045	7.213240719866742	RCSB-6TPZ-NV2-KD	0.7658411704625654	0.44776119402985076	1.0
stratified_random_pair_5fold_non_headline	random-05	pocket_structure_knn_S0	S0	RCSB-6FSY-E5Q-KD	construct-003-fbf3f5c695a3	6.607303046740334	6.637645145477245	RCSB-5D3T-56Y-KD	0.9005618911832317	0.2	1.0
stratified_random_pair_5fold_non_headline	random-05	pocket_structure_knn_S0	S0	RCSB-5D3L-57F-KD	construct-003-fbf3f5c695a3	6.055517327849831	6.284006889049089	RCSB-5EIS-5OU-KD	0.890222199328283	0.609375	1.0
stratified_random_pair_5fold_non_headline	random-05	pocket_structure_knn_S0	S0	RCSB-4AGQ-P96-KD	construct-004-a02c0b37ee39	5.0	4.194801356255961	RCSB-5O1B-9H2-KD	0.8153452847524508	0.18571428571428572	1.0
stratified_random_pair_5fold_non_headline	random-05	pocket_structure_knn_S0	S0	RCSB-5AOJ-Y0V-KD	construct-004-a02c0b37ee39	4.6777807052660805	4.42997905445241	RCSB-5O1E-9GT-KD	0.9829428962800965	0.6046511627906976	1.0
stratified_random_pair_5fold_non_headline	random-05	pocket_structure_knn_S0	S0	RCSB-6RQB-Q47-KD	construct-005-6f4aa0a92e90	6.337242168318426	5.7703515924030935	RCSB-6RQD-KEW-KD	0.9934781793723849	0.6923076923076923	1.0
stratified_random_pair_5fold_non_headline	random-05	pocket_structure_knn_S0	S0	RCSB-6RQ0-KE2-KD	construct-005-6f4aa0a92e90	5.958607314841775	5.750948542225657	RCSB-6RQ6-R2H-KD	0.9175311931092834	0.7567567567567568	1.0
stratified_random_pair_5fold_non_headline	random-05	two_sided_ecfp_pocket_knn_S0	S0	RCSB-4UG6-XFJ-KD	construct-001-c5158f5b655d	5.571865205971211	4.910114260366095	RCSB-4UG5-XFK-KD	0.8347819051547766	0.8285714285714286	1.0
stratified_random_pair_5fold_non_headline	random-05	two_sided_ecfp_pocket_knn_S0	S0	RCSB-4UG7-1EV-KD	construct-001-c5158f5b655d	5.349692476868063	4.920490114338612	RCSB-4UG5-XFK-KD	0.6917874879425627	0.5813953488372093	1.0
stratified_random_pair_5fold_non_headline	random-05	two_sided_ecfp_pocket_knn_S0	S0	RCSB-4UGG-S5D-KD	construct-001-c5158f5b655d	4.59176003468815	4.859060610333767	RCSB-4UGH-4V4-KD	0.6437087607549735	0.509090909090909	1.0
stratified_random_pair_5fold_non_headline	random-05	two_sided_ecfp_pocket_knn_S0	S0	RCSB-5MYG-LS8-KD	construct-002-cb5cf2af5e4a	7.508638306165727	4.734447090335909	RCSB-5OV8-AXN-KD	0.410674059127931	0.24050632911392406	1.0
stratified_random_pair_5fold_non_headline	random-05	two_sided_ecfp_pocket_knn_S0	S0	RCSB-5O4S-9KW-KD	construct-002-cb5cf2af5e4a	5.6020599913279625	4.68649537353603	RCSB-5OV8-AXN-KD	0.7178607959558893	0.5737704918032787	1.0
stratified_random_pair_5fold_non_headline	random-05	two_sided_ecfp_pocket_knn_S0	S0	RCSB-7AXR-S7T-KD	construct-003-fbf3f5c695a3	4.940058111938045	5.7251127068851915	RCSB-5D3T-56Y-KD	0.5735040636694039	0.44776119402985076	1.0
stratified_random_pair_5fold_non_headline	random-05	two_sided_ecfp_pocket_knn_S0	S0	RCSB-6FSY-E5Q-KD	construct-003-fbf3f5c695a3	6.607303046740334	7.317334496671847	RCSB-4PS5-2TA-KD	0.32954341046896035	0.2	1.0
stratified_random_pair_5fold_non_headline	random-05	two_sided_ecfp_pocket_knn_S0	S0	RCSB-5D3L-57F-KD	construct-003-fbf3f5c695a3	6.055517327849831	5.854411845334688	RCSB-5D26-L28-KD	0.7334886213799556	0.609375	1.0
stratified_random_pair_5fold_non_headline	random-05	two_sided_ecfp_pocket_knn_S0	S0	RCSB-4AGQ-P96-KD	construct-004-a02c0b37ee39	5.0	4.439247573611422	RCSB-5O1B-9H2-KD	0.3891288567663831	0.18571428571428572	1.0
stratified_random_pair_5fold_non_headline	random-05	two_sided_ecfp_pocket_knn_S0	S0	RCSB-5AOJ-Y0V-KD	construct-004-a02c0b37ee39	4.6777807052660805	4.424622805706257	RCSB-5O1C-9GZ-KD	0.757620485262265	0.6046511627906976	1.0
stratified_random_pair_5fold_non_headline	random-05	two_sided_ecfp_pocket_knn_S0	S0	RCSB-6RQB-Q47-KD	construct-005-6f4aa0a92e90	6.337242168318426	5.763525945057408	RCSB-6RQD-KEW-KD	0.8293326146482746	0.6923076923076923	1.0
stratified_random_pair_5fold_non_headline	random-05	two_sided_ecfp_pocket_knn_S0	S0	RCSB-6RQ0-KE2-KD	construct-005-6f4aa0a92e90	5.958607314841775	5.176562560305169	RCSB-6RQ5-KEB-KD	0.8048876026459763	0.7567567567567568	1.0
stratified_random_pair_5fold_non_headline	random-05	pocket_structure_knn_S1	S1	RCSB-4UG6-XFJ-KD	construct-001-c5158f5b655d	5.571865205971211	5.5700721165716915	RCSB-4UG5-XFK-KD	1.0	0.8285714285714286	1.0
stratified_random_pair_5fold_non_headline	random-05	pocket_structure_knn_S1	S1	RCSB-4UG7-1EV-KD	construct-001-c5158f5b655d	5.349692476868063	5.5700721165716915	RCSB-4UG5-XFK-KD	1.0	0.5813953488372093	1.0
stratified_random_pair_5fold_non_headline	random-05	pocket_structure_knn_S1	S1	RCSB-4UGG-S5D-KD	construct-001-c5158f5b655d	4.59176003468815	5.5700721165716915	RCSB-4UG5-XFK-KD	1.0	0.509090909090909	1.0
stratified_random_pair_5fold_non_headline	random-05	pocket_structure_knn_S1	S1	RCSB-5MYG-LS8-KD	construct-002-cb5cf2af5e4a	7.508638306165727	4.2812260165177625	RCSB-5C85-4YO-KD	1.0	0.24050632911392406	1.0
stratified_random_pair_5fold_non_headline	random-05	pocket_structure_knn_S1	S1	RCSB-5O4S-9KW-KD	construct-002-cb5cf2af5e4a	5.6020599913279625	4.2812260165177625	RCSB-5C85-4YO-KD	1.0	0.5737704918032787	1.0
stratified_random_pair_5fold_non_headline	random-05	pocket_structure_knn_S1	S1	RCSB-7AXR-S7T-KD	construct-003-fbf3f5c695a3	4.940058111938045	6.595588673878084	RCSB-4O76-1M3-KD	1.0	0.44776119402985076	1.0
stratified_random_pair_5fold_non_headline	random-05	pocket_structure_knn_S1	S1	RCSB-6FSY-E5Q-KD	construct-003-fbf3f5c695a3	6.607303046740334	6.595588673878084	RCSB-4O76-1M3-KD	1.0	0.2	1.0
stratified_random_pair_5fold_non_headline	random-05	pocket_structure_knn_S1	S1	RCSB-5D3L-57F-KD	construct-003-fbf3f5c695a3	6.055517327849831	6.595588673878084	RCSB-4O76-1M3-KD	1.0	0.609375	1.0
stratified_random_pair_5fold_non_headline	random-05	pocket_structure_knn_S1	S1	RCSB-4AGQ-P96-KD	construct-004-a02c0b37ee39	5.0	4.434489626676798	RCSB-5O1B-9H2-KD	1.0	0.18571428571428572	1.0
stratified_random_pair_5fold_non_headline	random-05	pocket_structure_knn_S1	S1	RCSB-5AOJ-Y0V-KD	construct-004-a02c0b37ee39	4.6777807052660805	4.434489626676798	RCSB-5O1B-9H2-KD	1.0	0.6046511627906976	1.0
stratified_random_pair_5fold_non_headline	random-05	pocket_structure_knn_S1	S1	RCSB-6RQB-Q47-KD	construct-005-6f4aa0a92e90	6.337242168318426	4.704643336995091	RCSB-6RQ1-KE5-KD	1.0	0.6923076923076923	1.0
stratified_random_pair_5fold_non_headline	random-05	pocket_structure_knn_S1	S1	RCSB-6RQ0-KE2-KD	construct-005-6f4aa0a92e90	5.958607314841775	4.704643336995091	RCSB-6RQ1-KE5-KD	1.0	0.7567567567567568	1.0
stratified_random_pair_5fold_non_headline	random-05	two_sided_ecfp_pocket_knn_S1	S1	RCSB-4UG6-XFJ-KD	construct-001-c5158f5b655d	5.571865205971211	4.902760645278186	RCSB-4UG5-XFK-KD	0.9102589898327995	0.8285714285714286	1.0
stratified_random_pair_5fold_non_headline	random-05	two_sided_ecfp_pocket_knn_S1	S1	RCSB-4UG7-1EV-KD	construct-001-c5158f5b655d	5.349692476868063	4.936257708272137	RCSB-4UG5-XFK-KD	0.7624928516630234	0.5813953488372093	1.0
stratified_random_pair_5fold_non_headline	random-05	two_sided_ecfp_pocket_knn_S1	S1	RCSB-4UGG-S5D-KD	construct-001-c5158f5b655d	4.59176003468815	4.866724612249065	RCSB-4UGH-4V4-KD	0.7135060680126757	0.509090909090909	1.0
stratified_random_pair_5fold_non_headline	random-05	two_sided_ecfp_pocket_knn_S1	S1	RCSB-5MYG-LS8-KD	construct-002-cb5cf2af5e4a	7.508638306165727	4.658370400480124	RCSB-5OV8-AXN-KD	0.49041444627368397	0.24050632911392406	1.0
stratified_random_pair_5fold_non_headline	random-05	two_sided_ecfp_pocket_knn_S1	S1	RCSB-5O4S-9KW-KD	construct-002-cb5cf2af5e4a	5.6020599913279625	4.679653119591651	RCSB-5OV8-AXN-KD	0.7574763968621587	0.5737704918032787	1.0
stratified_random_pair_5fold_non_headline	random-05	two_sided_ecfp_pocket_knn_S1	S1	RCSB-7AXR-S7T-KD	construct-003-fbf3f5c695a3	4.940058111938045	5.7267150313882595	RCSB-5D3T-56Y-KD	0.6691496051182058	0.44776119402985076	1.0
stratified_random_pair_5fold_non_headline	random-05	two_sided_ecfp_pocket_knn_S1	S1	RCSB-6FSY-E5Q-KD	construct-003-fbf3f5c695a3	6.607303046740334	7.291428151794722	RCSB-4O76-1M3-KD	0.36719403681726276	0.2	1.0
stratified_random_pair_5fold_non_headline	random-05	two_sided_ecfp_pocket_knn_S1	S1	RCSB-5D3L-57F-KD	construct-003-fbf3f5c695a3	6.055517327849831	5.777467194813129	RCSB-5D26-L28-KD	0.7806247497997998	0.609375	1.0
stratified_random_pair_5fold_non_headline	random-05	two_sided_ecfp_pocket_knn_S1	S1	RCSB-4AGQ-P96-KD	construct-004-a02c0b37ee39	5.0	4.9151040273729585	RCSB-5O1B-9H2-KD	0.4309458036856673	0.18571428571428572	1.0
stratified_random_pair_5fold_non_headline	random-05	two_sided_ecfp_pocket_knn_S1	S1	RCSB-5AOJ-Y0V-KD	construct-004-a02c0b37ee39	4.6777807052660805	4.48197590520931	RCSB-5O1C-9GZ-KD	0.777593185920953	0.6046511627906976	1.0
stratified_random_pair_5fold_non_headline	random-05	two_sided_ecfp_pocket_knn_S1	S1	RCSB-6RQB-Q47-KD	construct-005-6f4aa0a92e90	6.337242168318426	5.756513579984745	RCSB-6RQ6-R2H-KD	0.8320502943378437	0.6923076923076923	1.0
stratified_random_pair_5fold_non_headline	random-05	two_sided_ecfp_pocket_knn_S1	S1	RCSB-6RQ0-KE2-KD	construct-005-6f4aa0a92e90	5.958607314841775	5.404124123160764	RCSB-6RQ5-KEB-KD	0.86991767240168	0.7567567567567568	1.0
