split	fold	model	view	observation_id	construct_group_id	y_true	y_pred	nearest_train_observation_id	nearest_train_similarity	max_train_ecfp_tanimoto	max_train_full_sequence_identity
union_component_leave_one_out	component-01	global_train_mean	no_input	RCSB-5O1E-9GT-KD	construct-004-a02c0b37ee39	4.481486060122113	5.215038842772727			0.15151515151515152	0.20855614973262032
union_component_leave_one_out	component-01	global_train_mean	no_input	RCSB-5O1G-9GK-KD	construct-004-a02c0b37ee39	3.935542010773082	5.215038842772727			0.16923076923076924	0.20855614973262032
union_component_leave_one_out	component-01	global_train_mean	no_input	RCSB-4AGQ-P96-KD	construct-004-a02c0b37ee39	5.0	5.215038842772727			0.16853932584269662	0.20855614973262032
union_component_leave_one_out	component-01	global_train_mean	no_input	RCSB-5AOJ-Y0V-KD	construct-004-a02c0b37ee39	4.6777807052660805	5.215038842772727			0.16666666666666666	0.20855614973262032
union_component_leave_one_out	component-01	global_train_mean	no_input	RCSB-5O1D-9GW-KD	construct-004-a02c0b37ee39	4.657577319177793	5.215038842772727			0.1746031746031746	0.20855614973262032
union_component_leave_one_out	component-01	global_train_mean	no_input	RCSB-5O1C-9GZ-KD	construct-004-a02c0b37ee39	3.94692155651658	5.215038842772727			0.20967741935483872	0.20855614973262032
union_component_leave_one_out	component-01	global_train_mean	no_input	RCSB-8A92-LE9-KD	construct-004-a02c0b37ee39	3.0	5.215038842772727			0.1590909090909091	0.20855614973262032
union_component_leave_one_out	component-01	global_train_mean	no_input	RCSB-5O1I-9GH-KD	construct-004-a02c0b37ee39	5.3979400086720375	5.215038842772727			0.1686746987951807	0.20855614973262032
union_component_leave_one_out	component-01	global_train_mean	no_input	RCSB-5O1H-9GN-KD	construct-004-a02c0b37ee39	4.853871964321762	5.215038842772727			0.1746031746031746	0.20855614973262032
union_component_leave_one_out	component-01	global_train_mean	no_input	RCSB-5O1B-9H2-KD	construct-004-a02c0b37ee39	4.698970004336019	5.215038842772727			0.16981132075471697	0.20855614973262032
union_component_leave_one_out	component-01	target_mean_or_global_fallback	target_identity	RCSB-5O1E-9GT-KD	construct-004-a02c0b37ee39	4.481486060122113	5.215038842772727			0.15151515151515152	0.20855614973262032
union_component_leave_one_out	component-01	target_mean_or_global_fallback	target_identity	RCSB-5O1G-9GK-KD	construct-004-a02c0b37ee39	3.935542010773082	5.215038842772727			0.16923076923076924	0.20855614973262032
union_component_leave_one_out	component-01	target_mean_or_global_fallback	target_identity	RCSB-4AGQ-P96-KD	construct-004-a02c0b37ee39	5.0	5.215038842772727			0.16853932584269662	0.20855614973262032
union_component_leave_one_out	component-01	target_mean_or_global_fallback	target_identity	RCSB-5AOJ-Y0V-KD	construct-004-a02c0b37ee39	4.6777807052660805	5.215038842772727			0.16666666666666666	0.20855614973262032
union_component_leave_one_out	component-01	target_mean_or_global_fallback	target_identity	RCSB-5O1D-9GW-KD	construct-004-a02c0b37ee39	4.657577319177793	5.215038842772727			0.1746031746031746	0.20855614973262032
union_component_leave_one_out	component-01	target_mean_or_global_fallback	target_identity	RCSB-5O1C-9GZ-KD	construct-004-a02c0b37ee39	3.94692155651658	5.215038842772727			0.20967741935483872	0.20855614973262032
union_component_leave_one_out	component-01	target_mean_or_global_fallback	target_identity	RCSB-8A92-LE9-KD	construct-004-a02c0b37ee39	3.0	5.215038842772727			0.1590909090909091	0.20855614973262032
union_component_leave_one_out	component-01	target_mean_or_global_fallback	target_identity	RCSB-5O1I-9GH-KD	construct-004-a02c0b37ee39	5.3979400086720375	5.215038842772727			0.1686746987951807	0.20855614973262032
union_component_leave_one_out	component-01	target_mean_or_global_fallback	target_identity	RCSB-5O1H-9GN-KD	construct-004-a02c0b37ee39	4.853871964321762	5.215038842772727			0.1746031746031746	0.20855614973262032
union_component_leave_one_out	component-01	target_mean_or_global_fallback	target_identity	RCSB-5O1B-9H2-KD	construct-004-a02c0b37ee39	4.698970004336019	5.215038842772727			0.16981132075471697	0.20855614973262032
union_component_leave_one_out	component-01	nuisance_ridge	metadata_only	RCSB-5O1E-9GT-KD	construct-004-a02c0b37ee39	4.481486060122113	5.333756259515964			0.15151515151515152	0.20855614973262032
union_component_leave_one_out	component-01	nuisance_ridge	metadata_only	RCSB-5O1G-9GK-KD	construct-004-a02c0b37ee39	3.935542010773082	5.326520477069655			0.16923076923076924	0.20855614973262032
union_component_leave_one_out	component-01	nuisance_ridge	metadata_only	RCSB-4AGQ-P96-KD	construct-004-a02c0b37ee39	5.0	4.798792905191886			0.16853932584269662	0.20855614973262032
union_component_leave_one_out	component-01	nuisance_ridge	metadata_only	RCSB-5AOJ-Y0V-KD	construct-004-a02c0b37ee39	4.6777807052660805	5.050355860972044			0.16666666666666666	0.20855614973262032
union_component_leave_one_out	component-01	nuisance_ridge	metadata_only	RCSB-5O1D-9GW-KD	construct-004-a02c0b37ee39	4.657577319177793	5.325073320580393			0.1746031746031746	0.20855614973262032
union_component_leave_one_out	component-01	nuisance_ridge	metadata_only	RCSB-5O1C-9GZ-KD	construct-004-a02c0b37ee39	3.94692155651658	5.330861946537441			0.20967741935483872	0.20855614973262032
union_component_leave_one_out	component-01	nuisance_ridge	metadata_only	RCSB-8A92-LE9-KD	construct-004-a02c0b37ee39	3.0	5.668691148393088			0.1590909090909091	0.20855614973262032
union_component_leave_one_out	component-01	nuisance_ridge	metadata_only	RCSB-5O1I-9GH-KD	construct-004-a02c0b37ee39	5.3979400086720375	5.319284694623345			0.1686746987951807	0.20855614973262032
union_component_leave_one_out	component-01	nuisance_ridge	metadata_only	RCSB-5O1H-9GN-KD	construct-004-a02c0b37ee39	4.853871964321762	5.330861946537441			0.1746031746031746	0.20855614973262032
union_component_leave_one_out	component-01	nuisance_ridge	metadata_only	RCSB-5O1B-9H2-KD	construct-004-a02c0b37ee39	4.698970004336019	5.3149432251555595			0.16981132075471697	0.20855614973262032
union_component_leave_one_out	component-01	ligand_ecfp_ridge	ligand_only	RCSB-5O1E-9GT-KD	construct-004-a02c0b37ee39	4.481486060122113	5.314466161950315			0.15151515151515152	0.20855614973262032
union_component_leave_one_out	component-01	ligand_ecfp_ridge	ligand_only	RCSB-5O1G-9GK-KD	construct-004-a02c0b37ee39	3.935542010773082	4.935092669544136			0.16923076923076924	0.20855614973262032
union_component_leave_one_out	component-01	ligand_ecfp_ridge	ligand_only	RCSB-4AGQ-P96-KD	construct-004-a02c0b37ee39	5.0	5.609552491244784			0.16853932584269662	0.20855614973262032
union_component_leave_one_out	component-01	ligand_ecfp_ridge	ligand_only	RCSB-5AOJ-Y0V-KD	construct-004-a02c0b37ee39	4.6777807052660805	5.07954467569989			0.16666666666666666	0.20855614973262032
union_component_leave_one_out	component-01	ligand_ecfp_ridge	ligand_only	RCSB-5O1D-9GW-KD	construct-004-a02c0b37ee39	4.657577319177793	5.15518129436564			0.1746031746031746	0.20855614973262032
union_component_leave_one_out	component-01	ligand_ecfp_ridge	ligand_only	RCSB-5O1C-9GZ-KD	construct-004-a02c0b37ee39	3.94692155651658	4.644100459750314			0.20967741935483872	0.20855614973262032
union_component_leave_one_out	component-01	ligand_ecfp_ridge	ligand_only	RCSB-8A92-LE9-KD	construct-004-a02c0b37ee39	3.0	4.464839749170964			0.1590909090909091	0.20855614973262032
union_component_leave_one_out	component-01	ligand_ecfp_ridge	ligand_only	RCSB-5O1I-9GH-KD	construct-004-a02c0b37ee39	5.3979400086720375	4.971523952681007			0.1686746987951807	0.20855614973262032
union_component_leave_one_out	component-01	ligand_ecfp_ridge	ligand_only	RCSB-5O1H-9GN-KD	construct-004-a02c0b37ee39	4.853871964321762	5.185666942584964			0.1746031746031746	0.20855614973262032
union_component_leave_one_out	component-01	ligand_ecfp_ridge	ligand_only	RCSB-5O1B-9H2-KD	construct-004-a02c0b37ee39	4.698970004336019	5.311278284649685			0.16981132075471697	0.20855614973262032
union_component_leave_one_out	component-01	ligand_gmolai_ridge	ligand_only	RCSB-5O1E-9GT-KD	construct-004-a02c0b37ee39	4.481486060122113	4.900035214185358			0.15151515151515152	0.20855614973262032
union_component_leave_one_out	component-01	ligand_gmolai_ridge	ligand_only	RCSB-5O1G-9GK-KD	construct-004-a02c0b37ee39	3.935542010773082	5.0979657530117946			0.16923076923076924	0.20855614973262032
union_component_leave_one_out	component-01	ligand_gmolai_ridge	ligand_only	RCSB-4AGQ-P96-KD	construct-004-a02c0b37ee39	5.0	6.3335685113151685			0.16853932584269662	0.20855614973262032
union_component_leave_one_out	component-01	ligand_gmolai_ridge	ligand_only	RCSB-5AOJ-Y0V-KD	construct-004-a02c0b37ee39	4.6777807052660805	5.163048081253213			0.16666666666666666	0.20855614973262032
union_component_leave_one_out	component-01	ligand_gmolai_ridge	ligand_only	RCSB-5O1D-9GW-KD	construct-004-a02c0b37ee39	4.657577319177793	5.164680754428696			0.1746031746031746	0.20855614973262032
union_component_leave_one_out	component-01	ligand_gmolai_ridge	ligand_only	RCSB-5O1C-9GZ-KD	construct-004-a02c0b37ee39	3.94692155651658	5.262782804679543			0.20967741935483872	0.20855614973262032
union_component_leave_one_out	component-01	ligand_gmolai_ridge	ligand_only	RCSB-8A92-LE9-KD	construct-004-a02c0b37ee39	3.0	4.126607031388652			0.1590909090909091	0.20855614973262032
union_component_leave_one_out	component-01	ligand_gmolai_ridge	ligand_only	RCSB-5O1I-9GH-KD	construct-004-a02c0b37ee39	5.3979400086720375	5.752576409531783			0.1686746987951807	0.20855614973262032
union_component_leave_one_out	component-01	ligand_gmolai_ridge	ligand_only	RCSB-5O1H-9GN-KD	construct-004-a02c0b37ee39	4.853871964321762	4.834270348643056			0.1746031746031746	0.20855614973262032
union_component_leave_one_out	component-01	ligand_gmolai_ridge	ligand_only	RCSB-5O1B-9H2-KD	construct-004-a02c0b37ee39	4.698970004336019	5.766028946503349			0.16981132075471697	0.20855614973262032
union_component_leave_one_out	component-01	protein_sequence_ridge	sequence_only	RCSB-5O1E-9GT-KD	construct-004-a02c0b37ee39	4.481486060122113	5.520748384805708			0.15151515151515152	0.20855614973262032
union_component_leave_one_out	component-01	protein_sequence_ridge	sequence_only	RCSB-5O1G-9GK-KD	construct-004-a02c0b37ee39	3.935542010773082	5.520748384805708			0.16923076923076924	0.20855614973262032
union_component_leave_one_out	component-01	protein_sequence_ridge	sequence_only	RCSB-4AGQ-P96-KD	construct-004-a02c0b37ee39	5.0	5.520748384805708			0.16853932584269662	0.20855614973262032
union_component_leave_one_out	component-01	protein_sequence_ridge	sequence_only	RCSB-5AOJ-Y0V-KD	construct-004-a02c0b37ee39	4.6777807052660805	5.520748384805708			0.16666666666666666	0.20855614973262032
union_component_leave_one_out	component-01	protein_sequence_ridge	sequence_only	RCSB-5O1D-9GW-KD	construct-004-a02c0b37ee39	4.657577319177793	5.520748384805708			0.1746031746031746	0.20855614973262032
union_component_leave_one_out	component-01	protein_sequence_ridge	sequence_only	RCSB-5O1C-9GZ-KD	construct-004-a02c0b37ee39	3.94692155651658	5.520748384805708			0.20967741935483872	0.20855614973262032
union_component_leave_one_out	component-01	protein_sequence_ridge	sequence_only	RCSB-8A92-LE9-KD	construct-004-a02c0b37ee39	3.0	5.520748384805708			0.1590909090909091	0.20855614973262032
union_component_leave_one_out	component-01	protein_sequence_ridge	sequence_only	RCSB-5O1I-9GH-KD	construct-004-a02c0b37ee39	5.3979400086720375	5.520748384805708			0.1686746987951807	0.20855614973262032
union_component_leave_one_out	component-01	protein_sequence_ridge	sequence_only	RCSB-5O1H-9GN-KD	construct-004-a02c0b37ee39	4.853871964321762	5.520748384805708			0.1746031746031746	0.20855614973262032
union_component_leave_one_out	component-01	protein_sequence_ridge	sequence_only	RCSB-5O1B-9H2-KD	construct-004-a02c0b37ee39	4.698970004336019	5.520748384805708			0.16981132075471697	0.20855614973262032
union_component_leave_one_out	component-01	concat_ecfp_sequence_ridge	sequence_ligand	RCSB-5O1E-9GT-KD	construct-004-a02c0b37ee39	4.481486060122113	5.566585420591368			0.15151515151515152	0.20855614973262032
union_component_leave_one_out	component-01	concat_ecfp_sequence_ridge	sequence_ligand	RCSB-5O1G-9GK-KD	construct-004-a02c0b37ee39	3.935542010773082	5.356949195462278			0.16923076923076924	0.20855614973262032
union_component_leave_one_out	component-01	concat_ecfp_sequence_ridge	sequence_ligand	RCSB-4AGQ-P96-KD	construct-004-a02c0b37ee39	5.0	5.786225792059962			0.16853932584269662	0.20855614973262032
union_component_leave_one_out	component-01	concat_ecfp_sequence_ridge	sequence_ligand	RCSB-5AOJ-Y0V-KD	construct-004-a02c0b37ee39	4.6777807052660805	5.532458461300154			0.16666666666666666	0.20855614973262032
union_component_leave_one_out	component-01	concat_ecfp_sequence_ridge	sequence_ligand	RCSB-5O1D-9GW-KD	construct-004-a02c0b37ee39	4.657577319177793	5.501510460765777			0.1746031746031746	0.20855614973262032
union_component_leave_one_out	component-01	concat_ecfp_sequence_ridge	sequence_ligand	RCSB-5O1C-9GZ-KD	construct-004-a02c0b37ee39	3.94692155651658	5.0796247625971365			0.20967741935483872	0.20855614973262032
union_component_leave_one_out	component-01	concat_ecfp_sequence_ridge	sequence_ligand	RCSB-8A92-LE9-KD	construct-004-a02c0b37ee39	3.0	4.801834875732978			0.1590909090909091	0.20855614973262032
union_component_leave_one_out	component-01	concat_ecfp_sequence_ridge	sequence_ligand	RCSB-5O1I-9GH-KD	construct-004-a02c0b37ee39	5.3979400086720375	5.097014790439591			0.1686746987951807	0.20855614973262032
union_component_leave_one_out	component-01	concat_ecfp_sequence_ridge	sequence_ligand	RCSB-5O1H-9GN-KD	construct-004-a02c0b37ee39	4.853871964321762	5.354108577738882			0.1746031746031746	0.20855614973262032
union_component_leave_one_out	component-01	concat_ecfp_sequence_ridge	sequence_ligand	RCSB-5O1B-9H2-KD	construct-004-a02c0b37ee39	4.698970004336019	5.624827685164062			0.16981132075471697	0.20855614973262032
union_component_leave_one_out	component-01	pocket_composition_ridge_S0	S0	RCSB-5O1E-9GT-KD	construct-004-a02c0b37ee39	4.481486060122113	6.421324052283112			0.15151515151515152	0.20855614973262032
union_component_leave_one_out	component-01	pocket_composition_ridge_S0	S0	RCSB-5O1G-9GK-KD	construct-004-a02c0b37ee39	3.935542010773082	6.421324052283112			0.16923076923076924	0.20855614973262032
union_component_leave_one_out	component-01	pocket_composition_ridge_S0	S0	RCSB-4AGQ-P96-KD	construct-004-a02c0b37ee39	5.0	6.421324052283112			0.16853932584269662	0.20855614973262032
union_component_leave_one_out	component-01	pocket_composition_ridge_S0	S0	RCSB-5AOJ-Y0V-KD	construct-004-a02c0b37ee39	4.6777807052660805	6.421324052283112			0.16666666666666666	0.20855614973262032
union_component_leave_one_out	component-01	pocket_composition_ridge_S0	S0	RCSB-5O1D-9GW-KD	construct-004-a02c0b37ee39	4.657577319177793	6.421324052283112			0.1746031746031746	0.20855614973262032
union_component_leave_one_out	component-01	pocket_composition_ridge_S0	S0	RCSB-5O1C-9GZ-KD	construct-004-a02c0b37ee39	3.94692155651658	6.421324052283112			0.20967741935483872	0.20855614973262032
union_component_leave_one_out	component-01	pocket_composition_ridge_S0	S0	RCSB-8A92-LE9-KD	construct-004-a02c0b37ee39	3.0	6.400410567031932			0.1590909090909091	0.20855614973262032
union_component_leave_one_out	component-01	pocket_composition_ridge_S0	S0	RCSB-5O1I-9GH-KD	construct-004-a02c0b37ee39	5.3979400086720375	6.421324052283112			0.1686746987951807	0.20855614973262032
union_component_leave_one_out	component-01	pocket_composition_ridge_S0	S0	RCSB-5O1H-9GN-KD	construct-004-a02c0b37ee39	4.853871964321762	6.421324052283112			0.1746031746031746	0.20855614973262032
union_component_leave_one_out	component-01	pocket_composition_ridge_S0	S0	RCSB-5O1B-9H2-KD	construct-004-a02c0b37ee39	4.698970004336019	6.421324052283112			0.16981132075471697	0.20855614973262032
union_component_leave_one_out	component-01	pocket_structure_ridge_S0	S0	RCSB-5O1E-9GT-KD	construct-004-a02c0b37ee39	4.481486060122113	6.990121145331604			0.15151515151515152	0.20855614973262032
union_component_leave_one_out	component-01	pocket_structure_ridge_S0	S0	RCSB-5O1G-9GK-KD	construct-004-a02c0b37ee39	3.935542010773082	7.001520734179268			0.16923076923076924	0.20855614973262032
union_component_leave_one_out	component-01	pocket_structure_ridge_S0	S0	RCSB-4AGQ-P96-KD	construct-004-a02c0b37ee39	5.0	6.726752588862748			0.16853932584269662	0.20855614973262032
union_component_leave_one_out	component-01	pocket_structure_ridge_S0	S0	RCSB-5AOJ-Y0V-KD	construct-004-a02c0b37ee39	4.6777807052660805	6.972057345800773			0.16666666666666666	0.20855614973262032
union_component_leave_one_out	component-01	pocket_structure_ridge_S0	S0	RCSB-5O1D-9GW-KD	construct-004-a02c0b37ee39	4.657577319177793	7.035812304816879			0.1746031746031746	0.20855614973262032
union_component_leave_one_out	component-01	pocket_structure_ridge_S0	S0	RCSB-5O1C-9GZ-KD	construct-004-a02c0b37ee39	3.94692155651658	6.985583257456343			0.20967741935483872	0.20855614973262032
union_component_leave_one_out	component-01	pocket_structure_ridge_S0	S0	RCSB-8A92-LE9-KD	construct-004-a02c0b37ee39	3.0	6.6539436993209415			0.1590909090909091	0.20855614973262032
union_component_leave_one_out	component-01	pocket_structure_ridge_S0	S0	RCSB-5O1I-9GH-KD	construct-004-a02c0b37ee39	5.3979400086720375	6.93856157203815			0.1686746987951807	0.20855614973262032
union_component_leave_one_out	component-01	pocket_structure_ridge_S0	S0	RCSB-5O1H-9GN-KD	construct-004-a02c0b37ee39	4.853871964321762	7.054391965357784			0.1746031746031746	0.20855614973262032
union_component_leave_one_out	component-01	pocket_structure_ridge_S0	S0	RCSB-5O1B-9H2-KD	construct-004-a02c0b37ee39	4.698970004336019	7.01350760827529			0.16981132075471697	0.20855614973262032
union_component_leave_one_out	component-01	concat_ecfp_pocket_ridge_S0	S0	RCSB-5O1E-9GT-KD	construct-004-a02c0b37ee39	4.481486060122113	5.445369834962209			0.15151515151515152	0.20855614973262032
union_component_leave_one_out	component-01	concat_ecfp_pocket_ridge_S0	S0	RCSB-5O1G-9GK-KD	construct-004-a02c0b37ee39	3.935542010773082	5.113445635822972			0.16923076923076924	0.20855614973262032
union_component_leave_one_out	component-01	concat_ecfp_pocket_ridge_S0	S0	RCSB-4AGQ-P96-KD	construct-004-a02c0b37ee39	5.0	5.653078711181181			0.16853932584269662	0.20855614973262032
union_component_leave_one_out	component-01	concat_ecfp_pocket_ridge_S0	S0	RCSB-5AOJ-Y0V-KD	construct-004-a02c0b37ee39	4.6777807052660805	5.26513641394099			0.16666666666666666	0.20855614973262032
union_component_leave_one_out	component-01	concat_ecfp_pocket_ridge_S0	S0	RCSB-5O1D-9GW-KD	construct-004-a02c0b37ee39	4.657577319177793	5.316717122319569			0.1746031746031746	0.20855614973262032
union_component_leave_one_out	component-01	concat_ecfp_pocket_ridge_S0	S0	RCSB-5O1C-9GZ-KD	construct-004-a02c0b37ee39	3.94692155651658	4.841273501463397			0.20967741935483872	0.20855614973262032
union_component_leave_one_out	component-01	concat_ecfp_pocket_ridge_S0	S0	RCSB-8A92-LE9-KD	construct-004-a02c0b37ee39	3.0	4.616568072326615			0.1590909090909091	0.20855614973262032
union_component_leave_one_out	component-01	concat_ecfp_pocket_ridge_S0	S0	RCSB-5O1I-9GH-KD	construct-004-a02c0b37ee39	5.3979400086720375	5.029204742954139			0.1686746987951807	0.20855614973262032
union_component_leave_one_out	component-01	concat_ecfp_pocket_ridge_S0	S0	RCSB-5O1H-9GN-KD	construct-004-a02c0b37ee39	4.853871964321762	5.278881930113583			0.1746031746031746	0.20855614973262032
union_component_leave_one_out	component-01	concat_ecfp_pocket_ridge_S0	S0	RCSB-5O1B-9H2-KD	construct-004-a02c0b37ee39	4.698970004336019	5.4280936557833455			0.16981132075471697	0.20855614973262032
union_component_leave_one_out	component-01	concat_gmolai_pocket_ridge_S0	S0	RCSB-5O1E-9GT-KD	construct-004-a02c0b37ee39	4.481486060122113	5.474370157558179			0.15151515151515152	0.20855614973262032
union_component_leave_one_out	component-01	concat_gmolai_pocket_ridge_S0	S0	RCSB-5O1G-9GK-KD	construct-004-a02c0b37ee39	3.935542010773082	5.6579422121291225			0.16923076923076924	0.20855614973262032
union_component_leave_one_out	component-01	concat_gmolai_pocket_ridge_S0	S0	RCSB-4AGQ-P96-KD	construct-004-a02c0b37ee39	5.0	6.750595329107115			0.16853932584269662	0.20855614973262032
union_component_leave_one_out	component-01	concat_gmolai_pocket_ridge_S0	S0	RCSB-5AOJ-Y0V-KD	construct-004-a02c0b37ee39	4.6777807052660805	5.905282912456706			0.16666666666666666	0.20855614973262032
union_component_leave_one_out	component-01	concat_gmolai_pocket_ridge_S0	S0	RCSB-5O1D-9GW-KD	construct-004-a02c0b37ee39	4.657577319177793	5.606218208037027			0.1746031746031746	0.20855614973262032
union_component_leave_one_out	component-01	concat_gmolai_pocket_ridge_S0	S0	RCSB-5O1C-9GZ-KD	construct-004-a02c0b37ee39	3.94692155651658	5.7128878301580865			0.20967741935483872	0.20855614973262032
union_component_leave_one_out	component-01	concat_gmolai_pocket_ridge_S0	S0	RCSB-8A92-LE9-KD	construct-004-a02c0b37ee39	3.0	4.806824285951055			0.1590909090909091	0.20855614973262032
union_component_leave_one_out	component-01	concat_gmolai_pocket_ridge_S0	S0	RCSB-5O1I-9GH-KD	construct-004-a02c0b37ee39	5.3979400086720375	6.236440770043407			0.1686746987951807	0.20855614973262032
union_component_leave_one_out	component-01	concat_gmolai_pocket_ridge_S0	S0	RCSB-5O1H-9GN-KD	construct-004-a02c0b37ee39	4.853871964321762	5.373642838997503			0.1746031746031746	0.20855614973262032
union_component_leave_one_out	component-01	concat_gmolai_pocket_ridge_S0	S0	RCSB-5O1B-9H2-KD	construct-004-a02c0b37ee39	4.698970004336019	6.5584322578575565			0.16981132075471697	0.20855614973262032
union_component_leave_one_out	component-01	pocket_composition_ridge_S1	S1	RCSB-5O1E-9GT-KD	construct-004-a02c0b37ee39	4.481486060122113	6.358890940724216			0.15151515151515152	0.20855614973262032
union_component_leave_one_out	component-01	pocket_composition_ridge_S1	S1	RCSB-5O1G-9GK-KD	construct-004-a02c0b37ee39	3.935542010773082	6.358890940724216			0.16923076923076924	0.20855614973262032
union_component_leave_one_out	component-01	pocket_composition_ridge_S1	S1	RCSB-4AGQ-P96-KD	construct-004-a02c0b37ee39	5.0	6.358890940724216			0.16853932584269662	0.20855614973262032
union_component_leave_one_out	component-01	pocket_composition_ridge_S1	S1	RCSB-5AOJ-Y0V-KD	construct-004-a02c0b37ee39	4.6777807052660805	6.358890940724216			0.16666666666666666	0.20855614973262032
union_component_leave_one_out	component-01	pocket_composition_ridge_S1	S1	RCSB-5O1D-9GW-KD	construct-004-a02c0b37ee39	4.657577319177793	6.358890940724216			0.1746031746031746	0.20855614973262032
union_component_leave_one_out	component-01	pocket_composition_ridge_S1	S1	RCSB-5O1C-9GZ-KD	construct-004-a02c0b37ee39	3.94692155651658	6.358890940724216			0.20967741935483872	0.20855614973262032
union_component_leave_one_out	component-01	pocket_composition_ridge_S1	S1	RCSB-8A92-LE9-KD	construct-004-a02c0b37ee39	3.0	6.358890940724216			0.1590909090909091	0.20855614973262032
union_component_leave_one_out	component-01	pocket_composition_ridge_S1	S1	RCSB-5O1I-9GH-KD	construct-004-a02c0b37ee39	5.3979400086720375	6.358890940724216			0.1686746987951807	0.20855614973262032
union_component_leave_one_out	component-01	pocket_composition_ridge_S1	S1	RCSB-5O1H-9GN-KD	construct-004-a02c0b37ee39	4.853871964321762	6.358890940724216			0.1746031746031746	0.20855614973262032
union_component_leave_one_out	component-01	pocket_composition_ridge_S1	S1	RCSB-5O1B-9H2-KD	construct-004-a02c0b37ee39	4.698970004336019	6.358890940724216			0.16981132075471697	0.20855614973262032
union_component_leave_one_out	component-01	pocket_structure_ridge_S1	S1	RCSB-5O1E-9GT-KD	construct-004-a02c0b37ee39	4.481486060122113	5.942853649351573			0.15151515151515152	0.20855614973262032
union_component_leave_one_out	component-01	pocket_structure_ridge_S1	S1	RCSB-5O1G-9GK-KD	construct-004-a02c0b37ee39	3.935542010773082	5.942853649351573			0.16923076923076924	0.20855614973262032
union_component_leave_one_out	component-01	pocket_structure_ridge_S1	S1	RCSB-4AGQ-P96-KD	construct-004-a02c0b37ee39	5.0	5.942853649351573			0.16853932584269662	0.20855614973262032
union_component_leave_one_out	component-01	pocket_structure_ridge_S1	S1	RCSB-5AOJ-Y0V-KD	construct-004-a02c0b37ee39	4.6777807052660805	5.942853649351573			0.16666666666666666	0.20855614973262032
union_component_leave_one_out	component-01	pocket_structure_ridge_S1	S1	RCSB-5O1D-9GW-KD	construct-004-a02c0b37ee39	4.657577319177793	5.942853649351573			0.1746031746031746	0.20855614973262032
union_component_leave_one_out	component-01	pocket_structure_ridge_S1	S1	RCSB-5O1C-9GZ-KD	construct-004-a02c0b37ee39	3.94692155651658	5.942853649351573			0.20967741935483872	0.20855614973262032
union_component_leave_one_out	component-01	pocket_structure_ridge_S1	S1	RCSB-8A92-LE9-KD	construct-004-a02c0b37ee39	3.0	5.942853649351573			0.1590909090909091	0.20855614973262032
union_component_leave_one_out	component-01	pocket_structure_ridge_S1	S1	RCSB-5O1I-9GH-KD	construct-004-a02c0b37ee39	5.3979400086720375	5.942853649351573			0.1686746987951807	0.20855614973262032
union_component_leave_one_out	component-01	pocket_structure_ridge_S1	S1	RCSB-5O1H-9GN-KD	construct-004-a02c0b37ee39	4.853871964321762	5.942853649351573			0.1746031746031746	0.20855614973262032
union_component_leave_one_out	component-01	pocket_structure_ridge_S1	S1	RCSB-5O1B-9H2-KD	construct-004-a02c0b37ee39	4.698970004336019	5.942853649351573			0.16981132075471697	0.20855614973262032
union_component_leave_one_out	component-01	concat_ecfp_pocket_ridge_S1	S1	RCSB-5O1E-9GT-KD	construct-004-a02c0b37ee39	4.481486060122113	5.438319296192899			0.15151515151515152	0.20855614973262032
union_component_leave_one_out	component-01	concat_ecfp_pocket_ridge_S1	S1	RCSB-5O1G-9GK-KD	construct-004-a02c0b37ee39	3.935542010773082	5.121125982337154			0.16923076923076924	0.20855614973262032
union_component_leave_one_out	component-01	concat_ecfp_pocket_ridge_S1	S1	RCSB-4AGQ-P96-KD	construct-004-a02c0b37ee39	5.0	5.682433910868498			0.16853932584269662	0.20855614973262032
union_component_leave_one_out	component-01	concat_ecfp_pocket_ridge_S1	S1	RCSB-5AOJ-Y0V-KD	construct-004-a02c0b37ee39	4.6777807052660805	5.2655336651933435			0.16666666666666666	0.20855614973262032
union_component_leave_one_out	component-01	concat_ecfp_pocket_ridge_S1	S1	RCSB-5O1D-9GW-KD	construct-004-a02c0b37ee39	4.657577319177793	5.318543011581019			0.1746031746031746	0.20855614973262032
union_component_leave_one_out	component-01	concat_ecfp_pocket_ridge_S1	S1	RCSB-5O1C-9GZ-KD	construct-004-a02c0b37ee39	3.94692155651658	4.84426436135377			0.20967741935483872	0.20855614973262032
union_component_leave_one_out	component-01	concat_ecfp_pocket_ridge_S1	S1	RCSB-8A92-LE9-KD	construct-004-a02c0b37ee39	3.0	4.626927119819708			0.1590909090909091	0.20855614973262032
union_component_leave_one_out	component-01	concat_ecfp_pocket_ridge_S1	S1	RCSB-5O1I-9GH-KD	construct-004-a02c0b37ee39	5.3979400086720375	5.065662858952772			0.1686746987951807	0.20855614973262032
union_component_leave_one_out	component-01	concat_ecfp_pocket_ridge_S1	S1	RCSB-5O1H-9GN-KD	construct-004-a02c0b37ee39	4.853871964321762	5.265415686058475			0.1746031746031746	0.20855614973262032
union_component_leave_one_out	component-01	concat_ecfp_pocket_ridge_S1	S1	RCSB-5O1B-9H2-KD	construct-004-a02c0b37ee39	4.698970004336019	5.443059890946778			0.16981132075471697	0.20855614973262032
union_component_leave_one_out	component-01	concat_gmolai_pocket_ridge_S1	S1	RCSB-5O1E-9GT-KD	construct-004-a02c0b37ee39	4.481486060122113	5.394986679788683			0.15151515151515152	0.20855614973262032
union_component_leave_one_out	component-01	concat_gmolai_pocket_ridge_S1	S1	RCSB-5O1G-9GK-KD	construct-004-a02c0b37ee39	3.935542010773082	5.572551649925667			0.16923076923076924	0.20855614973262032
union_component_leave_one_out	component-01	concat_gmolai_pocket_ridge_S1	S1	RCSB-4AGQ-P96-KD	construct-004-a02c0b37ee39	5.0	6.678934422431984			0.16853932584269662	0.20855614973262032
union_component_leave_one_out	component-01	concat_gmolai_pocket_ridge_S1	S1	RCSB-5AOJ-Y0V-KD	construct-004-a02c0b37ee39	4.6777807052660805	5.828971273765216			0.16666666666666666	0.20855614973262032
union_component_leave_one_out	component-01	concat_gmolai_pocket_ridge_S1	S1	RCSB-5O1D-9GW-KD	construct-004-a02c0b37ee39	4.657577319177793	5.541020060346844			0.1746031746031746	0.20855614973262032
union_component_leave_one_out	component-01	concat_gmolai_pocket_ridge_S1	S1	RCSB-5O1C-9GZ-KD	construct-004-a02c0b37ee39	3.94692155651658	5.625260233623841			0.20967741935483872	0.20855614973262032
union_component_leave_one_out	component-01	concat_gmolai_pocket_ridge_S1	S1	RCSB-8A92-LE9-KD	construct-004-a02c0b37ee39	3.0	4.70470385746325			0.1590909090909091	0.20855614973262032
union_component_leave_one_out	component-01	concat_gmolai_pocket_ridge_S1	S1	RCSB-5O1I-9GH-KD	construct-004-a02c0b37ee39	5.3979400086720375	6.143098532519622			0.1686746987951807	0.20855614973262032
union_component_leave_one_out	component-01	concat_gmolai_pocket_ridge_S1	S1	RCSB-5O1H-9GN-KD	construct-004-a02c0b37ee39	4.853871964321762	5.282935168459403			0.1746031746031746	0.20855614973262032
union_component_leave_one_out	component-01	concat_gmolai_pocket_ridge_S1	S1	RCSB-5O1B-9H2-KD	construct-004-a02c0b37ee39	4.698970004336019	6.4923956893202			0.16981132075471697	0.20855614973262032
union_component_leave_one_out	component-01	negative_pocket_permuted_concat_gmolai_S0	S0_negative_control	RCSB-5O1E-9GT-KD	construct-004-a02c0b37ee39	4.481486060122113	5.515494483091382			0.15151515151515152	0.20855614973262032
union_component_leave_one_out	component-01	negative_pocket_permuted_concat_gmolai_S0	S0_negative_control	RCSB-5O1G-9GK-KD	construct-004-a02c0b37ee39	3.935542010773082	5.720765664716379			0.16923076923076924	0.20855614973262032
union_component_leave_one_out	component-01	negative_pocket_permuted_concat_gmolai_S0	S0_negative_control	RCSB-4AGQ-P96-KD	construct-004-a02c0b37ee39	5.0	6.857873181707621			0.16853932584269662	0.20855614973262032
union_component_leave_one_out	component-01	negative_pocket_permuted_concat_gmolai_S0	S0_negative_control	RCSB-5AOJ-Y0V-KD	construct-004-a02c0b37ee39	4.6777807052660805	5.893149309173509			0.16666666666666666	0.20855614973262032
union_component_leave_one_out	component-01	negative_pocket_permuted_concat_gmolai_S0	S0_negative_control	RCSB-5O1D-9GW-KD	construct-004-a02c0b37ee39	4.657577319177793	5.657949964050341			0.1746031746031746	0.20855614973262032
union_component_leave_one_out	component-01	negative_pocket_permuted_concat_gmolai_S0	S0_negative_control	RCSB-5O1C-9GZ-KD	construct-004-a02c0b37ee39	3.94692155651658	5.76898929520446			0.20967741935483872	0.20855614973262032
union_component_leave_one_out	component-01	negative_pocket_permuted_concat_gmolai_S0	S0_negative_control	RCSB-8A92-LE9-KD	construct-004-a02c0b37ee39	3.0	4.745479528936133			0.1590909090909091	0.20855614973262032
union_component_leave_one_out	component-01	negative_pocket_permuted_concat_gmolai_S0	S0_negative_control	RCSB-5O1I-9GH-KD	construct-004-a02c0b37ee39	5.3979400086720375	6.273340221784431			0.1686746987951807	0.20855614973262032
union_component_leave_one_out	component-01	negative_pocket_permuted_concat_gmolai_S0	S0_negative_control	RCSB-5O1H-9GN-KD	construct-004-a02c0b37ee39	4.853871964321762	5.424899074728669			0.1746031746031746	0.20855614973262032
union_component_leave_one_out	component-01	negative_pocket_permuted_concat_gmolai_S0	S0_negative_control	RCSB-5O1B-9H2-KD	construct-004-a02c0b37ee39	4.698970004336019	6.623099459442129			0.16981132075471697	0.20855614973262032
union_component_leave_one_out	component-01	additive_gmolai_pocket_equal_S0	S0	RCSB-5O1E-9GT-KD	construct-004-a02c0b37ee39	4.481486060122113	5.945078179758481			0.15151515151515152	0.20855614973262032
union_component_leave_one_out	component-01	additive_gmolai_pocket_equal_S0	S0	RCSB-5O1G-9GK-KD	construct-004-a02c0b37ee39	3.935542010773082	6.049743243595531			0.16923076923076924	0.20855614973262032
union_component_leave_one_out	component-01	additive_gmolai_pocket_equal_S0	S0	RCSB-4AGQ-P96-KD	construct-004-a02c0b37ee39	5.0	6.530160550088958			0.16853932584269662	0.20855614973262032
union_component_leave_one_out	component-01	additive_gmolai_pocket_equal_S0	S0	RCSB-5AOJ-Y0V-KD	construct-004-a02c0b37ee39	4.6777807052660805	6.067552713526993			0.16666666666666666	0.20855614973262032
union_component_leave_one_out	component-01	additive_gmolai_pocket_equal_S0	S0	RCSB-5O1D-9GW-KD	construct-004-a02c0b37ee39	4.657577319177793	6.100246529622788			0.1746031746031746	0.20855614973262032
union_component_leave_one_out	component-01	additive_gmolai_pocket_equal_S0	S0	RCSB-5O1C-9GZ-KD	construct-004-a02c0b37ee39	3.94692155651658	6.124183031067943			0.20967741935483872	0.20855614973262032
union_component_leave_one_out	component-01	additive_gmolai_pocket_equal_S0	S0	RCSB-8A92-LE9-KD	construct-004-a02c0b37ee39	3.0	5.390275365354796			0.1590909090909091	0.20855614973262032
union_component_leave_one_out	component-01	additive_gmolai_pocket_equal_S0	S0	RCSB-5O1I-9GH-KD	construct-004-a02c0b37ee39	5.3979400086720375	6.345568990784967			0.1686746987951807	0.20855614973262032
union_component_leave_one_out	component-01	additive_gmolai_pocket_equal_S0	S0	RCSB-5O1H-9GN-KD	construct-004-a02c0b37ee39	4.853871964321762	5.94433115700042			0.1746031746031746	0.20855614973262032
union_component_leave_one_out	component-01	additive_gmolai_pocket_equal_S0	S0	RCSB-5O1B-9H2-KD	construct-004-a02c0b37ee39	4.698970004336019	6.38976827738932			0.16981132075471697	0.20855614973262032
union_component_leave_one_out	component-01	additive_gmolai_pocket_equal_S1	S1	RCSB-5O1E-9GT-KD	construct-004-a02c0b37ee39	4.481486060122113	5.421444431768466			0.15151515151515152	0.20855614973262032
union_component_leave_one_out	component-01	additive_gmolai_pocket_equal_S1	S1	RCSB-5O1G-9GK-KD	construct-004-a02c0b37ee39	3.935542010773082	5.520409701181684			0.16923076923076924	0.20855614973262032
union_component_leave_one_out	component-01	additive_gmolai_pocket_equal_S1	S1	RCSB-4AGQ-P96-KD	construct-004-a02c0b37ee39	5.0	6.13821108033337			0.16853932584269662	0.20855614973262032
union_component_leave_one_out	component-01	additive_gmolai_pocket_equal_S1	S1	RCSB-5AOJ-Y0V-KD	construct-004-a02c0b37ee39	4.6777807052660805	5.5529508653023925			0.16666666666666666	0.20855614973262032
union_component_leave_one_out	component-01	additive_gmolai_pocket_equal_S1	S1	RCSB-5O1D-9GW-KD	construct-004-a02c0b37ee39	4.657577319177793	5.5537672018901345			0.1746031746031746	0.20855614973262032
union_component_leave_one_out	component-01	additive_gmolai_pocket_equal_S1	S1	RCSB-5O1C-9GZ-KD	construct-004-a02c0b37ee39	3.94692155651658	5.6028182270155575			0.20967741935483872	0.20855614973262032
union_component_leave_one_out	component-01	additive_gmolai_pocket_equal_S1	S1	RCSB-8A92-LE9-KD	construct-004-a02c0b37ee39	3.0	5.034730340370112			0.1590909090909091	0.20855614973262032
union_component_leave_one_out	component-01	additive_gmolai_pocket_equal_S1	S1	RCSB-5O1I-9GH-KD	construct-004-a02c0b37ee39	5.3979400086720375	5.847715029441678			0.1686746987951807	0.20855614973262032
union_component_leave_one_out	component-01	additive_gmolai_pocket_equal_S1	S1	RCSB-5O1H-9GN-KD	construct-004-a02c0b37ee39	4.853871964321762	5.388561998997314			0.1746031746031746	0.20855614973262032
union_component_leave_one_out	component-01	additive_gmolai_pocket_equal_S1	S1	RCSB-5O1B-9H2-KD	construct-004-a02c0b37ee39	4.698970004336019	5.854441297927461			0.16981132075471697	0.20855614973262032
union_component_leave_one_out	component-01	ligand_ecfp_knn	ligand_only	RCSB-5O1E-9GT-KD	construct-004-a02c0b37ee39	4.481486060122113	4.0380747403405515	RCSB-6UHY-Q8G-KD	0.15151515151515152	0.15151515151515152	0.20855614973262032
union_component_leave_one_out	component-01	ligand_ecfp_knn	ligand_only	RCSB-5O1G-9GK-KD	construct-004-a02c0b37ee39	3.935542010773082	4.386398792625738	RCSB-6RQ8-KEH-KD	0.16923076923076924	0.16923076923076924	0.20855614973262032
union_component_leave_one_out	component-01	ligand_ecfp_knn	ligand_only	RCSB-4AGQ-P96-KD	construct-004-a02c0b37ee39	5.0	6.127311307889018	RCSB-4UGO-1QF-KD	0.16853932584269662	0.16853932584269662	0.20855614973262032
union_component_leave_one_out	component-01	ligand_ecfp_knn	ligand_only	RCSB-5AOJ-Y0V-KD	construct-004-a02c0b37ee39	4.6777807052660805	5.0235497925305	RCSB-6RQ8-KEH-KD	0.16666666666666666	0.16666666666666666	0.20855614973262032
union_component_leave_one_out	component-01	ligand_ecfp_knn	ligand_only	RCSB-5O1D-9GW-KD	construct-004-a02c0b37ee39	4.657577319177793	4.220070689026979	RCSB-5DYA-5GV-KD	0.1746031746031746	0.1746031746031746	0.20855614973262032
union_component_leave_one_out	component-01	ligand_ecfp_knn	ligand_only	RCSB-5O1C-9GZ-KD	construct-004-a02c0b37ee39	3.94692155651658	4.849719843223329	RCSB-5EVA-5S9-KD	0.20967741935483872	0.20967741935483872	0.20855614973262032
union_component_leave_one_out	component-01	ligand_ecfp_knn	ligand_only	RCSB-8A92-LE9-KD	construct-004-a02c0b37ee39	3.0	3.8717012012471423	RCSB-5DY7-5GT-KD	0.1590909090909091	0.1590909090909091	0.20855614973262032
union_component_leave_one_out	component-01	ligand_ecfp_knn	ligand_only	RCSB-5O1I-9GH-KD	construct-004-a02c0b37ee39	5.3979400086720375	5.668612619152414	RCSB-5D3L-57F-KD	0.1686746987951807	0.1686746987951807	0.20855614973262032
union_component_leave_one_out	component-01	ligand_ecfp_knn	ligand_only	RCSB-5O1H-9GN-KD	construct-004-a02c0b37ee39	4.853871964321762	4.2156193824703125	RCSB-5DYA-5GV-KD	0.1746031746031746	0.1746031746031746	0.20855614973262032
union_component_leave_one_out	component-01	ligand_ecfp_knn	ligand_only	RCSB-5O1B-9H2-KD	construct-004-a02c0b37ee39	4.698970004336019	5.29393540641151	RCSB-6RQ8-KEH-KD	0.16981132075471697	0.16981132075471697	0.20855614973262032
union_component_leave_one_out	component-01	ligand_gmolai_knn	ligand_only	RCSB-5O1E-9GT-KD	construct-004-a02c0b37ee39	4.481486060122113	4.680620910566701	RCSB-6U8L-Q1P-KD	0.4679143113426089	0.15151515151515152	0.20855614973262032
union_component_leave_one_out	component-01	ligand_gmolai_knn	ligand_only	RCSB-5O1G-9GK-KD	construct-004-a02c0b37ee39	3.935542010773082	4.883489044308522	RCSB-6FSY-E5Q-KD	0.5654968087623983	0.16923076923076924	0.20855614973262032
union_component_leave_one_out	component-01	ligand_gmolai_knn	ligand_only	RCSB-4AGQ-P96-KD	construct-004-a02c0b37ee39	5.0	4.6286640253605285	RCSB-4UGO-1QF-KD	0.5748092605199262	0.16853932584269662	0.20855614973262032
union_component_leave_one_out	component-01	ligand_gmolai_knn	ligand_only	RCSB-5AOJ-Y0V-KD	construct-004-a02c0b37ee39	4.6777807052660805	6.242340845162387	RCSB-6U8L-Q1P-KD	0.585547609178931	0.16666666666666666	0.20855614973262032
union_component_leave_one_out	component-01	ligand_gmolai_knn	ligand_only	RCSB-5O1D-9GW-KD	construct-004-a02c0b37ee39	4.657577319177793	4.496600636319386	RCSB-6U8L-Q1P-KD	0.48866690668426555	0.1746031746031746	0.20855614973262032
union_component_leave_one_out	component-01	ligand_gmolai_knn	ligand_only	RCSB-5O1C-9GZ-KD	construct-004-a02c0b37ee39	3.94692155651658	5.246621590811136	RCSB-7MRA-ZMJ-KD	0.5563089515436788	0.20967741935483872	0.20855614973262032
union_component_leave_one_out	component-01	ligand_gmolai_knn	ligand_only	RCSB-8A92-LE9-KD	construct-004-a02c0b37ee39	3.0	4.664971110638573	RCSB-5DY7-5GT-KD	0.5547055039025471	0.1590909090909091	0.20855614973262032
union_component_leave_one_out	component-01	ligand_gmolai_knn	ligand_only	RCSB-5O1I-9GH-KD	construct-004-a02c0b37ee39	5.3979400086720375	6.008174312010757	RCSB-6TPZ-NV2-KD	0.591086209325935	0.1686746987951807	0.20855614973262032
union_component_leave_one_out	component-01	ligand_gmolai_knn	ligand_only	RCSB-5O1H-9GN-KD	construct-004-a02c0b37ee39	4.853871964321762	4.4195499858608125	RCSB-6UHY-Q8G-KD	0.4814655303853572	0.1746031746031746	0.20855614973262032
union_component_leave_one_out	component-01	ligand_gmolai_knn	ligand_only	RCSB-5O1B-9H2-KD	construct-004-a02c0b37ee39	4.698970004336019	6.592127442644195	RCSB-6FSY-E5Q-KD	0.5967291121890793	0.16981132075471697	0.20855614973262032
union_component_leave_one_out	component-01	protein_sequence_identity_knn	sequence_only	RCSB-5O1E-9GT-KD	construct-004-a02c0b37ee39	4.481486060122113	5.406663232594449	RCSB-4UG5-XFK-KD	0.20855614973262032	0.15151515151515152	0.20855614973262032
union_component_leave_one_out	component-01	protein_sequence_identity_knn	sequence_only	RCSB-5O1G-9GK-KD	construct-004-a02c0b37ee39	3.935542010773082	5.406663232594449	RCSB-4UG5-XFK-KD	0.20855614973262032	0.16923076923076924	0.20855614973262032
union_component_leave_one_out	component-01	protein_sequence_identity_knn	sequence_only	RCSB-4AGQ-P96-KD	construct-004-a02c0b37ee39	5.0	5.406663232594449	RCSB-4UG5-XFK-KD	0.20855614973262032	0.16853932584269662	0.20855614973262032
union_component_leave_one_out	component-01	protein_sequence_identity_knn	sequence_only	RCSB-5AOJ-Y0V-KD	construct-004-a02c0b37ee39	4.6777807052660805	5.406663232594449	RCSB-4UG5-XFK-KD	0.20855614973262032	0.16666666666666666	0.20855614973262032
union_component_leave_one_out	component-01	protein_sequence_identity_knn	sequence_only	RCSB-5O1D-9GW-KD	construct-004-a02c0b37ee39	4.657577319177793	5.406663232594449	RCSB-4UG5-XFK-KD	0.20855614973262032	0.1746031746031746	0.20855614973262032
union_component_leave_one_out	component-01	protein_sequence_identity_knn	sequence_only	RCSB-5O1C-9GZ-KD	construct-004-a02c0b37ee39	3.94692155651658	5.406663232594449	RCSB-4UG5-XFK-KD	0.20855614973262032	0.20967741935483872	0.20855614973262032
union_component_leave_one_out	component-01	protein_sequence_identity_knn	sequence_only	RCSB-8A92-LE9-KD	construct-004-a02c0b37ee39	3.0	5.406663232594449	RCSB-4UG5-XFK-KD	0.20855614973262032	0.1590909090909091	0.20855614973262032
union_component_leave_one_out	component-01	protein_sequence_identity_knn	sequence_only	RCSB-5O1I-9GH-KD	construct-004-a02c0b37ee39	5.3979400086720375	5.406663232594449	RCSB-4UG5-XFK-KD	0.20855614973262032	0.1686746987951807	0.20855614973262032
union_component_leave_one_out	component-01	protein_sequence_identity_knn	sequence_only	RCSB-5O1H-9GN-KD	construct-004-a02c0b37ee39	4.853871964321762	5.406663232594449	RCSB-4UG5-XFK-KD	0.20855614973262032	0.1746031746031746	0.20855614973262032
union_component_leave_one_out	component-01	protein_sequence_identity_knn	sequence_only	RCSB-5O1B-9H2-KD	construct-004-a02c0b37ee39	4.698970004336019	5.406663232594449	RCSB-4UG5-XFK-KD	0.20855614973262032	0.16981132075471697	0.20855614973262032
union_component_leave_one_out	component-01	pocket_structure_knn_S0	S0	RCSB-5O1E-9GT-KD	construct-004-a02c0b37ee39	4.481486060122113	6.385899332167674	RCSB-6UOZ-QF1-KD	0.19325107979492384	0.15151515151515152	0.20855614973262032
union_component_leave_one_out	component-01	pocket_structure_knn_S0	S0	RCSB-5O1G-9GK-KD	construct-004-a02c0b37ee39	3.935542010773082	6.384162294963361	RCSB-6UOZ-QF1-KD	0.1914360938908519	0.16923076923076924	0.20855614973262032
union_component_leave_one_out	component-01	pocket_structure_knn_S0	S0	RCSB-4AGQ-P96-KD	construct-004-a02c0b37ee39	5.0	6.525658545420537	RCSB-6UOZ-QF1-KD	0.1856334735317554	0.16853932584269662	0.20855614973262032
union_component_leave_one_out	component-01	pocket_structure_knn_S0	S0	RCSB-5AOJ-Y0V-KD	construct-004-a02c0b37ee39	4.6777807052660805	6.3867013737250415	RCSB-6UOZ-QF1-KD	0.19358992018922896	0.16666666666666666	0.20855614973262032
union_component_leave_one_out	component-01	pocket_structure_knn_S0	S0	RCSB-5O1D-9GW-KD	construct-004-a02c0b37ee39	4.657577319177793	6.6900051295755505	RCSB-6UOZ-QF1-KD	0.19390047206232638	0.1746031746031746	0.20855614973262032
union_component_leave_one_out	component-01	pocket_structure_knn_S0	S0	RCSB-5O1C-9GZ-KD	construct-004-a02c0b37ee39	3.94692155651658	6.384976429976938	RCSB-6UOZ-QF1-KD	0.19172709775493368	0.20967741935483872	0.20855614973262032
union_component_leave_one_out	component-01	pocket_structure_knn_S0	S0	RCSB-8A92-LE9-KD	construct-004-a02c0b37ee39	3.0	6.446404787132458	RCSB-5EGU-5NQ-KD	0.20810695918101518	0.1590909090909091	0.20855614973262032
union_component_leave_one_out	component-01	pocket_structure_knn_S0	S0	RCSB-5O1I-9GH-KD	construct-004-a02c0b37ee39	5.3979400086720375	6.517470880758383	RCSB-5EGU-5NQ-KD	0.18813883574954204	0.1686746987951807	0.20855614973262032
union_component_leave_one_out	component-01	pocket_structure_knn_S0	S0	RCSB-5O1H-9GN-KD	construct-004-a02c0b37ee39	4.853871964321762	6.6896268593621775	RCSB-6UOZ-QF1-KD	0.19385762206421858	0.1746031746031746	0.20855614973262032
union_component_leave_one_out	component-01	pocket_structure_knn_S0	S0	RCSB-5O1B-9H2-KD	construct-004-a02c0b37ee39	4.698970004336019	6.383254244605865	RCSB-6UOZ-QF1-KD	0.1911962733626149	0.16981132075471697	0.20855614973262032
union_component_leave_one_out	component-01	two_sided_ecfp_pocket_knn_S0	S0	RCSB-5O1E-9GT-KD	construct-004-a02c0b37ee39	4.481486060122113	4.1602132145739645	RCSB-6UHY-Q8G-KD	0.1694176020343105	0.15151515151515152	0.20855614973262032
union_component_leave_one_out	component-01	two_sided_ecfp_pocket_knn_S0	S0	RCSB-5O1G-9GK-KD	construct-004-a02c0b37ee39	3.935542010773082	4.566132255678794	RCSB-6UHY-Q8G-KD	0.17541893743399212	0.16923076923076924	0.20855614973262032
union_component_leave_one_out	component-01	two_sided_ecfp_pocket_knn_S0	S0	RCSB-4AGQ-P96-KD	construct-004-a02c0b37ee39	5.0	7.053434636747518	RCSB-6Q3Y-HG5-KD	0.16970741543125611	0.16853932584269662	0.20855614973262032
union_component_leave_one_out	component-01	two_sided_ecfp_pocket_knn_S0	S0	RCSB-5AOJ-Y0V-KD	construct-004-a02c0b37ee39	4.6777807052660805	4.9318973652688936	RCSB-6UHY-Q8G-KD	0.1746464474516656	0.16666666666666666	0.20855614973262032
union_component_leave_one_out	component-01	two_sided_ecfp_pocket_knn_S0	S0	RCSB-5O1D-9GW-KD	construct-004-a02c0b37ee39	4.657577319177793	3.962650368346856	RCSB-6UHY-Q8G-KD	0.17097024632626828	0.1746031746031746	0.20855614973262032
union_component_leave_one_out	component-01	two_sided_ecfp_pocket_knn_S0	S0	RCSB-5O1C-9GZ-KD	construct-004-a02c0b37ee39	3.94692155651658	4.218917006096414	RCSB-6U8L-Q1P-KD	0.1838044468661032	0.20967741935483872	0.20855614973262032
union_component_leave_one_out	component-01	two_sided_ecfp_pocket_knn_S0	S0	RCSB-8A92-LE9-KD	construct-004-a02c0b37ee39	3.0	4.336906698003561	RCSB-5DY7-5GT-KD	0.16212519052335408	0.1590909090909091	0.20855614973262032
union_component_leave_one_out	component-01	two_sided_ecfp_pocket_knn_S0	S0	RCSB-5O1I-9GH-KD	construct-004-a02c0b37ee39	5.3979400086720375	5.679596935606564	RCSB-5D26-L28-KD	0.17086460330914677	0.1686746987951807	0.20855614973262032
union_component_leave_one_out	component-01	two_sided_ecfp_pocket_knn_S0	S0	RCSB-5O1H-9GN-KD	construct-004-a02c0b37ee39	4.853871964321762	6.358549641894997	RCSB-6U8L-Q1P-KD	0.1664163292662227	0.1746031746031746	0.20855614973262032
union_component_leave_one_out	component-01	two_sided_ecfp_pocket_knn_S0	S0	RCSB-5O1B-9H2-KD	construct-004-a02c0b37ee39	4.698970004336019	5.4718144359824334	RCSB-5D3L-57F-KD	0.14923148634649144	0.16981132075471697	0.20855614973262032
union_component_leave_one_out	component-01	pocket_structure_knn_S1	S1	RCSB-5O1E-9GT-KD	construct-004-a02c0b37ee39	4.481486060122113	6.581440475477996	RCSB-6U5M-Q0S-KD	0.176370886510739	0.15151515151515152	0.20855614973262032
union_component_leave_one_out	component-01	pocket_structure_knn_S1	S1	RCSB-5O1G-9GK-KD	construct-004-a02c0b37ee39	3.935542010773082	6.581440475477996	RCSB-6U5M-Q0S-KD	0.176370886510739	0.16923076923076924	0.20855614973262032
union_component_leave_one_out	component-01	pocket_structure_knn_S1	S1	RCSB-4AGQ-P96-KD	construct-004-a02c0b37ee39	5.0	6.581440475477996	RCSB-6U5M-Q0S-KD	0.176370886510739	0.16853932584269662	0.20855614973262032
union_component_leave_one_out	component-01	pocket_structure_knn_S1	S1	RCSB-5AOJ-Y0V-KD	construct-004-a02c0b37ee39	4.6777807052660805	6.581440475477996	RCSB-6U5M-Q0S-KD	0.176370886510739	0.16666666666666666	0.20855614973262032
union_component_leave_one_out	component-01	pocket_structure_knn_S1	S1	RCSB-5O1D-9GW-KD	construct-004-a02c0b37ee39	4.657577319177793	6.581440475477996	RCSB-6U5M-Q0S-KD	0.176370886510739	0.1746031746031746	0.20855614973262032
union_component_leave_one_out	component-01	pocket_structure_knn_S1	S1	RCSB-5O1C-9GZ-KD	construct-004-a02c0b37ee39	3.94692155651658	6.581440475477996	RCSB-6U5M-Q0S-KD	0.176370886510739	0.20967741935483872	0.20855614973262032
union_component_leave_one_out	component-01	pocket_structure_knn_S1	S1	RCSB-8A92-LE9-KD	construct-004-a02c0b37ee39	3.0	6.581440475477996	RCSB-6U5M-Q0S-KD	0.176370886510739	0.1590909090909091	0.20855614973262032
union_component_leave_one_out	component-01	pocket_structure_knn_S1	S1	RCSB-5O1I-9GH-KD	construct-004-a02c0b37ee39	5.3979400086720375	6.581440475477996	RCSB-6U5M-Q0S-KD	0.176370886510739	0.1686746987951807	0.20855614973262032
union_component_leave_one_out	component-01	pocket_structure_knn_S1	S1	RCSB-5O1H-9GN-KD	construct-004-a02c0b37ee39	4.853871964321762	6.581440475477996	RCSB-6U5M-Q0S-KD	0.176370886510739	0.1746031746031746	0.20855614973262032
union_component_leave_one_out	component-01	pocket_structure_knn_S1	S1	RCSB-5O1B-9H2-KD	construct-004-a02c0b37ee39	4.698970004336019	6.581440475477996	RCSB-6U5M-Q0S-KD	0.176370886510739	0.16981132075471697	0.20855614973262032
union_component_leave_one_out	component-01	two_sided_ecfp_pocket_knn_S1	S1	RCSB-5O1E-9GT-KD	construct-004-a02c0b37ee39	4.481486060122113	4.16575309241613	RCSB-6UHY-Q8G-KD	0.16347128675255546	0.15151515151515152	0.20855614973262032
union_component_leave_one_out	component-01	two_sided_ecfp_pocket_knn_S1	S1	RCSB-5O1G-9GK-KD	construct-004-a02c0b37ee39	3.935542010773082	4.569478088030321	RCSB-6UHY-Q8G-KD	0.1701658432331696	0.16923076923076924	0.20855614973262032
union_component_leave_one_out	component-01	two_sided_ecfp_pocket_knn_S1	S1	RCSB-4AGQ-P96-KD	construct-004-a02c0b37ee39	5.0	7.054455175393926	RCSB-6Q3Y-HG5-KD	0.16805744670871603	0.16853932584269662	0.20855614973262032
union_component_leave_one_out	component-01	two_sided_ecfp_pocket_knn_S1	S1	RCSB-5AOJ-Y0V-KD	construct-004-a02c0b37ee39	4.6777807052660805	4.747446215028938	RCSB-6UHY-Q8G-KD	0.1683606873541706	0.16666666666666666	0.20855614973262032
union_component_leave_one_out	component-01	two_sided_ecfp_pocket_knn_S1	S1	RCSB-5O1D-9GW-KD	construct-004-a02c0b37ee39	4.657577319177793	3.8008504605758224	RCSB-6UHY-Q8G-KD	0.16472395860989286	0.1746031746031746	0.20855614973262032
union_component_leave_one_out	component-01	two_sided_ecfp_pocket_knn_S1	S1	RCSB-5O1C-9GZ-KD	construct-004-a02c0b37ee39	3.94692155651658	4.216192941227586	RCSB-5EVA-5S9-KD	0.17877123868340475	0.20967741935483872	0.20855614973262032
union_component_leave_one_out	component-01	two_sided_ecfp_pocket_knn_S1	S1	RCSB-8A92-LE9-KD	construct-004-a02c0b37ee39	3.0	4.329552623653519	RCSB-5DY7-5GT-KD	0.1557200375196712	0.1590909090909091	0.20855614973262032
union_component_leave_one_out	component-01	two_sided_ecfp_pocket_knn_S1	S1	RCSB-5O1I-9GH-KD	construct-004-a02c0b37ee39	5.3979400086720375	5.734831033324745	RCSB-5D3L-57F-KD	0.1715350689899146	0.1686746987951807	0.20855614973262032
union_component_leave_one_out	component-01	two_sided_ecfp_pocket_knn_S1	S1	RCSB-5O1H-9GN-KD	construct-004-a02c0b37ee39	4.853871964321762	5.276316187664947	RCSB-5DYA-5GV-KD	0.1631352774015603	0.1746031746031746	0.20855614973262032
union_component_leave_one_out	component-01	two_sided_ecfp_pocket_knn_S1	S1	RCSB-5O1B-9H2-KD	construct-004-a02c0b37ee39	4.698970004336019	5.468562016332833	RCSB-5D3L-57F-KD	0.14870310271440979	0.16981132075471697	0.20855614973262032
union_component_leave_one_out	component-02	global_train_mean	no_input	RCSB-6RQB-Q47-KD	construct-005-6f4aa0a92e90	6.337242168318426	5.097652278293344			0.24074074074074073	0.23755656108597284
union_component_leave_one_out	component-02	global_train_mean	no_input	RCSB-6RQ6-R2H-KD	construct-005-6f4aa0a92e90	4.892790030352131	5.097652278293344			0.24074074074074073	0.23755656108597284
union_component_leave_one_out	component-02	global_train_mean	no_input	RCSB-6RQ0-KE2-KD	construct-005-6f4aa0a92e90	5.958607314841775	5.097652278293344			0.2641509433962264	0.23755656108597284
union_component_leave_one_out	component-02	global_train_mean	no_input	RCSB-6RQ9-KEQ-KD	construct-005-6f4aa0a92e90	4.982966660701219	5.097652278293344			0.25	0.23755656108597284
union_component_leave_one_out	component-02	global_train_mean	no_input	RCSB-6RQ3-OUC-KD	construct-005-6f4aa0a92e90	4.0	5.097652278293344			0.2641509433962264	0.23755656108597284
union_component_leave_one_out	component-02	global_train_mean	no_input	RCSB-6RQD-KEW-KD	construct-005-6f4aa0a92e90	5.823908740944319	5.097652278293344			0.24074074074074073	0.23755656108597284
union_component_leave_one_out	component-02	global_train_mean	no_input	RCSB-6RQ1-KE5-KD	construct-005-6f4aa0a92e90	4.400116927926312	5.097652278293344			0.25925925925925924	0.23755656108597284
union_component_leave_one_out	component-02	global_train_mean	no_input	RCSB-6RQ8-KEH-KD	construct-005-6f4aa0a92e90	6.552841968657781	5.097652278293344			0.24074074074074073	0.23755656108597284
union_component_leave_one_out	component-02	global_train_mean	no_input	RCSB-6RQ5-KEB-KD	construct-005-6f4aa0a92e90	4.82102305270683	5.097652278293344			0.2692307692307692	0.23755656108597284
union_component_leave_one_out	component-02	target_mean_or_global_fallback	target_identity	RCSB-6RQB-Q47-KD	construct-005-6f4aa0a92e90	6.337242168318426	5.097652278293344			0.24074074074074073	0.23755656108597284
union_component_leave_one_out	component-02	target_mean_or_global_fallback	target_identity	RCSB-6RQ6-R2H-KD	construct-005-6f4aa0a92e90	4.892790030352131	5.097652278293344			0.24074074074074073	0.23755656108597284
union_component_leave_one_out	component-02	target_mean_or_global_fallback	target_identity	RCSB-6RQ0-KE2-KD	construct-005-6f4aa0a92e90	5.958607314841775	5.097652278293344			0.2641509433962264	0.23755656108597284
union_component_leave_one_out	component-02	target_mean_or_global_fallback	target_identity	RCSB-6RQ9-KEQ-KD	construct-005-6f4aa0a92e90	4.982966660701219	5.097652278293344			0.25	0.23755656108597284
union_component_leave_one_out	component-02	target_mean_or_global_fallback	target_identity	RCSB-6RQ3-OUC-KD	construct-005-6f4aa0a92e90	4.0	5.097652278293344			0.2641509433962264	0.23755656108597284
union_component_leave_one_out	component-02	target_mean_or_global_fallback	target_identity	RCSB-6RQD-KEW-KD	construct-005-6f4aa0a92e90	5.823908740944319	5.097652278293344			0.24074074074074073	0.23755656108597284
union_component_leave_one_out	component-02	target_mean_or_global_fallback	target_identity	RCSB-6RQ1-KE5-KD	construct-005-6f4aa0a92e90	4.400116927926312	5.097652278293344			0.25925925925925924	0.23755656108597284
union_component_leave_one_out	component-02	target_mean_or_global_fallback	target_identity	RCSB-6RQ8-KEH-KD	construct-005-6f4aa0a92e90	6.552841968657781	5.097652278293344			0.24074074074074073	0.23755656108597284
union_component_leave_one_out	component-02	target_mean_or_global_fallback	target_identity	RCSB-6RQ5-KEB-KD	construct-005-6f4aa0a92e90	4.82102305270683	5.097652278293344			0.2692307692307692	0.23755656108597284
union_component_leave_one_out	component-02	nuisance_ridge	metadata_only	RCSB-6RQB-Q47-KD	construct-005-6f4aa0a92e90	6.337242168318426	5.270316800513942			0.24074074074074073	0.23755656108597284
union_component_leave_one_out	component-02	nuisance_ridge	metadata_only	RCSB-6RQ6-R2H-KD	construct-005-6f4aa0a92e90	4.892790030352131	5.270799040582665			0.24074074074074073	0.23755656108597284
union_component_leave_one_out	component-02	nuisance_ridge	metadata_only	RCSB-6RQ0-KE2-KD	construct-005-6f4aa0a92e90	5.958607314841775	5.268573317188557			0.2641509433962264	0.23755656108597284
union_component_leave_one_out	component-02	nuisance_ridge	metadata_only	RCSB-6RQ9-KEQ-KD	construct-005-6f4aa0a92e90	4.982966660701219	5.27104634318201			0.25	0.23755656108597284
union_component_leave_one_out	component-02	nuisance_ridge	metadata_only	RCSB-6RQ3-OUC-KD	construct-005-6f4aa0a92e90	4.0	5.269809830185284			0.2641509433962264	0.23755656108597284
union_component_leave_one_out	component-02	nuisance_ridge	metadata_only	RCSB-6RQD-KEW-KD	construct-005-6f4aa0a92e90	5.823908740944319	5.269822195315251			0.24074074074074073	0.23755656108597284
union_component_leave_one_out	component-02	nuisance_ridge	metadata_only	RCSB-6RQ1-KE5-KD	construct-005-6f4aa0a92e90	4.400116927926312	5.269933481484956			0.25925925925925924	0.23755656108597284
union_component_leave_one_out	component-02	nuisance_ridge	metadata_only	RCSB-6RQ8-KEH-KD	construct-005-6f4aa0a92e90	6.552841968657781	5.270922691882337			0.24074074074074073	0.23755656108597284
union_component_leave_one_out	component-02	nuisance_ridge	metadata_only	RCSB-6RQ5-KEB-KD	construct-005-6f4aa0a92e90	4.82102305270683	5.26919157368692			0.2692307692307692	0.23755656108597284
union_component_leave_one_out	component-02	ligand_ecfp_ridge	ligand_only	RCSB-6RQB-Q47-KD	construct-005-6f4aa0a92e90	6.337242168318426	4.830741177125628			0.24074074074074073	0.23755656108597284
union_component_leave_one_out	component-02	ligand_ecfp_ridge	ligand_only	RCSB-6RQ6-R2H-KD	construct-005-6f4aa0a92e90	4.892790030352131	4.607836896279765			0.24074074074074073	0.23755656108597284
union_component_leave_one_out	component-02	ligand_ecfp_ridge	ligand_only	RCSB-6RQ0-KE2-KD	construct-005-6f4aa0a92e90	5.958607314841775	4.960571248017122			0.2641509433962264	0.23755656108597284
union_component_leave_one_out	component-02	ligand_ecfp_ridge	ligand_only	RCSB-6RQ9-KEQ-KD	construct-005-6f4aa0a92e90	4.982966660701219	4.784088866855449			0.25	0.23755656108597284
union_component_leave_one_out	component-02	ligand_ecfp_ridge	ligand_only	RCSB-6RQ3-OUC-KD	construct-005-6f4aa0a92e90	4.0	4.984302895679921			0.2641509433962264	0.23755656108597284
union_component_leave_one_out	component-02	ligand_ecfp_ridge	ligand_only	RCSB-6RQD-KEW-KD	construct-005-6f4aa0a92e90	5.823908740944319	4.946151824413908			0.24074074074074073	0.23755656108597284
union_component_leave_one_out	component-02	ligand_ecfp_ridge	ligand_only	RCSB-6RQ1-KE5-KD	construct-005-6f4aa0a92e90	4.400116927926312	4.851252795401789			0.25925925925925924	0.23755656108597284
union_component_leave_one_out	component-02	ligand_ecfp_ridge	ligand_only	RCSB-6RQ8-KEH-KD	construct-005-6f4aa0a92e90	6.552841968657781	4.831539946886323			0.24074074074074073	0.23755656108597284
union_component_leave_one_out	component-02	ligand_ecfp_ridge	ligand_only	RCSB-6RQ5-KEB-KD	construct-005-6f4aa0a92e90	4.82102305270683	4.869324619685648			0.2692307692307692	0.23755656108597284
union_component_leave_one_out	component-02	ligand_gmolai_ridge	ligand_only	RCSB-6RQB-Q47-KD	construct-005-6f4aa0a92e90	6.337242168318426	5.3043493673033915			0.24074074074074073	0.23755656108597284
union_component_leave_one_out	component-02	ligand_gmolai_ridge	ligand_only	RCSB-6RQ6-R2H-KD	construct-005-6f4aa0a92e90	4.892790030352131	4.640812740997952			0.24074074074074073	0.23755656108597284
union_component_leave_one_out	component-02	ligand_gmolai_ridge	ligand_only	RCSB-6RQ0-KE2-KD	construct-005-6f4aa0a92e90	5.958607314841775	5.357995145376041			0.2641509433962264	0.23755656108597284
union_component_leave_one_out	component-02	ligand_gmolai_ridge	ligand_only	RCSB-6RQ9-KEQ-KD	construct-005-6f4aa0a92e90	4.982966660701219	5.091137933922954			0.25	0.23755656108597284
union_component_leave_one_out	component-02	ligand_gmolai_ridge	ligand_only	RCSB-6RQ3-OUC-KD	construct-005-6f4aa0a92e90	4.0	5.585260623521927			0.2641509433962264	0.23755656108597284
union_component_leave_one_out	component-02	ligand_gmolai_ridge	ligand_only	RCSB-6RQD-KEW-KD	construct-005-6f4aa0a92e90	5.823908740944319	5.233223991374964			0.24074074074074073	0.23755656108597284
union_component_leave_one_out	component-02	ligand_gmolai_ridge	ligand_only	RCSB-6RQ1-KE5-KD	construct-005-6f4aa0a92e90	4.400116927926312	5.338617809122877			0.25925925925925924	0.23755656108597284
union_component_leave_one_out	component-02	ligand_gmolai_ridge	ligand_only	RCSB-6RQ8-KEH-KD	construct-005-6f4aa0a92e90	6.552841968657781	5.19022134383452			0.24074074074074073	0.23755656108597284
union_component_leave_one_out	component-02	ligand_gmolai_ridge	ligand_only	RCSB-6RQ5-KEB-KD	construct-005-6f4aa0a92e90	4.82102305270683	5.634611666639952			0.2692307692307692	0.23755656108597284
union_component_leave_one_out	component-02	protein_sequence_ridge	sequence_only	RCSB-6RQB-Q47-KD	construct-005-6f4aa0a92e90	6.337242168318426	4.826283497149476			0.24074074074074073	0.23755656108597284
union_component_leave_one_out	component-02	protein_sequence_ridge	sequence_only	RCSB-6RQ6-R2H-KD	construct-005-6f4aa0a92e90	4.892790030352131	4.826283497149476			0.24074074074074073	0.23755656108597284
union_component_leave_one_out	component-02	protein_sequence_ridge	sequence_only	RCSB-6RQ0-KE2-KD	construct-005-6f4aa0a92e90	5.958607314841775	4.826283497149476			0.2641509433962264	0.23755656108597284
union_component_leave_one_out	component-02	protein_sequence_ridge	sequence_only	RCSB-6RQ9-KEQ-KD	construct-005-6f4aa0a92e90	4.982966660701219	4.826283497149476			0.25	0.23755656108597284
union_component_leave_one_out	component-02	protein_sequence_ridge	sequence_only	RCSB-6RQ3-OUC-KD	construct-005-6f4aa0a92e90	4.0	4.826283497149476			0.2641509433962264	0.23755656108597284
union_component_leave_one_out	component-02	protein_sequence_ridge	sequence_only	RCSB-6RQD-KEW-KD	construct-005-6f4aa0a92e90	5.823908740944319	4.826283497149476			0.24074074074074073	0.23755656108597284
union_component_leave_one_out	component-02	protein_sequence_ridge	sequence_only	RCSB-6RQ1-KE5-KD	construct-005-6f4aa0a92e90	4.400116927926312	4.826283497149476			0.25925925925925924	0.23755656108597284
union_component_leave_one_out	component-02	protein_sequence_ridge	sequence_only	RCSB-6RQ8-KEH-KD	construct-005-6f4aa0a92e90	6.552841968657781	4.826283497149476			0.24074074074074073	0.23755656108597284
union_component_leave_one_out	component-02	protein_sequence_ridge	sequence_only	RCSB-6RQ5-KEB-KD	construct-005-6f4aa0a92e90	4.82102305270683	4.826283497149476			0.2692307692307692	0.23755656108597284
union_component_leave_one_out	component-02	concat_ecfp_sequence_ridge	sequence_ligand	RCSB-6RQB-Q47-KD	construct-005-6f4aa0a92e90	6.337242168318426	4.924153064359965			0.24074074074074073	0.23755656108597284
union_component_leave_one_out	component-02	concat_ecfp_sequence_ridge	sequence_ligand	RCSB-6RQ6-R2H-KD	construct-005-6f4aa0a92e90	4.892790030352131	4.7589100783275535			0.24074074074074073	0.23755656108597284
union_component_leave_one_out	component-02	concat_ecfp_sequence_ridge	sequence_ligand	RCSB-6RQ0-KE2-KD	construct-005-6f4aa0a92e90	5.958607314841775	5.004577833806331			0.2641509433962264	0.23755656108597284
union_component_leave_one_out	component-02	concat_ecfp_sequence_ridge	sequence_ligand	RCSB-6RQ9-KEQ-KD	construct-005-6f4aa0a92e90	4.982966660701219	4.97312032136152			0.25	0.23755656108597284
union_component_leave_one_out	component-02	concat_ecfp_sequence_ridge	sequence_ligand	RCSB-6RQ3-OUC-KD	construct-005-6f4aa0a92e90	4.0	4.94093272227534			0.2641509433962264	0.23755656108597284
union_component_leave_one_out	component-02	concat_ecfp_sequence_ridge	sequence_ligand	RCSB-6RQD-KEW-KD	construct-005-6f4aa0a92e90	5.823908740944319	5.027004103107843			0.24074074074074073	0.23755656108597284
union_component_leave_one_out	component-02	concat_ecfp_sequence_ridge	sequence_ligand	RCSB-6RQ1-KE5-KD	construct-005-6f4aa0a92e90	4.400116927926312	4.940348357439322			0.25925925925925924	0.23755656108597284
union_component_leave_one_out	component-02	concat_ecfp_sequence_ridge	sequence_ligand	RCSB-6RQ8-KEH-KD	construct-005-6f4aa0a92e90	6.552841968657781	4.874508284584148			0.24074074074074073	0.23755656108597284
union_component_leave_one_out	component-02	concat_ecfp_sequence_ridge	sequence_ligand	RCSB-6RQ5-KEB-KD	construct-005-6f4aa0a92e90	4.82102305270683	4.950295280179463			0.2692307692307692	0.23755656108597284
union_component_leave_one_out	component-02	pocket_composition_ridge_S0	S0	RCSB-6RQB-Q47-KD	construct-005-6f4aa0a92e90	6.337242168318426	5.403148724580502			0.24074074074074073	0.23755656108597284
union_component_leave_one_out	component-02	pocket_composition_ridge_S0	S0	RCSB-6RQ6-R2H-KD	construct-005-6f4aa0a92e90	4.892790030352131	5.403148724580502			0.24074074074074073	0.23755656108597284
union_component_leave_one_out	component-02	pocket_composition_ridge_S0	S0	RCSB-6RQ0-KE2-KD	construct-005-6f4aa0a92e90	5.958607314841775	5.403148724580502			0.2641509433962264	0.23755656108597284
union_component_leave_one_out	component-02	pocket_composition_ridge_S0	S0	RCSB-6RQ9-KEQ-KD	construct-005-6f4aa0a92e90	4.982966660701219	5.403148724580502			0.25	0.23755656108597284
union_component_leave_one_out	component-02	pocket_composition_ridge_S0	S0	RCSB-6RQ3-OUC-KD	construct-005-6f4aa0a92e90	4.0	5.403148724580502			0.2641509433962264	0.23755656108597284
union_component_leave_one_out	component-02	pocket_composition_ridge_S0	S0	RCSB-6RQD-KEW-KD	construct-005-6f4aa0a92e90	5.823908740944319	5.403148724580502			0.24074074074074073	0.23755656108597284
union_component_leave_one_out	component-02	pocket_composition_ridge_S0	S0	RCSB-6RQ1-KE5-KD	construct-005-6f4aa0a92e90	4.400116927926312	5.403148724580502			0.25925925925925924	0.23755656108597284
union_component_leave_one_out	component-02	pocket_composition_ridge_S0	S0	RCSB-6RQ8-KEH-KD	construct-005-6f4aa0a92e90	6.552841968657781	5.403148724580502			0.24074074074074073	0.23755656108597284
union_component_leave_one_out	component-02	pocket_composition_ridge_S0	S0	RCSB-6RQ5-KEB-KD	construct-005-6f4aa0a92e90	4.82102305270683	5.403148724580502			0.2692307692307692	0.23755656108597284
union_component_leave_one_out	component-02	pocket_structure_ridge_S0	S0	RCSB-6RQB-Q47-KD	construct-005-6f4aa0a92e90	6.337242168318426	11.171323216265863			0.24074074074074073	0.23755656108597284
union_component_leave_one_out	component-02	pocket_structure_ridge_S0	S0	RCSB-6RQ6-R2H-KD	construct-005-6f4aa0a92e90	4.892790030352131	11.033293317083864			0.24074074074074073	0.23755656108597284
union_component_leave_one_out	component-02	pocket_structure_ridge_S0	S0	RCSB-6RQ0-KE2-KD	construct-005-6f4aa0a92e90	5.958607314841775	11.12025972997339			0.2641509433962264	0.23755656108597284
union_component_leave_one_out	component-02	pocket_structure_ridge_S0	S0	RCSB-6RQ9-KEQ-KD	construct-005-6f4aa0a92e90	4.982966660701219	10.869015640853828			0.25	0.23755656108597284
union_component_leave_one_out	component-02	pocket_structure_ridge_S0	S0	RCSB-6RQ3-OUC-KD	construct-005-6f4aa0a92e90	4.0	10.473763743624524			0.2641509433962264	0.23755656108597284
union_component_leave_one_out	component-02	pocket_structure_ridge_S0	S0	RCSB-6RQD-KEW-KD	construct-005-6f4aa0a92e90	5.823908740944319	11.258421334042879			0.24074074074074073	0.23755656108597284
union_component_leave_one_out	component-02	pocket_structure_ridge_S0	S0	RCSB-6RQ1-KE5-KD	construct-005-6f4aa0a92e90	4.400116927926312	10.988109611968435			0.25925925925925924	0.23755656108597284
union_component_leave_one_out	component-02	pocket_structure_ridge_S0	S0	RCSB-6RQ8-KEH-KD	construct-005-6f4aa0a92e90	6.552841968657781	11.120489408591638			0.24074074074074073	0.23755656108597284
union_component_leave_one_out	component-02	pocket_structure_ridge_S0	S0	RCSB-6RQ5-KEB-KD	construct-005-6f4aa0a92e90	4.82102305270683	11.191405004631505			0.2692307692307692	0.23755656108597284
union_component_leave_one_out	component-02	concat_ecfp_pocket_ridge_S0	S0	RCSB-6RQB-Q47-KD	construct-005-6f4aa0a92e90	6.337242168318426	5.201940101361766			0.24074074074074073	0.23755656108597284
union_component_leave_one_out	component-02	concat_ecfp_pocket_ridge_S0	S0	RCSB-6RQ6-R2H-KD	construct-005-6f4aa0a92e90	4.892790030352131	5.00260644560787			0.24074074074074073	0.23755656108597284
union_component_leave_one_out	component-02	concat_ecfp_pocket_ridge_S0	S0	RCSB-6RQ0-KE2-KD	construct-005-6f4aa0a92e90	5.958607314841775	5.3215465695372295			0.2641509433962264	0.23755656108597284
union_component_leave_one_out	component-02	concat_ecfp_pocket_ridge_S0	S0	RCSB-6RQ9-KEQ-KD	construct-005-6f4aa0a92e90	4.982966660701219	5.226208741609604			0.25	0.23755656108597284
union_component_leave_one_out	component-02	concat_ecfp_pocket_ridge_S0	S0	RCSB-6RQ3-OUC-KD	construct-005-6f4aa0a92e90	4.0	5.331215711215101			0.2641509433962264	0.23755656108597284
union_component_leave_one_out	component-02	concat_ecfp_pocket_ridge_S0	S0	RCSB-6RQD-KEW-KD	construct-005-6f4aa0a92e90	5.823908740944319	5.305033909452177			0.24074074074074073	0.23755656108597284
union_component_leave_one_out	component-02	concat_ecfp_pocket_ridge_S0	S0	RCSB-6RQ1-KE5-KD	construct-005-6f4aa0a92e90	4.400116927926312	5.233395724992426			0.25925925925925924	0.23755656108597284
union_component_leave_one_out	component-02	concat_ecfp_pocket_ridge_S0	S0	RCSB-6RQ8-KEH-KD	construct-005-6f4aa0a92e90	6.552841968657781	5.188196925998998			0.24074074074074073	0.23755656108597284
union_component_leave_one_out	component-02	concat_ecfp_pocket_ridge_S0	S0	RCSB-6RQ5-KEB-KD	construct-005-6f4aa0a92e90	4.82102305270683	5.232069366713042			0.2692307692307692	0.23755656108597284
union_component_leave_one_out	component-02	concat_gmolai_pocket_ridge_S0	S0	RCSB-6RQB-Q47-KD	construct-005-6f4aa0a92e90	6.337242168318426	5.4245028778971704			0.24074074074074073	0.23755656108597284
union_component_leave_one_out	component-02	concat_gmolai_pocket_ridge_S0	S0	RCSB-6RQ6-R2H-KD	construct-005-6f4aa0a92e90	4.892790030352131	4.801690690286611			0.24074074074074073	0.23755656108597284
union_component_leave_one_out	component-02	concat_gmolai_pocket_ridge_S0	S0	RCSB-6RQ0-KE2-KD	construct-005-6f4aa0a92e90	5.958607314841775	5.355289501646772			0.2641509433962264	0.23755656108597284
union_component_leave_one_out	component-02	concat_gmolai_pocket_ridge_S0	S0	RCSB-6RQ9-KEQ-KD	construct-005-6f4aa0a92e90	4.982966660701219	5.098185249496547			0.25	0.23755656108597284
union_component_leave_one_out	component-02	concat_gmolai_pocket_ridge_S0	S0	RCSB-6RQ3-OUC-KD	construct-005-6f4aa0a92e90	4.0	5.549438943058203			0.2641509433962264	0.23755656108597284
union_component_leave_one_out	component-02	concat_gmolai_pocket_ridge_S0	S0	RCSB-6RQD-KEW-KD	construct-005-6f4aa0a92e90	5.823908740944319	5.337526184725768			0.24074074074074073	0.23755656108597284
union_component_leave_one_out	component-02	concat_gmolai_pocket_ridge_S0	S0	RCSB-6RQ1-KE5-KD	construct-005-6f4aa0a92e90	4.400116927926312	5.352971405224281			0.25925925925925924	0.23755656108597284
union_component_leave_one_out	component-02	concat_gmolai_pocket_ridge_S0	S0	RCSB-6RQ8-KEH-KD	construct-005-6f4aa0a92e90	6.552841968657781	5.378032215182439			0.24074074074074073	0.23755656108597284
union_component_leave_one_out	component-02	concat_gmolai_pocket_ridge_S0	S0	RCSB-6RQ5-KEB-KD	construct-005-6f4aa0a92e90	4.82102305270683	5.5387950131252			0.2692307692307692	0.23755656108597284
union_component_leave_one_out	component-02	pocket_composition_ridge_S1	S1	RCSB-6RQB-Q47-KD	construct-005-6f4aa0a92e90	6.337242168318426	5.396691067840497			0.24074074074074073	0.23755656108597284
union_component_leave_one_out	component-02	pocket_composition_ridge_S1	S1	RCSB-6RQ6-R2H-KD	construct-005-6f4aa0a92e90	4.892790030352131	5.396691067840497			0.24074074074074073	0.23755656108597284
union_component_leave_one_out	component-02	pocket_composition_ridge_S1	S1	RCSB-6RQ0-KE2-KD	construct-005-6f4aa0a92e90	5.958607314841775	5.396691067840497			0.2641509433962264	0.23755656108597284
union_component_leave_one_out	component-02	pocket_composition_ridge_S1	S1	RCSB-6RQ9-KEQ-KD	construct-005-6f4aa0a92e90	4.982966660701219	5.396691067840497			0.25	0.23755656108597284
union_component_leave_one_out	component-02	pocket_composition_ridge_S1	S1	RCSB-6RQ3-OUC-KD	construct-005-6f4aa0a92e90	4.0	5.396691067840497			0.2641509433962264	0.23755656108597284
union_component_leave_one_out	component-02	pocket_composition_ridge_S1	S1	RCSB-6RQD-KEW-KD	construct-005-6f4aa0a92e90	5.823908740944319	5.396691067840497			0.24074074074074073	0.23755656108597284
union_component_leave_one_out	component-02	pocket_composition_ridge_S1	S1	RCSB-6RQ1-KE5-KD	construct-005-6f4aa0a92e90	4.400116927926312	5.396691067840497			0.25925925925925924	0.23755656108597284
union_component_leave_one_out	component-02	pocket_composition_ridge_S1	S1	RCSB-6RQ8-KEH-KD	construct-005-6f4aa0a92e90	6.552841968657781	5.396691067840497			0.24074074074074073	0.23755656108597284
union_component_leave_one_out	component-02	pocket_composition_ridge_S1	S1	RCSB-6RQ5-KEB-KD	construct-005-6f4aa0a92e90	4.82102305270683	5.396691067840497			0.2692307692307692	0.23755656108597284
union_component_leave_one_out	component-02	pocket_structure_ridge_S1	S1	RCSB-6RQB-Q47-KD	construct-005-6f4aa0a92e90	6.337242168318426	5.425217374948936			0.24074074074074073	0.23755656108597284
union_component_leave_one_out	component-02	pocket_structure_ridge_S1	S1	RCSB-6RQ6-R2H-KD	construct-005-6f4aa0a92e90	4.892790030352131	5.425217374948936			0.24074074074074073	0.23755656108597284
union_component_leave_one_out	component-02	pocket_structure_ridge_S1	S1	RCSB-6RQ0-KE2-KD	construct-005-6f4aa0a92e90	5.958607314841775	5.425217374948936			0.2641509433962264	0.23755656108597284
union_component_leave_one_out	component-02	pocket_structure_ridge_S1	S1	RCSB-6RQ9-KEQ-KD	construct-005-6f4aa0a92e90	4.982966660701219	5.425217374948936			0.25	0.23755656108597284
union_component_leave_one_out	component-02	pocket_structure_ridge_S1	S1	RCSB-6RQ3-OUC-KD	construct-005-6f4aa0a92e90	4.0	5.425217374948936			0.2641509433962264	0.23755656108597284
union_component_leave_one_out	component-02	pocket_structure_ridge_S1	S1	RCSB-6RQD-KEW-KD	construct-005-6f4aa0a92e90	5.823908740944319	5.425217374948936			0.24074074074074073	0.23755656108597284
union_component_leave_one_out	component-02	pocket_structure_ridge_S1	S1	RCSB-6RQ1-KE5-KD	construct-005-6f4aa0a92e90	4.400116927926312	5.425217374948936			0.25925925925925924	0.23755656108597284
union_component_leave_one_out	component-02	pocket_structure_ridge_S1	S1	RCSB-6RQ8-KEH-KD	construct-005-6f4aa0a92e90	6.552841968657781	5.425217374948936			0.24074074074074073	0.23755656108597284
union_component_leave_one_out	component-02	pocket_structure_ridge_S1	S1	RCSB-6RQ5-KEB-KD	construct-005-6f4aa0a92e90	4.82102305270683	5.425217374948936			0.2692307692307692	0.23755656108597284
union_component_leave_one_out	component-02	concat_ecfp_pocket_ridge_S1	S1	RCSB-6RQB-Q47-KD	construct-005-6f4aa0a92e90	6.337242168318426	5.142698416216916			0.24074074074074073	0.23755656108597284
union_component_leave_one_out	component-02	concat_ecfp_pocket_ridge_S1	S1	RCSB-6RQ6-R2H-KD	construct-005-6f4aa0a92e90	4.892790030352131	4.940246435504106			0.24074074074074073	0.23755656108597284
union_component_leave_one_out	component-02	concat_ecfp_pocket_ridge_S1	S1	RCSB-6RQ0-KE2-KD	construct-005-6f4aa0a92e90	5.958607314841775	5.263491778266406			0.2641509433962264	0.23755656108597284
union_component_leave_one_out	component-02	concat_ecfp_pocket_ridge_S1	S1	RCSB-6RQ9-KEQ-KD	construct-005-6f4aa0a92e90	4.982966660701219	5.153589062946926			0.25	0.23755656108597284
union_component_leave_one_out	component-02	concat_ecfp_pocket_ridge_S1	S1	RCSB-6RQ3-OUC-KD	construct-005-6f4aa0a92e90	4.0	5.266047957076219			0.2641509433962264	0.23755656108597284
union_component_leave_one_out	component-02	concat_ecfp_pocket_ridge_S1	S1	RCSB-6RQD-KEW-KD	construct-005-6f4aa0a92e90	5.823908740944319	5.249362065128978			0.24074074074074073	0.23755656108597284
union_component_leave_one_out	component-02	concat_ecfp_pocket_ridge_S1	S1	RCSB-6RQ1-KE5-KD	construct-005-6f4aa0a92e90	4.400116927926312	5.164526554550164			0.25925925925925924	0.23755656108597284
union_component_leave_one_out	component-02	concat_ecfp_pocket_ridge_S1	S1	RCSB-6RQ8-KEH-KD	construct-005-6f4aa0a92e90	6.552841968657781	5.130417949574497			0.24074074074074073	0.23755656108597284
union_component_leave_one_out	component-02	concat_ecfp_pocket_ridge_S1	S1	RCSB-6RQ5-KEB-KD	construct-005-6f4aa0a92e90	4.82102305270683	5.187118120439354			0.2692307692307692	0.23755656108597284
union_component_leave_one_out	component-02	concat_gmolai_pocket_ridge_S1	S1	RCSB-6RQB-Q47-KD	construct-005-6f4aa0a92e90	6.337242168318426	5.375511271979846			0.24074074074074073	0.23755656108597284
union_component_leave_one_out	component-02	concat_gmolai_pocket_ridge_S1	S1	RCSB-6RQ6-R2H-KD	construct-005-6f4aa0a92e90	4.892790030352131	4.737294678152734			0.24074074074074073	0.23755656108597284
union_component_leave_one_out	component-02	concat_gmolai_pocket_ridge_S1	S1	RCSB-6RQ0-KE2-KD	construct-005-6f4aa0a92e90	5.958607314841775	5.2885066619978645			0.2641509433962264	0.23755656108597284
union_component_leave_one_out	component-02	concat_gmolai_pocket_ridge_S1	S1	RCSB-6RQ9-KEQ-KD	construct-005-6f4aa0a92e90	4.982966660701219	5.00846622227746			0.25	0.23755656108597284
union_component_leave_one_out	component-02	concat_gmolai_pocket_ridge_S1	S1	RCSB-6RQ3-OUC-KD	construct-005-6f4aa0a92e90	4.0	5.477317624990242			0.2641509433962264	0.23755656108597284
union_component_leave_one_out	component-02	concat_gmolai_pocket_ridge_S1	S1	RCSB-6RQD-KEW-KD	construct-005-6f4aa0a92e90	5.823908740944319	5.283471096362355			0.24074074074074073	0.23755656108597284
union_component_leave_one_out	component-02	concat_gmolai_pocket_ridge_S1	S1	RCSB-6RQ1-KE5-KD	construct-005-6f4aa0a92e90	4.400116927926312	5.275418445854301			0.25925925925925924	0.23755656108597284
union_component_leave_one_out	component-02	concat_gmolai_pocket_ridge_S1	S1	RCSB-6RQ8-KEH-KD	construct-005-6f4aa0a92e90	6.552841968657781	5.339010719756374			0.24074074074074073	0.23755656108597284
union_component_leave_one_out	component-02	concat_gmolai_pocket_ridge_S1	S1	RCSB-6RQ5-KEB-KD	construct-005-6f4aa0a92e90	4.82102305270683	5.494436160107033			0.2692307692307692	0.23755656108597284
union_component_leave_one_out	component-02	negative_pocket_permuted_concat_gmolai_S0	S0_negative_control	RCSB-6RQB-Q47-KD	construct-005-6f4aa0a92e90	6.337242168318426	5.454630720419605			0.24074074074074073	0.23755656108597284
union_component_leave_one_out	component-02	negative_pocket_permuted_concat_gmolai_S0	S0_negative_control	RCSB-6RQ6-R2H-KD	construct-005-6f4aa0a92e90	4.892790030352131	4.791674192630133			0.24074074074074073	0.23755656108597284
union_component_leave_one_out	component-02	negative_pocket_permuted_concat_gmolai_S0	S0_negative_control	RCSB-6RQ0-KE2-KD	construct-005-6f4aa0a92e90	5.958607314841775	5.340774328528821			0.2641509433962264	0.23755656108597284
union_component_leave_one_out	component-02	negative_pocket_permuted_concat_gmolai_S0	S0_negative_control	RCSB-6RQ9-KEQ-KD	construct-005-6f4aa0a92e90	4.982966660701219	5.068664951162181			0.25	0.23755656108597284
union_component_leave_one_out	component-02	negative_pocket_permuted_concat_gmolai_S0	S0_negative_control	RCSB-6RQ3-OUC-KD	construct-005-6f4aa0a92e90	4.0	5.531725235150145			0.2641509433962264	0.23755656108597284
union_component_leave_one_out	component-02	negative_pocket_permuted_concat_gmolai_S0	S0_negative_control	RCSB-6RQD-KEW-KD	construct-005-6f4aa0a92e90	5.823908740944319	5.328262023797139			0.24074074074074073	0.23755656108597284
union_component_leave_one_out	component-02	negative_pocket_permuted_concat_gmolai_S0	S0_negative_control	RCSB-6RQ1-KE5-KD	construct-005-6f4aa0a92e90	4.400116927926312	5.315958386236463			0.25925925925925924	0.23755656108597284
union_component_leave_one_out	component-02	negative_pocket_permuted_concat_gmolai_S0	S0_negative_control	RCSB-6RQ8-KEH-KD	construct-005-6f4aa0a92e90	6.552841968657781	5.352227520809273			0.24074074074074073	0.23755656108597284
union_component_leave_one_out	component-02	negative_pocket_permuted_concat_gmolai_S0	S0_negative_control	RCSB-6RQ5-KEB-KD	construct-005-6f4aa0a92e90	4.82102305270683	5.55785945696166			0.2692307692307692	0.23755656108597284
union_component_leave_one_out	component-02	additive_gmolai_pocket_equal_S0	S0	RCSB-6RQB-Q47-KD	construct-005-6f4aa0a92e90	6.337242168318426	8.237836291784628			0.24074074074074073	0.23755656108597284
union_component_leave_one_out	component-02	additive_gmolai_pocket_equal_S0	S0	RCSB-6RQ6-R2H-KD	construct-005-6f4aa0a92e90	4.892790030352131	7.8370530290409075			0.24074074074074073	0.23755656108597284
union_component_leave_one_out	component-02	additive_gmolai_pocket_equal_S0	S0	RCSB-6RQ0-KE2-KD	construct-005-6f4aa0a92e90	5.958607314841775	8.239127437674714			0.2641509433962264	0.23755656108597284
union_component_leave_one_out	component-02	additive_gmolai_pocket_equal_S0	S0	RCSB-6RQ9-KEQ-KD	construct-005-6f4aa0a92e90	4.982966660701219	7.980076787388391			0.25	0.23755656108597284
union_component_leave_one_out	component-02	additive_gmolai_pocket_equal_S0	S0	RCSB-6RQ3-OUC-KD	construct-005-6f4aa0a92e90	4.0	8.029512183573225			0.2641509433962264	0.23755656108597284
union_component_leave_one_out	component-02	additive_gmolai_pocket_equal_S0	S0	RCSB-6RQD-KEW-KD	construct-005-6f4aa0a92e90	5.823908740944319	8.245822662708921			0.24074074074074073	0.23755656108597284
union_component_leave_one_out	component-02	additive_gmolai_pocket_equal_S0	S0	RCSB-6RQ1-KE5-KD	construct-005-6f4aa0a92e90	4.400116927926312	8.163363710545656			0.25925925925925924	0.23755656108597284
union_component_leave_one_out	component-02	additive_gmolai_pocket_equal_S0	S0	RCSB-6RQ8-KEH-KD	construct-005-6f4aa0a92e90	6.552841968657781	8.155355376213079			0.24074074074074073	0.23755656108597284
union_component_leave_one_out	component-02	additive_gmolai_pocket_equal_S0	S0	RCSB-6RQ5-KEB-KD	construct-005-6f4aa0a92e90	4.82102305270683	8.413008335635729			0.2692307692307692	0.23755656108597284
union_component_leave_one_out	component-02	additive_gmolai_pocket_equal_S1	S1	RCSB-6RQB-Q47-KD	construct-005-6f4aa0a92e90	6.337242168318426	5.364783371126164			0.24074074074074073	0.23755656108597284
union_component_leave_one_out	component-02	additive_gmolai_pocket_equal_S1	S1	RCSB-6RQ6-R2H-KD	construct-005-6f4aa0a92e90	4.892790030352131	5.033015057973444			0.24074074074074073	0.23755656108597284
union_component_leave_one_out	component-02	additive_gmolai_pocket_equal_S1	S1	RCSB-6RQ0-KE2-KD	construct-005-6f4aa0a92e90	5.958607314841775	5.391606260162488			0.2641509433962264	0.23755656108597284
union_component_leave_one_out	component-02	additive_gmolai_pocket_equal_S1	S1	RCSB-6RQ9-KEQ-KD	construct-005-6f4aa0a92e90	4.982966660701219	5.258177654435945			0.25	0.23755656108597284
union_component_leave_one_out	component-02	additive_gmolai_pocket_equal_S1	S1	RCSB-6RQ3-OUC-KD	construct-005-6f4aa0a92e90	4.0	5.505238999235432			0.2641509433962264	0.23755656108597284
union_component_leave_one_out	component-02	additive_gmolai_pocket_equal_S1	S1	RCSB-6RQD-KEW-KD	construct-005-6f4aa0a92e90	5.823908740944319	5.3292206831619495			0.24074074074074073	0.23755656108597284
union_component_leave_one_out	component-02	additive_gmolai_pocket_equal_S1	S1	RCSB-6RQ1-KE5-KD	construct-005-6f4aa0a92e90	4.400116927926312	5.381917592035906			0.25925925925925924	0.23755656108597284
union_component_leave_one_out	component-02	additive_gmolai_pocket_equal_S1	S1	RCSB-6RQ8-KEH-KD	construct-005-6f4aa0a92e90	6.552841968657781	5.307719359391728			0.24074074074074073	0.23755656108597284
union_component_leave_one_out	component-02	additive_gmolai_pocket_equal_S1	S1	RCSB-6RQ5-KEB-KD	construct-005-6f4aa0a92e90	4.82102305270683	5.529914520794444			0.2692307692307692	0.23755656108597284
union_component_leave_one_out	component-02	ligand_ecfp_knn	ligand_only	RCSB-6RQB-Q47-KD	construct-005-6f4aa0a92e90	6.337242168318426	3.8702129915166266	RCSB-5DYA-5GV-KD	0.24074074074074073	0.24074074074074073	0.23755656108597284
union_component_leave_one_out	component-02	ligand_ecfp_knn	ligand_only	RCSB-6RQ6-R2H-KD	construct-005-6f4aa0a92e90	4.892790030352131	4.611828403912372	RCSB-5DYA-5GV-KD	0.24074074074074073	0.24074074074074073	0.23755656108597284
union_component_leave_one_out	component-02	ligand_ecfp_knn	ligand_only	RCSB-6RQ0-KE2-KD	construct-005-6f4aa0a92e90	5.958607314841775	4.328232753519735	RCSB-5DYA-5GV-KD	0.2641509433962264	0.2641509433962264	0.23755656108597284
union_component_leave_one_out	component-02	ligand_ecfp_knn	ligand_only	RCSB-6RQ9-KEQ-KD	construct-005-6f4aa0a92e90	4.982966660701219	4.214071382739327	RCSB-5DYA-5GV-KD	0.25	0.25	0.23755656108597284
union_component_leave_one_out	component-02	ligand_ecfp_knn	ligand_only	RCSB-6RQ3-OUC-KD	construct-005-6f4aa0a92e90	4.0	4.0648354438110275	RCSB-5DYA-5GV-KD	0.2641509433962264	0.2641509433962264	0.23755656108597284
union_component_leave_one_out	component-02	ligand_ecfp_knn	ligand_only	RCSB-6RQD-KEW-KD	construct-005-6f4aa0a92e90	5.823908740944319	4.309077273654363	RCSB-5DYA-5GV-KD	0.24074074074074073	0.24074074074074073	0.23755656108597284
union_component_leave_one_out	component-02	ligand_ecfp_knn	ligand_only	RCSB-6RQ1-KE5-KD	construct-005-6f4aa0a92e90	4.400116927926312	4.112080867859956	RCSB-5DYA-5GV-KD	0.25925925925925924	0.25925925925925924	0.23755656108597284
union_component_leave_one_out	component-02	ligand_ecfp_knn	ligand_only	RCSB-6RQ8-KEH-KD	construct-005-6f4aa0a92e90	6.552841968657781	4.034106305036284	RCSB-5DYA-5GV-KD	0.24074074074074073	0.24074074074074073	0.23755656108597284
union_component_leave_one_out	component-02	ligand_ecfp_knn	ligand_only	RCSB-6RQ5-KEB-KD	construct-005-6f4aa0a92e90	4.82102305270683	4.029035184948558	RCSB-5DYA-5GV-KD	0.2692307692307692	0.2692307692307692	0.23755656108597284
union_component_leave_one_out	component-02	ligand_gmolai_knn	ligand_only	RCSB-6RQB-Q47-KD	construct-005-6f4aa0a92e90	6.337242168318426	3.91056062432416	RCSB-5C85-4YO-KD	0.6052392495541391	0.24074074074074073	0.23755656108597284
union_component_leave_one_out	component-02	ligand_gmolai_knn	ligand_only	RCSB-6RQ6-R2H-KD	construct-005-6f4aa0a92e90	4.892790030352131	3.9064882495823627	RCSB-5C85-4YO-KD	0.586665254476273	0.24074074074074073	0.23755656108597284
union_component_leave_one_out	component-02	ligand_gmolai_knn	ligand_only	RCSB-6RQ0-KE2-KD	construct-005-6f4aa0a92e90	5.958607314841775	3.9114805839377462	RCSB-5EPR-5QY-KD	0.5896770029277778	0.2641509433962264	0.23755656108597284
union_component_leave_one_out	component-02	ligand_gmolai_knn	ligand_only	RCSB-6RQ9-KEQ-KD	construct-005-6f4aa0a92e90	4.982966660701219	4.139877646743015	RCSB-5EPR-5QY-KD	0.6027749607278317	0.25	0.23755656108597284
union_component_leave_one_out	component-02	ligand_gmolai_knn	ligand_only	RCSB-6RQ3-OUC-KD	construct-005-6f4aa0a92e90	4.0	3.8959398360277273	RCSB-5DYA-5GV-KD	0.5974723287348045	0.2641509433962264	0.23755656108597284
union_component_leave_one_out	component-02	ligand_gmolai_knn	ligand_only	RCSB-6RQD-KEW-KD	construct-005-6f4aa0a92e90	5.823908740944319	3.908317362224047	RCSB-5C85-4YO-KD	0.6083839116338463	0.24074074074074073	0.23755656108597284
union_component_leave_one_out	component-02	ligand_gmolai_knn	ligand_only	RCSB-6RQ1-KE5-KD	construct-005-6f4aa0a92e90	4.400116927926312	3.911823038446512	RCSB-5EPR-5QY-KD	0.6005615798046041	0.25925925925925924	0.23755656108597284
union_component_leave_one_out	component-02	ligand_gmolai_knn	ligand_only	RCSB-6RQ8-KEH-KD	construct-005-6f4aa0a92e90	6.552841968657781	4.638830961828524	RCSB-5C85-4YO-KD	0.5714330718006488	0.24074074074074073	0.23755656108597284
union_component_leave_one_out	component-02	ligand_gmolai_knn	ligand_only	RCSB-6RQ5-KEB-KD	construct-005-6f4aa0a92e90	4.82102305270683	3.8954390456868926	RCSB-5DYA-5GV-KD	0.5895752835497761	0.2692307692307692	0.23755656108597284
union_component_leave_one_out	component-02	protein_sequence_identity_knn	sequence_only	RCSB-6RQB-Q47-KD	construct-005-6f4aa0a92e90	6.337242168318426	5.406663232594449	RCSB-4UG5-XFK-KD	0.23755656108597284	0.24074074074074073	0.23755656108597284
union_component_leave_one_out	component-02	protein_sequence_identity_knn	sequence_only	RCSB-6RQ6-R2H-KD	construct-005-6f4aa0a92e90	4.892790030352131	5.406663232594449	RCSB-4UG5-XFK-KD	0.23755656108597284	0.24074074074074073	0.23755656108597284
union_component_leave_one_out	component-02	protein_sequence_identity_knn	sequence_only	RCSB-6RQ0-KE2-KD	construct-005-6f4aa0a92e90	5.958607314841775	5.406663232594449	RCSB-4UG5-XFK-KD	0.23755656108597284	0.2641509433962264	0.23755656108597284
union_component_leave_one_out	component-02	protein_sequence_identity_knn	sequence_only	RCSB-6RQ9-KEQ-KD	construct-005-6f4aa0a92e90	4.982966660701219	5.406663232594449	RCSB-4UG5-XFK-KD	0.23755656108597284	0.25	0.23755656108597284
union_component_leave_one_out	component-02	protein_sequence_identity_knn	sequence_only	RCSB-6RQ3-OUC-KD	construct-005-6f4aa0a92e90	4.0	5.406663232594449	RCSB-4UG5-XFK-KD	0.23755656108597284	0.2641509433962264	0.23755656108597284
union_component_leave_one_out	component-02	protein_sequence_identity_knn	sequence_only	RCSB-6RQD-KEW-KD	construct-005-6f4aa0a92e90	5.823908740944319	5.406663232594449	RCSB-4UG5-XFK-KD	0.23755656108597284	0.24074074074074073	0.23755656108597284
union_component_leave_one_out	component-02	protein_sequence_identity_knn	sequence_only	RCSB-6RQ1-KE5-KD	construct-005-6f4aa0a92e90	4.400116927926312	5.406663232594449	RCSB-4UG5-XFK-KD	0.23755656108597284	0.25925925925925924	0.23755656108597284
union_component_leave_one_out	component-02	protein_sequence_identity_knn	sequence_only	RCSB-6RQ8-KEH-KD	construct-005-6f4aa0a92e90	6.552841968657781	5.406663232594449	RCSB-4UG5-XFK-KD	0.23755656108597284	0.24074074074074073	0.23755656108597284
union_component_leave_one_out	component-02	protein_sequence_identity_knn	sequence_only	RCSB-6RQ5-KEB-KD	construct-005-6f4aa0a92e90	4.82102305270683	5.406663232594449	RCSB-4UG5-XFK-KD	0.23755656108597284	0.2692307692307692	0.23755656108597284
union_component_leave_one_out	component-02	pocket_structure_knn_S0	S0	RCSB-6RQB-Q47-KD	construct-005-6f4aa0a92e90	6.337242168318426	5.1554099526261625	RCSB-4UG6-XFJ-KD	0.302953252354521	0.24074074074074073	0.23755656108597284
union_component_leave_one_out	component-02	pocket_structure_knn_S0	S0	RCSB-6RQ6-R2H-KD	construct-005-6f4aa0a92e90	4.892790030352131	5.156043430508392	RCSB-4UG6-XFJ-KD	0.2999840373371539	0.24074074074074073	0.23755656108597284
union_component_leave_one_out	component-02	pocket_structure_knn_S0	S0	RCSB-6RQ0-KE2-KD	construct-005-6f4aa0a92e90	5.958607314841775	5.1577674501661415	RCSB-4UG6-XFJ-KD	0.3023321907626346	0.2641509433962264	0.23755656108597284
union_component_leave_one_out	component-02	pocket_structure_knn_S0	S0	RCSB-6RQ9-KEQ-KD	construct-005-6f4aa0a92e90	4.982966660701219	5.1736748304277995	RCSB-4UG6-XFJ-KD	0.3049030437172516	0.25	0.23755656108597284
union_component_leave_one_out	component-02	pocket_structure_knn_S0	S0	RCSB-6RQ3-OUC-KD	construct-005-6f4aa0a92e90	4.0	5.157178078963273	RCSB-4UG6-XFJ-KD	0.3053614582868302	0.2641509433962264	0.23755656108597284
union_component_leave_one_out	component-02	pocket_structure_knn_S0	S0	RCSB-6RQD-KEW-KD	construct-005-6f4aa0a92e90	5.823908740944319	5.155373440411588	RCSB-4UG6-XFJ-KD	0.3028208124894498	0.24074074074074073	0.23755656108597284
union_component_leave_one_out	component-02	pocket_structure_knn_S0	S0	RCSB-6RQ1-KE5-KD	construct-005-6f4aa0a92e90	4.400116927926312	5.158115333907905	RCSB-4UG6-XFJ-KD	0.3015759634179561	0.25925925925925924	0.23755656108597284
union_component_leave_one_out	component-02	pocket_structure_knn_S0	S0	RCSB-6RQ8-KEH-KD	construct-005-6f4aa0a92e90	6.552841968657781	5.155500054807287	RCSB-4UG6-XFJ-KD	0.30264494125222074	0.24074074074074073	0.23755656108597284
union_component_leave_one_out	component-02	pocket_structure_knn_S0	S0	RCSB-6RQ5-KEB-KD	construct-005-6f4aa0a92e90	4.82102305270683	5.171083705148029	RCSB-4UG7-1EV-KD	0.2983496572735687	0.2692307692307692	0.23755656108597284
union_component_leave_one_out	component-02	two_sided_ecfp_pocket_knn_S0	S0	RCSB-6RQB-Q47-KD	construct-005-6f4aa0a92e90	6.337242168318426	6.59686210795944	RCSB-6U8L-Q1P-KD	0.21422863696239694	0.24074074074074073	0.23755656108597284
union_component_leave_one_out	component-02	two_sided_ecfp_pocket_knn_S0	S0	RCSB-6RQ6-R2H-KD	construct-005-6f4aa0a92e90	4.892790030352131	5.413462990652127	RCSB-6U8L-Q1P-KD	0.21474572277572027	0.24074074074074073	0.23755656108597284
union_component_leave_one_out	component-02	two_sided_ecfp_pocket_knn_S0	S0	RCSB-6RQ0-KE2-KD	construct-005-6f4aa0a92e90	5.958607314841775	5.197678952613452	RCSB-4UG9-1EW-KD	0.20296553818751945	0.2641509433962264	0.23755656108597284
union_component_leave_one_out	component-02	two_sided_ecfp_pocket_knn_S0	S0	RCSB-6RQ9-KEQ-KD	construct-005-6f4aa0a92e90	4.982966660701219	4.339853608044325	RCSB-4UGS-H36-KD	0.2045915022145037	0.25	0.23755656108597284
union_component_leave_one_out	component-02	two_sided_ecfp_pocket_knn_S0	S0	RCSB-6RQ3-OUC-KD	construct-005-6f4aa0a92e90	4.0	5.1620331127669745	RCSB-4UGO-1QF-KD	0.2097870392464784	0.2641509433962264	0.23755656108597284
union_component_leave_one_out	component-02	two_sided_ecfp_pocket_knn_S0	S0	RCSB-6RQD-KEW-KD	construct-005-6f4aa0a92e90	5.823908740944319	5.288389494572973	RCSB-4UGM-1QE-KD	0.19397191301066274	0.24074074074074073	0.23755656108597284
union_component_leave_one_out	component-02	two_sided_ecfp_pocket_knn_S0	S0	RCSB-6RQ1-KE5-KD	construct-005-6f4aa0a92e90	4.400116927926312	5.153766557132444	RCSB-4UG9-1EW-KD	0.22507136116671653	0.25925925925925924	0.23755656108597284
union_component_leave_one_out	component-02	two_sided_ecfp_pocket_knn_S0	S0	RCSB-6RQ8-KEH-KD	construct-005-6f4aa0a92e90	6.552841968657781	5.295335103327139	RCSB-6U8L-Q1P-KD	0.19404330540571732	0.24074074074074073	0.23755656108597284
union_component_leave_one_out	component-02	two_sided_ecfp_pocket_knn_S0	S0	RCSB-6RQ5-KEB-KD	construct-005-6f4aa0a92e90	4.82102305270683	5.199289361506132	RCSB-4UG9-1EW-KD	0.2026084999738624	0.2692307692307692	0.23755656108597284
union_component_leave_one_out	component-02	pocket_structure_knn_S1	S1	RCSB-6RQB-Q47-KD	construct-005-6f4aa0a92e90	6.337242168318426	5.4066632325944495	RCSB-4UG5-XFK-KD	0.27045464006093445	0.24074074074074073	0.23755656108597284
union_component_leave_one_out	component-02	pocket_structure_knn_S1	S1	RCSB-6RQ6-R2H-KD	construct-005-6f4aa0a92e90	4.892790030352131	5.4066632325944495	RCSB-4UG5-XFK-KD	0.27045464006093445	0.24074074074074073	0.23755656108597284
union_component_leave_one_out	component-02	pocket_structure_knn_S1	S1	RCSB-6RQ0-KE2-KD	construct-005-6f4aa0a92e90	5.958607314841775	5.4066632325944495	RCSB-4UG5-XFK-KD	0.27045464006093445	0.2641509433962264	0.23755656108597284
union_component_leave_one_out	component-02	pocket_structure_knn_S1	S1	RCSB-6RQ9-KEQ-KD	construct-005-6f4aa0a92e90	4.982966660701219	5.4066632325944495	RCSB-4UG5-XFK-KD	0.27045464006093445	0.25	0.23755656108597284
union_component_leave_one_out	component-02	pocket_structure_knn_S1	S1	RCSB-6RQ3-OUC-KD	construct-005-6f4aa0a92e90	4.0	5.4066632325944495	RCSB-4UG5-XFK-KD	0.27045464006093445	0.2641509433962264	0.23755656108597284
union_component_leave_one_out	component-02	pocket_structure_knn_S1	S1	RCSB-6RQD-KEW-KD	construct-005-6f4aa0a92e90	5.823908740944319	5.4066632325944495	RCSB-4UG5-XFK-KD	0.27045464006093445	0.24074074074074073	0.23755656108597284
union_component_leave_one_out	component-02	pocket_structure_knn_S1	S1	RCSB-6RQ1-KE5-KD	construct-005-6f4aa0a92e90	4.400116927926312	5.4066632325944495	RCSB-4UG5-XFK-KD	0.27045464006093445	0.25925925925925924	0.23755656108597284
union_component_leave_one_out	component-02	pocket_structure_knn_S1	S1	RCSB-6RQ8-KEH-KD	construct-005-6f4aa0a92e90	6.552841968657781	5.4066632325944495	RCSB-4UG5-XFK-KD	0.27045464006093445	0.24074074074074073	0.23755656108597284
union_component_leave_one_out	component-02	pocket_structure_knn_S1	S1	RCSB-6RQ5-KEB-KD	construct-005-6f4aa0a92e90	4.82102305270683	5.4066632325944495	RCSB-4UG5-XFK-KD	0.27045464006093445	0.2692307692307692	0.23755656108597284
union_component_leave_one_out	component-02	two_sided_ecfp_pocket_knn_S1	S1	RCSB-6RQB-Q47-KD	construct-005-6f4aa0a92e90	6.337242168318426	6.588257693146721	RCSB-6U8L-Q1P-KD	0.2080991321435643	0.24074074074074073	0.23755656108597284
union_component_leave_one_out	component-02	two_sided_ecfp_pocket_knn_S1	S1	RCSB-6RQ6-R2H-KD	construct-005-6f4aa0a92e90	4.892790030352131	5.822051986347384	RCSB-6U8L-Q1P-KD	0.2080991321435643	0.24074074074074073	0.23755656108597284
union_component_leave_one_out	component-02	two_sided_ecfp_pocket_knn_S1	S1	RCSB-6RQ0-KE2-KD	construct-005-6f4aa0a92e90	5.958607314841775	5.18091873001992	RCSB-4UG9-1EW-KD	0.19814021430536094	0.2641509433962264	0.23755656108597284
union_component_leave_one_out	component-02	two_sided_ecfp_pocket_knn_S1	S1	RCSB-6RQ9-KEQ-KD	construct-005-6f4aa0a92e90	4.982966660701219	4.340619203379166	RCSB-4UGS-H36-KD	0.19975771228052175	0.25	0.23755656108597284
union_component_leave_one_out	component-02	two_sided_ecfp_pocket_knn_S1	S1	RCSB-6RQ3-OUC-KD	construct-005-6f4aa0a92e90	4.0	5.159546280486719	RCSB-4UGO-1QF-KD	0.203271884180273	0.2641509433962264	0.23755656108597284
union_component_leave_one_out	component-02	two_sided_ecfp_pocket_knn_S1	S1	RCSB-6RQD-KEW-KD	construct-005-6f4aa0a92e90	5.823908740944319	5.28813377776626	RCSB-4UGM-1QE-KD	0.1883333772638243	0.24074074074074073	0.23755656108597284
union_component_leave_one_out	component-02	two_sided_ecfp_pocket_knn_S1	S1	RCSB-6RQ1-KE5-KD	construct-005-6f4aa0a92e90	4.400116927926312	5.151618138611817	RCSB-4UG9-1EW-KD	0.22084046020475323	0.25925925925925924	0.23755656108597284
union_component_leave_one_out	component-02	two_sided_ecfp_pocket_knn_S1	S1	RCSB-6RQ8-KEH-KD	construct-005-6f4aa0a92e90	6.552841968657781	5.28813377776626	RCSB-4UGM-1QE-KD	0.1883333772638243	0.24074074074074073	0.23755656108597284
union_component_leave_one_out	component-02	two_sided_ecfp_pocket_knn_S1	S1	RCSB-6RQ5-KEB-KD	construct-005-6f4aa0a92e90	4.82102305270683	5.196069651552107	RCSB-4UG9-1EW-KD	0.19975771228052175	0.2692307692307692	0.23755656108597284
union_component_leave_one_out	component-03	global_train_mean	no_input	RCSB-5MYG-LS8-KD	construct-002-cb5cf2af5e4a	7.508638306165727	5.351222909219961			0.22580645161290322	0.29545454545454547
union_component_leave_one_out	component-03	global_train_mean	no_input	RCSB-5EWH-5SG-KD	construct-002-cb5cf2af5e4a	3.769551078621726	5.351222909219961			0.2	0.29545454545454547
union_component_leave_one_out	component-03	global_train_mean	no_input	RCSB-5E3G-5JQ-KD	construct-002-cb5cf2af5e4a	4.301029995663981	5.351222909219961			0.10909090909090909	0.29545454545454547
union_component_leave_one_out	component-03	global_train_mean	no_input	RCSB-5C85-4YO-KD	construct-002-cb5cf2af5e4a	3.9788107009300617	5.351222909219961			0.22807017543859648	0.29545454545454547
union_component_leave_one_out	component-03	global_train_mean	no_input	RCSB-5EM3-5Q0-KD	construct-002-cb5cf2af5e4a	3.6989700043360187	5.351222909219961			0.2037037037037037	0.29545454545454547
union_component_leave_one_out	component-03	global_train_mean	no_input	RCSB-5O4S-9KW-KD	construct-002-cb5cf2af5e4a	5.6020599913279625	5.351222909219961			0.24096385542168675	0.29545454545454547
union_component_leave_one_out	component-03	global_train_mean	no_input	RCSB-5EVA-5S9-KD	construct-002-cb5cf2af5e4a	3.6989700043360187	5.351222909219961			0.20967741935483872	0.29545454545454547
union_component_leave_one_out	component-03	global_train_mean	no_input	RCSB-5C87-4YS-KD	construct-002-cb5cf2af5e4a	3.6989700043360187	5.351222909219961			0.17307692307692307	0.29545454545454547
union_component_leave_one_out	component-03	global_train_mean	no_input	RCSB-5O5F-9LT-KD	construct-002-cb5cf2af5e4a	4.301029995663981	5.351222909219961			0.19753086419753085	0.29545454545454547
union_component_leave_one_out	component-03	global_train_mean	no_input	RCSB-5EPR-5QY-KD	construct-002-cb5cf2af5e4a	4.040958607678906	5.351222909219961			0.22727272727272727	0.29545454545454547
union_component_leave_one_out	component-03	global_train_mean	no_input	RCSB-5DY7-5GT-KD	construct-002-cb5cf2af5e4a	3.6989700043360187	5.351222909219961			0.1728395061728395	0.29545454545454547
union_component_leave_one_out	component-03	global_train_mean	no_input	RCSB-5OV8-AXN-KD	construct-002-cb5cf2af5e4a	4.7447274948966935	5.351222909219961			0.20833333333333334	0.29545454545454547
union_component_leave_one_out	component-03	global_train_mean	no_input	RCSB-5O55-9L5-KD	construct-002-cb5cf2af5e4a	4.698970004336019	5.351222909219961			0.23943661971830985	0.29545454545454547
union_component_leave_one_out	component-03	global_train_mean	no_input	RCSB-5DYA-5GV-KD	construct-002-cb5cf2af5e4a	3.6989700043360187	5.351222909219961			0.2692307692307692	0.29545454545454547
union_component_leave_one_out	component-03	global_train_mean	no_input	RCSB-5D7X-XZ8-KD	construct-002-cb5cf2af5e4a	4.823908740944319	5.351222909219961			0.20634920634920634	0.29545454545454547
union_component_leave_one_out	component-03	global_train_mean	no_input	RCSB-5EWD-5SH-KD	construct-002-cb5cf2af5e4a	3.6989700043360187	5.351222909219961			0.16	0.29545454545454547
union_component_leave_one_out	component-03	global_train_mean	no_input	RCSB-5O5A-9LN-KD	construct-002-cb5cf2af5e4a	4.769551078621726	5.351222909219961			0.2716049382716049	0.29545454545454547
union_component_leave_one_out	component-03	global_train_mean	no_input	RCSB-5O5H-9LK-KD	construct-002-cb5cf2af5e4a	4.1249387366083	5.351222909219961			0.17391304347826086	0.29545454545454547
union_component_leave_one_out	component-03	global_train_mean	no_input	RCSB-5EPS-5QX-KD	construct-002-cb5cf2af5e4a	4.42021640338319	5.351222909219961			0.21818181818181817	0.29545454545454547
union_component_leave_one_out	component-03	target_mean_or_global_fallback	target_identity	RCSB-5MYG-LS8-KD	construct-002-cb5cf2af5e4a	7.508638306165727	5.351222909219961			0.22580645161290322	0.29545454545454547
union_component_leave_one_out	component-03	target_mean_or_global_fallback	target_identity	RCSB-5EWH-5SG-KD	construct-002-cb5cf2af5e4a	3.769551078621726	5.351222909219961			0.2	0.29545454545454547
union_component_leave_one_out	component-03	target_mean_or_global_fallback	target_identity	RCSB-5E3G-5JQ-KD	construct-002-cb5cf2af5e4a	4.301029995663981	5.351222909219961			0.10909090909090909	0.29545454545454547
union_component_leave_one_out	component-03	target_mean_or_global_fallback	target_identity	RCSB-5C85-4YO-KD	construct-002-cb5cf2af5e4a	3.9788107009300617	5.351222909219961			0.22807017543859648	0.29545454545454547
union_component_leave_one_out	component-03	target_mean_or_global_fallback	target_identity	RCSB-5EM3-5Q0-KD	construct-002-cb5cf2af5e4a	3.6989700043360187	5.351222909219961			0.2037037037037037	0.29545454545454547
union_component_leave_one_out	component-03	target_mean_or_global_fallback	target_identity	RCSB-5O4S-9KW-KD	construct-002-cb5cf2af5e4a	5.6020599913279625	5.351222909219961			0.24096385542168675	0.29545454545454547
union_component_leave_one_out	component-03	target_mean_or_global_fallback	target_identity	RCSB-5EVA-5S9-KD	construct-002-cb5cf2af5e4a	3.6989700043360187	5.351222909219961			0.20967741935483872	0.29545454545454547
union_component_leave_one_out	component-03	target_mean_or_global_fallback	target_identity	RCSB-5C87-4YS-KD	construct-002-cb5cf2af5e4a	3.6989700043360187	5.351222909219961			0.17307692307692307	0.29545454545454547
union_component_leave_one_out	component-03	target_mean_or_global_fallback	target_identity	RCSB-5O5F-9LT-KD	construct-002-cb5cf2af5e4a	4.301029995663981	5.351222909219961			0.19753086419753085	0.29545454545454547
union_component_leave_one_out	component-03	target_mean_or_global_fallback	target_identity	RCSB-5EPR-5QY-KD	construct-002-cb5cf2af5e4a	4.040958607678906	5.351222909219961			0.22727272727272727	0.29545454545454547
union_component_leave_one_out	component-03	target_mean_or_global_fallback	target_identity	RCSB-5DY7-5GT-KD	construct-002-cb5cf2af5e4a	3.6989700043360187	5.351222909219961			0.1728395061728395	0.29545454545454547
union_component_leave_one_out	component-03	target_mean_or_global_fallback	target_identity	RCSB-5OV8-AXN-KD	construct-002-cb5cf2af5e4a	4.7447274948966935	5.351222909219961			0.20833333333333334	0.29545454545454547
union_component_leave_one_out	component-03	target_mean_or_global_fallback	target_identity	RCSB-5O55-9L5-KD	construct-002-cb5cf2af5e4a	4.698970004336019	5.351222909219961			0.23943661971830985	0.29545454545454547
union_component_leave_one_out	component-03	target_mean_or_global_fallback	target_identity	RCSB-5DYA-5GV-KD	construct-002-cb5cf2af5e4a	3.6989700043360187	5.351222909219961			0.2692307692307692	0.29545454545454547
union_component_leave_one_out	component-03	target_mean_or_global_fallback	target_identity	RCSB-5D7X-XZ8-KD	construct-002-cb5cf2af5e4a	4.823908740944319	5.351222909219961			0.20634920634920634	0.29545454545454547
union_component_leave_one_out	component-03	target_mean_or_global_fallback	target_identity	RCSB-5EWD-5SH-KD	construct-002-cb5cf2af5e4a	3.6989700043360187	5.351222909219961			0.16	0.29545454545454547
union_component_leave_one_out	component-03	target_mean_or_global_fallback	target_identity	RCSB-5O5A-9LN-KD	construct-002-cb5cf2af5e4a	4.769551078621726	5.351222909219961			0.2716049382716049	0.29545454545454547
union_component_leave_one_out	component-03	target_mean_or_global_fallback	target_identity	RCSB-5O5H-9LK-KD	construct-002-cb5cf2af5e4a	4.1249387366083	5.351222909219961			0.17391304347826086	0.29545454545454547
union_component_leave_one_out	component-03	target_mean_or_global_fallback	target_identity	RCSB-5EPS-5QX-KD	construct-002-cb5cf2af5e4a	4.42021640338319	5.351222909219961			0.21818181818181817	0.29545454545454547
union_component_leave_one_out	component-03	nuisance_ridge	metadata_only	RCSB-5MYG-LS8-KD	construct-002-cb5cf2af5e4a	7.508638306165727	5.561279306811029			0.22580645161290322	0.29545454545454547
union_component_leave_one_out	component-03	nuisance_ridge	metadata_only	RCSB-5EWH-5SG-KD	construct-002-cb5cf2af5e4a	3.769551078621726	5.635763447700971			0.2	0.29545454545454547
union_component_leave_one_out	component-03	nuisance_ridge	metadata_only	RCSB-5E3G-5JQ-KD	construct-002-cb5cf2af5e4a	4.301029995663981	5.632404519542695			0.10909090909090909	0.29545454545454547
union_component_leave_one_out	component-03	nuisance_ridge	metadata_only	RCSB-5C85-4YO-KD	construct-002-cb5cf2af5e4a	3.9788107009300617	5.624007199147004			0.22807017543859648	0.29545454545454547
union_component_leave_one_out	component-03	nuisance_ridge	metadata_only	RCSB-5EM3-5Q0-KD	construct-002-cb5cf2af5e4a	3.6989700043360187	5.67439112152115			0.2037037037037037	0.29545454545454547
union_component_leave_one_out	component-03	nuisance_ridge	metadata_only	RCSB-5O4S-9KW-KD	construct-002-cb5cf2af5e4a	5.6020599913279625	5.691689783575947			0.24096385542168675	0.29545454545454547
union_component_leave_one_out	component-03	nuisance_ridge	metadata_only	RCSB-5EVA-5S9-KD	construct-002-cb5cf2af5e4a	3.6989700043360187	5.665993801125459			0.20967741935483872	0.29545454545454547
union_component_leave_one_out	component-03	nuisance_ridge	metadata_only	RCSB-5C87-4YS-KD	construct-002-cb5cf2af5e4a	3.6989700043360187	5.649199160334077			0.17307692307692307	0.29545454545454547
union_component_leave_one_out	component-03	nuisance_ridge	metadata_only	RCSB-5O5F-9LT-KD	construct-002-cb5cf2af5e4a	4.301029995663981	5.766929774321338			0.19753086419753085	0.29545454545454547
union_component_leave_one_out	component-03	nuisance_ridge	metadata_only	RCSB-5EPR-5QY-KD	construct-002-cb5cf2af5e4a	4.040958607678906	5.632404519542695			0.22727272727272727	0.29545454545454547
union_component_leave_one_out	component-03	nuisance_ridge	metadata_only	RCSB-5DY7-5GT-KD	construct-002-cb5cf2af5e4a	3.6989700043360187	5.625686663226142			0.1728395061728395	0.29545454545454547
union_component_leave_one_out	component-03	nuisance_ridge	metadata_only	RCSB-5OV8-AXN-KD	construct-002-cb5cf2af5e4a	4.7447274948966935	5.683292463180255			0.20833333333333334	0.29545454545454547
union_component_leave_one_out	component-03	nuisance_ridge	metadata_only	RCSB-5O55-9L5-KD	construct-002-cb5cf2af5e4a	4.698970004336019	5.742073705950093			0.23943661971830985	0.29545454545454547
union_component_leave_one_out	component-03	nuisance_ridge	metadata_only	RCSB-5DYA-5GV-KD	construct-002-cb5cf2af5e4a	3.6989700043360187	5.632404519542695			0.2692307692307692	0.29545454545454547
union_component_leave_one_out	component-03	nuisance_ridge	metadata_only	RCSB-5D7X-XZ8-KD	construct-002-cb5cf2af5e4a	4.823908740944319	5.682788441916841			0.20634920634920634	0.29545454545454547
union_component_leave_one_out	component-03	nuisance_ridge	metadata_only	RCSB-5EWD-5SH-KD	construct-002-cb5cf2af5e4a	3.6989700043360187	5.644160768096662			0.16	0.29545454545454547
union_component_leave_one_out	component-03	nuisance_ridge	metadata_only	RCSB-5O5A-9LN-KD	construct-002-cb5cf2af5e4a	4.769551078621726	5.716881744763019			0.2716049382716049	0.29545454545454547
union_component_leave_one_out	component-03	nuisance_ridge	metadata_only	RCSB-5O5H-9LK-KD	construct-002-cb5cf2af5e4a	4.1249387366083	5.674895142784564			0.17391304347826086	0.29545454545454547
union_component_leave_one_out	component-03	nuisance_ridge	metadata_only	RCSB-5EPS-5QX-KD	construct-002-cb5cf2af5e4a	4.42021640338319	5.662634872967183			0.21818181818181817	0.29545454545454547
union_component_leave_one_out	component-03	ligand_ecfp_ridge	ligand_only	RCSB-5MYG-LS8-KD	construct-002-cb5cf2af5e4a	7.508638306165727	5.964756739192522			0.22580645161290322	0.29545454545454547
union_component_leave_one_out	component-03	ligand_ecfp_ridge	ligand_only	RCSB-5EWH-5SG-KD	construct-002-cb5cf2af5e4a	3.769551078621726	5.401521730824945			0.2	0.29545454545454547
union_component_leave_one_out	component-03	ligand_ecfp_ridge	ligand_only	RCSB-5E3G-5JQ-KD	construct-002-cb5cf2af5e4a	4.301029995663981	5.012826254618572			0.10909090909090909	0.29545454545454547
union_component_leave_one_out	component-03	ligand_ecfp_ridge	ligand_only	RCSB-5C85-4YO-KD	construct-002-cb5cf2af5e4a	3.9788107009300617	5.635440364331952			0.22807017543859648	0.29545454545454547
union_component_leave_one_out	component-03	ligand_ecfp_ridge	ligand_only	RCSB-5EM3-5Q0-KD	construct-002-cb5cf2af5e4a	3.6989700043360187	5.307069441998538			0.2037037037037037	0.29545454545454547
union_component_leave_one_out	component-03	ligand_ecfp_ridge	ligand_only	RCSB-5O4S-9KW-KD	construct-002-cb5cf2af5e4a	5.6020599913279625	6.812752993555505			0.24096385542168675	0.29545454545454547
union_component_leave_one_out	component-03	ligand_ecfp_ridge	ligand_only	RCSB-5EVA-5S9-KD	construct-002-cb5cf2af5e4a	3.6989700043360187	5.044101109897576			0.20967741935483872	0.29545454545454547
union_component_leave_one_out	component-03	ligand_ecfp_ridge	ligand_only	RCSB-5C87-4YS-KD	construct-002-cb5cf2af5e4a	3.6989700043360187	5.41358381241388			0.17307692307692307	0.29545454545454547
union_component_leave_one_out	component-03	ligand_ecfp_ridge	ligand_only	RCSB-5O5F-9LT-KD	construct-002-cb5cf2af5e4a	4.301029995663981	4.016252767450375			0.19753086419753085	0.29545454545454547
union_component_leave_one_out	component-03	ligand_ecfp_ridge	ligand_only	RCSB-5EPR-5QY-KD	construct-002-cb5cf2af5e4a	4.040958607678906	5.338462404140228			0.22727272727272727	0.29545454545454547
union_component_leave_one_out	component-03	ligand_ecfp_ridge	ligand_only	RCSB-5DY7-5GT-KD	construct-002-cb5cf2af5e4a	3.6989700043360187	5.1961351560382605			0.1728395061728395	0.29545454545454547
union_component_leave_one_out	component-03	ligand_ecfp_ridge	ligand_only	RCSB-5OV8-AXN-KD	construct-002-cb5cf2af5e4a	4.7447274948966935	6.189938516424872			0.20833333333333334	0.29545454545454547
union_component_leave_one_out	component-03	ligand_ecfp_ridge	ligand_only	RCSB-5O55-9L5-KD	construct-002-cb5cf2af5e4a	4.698970004336019	4.110851616149976			0.23943661971830985	0.29545454545454547
union_component_leave_one_out	component-03	ligand_ecfp_ridge	ligand_only	RCSB-5DYA-5GV-KD	construct-002-cb5cf2af5e4a	3.6989700043360187	4.38462855749091			0.2692307692307692	0.29545454545454547
union_component_leave_one_out	component-03	ligand_ecfp_ridge	ligand_only	RCSB-5D7X-XZ8-KD	construct-002-cb5cf2af5e4a	4.823908740944319	5.459541679758038			0.20634920634920634	0.29545454545454547
union_component_leave_one_out	component-03	ligand_ecfp_ridge	ligand_only	RCSB-5EWD-5SH-KD	construct-002-cb5cf2af5e4a	3.6989700043360187	5.182054253229778			0.16	0.29545454545454547
union_component_leave_one_out	component-03	ligand_ecfp_ridge	ligand_only	RCSB-5O5A-9LN-KD	construct-002-cb5cf2af5e4a	4.769551078621726	4.673002588849846			0.2716049382716049	0.29545454545454547
union_component_leave_one_out	component-03	ligand_ecfp_ridge	ligand_only	RCSB-5O5H-9LK-KD	construct-002-cb5cf2af5e4a	4.1249387366083	5.101863644143638			0.17391304347826086	0.29545454545454547
union_component_leave_one_out	component-03	ligand_ecfp_ridge	ligand_only	RCSB-5EPS-5QX-KD	construct-002-cb5cf2af5e4a	4.42021640338319	5.641896563212826			0.21818181818181817	0.29545454545454547
union_component_leave_one_out	component-03	ligand_gmolai_ridge	ligand_only	RCSB-5MYG-LS8-KD	construct-002-cb5cf2af5e4a	7.508638306165727	6.611957747704178			0.22580645161290322	0.29545454545454547
union_component_leave_one_out	component-03	ligand_gmolai_ridge	ligand_only	RCSB-5EWH-5SG-KD	construct-002-cb5cf2af5e4a	3.769551078621726	3.245639202411485			0.2	0.29545454545454547
union_component_leave_one_out	component-03	ligand_gmolai_ridge	ligand_only	RCSB-5E3G-5JQ-KD	construct-002-cb5cf2af5e4a	4.301029995663981	4.84239671821508			0.10909090909090909	0.29545454545454547
union_component_leave_one_out	component-03	ligand_gmolai_ridge	ligand_only	RCSB-5C85-4YO-KD	construct-002-cb5cf2af5e4a	3.9788107009300617	5.062633440199126			0.22807017543859648	0.29545454545454547
union_component_leave_one_out	component-03	ligand_gmolai_ridge	ligand_only	RCSB-5EM3-5Q0-KD	construct-002-cb5cf2af5e4a	3.6989700043360187	3.3026371026101873			0.2037037037037037	0.29545454545454547
union_component_leave_one_out	component-03	ligand_gmolai_ridge	ligand_only	RCSB-5O4S-9KW-KD	construct-002-cb5cf2af5e4a	5.6020599913279625	7.739842683514147			0.24096385542168675	0.29545454545454547
union_component_leave_one_out	component-03	ligand_gmolai_ridge	ligand_only	RCSB-5EVA-5S9-KD	construct-002-cb5cf2af5e4a	3.6989700043360187	4.233376810301839			0.20967741935483872	0.29545454545454547
union_component_leave_one_out	component-03	ligand_gmolai_ridge	ligand_only	RCSB-5C87-4YS-KD	construct-002-cb5cf2af5e4a	3.6989700043360187	3.521804398879702			0.17307692307692307	0.29545454545454547
union_component_leave_one_out	component-03	ligand_gmolai_ridge	ligand_only	RCSB-5O5F-9LT-KD	construct-002-cb5cf2af5e4a	4.301029995663981	6.2043522250732845			0.19753086419753085	0.29545454545454547
union_component_leave_one_out	component-03	ligand_gmolai_ridge	ligand_only	RCSB-5EPR-5QY-KD	construct-002-cb5cf2af5e4a	4.040958607678906	4.145576773110628			0.22727272727272727	0.29545454545454547
union_component_leave_one_out	component-03	ligand_gmolai_ridge	ligand_only	RCSB-5DY7-5GT-KD	construct-002-cb5cf2af5e4a	3.6989700043360187	3.7332916887605156			0.1728395061728395	0.29545454545454547
union_component_leave_one_out	component-03	ligand_gmolai_ridge	ligand_only	RCSB-5OV8-AXN-KD	construct-002-cb5cf2af5e4a	4.7447274948966935	7.524956357447024			0.20833333333333334	0.29545454545454547
union_component_leave_one_out	component-03	ligand_gmolai_ridge	ligand_only	RCSB-5O55-9L5-KD	construct-002-cb5cf2af5e4a	4.698970004336019	6.233641885904319			0.23943661971830985	0.29545454545454547
union_component_leave_one_out	component-03	ligand_gmolai_ridge	ligand_only	RCSB-5DYA-5GV-KD	construct-002-cb5cf2af5e4a	3.6989700043360187	4.468949033845605			0.2692307692307692	0.29545454545454547
union_component_leave_one_out	component-03	ligand_gmolai_ridge	ligand_only	RCSB-5D7X-XZ8-KD	construct-002-cb5cf2af5e4a	4.823908740944319	5.334928182338415			0.20634920634920634	0.29545454545454547
union_component_leave_one_out	component-03	ligand_gmolai_ridge	ligand_only	RCSB-5EWD-5SH-KD	construct-002-cb5cf2af5e4a	3.6989700043360187	3.338504552774297			0.16	0.29545454545454547
union_component_leave_one_out	component-03	ligand_gmolai_ridge	ligand_only	RCSB-5O5A-9LN-KD	construct-002-cb5cf2af5e4a	4.769551078621726	5.807572718526982			0.2716049382716049	0.29545454545454547
union_component_leave_one_out	component-03	ligand_gmolai_ridge	ligand_only	RCSB-5O5H-9LK-KD	construct-002-cb5cf2af5e4a	4.1249387366083	4.848857517097015			0.17391304347826086	0.29545454545454547
union_component_leave_one_out	component-03	ligand_gmolai_ridge	ligand_only	RCSB-5EPS-5QX-KD	construct-002-cb5cf2af5e4a	4.42021640338319	4.393238874076412			0.21818181818181817	0.29545454545454547
union_component_leave_one_out	component-03	protein_sequence_ridge	sequence_only	RCSB-5MYG-LS8-KD	construct-002-cb5cf2af5e4a	7.508638306165727	5.530761409788556			0.22580645161290322	0.29545454545454547
union_component_leave_one_out	component-03	protein_sequence_ridge	sequence_only	RCSB-5EWH-5SG-KD	construct-002-cb5cf2af5e4a	3.769551078621726	5.530761409788556			0.2	0.29545454545454547
union_component_leave_one_out	component-03	protein_sequence_ridge	sequence_only	RCSB-5E3G-5JQ-KD	construct-002-cb5cf2af5e4a	4.301029995663981	5.530761409788556			0.10909090909090909	0.29545454545454547
union_component_leave_one_out	component-03	protein_sequence_ridge	sequence_only	RCSB-5C85-4YO-KD	construct-002-cb5cf2af5e4a	3.9788107009300617	5.530761409788556			0.22807017543859648	0.29545454545454547
union_component_leave_one_out	component-03	protein_sequence_ridge	sequence_only	RCSB-5EM3-5Q0-KD	construct-002-cb5cf2af5e4a	3.6989700043360187	5.530761409788556			0.2037037037037037	0.29545454545454547
union_component_leave_one_out	component-03	protein_sequence_ridge	sequence_only	RCSB-5O4S-9KW-KD	construct-002-cb5cf2af5e4a	5.6020599913279625	5.530761409788556			0.24096385542168675	0.29545454545454547
union_component_leave_one_out	component-03	protein_sequence_ridge	sequence_only	RCSB-5EVA-5S9-KD	construct-002-cb5cf2af5e4a	3.6989700043360187	5.530761409788556			0.20967741935483872	0.29545454545454547
union_component_leave_one_out	component-03	protein_sequence_ridge	sequence_only	RCSB-5C87-4YS-KD	construct-002-cb5cf2af5e4a	3.6989700043360187	5.530761409788556			0.17307692307692307	0.29545454545454547
union_component_leave_one_out	component-03	protein_sequence_ridge	sequence_only	RCSB-5O5F-9LT-KD	construct-002-cb5cf2af5e4a	4.301029995663981	5.530761409788556			0.19753086419753085	0.29545454545454547
union_component_leave_one_out	component-03	protein_sequence_ridge	sequence_only	RCSB-5EPR-5QY-KD	construct-002-cb5cf2af5e4a	4.040958607678906	5.530761409788556			0.22727272727272727	0.29545454545454547
union_component_leave_one_out	component-03	protein_sequence_ridge	sequence_only	RCSB-5DY7-5GT-KD	construct-002-cb5cf2af5e4a	3.6989700043360187	5.530761409788556			0.1728395061728395	0.29545454545454547
union_component_leave_one_out	component-03	protein_sequence_ridge	sequence_only	RCSB-5OV8-AXN-KD	construct-002-cb5cf2af5e4a	4.7447274948966935	5.530761409788556			0.20833333333333334	0.29545454545454547
union_component_leave_one_out	component-03	protein_sequence_ridge	sequence_only	RCSB-5O55-9L5-KD	construct-002-cb5cf2af5e4a	4.698970004336019	5.530761409788556			0.23943661971830985	0.29545454545454547
union_component_leave_one_out	component-03	protein_sequence_ridge	sequence_only	RCSB-5DYA-5GV-KD	construct-002-cb5cf2af5e4a	3.6989700043360187	5.530761409788556			0.2692307692307692	0.29545454545454547
union_component_leave_one_out	component-03	protein_sequence_ridge	sequence_only	RCSB-5D7X-XZ8-KD	construct-002-cb5cf2af5e4a	4.823908740944319	5.530761409788556			0.20634920634920634	0.29545454545454547
union_component_leave_one_out	component-03	protein_sequence_ridge	sequence_only	RCSB-5EWD-5SH-KD	construct-002-cb5cf2af5e4a	3.6989700043360187	5.530761409788556			0.16	0.29545454545454547
union_component_leave_one_out	component-03	protein_sequence_ridge	sequence_only	RCSB-5O5A-9LN-KD	construct-002-cb5cf2af5e4a	4.769551078621726	5.530761409788556			0.2716049382716049	0.29545454545454547
union_component_leave_one_out	component-03	protein_sequence_ridge	sequence_only	RCSB-5O5H-9LK-KD	construct-002-cb5cf2af5e4a	4.1249387366083	5.530761409788556			0.17391304347826086	0.29545454545454547
union_component_leave_one_out	component-03	protein_sequence_ridge	sequence_only	RCSB-5EPS-5QX-KD	construct-002-cb5cf2af5e4a	4.42021640338319	5.530761409788556			0.21818181818181817	0.29545454545454547
union_component_leave_one_out	component-03	concat_ecfp_sequence_ridge	sequence_ligand	RCSB-5MYG-LS8-KD	construct-002-cb5cf2af5e4a	7.508638306165727	5.859511228502839			0.22580645161290322	0.29545454545454547
union_component_leave_one_out	component-03	concat_ecfp_sequence_ridge	sequence_ligand	RCSB-5EWH-5SG-KD	construct-002-cb5cf2af5e4a	3.769551078621726	5.56005163250665			0.2	0.29545454545454547
union_component_leave_one_out	component-03	concat_ecfp_sequence_ridge	sequence_ligand	RCSB-5E3G-5JQ-KD	construct-002-cb5cf2af5e4a	4.301029995663981	5.296257915636101			0.10909090909090909	0.29545454545454547
union_component_leave_one_out	component-03	concat_ecfp_sequence_ridge	sequence_ligand	RCSB-5C85-4YO-KD	construct-002-cb5cf2af5e4a	3.9788107009300617	5.789948369674827			0.22807017543859648	0.29545454545454547
union_component_leave_one_out	component-03	concat_ecfp_sequence_ridge	sequence_ligand	RCSB-5EM3-5Q0-KD	construct-002-cb5cf2af5e4a	3.6989700043360187	5.356982020744985			0.2037037037037037	0.29545454545454547
union_component_leave_one_out	component-03	concat_ecfp_sequence_ridge	sequence_ligand	RCSB-5O4S-9KW-KD	construct-002-cb5cf2af5e4a	5.6020599913279625	6.487219733535396			0.24096385542168675	0.29545454545454547
union_component_leave_one_out	component-03	concat_ecfp_sequence_ridge	sequence_ligand	RCSB-5EVA-5S9-KD	construct-002-cb5cf2af5e4a	3.6989700043360187	5.143507067743043			0.20967741935483872	0.29545454545454547
union_component_leave_one_out	component-03	concat_ecfp_sequence_ridge	sequence_ligand	RCSB-5C87-4YS-KD	construct-002-cb5cf2af5e4a	3.6989700043360187	5.601232513913992			0.17307692307692307	0.29545454545454547
union_component_leave_one_out	component-03	concat_ecfp_sequence_ridge	sequence_ligand	RCSB-5O5F-9LT-KD	construct-002-cb5cf2af5e4a	4.301029995663981	3.841386667334459			0.19753086419753085	0.29545454545454547
union_component_leave_one_out	component-03	concat_ecfp_sequence_ridge	sequence_ligand	RCSB-5EPR-5QY-KD	construct-002-cb5cf2af5e4a	4.040958607678906	5.514896035025413			0.22727272727272727	0.29545454545454547
union_component_leave_one_out	component-03	concat_ecfp_sequence_ridge	sequence_ligand	RCSB-5DY7-5GT-KD	construct-002-cb5cf2af5e4a	3.6989700043360187	5.400155655029087			0.1728395061728395	0.29545454545454547
union_component_leave_one_out	component-03	concat_ecfp_sequence_ridge	sequence_ligand	RCSB-5OV8-AXN-KD	construct-002-cb5cf2af5e4a	4.7447274948966935	6.0461891457683015			0.20833333333333334	0.29545454545454547
union_component_leave_one_out	component-03	concat_ecfp_sequence_ridge	sequence_ligand	RCSB-5O55-9L5-KD	construct-002-cb5cf2af5e4a	4.698970004336019	3.929108823505419			0.23943661971830985	0.29545454545454547
union_component_leave_one_out	component-03	concat_ecfp_sequence_ridge	sequence_ligand	RCSB-5DYA-5GV-KD	construct-002-cb5cf2af5e4a	3.6989700043360187	4.543313372145122			0.2692307692307692	0.29545454545454547
union_component_leave_one_out	component-03	concat_ecfp_sequence_ridge	sequence_ligand	RCSB-5D7X-XZ8-KD	construct-002-cb5cf2af5e4a	4.823908740944319	5.274020345791924			0.20634920634920634	0.29545454545454547
union_component_leave_one_out	component-03	concat_ecfp_sequence_ridge	sequence_ligand	RCSB-5EWD-5SH-KD	construct-002-cb5cf2af5e4a	3.6989700043360187	5.370339977217758			0.16	0.29545454545454547
union_component_leave_one_out	component-03	concat_ecfp_sequence_ridge	sequence_ligand	RCSB-5O5A-9LN-KD	construct-002-cb5cf2af5e4a	4.769551078621726	4.333294886282086			0.2716049382716049	0.29545454545454547
union_component_leave_one_out	component-03	concat_ecfp_sequence_ridge	sequence_ligand	RCSB-5O5H-9LK-KD	construct-002-cb5cf2af5e4a	4.1249387366083	4.98779867995787			0.17391304347826086	0.29545454545454547
union_component_leave_one_out	component-03	concat_ecfp_sequence_ridge	sequence_ligand	RCSB-5EPS-5QX-KD	construct-002-cb5cf2af5e4a	4.42021640338319	5.672384766066412			0.21818181818181817	0.29545454545454547
union_component_leave_one_out	component-03	pocket_composition_ridge_S0	S0	RCSB-5MYG-LS8-KD	construct-002-cb5cf2af5e4a	7.508638306165727	5.7237390716534895			0.22580645161290322	0.29545454545454547
union_component_leave_one_out	component-03	pocket_composition_ridge_S0	S0	RCSB-5EWH-5SG-KD	construct-002-cb5cf2af5e4a	3.769551078621726	5.7237390716534895			0.2	0.29545454545454547
union_component_leave_one_out	component-03	pocket_composition_ridge_S0	S0	RCSB-5E3G-5JQ-KD	construct-002-cb5cf2af5e4a	4.301029995663981	5.7237390716534895			0.10909090909090909	0.29545454545454547
union_component_leave_one_out	component-03	pocket_composition_ridge_S0	S0	RCSB-5C85-4YO-KD	construct-002-cb5cf2af5e4a	3.9788107009300617	5.7237390716534895			0.22807017543859648	0.29545454545454547
union_component_leave_one_out	component-03	pocket_composition_ridge_S0	S0	RCSB-5EM3-5Q0-KD	construct-002-cb5cf2af5e4a	3.6989700043360187	5.7237390716534895			0.2037037037037037	0.29545454545454547
union_component_leave_one_out	component-03	pocket_composition_ridge_S0	S0	RCSB-5O4S-9KW-KD	construct-002-cb5cf2af5e4a	5.6020599913279625	5.7237390716534895			0.24096385542168675	0.29545454545454547
union_component_leave_one_out	component-03	pocket_composition_ridge_S0	S0	RCSB-5EVA-5S9-KD	construct-002-cb5cf2af5e4a	3.6989700043360187	5.7237390716534895			0.20967741935483872	0.29545454545454547
union_component_leave_one_out	component-03	pocket_composition_ridge_S0	S0	RCSB-5C87-4YS-KD	construct-002-cb5cf2af5e4a	3.6989700043360187	5.7237390716534895			0.17307692307692307	0.29545454545454547
union_component_leave_one_out	component-03	pocket_composition_ridge_S0	S0	RCSB-5O5F-9LT-KD	construct-002-cb5cf2af5e4a	4.301029995663981	5.7237390716534895			0.19753086419753085	0.29545454545454547
union_component_leave_one_out	component-03	pocket_composition_ridge_S0	S0	RCSB-5EPR-5QY-KD	construct-002-cb5cf2af5e4a	4.040958607678906	5.7237390716534895			0.22727272727272727	0.29545454545454547
union_component_leave_one_out	component-03	pocket_composition_ridge_S0	S0	RCSB-5DY7-5GT-KD	construct-002-cb5cf2af5e4a	3.6989700043360187	5.7237390716534895			0.1728395061728395	0.29545454545454547
union_component_leave_one_out	component-03	pocket_composition_ridge_S0	S0	RCSB-5OV8-AXN-KD	construct-002-cb5cf2af5e4a	4.7447274948966935	5.7237390716534895			0.20833333333333334	0.29545454545454547
union_component_leave_one_out	component-03	pocket_composition_ridge_S0	S0	RCSB-5O55-9L5-KD	construct-002-cb5cf2af5e4a	4.698970004336019	5.7237390716534895			0.23943661971830985	0.29545454545454547
union_component_leave_one_out	component-03	pocket_composition_ridge_S0	S0	RCSB-5DYA-5GV-KD	construct-002-cb5cf2af5e4a	3.6989700043360187	5.7237390716534895			0.2692307692307692	0.29545454545454547
union_component_leave_one_out	component-03	pocket_composition_ridge_S0	S0	RCSB-5D7X-XZ8-KD	construct-002-cb5cf2af5e4a	4.823908740944319	5.7237390716534895			0.20634920634920634	0.29545454545454547
union_component_leave_one_out	component-03	pocket_composition_ridge_S0	S0	RCSB-5EWD-5SH-KD	construct-002-cb5cf2af5e4a	3.6989700043360187	5.7237390716534895			0.16	0.29545454545454547
union_component_leave_one_out	component-03	pocket_composition_ridge_S0	S0	RCSB-5O5A-9LN-KD	construct-002-cb5cf2af5e4a	4.769551078621726	5.7237390716534895			0.2716049382716049	0.29545454545454547
union_component_leave_one_out	component-03	pocket_composition_ridge_S0	S0	RCSB-5O5H-9LK-KD	construct-002-cb5cf2af5e4a	4.1249387366083	5.7237390716534895			0.17391304347826086	0.29545454545454547
union_component_leave_one_out	component-03	pocket_composition_ridge_S0	S0	RCSB-5EPS-5QX-KD	construct-002-cb5cf2af5e4a	4.42021640338319	5.7237390716534895			0.21818181818181817	0.29545454545454547
union_component_leave_one_out	component-03	pocket_structure_ridge_S0	S0	RCSB-5MYG-LS8-KD	construct-002-cb5cf2af5e4a	7.508638306165727	5.4534474158028425			0.22580645161290322	0.29545454545454547
union_component_leave_one_out	component-03	pocket_structure_ridge_S0	S0	RCSB-5EWH-5SG-KD	construct-002-cb5cf2af5e4a	3.769551078621726	5.717308346656232			0.2	0.29545454545454547
union_component_leave_one_out	component-03	pocket_structure_ridge_S0	S0	RCSB-5E3G-5JQ-KD	construct-002-cb5cf2af5e4a	4.301029995663981	5.9540904441821185			0.10909090909090909	0.29545454545454547
union_component_leave_one_out	component-03	pocket_structure_ridge_S0	S0	RCSB-5C85-4YO-KD	construct-002-cb5cf2af5e4a	3.9788107009300617	5.741028720673456			0.22807017543859648	0.29545454545454547
union_component_leave_one_out	component-03	pocket_structure_ridge_S0	S0	RCSB-5EM3-5Q0-KD	construct-002-cb5cf2af5e4a	3.6989700043360187	5.875996411930137			0.2037037037037037	0.29545454545454547
union_component_leave_one_out	component-03	pocket_structure_ridge_S0	S0	RCSB-5O4S-9KW-KD	construct-002-cb5cf2af5e4a	5.6020599913279625	5.86355601975033			0.24096385542168675	0.29545454545454547
union_component_leave_one_out	component-03	pocket_structure_ridge_S0	S0	RCSB-5EVA-5S9-KD	construct-002-cb5cf2af5e4a	3.6989700043360187	5.724023072285036			0.20967741935483872	0.29545454545454547
union_component_leave_one_out	component-03	pocket_structure_ridge_S0	S0	RCSB-5C87-4YS-KD	construct-002-cb5cf2af5e4a	3.6989700043360187	5.737021156337365			0.17307692307692307	0.29545454545454547
union_component_leave_one_out	component-03	pocket_structure_ridge_S0	S0	RCSB-5O5F-9LT-KD	construct-002-cb5cf2af5e4a	4.301029995663981	5.564802156217402			0.19753086419753085	0.29545454545454547
union_component_leave_one_out	component-03	pocket_structure_ridge_S0	S0	RCSB-5EPR-5QY-KD	construct-002-cb5cf2af5e4a	4.040958607678906	5.850364662015214			0.22727272727272727	0.29545454545454547
union_component_leave_one_out	component-03	pocket_structure_ridge_S0	S0	RCSB-5DY7-5GT-KD	construct-002-cb5cf2af5e4a	3.6989700043360187	5.735283329237931			0.1728395061728395	0.29545454545454547
union_component_leave_one_out	component-03	pocket_structure_ridge_S0	S0	RCSB-5OV8-AXN-KD	construct-002-cb5cf2af5e4a	4.7447274948966935	5.86289361269832			0.20833333333333334	0.29545454545454547
union_component_leave_one_out	component-03	pocket_structure_ridge_S0	S0	RCSB-5O55-9L5-KD	construct-002-cb5cf2af5e4a	4.698970004336019	5.547836043140087			0.23943661971830985	0.29545454545454547
union_component_leave_one_out	component-03	pocket_structure_ridge_S0	S0	RCSB-5DYA-5GV-KD	construct-002-cb5cf2af5e4a	3.6989700043360187	5.693689821185349			0.2692307692307692	0.29545454545454547
union_component_leave_one_out	component-03	pocket_structure_ridge_S0	S0	RCSB-5D7X-XZ8-KD	construct-002-cb5cf2af5e4a	4.823908740944319	5.850104509411184			0.20634920634920634	0.29545454545454547
union_component_leave_one_out	component-03	pocket_structure_ridge_S0	S0	RCSB-5EWD-5SH-KD	construct-002-cb5cf2af5e4a	3.6989700043360187	5.788122448122718			0.16	0.29545454545454547
union_component_leave_one_out	component-03	pocket_structure_ridge_S0	S0	RCSB-5O5A-9LN-KD	construct-002-cb5cf2af5e4a	4.769551078621726	5.7200086667140315			0.2716049382716049	0.29545454545454547
union_component_leave_one_out	component-03	pocket_structure_ridge_S0	S0	RCSB-5O5H-9LK-KD	construct-002-cb5cf2af5e4a	4.1249387366083	5.761410735791315			0.17391304347826086	0.29545454545454547
union_component_leave_one_out	component-03	pocket_structure_ridge_S0	S0	RCSB-5EPS-5QX-KD	construct-002-cb5cf2af5e4a	4.42021640338319	5.872849363635203			0.21818181818181817	0.29545454545454547
union_component_leave_one_out	component-03	concat_ecfp_pocket_ridge_S0	S0	RCSB-5MYG-LS8-KD	construct-002-cb5cf2af5e4a	7.508638306165727	5.9191206862457655			0.22580645161290322	0.29545454545454547
union_component_leave_one_out	component-03	concat_ecfp_pocket_ridge_S0	S0	RCSB-5EWH-5SG-KD	construct-002-cb5cf2af5e4a	3.769551078621726	5.4758875089640595			0.2	0.29545454545454547
union_component_leave_one_out	component-03	concat_ecfp_pocket_ridge_S0	S0	RCSB-5E3G-5JQ-KD	construct-002-cb5cf2af5e4a	4.301029995663981	5.1829068269710685			0.10909090909090909	0.29545454545454547
union_component_leave_one_out	component-03	concat_ecfp_pocket_ridge_S0	S0	RCSB-5C85-4YO-KD	construct-002-cb5cf2af5e4a	3.9788107009300617	5.736248745033827			0.22807017543859648	0.29545454545454547
union_component_leave_one_out	component-03	concat_ecfp_pocket_ridge_S0	S0	RCSB-5EM3-5Q0-KD	construct-002-cb5cf2af5e4a	3.6989700043360187	5.400262810820115			0.2037037037037037	0.29545454545454547
union_component_leave_one_out	component-03	concat_ecfp_pocket_ridge_S0	S0	RCSB-5O4S-9KW-KD	construct-002-cb5cf2af5e4a	5.6020599913279625	6.789301167596011			0.24096385542168675	0.29545454545454547
union_component_leave_one_out	component-03	concat_ecfp_pocket_ridge_S0	S0	RCSB-5EVA-5S9-KD	construct-002-cb5cf2af5e4a	3.6989700043360187	5.1080736466353684			0.20967741935483872	0.29545454545454547
union_component_leave_one_out	component-03	concat_ecfp_pocket_ridge_S0	S0	RCSB-5C87-4YS-KD	construct-002-cb5cf2af5e4a	3.6989700043360187	5.507331062680461			0.17307692307692307	0.29545454545454547
union_component_leave_one_out	component-03	concat_ecfp_pocket_ridge_S0	S0	RCSB-5O5F-9LT-KD	construct-002-cb5cf2af5e4a	4.301029995663981	4.003630744923848			0.19753086419753085	0.29545454545454547
union_component_leave_one_out	component-03	concat_ecfp_pocket_ridge_S0	S0	RCSB-5EPR-5QY-KD	construct-002-cb5cf2af5e4a	4.040958607678906	5.464451567362948			0.22727272727272727	0.29545454545454547
union_component_leave_one_out	component-03	concat_ecfp_pocket_ridge_S0	S0	RCSB-5DY7-5GT-KD	construct-002-cb5cf2af5e4a	3.6989700043360187	5.306988725149737			0.1728395061728395	0.29545454545454547
union_component_leave_one_out	component-03	concat_ecfp_pocket_ridge_S0	S0	RCSB-5OV8-AXN-KD	construct-002-cb5cf2af5e4a	4.7447274948966935	6.223716727846313			0.20833333333333334	0.29545454545454547
union_component_leave_one_out	component-03	concat_ecfp_pocket_ridge_S0	S0	RCSB-5O55-9L5-KD	construct-002-cb5cf2af5e4a	4.698970004336019	4.086241737951265			0.23943661971830985	0.29545454545454547
union_component_leave_one_out	component-03	concat_ecfp_pocket_ridge_S0	S0	RCSB-5DYA-5GV-KD	construct-002-cb5cf2af5e4a	3.6989700043360187	4.503069349323233			0.2692307692307692	0.29545454545454547
union_component_leave_one_out	component-03	concat_ecfp_pocket_ridge_S0	S0	RCSB-5D7X-XZ8-KD	construct-002-cb5cf2af5e4a	4.823908740944319	5.457989934639426			0.20634920634920634	0.29545454545454547
union_component_leave_one_out	component-03	concat_ecfp_pocket_ridge_S0	S0	RCSB-5EWD-5SH-KD	construct-002-cb5cf2af5e4a	3.6989700043360187	5.28408919294456			0.16	0.29545454545454547
union_component_leave_one_out	component-03	concat_ecfp_pocket_ridge_S0	S0	RCSB-5O5A-9LN-KD	construct-002-cb5cf2af5e4a	4.769551078621726	4.612352984021819			0.2716049382716049	0.29545454545454547
union_component_leave_one_out	component-03	concat_ecfp_pocket_ridge_S0	S0	RCSB-5O5H-9LK-KD	construct-002-cb5cf2af5e4a	4.1249387366083	5.081233073378319			0.17391304347826086	0.29545454545454547
union_component_leave_one_out	component-03	concat_ecfp_pocket_ridge_S0	S0	RCSB-5EPS-5QX-KD	construct-002-cb5cf2af5e4a	4.42021640338319	5.721422438601145			0.21818181818181817	0.29545454545454547
union_component_leave_one_out	component-03	concat_gmolai_pocket_ridge_S0	S0	RCSB-5MYG-LS8-KD	construct-002-cb5cf2af5e4a	7.508638306165727	6.385408404364588			0.22580645161290322	0.29545454545454547
union_component_leave_one_out	component-03	concat_gmolai_pocket_ridge_S0	S0	RCSB-5EWH-5SG-KD	construct-002-cb5cf2af5e4a	3.769551078621726	3.6972728644528976			0.2	0.29545454545454547
union_component_leave_one_out	component-03	concat_gmolai_pocket_ridge_S0	S0	RCSB-5E3G-5JQ-KD	construct-002-cb5cf2af5e4a	4.301029995663981	4.789505726860433			0.10909090909090909	0.29545454545454547
union_component_leave_one_out	component-03	concat_gmolai_pocket_ridge_S0	S0	RCSB-5C85-4YO-KD	construct-002-cb5cf2af5e4a	3.9788107009300617	5.584506428500184			0.22807017543859648	0.29545454545454547
union_component_leave_one_out	component-03	concat_gmolai_pocket_ridge_S0	S0	RCSB-5EM3-5Q0-KD	construct-002-cb5cf2af5e4a	3.6989700043360187	3.7680121617663382			0.2037037037037037	0.29545454545454547
union_component_leave_one_out	component-03	concat_gmolai_pocket_ridge_S0	S0	RCSB-5O4S-9KW-KD	construct-002-cb5cf2af5e4a	5.6020599913279625	7.471019277232932			0.24096385542168675	0.29545454545454547
union_component_leave_one_out	component-03	concat_gmolai_pocket_ridge_S0	S0	RCSB-5EVA-5S9-KD	construct-002-cb5cf2af5e4a	3.6989700043360187	4.3125308885305325			0.20967741935483872	0.29545454545454547
union_component_leave_one_out	component-03	concat_gmolai_pocket_ridge_S0	S0	RCSB-5C87-4YS-KD	construct-002-cb5cf2af5e4a	3.6989700043360187	3.4551735552531695			0.17307692307692307	0.29545454545454547
union_component_leave_one_out	component-03	concat_gmolai_pocket_ridge_S0	S0	RCSB-5O5F-9LT-KD	construct-002-cb5cf2af5e4a	4.301029995663981	5.868394781597499			0.19753086419753085	0.29545454545454547
union_component_leave_one_out	component-03	concat_gmolai_pocket_ridge_S0	S0	RCSB-5EPR-5QY-KD	construct-002-cb5cf2af5e4a	4.040958607678906	4.465932042417211			0.22727272727272727	0.29545454545454547
union_component_leave_one_out	component-03	concat_gmolai_pocket_ridge_S0	S0	RCSB-5DY7-5GT-KD	construct-002-cb5cf2af5e4a	3.6989700043360187	4.174476780332085			0.1728395061728395	0.29545454545454547
union_component_leave_one_out	component-03	concat_gmolai_pocket_ridge_S0	S0	RCSB-5OV8-AXN-KD	construct-002-cb5cf2af5e4a	4.7447274948966935	7.303602247276643			0.20833333333333334	0.29545454545454547
union_component_leave_one_out	component-03	concat_gmolai_pocket_ridge_S0	S0	RCSB-5O55-9L5-KD	construct-002-cb5cf2af5e4a	4.698970004336019	5.805153886756616			0.23943661971830985	0.29545454545454547
union_component_leave_one_out	component-03	concat_gmolai_pocket_ridge_S0	S0	RCSB-5DYA-5GV-KD	construct-002-cb5cf2af5e4a	3.6989700043360187	4.894075136502865			0.2692307692307692	0.29545454545454547
union_component_leave_one_out	component-03	concat_gmolai_pocket_ridge_S0	S0	RCSB-5D7X-XZ8-KD	construct-002-cb5cf2af5e4a	4.823908740944319	5.030577688156855			0.20634920634920634	0.29545454545454547
union_component_leave_one_out	component-03	concat_gmolai_pocket_ridge_S0	S0	RCSB-5EWD-5SH-KD	construct-002-cb5cf2af5e4a	3.6989700043360187	3.7817576884201705			0.16	0.29545454545454547
union_component_leave_one_out	component-03	concat_gmolai_pocket_ridge_S0	S0	RCSB-5O5A-9LN-KD	construct-002-cb5cf2af5e4a	4.769551078621726	5.489014593554503			0.2716049382716049	0.29545454545454547
union_component_leave_one_out	component-03	concat_gmolai_pocket_ridge_S0	S0	RCSB-5O5H-9LK-KD	construct-002-cb5cf2af5e4a	4.1249387366083	4.930370190777488			0.17391304347826086	0.29545454545454547
union_component_leave_one_out	component-03	concat_gmolai_pocket_ridge_S0	S0	RCSB-5EPS-5QX-KD	construct-002-cb5cf2af5e4a	4.42021640338319	4.663380901486307			0.21818181818181817	0.29545454545454547
union_component_leave_one_out	component-03	pocket_composition_ridge_S1	S1	RCSB-5MYG-LS8-KD	construct-002-cb5cf2af5e4a	7.508638306165727	5.717808158691733			0.22580645161290322	0.29545454545454547
union_component_leave_one_out	component-03	pocket_composition_ridge_S1	S1	RCSB-5EWH-5SG-KD	construct-002-cb5cf2af5e4a	3.769551078621726	5.717808158691733			0.2	0.29545454545454547
union_component_leave_one_out	component-03	pocket_composition_ridge_S1	S1	RCSB-5E3G-5JQ-KD	construct-002-cb5cf2af5e4a	4.301029995663981	5.717808158691733			0.10909090909090909	0.29545454545454547
union_component_leave_one_out	component-03	pocket_composition_ridge_S1	S1	RCSB-5C85-4YO-KD	construct-002-cb5cf2af5e4a	3.9788107009300617	5.717808158691733			0.22807017543859648	0.29545454545454547
union_component_leave_one_out	component-03	pocket_composition_ridge_S1	S1	RCSB-5EM3-5Q0-KD	construct-002-cb5cf2af5e4a	3.6989700043360187	5.717808158691733			0.2037037037037037	0.29545454545454547
union_component_leave_one_out	component-03	pocket_composition_ridge_S1	S1	RCSB-5O4S-9KW-KD	construct-002-cb5cf2af5e4a	5.6020599913279625	5.717808158691733			0.24096385542168675	0.29545454545454547
union_component_leave_one_out	component-03	pocket_composition_ridge_S1	S1	RCSB-5EVA-5S9-KD	construct-002-cb5cf2af5e4a	3.6989700043360187	5.717808158691733			0.20967741935483872	0.29545454545454547
union_component_leave_one_out	component-03	pocket_composition_ridge_S1	S1	RCSB-5C87-4YS-KD	construct-002-cb5cf2af5e4a	3.6989700043360187	5.717808158691733			0.17307692307692307	0.29545454545454547
union_component_leave_one_out	component-03	pocket_composition_ridge_S1	S1	RCSB-5O5F-9LT-KD	construct-002-cb5cf2af5e4a	4.301029995663981	5.717808158691733			0.19753086419753085	0.29545454545454547
union_component_leave_one_out	component-03	pocket_composition_ridge_S1	S1	RCSB-5EPR-5QY-KD	construct-002-cb5cf2af5e4a	4.040958607678906	5.717808158691733			0.22727272727272727	0.29545454545454547
union_component_leave_one_out	component-03	pocket_composition_ridge_S1	S1	RCSB-5DY7-5GT-KD	construct-002-cb5cf2af5e4a	3.6989700043360187	5.717808158691733			0.1728395061728395	0.29545454545454547
union_component_leave_one_out	component-03	pocket_composition_ridge_S1	S1	RCSB-5OV8-AXN-KD	construct-002-cb5cf2af5e4a	4.7447274948966935	5.717808158691733			0.20833333333333334	0.29545454545454547
union_component_leave_one_out	component-03	pocket_composition_ridge_S1	S1	RCSB-5O55-9L5-KD	construct-002-cb5cf2af5e4a	4.698970004336019	5.717808158691733			0.23943661971830985	0.29545454545454547
union_component_leave_one_out	component-03	pocket_composition_ridge_S1	S1	RCSB-5DYA-5GV-KD	construct-002-cb5cf2af5e4a	3.6989700043360187	5.717808158691733			0.2692307692307692	0.29545454545454547
union_component_leave_one_out	component-03	pocket_composition_ridge_S1	S1	RCSB-5D7X-XZ8-KD	construct-002-cb5cf2af5e4a	4.823908740944319	5.717808158691733			0.20634920634920634	0.29545454545454547
union_component_leave_one_out	component-03	pocket_composition_ridge_S1	S1	RCSB-5EWD-5SH-KD	construct-002-cb5cf2af5e4a	3.6989700043360187	5.717808158691733			0.16	0.29545454545454547
union_component_leave_one_out	component-03	pocket_composition_ridge_S1	S1	RCSB-5O5A-9LN-KD	construct-002-cb5cf2af5e4a	4.769551078621726	5.717808158691733			0.2716049382716049	0.29545454545454547
union_component_leave_one_out	component-03	pocket_composition_ridge_S1	S1	RCSB-5O5H-9LK-KD	construct-002-cb5cf2af5e4a	4.1249387366083	5.717808158691733			0.17391304347826086	0.29545454545454547
union_component_leave_one_out	component-03	pocket_composition_ridge_S1	S1	RCSB-5EPS-5QX-KD	construct-002-cb5cf2af5e4a	4.42021640338319	5.717808158691733			0.21818181818181817	0.29545454545454547
union_component_leave_one_out	component-03	pocket_structure_ridge_S1	S1	RCSB-5MYG-LS8-KD	construct-002-cb5cf2af5e4a	7.508638306165727	5.615295390206665			0.22580645161290322	0.29545454545454547
union_component_leave_one_out	component-03	pocket_structure_ridge_S1	S1	RCSB-5EWH-5SG-KD	construct-002-cb5cf2af5e4a	3.769551078621726	5.615295390206665			0.2	0.29545454545454547
union_component_leave_one_out	component-03	pocket_structure_ridge_S1	S1	RCSB-5E3G-5JQ-KD	construct-002-cb5cf2af5e4a	4.301029995663981	5.615295390206665			0.10909090909090909	0.29545454545454547
union_component_leave_one_out	component-03	pocket_structure_ridge_S1	S1	RCSB-5C85-4YO-KD	construct-002-cb5cf2af5e4a	3.9788107009300617	5.615295390206665			0.22807017543859648	0.29545454545454547
union_component_leave_one_out	component-03	pocket_structure_ridge_S1	S1	RCSB-5EM3-5Q0-KD	construct-002-cb5cf2af5e4a	3.6989700043360187	5.615295390206665			0.2037037037037037	0.29545454545454547
union_component_leave_one_out	component-03	pocket_structure_ridge_S1	S1	RCSB-5O4S-9KW-KD	construct-002-cb5cf2af5e4a	5.6020599913279625	5.615295390206665			0.24096385542168675	0.29545454545454547
union_component_leave_one_out	component-03	pocket_structure_ridge_S1	S1	RCSB-5EVA-5S9-KD	construct-002-cb5cf2af5e4a	3.6989700043360187	5.615295390206665			0.20967741935483872	0.29545454545454547
union_component_leave_one_out	component-03	pocket_structure_ridge_S1	S1	RCSB-5C87-4YS-KD	construct-002-cb5cf2af5e4a	3.6989700043360187	5.615295390206665			0.17307692307692307	0.29545454545454547
union_component_leave_one_out	component-03	pocket_structure_ridge_S1	S1	RCSB-5O5F-9LT-KD	construct-002-cb5cf2af5e4a	4.301029995663981	5.615295390206665			0.19753086419753085	0.29545454545454547
union_component_leave_one_out	component-03	pocket_structure_ridge_S1	S1	RCSB-5EPR-5QY-KD	construct-002-cb5cf2af5e4a	4.040958607678906	5.615295390206665			0.22727272727272727	0.29545454545454547
union_component_leave_one_out	component-03	pocket_structure_ridge_S1	S1	RCSB-5DY7-5GT-KD	construct-002-cb5cf2af5e4a	3.6989700043360187	5.615295390206665			0.1728395061728395	0.29545454545454547
union_component_leave_one_out	component-03	pocket_structure_ridge_S1	S1	RCSB-5OV8-AXN-KD	construct-002-cb5cf2af5e4a	4.7447274948966935	5.615295390206665			0.20833333333333334	0.29545454545454547
union_component_leave_one_out	component-03	pocket_structure_ridge_S1	S1	RCSB-5O55-9L5-KD	construct-002-cb5cf2af5e4a	4.698970004336019	5.615295390206665			0.23943661971830985	0.29545454545454547
union_component_leave_one_out	component-03	pocket_structure_ridge_S1	S1	RCSB-5DYA-5GV-KD	construct-002-cb5cf2af5e4a	3.6989700043360187	5.615295390206665			0.2692307692307692	0.29545454545454547
union_component_leave_one_out	component-03	pocket_structure_ridge_S1	S1	RCSB-5D7X-XZ8-KD	construct-002-cb5cf2af5e4a	4.823908740944319	5.615295390206665			0.20634920634920634	0.29545454545454547
union_component_leave_one_out	component-03	pocket_structure_ridge_S1	S1	RCSB-5EWD-5SH-KD	construct-002-cb5cf2af5e4a	3.6989700043360187	5.615295390206665			0.16	0.29545454545454547
union_component_leave_one_out	component-03	pocket_structure_ridge_S1	S1	RCSB-5O5A-9LN-KD	construct-002-cb5cf2af5e4a	4.769551078621726	5.615295390206665			0.2716049382716049	0.29545454545454547
union_component_leave_one_out	component-03	pocket_structure_ridge_S1	S1	RCSB-5O5H-9LK-KD	construct-002-cb5cf2af5e4a	4.1249387366083	5.615295390206665			0.17391304347826086	0.29545454545454547
union_component_leave_one_out	component-03	pocket_structure_ridge_S1	S1	RCSB-5EPS-5QX-KD	construct-002-cb5cf2af5e4a	4.42021640338319	5.615295390206665			0.21818181818181817	0.29545454545454547
union_component_leave_one_out	component-03	concat_ecfp_pocket_ridge_S1	S1	RCSB-5MYG-LS8-KD	construct-002-cb5cf2af5e4a	7.508638306165727	6.042136913418835			0.22580645161290322	0.29545454545454547
union_component_leave_one_out	component-03	concat_ecfp_pocket_ridge_S1	S1	RCSB-5EWH-5SG-KD	construct-002-cb5cf2af5e4a	3.769551078621726	5.4328391022245475			0.2	0.29545454545454547
union_component_leave_one_out	component-03	concat_ecfp_pocket_ridge_S1	S1	RCSB-5E3G-5JQ-KD	construct-002-cb5cf2af5e4a	4.301029995663981	5.1623643711172855			0.10909090909090909	0.29545454545454547
union_component_leave_one_out	component-03	concat_ecfp_pocket_ridge_S1	S1	RCSB-5C85-4YO-KD	construct-002-cb5cf2af5e4a	3.9788107009300617	5.692790559831843			0.22807017543859648	0.29545454545454547
union_component_leave_one_out	component-03	concat_ecfp_pocket_ridge_S1	S1	RCSB-5EM3-5Q0-KD	construct-002-cb5cf2af5e4a	3.6989700043360187	5.3537549565447025			0.2037037037037037	0.29545454545454547
union_component_leave_one_out	component-03	concat_ecfp_pocket_ridge_S1	S1	RCSB-5O4S-9KW-KD	construct-002-cb5cf2af5e4a	5.6020599913279625	6.658088505684832			0.24096385542168675	0.29545454545454547
union_component_leave_one_out	component-03	concat_ecfp_pocket_ridge_S1	S1	RCSB-5EVA-5S9-KD	construct-002-cb5cf2af5e4a	3.6989700043360187	5.231625837938967			0.20967741935483872	0.29545454545454547
union_component_leave_one_out	component-03	concat_ecfp_pocket_ridge_S1	S1	RCSB-5C87-4YS-KD	construct-002-cb5cf2af5e4a	3.6989700043360187	5.493206659537019			0.17307692307692307	0.29545454545454547
union_component_leave_one_out	component-03	concat_ecfp_pocket_ridge_S1	S1	RCSB-5O5F-9LT-KD	construct-002-cb5cf2af5e4a	4.301029995663981	4.2460294317794265			0.19753086419753085	0.29545454545454547
union_component_leave_one_out	component-03	concat_ecfp_pocket_ridge_S1	S1	RCSB-5EPR-5QY-KD	construct-002-cb5cf2af5e4a	4.040958607678906	5.432612484955497			0.22727272727272727	0.29545454545454547
union_component_leave_one_out	component-03	concat_ecfp_pocket_ridge_S1	S1	RCSB-5DY7-5GT-KD	construct-002-cb5cf2af5e4a	3.6989700043360187	5.31456561224611			0.1728395061728395	0.29545454545454547
union_component_leave_one_out	component-03	concat_ecfp_pocket_ridge_S1	S1	RCSB-5OV8-AXN-KD	construct-002-cb5cf2af5e4a	4.7447274948966935	6.126082707754367			0.20833333333333334	0.29545454545454547
union_component_leave_one_out	component-03	concat_ecfp_pocket_ridge_S1	S1	RCSB-5O55-9L5-KD	construct-002-cb5cf2af5e4a	4.698970004336019	4.28335307826989			0.23943661971830985	0.29545454545454547
union_component_leave_one_out	component-03	concat_ecfp_pocket_ridge_S1	S1	RCSB-5DYA-5GV-KD	construct-002-cb5cf2af5e4a	3.6989700043360187	4.591165457842939			0.2692307692307692	0.29545454545454547
union_component_leave_one_out	component-03	concat_ecfp_pocket_ridge_S1	S1	RCSB-5D7X-XZ8-KD	construct-002-cb5cf2af5e4a	4.823908740944319	5.443668230693851			0.20634920634920634	0.29545454545454547
union_component_leave_one_out	component-03	concat_ecfp_pocket_ridge_S1	S1	RCSB-5EWD-5SH-KD	construct-002-cb5cf2af5e4a	3.6989700043360187	5.278219233977471			0.16	0.29545454545454547
union_component_leave_one_out	component-03	concat_ecfp_pocket_ridge_S1	S1	RCSB-5O5A-9LN-KD	construct-002-cb5cf2af5e4a	4.769551078621726	4.6874998817544915			0.2716049382716049	0.29545454545454547
union_component_leave_one_out	component-03	concat_ecfp_pocket_ridge_S1	S1	RCSB-5O5H-9LK-KD	construct-002-cb5cf2af5e4a	4.1249387366083	5.157526577419738			0.17391304347826086	0.29545454545454547
union_component_leave_one_out	component-03	concat_ecfp_pocket_ridge_S1	S1	RCSB-5EPS-5QX-KD	construct-002-cb5cf2af5e4a	4.42021640338319	5.671860176875132			0.21818181818181817	0.29545454545454547
union_component_leave_one_out	component-03	concat_gmolai_pocket_ridge_S1	S1	RCSB-5MYG-LS8-KD	construct-002-cb5cf2af5e4a	7.508638306165727	6.355908145350304			0.22580645161290322	0.29545454545454547
union_component_leave_one_out	component-03	concat_gmolai_pocket_ridge_S1	S1	RCSB-5EWH-5SG-KD	construct-002-cb5cf2af5e4a	3.769551078621726	3.603593844236919			0.2	0.29545454545454547
union_component_leave_one_out	component-03	concat_gmolai_pocket_ridge_S1	S1	RCSB-5E3G-5JQ-KD	construct-002-cb5cf2af5e4a	4.301029995663981	4.720608042697964			0.10909090909090909	0.29545454545454547
union_component_leave_one_out	component-03	concat_gmolai_pocket_ridge_S1	S1	RCSB-5C85-4YO-KD	construct-002-cb5cf2af5e4a	3.9788107009300617	5.456347947219304			0.22807017543859648	0.29545454545454547
union_component_leave_one_out	component-03	concat_gmolai_pocket_ridge_S1	S1	RCSB-5EM3-5Q0-KD	construct-002-cb5cf2af5e4a	3.6989700043360187	3.58482377865458			0.2037037037037037	0.29545454545454547
union_component_leave_one_out	component-03	concat_gmolai_pocket_ridge_S1	S1	RCSB-5O4S-9KW-KD	construct-002-cb5cf2af5e4a	5.6020599913279625	7.269792605915221			0.24096385542168675	0.29545454545454547
union_component_leave_one_out	component-03	concat_gmolai_pocket_ridge_S1	S1	RCSB-5EVA-5S9-KD	construct-002-cb5cf2af5e4a	3.6989700043360187	4.255946145227074			0.20967741935483872	0.29545454545454547
union_component_leave_one_out	component-03	concat_gmolai_pocket_ridge_S1	S1	RCSB-5C87-4YS-KD	construct-002-cb5cf2af5e4a	3.6989700043360187	3.399468020085196			0.17307692307692307	0.29545454545454547
union_component_leave_one_out	component-03	concat_gmolai_pocket_ridge_S1	S1	RCSB-5O5F-9LT-KD	construct-002-cb5cf2af5e4a	4.301029995663981	5.873120603649615			0.19753086419753085	0.29545454545454547
union_component_leave_one_out	component-03	concat_gmolai_pocket_ridge_S1	S1	RCSB-5EPR-5QY-KD	construct-002-cb5cf2af5e4a	4.040958607678906	4.322622129373288			0.22727272727272727	0.29545454545454547
union_component_leave_one_out	component-03	concat_gmolai_pocket_ridge_S1	S1	RCSB-5DY7-5GT-KD	construct-002-cb5cf2af5e4a	3.6989700043360187	4.049482921716786			0.1728395061728395	0.29545454545454547
union_component_leave_one_out	component-03	concat_gmolai_pocket_ridge_S1	S1	RCSB-5OV8-AXN-KD	construct-002-cb5cf2af5e4a	4.7447274948966935	7.145583414180388			0.20833333333333334	0.29545454545454547
union_component_leave_one_out	component-03	concat_gmolai_pocket_ridge_S1	S1	RCSB-5O55-9L5-KD	construct-002-cb5cf2af5e4a	4.698970004336019	5.839424552397946			0.23943661971830985	0.29545454545454547
union_component_leave_one_out	component-03	concat_gmolai_pocket_ridge_S1	S1	RCSB-5DYA-5GV-KD	construct-002-cb5cf2af5e4a	3.6989700043360187	4.700045490938011			0.2692307692307692	0.29545454545454547
union_component_leave_one_out	component-03	concat_gmolai_pocket_ridge_S1	S1	RCSB-5D7X-XZ8-KD	construct-002-cb5cf2af5e4a	4.823908740944319	4.97917165413374			0.20634920634920634	0.29545454545454547
union_component_leave_one_out	component-03	concat_gmolai_pocket_ridge_S1	S1	RCSB-5EWD-5SH-KD	construct-002-cb5cf2af5e4a	3.6989700043360187	3.665891664386364			0.16	0.29545454545454547
union_component_leave_one_out	component-03	concat_gmolai_pocket_ridge_S1	S1	RCSB-5O5A-9LN-KD	construct-002-cb5cf2af5e4a	4.769551078621726	5.444635126759108			0.2716049382716049	0.29545454545454547
union_component_leave_one_out	component-03	concat_gmolai_pocket_ridge_S1	S1	RCSB-5O5H-9LK-KD	construct-002-cb5cf2af5e4a	4.1249387366083	4.859384112197402			0.17391304347826086	0.29545454545454547
union_component_leave_one_out	component-03	concat_gmolai_pocket_ridge_S1	S1	RCSB-5EPS-5QX-KD	construct-002-cb5cf2af5e4a	4.42021640338319	4.490955167662221			0.21818181818181817	0.29545454545454547
union_component_leave_one_out	component-03	negative_pocket_permuted_concat_gmolai_S0	S0_negative_control	RCSB-5MYG-LS8-KD	construct-002-cb5cf2af5e4a	7.508638306165727	6.39054158635626			0.22580645161290322	0.29545454545454547
union_component_leave_one_out	component-03	negative_pocket_permuted_concat_gmolai_S0	S0_negative_control	RCSB-5EWH-5SG-KD	construct-002-cb5cf2af5e4a	3.769551078621726	3.7272505398230447			0.2	0.29545454545454547
union_component_leave_one_out	component-03	negative_pocket_permuted_concat_gmolai_S0	S0_negative_control	RCSB-5E3G-5JQ-KD	construct-002-cb5cf2af5e4a	4.301029995663981	4.6410088878660085			0.10909090909090909	0.29545454545454547
union_component_leave_one_out	component-03	negative_pocket_permuted_concat_gmolai_S0	S0_negative_control	RCSB-5C85-4YO-KD	construct-002-cb5cf2af5e4a	3.9788107009300617	5.559956063939509			0.22807017543859648	0.29545454545454547
union_component_leave_one_out	component-03	negative_pocket_permuted_concat_gmolai_S0	S0_negative_control	RCSB-5EM3-5Q0-KD	construct-002-cb5cf2af5e4a	3.6989700043360187	3.766411342856886			0.2037037037037037	0.29545454545454547
union_component_leave_one_out	component-03	negative_pocket_permuted_concat_gmolai_S0	S0_negative_control	RCSB-5O4S-9KW-KD	construct-002-cb5cf2af5e4a	5.6020599913279625	7.264026521009777			0.24096385542168675	0.29545454545454547
union_component_leave_one_out	component-03	negative_pocket_permuted_concat_gmolai_S0	S0_negative_control	RCSB-5EVA-5S9-KD	construct-002-cb5cf2af5e4a	3.6989700043360187	4.395120755797768			0.20967741935483872	0.29545454545454547
union_component_leave_one_out	component-03	negative_pocket_permuted_concat_gmolai_S0	S0_negative_control	RCSB-5C87-4YS-KD	construct-002-cb5cf2af5e4a	3.6989700043360187	3.469704259447372			0.17307692307692307	0.29545454545454547
union_component_leave_one_out	component-03	negative_pocket_permuted_concat_gmolai_S0	S0_negative_control	RCSB-5O5F-9LT-KD	construct-002-cb5cf2af5e4a	4.301029995663981	5.914170841025108			0.19753086419753085	0.29545454545454547
union_component_leave_one_out	component-03	negative_pocket_permuted_concat_gmolai_S0	S0_negative_control	RCSB-5EPR-5QY-KD	construct-002-cb5cf2af5e4a	4.040958607678906	4.447346230679363			0.22727272727272727	0.29545454545454547
union_component_leave_one_out	component-03	negative_pocket_permuted_concat_gmolai_S0	S0_negative_control	RCSB-5DY7-5GT-KD	construct-002-cb5cf2af5e4a	3.6989700043360187	4.199965021607648			0.1728395061728395	0.29545454545454547
union_component_leave_one_out	component-03	negative_pocket_permuted_concat_gmolai_S0	S0_negative_control	RCSB-5OV8-AXN-KD	construct-002-cb5cf2af5e4a	4.7447274948966935	7.193175634025714			0.20833333333333334	0.29545454545454547
union_component_leave_one_out	component-03	negative_pocket_permuted_concat_gmolai_S0	S0_negative_control	RCSB-5O55-9L5-KD	construct-002-cb5cf2af5e4a	4.698970004336019	5.945558457628965			0.23943661971830985	0.29545454545454547
union_component_leave_one_out	component-03	negative_pocket_permuted_concat_gmolai_S0	S0_negative_control	RCSB-5DYA-5GV-KD	construct-002-cb5cf2af5e4a	3.6989700043360187	4.681153492393345			0.2692307692307692	0.29545454545454547
union_component_leave_one_out	component-03	negative_pocket_permuted_concat_gmolai_S0	S0_negative_control	RCSB-5D7X-XZ8-KD	construct-002-cb5cf2af5e4a	4.823908740944319	5.022758223465728			0.20634920634920634	0.29545454545454547
union_component_leave_one_out	component-03	negative_pocket_permuted_concat_gmolai_S0	S0_negative_control	RCSB-5EWD-5SH-KD	construct-002-cb5cf2af5e4a	3.6989700043360187	3.770676569503766			0.16	0.29545454545454547
union_component_leave_one_out	component-03	negative_pocket_permuted_concat_gmolai_S0	S0_negative_control	RCSB-5O5A-9LN-KD	construct-002-cb5cf2af5e4a	4.769551078621726	5.497588993999836			0.2716049382716049	0.29545454545454547
union_component_leave_one_out	component-03	negative_pocket_permuted_concat_gmolai_S0	S0_negative_control	RCSB-5O5H-9LK-KD	construct-002-cb5cf2af5e4a	4.1249387366083	4.925280208171544			0.17391304347826086	0.29545454545454547
union_component_leave_one_out	component-03	negative_pocket_permuted_concat_gmolai_S0	S0_negative_control	RCSB-5EPS-5QX-KD	construct-002-cb5cf2af5e4a	4.42021640338319	4.583499041393498			0.21818181818181817	0.29545454545454547
union_component_leave_one_out	component-03	additive_gmolai_pocket_equal_S0	S0	RCSB-5MYG-LS8-KD	construct-002-cb5cf2af5e4a	7.508638306165727	6.03270258175351			0.22580645161290322	0.29545454545454547
union_component_leave_one_out	component-03	additive_gmolai_pocket_equal_S0	S0	RCSB-5EWH-5SG-KD	construct-002-cb5cf2af5e4a	3.769551078621726	4.481473774533859			0.2	0.29545454545454547
union_component_leave_one_out	component-03	additive_gmolai_pocket_equal_S0	S0	RCSB-5E3G-5JQ-KD	construct-002-cb5cf2af5e4a	4.301029995663981	5.398243581198599			0.10909090909090909	0.29545454545454547
union_component_leave_one_out	component-03	additive_gmolai_pocket_equal_S0	S0	RCSB-5C85-4YO-KD	construct-002-cb5cf2af5e4a	3.9788107009300617	5.401831080436291			0.22807017543859648	0.29545454545454547
union_component_leave_one_out	component-03	additive_gmolai_pocket_equal_S0	S0	RCSB-5EM3-5Q0-KD	construct-002-cb5cf2af5e4a	3.6989700043360187	4.589316757270162			0.2037037037037037	0.29545454545454547
union_component_leave_one_out	component-03	additive_gmolai_pocket_equal_S0	S0	RCSB-5O4S-9KW-KD	construct-002-cb5cf2af5e4a	5.6020599913279625	6.801699351632239			0.24096385542168675	0.29545454545454547
union_component_leave_one_out	component-03	additive_gmolai_pocket_equal_S0	S0	RCSB-5EVA-5S9-KD	construct-002-cb5cf2af5e4a	3.6989700043360187	4.978699941293437			0.20967741935483872	0.29545454545454547
union_component_leave_one_out	component-03	additive_gmolai_pocket_equal_S0	S0	RCSB-5C87-4YS-KD	construct-002-cb5cf2af5e4a	3.6989700043360187	4.629412777608533			0.17307692307692307	0.29545454545454547
union_component_leave_one_out	component-03	additive_gmolai_pocket_equal_S0	S0	RCSB-5O5F-9LT-KD	construct-002-cb5cf2af5e4a	4.301029995663981	5.884577190645343			0.19753086419753085	0.29545454545454547
union_component_leave_one_out	component-03	additive_gmolai_pocket_equal_S0	S0	RCSB-5EPR-5QY-KD	construct-002-cb5cf2af5e4a	4.040958607678906	4.9979707175629215			0.22727272727272727	0.29545454545454547
union_component_leave_one_out	component-03	additive_gmolai_pocket_equal_S0	S0	RCSB-5DY7-5GT-KD	construct-002-cb5cf2af5e4a	3.6989700043360187	4.734287508999223			0.1728395061728395	0.29545454545454547
union_component_leave_one_out	component-03	additive_gmolai_pocket_equal_S0	S0	RCSB-5OV8-AXN-KD	construct-002-cb5cf2af5e4a	4.7447274948966935	6.693924985072672			0.20833333333333334	0.29545454545454547
union_component_leave_one_out	component-03	additive_gmolai_pocket_equal_S0	S0	RCSB-5O55-9L5-KD	construct-002-cb5cf2af5e4a	4.698970004336019	5.890738964522203			0.23943661971830985	0.29545454545454547
union_component_leave_one_out	component-03	additive_gmolai_pocket_equal_S0	S0	RCSB-5DYA-5GV-KD	construct-002-cb5cf2af5e4a	3.6989700043360187	5.081319427515477			0.2692307692307692	0.29545454545454547
union_component_leave_one_out	component-03	additive_gmolai_pocket_equal_S0	S0	RCSB-5D7X-XZ8-KD	construct-002-cb5cf2af5e4a	4.823908740944319	5.5925163458748			0.20634920634920634	0.29545454545454547
union_component_leave_one_out	component-03	additive_gmolai_pocket_equal_S0	S0	RCSB-5EWD-5SH-KD	construct-002-cb5cf2af5e4a	3.6989700043360187	4.5633135004485075			0.16	0.29545454545454547
union_component_leave_one_out	component-03	additive_gmolai_pocket_equal_S0	S0	RCSB-5O5A-9LN-KD	construct-002-cb5cf2af5e4a	4.769551078621726	5.763790692620507			0.2716049382716049	0.29545454545454547
union_component_leave_one_out	component-03	additive_gmolai_pocket_equal_S0	S0	RCSB-5O5H-9LK-KD	construct-002-cb5cf2af5e4a	4.1249387366083	5.305134126444164			0.17391304347826086	0.29545454545454547
union_component_leave_one_out	component-03	additive_gmolai_pocket_equal_S0	S0	RCSB-5EPS-5QX-KD	construct-002-cb5cf2af5e4a	4.42021640338319	5.133044118855808			0.21818181818181817	0.29545454545454547
union_component_leave_one_out	component-03	additive_gmolai_pocket_equal_S1	S1	RCSB-5MYG-LS8-KD	construct-002-cb5cf2af5e4a	7.508638306165727	6.1136265689554214			0.22580645161290322	0.29545454545454547
union_component_leave_one_out	component-03	additive_gmolai_pocket_equal_S1	S1	RCSB-5EWH-5SG-KD	construct-002-cb5cf2af5e4a	3.769551078621726	4.430467296309075			0.2	0.29545454545454547
union_component_leave_one_out	component-03	additive_gmolai_pocket_equal_S1	S1	RCSB-5E3G-5JQ-KD	construct-002-cb5cf2af5e4a	4.301029995663981	5.228846054210873			0.10909090909090909	0.29545454545454547
union_component_leave_one_out	component-03	additive_gmolai_pocket_equal_S1	S1	RCSB-5C85-4YO-KD	construct-002-cb5cf2af5e4a	3.9788107009300617	5.338964415202895			0.22807017543859648	0.29545454545454547
union_component_leave_one_out	component-03	additive_gmolai_pocket_equal_S1	S1	RCSB-5EM3-5Q0-KD	construct-002-cb5cf2af5e4a	3.6989700043360187	4.458966246408426			0.2037037037037037	0.29545454545454547
union_component_leave_one_out	component-03	additive_gmolai_pocket_equal_S1	S1	RCSB-5O4S-9KW-KD	construct-002-cb5cf2af5e4a	5.6020599913279625	6.677569036860406			0.24096385542168675	0.29545454545454547
union_component_leave_one_out	component-03	additive_gmolai_pocket_equal_S1	S1	RCSB-5EVA-5S9-KD	construct-002-cb5cf2af5e4a	3.6989700043360187	4.924336100254251			0.20967741935483872	0.29545454545454547
union_component_leave_one_out	component-03	additive_gmolai_pocket_equal_S1	S1	RCSB-5C87-4YS-KD	construct-002-cb5cf2af5e4a	3.6989700043360187	4.5685498945431835			0.17307692307692307	0.29545454545454547
union_component_leave_one_out	component-03	additive_gmolai_pocket_equal_S1	S1	RCSB-5O5F-9LT-KD	construct-002-cb5cf2af5e4a	4.301029995663981	5.909823807639975			0.19753086419753085	0.29545454545454547
union_component_leave_one_out	component-03	additive_gmolai_pocket_equal_S1	S1	RCSB-5EPR-5QY-KD	construct-002-cb5cf2af5e4a	4.040958607678906	4.8804360816586465			0.22727272727272727	0.29545454545454547
union_component_leave_one_out	component-03	additive_gmolai_pocket_equal_S1	S1	RCSB-5DY7-5GT-KD	construct-002-cb5cf2af5e4a	3.6989700043360187	4.674293539483591			0.1728395061728395	0.29545454545454547
union_component_leave_one_out	component-03	additive_gmolai_pocket_equal_S1	S1	RCSB-5OV8-AXN-KD	construct-002-cb5cf2af5e4a	4.7447274948966935	6.570125873826845			0.20833333333333334	0.29545454545454547
union_component_leave_one_out	component-03	additive_gmolai_pocket_equal_S1	S1	RCSB-5O55-9L5-KD	construct-002-cb5cf2af5e4a	4.698970004336019	5.924468638055492			0.23943661971830985	0.29545454545454547
union_component_leave_one_out	component-03	additive_gmolai_pocket_equal_S1	S1	RCSB-5DYA-5GV-KD	construct-002-cb5cf2af5e4a	3.6989700043360187	5.042122212026134			0.2692307692307692	0.29545454545454547
union_component_leave_one_out	component-03	additive_gmolai_pocket_equal_S1	S1	RCSB-5D7X-XZ8-KD	construct-002-cb5cf2af5e4a	4.823908740944319	5.4751117862725405			0.20634920634920634	0.29545454545454547
union_component_leave_one_out	component-03	additive_gmolai_pocket_equal_S1	S1	RCSB-5EWD-5SH-KD	construct-002-cb5cf2af5e4a	3.6989700043360187	4.4768999714904805			0.16	0.29545454545454547
union_component_leave_one_out	component-03	additive_gmolai_pocket_equal_S1	S1	RCSB-5O5A-9LN-KD	construct-002-cb5cf2af5e4a	4.769551078621726	5.711434054366824			0.2716049382716049	0.29545454545454547
union_component_leave_one_out	component-03	additive_gmolai_pocket_equal_S1	S1	RCSB-5O5H-9LK-KD	construct-002-cb5cf2af5e4a	4.1249387366083	5.23207645365184			0.17391304347826086	0.29545454545454547
union_component_leave_one_out	component-03	additive_gmolai_pocket_equal_S1	S1	RCSB-5EPS-5QX-KD	construct-002-cb5cf2af5e4a	4.42021640338319	5.004267132141539			0.21818181818181817	0.29545454545454547
union_component_leave_one_out	component-03	ligand_ecfp_knn	ligand_only	RCSB-5MYG-LS8-KD	construct-002-cb5cf2af5e4a	7.508638306165727	7.388627125780433	RCSB-4PS5-2TA-KD	0.22580645161290322	0.22580645161290322	0.29545454545454547
union_component_leave_one_out	component-03	ligand_ecfp_knn	ligand_only	RCSB-5EWH-5SG-KD	construct-002-cb5cf2af5e4a	3.769551078621726	5.670054467300021	RCSB-6FSY-E5Q-KD	0.2	0.2	0.29545454545454547
union_component_leave_one_out	component-03	ligand_ecfp_knn	ligand_only	RCSB-5E3G-5JQ-KD	construct-002-cb5cf2af5e4a	4.301029995663981	5.566893649444889	RCSB-5EIS-5OU-KD	0.10909090909090909	0.10909090909090909	0.29545454545454547
union_component_leave_one_out	component-03	ligand_ecfp_knn	ligand_only	RCSB-5C85-4YO-KD	construct-002-cb5cf2af5e4a	3.9788107009300617	6.587514971194552	RCSB-6U8O-Q1G-KD	0.22807017543859648	0.22807017543859648	0.29545454545454547
union_component_leave_one_out	component-03	ligand_ecfp_knn	ligand_only	RCSB-5EM3-5Q0-KD	construct-002-cb5cf2af5e4a	3.6989700043360187	4.957444579849955	RCSB-6FSY-E5Q-KD	0.2037037037037037	0.2037037037037037	0.29545454545454547
union_component_leave_one_out	component-03	ligand_ecfp_knn	ligand_only	RCSB-5O4S-9KW-KD	construct-002-cb5cf2af5e4a	5.6020599913279625	7.347062208847812	RCSB-6TPZ-NV2-KD	0.24096385542168675	0.24096385542168675	0.29545454545454547
union_component_leave_one_out	component-03	ligand_ecfp_knn	ligand_only	RCSB-5EVA-5S9-KD	construct-002-cb5cf2af5e4a	3.6989700043360187	5.135700611769822	RCSB-5O1C-9GZ-KD	0.20967741935483872	0.20967741935483872	0.29545454545454547
union_component_leave_one_out	component-03	ligand_ecfp_knn	ligand_only	RCSB-5C87-4YS-KD	construct-002-cb5cf2af5e4a	3.6989700043360187	6.381639854833974	RCSB-7MRA-ZMJ-KD	0.17307692307692307	0.17307692307692307	0.29545454545454547
union_component_leave_one_out	component-03	ligand_ecfp_knn	ligand_only	RCSB-5O5F-9LT-KD	construct-002-cb5cf2af5e4a	4.301029995663981	4.715333198196551	RCSB-6UHY-Q8G-KD	0.19753086419753085	0.19753086419753085	0.29545454545454547
union_component_leave_one_out	component-03	ligand_ecfp_knn	ligand_only	RCSB-5EPR-5QY-KD	construct-002-cb5cf2af5e4a	4.040958607678906	5.239958953797769	RCSB-6RQ9-KEQ-KD	0.22727272727272727	0.22727272727272727	0.29545454545454547
union_component_leave_one_out	component-03	ligand_ecfp_knn	ligand_only	RCSB-5DY7-5GT-KD	construct-002-cb5cf2af5e4a	3.6989700043360187	4.979862645097299	RCSB-6FO5-DZH-KD	0.1728395061728395	0.1728395061728395	0.29545454545454547
union_component_leave_one_out	component-03	ligand_ecfp_knn	ligand_only	RCSB-5OV8-AXN-KD	construct-002-cb5cf2af5e4a	4.7447274948966935	6.870472178053624	RCSB-7MRA-ZMJ-KD	0.20833333333333334	0.20833333333333334	0.29545454545454547
union_component_leave_one_out	component-03	ligand_ecfp_knn	ligand_only	RCSB-5O55-9L5-KD	construct-002-cb5cf2af5e4a	4.698970004336019	4.945579400474558	RCSB-6UHY-Q8G-KD	0.23943661971830985	0.23943661971830985	0.29545454545454547
union_component_leave_one_out	component-03	ligand_ecfp_knn	ligand_only	RCSB-5DYA-5GV-KD	construct-002-cb5cf2af5e4a	3.6989700043360187	4.925195075378562	RCSB-6RQ5-KEB-KD	0.2692307692307692	0.2692307692307692	0.29545454545454547
union_component_leave_one_out	component-03	ligand_ecfp_knn	ligand_only	RCSB-5D7X-XZ8-KD	construct-002-cb5cf2af5e4a	4.823908740944319	6.1713400010819095	RCSB-7MRA-ZMJ-KD	0.20634920634920634	0.20634920634920634	0.29545454545454547
union_component_leave_one_out	component-03	ligand_ecfp_knn	ligand_only	RCSB-5EWD-5SH-KD	construct-002-cb5cf2af5e4a	3.6989700043360187	6.718541172314325	RCSB-6FSY-E5Q-KD	0.16	0.16	0.29545454545454547
union_component_leave_one_out	component-03	ligand_ecfp_knn	ligand_only	RCSB-5O5A-9LN-KD	construct-002-cb5cf2af5e4a	4.769551078621726	4.474444877444183	RCSB-5D3T-56Y-KD	0.2716049382716049	0.2716049382716049	0.29545454545454547
union_component_leave_one_out	component-03	ligand_ecfp_knn	ligand_only	RCSB-5O5H-9LK-KD	construct-002-cb5cf2af5e4a	4.1249387366083	5.510975533454791	RCSB-4PS5-2TA-KD	0.17391304347826086	0.17391304347826086	0.29545454545454547
union_component_leave_one_out	component-03	ligand_ecfp_knn	ligand_only	RCSB-5EPS-5QX-KD	construct-002-cb5cf2af5e4a	4.42021640338319	6.854131970140658	RCSB-7MR9-ZMM-KD	0.21818181818181817	0.21818181818181817	0.29545454545454547
union_component_leave_one_out	component-03	ligand_gmolai_knn	ligand_only	RCSB-5MYG-LS8-KD	construct-002-cb5cf2af5e4a	7.508638306165727	6.46577653561072	RCSB-7MRA-ZMJ-KD	0.7076357112919951	0.22580645161290322	0.29545454545454547
union_component_leave_one_out	component-03	ligand_gmolai_knn	ligand_only	RCSB-5EWH-5SG-KD	construct-002-cb5cf2af5e4a	3.769551078621726	5.933197551452328	RCSB-7MR9-ZMM-KD	0.6058322093168058	0.2	0.29545454545454547
union_component_leave_one_out	component-03	ligand_gmolai_knn	ligand_only	RCSB-5E3G-5JQ-KD	construct-002-cb5cf2af5e4a	4.301029995663981	5.26724631559852	RCSB-5EIS-5OU-KD	0.6421955032972589	0.10909090909090909	0.29545454545454547
union_component_leave_one_out	component-03	ligand_gmolai_knn	ligand_only	RCSB-5C85-4YO-KD	construct-002-cb5cf2af5e4a	3.9788107009300617	5.701361388405921	RCSB-6RQD-KEW-KD	0.6083839116338463	0.22807017543859648	0.29545454545454547
union_component_leave_one_out	component-03	ligand_gmolai_knn	ligand_only	RCSB-5EM3-5Q0-KD	construct-002-cb5cf2af5e4a	3.6989700043360187	5.959055276446791	RCSB-7MR9-ZMM-KD	0.6097474613974666	0.2037037037037037	0.29545454545454547
union_component_leave_one_out	component-03	ligand_gmolai_knn	ligand_only	RCSB-5O4S-9KW-KD	construct-002-cb5cf2af5e4a	5.6020599913279625	7.306023264796517	RCSB-6TPZ-NV2-KD	0.7315817725367668	0.24096385542168675	0.29545454545454547
union_component_leave_one_out	component-03	ligand_gmolai_knn	ligand_only	RCSB-5EVA-5S9-KD	construct-002-cb5cf2af5e4a	3.6989700043360187	5.308224553646396	RCSB-5EIS-5OU-KD	0.3592522152378237	0.20967741935483872	0.29545454545454547
union_component_leave_one_out	component-03	ligand_gmolai_knn	ligand_only	RCSB-5C87-4YS-KD	construct-002-cb5cf2af5e4a	3.6989700043360187	6.2881208912693864	RCSB-7MRA-ZMJ-KD	0.7500335967137205	0.17307692307692307	0.29545454545454547
union_component_leave_one_out	component-03	ligand_gmolai_knn	ligand_only	RCSB-5O5F-9LT-KD	construct-002-cb5cf2af5e4a	4.301029995663981	6.400256036751836	RCSB-5EIS-5OU-KD	0.8239826525361353	0.19753086419753085	0.29545454545454547
union_component_leave_one_out	component-03	ligand_gmolai_knn	ligand_only	RCSB-5EPR-5QY-KD	construct-002-cb5cf2af5e4a	4.040958607678906	5.103360597058103	RCSB-6RQ9-KEQ-KD	0.6027749607278317	0.22727272727272727	0.29545454545454547
union_component_leave_one_out	component-03	ligand_gmolai_knn	ligand_only	RCSB-5DY7-5GT-KD	construct-002-cb5cf2af5e4a	3.6989700043360187	3.9551633801665322	RCSB-8A92-LE9-KD	0.5547055039025471	0.1728395061728395	0.29545454545454547
union_component_leave_one_out	component-03	ligand_gmolai_knn	ligand_only	RCSB-5OV8-AXN-KD	construct-002-cb5cf2af5e4a	4.7447274948966935	7.419911160115468	RCSB-6TPZ-NV2-KD	0.7174513737431292	0.20833333333333334	0.29545454545454547
union_component_leave_one_out	component-03	ligand_gmolai_knn	ligand_only	RCSB-5O55-9L5-KD	construct-002-cb5cf2af5e4a	4.698970004336019	5.69174506039781	RCSB-5EGU-5NQ-KD	0.6797614928947942	0.23943661971830985	0.29545454545454547
union_component_leave_one_out	component-03	ligand_gmolai_knn	ligand_only	RCSB-5DYA-5GV-KD	construct-002-cb5cf2af5e4a	3.6989700043360187	4.4035411775910545	RCSB-6RQ3-OUC-KD	0.5974723287348045	0.2692307692307692	0.29545454545454547
union_component_leave_one_out	component-03	ligand_gmolai_knn	ligand_only	RCSB-5D7X-XZ8-KD	construct-002-cb5cf2af5e4a	4.823908740944319	6.514680079051562	RCSB-7MRA-ZMJ-KD	0.7600697396268	0.20634920634920634	0.29545454545454547
union_component_leave_one_out	component-03	ligand_gmolai_knn	ligand_only	RCSB-5EWD-5SH-KD	construct-002-cb5cf2af5e4a	3.6989700043360187	5.948134117274671	RCSB-7MR9-ZMM-KD	0.5669920545396118	0.16	0.29545454545454547
union_component_leave_one_out	component-03	ligand_gmolai_knn	ligand_only	RCSB-5O5A-9LN-KD	construct-002-cb5cf2af5e4a	4.769551078621726	6.4662606167593095	RCSB-7MRA-ZMJ-KD	0.7808348501426313	0.2716049382716049	0.29545454545454547
union_component_leave_one_out	component-03	ligand_gmolai_knn	ligand_only	RCSB-5O5H-9LK-KD	construct-002-cb5cf2af5e4a	4.1249387366083	4.837704892042884	RCSB-4UGS-H36-KD	0.5025024557471426	0.17391304347826086	0.29545454545454547
union_component_leave_one_out	component-03	ligand_gmolai_knn	ligand_only	RCSB-5EPS-5QX-KD	construct-002-cb5cf2af5e4a	4.42021640338319	5.093782524620821	RCSB-6RQ9-KEQ-KD	0.496668828871142	0.21818181818181817	0.29545454545454547
union_component_leave_one_out	component-03	protein_sequence_identity_knn	sequence_only	RCSB-5MYG-LS8-KD	construct-002-cb5cf2af5e4a	7.508638306165727	6.595588673878086	RCSB-4O76-1M3-KD	0.29545454545454547	0.22580645161290322	0.29545454545454547
union_component_leave_one_out	component-03	protein_sequence_identity_knn	sequence_only	RCSB-5EWH-5SG-KD	construct-002-cb5cf2af5e4a	3.769551078621726	6.595588673878086	RCSB-4O76-1M3-KD	0.29545454545454547	0.2	0.29545454545454547
union_component_leave_one_out	component-03	protein_sequence_identity_knn	sequence_only	RCSB-5E3G-5JQ-KD	construct-002-cb5cf2af5e4a	4.301029995663981	6.595588673878086	RCSB-4O76-1M3-KD	0.29545454545454547	0.10909090909090909	0.29545454545454547
union_component_leave_one_out	component-03	protein_sequence_identity_knn	sequence_only	RCSB-5C85-4YO-KD	construct-002-cb5cf2af5e4a	3.9788107009300617	6.595588673878086	RCSB-4O76-1M3-KD	0.29545454545454547	0.22807017543859648	0.29545454545454547
union_component_leave_one_out	component-03	protein_sequence_identity_knn	sequence_only	RCSB-5EM3-5Q0-KD	construct-002-cb5cf2af5e4a	3.6989700043360187	6.595588673878086	RCSB-4O76-1M3-KD	0.29545454545454547	0.2037037037037037	0.29545454545454547
union_component_leave_one_out	component-03	protein_sequence_identity_knn	sequence_only	RCSB-5O4S-9KW-KD	construct-002-cb5cf2af5e4a	5.6020599913279625	6.595588673878086	RCSB-4O76-1M3-KD	0.29545454545454547	0.24096385542168675	0.29545454545454547
union_component_leave_one_out	component-03	protein_sequence_identity_knn	sequence_only	RCSB-5EVA-5S9-KD	construct-002-cb5cf2af5e4a	3.6989700043360187	6.595588673878086	RCSB-4O76-1M3-KD	0.29545454545454547	0.20967741935483872	0.29545454545454547
union_component_leave_one_out	component-03	protein_sequence_identity_knn	sequence_only	RCSB-5C87-4YS-KD	construct-002-cb5cf2af5e4a	3.6989700043360187	6.595588673878086	RCSB-4O76-1M3-KD	0.29545454545454547	0.17307692307692307	0.29545454545454547
union_component_leave_one_out	component-03	protein_sequence_identity_knn	sequence_only	RCSB-5O5F-9LT-KD	construct-002-cb5cf2af5e4a	4.301029995663981	6.595588673878086	RCSB-4O76-1M3-KD	0.29545454545454547	0.19753086419753085	0.29545454545454547
union_component_leave_one_out	component-03	protein_sequence_identity_knn	sequence_only	RCSB-5EPR-5QY-KD	construct-002-cb5cf2af5e4a	4.040958607678906	6.595588673878086	RCSB-4O76-1M3-KD	0.29545454545454547	0.22727272727272727	0.29545454545454547
union_component_leave_one_out	component-03	protein_sequence_identity_knn	sequence_only	RCSB-5DY7-5GT-KD	construct-002-cb5cf2af5e4a	3.6989700043360187	6.595588673878086	RCSB-4O76-1M3-KD	0.29545454545454547	0.1728395061728395	0.29545454545454547
union_component_leave_one_out	component-03	protein_sequence_identity_knn	sequence_only	RCSB-5OV8-AXN-KD	construct-002-cb5cf2af5e4a	4.7447274948966935	6.595588673878086	RCSB-4O76-1M3-KD	0.29545454545454547	0.20833333333333334	0.29545454545454547
union_component_leave_one_out	component-03	protein_sequence_identity_knn	sequence_only	RCSB-5O55-9L5-KD	construct-002-cb5cf2af5e4a	4.698970004336019	6.595588673878086	RCSB-4O76-1M3-KD	0.29545454545454547	0.23943661971830985	0.29545454545454547
union_component_leave_one_out	component-03	protein_sequence_identity_knn	sequence_only	RCSB-5DYA-5GV-KD	construct-002-cb5cf2af5e4a	3.6989700043360187	6.595588673878086	RCSB-4O76-1M3-KD	0.29545454545454547	0.2692307692307692	0.29545454545454547
union_component_leave_one_out	component-03	protein_sequence_identity_knn	sequence_only	RCSB-5D7X-XZ8-KD	construct-002-cb5cf2af5e4a	4.823908740944319	6.595588673878086	RCSB-4O76-1M3-KD	0.29545454545454547	0.20634920634920634	0.29545454545454547
union_component_leave_one_out	component-03	protein_sequence_identity_knn	sequence_only	RCSB-5EWD-5SH-KD	construct-002-cb5cf2af5e4a	3.6989700043360187	6.595588673878086	RCSB-4O76-1M3-KD	0.29545454545454547	0.16	0.29545454545454547
union_component_leave_one_out	component-03	protein_sequence_identity_knn	sequence_only	RCSB-5O5A-9LN-KD	construct-002-cb5cf2af5e4a	4.769551078621726	6.595588673878086	RCSB-4O76-1M3-KD	0.29545454545454547	0.2716049382716049	0.29545454545454547
union_component_leave_one_out	component-03	protein_sequence_identity_knn	sequence_only	RCSB-5O5H-9LK-KD	construct-002-cb5cf2af5e4a	4.1249387366083	6.595588673878086	RCSB-4O76-1M3-KD	0.29545454545454547	0.17391304347826086	0.29545454545454547
union_component_leave_one_out	component-03	protein_sequence_identity_knn	sequence_only	RCSB-5EPS-5QX-KD	construct-002-cb5cf2af5e4a	4.42021640338319	6.595588673878086	RCSB-4O76-1M3-KD	0.29545454545454547	0.21818181818181817	0.29545454545454547
union_component_leave_one_out	component-03	pocket_structure_knn_S0	S0	RCSB-5MYG-LS8-KD	construct-002-cb5cf2af5e4a	7.508638306165727	6.444446700033705	RCSB-5EGU-5NQ-KD	0.29829512711410716	0.22580645161290322	0.29545454545454547
union_component_leave_one_out	component-03	pocket_structure_knn_S0	S0	RCSB-5EWH-5SG-KD	construct-002-cb5cf2af5e4a	3.769551078621726	6.442729565618929	RCSB-5EGU-5NQ-KD	0.30252521335903093	0.2	0.29545454545454547
union_component_leave_one_out	component-03	pocket_structure_knn_S0	S0	RCSB-5E3G-5JQ-KD	construct-002-cb5cf2af5e4a	4.301029995663981	6.454931835370566	RCSB-6FO5-DZH-KD	0.321855237473823	0.10909090909090909	0.29545454545454547
union_component_leave_one_out	component-03	pocket_structure_knn_S0	S0	RCSB-5C85-4YO-KD	construct-002-cb5cf2af5e4a	3.9788107009300617	6.454230631487225	RCSB-6FO5-DZH-KD	0.28998109019252793	0.22807017543859648	0.29545454545454547
union_component_leave_one_out	component-03	pocket_structure_knn_S0	S0	RCSB-5EM3-5Q0-KD	construct-002-cb5cf2af5e4a	3.6989700043360187	6.451672727130151	RCSB-6FO5-DZH-KD	0.31181155199486155	0.2037037037037037	0.29545454545454547
union_component_leave_one_out	component-03	pocket_structure_knn_S0	S0	RCSB-5O4S-9KW-KD	construct-002-cb5cf2af5e4a	5.6020599913279625	6.448488256525631	RCSB-5EGU-5NQ-KD	0.31214887890052856	0.24096385542168675	0.29545454545454547
union_component_leave_one_out	component-03	pocket_structure_knn_S0	S0	RCSB-5EVA-5S9-KD	construct-002-cb5cf2af5e4a	3.6989700043360187	6.445842144247463	RCSB-5EGU-5NQ-KD	0.3036709929705234	0.20967741935483872	0.29545454545454547
union_component_leave_one_out	component-03	pocket_structure_knn_S0	S0	RCSB-5C87-4YS-KD	construct-002-cb5cf2af5e4a	3.6989700043360187	6.44693346410733	RCSB-5EGU-5NQ-KD	0.30066891451338773	0.17307692307692307	0.29545454545454547
union_component_leave_one_out	component-03	pocket_structure_knn_S0	S0	RCSB-5O5F-9LT-KD	construct-002-cb5cf2af5e4a	4.301029995663981	6.4557255981858	RCSB-6FO5-DZH-KD	0.3204607356776224	0.19753086419753085	0.29545454545454547
union_component_leave_one_out	component-03	pocket_structure_knn_S0	S0	RCSB-5EPR-5QY-KD	construct-002-cb5cf2af5e4a	4.040958607678906	6.453956374451855	RCSB-6FO5-DZH-KD	0.30446829658912816	0.22727272727272727	0.29545454545454547
union_component_leave_one_out	component-03	pocket_structure_knn_S0	S0	RCSB-5DY7-5GT-KD	construct-002-cb5cf2af5e4a	3.6989700043360187	6.951457653447956	RCSB-6FO5-DZH-KD	0.2697547603555813	0.1728395061728395	0.29545454545454547
union_component_leave_one_out	component-03	pocket_structure_knn_S0	S0	RCSB-5OV8-AXN-KD	construct-002-cb5cf2af5e4a	4.7447274948966935	6.448284526302889	RCSB-5EGU-5NQ-KD	0.3197951580687593	0.20833333333333334	0.29545454545454547
union_component_leave_one_out	component-03	pocket_structure_knn_S0	S0	RCSB-5O55-9L5-KD	construct-002-cb5cf2af5e4a	4.698970004336019	6.446825363665257	RCSB-5EGU-5NQ-KD	0.31526979737545346	0.23943661971830985	0.29545454545454547
union_component_leave_one_out	component-03	pocket_structure_knn_S0	S0	RCSB-5DYA-5GV-KD	construct-002-cb5cf2af5e4a	3.6989700043360187	6.958209413183311	RCSB-6FO5-DZH-KD	0.25107034752570734	0.2692307692307692	0.29545454545454547
union_component_leave_one_out	component-03	pocket_structure_knn_S0	S0	RCSB-5D7X-XZ8-KD	construct-002-cb5cf2af5e4a	4.823908740944319	6.437924682929663	RCSB-5EGU-5NQ-KD	0.31277294529397487	0.20634920634920634	0.29545454545454547
union_component_leave_one_out	component-03	pocket_structure_knn_S0	S0	RCSB-5EWD-5SH-KD	construct-002-cb5cf2af5e4a	3.6989700043360187	6.442897170010067	RCSB-5EGU-5NQ-KD	0.2994215535545348	0.16	0.29545454545454547
union_component_leave_one_out	component-03	pocket_structure_knn_S0	S0	RCSB-5O5A-9LN-KD	construct-002-cb5cf2af5e4a	4.769551078621726	6.4493055555998895	RCSB-5EGU-5NQ-KD	0.3014100208332197	0.2716049382716049	0.29545454545454547
union_component_leave_one_out	component-03	pocket_structure_knn_S0	S0	RCSB-5O5H-9LK-KD	construct-002-cb5cf2af5e4a	4.1249387366083	6.444720593270944	RCSB-5EGU-5NQ-KD	0.3147229194252723	0.17391304347826086	0.29545454545454547
union_component_leave_one_out	component-03	pocket_structure_knn_S0	S0	RCSB-5EPS-5QX-KD	construct-002-cb5cf2af5e4a	4.42021640338319	6.4504035632141665	RCSB-6FO5-DZH-KD	0.2969587541794998	0.21818181818181817	0.29545454545454547
union_component_leave_one_out	component-03	two_sided_ecfp_pocket_knn_S0	S0	RCSB-5MYG-LS8-KD	construct-002-cb5cf2af5e4a	7.508638306165727	7.3887382725200315	RCSB-4PS5-2TA-KD	0.25461179881083673	0.22580645161290322	0.29545454545454547
union_component_leave_one_out	component-03	two_sided_ecfp_pocket_knn_S0	S0	RCSB-5EWH-5SG-KD	construct-002-cb5cf2af5e4a	3.769551078621726	6.735945956088021	RCSB-6FSY-E5Q-KD	0.23627195787274402	0.2	0.29545454545454547
union_component_leave_one_out	component-03	two_sided_ecfp_pocket_knn_S0	S0	RCSB-5E3G-5JQ-KD	construct-002-cb5cf2af5e4a	4.301029995663981	6.063365648318184	RCSB-5EIS-5OU-KD	0.179037232128856	0.10909090909090909	0.29545454545454547
union_component_leave_one_out	component-03	two_sided_ecfp_pocket_knn_S0	S0	RCSB-5C85-4YO-KD	construct-002-cb5cf2af5e4a	3.9788107009300617	6.7149202819398175	RCSB-6FO5-DZH-KD	0.21984126477700824	0.22807017543859648	0.29545454545454547
union_component_leave_one_out	component-03	two_sided_ecfp_pocket_knn_S0	S0	RCSB-5EM3-5Q0-KD	construct-002-cb5cf2af5e4a	3.6989700043360187	6.700551011498811	RCSB-6FSY-E5Q-KD	0.2431866896070002	0.2037037037037037	0.29545454545454547
union_component_leave_one_out	component-03	two_sided_ecfp_pocket_knn_S0	S0	RCSB-5O4S-9KW-KD	construct-002-cb5cf2af5e4a	5.6020599913279625	7.330390862042809	RCSB-6FO5-DZH-KD	0.27158583513933154	0.24096385542168675	0.29545454545454547
union_component_leave_one_out	component-03	two_sided_ecfp_pocket_knn_S0	S0	RCSB-5EVA-5S9-KD	construct-002-cb5cf2af5e4a	3.6989700043360187	5.35592023792615	RCSB-5D26-L28-KD	0.21776317008145052	0.20967741935483872	0.29545454545454547
union_component_leave_one_out	component-03	two_sided_ecfp_pocket_knn_S0	S0	RCSB-5C87-4YS-KD	construct-002-cb5cf2af5e4a	3.6989700043360187	6.5047679395164195	RCSB-7MR9-ZMM-KD	0.2190164186783061	0.17307692307692307	0.29545454545454547
union_component_leave_one_out	component-03	two_sided_ecfp_pocket_knn_S0	S0	RCSB-5O5F-9LT-KD	construct-002-cb5cf2af5e4a	4.301029995663981	6.521810096511764	RCSB-7MRA-ZMJ-KD	0.2331669816509022	0.19753086419753085	0.29545454545454547
union_component_leave_one_out	component-03	two_sided_ecfp_pocket_knn_S0	S0	RCSB-5EPR-5QY-KD	construct-002-cb5cf2af5e4a	4.040958607678906	6.760059033838374	RCSB-7MR9-ZMM-KD	0.20247528300264014	0.22727272727272727	0.29545454545454547
union_component_leave_one_out	component-03	two_sided_ecfp_pocket_knn_S0	S0	RCSB-5DY7-5GT-KD	construct-002-cb5cf2af5e4a	3.6989700043360187	5.479939735353952	RCSB-6FO5-DZH-KD	0.2159265605886208	0.1728395061728395	0.29545454545454547
union_component_leave_one_out	component-03	two_sided_ecfp_pocket_knn_S0	S0	RCSB-5OV8-AXN-KD	construct-002-cb5cf2af5e4a	4.7447274948966935	6.861249221062502	RCSB-6FO5-DZH-KD	0.25423386680624693	0.20833333333333334	0.29545454545454547
union_component_leave_one_out	component-03	two_sided_ecfp_pocket_knn_S0	S0	RCSB-5O55-9L5-KD	construct-002-cb5cf2af5e4a	4.698970004336019	7.172943489470506	RCSB-6TPZ-NV2-KD	0.25031733748704543	0.23943661971830985	0.29545454545454547
union_component_leave_one_out	component-03	two_sided_ecfp_pocket_knn_S0	S0	RCSB-5DYA-5GV-KD	construct-002-cb5cf2af5e4a	3.6989700043360187	5.842280001848719	RCSB-5D3T-56Y-KD	0.21441397833463932	0.2692307692307692	0.29545454545454547
union_component_leave_one_out	component-03	two_sided_ecfp_pocket_knn_S0	S0	RCSB-5D7X-XZ8-KD	construct-002-cb5cf2af5e4a	4.823908740944319	6.168918247398259	RCSB-7MR9-ZMM-KD	0.2421419191217613	0.20634920634920634	0.29545454545454547
union_component_leave_one_out	component-03	two_sided_ecfp_pocket_knn_S0	S0	RCSB-5EWD-5SH-KD	construct-002-cb5cf2af5e4a	3.6989700043360187	6.716601161887478	RCSB-6FSY-E5Q-KD	0.21021448951598137	0.16	0.29545454545454547
union_component_leave_one_out	component-03	two_sided_ecfp_pocket_knn_S0	S0	RCSB-5O5A-9LN-KD	construct-002-cb5cf2af5e4a	4.769551078621726	5.680165532554683	RCSB-5D3T-56Y-KD	0.27615888549734646	0.2716049382716049	0.29545454545454547
union_component_leave_one_out	component-03	two_sided_ecfp_pocket_knn_S0	S0	RCSB-5O5H-9LK-KD	construct-002-cb5cf2af5e4a	4.1249387366083	5.881163778584232	RCSB-4PS5-2TA-KD	0.2299919118073421	0.17391304347826086	0.29545454545454547
union_component_leave_one_out	component-03	two_sided_ecfp_pocket_knn_S0	S0	RCSB-5EPS-5QX-KD	construct-002-cb5cf2af5e4a	4.42021640338319	7.163464178994095	RCSB-7MR9-ZMM-KD	0.24781906246061602	0.21818181818181817	0.29545454545454547
union_component_leave_one_out	component-03	pocket_structure_knn_S1	S1	RCSB-5MYG-LS8-KD	construct-002-cb5cf2af5e4a	7.508638306165727	6.595588673878085	RCSB-4O76-1M3-KD	0.2515810609718693	0.22580645161290322	0.29545454545454547
union_component_leave_one_out	component-03	pocket_structure_knn_S1	S1	RCSB-5EWH-5SG-KD	construct-002-cb5cf2af5e4a	3.769551078621726	6.595588673878085	RCSB-4O76-1M3-KD	0.2515810609718693	0.2	0.29545454545454547
union_component_leave_one_out	component-03	pocket_structure_knn_S1	S1	RCSB-5E3G-5JQ-KD	construct-002-cb5cf2af5e4a	4.301029995663981	6.595588673878085	RCSB-4O76-1M3-KD	0.2515810609718693	0.10909090909090909	0.29545454545454547
union_component_leave_one_out	component-03	pocket_structure_knn_S1	S1	RCSB-5C85-4YO-KD	construct-002-cb5cf2af5e4a	3.9788107009300617	6.595588673878085	RCSB-4O76-1M3-KD	0.2515810609718693	0.22807017543859648	0.29545454545454547
union_component_leave_one_out	component-03	pocket_structure_knn_S1	S1	RCSB-5EM3-5Q0-KD	construct-002-cb5cf2af5e4a	3.6989700043360187	6.595588673878085	RCSB-4O76-1M3-KD	0.2515810609718693	0.2037037037037037	0.29545454545454547
union_component_leave_one_out	component-03	pocket_structure_knn_S1	S1	RCSB-5O4S-9KW-KD	construct-002-cb5cf2af5e4a	5.6020599913279625	6.595588673878085	RCSB-4O76-1M3-KD	0.2515810609718693	0.24096385542168675	0.29545454545454547
union_component_leave_one_out	component-03	pocket_structure_knn_S1	S1	RCSB-5EVA-5S9-KD	construct-002-cb5cf2af5e4a	3.6989700043360187	6.595588673878085	RCSB-4O76-1M3-KD	0.2515810609718693	0.20967741935483872	0.29545454545454547
union_component_leave_one_out	component-03	pocket_structure_knn_S1	S1	RCSB-5C87-4YS-KD	construct-002-cb5cf2af5e4a	3.6989700043360187	6.595588673878085	RCSB-4O76-1M3-KD	0.2515810609718693	0.17307692307692307	0.29545454545454547
union_component_leave_one_out	component-03	pocket_structure_knn_S1	S1	RCSB-5O5F-9LT-KD	construct-002-cb5cf2af5e4a	4.301029995663981	6.595588673878085	RCSB-4O76-1M3-KD	0.2515810609718693	0.19753086419753085	0.29545454545454547
union_component_leave_one_out	component-03	pocket_structure_knn_S1	S1	RCSB-5EPR-5QY-KD	construct-002-cb5cf2af5e4a	4.040958607678906	6.595588673878085	RCSB-4O76-1M3-KD	0.2515810609718693	0.22727272727272727	0.29545454545454547
union_component_leave_one_out	component-03	pocket_structure_knn_S1	S1	RCSB-5DY7-5GT-KD	construct-002-cb5cf2af5e4a	3.6989700043360187	6.595588673878085	RCSB-4O76-1M3-KD	0.2515810609718693	0.1728395061728395	0.29545454545454547
union_component_leave_one_out	component-03	pocket_structure_knn_S1	S1	RCSB-5OV8-AXN-KD	construct-002-cb5cf2af5e4a	4.7447274948966935	6.595588673878085	RCSB-4O76-1M3-KD	0.2515810609718693	0.20833333333333334	0.29545454545454547
union_component_leave_one_out	component-03	pocket_structure_knn_S1	S1	RCSB-5O55-9L5-KD	construct-002-cb5cf2af5e4a	4.698970004336019	6.595588673878085	RCSB-4O76-1M3-KD	0.2515810609718693	0.23943661971830985	0.29545454545454547
union_component_leave_one_out	component-03	pocket_structure_knn_S1	S1	RCSB-5DYA-5GV-KD	construct-002-cb5cf2af5e4a	3.6989700043360187	6.595588673878085	RCSB-4O76-1M3-KD	0.2515810609718693	0.2692307692307692	0.29545454545454547
union_component_leave_one_out	component-03	pocket_structure_knn_S1	S1	RCSB-5D7X-XZ8-KD	construct-002-cb5cf2af5e4a	4.823908740944319	6.595588673878085	RCSB-4O76-1M3-KD	0.2515810609718693	0.20634920634920634	0.29545454545454547
union_component_leave_one_out	component-03	pocket_structure_knn_S1	S1	RCSB-5EWD-5SH-KD	construct-002-cb5cf2af5e4a	3.6989700043360187	6.595588673878085	RCSB-4O76-1M3-KD	0.2515810609718693	0.16	0.29545454545454547
union_component_leave_one_out	component-03	pocket_structure_knn_S1	S1	RCSB-5O5A-9LN-KD	construct-002-cb5cf2af5e4a	4.769551078621726	6.595588673878085	RCSB-4O76-1M3-KD	0.2515810609718693	0.2716049382716049	0.29545454545454547
union_component_leave_one_out	component-03	pocket_structure_knn_S1	S1	RCSB-5O5H-9LK-KD	construct-002-cb5cf2af5e4a	4.1249387366083	6.595588673878085	RCSB-4O76-1M3-KD	0.2515810609718693	0.17391304347826086	0.29545454545454547
union_component_leave_one_out	component-03	pocket_structure_knn_S1	S1	RCSB-5EPS-5QX-KD	construct-002-cb5cf2af5e4a	4.42021640338319	6.595588673878085	RCSB-4O76-1M3-KD	0.2515810609718693	0.21818181818181817	0.29545454545454547
union_component_leave_one_out	component-03	two_sided_ecfp_pocket_knn_S1	S1	RCSB-5MYG-LS8-KD	construct-002-cb5cf2af5e4a	7.508638306165727	7.389822448926914	RCSB-4PS5-2TA-KD	0.23834560342298586	0.22580645161290322	0.29545454545454547
union_component_leave_one_out	component-03	two_sided_ecfp_pocket_knn_S1	S1	RCSB-5EWH-5SG-KD	construct-002-cb5cf2af5e4a	3.769551078621726	6.7400010459887625	RCSB-6FSY-E5Q-KD	0.2243127553091305	0.2	0.29545454545454547
union_component_leave_one_out	component-03	two_sided_ecfp_pocket_knn_S1	S1	RCSB-5E3G-5JQ-KD	construct-002-cb5cf2af5e4a	4.301029995663981	6.051128246579434	RCSB-5EIS-5OU-KD	0.16566594898009865	0.10909090909090909	0.29545454545454547
union_component_leave_one_out	component-03	two_sided_ecfp_pocket_knn_S1	S1	RCSB-5C85-4YO-KD	construct-002-cb5cf2af5e4a	3.9788107009300617	6.71180890789135	RCSB-6FO5-DZH-KD	0.20476859336491246	0.22807017543859648	0.29545454545454547
union_component_leave_one_out	component-03	two_sided_ecfp_pocket_knn_S1	S1	RCSB-5EM3-5Q0-KD	construct-002-cb5cf2af5e4a	3.6989700043360187	6.704688072707719	RCSB-6FSY-E5Q-KD	0.226380197680091	0.2037037037037037	0.29545454545454547
union_component_leave_one_out	component-03	two_sided_ecfp_pocket_knn_S1	S1	RCSB-5O4S-9KW-KD	construct-002-cb5cf2af5e4a	5.6020599913279625	7.32901298542459	RCSB-6TPZ-NV2-KD	0.24621523592755193	0.24096385542168675	0.29545454545454547
union_component_leave_one_out	component-03	two_sided_ecfp_pocket_knn_S1	S1	RCSB-5EVA-5S9-KD	construct-002-cb5cf2af5e4a	3.6989700043360187	5.333018881094081	RCSB-5O1C-9GZ-KD	0.21176502517987017	0.20967741935483872	0.29545454545454547
union_component_leave_one_out	component-03	two_sided_ecfp_pocket_knn_S1	S1	RCSB-5C87-4YS-KD	construct-002-cb5cf2af5e4a	3.6989700043360187	6.498511607440233	RCSB-7MRA-ZMJ-KD	0.20866929802306547	0.17307692307692307	0.29545454545454547
union_component_leave_one_out	component-03	two_sided_ecfp_pocket_knn_S1	S1	RCSB-5O5F-9LT-KD	construct-002-cb5cf2af5e4a	4.301029995663981	5.959038515496108	RCSB-5EIS-5OU-KD	0.21634643233819237	0.19753086419753085	0.29545454545454547
union_component_leave_one_out	component-03	two_sided_ecfp_pocket_knn_S1	S1	RCSB-5EPR-5QY-KD	construct-002-cb5cf2af5e4a	4.040958607678906	6.469215840197259	RCSB-7MRA-ZMJ-KD	0.19129456047842952	0.22727272727272727	0.29545454545454547
union_component_leave_one_out	component-03	two_sided_ecfp_pocket_knn_S1	S1	RCSB-5DY7-5GT-KD	construct-002-cb5cf2af5e4a	3.6989700043360187	5.26387798508746	RCSB-6FO5-DZH-KD	0.2085261286765208	0.1728395061728395	0.29545454545454547
union_component_leave_one_out	component-03	two_sided_ecfp_pocket_knn_S1	S1	RCSB-5OV8-AXN-KD	construct-002-cb5cf2af5e4a	4.7447274948966935	6.867313505359572	RCSB-7MRA-ZMJ-KD	0.22893824721047837	0.20833333333333334	0.29545454545454547
union_component_leave_one_out	component-03	two_sided_ecfp_pocket_knn_S1	S1	RCSB-5O55-9L5-KD	construct-002-cb5cf2af5e4a	4.698970004336019	7.210653009841347	RCSB-6TPZ-NV2-KD	0.23306359253298414	0.23943661971830985	0.29545454545454547
union_component_leave_one_out	component-03	two_sided_ecfp_pocket_knn_S1	S1	RCSB-5DYA-5GV-KD	construct-002-cb5cf2af5e4a	3.6989700043360187	4.247989285625975	RCSB-5D3T-56Y-KD	0.21930886736164043	0.2692307692307692	0.29545454545454547
union_component_leave_one_out	component-03	two_sided_ecfp_pocket_knn_S1	S1	RCSB-5D7X-XZ8-KD	construct-002-cb5cf2af5e4a	4.823908740944319	6.165984869693075	RCSB-7MRA-ZMJ-KD	0.22784545697475847	0.20634920634920634	0.29545454545454547
union_component_leave_one_out	component-03	two_sided_ecfp_pocket_knn_S1	S1	RCSB-5EWD-5SH-KD	construct-002-cb5cf2af5e4a	3.6989700043360187	6.720811768958542	RCSB-6FSY-E5Q-KD	0.20063142763659708	0.16	0.29545454545454547
union_component_leave_one_out	component-03	two_sided_ecfp_pocket_knn_S1	S1	RCSB-5O5A-9LN-KD	construct-002-cb5cf2af5e4a	4.769551078621726	5.661734403082868	RCSB-5D3T-56Y-KD	0.2614013361396024	0.2716049382716049	0.29545454545454547
union_component_leave_one_out	component-03	two_sided_ecfp_pocket_knn_S1	S1	RCSB-5O5H-9LK-KD	construct-002-cb5cf2af5e4a	4.1249387366083	5.8521570687852815	RCSB-4PS5-2TA-KD	0.20917272287539715	0.17391304347826086	0.29545454545454547
union_component_leave_one_out	component-03	two_sided_ecfp_pocket_knn_S1	S1	RCSB-5EPS-5QX-KD	construct-002-cb5cf2af5e4a	4.42021640338319	6.8991189005795075	RCSB-7MR9-ZMM-KD	0.23428703187106473	0.21818181818181817	0.29545454545454547
union_component_leave_one_out	component-04	global_train_mean	no_input	RCSB-6UIK-Q8M-KD	construct-006-4c5802bc11cc	6.3979400086720375	5.01836770870265			0.15306122448979592	0.22163588390501318
union_component_leave_one_out	component-04	global_train_mean	no_input	RCSB-6U8O-Q1G-KD	construct-006-4c5802bc11cc	6.539102157243452	5.01836770870265			0.22807017543859648	0.22163588390501318
union_component_leave_one_out	component-04	global_train_mean	no_input	RCSB-6UIF-Q8P-KD	construct-006-4c5802bc11cc	6.769551078621726	5.01836770870265			0.15384615384615385	0.22163588390501318
union_component_leave_one_out	component-04	global_train_mean	no_input	RCSB-6UJ4-Q8S-KD	construct-006-4c5802bc11cc	6.769551078621726	5.01836770870265			0.17647058823529413	0.22163588390501318
union_component_leave_one_out	component-04	global_train_mean	no_input	RCSB-6UHY-Q8G-KD	construct-006-4c5802bc11cc	1.6989700043360187	5.01836770870265			0.2545454545454545	0.22163588390501318
union_component_leave_one_out	component-04	global_train_mean	no_input	RCSB-6UOZ-QF1-KD	construct-006-4c5802bc11cc	7.0	5.01836770870265			0.16666666666666666	0.22163588390501318
union_component_leave_one_out	component-04	global_train_mean	no_input	RCSB-6U5M-Q0S-KD	construct-006-4c5802bc11cc	6.291579099865287	5.01836770870265			0.20253164556962025	0.22163588390501318
union_component_leave_one_out	component-04	global_train_mean	no_input	RCSB-6U8L-Q1P-KD	construct-006-4c5802bc11cc	6.913640169325252	5.01836770870265			0.18333333333333332	0.22163588390501318
union_component_leave_one_out	component-04	target_mean_or_global_fallback	target_identity	RCSB-6UIK-Q8M-KD	construct-006-4c5802bc11cc	6.3979400086720375	5.01836770870265			0.15306122448979592	0.22163588390501318
union_component_leave_one_out	component-04	target_mean_or_global_fallback	target_identity	RCSB-6U8O-Q1G-KD	construct-006-4c5802bc11cc	6.539102157243452	5.01836770870265			0.22807017543859648	0.22163588390501318
union_component_leave_one_out	component-04	target_mean_or_global_fallback	target_identity	RCSB-6UIF-Q8P-KD	construct-006-4c5802bc11cc	6.769551078621726	5.01836770870265			0.15384615384615385	0.22163588390501318
union_component_leave_one_out	component-04	target_mean_or_global_fallback	target_identity	RCSB-6UJ4-Q8S-KD	construct-006-4c5802bc11cc	6.769551078621726	5.01836770870265			0.17647058823529413	0.22163588390501318
union_component_leave_one_out	component-04	target_mean_or_global_fallback	target_identity	RCSB-6UHY-Q8G-KD	construct-006-4c5802bc11cc	1.6989700043360187	5.01836770870265			0.2545454545454545	0.22163588390501318
union_component_leave_one_out	component-04	target_mean_or_global_fallback	target_identity	RCSB-6UOZ-QF1-KD	construct-006-4c5802bc11cc	7.0	5.01836770870265			0.16666666666666666	0.22163588390501318
union_component_leave_one_out	component-04	target_mean_or_global_fallback	target_identity	RCSB-6U5M-Q0S-KD	construct-006-4c5802bc11cc	6.291579099865287	5.01836770870265			0.20253164556962025	0.22163588390501318
union_component_leave_one_out	component-04	target_mean_or_global_fallback	target_identity	RCSB-6U8L-Q1P-KD	construct-006-4c5802bc11cc	6.913640169325252	5.01836770870265			0.18333333333333332	0.22163588390501318
union_component_leave_one_out	component-04	nuisance_ridge	metadata_only	RCSB-6UIK-Q8M-KD	construct-006-4c5802bc11cc	6.3979400086720375	5.128095751858128			0.15306122448979592	0.22163588390501318
union_component_leave_one_out	component-04	nuisance_ridge	metadata_only	RCSB-6U8O-Q1G-KD	construct-006-4c5802bc11cc	6.539102157243452	5.0774506521747425			0.22807017543859648	0.22163588390501318
union_component_leave_one_out	component-04	nuisance_ridge	metadata_only	RCSB-6UIF-Q8P-KD	construct-006-4c5802bc11cc	6.769551078621726	5.127796949099291			0.15384615384615385	0.22163588390501318
union_component_leave_one_out	component-04	nuisance_ridge	metadata_only	RCSB-6UJ4-Q8S-KD	construct-006-4c5802bc11cc	6.769551078621726	5.135067816230993			0.17647058823529413	0.22163588390501318
union_component_leave_one_out	component-04	nuisance_ridge	metadata_only	RCSB-6UHY-Q8G-KD	construct-006-4c5802bc11cc	1.6989700043360187	5.161960064526335			0.2545454545454545	0.22163588390501318
union_component_leave_one_out	component-04	nuisance_ridge	metadata_only	RCSB-6UOZ-QF1-KD	construct-006-4c5802bc11cc	7.0	5.134868614391769			0.16666666666666666	0.22163588390501318
union_component_leave_one_out	component-04	nuisance_ridge	metadata_only	RCSB-6U5M-Q0S-KD	construct-006-4c5802bc11cc	6.291579099865287	5.057530468252268			0.20253164556962025	0.22163588390501318
union_component_leave_one_out	component-04	nuisance_ridge	metadata_only	RCSB-6U8L-Q1P-KD	construct-006-4c5802bc11cc	6.913640169325252	5.080438679763114			0.18333333333333332	0.22163588390501318
union_component_leave_one_out	component-04	ligand_ecfp_ridge	ligand_only	RCSB-6UIK-Q8M-KD	construct-006-4c5802bc11cc	6.3979400086720375	5.357279926057347			0.15306122448979592	0.22163588390501318
union_component_leave_one_out	component-04	ligand_ecfp_ridge	ligand_only	RCSB-6U8O-Q1G-KD	construct-006-4c5802bc11cc	6.539102157243452	5.1985460580092235			0.22807017543859648	0.22163588390501318
union_component_leave_one_out	component-04	ligand_ecfp_ridge	ligand_only	RCSB-6UIF-Q8P-KD	construct-006-4c5802bc11cc	6.769551078621726	5.442237615260519			0.15384615384615385	0.22163588390501318
union_component_leave_one_out	component-04	ligand_ecfp_ridge	ligand_only	RCSB-6UJ4-Q8S-KD	construct-006-4c5802bc11cc	6.769551078621726	5.508824641891764			0.17647058823529413	0.22163588390501318
union_component_leave_one_out	component-04	ligand_ecfp_ridge	ligand_only	RCSB-6UHY-Q8G-KD	construct-006-4c5802bc11cc	1.6989700043360187	4.61437291375015			0.2545454545454545	0.22163588390501318
union_component_leave_one_out	component-04	ligand_ecfp_ridge	ligand_only	RCSB-6UOZ-QF1-KD	construct-006-4c5802bc11cc	7.0	5.443081863053991			0.16666666666666666	0.22163588390501318
union_component_leave_one_out	component-04	ligand_ecfp_ridge	ligand_only	RCSB-6U5M-Q0S-KD	construct-006-4c5802bc11cc	6.291579099865287	5.499701442746551			0.20253164556962025	0.22163588390501318
union_component_leave_one_out	component-04	ligand_ecfp_ridge	ligand_only	RCSB-6U8L-Q1P-KD	construct-006-4c5802bc11cc	6.913640169325252	5.06467438949151			0.18333333333333332	0.22163588390501318
union_component_leave_one_out	component-04	ligand_gmolai_ridge	ligand_only	RCSB-6UIK-Q8M-KD	construct-006-4c5802bc11cc	6.3979400086720375	6.468884718436758			0.15306122448979592	0.22163588390501318
union_component_leave_one_out	component-04	ligand_gmolai_ridge	ligand_only	RCSB-6U8O-Q1G-KD	construct-006-4c5802bc11cc	6.539102157243452	6.600331728674835			0.22807017543859648	0.22163588390501318
union_component_leave_one_out	component-04	ligand_gmolai_ridge	ligand_only	RCSB-6UIF-Q8P-KD	construct-006-4c5802bc11cc	6.769551078621726	6.840252157142371			0.15384615384615385	0.22163588390501318
union_component_leave_one_out	component-04	ligand_gmolai_ridge	ligand_only	RCSB-6UJ4-Q8S-KD	construct-006-4c5802bc11cc	6.769551078621726	6.5334682531842985			0.17647058823529413	0.22163588390501318
union_component_leave_one_out	component-04	ligand_gmolai_ridge	ligand_only	RCSB-6UHY-Q8G-KD	construct-006-4c5802bc11cc	1.6989700043360187	4.6885939309911695			0.2545454545454545	0.22163588390501318
union_component_leave_one_out	component-04	ligand_gmolai_ridge	ligand_only	RCSB-6UOZ-QF1-KD	construct-006-4c5802bc11cc	7.0	7.4555359736904006			0.16666666666666666	0.22163588390501318
union_component_leave_one_out	component-04	ligand_gmolai_ridge	ligand_only	RCSB-6U5M-Q0S-KD	construct-006-4c5802bc11cc	6.291579099865287	6.082678765569626			0.20253164556962025	0.22163588390501318
union_component_leave_one_out	component-04	ligand_gmolai_ridge	ligand_only	RCSB-6U8L-Q1P-KD	construct-006-4c5802bc11cc	6.913640169325252	5.587533601882107			0.18333333333333332	0.22163588390501318
union_component_leave_one_out	component-04	protein_sequence_ridge	sequence_only	RCSB-6UIK-Q8M-KD	construct-006-4c5802bc11cc	6.3979400086720375	4.936828901366366			0.15306122448979592	0.22163588390501318
union_component_leave_one_out	component-04	protein_sequence_ridge	sequence_only	RCSB-6U8O-Q1G-KD	construct-006-4c5802bc11cc	6.539102157243452	4.936828901366366			0.22807017543859648	0.22163588390501318
union_component_leave_one_out	component-04	protein_sequence_ridge	sequence_only	RCSB-6UIF-Q8P-KD	construct-006-4c5802bc11cc	6.769551078621726	4.936828901366366			0.15384615384615385	0.22163588390501318
union_component_leave_one_out	component-04	protein_sequence_ridge	sequence_only	RCSB-6UJ4-Q8S-KD	construct-006-4c5802bc11cc	6.769551078621726	4.936828901366366			0.17647058823529413	0.22163588390501318
union_component_leave_one_out	component-04	protein_sequence_ridge	sequence_only	RCSB-6UHY-Q8G-KD	construct-006-4c5802bc11cc	1.6989700043360187	4.936828901366366			0.2545454545454545	0.22163588390501318
union_component_leave_one_out	component-04	protein_sequence_ridge	sequence_only	RCSB-6UOZ-QF1-KD	construct-006-4c5802bc11cc	7.0	4.936828901366366			0.16666666666666666	0.22163588390501318
union_component_leave_one_out	component-04	protein_sequence_ridge	sequence_only	RCSB-6U5M-Q0S-KD	construct-006-4c5802bc11cc	6.291579099865287	4.936828901366366			0.20253164556962025	0.22163588390501318
union_component_leave_one_out	component-04	protein_sequence_ridge	sequence_only	RCSB-6U8L-Q1P-KD	construct-006-4c5802bc11cc	6.913640169325252	4.936828901366366			0.18333333333333332	0.22163588390501318
union_component_leave_one_out	component-04	concat_ecfp_sequence_ridge	sequence_ligand	RCSB-6UIK-Q8M-KD	construct-006-4c5802bc11cc	6.3979400086720375	5.493423113692204			0.15306122448979592	0.22163588390501318
union_component_leave_one_out	component-04	concat_ecfp_sequence_ridge	sequence_ligand	RCSB-6U8O-Q1G-KD	construct-006-4c5802bc11cc	6.539102157243452	5.526203848028983			0.22807017543859648	0.22163588390501318
union_component_leave_one_out	component-04	concat_ecfp_sequence_ridge	sequence_ligand	RCSB-6UIF-Q8P-KD	construct-006-4c5802bc11cc	6.769551078621726	5.693359506875089			0.15384615384615385	0.22163588390501318
union_component_leave_one_out	component-04	concat_ecfp_sequence_ridge	sequence_ligand	RCSB-6UJ4-Q8S-KD	construct-006-4c5802bc11cc	6.769551078621726	5.762039136325353			0.17647058823529413	0.22163588390501318
union_component_leave_one_out	component-04	concat_ecfp_sequence_ridge	sequence_ligand	RCSB-6UHY-Q8G-KD	construct-006-4c5802bc11cc	1.6989700043360187	5.064212799244259			0.2545454545454545	0.22163588390501318
union_component_leave_one_out	component-04	concat_ecfp_sequence_ridge	sequence_ligand	RCSB-6UOZ-QF1-KD	construct-006-4c5802bc11cc	7.0	5.657406479657913			0.16666666666666666	0.22163588390501318
union_component_leave_one_out	component-04	concat_ecfp_sequence_ridge	sequence_ligand	RCSB-6U5M-Q0S-KD	construct-006-4c5802bc11cc	6.291579099865287	5.5834669823232375			0.20253164556962025	0.22163588390501318
union_component_leave_one_out	component-04	concat_ecfp_sequence_ridge	sequence_ligand	RCSB-6U8L-Q1P-KD	construct-006-4c5802bc11cc	6.913640169325252	5.375318896083828			0.18333333333333332	0.22163588390501318
union_component_leave_one_out	component-04	pocket_composition_ridge_S0	S0	RCSB-6UIK-Q8M-KD	construct-006-4c5802bc11cc	6.3979400086720375	4.942068678298843			0.15306122448979592	0.22163588390501318
union_component_leave_one_out	component-04	pocket_composition_ridge_S0	S0	RCSB-6U8O-Q1G-KD	construct-006-4c5802bc11cc	6.539102157243452	4.942068678298843			0.22807017543859648	0.22163588390501318
union_component_leave_one_out	component-04	pocket_composition_ridge_S0	S0	RCSB-6UIF-Q8P-KD	construct-006-4c5802bc11cc	6.769551078621726	4.929579156976541			0.15384615384615385	0.22163588390501318
union_component_leave_one_out	component-04	pocket_composition_ridge_S0	S0	RCSB-6UJ4-Q8S-KD	construct-006-4c5802bc11cc	6.769551078621726	4.929579156976541			0.17647058823529413	0.22163588390501318
union_component_leave_one_out	component-04	pocket_composition_ridge_S0	S0	RCSB-6UHY-Q8G-KD	construct-006-4c5802bc11cc	1.6989700043360187	4.942068678298843			0.2545454545454545	0.22163588390501318
union_component_leave_one_out	component-04	pocket_composition_ridge_S0	S0	RCSB-6UOZ-QF1-KD	construct-006-4c5802bc11cc	7.0	4.929579156976541			0.16666666666666666	0.22163588390501318
union_component_leave_one_out	component-04	pocket_composition_ridge_S0	S0	RCSB-6U5M-Q0S-KD	construct-006-4c5802bc11cc	6.291579099865287	4.9363940733940375			0.20253164556962025	0.22163588390501318
union_component_leave_one_out	component-04	pocket_composition_ridge_S0	S0	RCSB-6U8L-Q1P-KD	construct-006-4c5802bc11cc	6.913640169325252	4.942068678298843			0.18333333333333332	0.22163588390501318
union_component_leave_one_out	component-04	pocket_structure_ridge_S0	S0	RCSB-6UIK-Q8M-KD	construct-006-4c5802bc11cc	6.3979400086720375	4.845240894750121			0.15306122448979592	0.22163588390501318
union_component_leave_one_out	component-04	pocket_structure_ridge_S0	S0	RCSB-6U8O-Q1G-KD	construct-006-4c5802bc11cc	6.539102157243452	4.784428515967749			0.22807017543859648	0.22163588390501318
union_component_leave_one_out	component-04	pocket_structure_ridge_S0	S0	RCSB-6UIF-Q8P-KD	construct-006-4c5802bc11cc	6.769551078621726	4.7895106415304225			0.15384615384615385	0.22163588390501318
union_component_leave_one_out	component-04	pocket_structure_ridge_S0	S0	RCSB-6UJ4-Q8S-KD	construct-006-4c5802bc11cc	6.769551078621726	4.864562711501005			0.17647058823529413	0.22163588390501318
union_component_leave_one_out	component-04	pocket_structure_ridge_S0	S0	RCSB-6UHY-Q8G-KD	construct-006-4c5802bc11cc	1.6989700043360187	4.84768490077447			0.2545454545454545	0.22163588390501318
union_component_leave_one_out	component-04	pocket_structure_ridge_S0	S0	RCSB-6UOZ-QF1-KD	construct-006-4c5802bc11cc	7.0	4.741274000565838			0.16666666666666666	0.22163588390501318
union_component_leave_one_out	component-04	pocket_structure_ridge_S0	S0	RCSB-6U5M-Q0S-KD	construct-006-4c5802bc11cc	6.291579099865287	4.781913761631184			0.20253164556962025	0.22163588390501318
union_component_leave_one_out	component-04	pocket_structure_ridge_S0	S0	RCSB-6U8L-Q1P-KD	construct-006-4c5802bc11cc	6.913640169325252	4.795345608190159			0.18333333333333332	0.22163588390501318
union_component_leave_one_out	component-04	concat_ecfp_pocket_ridge_S0	S0	RCSB-6UIK-Q8M-KD	construct-006-4c5802bc11cc	6.3979400086720375	5.482181526751857			0.15306122448979592	0.22163588390501318
union_component_leave_one_out	component-04	concat_ecfp_pocket_ridge_S0	S0	RCSB-6U8O-Q1G-KD	construct-006-4c5802bc11cc	6.539102157243452	5.463858275724417			0.22807017543859648	0.22163588390501318
union_component_leave_one_out	component-04	concat_ecfp_pocket_ridge_S0	S0	RCSB-6UIF-Q8P-KD	construct-006-4c5802bc11cc	6.769551078621726	5.6004181777701705			0.15384615384615385	0.22163588390501318
union_component_leave_one_out	component-04	concat_ecfp_pocket_ridge_S0	S0	RCSB-6UJ4-Q8S-KD	construct-006-4c5802bc11cc	6.769551078621726	5.67130617569709			0.17647058823529413	0.22163588390501318
union_component_leave_one_out	component-04	concat_ecfp_pocket_ridge_S0	S0	RCSB-6UHY-Q8G-KD	construct-006-4c5802bc11cc	1.6989700043360187	4.872814953612604			0.2545454545454545	0.22163588390501318
union_component_leave_one_out	component-04	concat_ecfp_pocket_ridge_S0	S0	RCSB-6UOZ-QF1-KD	construct-006-4c5802bc11cc	7.0	5.577495536031442			0.16666666666666666	0.22163588390501318
union_component_leave_one_out	component-04	concat_ecfp_pocket_ridge_S0	S0	RCSB-6U5M-Q0S-KD	construct-006-4c5802bc11cc	6.291579099865287	5.640198465494984			0.20253164556962025	0.22163588390501318
union_component_leave_one_out	component-04	concat_ecfp_pocket_ridge_S0	S0	RCSB-6U8L-Q1P-KD	construct-006-4c5802bc11cc	6.913640169325252	5.262985077131123			0.18333333333333332	0.22163588390501318
union_component_leave_one_out	component-04	concat_gmolai_pocket_ridge_S0	S0	RCSB-6UIK-Q8M-KD	construct-006-4c5802bc11cc	6.3979400086720375	6.09046022501138			0.15306122448979592	0.22163588390501318
union_component_leave_one_out	component-04	concat_gmolai_pocket_ridge_S0	S0	RCSB-6U8O-Q1G-KD	construct-006-4c5802bc11cc	6.539102157243452	6.214561958329021			0.22807017543859648	0.22163588390501318
union_component_leave_one_out	component-04	concat_gmolai_pocket_ridge_S0	S0	RCSB-6UIF-Q8P-KD	construct-006-4c5802bc11cc	6.769551078621726	6.248314992463386			0.15384615384615385	0.22163588390501318
union_component_leave_one_out	component-04	concat_gmolai_pocket_ridge_S0	S0	RCSB-6UJ4-Q8S-KD	construct-006-4c5802bc11cc	6.769551078621726	6.098665309913826			0.17647058823529413	0.22163588390501318
union_component_leave_one_out	component-04	concat_gmolai_pocket_ridge_S0	S0	RCSB-6UHY-Q8G-KD	construct-006-4c5802bc11cc	1.6989700043360187	4.693118512456771			0.2545454545454545	0.22163588390501318
union_component_leave_one_out	component-04	concat_gmolai_pocket_ridge_S0	S0	RCSB-6UOZ-QF1-KD	construct-006-4c5802bc11cc	7.0	6.7672969513781025			0.16666666666666666	0.22163588390501318
union_component_leave_one_out	component-04	concat_gmolai_pocket_ridge_S0	S0	RCSB-6U5M-Q0S-KD	construct-006-4c5802bc11cc	6.291579099865287	5.667624882753669			0.20253164556962025	0.22163588390501318
union_component_leave_one_out	component-04	concat_gmolai_pocket_ridge_S0	S0	RCSB-6U8L-Q1P-KD	construct-006-4c5802bc11cc	6.913640169325252	5.311020175700111			0.18333333333333332	0.22163588390501318
union_component_leave_one_out	component-04	pocket_composition_ridge_S1	S1	RCSB-6UIK-Q8M-KD	construct-006-4c5802bc11cc	6.3979400086720375	4.943701217667333			0.15306122448979592	0.22163588390501318
union_component_leave_one_out	component-04	pocket_composition_ridge_S1	S1	RCSB-6U8O-Q1G-KD	construct-006-4c5802bc11cc	6.539102157243452	4.943701217667333			0.22807017543859648	0.22163588390501318
union_component_leave_one_out	component-04	pocket_composition_ridge_S1	S1	RCSB-6UIF-Q8P-KD	construct-006-4c5802bc11cc	6.769551078621726	4.943701217667333			0.15384615384615385	0.22163588390501318
union_component_leave_one_out	component-04	pocket_composition_ridge_S1	S1	RCSB-6UJ4-Q8S-KD	construct-006-4c5802bc11cc	6.769551078621726	4.943701217667333			0.17647058823529413	0.22163588390501318
union_component_leave_one_out	component-04	pocket_composition_ridge_S1	S1	RCSB-6UHY-Q8G-KD	construct-006-4c5802bc11cc	1.6989700043360187	4.943701217667333			0.2545454545454545	0.22163588390501318
union_component_leave_one_out	component-04	pocket_composition_ridge_S1	S1	RCSB-6UOZ-QF1-KD	construct-006-4c5802bc11cc	7.0	4.943701217667333			0.16666666666666666	0.22163588390501318
union_component_leave_one_out	component-04	pocket_composition_ridge_S1	S1	RCSB-6U5M-Q0S-KD	construct-006-4c5802bc11cc	6.291579099865287	4.943701217667333			0.20253164556962025	0.22163588390501318
union_component_leave_one_out	component-04	pocket_composition_ridge_S1	S1	RCSB-6U8L-Q1P-KD	construct-006-4c5802bc11cc	6.913640169325252	4.943701217667333			0.18333333333333332	0.22163588390501318
union_component_leave_one_out	component-04	pocket_structure_ridge_S1	S1	RCSB-6UIK-Q8M-KD	construct-006-4c5802bc11cc	6.3979400086720375	5.09906182632723			0.15306122448979592	0.22163588390501318
union_component_leave_one_out	component-04	pocket_structure_ridge_S1	S1	RCSB-6U8O-Q1G-KD	construct-006-4c5802bc11cc	6.539102157243452	5.09906182632723			0.22807017543859648	0.22163588390501318
union_component_leave_one_out	component-04	pocket_structure_ridge_S1	S1	RCSB-6UIF-Q8P-KD	construct-006-4c5802bc11cc	6.769551078621726	5.09906182632723			0.15384615384615385	0.22163588390501318
union_component_leave_one_out	component-04	pocket_structure_ridge_S1	S1	RCSB-6UJ4-Q8S-KD	construct-006-4c5802bc11cc	6.769551078621726	5.09906182632723			0.17647058823529413	0.22163588390501318
union_component_leave_one_out	component-04	pocket_structure_ridge_S1	S1	RCSB-6UHY-Q8G-KD	construct-006-4c5802bc11cc	1.6989700043360187	5.09906182632723			0.2545454545454545	0.22163588390501318
union_component_leave_one_out	component-04	pocket_structure_ridge_S1	S1	RCSB-6UOZ-QF1-KD	construct-006-4c5802bc11cc	7.0	5.09906182632723			0.16666666666666666	0.22163588390501318
union_component_leave_one_out	component-04	pocket_structure_ridge_S1	S1	RCSB-6U5M-Q0S-KD	construct-006-4c5802bc11cc	6.291579099865287	5.09906182632723			0.20253164556962025	0.22163588390501318
union_component_leave_one_out	component-04	pocket_structure_ridge_S1	S1	RCSB-6U8L-Q1P-KD	construct-006-4c5802bc11cc	6.913640169325252	5.09906182632723			0.18333333333333332	0.22163588390501318
union_component_leave_one_out	component-04	concat_ecfp_pocket_ridge_S1	S1	RCSB-6UIK-Q8M-KD	construct-006-4c5802bc11cc	6.3979400086720375	5.511756842003577			0.15306122448979592	0.22163588390501318
union_component_leave_one_out	component-04	concat_ecfp_pocket_ridge_S1	S1	RCSB-6U8O-Q1G-KD	construct-006-4c5802bc11cc	6.539102157243452	5.463180999610733			0.22807017543859648	0.22163588390501318
union_component_leave_one_out	component-04	concat_ecfp_pocket_ridge_S1	S1	RCSB-6UIF-Q8P-KD	construct-006-4c5802bc11cc	6.769551078621726	5.6395706463270505			0.15384615384615385	0.22163588390501318
union_component_leave_one_out	component-04	concat_ecfp_pocket_ridge_S1	S1	RCSB-6UJ4-Q8S-KD	construct-006-4c5802bc11cc	6.769551078621726	5.704049655507725			0.17647058823529413	0.22163588390501318
union_component_leave_one_out	component-04	concat_ecfp_pocket_ridge_S1	S1	RCSB-6UHY-Q8G-KD	construct-006-4c5802bc11cc	1.6989700043360187	4.904829909671255			0.2545454545454545	0.22163588390501318
union_component_leave_one_out	component-04	concat_ecfp_pocket_ridge_S1	S1	RCSB-6UOZ-QF1-KD	construct-006-4c5802bc11cc	7.0	5.633684719549635			0.16666666666666666	0.22163588390501318
union_component_leave_one_out	component-04	concat_ecfp_pocket_ridge_S1	S1	RCSB-6U5M-Q0S-KD	construct-006-4c5802bc11cc	6.291579099865287	5.682550533838566			0.20253164556962025	0.22163588390501318
union_component_leave_one_out	component-04	concat_ecfp_pocket_ridge_S1	S1	RCSB-6U8L-Q1P-KD	construct-006-4c5802bc11cc	6.913640169325252	5.302431773408712			0.18333333333333332	0.22163588390501318
union_component_leave_one_out	component-04	concat_gmolai_pocket_ridge_S1	S1	RCSB-6UIK-Q8M-KD	construct-006-4c5802bc11cc	6.3979400086720375	6.23699550055251			0.15306122448979592	0.22163588390501318
union_component_leave_one_out	component-04	concat_gmolai_pocket_ridge_S1	S1	RCSB-6U8O-Q1G-KD	construct-006-4c5802bc11cc	6.539102157243452	6.349408385350695			0.22807017543859648	0.22163588390501318
union_component_leave_one_out	component-04	concat_gmolai_pocket_ridge_S1	S1	RCSB-6UIF-Q8P-KD	construct-006-4c5802bc11cc	6.769551078621726	6.369749555229879			0.15384615384615385	0.22163588390501318
union_component_leave_one_out	component-04	concat_gmolai_pocket_ridge_S1	S1	RCSB-6UJ4-Q8S-KD	construct-006-4c5802bc11cc	6.769551078621726	6.221427360945524			0.17647058823529413	0.22163588390501318
union_component_leave_one_out	component-04	concat_gmolai_pocket_ridge_S1	S1	RCSB-6UHY-Q8G-KD	construct-006-4c5802bc11cc	1.6989700043360187	4.851459293718766			0.2545454545454545	0.22163588390501318
union_component_leave_one_out	component-04	concat_gmolai_pocket_ridge_S1	S1	RCSB-6UOZ-QF1-KD	construct-006-4c5802bc11cc	7.0	6.927060895859727			0.16666666666666666	0.22163588390501318
union_component_leave_one_out	component-04	concat_gmolai_pocket_ridge_S1	S1	RCSB-6U5M-Q0S-KD	construct-006-4c5802bc11cc	6.291579099865287	5.824381942431452			0.20253164556962025	0.22163588390501318
union_component_leave_one_out	component-04	concat_gmolai_pocket_ridge_S1	S1	RCSB-6U8L-Q1P-KD	construct-006-4c5802bc11cc	6.913640169325252	5.449563175353506			0.18333333333333332	0.22163588390501318
union_component_leave_one_out	component-04	negative_pocket_permuted_concat_gmolai_S0	S0_negative_control	RCSB-6UIK-Q8M-KD	construct-006-4c5802bc11cc	6.3979400086720375	6.205148996692143			0.15306122448979592	0.22163588390501318
union_component_leave_one_out	component-04	negative_pocket_permuted_concat_gmolai_S0	S0_negative_control	RCSB-6U8O-Q1G-KD	construct-006-4c5802bc11cc	6.539102157243452	6.272766099021414			0.22807017543859648	0.22163588390501318
union_component_leave_one_out	component-04	negative_pocket_permuted_concat_gmolai_S0	S0_negative_control	RCSB-6UIF-Q8P-KD	construct-006-4c5802bc11cc	6.769551078621726	6.324094166486326			0.15384615384615385	0.22163588390501318
union_component_leave_one_out	component-04	negative_pocket_permuted_concat_gmolai_S0	S0_negative_control	RCSB-6UJ4-Q8S-KD	construct-006-4c5802bc11cc	6.769551078621726	6.183300025482308			0.17647058823529413	0.22163588390501318
union_component_leave_one_out	component-04	negative_pocket_permuted_concat_gmolai_S0	S0_negative_control	RCSB-6UHY-Q8G-KD	construct-006-4c5802bc11cc	1.6989700043360187	4.79025980508274			0.2545454545454545	0.22163588390501318
union_component_leave_one_out	component-04	negative_pocket_permuted_concat_gmolai_S0	S0_negative_control	RCSB-6UOZ-QF1-KD	construct-006-4c5802bc11cc	7.0	6.955898517592619			0.16666666666666666	0.22163588390501318
union_component_leave_one_out	component-04	negative_pocket_permuted_concat_gmolai_S0	S0_negative_control	RCSB-6U5M-Q0S-KD	construct-006-4c5802bc11cc	6.291579099865287	5.7322903979028			0.20253164556962025	0.22163588390501318
union_component_leave_one_out	component-04	negative_pocket_permuted_concat_gmolai_S0	S0_negative_control	RCSB-6U8L-Q1P-KD	construct-006-4c5802bc11cc	6.913640169325252	5.399697834016976			0.18333333333333332	0.22163588390501318
union_component_leave_one_out	component-04	additive_gmolai_pocket_equal_S0	S0	RCSB-6UIK-Q8M-KD	construct-006-4c5802bc11cc	6.3979400086720375	5.657062806593439			0.15306122448979592	0.22163588390501318
union_component_leave_one_out	component-04	additive_gmolai_pocket_equal_S0	S0	RCSB-6U8O-Q1G-KD	construct-006-4c5802bc11cc	6.539102157243452	5.692380122321292			0.22807017543859648	0.22163588390501318
union_component_leave_one_out	component-04	additive_gmolai_pocket_equal_S0	S0	RCSB-6UIF-Q8P-KD	construct-006-4c5802bc11cc	6.769551078621726	5.814881399336397			0.15384615384615385	0.22163588390501318
union_component_leave_one_out	component-04	additive_gmolai_pocket_equal_S0	S0	RCSB-6UJ4-Q8S-KD	construct-006-4c5802bc11cc	6.769551078621726	5.699015482342652			0.17647058823529413	0.22163588390501318
union_component_leave_one_out	component-04	additive_gmolai_pocket_equal_S0	S0	RCSB-6UHY-Q8G-KD	construct-006-4c5802bc11cc	1.6989700043360187	4.768139415882819			0.2545454545454545	0.22163588390501318
union_component_leave_one_out	component-04	additive_gmolai_pocket_equal_S0	S0	RCSB-6UOZ-QF1-KD	construct-006-4c5802bc11cc	7.0	6.098404987128119			0.16666666666666666	0.22163588390501318
union_component_leave_one_out	component-04	additive_gmolai_pocket_equal_S0	S0	RCSB-6U5M-Q0S-KD	construct-006-4c5802bc11cc	6.291579099865287	5.432296263600405			0.20253164556962025	0.22163588390501318
union_component_leave_one_out	component-04	additive_gmolai_pocket_equal_S0	S0	RCSB-6U8L-Q1P-KD	construct-006-4c5802bc11cc	6.913640169325252	5.191439605036133			0.18333333333333332	0.22163588390501318
union_component_leave_one_out	component-04	additive_gmolai_pocket_equal_S1	S1	RCSB-6UIK-Q8M-KD	construct-006-4c5802bc11cc	6.3979400086720375	5.783973272381994			0.15306122448979592	0.22163588390501318
union_component_leave_one_out	component-04	additive_gmolai_pocket_equal_S1	S1	RCSB-6U8O-Q1G-KD	construct-006-4c5802bc11cc	6.539102157243452	5.849696777501032			0.22807017543859648	0.22163588390501318
union_component_leave_one_out	component-04	additive_gmolai_pocket_equal_S1	S1	RCSB-6UIF-Q8P-KD	construct-006-4c5802bc11cc	6.769551078621726	5.9696569917348			0.15384615384615385	0.22163588390501318
union_component_leave_one_out	component-04	additive_gmolai_pocket_equal_S1	S1	RCSB-6UJ4-Q8S-KD	construct-006-4c5802bc11cc	6.769551078621726	5.8162650397557645			0.17647058823529413	0.22163588390501318
union_component_leave_one_out	component-04	additive_gmolai_pocket_equal_S1	S1	RCSB-6UHY-Q8G-KD	construct-006-4c5802bc11cc	1.6989700043360187	4.8938278786591995			0.2545454545454545	0.22163588390501318
union_component_leave_one_out	component-04	additive_gmolai_pocket_equal_S1	S1	RCSB-6UOZ-QF1-KD	construct-006-4c5802bc11cc	7.0	6.277298900008815			0.16666666666666666	0.22163588390501318
union_component_leave_one_out	component-04	additive_gmolai_pocket_equal_S1	S1	RCSB-6U5M-Q0S-KD	construct-006-4c5802bc11cc	6.291579099865287	5.590870295948427			0.20253164556962025	0.22163588390501318
union_component_leave_one_out	component-04	additive_gmolai_pocket_equal_S1	S1	RCSB-6U8L-Q1P-KD	construct-006-4c5802bc11cc	6.913640169325252	5.3432977141046685			0.18333333333333332	0.22163588390501318
union_component_leave_one_out	component-04	ligand_ecfp_knn	ligand_only	RCSB-6UIK-Q8M-KD	construct-006-4c5802bc11cc	6.3979400086720375	6.101536570896512	RCSB-6FO5-DZH-KD	0.15306122448979592	0.15306122448979592	0.22163588390501318
union_component_leave_one_out	component-04	ligand_ecfp_knn	ligand_only	RCSB-6U8O-Q1G-KD	construct-006-4c5802bc11cc	6.539102157243452	5.446360664042679	RCSB-5C85-4YO-KD	0.22807017543859648	0.22807017543859648	0.22163588390501318
union_component_leave_one_out	component-04	ligand_ecfp_knn	ligand_only	RCSB-6UIF-Q8P-KD	construct-006-4c5802bc11cc	6.769551078621726	5.494714111221538	RCSB-5MYG-LS8-KD	0.15384615384615385	0.15384615384615385	0.22163588390501318
union_component_leave_one_out	component-04	ligand_ecfp_knn	ligand_only	RCSB-6UJ4-Q8S-KD	construct-006-4c5802bc11cc	6.769551078621726	7.087507043822044	RCSB-5MYG-LS8-KD	0.17647058823529413	0.17647058823529413	0.22163588390501318
union_component_leave_one_out	component-04	ligand_ecfp_knn	ligand_only	RCSB-6UHY-Q8G-KD	construct-006-4c5802bc11cc	1.6989700043360187	4.200524382006393	RCSB-5DYA-5GV-KD	0.2545454545454545	0.2545454545454545	0.22163588390501318
union_component_leave_one_out	component-04	ligand_ecfp_knn	ligand_only	RCSB-6UOZ-QF1-KD	construct-006-4c5802bc11cc	7.0	6.280618914211325	RCSB-5OV8-AXN-KD	0.16666666666666666	0.16666666666666666	0.22163588390501318
union_component_leave_one_out	component-04	ligand_ecfp_knn	ligand_only	RCSB-6U5M-Q0S-KD	construct-006-4c5802bc11cc	6.291579099865287	6.5556695406114285	RCSB-5D26-L28-KD	0.20253164556962025	0.20253164556962025	0.22163588390501318
union_component_leave_one_out	component-04	ligand_ecfp_knn	ligand_only	RCSB-6U8L-Q1P-KD	construct-006-4c5802bc11cc	6.913640169325252	4.666192497365209	RCSB-5C85-4YO-KD	0.18333333333333332	0.18333333333333332	0.22163588390501318
union_component_leave_one_out	component-04	ligand_gmolai_knn	ligand_only	RCSB-6UIK-Q8M-KD	construct-006-4c5802bc11cc	6.3979400086720375	4.732340027559722	RCSB-5O1B-9H2-KD	0.5125902769831499	0.15306122448979592	0.22163588390501318
union_component_leave_one_out	component-04	ligand_gmolai_knn	ligand_only	RCSB-6U8O-Q1G-KD	construct-006-4c5802bc11cc	6.539102157243452	6.24386742294245	RCSB-6RQB-Q47-KD	0.4942640034337833	0.22807017543859648	0.22163588390501318
union_component_leave_one_out	component-04	ligand_gmolai_knn	ligand_only	RCSB-6UIF-Q8P-KD	construct-006-4c5802bc11cc	6.769551078621726	5.651144430631519	RCSB-5D3L-57F-KD	0.5516804787339658	0.15384615384615385	0.22163588390501318
union_component_leave_one_out	component-04	ligand_gmolai_knn	ligand_only	RCSB-6UJ4-Q8S-KD	construct-006-4c5802bc11cc	6.769551078621726	4.736772597163499	RCSB-5O1B-9H2-KD	0.5070674240801212	0.17647058823529413	0.22163588390501318
union_component_leave_one_out	component-04	ligand_gmolai_knn	ligand_only	RCSB-6UHY-Q8G-KD	construct-006-4c5802bc11cc	1.6989700043360187	4.821522373868413	RCSB-7MR9-ZMM-KD	0.588704326245172	0.2545454545454545	0.22163588390501318
union_component_leave_one_out	component-04	ligand_gmolai_knn	ligand_only	RCSB-6UOZ-QF1-KD	construct-006-4c5802bc11cc	7.0	5.444226047107862	RCSB-5OV8-AXN-KD	0.5001538271158784	0.16666666666666666	0.22163588390501318
union_component_leave_one_out	component-04	ligand_gmolai_knn	ligand_only	RCSB-6U5M-Q0S-KD	construct-006-4c5802bc11cc	6.291579099865287	4.849407741803027	RCSB-8A92-LE9-KD	0.4962986236365412	0.20253164556962025	0.22163588390501318
union_component_leave_one_out	component-04	ligand_gmolai_knn	ligand_only	RCSB-6U8L-Q1P-KD	construct-006-4c5802bc11cc	6.913640169325252	5.63717209278814	RCSB-5D26-L28-KD	0.6254704751920682	0.18333333333333332	0.22163588390501318
union_component_leave_one_out	component-04	protein_sequence_identity_knn	sequence_only	RCSB-6UIK-Q8M-KD	construct-006-4c5802bc11cc	6.3979400086720375	5.406663232594449	RCSB-4UG5-XFK-KD	0.22163588390501318	0.15306122448979592	0.22163588390501318
union_component_leave_one_out	component-04	protein_sequence_identity_knn	sequence_only	RCSB-6U8O-Q1G-KD	construct-006-4c5802bc11cc	6.539102157243452	5.406663232594449	RCSB-4UG5-XFK-KD	0.22163588390501318	0.22807017543859648	0.22163588390501318
union_component_leave_one_out	component-04	protein_sequence_identity_knn	sequence_only	RCSB-6UIF-Q8P-KD	construct-006-4c5802bc11cc	6.769551078621726	5.406663232594449	RCSB-4UG5-XFK-KD	0.22163588390501318	0.15384615384615385	0.22163588390501318
union_component_leave_one_out	component-04	protein_sequence_identity_knn	sequence_only	RCSB-6UJ4-Q8S-KD	construct-006-4c5802bc11cc	6.769551078621726	5.406663232594449	RCSB-4UG5-XFK-KD	0.22163588390501318	0.17647058823529413	0.22163588390501318
union_component_leave_one_out	component-04	protein_sequence_identity_knn	sequence_only	RCSB-6UHY-Q8G-KD	construct-006-4c5802bc11cc	1.6989700043360187	5.406663232594449	RCSB-4UG5-XFK-KD	0.22163588390501318	0.2545454545454545	0.22163588390501318
union_component_leave_one_out	component-04	protein_sequence_identity_knn	sequence_only	RCSB-6UOZ-QF1-KD	construct-006-4c5802bc11cc	7.0	5.406663232594449	RCSB-4UG5-XFK-KD	0.22163588390501318	0.16666666666666666	0.22163588390501318
union_component_leave_one_out	component-04	protein_sequence_identity_knn	sequence_only	RCSB-6U5M-Q0S-KD	construct-006-4c5802bc11cc	6.291579099865287	5.406663232594449	RCSB-4UG5-XFK-KD	0.22163588390501318	0.20253164556962025	0.22163588390501318
union_component_leave_one_out	component-04	protein_sequence_identity_knn	sequence_only	RCSB-6U8L-Q1P-KD	construct-006-4c5802bc11cc	6.913640169325252	5.406663232594449	RCSB-4UG5-XFK-KD	0.22163588390501318	0.18333333333333332	0.22163588390501318
union_component_leave_one_out	component-04	pocket_structure_knn_S0	S0	RCSB-6UIK-Q8M-KD	construct-006-4c5802bc11cc	6.3979400086720375	4.464631154427932	RCSB-6RQ9-KEQ-KD	0.29853220728454793	0.15306122448979592	0.22163588390501318
union_component_leave_one_out	component-04	pocket_structure_knn_S0	S0	RCSB-6U8O-Q1G-KD	construct-006-4c5802bc11cc	6.539102157243452	4.460810729812715	RCSB-6RQ1-KE5-KD	0.3063076118637147	0.22807017543859648	0.22163588390501318
union_component_leave_one_out	component-04	pocket_structure_knn_S0	S0	RCSB-6UIF-Q8P-KD	construct-006-4c5802bc11cc	6.769551078621726	6.594596331198136	RCSB-4PS5-2TA-KD	0.30040471318022577	0.15384615384615385	0.22163588390501318
union_component_leave_one_out	component-04	pocket_structure_knn_S0	S0	RCSB-6UJ4-Q8S-KD	construct-006-4c5802bc11cc	6.769551078621726	6.595580845492292	RCSB-4O76-1M3-KD	0.2950269442864106	0.17647058823529413	0.22163588390501318
union_component_leave_one_out	component-04	pocket_structure_knn_S0	S0	RCSB-6UHY-Q8G-KD	construct-006-4c5802bc11cc	1.6989700043360187	4.466960151362203	RCSB-6RQ9-KEQ-KD	0.308058902868459	0.2545454545454545	0.22163588390501318
union_component_leave_one_out	component-04	pocket_structure_knn_S0	S0	RCSB-6UOZ-QF1-KD	construct-006-4c5802bc11cc	7.0	5.43485936141389	RCSB-4PS5-2TA-KD	0.29936724670861276	0.16666666666666666	0.22163588390501318
union_component_leave_one_out	component-04	pocket_structure_knn_S0	S0	RCSB-6U5M-Q0S-KD	construct-006-4c5802bc11cc	6.291579099865287	5.30295202724548	RCSB-4PS5-2TA-KD	0.2999063257411687	0.20253164556962025	0.22163588390501318
union_component_leave_one_out	component-04	pocket_structure_knn_S0	S0	RCSB-6U8L-Q1P-KD	construct-006-4c5802bc11cc	6.913640169325252	4.462666111586109	RCSB-6RQ1-KE5-KD	0.3053061679855266	0.18333333333333332	0.22163588390501318
union_component_leave_one_out	component-04	two_sided_ecfp_pocket_knn_S0	S0	RCSB-6UIK-Q8M-KD	construct-006-4c5802bc11cc	6.3979400086720375	6.445675352717831	RCSB-6FO5-DZH-KD	0.2047094117471665	0.15306122448979592	0.22163588390501318
union_component_leave_one_out	component-04	two_sided_ecfp_pocket_knn_S0	S0	RCSB-6U8O-Q1G-KD	construct-006-4c5802bc11cc	6.539102157243452	5.613636946088091	RCSB-5D26-L28-KD	0.23115260719967068	0.22807017543859648	0.22163588390501318
union_component_leave_one_out	component-04	two_sided_ecfp_pocket_knn_S0	S0	RCSB-6UIF-Q8P-KD	construct-006-4c5802bc11cc	6.769551078621726	6.589915590330828	RCSB-4PS5-2TA-KD	0.2101836428054628	0.15384615384615385	0.22163588390501318
union_component_leave_one_out	component-04	two_sided_ecfp_pocket_knn_S0	S0	RCSB-6UJ4-Q8S-KD	construct-006-4c5802bc11cc	6.769551078621726	6.918036467722945	RCSB-4PS5-2TA-KD	0.22148066615526088	0.17647058823529413	0.22163588390501318
union_component_leave_one_out	component-04	two_sided_ecfp_pocket_knn_S0	S0	RCSB-6UHY-Q8G-KD	construct-006-4c5802bc11cc	1.6989700043360187	4.140623198466094	RCSB-5O55-9L5-KD	0.23970376910178615	0.2545454545454545	0.22163588390501318
union_component_leave_one_out	component-04	two_sided_ecfp_pocket_knn_S0	S0	RCSB-6UOZ-QF1-KD	construct-006-4c5802bc11cc	7.0	6.920757060959361	RCSB-4PS5-2TA-KD	0.21297575858235418	0.16666666666666666	0.22163588390501318
union_component_leave_one_out	component-04	two_sided_ecfp_pocket_knn_S0	S0	RCSB-6U5M-Q0S-KD	construct-006-4c5802bc11cc	6.291579099865287	6.339586435658116	RCSB-5D26-L28-KD	0.2456051167226519	0.20253164556962025	0.22163588390501318
union_component_leave_one_out	component-04	two_sided_ecfp_pocket_knn_S0	S0	RCSB-6U8L-Q1P-KD	construct-006-4c5802bc11cc	6.913640169325252	5.7718400774095295	RCSB-6RQ6-R2H-KD	0.231777594113139	0.18333333333333332	0.22163588390501318
union_component_leave_one_out	component-04	pocket_structure_knn_S1	S1	RCSB-6UIK-Q8M-KD	construct-006-4c5802bc11cc	6.3979400086720375	6.595588673878085	RCSB-4O76-1M3-KD	0.30132763056047435	0.15306122448979592	0.22163588390501318
union_component_leave_one_out	component-04	pocket_structure_knn_S1	S1	RCSB-6U8O-Q1G-KD	construct-006-4c5802bc11cc	6.539102157243452	6.595588673878085	RCSB-4O76-1M3-KD	0.30132763056047435	0.22807017543859648	0.22163588390501318
union_component_leave_one_out	component-04	pocket_structure_knn_S1	S1	RCSB-6UIF-Q8P-KD	construct-006-4c5802bc11cc	6.769551078621726	6.595588673878085	RCSB-4O76-1M3-KD	0.30132763056047435	0.15384615384615385	0.22163588390501318
union_component_leave_one_out	component-04	pocket_structure_knn_S1	S1	RCSB-6UJ4-Q8S-KD	construct-006-4c5802bc11cc	6.769551078621726	6.595588673878085	RCSB-4O76-1M3-KD	0.30132763056047435	0.17647058823529413	0.22163588390501318
union_component_leave_one_out	component-04	pocket_structure_knn_S1	S1	RCSB-6UHY-Q8G-KD	construct-006-4c5802bc11cc	1.6989700043360187	6.595588673878085	RCSB-4O76-1M3-KD	0.30132763056047435	0.2545454545454545	0.22163588390501318
union_component_leave_one_out	component-04	pocket_structure_knn_S1	S1	RCSB-6UOZ-QF1-KD	construct-006-4c5802bc11cc	7.0	6.595588673878085	RCSB-4O76-1M3-KD	0.30132763056047435	0.16666666666666666	0.22163588390501318
union_component_leave_one_out	component-04	pocket_structure_knn_S1	S1	RCSB-6U5M-Q0S-KD	construct-006-4c5802bc11cc	6.291579099865287	6.595588673878085	RCSB-4O76-1M3-KD	0.30132763056047435	0.20253164556962025	0.22163588390501318
union_component_leave_one_out	component-04	pocket_structure_knn_S1	S1	RCSB-6U8L-Q1P-KD	construct-006-4c5802bc11cc	6.913640169325252	6.595588673878085	RCSB-4O76-1M3-KD	0.30132763056047435	0.18333333333333332	0.22163588390501318
union_component_leave_one_out	component-04	two_sided_ecfp_pocket_knn_S1	S1	RCSB-6UIK-Q8M-KD	construct-006-4c5802bc11cc	6.3979400086720375	6.452402454215428	RCSB-6FO5-DZH-KD	0.2147593446306704	0.15306122448979592	0.22163588390501318
union_component_leave_one_out	component-04	two_sided_ecfp_pocket_knn_S1	S1	RCSB-6U8O-Q1G-KD	construct-006-4c5802bc11cc	6.539102157243452	5.611191018193001	RCSB-5D26-L28-KD	0.23477842326192386	0.22807017543859648	0.22163588390501318
union_component_leave_one_out	component-04	two_sided_ecfp_pocket_knn_S1	S1	RCSB-6UIF-Q8P-KD	construct-006-4c5802bc11cc	6.769551078621726	6.587455013034459	RCSB-4PS5-2TA-KD	0.21050626320166482	0.15384615384615385	0.22163588390501318
union_component_leave_one_out	component-04	two_sided_ecfp_pocket_knn_S1	S1	RCSB-6UJ4-Q8S-KD	construct-006-4c5802bc11cc	6.769551078621726	6.91861401975682	RCSB-4PS5-2TA-KD	0.22410103025215894	0.17647058823529413	0.22163588390501318
union_component_leave_one_out	component-04	two_sided_ecfp_pocket_knn_S1	S1	RCSB-6UHY-Q8G-KD	construct-006-4c5802bc11cc	1.6989700043360187	4.217198992070481	RCSB-5DYA-5GV-KD	0.2438482054265674	0.2545454545454545	0.22163588390501318
union_component_leave_one_out	component-04	two_sided_ecfp_pocket_knn_S1	S1	RCSB-6UOZ-QF1-KD	construct-006-4c5802bc11cc	7.0	6.922199919191694	RCSB-4PS5-2TA-KD	0.21367194855682828	0.16666666666666666	0.22163588390501318
union_component_leave_one_out	component-04	two_sided_ecfp_pocket_knn_S1	S1	RCSB-6U5M-Q0S-KD	construct-006-4c5802bc11cc	6.291579099865287	6.338776352728528	RCSB-5D26-L28-KD	0.24703922942117404	0.20253164556962025	0.22163588390501318
union_component_leave_one_out	component-04	two_sided_ecfp_pocket_knn_S1	S1	RCSB-6U8L-Q1P-KD	construct-006-4c5802bc11cc	6.913640169325252	5.774931637288696	RCSB-5D26-L28-KD	0.23335980952961927	0.18333333333333332	0.22163588390501318
union_component_leave_one_out	component-05	global_train_mean	no_input	RCSB-4O76-1M3-KD	construct-003-fbf3f5c695a3	6.910094888560602	4.809018070814794			0.2159090909090909	0.29545454545454547
union_component_leave_one_out	component-05	global_train_mean	no_input	RCSB-7MRA-ZMJ-KD	construct-003-fbf3f5c695a3	7.086186147616283	4.809018070814794			0.21333333333333335	0.29545454545454547
union_component_leave_one_out	component-05	global_train_mean	no_input	RCSB-5D26-L28-KD	construct-003-fbf3f5c695a3	6.0915149811213505	4.809018070814794			0.20253164556962025	0.29545454545454547
union_component_leave_one_out	component-05	global_train_mean	no_input	RCSB-5EGU-5NQ-KD	construct-003-fbf3f5c695a3	5.853871964321762	4.809018070814794			0.18085106382978725	0.29545454545454547
union_component_leave_one_out	component-05	global_train_mean	no_input	RCSB-6TPZ-NV2-KD	construct-003-fbf3f5c695a3	8.301029995663981	4.809018070814794			0.24096385542168675	0.29545454545454547
union_component_leave_one_out	component-05	global_train_mean	no_input	RCSB-6FO5-DZH-KD	construct-003-fbf3f5c695a3	6.721246399047171	4.809018070814794			0.23655913978494625	0.29545454545454547
union_component_leave_one_out	component-05	global_train_mean	no_input	RCSB-7AXR-S7T-KD	construct-003-fbf3f5c695a3	4.940058111938045	4.809018070814794			0.26582278481012656	0.29545454545454547
union_component_leave_one_out	component-05	global_train_mean	no_input	RCSB-6FSY-E5Q-KD	construct-003-fbf3f5c695a3	6.607303046740334	4.809018070814794			0.2037037037037037	0.29545454545454547
union_component_leave_one_out	component-05	global_train_mean	no_input	RCSB-4PS5-2TA-KD	construct-003-fbf3f5c695a3	6.785156151952302	4.809018070814794			0.22580645161290322	0.29545454545454547
union_component_leave_one_out	component-05	global_train_mean	no_input	RCSB-7MR9-ZMM-KD	construct-003-fbf3f5c695a3	6.474955192963154	4.809018070814794			0.21818181818181817	0.29545454545454547
union_component_leave_one_out	component-05	global_train_mean	no_input	RCSB-5D3L-57F-KD	construct-003-fbf3f5c695a3	6.055517327849831	4.809018070814794			0.175	0.29545454545454547
union_component_leave_one_out	component-05	global_train_mean	no_input	RCSB-6Q3Z-HG8-KD	construct-003-fbf3f5c695a3	7.356547323513812	4.809018070814794			0.16666666666666666	0.29545454545454547
union_component_leave_one_out	component-05	global_train_mean	no_input	RCSB-5EIS-5OU-KD	construct-003-fbf3f5c695a3	5.7447274948966935	4.809018070814794			0.21518987341772153	0.29545454545454547
union_component_leave_one_out	component-05	global_train_mean	no_input	RCSB-5D3T-56Y-KD	construct-003-fbf3f5c695a3	4.920818753952375	4.809018070814794			0.2716049382716049	0.29545454545454547
union_component_leave_one_out	component-05	global_train_mean	no_input	RCSB-6Q3Y-HG5-KD	construct-003-fbf3f5c695a3	7.267606240177031	4.809018070814794			0.17475728155339806	0.29545454545454547
union_component_leave_one_out	component-05	target_mean_or_global_fallback	target_identity	RCSB-4O76-1M3-KD	construct-003-fbf3f5c695a3	6.910094888560602	4.809018070814794			0.2159090909090909	0.29545454545454547
union_component_leave_one_out	component-05	target_mean_or_global_fallback	target_identity	RCSB-7MRA-ZMJ-KD	construct-003-fbf3f5c695a3	7.086186147616283	4.809018070814794			0.21333333333333335	0.29545454545454547
union_component_leave_one_out	component-05	target_mean_or_global_fallback	target_identity	RCSB-5D26-L28-KD	construct-003-fbf3f5c695a3	6.0915149811213505	4.809018070814794			0.20253164556962025	0.29545454545454547
union_component_leave_one_out	component-05	target_mean_or_global_fallback	target_identity	RCSB-5EGU-5NQ-KD	construct-003-fbf3f5c695a3	5.853871964321762	4.809018070814794			0.18085106382978725	0.29545454545454547
union_component_leave_one_out	component-05	target_mean_or_global_fallback	target_identity	RCSB-6TPZ-NV2-KD	construct-003-fbf3f5c695a3	8.301029995663981	4.809018070814794			0.24096385542168675	0.29545454545454547
union_component_leave_one_out	component-05	target_mean_or_global_fallback	target_identity	RCSB-6FO5-DZH-KD	construct-003-fbf3f5c695a3	6.721246399047171	4.809018070814794			0.23655913978494625	0.29545454545454547
union_component_leave_one_out	component-05	target_mean_or_global_fallback	target_identity	RCSB-7AXR-S7T-KD	construct-003-fbf3f5c695a3	4.940058111938045	4.809018070814794			0.26582278481012656	0.29545454545454547
union_component_leave_one_out	component-05	target_mean_or_global_fallback	target_identity	RCSB-6FSY-E5Q-KD	construct-003-fbf3f5c695a3	6.607303046740334	4.809018070814794			0.2037037037037037	0.29545454545454547
union_component_leave_one_out	component-05	target_mean_or_global_fallback	target_identity	RCSB-4PS5-2TA-KD	construct-003-fbf3f5c695a3	6.785156151952302	4.809018070814794			0.22580645161290322	0.29545454545454547
union_component_leave_one_out	component-05	target_mean_or_global_fallback	target_identity	RCSB-7MR9-ZMM-KD	construct-003-fbf3f5c695a3	6.474955192963154	4.809018070814794			0.21818181818181817	0.29545454545454547
union_component_leave_one_out	component-05	target_mean_or_global_fallback	target_identity	RCSB-5D3L-57F-KD	construct-003-fbf3f5c695a3	6.055517327849831	4.809018070814794			0.175	0.29545454545454547
union_component_leave_one_out	component-05	target_mean_or_global_fallback	target_identity	RCSB-6Q3Z-HG8-KD	construct-003-fbf3f5c695a3	7.356547323513812	4.809018070814794			0.16666666666666666	0.29545454545454547
union_component_leave_one_out	component-05	target_mean_or_global_fallback	target_identity	RCSB-5EIS-5OU-KD	construct-003-fbf3f5c695a3	5.7447274948966935	4.809018070814794			0.21518987341772153	0.29545454545454547
union_component_leave_one_out	component-05	target_mean_or_global_fallback	target_identity	RCSB-5D3T-56Y-KD	construct-003-fbf3f5c695a3	4.920818753952375	4.809018070814794			0.2716049382716049	0.29545454545454547
union_component_leave_one_out	component-05	target_mean_or_global_fallback	target_identity	RCSB-6Q3Y-HG5-KD	construct-003-fbf3f5c695a3	7.267606240177031	4.809018070814794			0.17475728155339806	0.29545454545454547
union_component_leave_one_out	component-05	nuisance_ridge	metadata_only	RCSB-4O76-1M3-KD	construct-003-fbf3f5c695a3	6.910094888560602	4.493311460722431			0.2159090909090909	0.29545454545454547
union_component_leave_one_out	component-05	nuisance_ridge	metadata_only	RCSB-7MRA-ZMJ-KD	construct-003-fbf3f5c695a3	7.086186147616283	4.858541680751113			0.21333333333333335	0.29545454545454547
union_component_leave_one_out	component-05	nuisance_ridge	metadata_only	RCSB-5D26-L28-KD	construct-003-fbf3f5c695a3	6.0915149811213505	4.640996052277422			0.20253164556962025	0.29545454545454547
union_component_leave_one_out	component-05	nuisance_ridge	metadata_only	RCSB-5EGU-5NQ-KD	construct-003-fbf3f5c695a3	5.853871964321762	4.727219755232912			0.18085106382978725	0.29545454545454547
union_component_leave_one_out	component-05	nuisance_ridge	metadata_only	RCSB-6TPZ-NV2-KD	construct-003-fbf3f5c695a3	8.301029995663981	4.768118471415281			0.24096385542168675	0.29545454545454547
union_component_leave_one_out	component-05	nuisance_ridge	metadata_only	RCSB-6FO5-DZH-KD	construct-003-fbf3f5c695a3	6.721246399047171	4.569805090176169			0.23655913978494625	0.29545454545454547
union_component_leave_one_out	component-05	nuisance_ridge	metadata_only	RCSB-7AXR-S7T-KD	construct-003-fbf3f5c695a3	4.940058111938045	4.8731339521074535			0.26582278481012656	0.29545454545454547
union_component_leave_one_out	component-05	nuisance_ridge	metadata_only	RCSB-6FSY-E5Q-KD	construct-003-fbf3f5c695a3	6.607303046740334	4.656028793131659			0.2037037037037037	0.29545454545454547
union_component_leave_one_out	component-05	nuisance_ridge	metadata_only	RCSB-4PS5-2TA-KD	construct-003-fbf3f5c695a3	6.785156151952302	4.426985535372054			0.22580645161290322	0.29545454545454547
union_component_leave_one_out	component-05	nuisance_ridge	metadata_only	RCSB-7MR9-ZMM-KD	construct-003-fbf3f5c695a3	6.474955192963154	4.865174273286151			0.21818181818181817	0.29545454545454547
union_component_leave_one_out	component-05	nuisance_ridge	metadata_only	RCSB-5D3L-57F-KD	construct-003-fbf3f5c695a3	6.055517327849831	4.570248398570354			0.175	0.29545454545454547
union_component_leave_one_out	component-05	nuisance_ridge	metadata_only	RCSB-6Q3Z-HG8-KD	construct-003-fbf3f5c695a3	7.356547323513812	4.862522939609908			0.16666666666666666	0.29545454545454547
union_component_leave_one_out	component-05	nuisance_ridge	metadata_only	RCSB-5EIS-5OU-KD	construct-003-fbf3f5c695a3	5.7447274948966935	4.5923570403538125			0.21518987341772153	0.29545454545454547
union_component_leave_one_out	component-05	nuisance_ridge	metadata_only	RCSB-5D3T-56Y-KD	construct-003-fbf3f5c695a3	4.920818753952375	4.665315558239227			0.2716049382716049	0.29545454545454547
union_component_leave_one_out	component-05	nuisance_ridge	metadata_only	RCSB-6Q3Y-HG5-KD	construct-003-fbf3f5c695a3	7.267606240177031	4.685653805342237			0.17475728155339806	0.29545454545454547
union_component_leave_one_out	component-05	ligand_ecfp_ridge	ligand_only	RCSB-4O76-1M3-KD	construct-003-fbf3f5c695a3	6.910094888560602	5.047851870537974			0.2159090909090909	0.29545454545454547
union_component_leave_one_out	component-05	ligand_ecfp_ridge	ligand_only	RCSB-7MRA-ZMJ-KD	construct-003-fbf3f5c695a3	7.086186147616283	4.7360513031630775			0.21333333333333335	0.29545454545454547
union_component_leave_one_out	component-05	ligand_ecfp_ridge	ligand_only	RCSB-5D26-L28-KD	construct-003-fbf3f5c695a3	6.0915149811213505	4.972991039629242			0.20253164556962025	0.29545454545454547
union_component_leave_one_out	component-05	ligand_ecfp_ridge	ligand_only	RCSB-5EGU-5NQ-KD	construct-003-fbf3f5c695a3	5.853871964321762	5.139862406567113			0.18085106382978725	0.29545454545454547
union_component_leave_one_out	component-05	ligand_ecfp_ridge	ligand_only	RCSB-6TPZ-NV2-KD	construct-003-fbf3f5c695a3	8.301029995663981	4.9098416203696145			0.24096385542168675	0.29545454545454547
union_component_leave_one_out	component-05	ligand_ecfp_ridge	ligand_only	RCSB-6FO5-DZH-KD	construct-003-fbf3f5c695a3	6.721246399047171	5.227847668015191			0.23655913978494625	0.29545454545454547
union_component_leave_one_out	component-05	ligand_ecfp_ridge	ligand_only	RCSB-7AXR-S7T-KD	construct-003-fbf3f5c695a3	4.940058111938045	4.652762327408928			0.26582278481012656	0.29545454545454547
union_component_leave_one_out	component-05	ligand_ecfp_ridge	ligand_only	RCSB-6FSY-E5Q-KD	construct-003-fbf3f5c695a3	6.607303046740334	4.1886875186724035			0.2037037037037037	0.29545454545454547
union_component_leave_one_out	component-05	ligand_ecfp_ridge	ligand_only	RCSB-4PS5-2TA-KD	construct-003-fbf3f5c695a3	6.785156151952302	4.840860035479972			0.22580645161290322	0.29545454545454547
union_component_leave_one_out	component-05	ligand_ecfp_ridge	ligand_only	RCSB-7MR9-ZMM-KD	construct-003-fbf3f5c695a3	6.474955192963154	4.410960394424515			0.21818181818181817	0.29545454545454547
union_component_leave_one_out	component-05	ligand_ecfp_ridge	ligand_only	RCSB-5D3L-57F-KD	construct-003-fbf3f5c695a3	6.055517327849831	5.212720455281549			0.175	0.29545454545454547
union_component_leave_one_out	component-05	ligand_ecfp_ridge	ligand_only	RCSB-6Q3Z-HG8-KD	construct-003-fbf3f5c695a3	7.356547323513812	4.965516837848448			0.16666666666666666	0.29545454545454547
union_component_leave_one_out	component-05	ligand_ecfp_ridge	ligand_only	RCSB-5EIS-5OU-KD	construct-003-fbf3f5c695a3	5.7447274948966935	4.869291134432569			0.21518987341772153	0.29545454545454547
union_component_leave_one_out	component-05	ligand_ecfp_ridge	ligand_only	RCSB-5D3T-56Y-KD	construct-003-fbf3f5c695a3	4.920818753952375	4.489929627038822			0.2716049382716049	0.29545454545454547
union_component_leave_one_out	component-05	ligand_ecfp_ridge	ligand_only	RCSB-6Q3Y-HG5-KD	construct-003-fbf3f5c695a3	7.267606240177031	5.0769449521912655			0.17475728155339806	0.29545454545454547
union_component_leave_one_out	component-05	ligand_gmolai_ridge	ligand_only	RCSB-4O76-1M3-KD	construct-003-fbf3f5c695a3	6.910094888560602	5.7613806089729644			0.2159090909090909	0.29545454545454547
union_component_leave_one_out	component-05	ligand_gmolai_ridge	ligand_only	RCSB-7MRA-ZMJ-KD	construct-003-fbf3f5c695a3	7.086186147616283	5.321745428863654			0.21333333333333335	0.29545454545454547
union_component_leave_one_out	component-05	ligand_gmolai_ridge	ligand_only	RCSB-5D26-L28-KD	construct-003-fbf3f5c695a3	6.0915149811213505	5.7324534238500595			0.20253164556962025	0.29545454545454547
union_component_leave_one_out	component-05	ligand_gmolai_ridge	ligand_only	RCSB-5EGU-5NQ-KD	construct-003-fbf3f5c695a3	5.853871964321762	4.821845154952461			0.18085106382978725	0.29545454545454547
union_component_leave_one_out	component-05	ligand_gmolai_ridge	ligand_only	RCSB-6TPZ-NV2-KD	construct-003-fbf3f5c695a3	8.301029995663981	4.691315418186352			0.24096385542168675	0.29545454545454547
union_component_leave_one_out	component-05	ligand_gmolai_ridge	ligand_only	RCSB-6FO5-DZH-KD	construct-003-fbf3f5c695a3	6.721246399047171	5.776382695263419			0.23655913978494625	0.29545454545454547
union_component_leave_one_out	component-05	ligand_gmolai_ridge	ligand_only	RCSB-7AXR-S7T-KD	construct-003-fbf3f5c695a3	4.940058111938045	4.562374961487518			0.26582278481012656	0.29545454545454547
union_component_leave_one_out	component-05	ligand_gmolai_ridge	ligand_only	RCSB-6FSY-E5Q-KD	construct-003-fbf3f5c695a3	6.607303046740334	4.724368911603736			0.2037037037037037	0.29545454545454547
union_component_leave_one_out	component-05	ligand_gmolai_ridge	ligand_only	RCSB-4PS5-2TA-KD	construct-003-fbf3f5c695a3	6.785156151952302	5.69146848785676			0.22580645161290322	0.29545454545454547
union_component_leave_one_out	component-05	ligand_gmolai_ridge	ligand_only	RCSB-7MR9-ZMM-KD	construct-003-fbf3f5c695a3	6.474955192963154	4.265332126860308			0.21818181818181817	0.29545454545454547
union_component_leave_one_out	component-05	ligand_gmolai_ridge	ligand_only	RCSB-5D3L-57F-KD	construct-003-fbf3f5c695a3	6.055517327849831	5.7012609569324875			0.175	0.29545454545454547
union_component_leave_one_out	component-05	ligand_gmolai_ridge	ligand_only	RCSB-6Q3Z-HG8-KD	construct-003-fbf3f5c695a3	7.356547323513812	4.78869427336227			0.16666666666666666	0.29545454545454547
union_component_leave_one_out	component-05	ligand_gmolai_ridge	ligand_only	RCSB-5EIS-5OU-KD	construct-003-fbf3f5c695a3	5.7447274948966935	4.507979655109945			0.21518987341772153	0.29545454545454547
union_component_leave_one_out	component-05	ligand_gmolai_ridge	ligand_only	RCSB-5D3T-56Y-KD	construct-003-fbf3f5c695a3	4.920818753952375	4.340266740364176			0.2716049382716049	0.29545454545454547
union_component_leave_one_out	component-05	ligand_gmolai_ridge	ligand_only	RCSB-6Q3Y-HG5-KD	construct-003-fbf3f5c695a3	7.267606240177031	4.708117847001534			0.17475728155339806	0.29545454545454547
union_component_leave_one_out	component-05	protein_sequence_ridge	sequence_only	RCSB-4O76-1M3-KD	construct-003-fbf3f5c695a3	6.910094888560602	4.904025553398844			0.2159090909090909	0.29545454545454547
union_component_leave_one_out	component-05	protein_sequence_ridge	sequence_only	RCSB-7MRA-ZMJ-KD	construct-003-fbf3f5c695a3	7.086186147616283	4.904025553398844			0.21333333333333335	0.29545454545454547
union_component_leave_one_out	component-05	protein_sequence_ridge	sequence_only	RCSB-5D26-L28-KD	construct-003-fbf3f5c695a3	6.0915149811213505	4.904025553398844			0.20253164556962025	0.29545454545454547
union_component_leave_one_out	component-05	protein_sequence_ridge	sequence_only	RCSB-5EGU-5NQ-KD	construct-003-fbf3f5c695a3	5.853871964321762	4.904025553398844			0.18085106382978725	0.29545454545454547
union_component_leave_one_out	component-05	protein_sequence_ridge	sequence_only	RCSB-6TPZ-NV2-KD	construct-003-fbf3f5c695a3	8.301029995663981	4.904025553398844			0.24096385542168675	0.29545454545454547
union_component_leave_one_out	component-05	protein_sequence_ridge	sequence_only	RCSB-6FO5-DZH-KD	construct-003-fbf3f5c695a3	6.721246399047171	4.904025553398844			0.23655913978494625	0.29545454545454547
union_component_leave_one_out	component-05	protein_sequence_ridge	sequence_only	RCSB-7AXR-S7T-KD	construct-003-fbf3f5c695a3	4.940058111938045	4.904025553398844			0.26582278481012656	0.29545454545454547
union_component_leave_one_out	component-05	protein_sequence_ridge	sequence_only	RCSB-6FSY-E5Q-KD	construct-003-fbf3f5c695a3	6.607303046740334	4.904025553398844			0.2037037037037037	0.29545454545454547
union_component_leave_one_out	component-05	protein_sequence_ridge	sequence_only	RCSB-4PS5-2TA-KD	construct-003-fbf3f5c695a3	6.785156151952302	4.904025553398844			0.22580645161290322	0.29545454545454547
union_component_leave_one_out	component-05	protein_sequence_ridge	sequence_only	RCSB-7MR9-ZMM-KD	construct-003-fbf3f5c695a3	6.474955192963154	4.904025553398844			0.21818181818181817	0.29545454545454547
union_component_leave_one_out	component-05	protein_sequence_ridge	sequence_only	RCSB-5D3L-57F-KD	construct-003-fbf3f5c695a3	6.055517327849831	4.904025553398844			0.175	0.29545454545454547
union_component_leave_one_out	component-05	protein_sequence_ridge	sequence_only	RCSB-6Q3Z-HG8-KD	construct-003-fbf3f5c695a3	7.356547323513812	4.904025553398844			0.16666666666666666	0.29545454545454547
union_component_leave_one_out	component-05	protein_sequence_ridge	sequence_only	RCSB-5EIS-5OU-KD	construct-003-fbf3f5c695a3	5.7447274948966935	4.904025553398844			0.21518987341772153	0.29545454545454547
union_component_leave_one_out	component-05	protein_sequence_ridge	sequence_only	RCSB-5D3T-56Y-KD	construct-003-fbf3f5c695a3	4.920818753952375	4.904025553398844			0.2716049382716049	0.29545454545454547
union_component_leave_one_out	component-05	protein_sequence_ridge	sequence_only	RCSB-6Q3Y-HG5-KD	construct-003-fbf3f5c695a3	7.267606240177031	4.904025553398844			0.17475728155339806	0.29545454545454547
union_component_leave_one_out	component-05	concat_ecfp_sequence_ridge	sequence_ligand	RCSB-4O76-1M3-KD	construct-003-fbf3f5c695a3	6.910094888560602	5.221219982306335			0.2159090909090909	0.29545454545454547
union_component_leave_one_out	component-05	concat_ecfp_sequence_ridge	sequence_ligand	RCSB-7MRA-ZMJ-KD	construct-003-fbf3f5c695a3	7.086186147616283	5.016017167490621			0.21333333333333335	0.29545454545454547
union_component_leave_one_out	component-05	concat_ecfp_sequence_ridge	sequence_ligand	RCSB-5D26-L28-KD	construct-003-fbf3f5c695a3	6.0915149811213505	5.065626614420628			0.20253164556962025	0.29545454545454547
union_component_leave_one_out	component-05	concat_ecfp_sequence_ridge	sequence_ligand	RCSB-5EGU-5NQ-KD	construct-003-fbf3f5c695a3	5.853871964321762	5.362375678869089			0.18085106382978725	0.29545454545454547
union_component_leave_one_out	component-05	concat_ecfp_sequence_ridge	sequence_ligand	RCSB-6TPZ-NV2-KD	construct-003-fbf3f5c695a3	8.301029995663981	5.2174144146813255			0.24096385542168675	0.29545454545454547
union_component_leave_one_out	component-05	concat_ecfp_sequence_ridge	sequence_ligand	RCSB-6FO5-DZH-KD	construct-003-fbf3f5c695a3	6.721246399047171	5.466951416280662			0.23655913978494625	0.29545454545454547
union_component_leave_one_out	component-05	concat_ecfp_sequence_ridge	sequence_ligand	RCSB-7AXR-S7T-KD	construct-003-fbf3f5c695a3	4.940058111938045	4.7416169175191145			0.26582278481012656	0.29545454545454547
union_component_leave_one_out	component-05	concat_ecfp_sequence_ridge	sequence_ligand	RCSB-6FSY-E5Q-KD	construct-003-fbf3f5c695a3	6.607303046740334	4.471850832034693			0.2037037037037037	0.29545454545454547
union_component_leave_one_out	component-05	concat_ecfp_sequence_ridge	sequence_ligand	RCSB-4PS5-2TA-KD	construct-003-fbf3f5c695a3	6.785156151952302	4.977430895396351			0.22580645161290322	0.29545454545454547
union_component_leave_one_out	component-05	concat_ecfp_sequence_ridge	sequence_ligand	RCSB-7MR9-ZMM-KD	construct-003-fbf3f5c695a3	6.474955192963154	4.740716279248337			0.21818181818181817	0.29545454545454547
union_component_leave_one_out	component-05	concat_ecfp_sequence_ridge	sequence_ligand	RCSB-5D3L-57F-KD	construct-003-fbf3f5c695a3	6.055517327849831	5.303646195109227			0.175	0.29545454545454547
union_component_leave_one_out	component-05	concat_ecfp_sequence_ridge	sequence_ligand	RCSB-6Q3Z-HG8-KD	construct-003-fbf3f5c695a3	7.356547323513812	5.189954379806711			0.16666666666666666	0.29545454545454547
union_component_leave_one_out	component-05	concat_ecfp_sequence_ridge	sequence_ligand	RCSB-5EIS-5OU-KD	construct-003-fbf3f5c695a3	5.7447274948966935	5.02707594161359			0.21518987341772153	0.29545454545454547
union_component_leave_one_out	component-05	concat_ecfp_sequence_ridge	sequence_ligand	RCSB-5D3T-56Y-KD	construct-003-fbf3f5c695a3	4.920818753952375	4.647688360948445			0.2716049382716049	0.29545454545454547
union_component_leave_one_out	component-05	concat_ecfp_sequence_ridge	sequence_ligand	RCSB-6Q3Y-HG5-KD	construct-003-fbf3f5c695a3	7.267606240177031	5.278918081695036			0.17475728155339806	0.29545454545454547
union_component_leave_one_out	component-05	pocket_composition_ridge_S0	S0	RCSB-4O76-1M3-KD	construct-003-fbf3f5c695a3	6.910094888560602	4.641345252436498			0.2159090909090909	0.29545454545454547
union_component_leave_one_out	component-05	pocket_composition_ridge_S0	S0	RCSB-7MRA-ZMJ-KD	construct-003-fbf3f5c695a3	7.086186147616283	4.641345252436498			0.21333333333333335	0.29545454545454547
union_component_leave_one_out	component-05	pocket_composition_ridge_S0	S0	RCSB-5D26-L28-KD	construct-003-fbf3f5c695a3	6.0915149811213505	4.641345252436498			0.20253164556962025	0.29545454545454547
union_component_leave_one_out	component-05	pocket_composition_ridge_S0	S0	RCSB-5EGU-5NQ-KD	construct-003-fbf3f5c695a3	5.853871964321762	4.641345252436498			0.18085106382978725	0.29545454545454547
union_component_leave_one_out	component-05	pocket_composition_ridge_S0	S0	RCSB-6TPZ-NV2-KD	construct-003-fbf3f5c695a3	8.301029995663981	4.641345252436498			0.24096385542168675	0.29545454545454547
union_component_leave_one_out	component-05	pocket_composition_ridge_S0	S0	RCSB-6FO5-DZH-KD	construct-003-fbf3f5c695a3	6.721246399047171	4.641345252436498			0.23655913978494625	0.29545454545454547
union_component_leave_one_out	component-05	pocket_composition_ridge_S0	S0	RCSB-7AXR-S7T-KD	construct-003-fbf3f5c695a3	4.940058111938045	4.641345252436498			0.26582278481012656	0.29545454545454547
union_component_leave_one_out	component-05	pocket_composition_ridge_S0	S0	RCSB-6FSY-E5Q-KD	construct-003-fbf3f5c695a3	6.607303046740334	4.641345252436498			0.2037037037037037	0.29545454545454547
union_component_leave_one_out	component-05	pocket_composition_ridge_S0	S0	RCSB-4PS5-2TA-KD	construct-003-fbf3f5c695a3	6.785156151952302	4.641345252436498			0.22580645161290322	0.29545454545454547
union_component_leave_one_out	component-05	pocket_composition_ridge_S0	S0	RCSB-7MR9-ZMM-KD	construct-003-fbf3f5c695a3	6.474955192963154	4.641345252436498			0.21818181818181817	0.29545454545454547
union_component_leave_one_out	component-05	pocket_composition_ridge_S0	S0	RCSB-5D3L-57F-KD	construct-003-fbf3f5c695a3	6.055517327849831	4.641345252436498			0.175	0.29545454545454547
union_component_leave_one_out	component-05	pocket_composition_ridge_S0	S0	RCSB-6Q3Z-HG8-KD	construct-003-fbf3f5c695a3	7.356547323513812	4.641345252436498			0.16666666666666666	0.29545454545454547
union_component_leave_one_out	component-05	pocket_composition_ridge_S0	S0	RCSB-5EIS-5OU-KD	construct-003-fbf3f5c695a3	5.7447274948966935	4.641345252436498			0.21518987341772153	0.29545454545454547
union_component_leave_one_out	component-05	pocket_composition_ridge_S0	S0	RCSB-5D3T-56Y-KD	construct-003-fbf3f5c695a3	4.920818753952375	4.641345252436498			0.2716049382716049	0.29545454545454547
union_component_leave_one_out	component-05	pocket_composition_ridge_S0	S0	RCSB-6Q3Y-HG5-KD	construct-003-fbf3f5c695a3	7.267606240177031	4.641345252436498			0.17475728155339806	0.29545454545454547
union_component_leave_one_out	component-05	pocket_structure_ridge_S0	S0	RCSB-4O76-1M3-KD	construct-003-fbf3f5c695a3	6.910094888560602	4.783015282510388			0.2159090909090909	0.29545454545454547
union_component_leave_one_out	component-05	pocket_structure_ridge_S0	S0	RCSB-7MRA-ZMJ-KD	construct-003-fbf3f5c695a3	7.086186147616283	4.739088533564207			0.21333333333333335	0.29545454545454547
union_component_leave_one_out	component-05	pocket_structure_ridge_S0	S0	RCSB-5D26-L28-KD	construct-003-fbf3f5c695a3	6.0915149811213505	4.750767098299826			0.20253164556962025	0.29545454545454547
union_component_leave_one_out	component-05	pocket_structure_ridge_S0	S0	RCSB-5EGU-5NQ-KD	construct-003-fbf3f5c695a3	5.853871964321762	4.6503458019849395			0.18085106382978725	0.29545454545454547
union_component_leave_one_out	component-05	pocket_structure_ridge_S0	S0	RCSB-6TPZ-NV2-KD	construct-003-fbf3f5c695a3	8.301029995663981	4.7349309525680265			0.24096385542168675	0.29545454545454547
union_component_leave_one_out	component-05	pocket_structure_ridge_S0	S0	RCSB-6FO5-DZH-KD	construct-003-fbf3f5c695a3	6.721246399047171	4.6850866103355475			0.23655913978494625	0.29545454545454547
union_component_leave_one_out	component-05	pocket_structure_ridge_S0	S0	RCSB-7AXR-S7T-KD	construct-003-fbf3f5c695a3	4.940058111938045	4.735172763129938			0.26582278481012656	0.29545454545454547
union_component_leave_one_out	component-05	pocket_structure_ridge_S0	S0	RCSB-6FSY-E5Q-KD	construct-003-fbf3f5c695a3	6.607303046740334	4.72225160810573			0.2037037037037037	0.29545454545454547
union_component_leave_one_out	component-05	pocket_structure_ridge_S0	S0	RCSB-4PS5-2TA-KD	construct-003-fbf3f5c695a3	6.785156151952302	4.711934392265039			0.22580645161290322	0.29545454545454547
union_component_leave_one_out	component-05	pocket_structure_ridge_S0	S0	RCSB-7MR9-ZMM-KD	construct-003-fbf3f5c695a3	6.474955192963154	4.725833980015066			0.21818181818181817	0.29545454545454547
union_component_leave_one_out	component-05	pocket_structure_ridge_S0	S0	RCSB-5D3L-57F-KD	construct-003-fbf3f5c695a3	6.055517327849831	4.8027143071303735			0.175	0.29545454545454547
union_component_leave_one_out	component-05	pocket_structure_ridge_S0	S0	RCSB-6Q3Z-HG8-KD	construct-003-fbf3f5c695a3	7.356547323513812	4.776889494875371			0.16666666666666666	0.29545454545454547
union_component_leave_one_out	component-05	pocket_structure_ridge_S0	S0	RCSB-5EIS-5OU-KD	construct-003-fbf3f5c695a3	5.7447274948966935	4.770528209218694			0.21518987341772153	0.29545454545454547
union_component_leave_one_out	component-05	pocket_structure_ridge_S0	S0	RCSB-5D3T-56Y-KD	construct-003-fbf3f5c695a3	4.920818753952375	4.7139875501997395			0.2716049382716049	0.29545454545454547
union_component_leave_one_out	component-05	pocket_structure_ridge_S0	S0	RCSB-6Q3Y-HG5-KD	construct-003-fbf3f5c695a3	7.267606240177031	4.776838549867104			0.17475728155339806	0.29545454545454547
union_component_leave_one_out	component-05	concat_ecfp_pocket_ridge_S0	S0	RCSB-4O76-1M3-KD	construct-003-fbf3f5c695a3	6.910094888560602	5.079962105394942			0.2159090909090909	0.29545454545454547
union_component_leave_one_out	component-05	concat_ecfp_pocket_ridge_S0	S0	RCSB-7MRA-ZMJ-KD	construct-003-fbf3f5c695a3	7.086186147616283	4.822633112524787			0.21333333333333335	0.29545454545454547
union_component_leave_one_out	component-05	concat_ecfp_pocket_ridge_S0	S0	RCSB-5D26-L28-KD	construct-003-fbf3f5c695a3	6.0915149811213505	4.939283682524632			0.20253164556962025	0.29545454545454547
union_component_leave_one_out	component-05	concat_ecfp_pocket_ridge_S0	S0	RCSB-5EGU-5NQ-KD	construct-003-fbf3f5c695a3	5.853871964321762	5.123434462546136			0.18085106382978725	0.29545454545454547
union_component_leave_one_out	component-05	concat_ecfp_pocket_ridge_S0	S0	RCSB-6TPZ-NV2-KD	construct-003-fbf3f5c695a3	8.301029995663981	5.005013123907266			0.24096385542168675	0.29545454545454547
union_component_leave_one_out	component-05	concat_ecfp_pocket_ridge_S0	S0	RCSB-6FO5-DZH-KD	construct-003-fbf3f5c695a3	6.721246399047171	5.274066269806919			0.23655913978494625	0.29545454545454547
union_component_leave_one_out	component-05	concat_ecfp_pocket_ridge_S0	S0	RCSB-7AXR-S7T-KD	construct-003-fbf3f5c695a3	4.940058111938045	4.599989209011518			0.26582278481012656	0.29545454545454547
union_component_leave_one_out	component-05	concat_ecfp_pocket_ridge_S0	S0	RCSB-6FSY-E5Q-KD	construct-003-fbf3f5c695a3	6.607303046740334	4.270011915470496			0.2037037037037037	0.29545454545454547
union_component_leave_one_out	component-05	concat_ecfp_pocket_ridge_S0	S0	RCSB-4PS5-2TA-KD	construct-003-fbf3f5c695a3	6.785156151952302	4.82919466575393			0.22580645161290322	0.29545454545454547
union_component_leave_one_out	component-05	concat_ecfp_pocket_ridge_S0	S0	RCSB-7MR9-ZMM-KD	construct-003-fbf3f5c695a3	6.474955192963154	4.519970391719597			0.21818181818181817	0.29545454545454547
union_component_leave_one_out	component-05	concat_ecfp_pocket_ridge_S0	S0	RCSB-5D3L-57F-KD	construct-003-fbf3f5c695a3	6.055517327849831	5.186551739277819			0.175	0.29545454545454547
union_component_leave_one_out	component-05	concat_ecfp_pocket_ridge_S0	S0	RCSB-6Q3Z-HG8-KD	construct-003-fbf3f5c695a3	7.356547323513812	5.020009266898275			0.16666666666666666	0.29545454545454547
union_component_leave_one_out	component-05	concat_ecfp_pocket_ridge_S0	S0	RCSB-5EIS-5OU-KD	construct-003-fbf3f5c695a3	5.7447274948966935	4.874261803050871			0.21518987341772153	0.29545454545454547
union_component_leave_one_out	component-05	concat_ecfp_pocket_ridge_S0	S0	RCSB-5D3T-56Y-KD	construct-003-fbf3f5c695a3	4.920818753952375	4.486246574316867			0.2716049382716049	0.29545454545454547
union_component_leave_one_out	component-05	concat_ecfp_pocket_ridge_S0	S0	RCSB-6Q3Y-HG5-KD	construct-003-fbf3f5c695a3	7.267606240177031	5.134758292591133			0.17475728155339806	0.29545454545454547
union_component_leave_one_out	component-05	concat_gmolai_pocket_ridge_S0	S0	RCSB-4O76-1M3-KD	construct-003-fbf3f5c695a3	6.910094888560602	5.752073010820616			0.2159090909090909	0.29545454545454547
union_component_leave_one_out	component-05	concat_gmolai_pocket_ridge_S0	S0	RCSB-7MRA-ZMJ-KD	construct-003-fbf3f5c695a3	7.086186147616283	5.287409525042673			0.21333333333333335	0.29545454545454547
union_component_leave_one_out	component-05	concat_gmolai_pocket_ridge_S0	S0	RCSB-5D26-L28-KD	construct-003-fbf3f5c695a3	6.0915149811213505	5.723085295644011			0.20253164556962025	0.29545454545454547
union_component_leave_one_out	component-05	concat_gmolai_pocket_ridge_S0	S0	RCSB-5EGU-5NQ-KD	construct-003-fbf3f5c695a3	5.853871964321762	4.837068101925592			0.18085106382978725	0.29545454545454547
union_component_leave_one_out	component-05	concat_gmolai_pocket_ridge_S0	S0	RCSB-6TPZ-NV2-KD	construct-003-fbf3f5c695a3	8.301029995663981	4.720063445592251			0.24096385542168675	0.29545454545454547
union_component_leave_one_out	component-05	concat_gmolai_pocket_ridge_S0	S0	RCSB-6FO5-DZH-KD	construct-003-fbf3f5c695a3	6.721246399047171	5.714212829045536			0.23655913978494625	0.29545454545454547
union_component_leave_one_out	component-05	concat_gmolai_pocket_ridge_S0	S0	RCSB-7AXR-S7T-KD	construct-003-fbf3f5c695a3	4.940058111938045	4.555637407476021			0.26582278481012656	0.29545454545454547
union_component_leave_one_out	component-05	concat_gmolai_pocket_ridge_S0	S0	RCSB-6FSY-E5Q-KD	construct-003-fbf3f5c695a3	6.607303046740334	4.748175932263708			0.2037037037037037	0.29545454545454547
union_component_leave_one_out	component-05	concat_gmolai_pocket_ridge_S0	S0	RCSB-4PS5-2TA-KD	construct-003-fbf3f5c695a3	6.785156151952302	5.699814991663525			0.22580645161290322	0.29545454545454547
union_component_leave_one_out	component-05	concat_gmolai_pocket_ridge_S0	S0	RCSB-7MR9-ZMM-KD	construct-003-fbf3f5c695a3	6.474955192963154	4.220453727040309			0.21818181818181817	0.29545454545454547
union_component_leave_one_out	component-05	concat_gmolai_pocket_ridge_S0	S0	RCSB-5D3L-57F-KD	construct-003-fbf3f5c695a3	6.055517327849831	5.7027809434901835			0.175	0.29545454545454547
union_component_leave_one_out	component-05	concat_gmolai_pocket_ridge_S0	S0	RCSB-6Q3Z-HG8-KD	construct-003-fbf3f5c695a3	7.356547323513812	4.821150299113195			0.16666666666666666	0.29545454545454547
union_component_leave_one_out	component-05	concat_gmolai_pocket_ridge_S0	S0	RCSB-5EIS-5OU-KD	construct-003-fbf3f5c695a3	5.7447274948966935	4.460375421990017			0.21518987341772153	0.29545454545454547
union_component_leave_one_out	component-05	concat_gmolai_pocket_ridge_S0	S0	RCSB-5D3T-56Y-KD	construct-003-fbf3f5c695a3	4.920818753952375	4.355147523657798			0.2716049382716049	0.29545454545454547
union_component_leave_one_out	component-05	concat_gmolai_pocket_ridge_S0	S0	RCSB-6Q3Y-HG5-KD	construct-003-fbf3f5c695a3	7.267606240177031	4.724924099095381			0.17475728155339806	0.29545454545454547
union_component_leave_one_out	component-05	pocket_composition_ridge_S1	S1	RCSB-4O76-1M3-KD	construct-003-fbf3f5c695a3	6.910094888560602	4.660240697441143			0.2159090909090909	0.29545454545454547
union_component_leave_one_out	component-05	pocket_composition_ridge_S1	S1	RCSB-7MRA-ZMJ-KD	construct-003-fbf3f5c695a3	7.086186147616283	4.660240697441143			0.21333333333333335	0.29545454545454547
union_component_leave_one_out	component-05	pocket_composition_ridge_S1	S1	RCSB-5D26-L28-KD	construct-003-fbf3f5c695a3	6.0915149811213505	4.660240697441143			0.20253164556962025	0.29545454545454547
union_component_leave_one_out	component-05	pocket_composition_ridge_S1	S1	RCSB-5EGU-5NQ-KD	construct-003-fbf3f5c695a3	5.853871964321762	4.660240697441143			0.18085106382978725	0.29545454545454547
union_component_leave_one_out	component-05	pocket_composition_ridge_S1	S1	RCSB-6TPZ-NV2-KD	construct-003-fbf3f5c695a3	8.301029995663981	4.660240697441143			0.24096385542168675	0.29545454545454547
union_component_leave_one_out	component-05	pocket_composition_ridge_S1	S1	RCSB-6FO5-DZH-KD	construct-003-fbf3f5c695a3	6.721246399047171	4.660240697441143			0.23655913978494625	0.29545454545454547
union_component_leave_one_out	component-05	pocket_composition_ridge_S1	S1	RCSB-7AXR-S7T-KD	construct-003-fbf3f5c695a3	4.940058111938045	4.660240697441143			0.26582278481012656	0.29545454545454547
union_component_leave_one_out	component-05	pocket_composition_ridge_S1	S1	RCSB-6FSY-E5Q-KD	construct-003-fbf3f5c695a3	6.607303046740334	4.660240697441143			0.2037037037037037	0.29545454545454547
union_component_leave_one_out	component-05	pocket_composition_ridge_S1	S1	RCSB-4PS5-2TA-KD	construct-003-fbf3f5c695a3	6.785156151952302	4.660240697441143			0.22580645161290322	0.29545454545454547
union_component_leave_one_out	component-05	pocket_composition_ridge_S1	S1	RCSB-7MR9-ZMM-KD	construct-003-fbf3f5c695a3	6.474955192963154	4.660240697441143			0.21818181818181817	0.29545454545454547
union_component_leave_one_out	component-05	pocket_composition_ridge_S1	S1	RCSB-5D3L-57F-KD	construct-003-fbf3f5c695a3	6.055517327849831	4.660240697441143			0.175	0.29545454545454547
union_component_leave_one_out	component-05	pocket_composition_ridge_S1	S1	RCSB-6Q3Z-HG8-KD	construct-003-fbf3f5c695a3	7.356547323513812	4.660240697441143			0.16666666666666666	0.29545454545454547
union_component_leave_one_out	component-05	pocket_composition_ridge_S1	S1	RCSB-5EIS-5OU-KD	construct-003-fbf3f5c695a3	5.7447274948966935	4.660240697441143			0.21518987341772153	0.29545454545454547
union_component_leave_one_out	component-05	pocket_composition_ridge_S1	S1	RCSB-5D3T-56Y-KD	construct-003-fbf3f5c695a3	4.920818753952375	4.660240697441143			0.2716049382716049	0.29545454545454547
union_component_leave_one_out	component-05	pocket_composition_ridge_S1	S1	RCSB-6Q3Y-HG5-KD	construct-003-fbf3f5c695a3	7.267606240177031	4.660240697441143			0.17475728155339806	0.29545454545454547
union_component_leave_one_out	component-05	pocket_structure_ridge_S1	S1	RCSB-4O76-1M3-KD	construct-003-fbf3f5c695a3	6.910094888560602	4.764609673089419			0.2159090909090909	0.29545454545454547
union_component_leave_one_out	component-05	pocket_structure_ridge_S1	S1	RCSB-7MRA-ZMJ-KD	construct-003-fbf3f5c695a3	7.086186147616283	4.764609673089419			0.21333333333333335	0.29545454545454547
union_component_leave_one_out	component-05	pocket_structure_ridge_S1	S1	RCSB-5D26-L28-KD	construct-003-fbf3f5c695a3	6.0915149811213505	4.764609673089419			0.20253164556962025	0.29545454545454547
union_component_leave_one_out	component-05	pocket_structure_ridge_S1	S1	RCSB-5EGU-5NQ-KD	construct-003-fbf3f5c695a3	5.853871964321762	4.764609673089419			0.18085106382978725	0.29545454545454547
union_component_leave_one_out	component-05	pocket_structure_ridge_S1	S1	RCSB-6TPZ-NV2-KD	construct-003-fbf3f5c695a3	8.301029995663981	4.764609673089419			0.24096385542168675	0.29545454545454547
union_component_leave_one_out	component-05	pocket_structure_ridge_S1	S1	RCSB-6FO5-DZH-KD	construct-003-fbf3f5c695a3	6.721246399047171	4.764609673089419			0.23655913978494625	0.29545454545454547
union_component_leave_one_out	component-05	pocket_structure_ridge_S1	S1	RCSB-7AXR-S7T-KD	construct-003-fbf3f5c695a3	4.940058111938045	4.764609673089419			0.26582278481012656	0.29545454545454547
union_component_leave_one_out	component-05	pocket_structure_ridge_S1	S1	RCSB-6FSY-E5Q-KD	construct-003-fbf3f5c695a3	6.607303046740334	4.764609673089419			0.2037037037037037	0.29545454545454547
union_component_leave_one_out	component-05	pocket_structure_ridge_S1	S1	RCSB-4PS5-2TA-KD	construct-003-fbf3f5c695a3	6.785156151952302	4.764609673089419			0.22580645161290322	0.29545454545454547
union_component_leave_one_out	component-05	pocket_structure_ridge_S1	S1	RCSB-7MR9-ZMM-KD	construct-003-fbf3f5c695a3	6.474955192963154	4.764609673089419			0.21818181818181817	0.29545454545454547
union_component_leave_one_out	component-05	pocket_structure_ridge_S1	S1	RCSB-5D3L-57F-KD	construct-003-fbf3f5c695a3	6.055517327849831	4.764609673089419			0.175	0.29545454545454547
union_component_leave_one_out	component-05	pocket_structure_ridge_S1	S1	RCSB-6Q3Z-HG8-KD	construct-003-fbf3f5c695a3	7.356547323513812	4.764609673089419			0.16666666666666666	0.29545454545454547
union_component_leave_one_out	component-05	pocket_structure_ridge_S1	S1	RCSB-5EIS-5OU-KD	construct-003-fbf3f5c695a3	5.7447274948966935	4.764609673089419			0.21518987341772153	0.29545454545454547
union_component_leave_one_out	component-05	pocket_structure_ridge_S1	S1	RCSB-5D3T-56Y-KD	construct-003-fbf3f5c695a3	4.920818753952375	4.764609673089419			0.2716049382716049	0.29545454545454547
union_component_leave_one_out	component-05	pocket_structure_ridge_S1	S1	RCSB-6Q3Y-HG5-KD	construct-003-fbf3f5c695a3	7.267606240177031	4.764609673089419			0.17475728155339806	0.29545454545454547
union_component_leave_one_out	component-05	concat_ecfp_pocket_ridge_S1	S1	RCSB-4O76-1M3-KD	construct-003-fbf3f5c695a3	6.910094888560602	5.045386166068818			0.2159090909090909	0.29545454545454547
union_component_leave_one_out	component-05	concat_ecfp_pocket_ridge_S1	S1	RCSB-7MRA-ZMJ-KD	construct-003-fbf3f5c695a3	7.086186147616283	4.799318372045288			0.21333333333333335	0.29545454545454547
union_component_leave_one_out	component-05	concat_ecfp_pocket_ridge_S1	S1	RCSB-5D26-L28-KD	construct-003-fbf3f5c695a3	6.0915149811213505	4.918833267406826			0.20253164556962025	0.29545454545454547
union_component_leave_one_out	component-05	concat_ecfp_pocket_ridge_S1	S1	RCSB-5EGU-5NQ-KD	construct-003-fbf3f5c695a3	5.853871964321762	5.154798871146167			0.18085106382978725	0.29545454545454547
union_component_leave_one_out	component-05	concat_ecfp_pocket_ridge_S1	S1	RCSB-6TPZ-NV2-KD	construct-003-fbf3f5c695a3	8.301029995663981	4.988807917167071			0.24096385542168675	0.29545454545454547
union_component_leave_one_out	component-05	concat_ecfp_pocket_ridge_S1	S1	RCSB-6FO5-DZH-KD	construct-003-fbf3f5c695a3	6.721246399047171	5.274139890180818			0.23655913978494625	0.29545454545454547
union_component_leave_one_out	component-05	concat_ecfp_pocket_ridge_S1	S1	RCSB-7AXR-S7T-KD	construct-003-fbf3f5c695a3	4.940058111938045	4.577168881385799			0.26582278481012656	0.29545454545454547
union_component_leave_one_out	component-05	concat_ecfp_pocket_ridge_S1	S1	RCSB-6FSY-E5Q-KD	construct-003-fbf3f5c695a3	6.607303046740334	4.249109187593528			0.2037037037037037	0.29545454545454547
union_component_leave_one_out	component-05	concat_ecfp_pocket_ridge_S1	S1	RCSB-4PS5-2TA-KD	construct-003-fbf3f5c695a3	6.785156151952302	4.80913784780534			0.22580645161290322	0.29545454545454547
union_component_leave_one_out	component-05	concat_ecfp_pocket_ridge_S1	S1	RCSB-7MR9-ZMM-KD	construct-003-fbf3f5c695a3	6.474955192963154	4.504996457599608			0.21818181818181817	0.29545454545454547
union_component_leave_one_out	component-05	concat_ecfp_pocket_ridge_S1	S1	RCSB-5D3L-57F-KD	construct-003-fbf3f5c695a3	6.055517327849831	5.153448241036479			0.175	0.29545454545454547
union_component_leave_one_out	component-05	concat_ecfp_pocket_ridge_S1	S1	RCSB-6Q3Z-HG8-KD	construct-003-fbf3f5c695a3	7.356547323513812	4.995161716302814			0.16666666666666666	0.29545454545454547
union_component_leave_one_out	component-05	concat_ecfp_pocket_ridge_S1	S1	RCSB-5EIS-5OU-KD	construct-003-fbf3f5c695a3	5.7447274948966935	4.860383156217236			0.21518987341772153	0.29545454545454547
union_component_leave_one_out	component-05	concat_ecfp_pocket_ridge_S1	S1	RCSB-5D3T-56Y-KD	construct-003-fbf3f5c695a3	4.920818753952375	4.465328690454756			0.2716049382716049	0.29545454545454547
union_component_leave_one_out	component-05	concat_ecfp_pocket_ridge_S1	S1	RCSB-6Q3Y-HG5-KD	construct-003-fbf3f5c695a3	7.267606240177031	5.095636643367346			0.17475728155339806	0.29545454545454547
union_component_leave_one_out	component-05	concat_gmolai_pocket_ridge_S1	S1	RCSB-4O76-1M3-KD	construct-003-fbf3f5c695a3	6.910094888560602	5.754693502356755			0.2159090909090909	0.29545454545454547
union_component_leave_one_out	component-05	concat_gmolai_pocket_ridge_S1	S1	RCSB-7MRA-ZMJ-KD	construct-003-fbf3f5c695a3	7.086186147616283	5.286026730867614			0.21333333333333335	0.29545454545454547
union_component_leave_one_out	component-05	concat_gmolai_pocket_ridge_S1	S1	RCSB-5D26-L28-KD	construct-003-fbf3f5c695a3	6.0915149811213505	5.722051077239492			0.20253164556962025	0.29545454545454547
union_component_leave_one_out	component-05	concat_gmolai_pocket_ridge_S1	S1	RCSB-5EGU-5NQ-KD	construct-003-fbf3f5c695a3	5.853871964321762	4.83931218156193			0.18085106382978725	0.29545454545454547
union_component_leave_one_out	component-05	concat_gmolai_pocket_ridge_S1	S1	RCSB-6TPZ-NV2-KD	construct-003-fbf3f5c695a3	8.301029995663981	4.723799540277048			0.24096385542168675	0.29545454545454547
union_component_leave_one_out	component-05	concat_gmolai_pocket_ridge_S1	S1	RCSB-6FO5-DZH-KD	construct-003-fbf3f5c695a3	6.721246399047171	5.69876134914267			0.23655913978494625	0.29545454545454547
union_component_leave_one_out	component-05	concat_gmolai_pocket_ridge_S1	S1	RCSB-7AXR-S7T-KD	construct-003-fbf3f5c695a3	4.940058111938045	4.550363319721593			0.26582278481012656	0.29545454545454547
union_component_leave_one_out	component-05	concat_gmolai_pocket_ridge_S1	S1	RCSB-6FSY-E5Q-KD	construct-003-fbf3f5c695a3	6.607303046740334	4.735506885927976			0.2037037037037037	0.29545454545454547
union_component_leave_one_out	component-05	concat_gmolai_pocket_ridge_S1	S1	RCSB-4PS5-2TA-KD	construct-003-fbf3f5c695a3	6.785156151952302	5.696334045367478			0.22580645161290322	0.29545454545454547
union_component_leave_one_out	component-05	concat_gmolai_pocket_ridge_S1	S1	RCSB-7MR9-ZMM-KD	construct-003-fbf3f5c695a3	6.474955192963154	4.226478630322557			0.21818181818181817	0.29545454545454547
union_component_leave_one_out	component-05	concat_gmolai_pocket_ridge_S1	S1	RCSB-5D3L-57F-KD	construct-003-fbf3f5c695a3	6.055517327849831	5.700318936860991			0.175	0.29545454545454547
union_component_leave_one_out	component-05	concat_gmolai_pocket_ridge_S1	S1	RCSB-6Q3Z-HG8-KD	construct-003-fbf3f5c695a3	7.356547323513812	4.8253548677697715			0.16666666666666666	0.29545454545454547
union_component_leave_one_out	component-05	concat_gmolai_pocket_ridge_S1	S1	RCSB-5EIS-5OU-KD	construct-003-fbf3f5c695a3	5.7447274948966935	4.459721115000581			0.21518987341772153	0.29545454545454547
union_component_leave_one_out	component-05	concat_gmolai_pocket_ridge_S1	S1	RCSB-5D3T-56Y-KD	construct-003-fbf3f5c695a3	4.920818753952375	4.341720996721812			0.2716049382716049	0.29545454545454547
union_component_leave_one_out	component-05	concat_gmolai_pocket_ridge_S1	S1	RCSB-6Q3Y-HG5-KD	construct-003-fbf3f5c695a3	7.267606240177031	4.723061691828557			0.17475728155339806	0.29545454545454547
union_component_leave_one_out	component-05	negative_pocket_permuted_concat_gmolai_S0	S0_negative_control	RCSB-4O76-1M3-KD	construct-003-fbf3f5c695a3	6.910094888560602	5.789769797673434			0.2159090909090909	0.29545454545454547
union_component_leave_one_out	component-05	negative_pocket_permuted_concat_gmolai_S0	S0_negative_control	RCSB-7MRA-ZMJ-KD	construct-003-fbf3f5c695a3	7.086186147616283	5.292978413724851			0.21333333333333335	0.29545454545454547
union_component_leave_one_out	component-05	negative_pocket_permuted_concat_gmolai_S0	S0_negative_control	RCSB-5D26-L28-KD	construct-003-fbf3f5c695a3	6.0915149811213505	5.732111719346347			0.20253164556962025	0.29545454545454547
union_component_leave_one_out	component-05	negative_pocket_permuted_concat_gmolai_S0	S0_negative_control	RCSB-5EGU-5NQ-KD	construct-003-fbf3f5c695a3	5.853871964321762	4.831350404484553			0.18085106382978725	0.29545454545454547
union_component_leave_one_out	component-05	negative_pocket_permuted_concat_gmolai_S0	S0_negative_control	RCSB-6TPZ-NV2-KD	construct-003-fbf3f5c695a3	8.301029995663981	4.768459012226661			0.24096385542168675	0.29545454545454547
union_component_leave_one_out	component-05	negative_pocket_permuted_concat_gmolai_S0	S0_negative_control	RCSB-6FO5-DZH-KD	construct-003-fbf3f5c695a3	6.721246399047171	5.738088272259938			0.23655913978494625	0.29545454545454547
union_component_leave_one_out	component-05	negative_pocket_permuted_concat_gmolai_S0	S0_negative_control	RCSB-7AXR-S7T-KD	construct-003-fbf3f5c695a3	4.940058111938045	4.563828265357623			0.26582278481012656	0.29545454545454547
union_component_leave_one_out	component-05	negative_pocket_permuted_concat_gmolai_S0	S0_negative_control	RCSB-6FSY-E5Q-KD	construct-003-fbf3f5c695a3	6.607303046740334	4.750468959834621			0.2037037037037037	0.29545454545454547
union_component_leave_one_out	component-05	negative_pocket_permuted_concat_gmolai_S0	S0_negative_control	RCSB-4PS5-2TA-KD	construct-003-fbf3f5c695a3	6.785156151952302	5.743882812034909			0.22580645161290322	0.29545454545454547
union_component_leave_one_out	component-05	negative_pocket_permuted_concat_gmolai_S0	S0_negative_control	RCSB-7MR9-ZMM-KD	construct-003-fbf3f5c695a3	6.474955192963154	4.216902838319685			0.21818181818181817	0.29545454545454547
union_component_leave_one_out	component-05	negative_pocket_permuted_concat_gmolai_S0	S0_negative_control	RCSB-5D3L-57F-KD	construct-003-fbf3f5c695a3	6.055517327849831	5.7058497395717005			0.175	0.29545454545454547
union_component_leave_one_out	component-05	negative_pocket_permuted_concat_gmolai_S0	S0_negative_control	RCSB-6Q3Z-HG8-KD	construct-003-fbf3f5c695a3	7.356547323513812	4.86715867842161			0.16666666666666666	0.29545454545454547
union_component_leave_one_out	component-05	negative_pocket_permuted_concat_gmolai_S0	S0_negative_control	RCSB-5EIS-5OU-KD	construct-003-fbf3f5c695a3	5.7447274948966935	4.516340627184444			0.21518987341772153	0.29545454545454547
union_component_leave_one_out	component-05	negative_pocket_permuted_concat_gmolai_S0	S0_negative_control	RCSB-5D3T-56Y-KD	construct-003-fbf3f5c695a3	4.920818753952375	4.368869234716649			0.2716049382716049	0.29545454545454547
union_component_leave_one_out	component-05	negative_pocket_permuted_concat_gmolai_S0	S0_negative_control	RCSB-6Q3Y-HG5-KD	construct-003-fbf3f5c695a3	7.267606240177031	4.730908093383244			0.17475728155339806	0.29545454545454547
union_component_leave_one_out	component-05	additive_gmolai_pocket_equal_S0	S0	RCSB-4O76-1M3-KD	construct-003-fbf3f5c695a3	6.910094888560602	5.272197945741676			0.2159090909090909	0.29545454545454547
union_component_leave_one_out	component-05	additive_gmolai_pocket_equal_S0	S0	RCSB-7MRA-ZMJ-KD	construct-003-fbf3f5c695a3	7.086186147616283	5.03041698121393			0.21333333333333335	0.29545454545454547
union_component_leave_one_out	component-05	additive_gmolai_pocket_equal_S0	S0	RCSB-5D26-L28-KD	construct-003-fbf3f5c695a3	6.0915149811213505	5.241610261074943			0.20253164556962025	0.29545454545454547
union_component_leave_one_out	component-05	additive_gmolai_pocket_equal_S0	S0	RCSB-5EGU-5NQ-KD	construct-003-fbf3f5c695a3	5.853871964321762	4.7360954784687			0.18085106382978725	0.29545454545454547
union_component_leave_one_out	component-05	additive_gmolai_pocket_equal_S0	S0	RCSB-6TPZ-NV2-KD	construct-003-fbf3f5c695a3	8.301029995663981	4.713123185377189			0.24096385542168675	0.29545454545454547
union_component_leave_one_out	component-05	additive_gmolai_pocket_equal_S0	S0	RCSB-6FO5-DZH-KD	construct-003-fbf3f5c695a3	6.721246399047171	5.230734652799484			0.23655913978494625	0.29545454545454547
union_component_leave_one_out	component-05	additive_gmolai_pocket_equal_S0	S0	RCSB-7AXR-S7T-KD	construct-003-fbf3f5c695a3	4.940058111938045	4.648773862308728			0.26582278481012656	0.29545454545454547
union_component_leave_one_out	component-05	additive_gmolai_pocket_equal_S0	S0	RCSB-6FSY-E5Q-KD	construct-003-fbf3f5c695a3	6.607303046740334	4.723310259854733			0.2037037037037037	0.29545454545454547
union_component_leave_one_out	component-05	additive_gmolai_pocket_equal_S0	S0	RCSB-4PS5-2TA-KD	construct-003-fbf3f5c695a3	6.785156151952302	5.2017014400609			0.22580645161290322	0.29545454545454547
union_component_leave_one_out	component-05	additive_gmolai_pocket_equal_S0	S0	RCSB-7MR9-ZMM-KD	construct-003-fbf3f5c695a3	6.474955192963154	4.495583053437687			0.21818181818181817	0.29545454545454547
union_component_leave_one_out	component-05	additive_gmolai_pocket_equal_S0	S0	RCSB-5D3L-57F-KD	construct-003-fbf3f5c695a3	6.055517327849831	5.2519876320314305			0.175	0.29545454545454547
union_component_leave_one_out	component-05	additive_gmolai_pocket_equal_S0	S0	RCSB-6Q3Z-HG8-KD	construct-003-fbf3f5c695a3	7.356547323513812	4.78279188411882			0.16666666666666666	0.29545454545454547
union_component_leave_one_out	component-05	additive_gmolai_pocket_equal_S0	S0	RCSB-5EIS-5OU-KD	construct-003-fbf3f5c695a3	5.7447274948966935	4.639253932164319			0.21518987341772153	0.29545454545454547
union_component_leave_one_out	component-05	additive_gmolai_pocket_equal_S0	S0	RCSB-5D3T-56Y-KD	construct-003-fbf3f5c695a3	4.920818753952375	4.527127145281957			0.2716049382716049	0.29545454545454547
union_component_leave_one_out	component-05	additive_gmolai_pocket_equal_S0	S0	RCSB-6Q3Y-HG5-KD	construct-003-fbf3f5c695a3	7.267606240177031	4.74247819843432			0.17475728155339806	0.29545454545454547
union_component_leave_one_out	component-05	additive_gmolai_pocket_equal_S1	S1	RCSB-4O76-1M3-KD	construct-003-fbf3f5c695a3	6.910094888560602	5.262995141031192			0.2159090909090909	0.29545454545454547
union_component_leave_one_out	component-05	additive_gmolai_pocket_equal_S1	S1	RCSB-7MRA-ZMJ-KD	construct-003-fbf3f5c695a3	7.086186147616283	5.043177550976536			0.21333333333333335	0.29545454545454547
union_component_leave_one_out	component-05	additive_gmolai_pocket_equal_S1	S1	RCSB-5D26-L28-KD	construct-003-fbf3f5c695a3	6.0915149811213505	5.248531548469739			0.20253164556962025	0.29545454545454547
union_component_leave_one_out	component-05	additive_gmolai_pocket_equal_S1	S1	RCSB-5EGU-5NQ-KD	construct-003-fbf3f5c695a3	5.853871964321762	4.79322741402094			0.18085106382978725	0.29545454545454547
union_component_leave_one_out	component-05	additive_gmolai_pocket_equal_S1	S1	RCSB-6TPZ-NV2-KD	construct-003-fbf3f5c695a3	8.301029995663981	4.727962545637885			0.24096385542168675	0.29545454545454547
union_component_leave_one_out	component-05	additive_gmolai_pocket_equal_S1	S1	RCSB-6FO5-DZH-KD	construct-003-fbf3f5c695a3	6.721246399047171	5.2704961841764195			0.23655913978494625	0.29545454545454547
union_component_leave_one_out	component-05	additive_gmolai_pocket_equal_S1	S1	RCSB-7AXR-S7T-KD	construct-003-fbf3f5c695a3	4.940058111938045	4.663492317288469			0.26582278481012656	0.29545454545454547
union_component_leave_one_out	component-05	additive_gmolai_pocket_equal_S1	S1	RCSB-6FSY-E5Q-KD	construct-003-fbf3f5c695a3	6.607303046740334	4.744489292346577			0.2037037037037037	0.29545454545454547
union_component_leave_one_out	component-05	additive_gmolai_pocket_equal_S1	S1	RCSB-4PS5-2TA-KD	construct-003-fbf3f5c695a3	6.785156151952302	5.228039080473089			0.22580645161290322	0.29545454545454547
union_component_leave_one_out	component-05	additive_gmolai_pocket_equal_S1	S1	RCSB-7MR9-ZMM-KD	construct-003-fbf3f5c695a3	6.474955192963154	4.5149708999748634			0.21818181818181817	0.29545454545454547
union_component_leave_one_out	component-05	additive_gmolai_pocket_equal_S1	S1	RCSB-5D3L-57F-KD	construct-003-fbf3f5c695a3	6.055517327849831	5.232935315010954			0.175	0.29545454545454547
union_component_leave_one_out	component-05	additive_gmolai_pocket_equal_S1	S1	RCSB-6Q3Z-HG8-KD	construct-003-fbf3f5c695a3	7.356547323513812	4.776651973225844			0.16666666666666666	0.29545454545454547
union_component_leave_one_out	component-05	additive_gmolai_pocket_equal_S1	S1	RCSB-5EIS-5OU-KD	construct-003-fbf3f5c695a3	5.7447274948966935	4.636294664099681			0.21518987341772153	0.29545454545454547
union_component_leave_one_out	component-05	additive_gmolai_pocket_equal_S1	S1	RCSB-5D3T-56Y-KD	construct-003-fbf3f5c695a3	4.920818753952375	4.552438206726798			0.2716049382716049	0.29545454545454547
union_component_leave_one_out	component-05	additive_gmolai_pocket_equal_S1	S1	RCSB-6Q3Y-HG5-KD	construct-003-fbf3f5c695a3	7.267606240177031	4.736363760045476			0.17475728155339806	0.29545454545454547
union_component_leave_one_out	component-05	ligand_ecfp_knn	ligand_only	RCSB-4O76-1M3-KD	construct-003-fbf3f5c695a3	6.910094888560602	6.065721356160768	RCSB-5O4S-9KW-KD	0.2159090909090909	0.2159090909090909	0.29545454545454547
union_component_leave_one_out	component-05	ligand_ecfp_knn	ligand_only	RCSB-7MRA-ZMJ-KD	construct-003-fbf3f5c695a3	7.086186147616283	5.726979941239175	RCSB-5MYG-LS8-KD	0.21333333333333335	0.21333333333333335	0.29545454545454547
union_component_leave_one_out	component-05	ligand_ecfp_knn	ligand_only	RCSB-5D26-L28-KD	construct-003-fbf3f5c695a3	6.0915149811213505	6.558511272024783	RCSB-6U5M-Q0S-KD	0.20253164556962025	0.20253164556962025	0.29545454545454547
union_component_leave_one_out	component-05	ligand_ecfp_knn	ligand_only	RCSB-5EGU-5NQ-KD	construct-003-fbf3f5c695a3	5.853871964321762	4.593208498052458	RCSB-5O55-9L5-KD	0.18085106382978725	0.18085106382978725	0.29545454545454547
union_component_leave_one_out	component-05	ligand_ecfp_knn	ligand_only	RCSB-6TPZ-NV2-KD	construct-003-fbf3f5c695a3	8.301029995663981	5.934076017182935	RCSB-5O4S-9KW-KD	0.24096385542168675	0.24096385542168675	0.29545454545454547
union_component_leave_one_out	component-05	ligand_ecfp_knn	ligand_only	RCSB-6FO5-DZH-KD	construct-003-fbf3f5c695a3	6.721246399047171	5.568252177146503	RCSB-5O4S-9KW-KD	0.23655913978494625	0.23655913978494625	0.29545454545454547
union_component_leave_one_out	component-05	ligand_ecfp_knn	ligand_only	RCSB-7AXR-S7T-KD	construct-003-fbf3f5c695a3	4.940058111938045	4.272699846574056	RCSB-4UGO-1QF-KD	0.26582278481012656	0.26582278481012656	0.29545454545454547
union_component_leave_one_out	component-05	ligand_ecfp_knn	ligand_only	RCSB-6FSY-E5Q-KD	construct-003-fbf3f5c695a3	6.607303046740334	3.7253319981542083	RCSB-5EM3-5Q0-KD	0.2037037037037037	0.2037037037037037	0.29545454545454547
union_component_leave_one_out	component-05	ligand_ecfp_knn	ligand_only	RCSB-4PS5-2TA-KD	construct-003-fbf3f5c695a3	6.785156151952302	6.132976953328742	RCSB-5MYG-LS8-KD	0.22580645161290322	0.22580645161290322	0.29545454545454547
union_component_leave_one_out	component-05	ligand_ecfp_knn	ligand_only	RCSB-7MR9-ZMM-KD	construct-003-fbf3f5c695a3	6.474955192963154	4.916324357745892	RCSB-5EPS-5QX-KD	0.21818181818181817	0.21818181818181817	0.29545454545454547
union_component_leave_one_out	component-05	ligand_ecfp_knn	ligand_only	RCSB-5D3L-57F-KD	construct-003-fbf3f5c695a3	6.055517327849831	6.203301414909573	RCSB-6U5M-Q0S-KD	0.175	0.175	0.29545454545454547
union_component_leave_one_out	component-05	ligand_ecfp_knn	ligand_only	RCSB-6Q3Z-HG8-KD	construct-003-fbf3f5c695a3	7.356547323513812	5.002052881444654	RCSB-5O55-9L5-KD	0.16666666666666666	0.16666666666666666	0.29545454545454547
union_component_leave_one_out	component-05	ligand_ecfp_knn	ligand_only	RCSB-5EIS-5OU-KD	construct-003-fbf3f5c695a3	5.7447274948966935	4.920547298838999	RCSB-5O5A-9LN-KD	0.21518987341772153	0.21518987341772153	0.29545454545454547
union_component_leave_one_out	component-05	ligand_ecfp_knn	ligand_only	RCSB-5D3T-56Y-KD	construct-003-fbf3f5c695a3	4.920818753952375	4.641136435098567	RCSB-5O5A-9LN-KD	0.2716049382716049	0.2716049382716049	0.29545454545454547
union_component_leave_one_out	component-05	ligand_ecfp_knn	ligand_only	RCSB-6Q3Y-HG5-KD	construct-003-fbf3f5c695a3	7.267606240177031	4.808609042910957	RCSB-5O55-9L5-KD	0.17475728155339806	0.17475728155339806	0.29545454545454547
union_component_leave_one_out	component-05	ligand_gmolai_knn	ligand_only	RCSB-4O76-1M3-KD	construct-003-fbf3f5c695a3	6.910094888560602	5.626692398953165	RCSB-5OV8-AXN-KD	0.5968245404514607	0.2159090909090909	0.29545454545454547
union_component_leave_one_out	component-05	ligand_gmolai_knn	ligand_only	RCSB-7MRA-ZMJ-KD	construct-003-fbf3f5c695a3	7.086186147616283	4.443341775139776	RCSB-5O5A-9LN-KD	0.7808348501426313	0.21333333333333335	0.29545454545454547
union_component_leave_one_out	component-05	ligand_gmolai_knn	ligand_only	RCSB-5D26-L28-KD	construct-003-fbf3f5c695a3	6.0915149811213505	7.046556445676957	RCSB-6U8L-Q1P-KD	0.6254704751920682	0.20253164556962025	0.29545454545454547
union_component_leave_one_out	component-05	ligand_gmolai_knn	ligand_only	RCSB-5EGU-5NQ-KD	construct-003-fbf3f5c695a3	5.853871964321762	4.9110172382731365	RCSB-5O55-9L5-KD	0.6797614928947942	0.18085106382978725	0.29545454545454547
union_component_leave_one_out	component-05	ligand_gmolai_knn	ligand_only	RCSB-6TPZ-NV2-KD	construct-003-fbf3f5c695a3	8.301029995663981	5.235730481152452	RCSB-5O4S-9KW-KD	0.7315817725367668	0.24096385542168675	0.29545454545454547
union_component_leave_one_out	component-05	ligand_gmolai_knn	ligand_only	RCSB-6FO5-DZH-KD	construct-003-fbf3f5c695a3	6.721246399047171	4.869364131000713	RCSB-5O5F-9LT-KD	0.7120629117393187	0.23655913978494625	0.29545454545454547
union_component_leave_one_out	component-05	ligand_gmolai_knn	ligand_only	RCSB-7AXR-S7T-KD	construct-003-fbf3f5c695a3	4.940058111938045	5.04717575434799	RCSB-5DYA-5GV-KD	0.5457343769024763	0.26582278481012656	0.29545454545454547
union_component_leave_one_out	component-05	ligand_gmolai_knn	ligand_only	RCSB-6FSY-E5Q-KD	construct-003-fbf3f5c695a3	6.607303046740334	5.1187948922223665	RCSB-4UGG-S5D-KD	0.7133102084525269	0.2037037037037037	0.29545454545454547
union_component_leave_one_out	component-05	ligand_gmolai_knn	ligand_only	RCSB-4PS5-2TA-KD	construct-003-fbf3f5c695a3	6.785156151952302	4.842199867443386	RCSB-4AGQ-P96-KD	0.47457686853469616	0.22580645161290322	0.29545454545454547
union_component_leave_one_out	component-05	ligand_gmolai_knn	ligand_only	RCSB-7MR9-ZMM-KD	construct-003-fbf3f5c695a3	6.474955192963154	4.43971554302364	RCSB-5O5A-9LN-KD	0.7472408583164001	0.21818181818181817	0.29545454545454547
union_component_leave_one_out	component-05	ligand_gmolai_knn	ligand_only	RCSB-5D3L-57F-KD	construct-003-fbf3f5c695a3	6.055517327849831	7.036750202874511	RCSB-6U8L-Q1P-KD	0.6011809112479888	0.175	0.29545454545454547
union_component_leave_one_out	component-05	ligand_gmolai_knn	ligand_only	RCSB-6Q3Z-HG8-KD	construct-003-fbf3f5c695a3	7.356547323513812	5.074154766272257	RCSB-5O4S-9KW-KD	0.3882379015167674	0.16666666666666666	0.29545454545454547
union_component_leave_one_out	component-05	ligand_gmolai_knn	ligand_only	RCSB-5EIS-5OU-KD	construct-003-fbf3f5c695a3	5.7447274948966935	4.454293998413564	RCSB-5O5F-9LT-KD	0.8239826525361353	0.21518987341772153	0.29545454545454547
union_component_leave_one_out	component-05	ligand_gmolai_knn	ligand_only	RCSB-5D3T-56Y-KD	construct-003-fbf3f5c695a3	4.920818753952375	4.741913854169685	RCSB-5DYA-5GV-KD	0.4979705228121206	0.2716049382716049	0.29545454545454547
union_component_leave_one_out	component-05	ligand_gmolai_knn	ligand_only	RCSB-6Q3Y-HG5-KD	construct-003-fbf3f5c695a3	7.267606240177031	4.805163634391576	RCSB-6RQ9-KEQ-KD	0.40934119987768314	0.17475728155339806	0.29545454545454547
union_component_leave_one_out	component-05	protein_sequence_identity_knn	sequence_only	RCSB-4O76-1M3-KD	construct-003-fbf3f5c695a3	6.910094888560602	4.167229815403466	RCSB-5C85-4YO-KD	0.29545454545454547	0.2159090909090909	0.29545454545454547
union_component_leave_one_out	component-05	protein_sequence_identity_knn	sequence_only	RCSB-7MRA-ZMJ-KD	construct-003-fbf3f5c695a3	7.086186147616283	4.167229815403466	RCSB-5C85-4YO-KD	0.29545454545454547	0.21333333333333335	0.29545454545454547
union_component_leave_one_out	component-05	protein_sequence_identity_knn	sequence_only	RCSB-5D26-L28-KD	construct-003-fbf3f5c695a3	6.0915149811213505	4.167229815403466	RCSB-5C85-4YO-KD	0.29545454545454547	0.20253164556962025	0.29545454545454547
union_component_leave_one_out	component-05	protein_sequence_identity_knn	sequence_only	RCSB-5EGU-5NQ-KD	construct-003-fbf3f5c695a3	5.853871964321762	4.167229815403466	RCSB-5C85-4YO-KD	0.29545454545454547	0.18085106382978725	0.29545454545454547
union_component_leave_one_out	component-05	protein_sequence_identity_knn	sequence_only	RCSB-6TPZ-NV2-KD	construct-003-fbf3f5c695a3	8.301029995663981	4.167229815403466	RCSB-5C85-4YO-KD	0.29545454545454547	0.24096385542168675	0.29545454545454547
union_component_leave_one_out	component-05	protein_sequence_identity_knn	sequence_only	RCSB-6FO5-DZH-KD	construct-003-fbf3f5c695a3	6.721246399047171	4.167229815403466	RCSB-5C85-4YO-KD	0.29545454545454547	0.23655913978494625	0.29545454545454547
union_component_leave_one_out	component-05	protein_sequence_identity_knn	sequence_only	RCSB-7AXR-S7T-KD	construct-003-fbf3f5c695a3	4.940058111938045	4.167229815403466	RCSB-5C85-4YO-KD	0.29545454545454547	0.26582278481012656	0.29545454545454547
union_component_leave_one_out	component-05	protein_sequence_identity_knn	sequence_only	RCSB-6FSY-E5Q-KD	construct-003-fbf3f5c695a3	6.607303046740334	4.167229815403466	RCSB-5C85-4YO-KD	0.29545454545454547	0.2037037037037037	0.29545454545454547
union_component_leave_one_out	component-05	protein_sequence_identity_knn	sequence_only	RCSB-4PS5-2TA-KD	construct-003-fbf3f5c695a3	6.785156151952302	4.167229815403466	RCSB-5C85-4YO-KD	0.29545454545454547	0.22580645161290322	0.29545454545454547
union_component_leave_one_out	component-05	protein_sequence_identity_knn	sequence_only	RCSB-7MR9-ZMM-KD	construct-003-fbf3f5c695a3	6.474955192963154	4.167229815403466	RCSB-5C85-4YO-KD	0.29545454545454547	0.21818181818181817	0.29545454545454547
union_component_leave_one_out	component-05	protein_sequence_identity_knn	sequence_only	RCSB-5D3L-57F-KD	construct-003-fbf3f5c695a3	6.055517327849831	4.167229815403466	RCSB-5C85-4YO-KD	0.29545454545454547	0.175	0.29545454545454547
union_component_leave_one_out	component-05	protein_sequence_identity_knn	sequence_only	RCSB-6Q3Z-HG8-KD	construct-003-fbf3f5c695a3	7.356547323513812	4.167229815403466	RCSB-5C85-4YO-KD	0.29545454545454547	0.16666666666666666	0.29545454545454547
union_component_leave_one_out	component-05	protein_sequence_identity_knn	sequence_only	RCSB-5EIS-5OU-KD	construct-003-fbf3f5c695a3	5.7447274948966935	4.167229815403466	RCSB-5C85-4YO-KD	0.29545454545454547	0.21518987341772153	0.29545454545454547
union_component_leave_one_out	component-05	protein_sequence_identity_knn	sequence_only	RCSB-5D3T-56Y-KD	construct-003-fbf3f5c695a3	4.920818753952375	4.167229815403466	RCSB-5C85-4YO-KD	0.29545454545454547	0.2716049382716049	0.29545454545454547
union_component_leave_one_out	component-05	protein_sequence_identity_knn	sequence_only	RCSB-6Q3Y-HG5-KD	construct-003-fbf3f5c695a3	7.267606240177031	4.167229815403466	RCSB-5C85-4YO-KD	0.29545454545454547	0.17475728155339806	0.29545454545454547
union_component_leave_one_out	component-05	pocket_structure_knn_S0	S0	RCSB-4O76-1M3-KD	construct-003-fbf3f5c695a3	6.910094888560602	4.891149126340274	RCSB-5OV8-AXN-KD	0.3238964332661315	0.2159090909090909	0.29545454545454547
union_component_leave_one_out	component-05	pocket_structure_knn_S0	S0	RCSB-7MRA-ZMJ-KD	construct-003-fbf3f5c695a3	7.086186147616283	4.685621017032617	RCSB-5OV8-AXN-KD	0.33010096770806174	0.21333333333333335	0.29545454545454547
union_component_leave_one_out	component-05	pocket_structure_knn_S0	S0	RCSB-5D26-L28-KD	construct-003-fbf3f5c695a3	6.0915149811213505	4.683271013050744	RCSB-5OV8-AXN-KD	0.3276166097398787	0.20253164556962025	0.29545454545454547
union_component_leave_one_out	component-05	pocket_structure_knn_S0	S0	RCSB-5EGU-5NQ-KD	construct-003-fbf3f5c695a3	5.853871964321762	4.682935935453685	RCSB-5OV8-AXN-KD	0.35646188007856094	0.18085106382978725	0.29545454545454547
union_component_leave_one_out	component-05	pocket_structure_knn_S0	S0	RCSB-6TPZ-NV2-KD	construct-003-fbf3f5c695a3	8.301029995663981	4.681622913980844	RCSB-5OV8-AXN-KD	0.32407807147041584	0.24096385542168675	0.29545454545454547
union_component_leave_one_out	component-05	pocket_structure_knn_S0	S0	RCSB-6FO5-DZH-KD	construct-003-fbf3f5c695a3	6.721246399047171	4.6780433237926955	RCSB-5OV8-AXN-KD	0.35338550933940244	0.23655913978494625	0.29545454545454547
union_component_leave_one_out	component-05	pocket_structure_knn_S0	S0	RCSB-7AXR-S7T-KD	construct-003-fbf3f5c695a3	4.940058111938045	4.880902858880556	RCSB-5O5F-9LT-KD	0.32377060347068043	0.26582278481012656	0.29545454545454547
union_component_leave_one_out	component-05	pocket_structure_knn_S0	S0	RCSB-6FSY-E5Q-KD	construct-003-fbf3f5c695a3	6.607303046740334	4.6842540703220354	RCSB-5OV8-AXN-KD	0.32367881940934906	0.2037037037037037	0.29545454545454547
union_component_leave_one_out	component-05	pocket_structure_knn_S0	S0	RCSB-4PS5-2TA-KD	construct-003-fbf3f5c695a3	6.785156151952302	4.68719722341168	RCSB-5OV8-AXN-KD	0.34718222225054485	0.22580645161290322	0.29545454545454547
union_component_leave_one_out	component-05	pocket_structure_knn_S0	S0	RCSB-7MR9-ZMM-KD	construct-003-fbf3f5c695a3	6.474955192963154	4.68208629654848	RCSB-5OV8-AXN-KD	0.3313161523953482	0.21818181818181817	0.29545454545454547
union_component_leave_one_out	component-05	pocket_structure_knn_S0	S0	RCSB-5D3L-57F-KD	construct-003-fbf3f5c695a3	6.055517327849831	4.693371397893182	RCSB-5OV8-AXN-KD	0.3097945701281536	0.175	0.29545454545454547
union_component_leave_one_out	component-05	pocket_structure_knn_S0	S0	RCSB-6Q3Z-HG8-KD	construct-003-fbf3f5c695a3	7.356547323513812	4.882023968922313	RCSB-5OV8-AXN-KD	0.32966631449769046	0.16666666666666666	0.29545454545454547
union_component_leave_one_out	component-05	pocket_structure_knn_S0	S0	RCSB-5EIS-5OU-KD	construct-003-fbf3f5c695a3	5.7447274948966935	4.6861277335619596	RCSB-5OV8-AXN-KD	0.31316895966892455	0.21518987341772153	0.29545454545454547
union_component_leave_one_out	component-05	pocket_structure_knn_S0	S0	RCSB-5D3T-56Y-KD	construct-003-fbf3f5c695a3	4.920818753952375	4.680707381176489	RCSB-5OV8-AXN-KD	0.3100085304710526	0.2716049382716049	0.29545454545454547
union_component_leave_one_out	component-05	pocket_structure_knn_S0	S0	RCSB-6Q3Y-HG5-KD	construct-003-fbf3f5c695a3	7.267606240177031	4.4684394024799285	RCSB-5OV8-AXN-KD	0.3206009521897618	0.17475728155339806	0.29545454545454547
union_component_leave_one_out	component-05	two_sided_ecfp_pocket_knn_S0	S0	RCSB-4O76-1M3-KD	construct-003-fbf3f5c695a3	6.910094888560602	5.962046201454377	RCSB-5O4S-9KW-KD	0.2639452397482507	0.2159090909090909	0.29545454545454547
union_component_leave_one_out	component-05	two_sided_ecfp_pocket_knn_S0	S0	RCSB-7MRA-ZMJ-KD	construct-003-fbf3f5c695a3	7.086186147616283	5.667037122690021	RCSB-5OV8-AXN-KD	0.262242321029958	0.21333333333333335	0.29545454545454547
union_component_leave_one_out	component-05	two_sided_ecfp_pocket_knn_S0	S0	RCSB-5D26-L28-KD	construct-003-fbf3f5c695a3	6.0915149811213505	4.936543068073215	RCSB-6U5M-Q0S-KD	0.2331263066356041	0.20253164556962025	0.29545454545454547
union_component_leave_one_out	component-05	two_sided_ecfp_pocket_knn_S0	S0	RCSB-5EGU-5NQ-KD	construct-003-fbf3f5c695a3	5.853871964321762	4.587431050043893	RCSB-5O55-9L5-KD	0.24310002300191016	0.18085106382978725	0.29545454545454547
union_component_leave_one_out	component-05	two_sided_ecfp_pocket_knn_S0	S0	RCSB-6TPZ-NV2-KD	construct-003-fbf3f5c695a3	8.301029995663981	5.932661665603762	RCSB-5O4S-9KW-KD	0.2784034651978221	0.24096385542168675	0.29545454545454547
union_component_leave_one_out	component-05	two_sided_ecfp_pocket_knn_S0	S0	RCSB-6FO5-DZH-KD	construct-003-fbf3f5c695a3	6.721246399047171	5.086128584122964	RCSB-5O4S-9KW-KD	0.286955885567234	0.23655913978494625	0.29545454545454547
union_component_leave_one_out	component-05	two_sided_ecfp_pocket_knn_S0	S0	RCSB-7AXR-S7T-KD	construct-003-fbf3f5c695a3	4.940058111938045	4.167390408627275	RCSB-4UGO-1QF-KD	0.24295911783131763	0.26582278481012656	0.29545454545454547
union_component_leave_one_out	component-05	two_sided_ecfp_pocket_knn_S0	S0	RCSB-6FSY-E5Q-KD	construct-003-fbf3f5c695a3	6.607303046740334	3.723302153975117	RCSB-5EM3-5Q0-KD	0.254853188431839	0.2037037037037037	0.29545454545454547
union_component_leave_one_out	component-05	two_sided_ecfp_pocket_knn_S0	S0	RCSB-4PS5-2TA-KD	construct-003-fbf3f5c695a3	6.785156151952302	5.994783264163613	RCSB-5MYG-LS8-KD	0.26833443754106273	0.22580645161290322	0.29545454545454547
union_component_leave_one_out	component-05	two_sided_ecfp_pocket_knn_S0	S0	RCSB-7MR9-ZMM-KD	construct-003-fbf3f5c695a3	6.474955192963154	4.944857888776325	RCSB-5EPS-5QX-KD	0.26063296779291123	0.21818181818181817	0.29545454545454547
union_component_leave_one_out	component-05	two_sided_ecfp_pocket_knn_S0	S0	RCSB-5D3L-57F-KD	construct-003-fbf3f5c695a3	6.055517327849831	5.13892130438334	RCSB-5O1I-9GH-KD	0.21321691463382791	0.175	0.29545454545454547
union_component_leave_one_out	component-05	two_sided_ecfp_pocket_knn_S0	S0	RCSB-6Q3Z-HG8-KD	construct-003-fbf3f5c695a3	7.356547323513812	5.013743124290382	RCSB-5O55-9L5-KD	0.22643151090580277	0.16666666666666666	0.29545454545454547
union_component_leave_one_out	component-05	two_sided_ecfp_pocket_knn_S0	S0	RCSB-5EIS-5OU-KD	construct-003-fbf3f5c695a3	5.7447274948966935	4.425354285574107	RCSB-5O5A-9LN-KD	0.24708800882999185	0.21518987341772153	0.29545454545454547
union_component_leave_one_out	component-05	two_sided_ecfp_pocket_knn_S0	S0	RCSB-5D3T-56Y-KD	construct-003-fbf3f5c695a3	4.920818753952375	4.49139136781889	RCSB-5O5A-9LN-KD	0.277817912923972	0.2716049382716049	0.29545454545454547
union_component_leave_one_out	component-05	two_sided_ecfp_pocket_knn_S0	S0	RCSB-6Q3Y-HG5-KD	construct-003-fbf3f5c695a3	7.267606240177031	4.736842167330637	RCSB-5OV8-AXN-KD	0.22762753634698032	0.17475728155339806	0.29545454545454547
union_component_leave_one_out	component-05	pocket_structure_knn_S1	S1	RCSB-4O76-1M3-KD	construct-003-fbf3f5c695a3	6.910094888560602	4.167229815403467	RCSB-5C85-4YO-KD	0.30316014058728535	0.2159090909090909	0.29545454545454547
union_component_leave_one_out	component-05	pocket_structure_knn_S1	S1	RCSB-7MRA-ZMJ-KD	construct-003-fbf3f5c695a3	7.086186147616283	4.167229815403467	RCSB-5C85-4YO-KD	0.30316014058728535	0.21333333333333335	0.29545454545454547
union_component_leave_one_out	component-05	pocket_structure_knn_S1	S1	RCSB-5D26-L28-KD	construct-003-fbf3f5c695a3	6.0915149811213505	4.167229815403467	RCSB-5C85-4YO-KD	0.30316014058728535	0.20253164556962025	0.29545454545454547
union_component_leave_one_out	component-05	pocket_structure_knn_S1	S1	RCSB-5EGU-5NQ-KD	construct-003-fbf3f5c695a3	5.853871964321762	4.167229815403467	RCSB-5C85-4YO-KD	0.30316014058728535	0.18085106382978725	0.29545454545454547
union_component_leave_one_out	component-05	pocket_structure_knn_S1	S1	RCSB-6TPZ-NV2-KD	construct-003-fbf3f5c695a3	8.301029995663981	4.167229815403467	RCSB-5C85-4YO-KD	0.30316014058728535	0.24096385542168675	0.29545454545454547
union_component_leave_one_out	component-05	pocket_structure_knn_S1	S1	RCSB-6FO5-DZH-KD	construct-003-fbf3f5c695a3	6.721246399047171	4.167229815403467	RCSB-5C85-4YO-KD	0.30316014058728535	0.23655913978494625	0.29545454545454547
union_component_leave_one_out	component-05	pocket_structure_knn_S1	S1	RCSB-7AXR-S7T-KD	construct-003-fbf3f5c695a3	4.940058111938045	4.167229815403467	RCSB-5C85-4YO-KD	0.30316014058728535	0.26582278481012656	0.29545454545454547
union_component_leave_one_out	component-05	pocket_structure_knn_S1	S1	RCSB-6FSY-E5Q-KD	construct-003-fbf3f5c695a3	6.607303046740334	4.167229815403467	RCSB-5C85-4YO-KD	0.30316014058728535	0.2037037037037037	0.29545454545454547
union_component_leave_one_out	component-05	pocket_structure_knn_S1	S1	RCSB-4PS5-2TA-KD	construct-003-fbf3f5c695a3	6.785156151952302	4.167229815403467	RCSB-5C85-4YO-KD	0.30316014058728535	0.22580645161290322	0.29545454545454547
union_component_leave_one_out	component-05	pocket_structure_knn_S1	S1	RCSB-7MR9-ZMM-KD	construct-003-fbf3f5c695a3	6.474955192963154	4.167229815403467	RCSB-5C85-4YO-KD	0.30316014058728535	0.21818181818181817	0.29545454545454547
union_component_leave_one_out	component-05	pocket_structure_knn_S1	S1	RCSB-5D3L-57F-KD	construct-003-fbf3f5c695a3	6.055517327849831	4.167229815403467	RCSB-5C85-4YO-KD	0.30316014058728535	0.175	0.29545454545454547
union_component_leave_one_out	component-05	pocket_structure_knn_S1	S1	RCSB-6Q3Z-HG8-KD	construct-003-fbf3f5c695a3	7.356547323513812	4.167229815403467	RCSB-5C85-4YO-KD	0.30316014058728535	0.16666666666666666	0.29545454545454547
union_component_leave_one_out	component-05	pocket_structure_knn_S1	S1	RCSB-5EIS-5OU-KD	construct-003-fbf3f5c695a3	5.7447274948966935	4.167229815403467	RCSB-5C85-4YO-KD	0.30316014058728535	0.21518987341772153	0.29545454545454547
union_component_leave_one_out	component-05	pocket_structure_knn_S1	S1	RCSB-5D3T-56Y-KD	construct-003-fbf3f5c695a3	4.920818753952375	4.167229815403467	RCSB-5C85-4YO-KD	0.30316014058728535	0.2716049382716049	0.29545454545454547
union_component_leave_one_out	component-05	pocket_structure_knn_S1	S1	RCSB-6Q3Y-HG5-KD	construct-003-fbf3f5c695a3	7.267606240177031	4.167229815403467	RCSB-5C85-4YO-KD	0.30316014058728535	0.17475728155339806	0.29545454545454547
union_component_leave_one_out	component-05	two_sided_ecfp_pocket_knn_S1	S1	RCSB-4O76-1M3-KD	construct-003-fbf3f5c695a3	6.910094888560602	6.01137858892406	RCSB-5O4S-9KW-KD	0.2558418072834715	0.2159090909090909	0.29545454545454547
union_component_leave_one_out	component-05	two_sided_ecfp_pocket_knn_S1	S1	RCSB-7MRA-ZMJ-KD	construct-003-fbf3f5c695a3	7.086186147616283	5.709628733417481	RCSB-5MYG-LS8-KD	0.25431115454357783	0.21333333333333335	0.29545454545454547
union_component_leave_one_out	component-05	two_sided_ecfp_pocket_knn_S1	S1	RCSB-5D26-L28-KD	construct-003-fbf3f5c695a3	6.0915149811213505	4.58327957587552	RCSB-6U5M-Q0S-KD	0.2294560692801271	0.20253164556962025	0.29545454545454547
union_component_leave_one_out	component-05	two_sided_ecfp_pocket_knn_S1	S1	RCSB-5EGU-5NQ-KD	construct-003-fbf3f5c695a3	5.853871964321762	4.590816454064429	RCSB-5O55-9L5-KD	0.23415130564658063	0.18085106382978725	0.29545454545454547
union_component_leave_one_out	component-05	two_sided_ecfp_pocket_knn_S1	S1	RCSB-6TPZ-NV2-KD	construct-003-fbf3f5c695a3	8.301029995663981	5.9358374940504115	RCSB-5O4S-9KW-KD	0.27027881212942473	0.24096385542168675	0.29545454545454547
union_component_leave_one_out	component-05	two_sided_ecfp_pocket_knn_S1	S1	RCSB-6FO5-DZH-KD	construct-003-fbf3f5c695a3	6.721246399047171	5.0832670646043185	RCSB-5O4S-9KW-KD	0.2677971285776074	0.23655913978494625	0.29545454545454547
union_component_leave_one_out	component-05	two_sided_ecfp_pocket_knn_S1	S1	RCSB-7AXR-S7T-KD	construct-003-fbf3f5c695a3	4.940058111938045	4.335426631162704	RCSB-4UGO-1QF-KD	0.23954520069384513	0.26582278481012656	0.29545454545454547
union_component_leave_one_out	component-05	two_sided_ecfp_pocket_knn_S1	S1	RCSB-6FSY-E5Q-KD	construct-003-fbf3f5c695a3	6.607303046740334	3.724011909798753	RCSB-5EM3-5Q0-KD	0.24850521816043528	0.2037037037037037	0.29545454545454547
union_component_leave_one_out	component-05	two_sided_ecfp_pocket_knn_S1	S1	RCSB-4PS5-2TA-KD	construct-003-fbf3f5c695a3	6.785156151952302	6.039728368978681	RCSB-5MYG-LS8-KD	0.26164004971808846	0.22580645161290322	0.29545454545454547
union_component_leave_one_out	component-05	two_sided_ecfp_pocket_knn_S1	S1	RCSB-7MR9-ZMM-KD	construct-003-fbf3f5c695a3	6.474955192963154	4.932634285079271	RCSB-5EPS-5QX-KD	0.2571848181242227	0.21818181818181817	0.29545454545454547
union_component_leave_one_out	component-05	two_sided_ecfp_pocket_knn_S1	S1	RCSB-5D3L-57F-KD	construct-003-fbf3f5c695a3	6.055517327849831	5.1036800709814285	RCSB-5EVA-5S9-KD	0.2202399203004888	0.175	0.29545454545454547
union_component_leave_one_out	component-05	two_sided_ecfp_pocket_knn_S1	S1	RCSB-6Q3Z-HG8-KD	construct-003-fbf3f5c695a3	7.356547323513812	5.009203289826348	RCSB-5O55-9L5-KD	0.22478142738642998	0.16666666666666666	0.29545454545454547
union_component_leave_one_out	component-05	two_sided_ecfp_pocket_knn_S1	S1	RCSB-5EIS-5OU-KD	construct-003-fbf3f5c695a3	5.7447274948966935	4.428102042217444	RCSB-5O5A-9LN-KD	0.25541533289580837	0.21518987341772153	0.29545454545454547
union_component_leave_one_out	component-05	two_sided_ecfp_pocket_knn_S1	S1	RCSB-5D3T-56Y-KD	construct-003-fbf3f5c695a3	4.920818753952375	4.478659310638593	RCSB-5O5A-9LN-KD	0.28694910919990796	0.2716049382716049	0.29545454545454547
union_component_leave_one_out	component-05	two_sided_ecfp_pocket_knn_S1	S1	RCSB-6Q3Y-HG5-KD	construct-003-fbf3f5c695a3	7.267606240177031	4.623812946320749	RCSB-5O55-9L5-KD	0.2301726353074578	0.17475728155339806	0.29545454545454547
union_component_leave_one_out	component-06	global_train_mean	no_input	RCSB-4UGY-EXI-KD	construct-001-c5158f5b655d	4.239577516576788	5.2654879552703795			0.12345679012345678	0.23755656108597284
union_component_leave_one_out	component-06	global_train_mean	no_input	RCSB-4UGR-6E5-KD	construct-001-c5158f5b655d	4.958607314841775	5.2654879552703795			0.20689655172413793	0.23755656108597284
union_component_leave_one_out	component-06	global_train_mean	no_input	RCSB-4UGA-Q05-KD	construct-001-c5158f5b655d	4.214670164989233	5.2654879552703795			0.17647058823529413	0.23755656108597284
union_component_leave_one_out	component-06	global_train_mean	no_input	RCSB-4UG5-XFK-KD	construct-001-c5158f5b655d	5.298432014944073	5.2654879552703795			0.11666666666666667	0.23755656108597284
union_component_leave_one_out	component-06	global_train_mean	no_input	RCSB-4UG6-XFJ-KD	construct-001-c5158f5b655d	5.571865205971211	5.2654879552703795			0.13043478260869565	0.23755656108597284
union_component_leave_one_out	component-06	global_train_mean	no_input	RCSB-4UG8-HW1-KD	construct-001-c5158f5b655d	6.346787486224656	5.2654879552703795			0.13636363636363635	0.23755656108597284
union_component_leave_one_out	component-06	global_train_mean	no_input	RCSB-4UGS-H36-KD	construct-001-c5158f5b655d	3.8961962790440428	5.2654879552703795			0.1724137931034483	0.23755656108597284
union_component_leave_one_out	component-06	global_train_mean	no_input	RCSB-4UGM-1QE-KD	construct-001-c5158f5b655d	4.00436480540245	5.2654879552703795			0.2647058823529412	0.23755656108597284
union_component_leave_one_out	component-06	global_train_mean	no_input	RCSB-4UGI-SKO-KD	construct-001-c5158f5b655d	4.73754891026957	5.2654879552703795			0.17105263157894737	0.23755656108597284
union_component_leave_one_out	component-06	global_train_mean	no_input	RCSB-4UG7-1EV-KD	construct-001-c5158f5b655d	5.349692476868063	5.2654879552703795			0.18309859154929578	0.23755656108597284
union_component_leave_one_out	component-06	global_train_mean	no_input	RCSB-4UGH-4V4-KD	construct-001-c5158f5b655d	4.297052753818444	5.2654879552703795			0.18181818181818182	0.23755656108597284
union_component_leave_one_out	component-06	global_train_mean	no_input	RCSB-4UGL-S90-KD	construct-001-c5158f5b655d	4.206628751081045	5.2654879552703795			0.14444444444444443	0.23755656108597284
union_component_leave_one_out	component-06	global_train_mean	no_input	RCSB-4UGD-Q14-KD	construct-001-c5158f5b655d	4.421360790031928	5.2654879552703795			0.1375	0.23755656108597284
union_component_leave_one_out	component-06	global_train_mean	no_input	RCSB-4UGG-S5D-KD	construct-001-c5158f5b655d	4.59176003468815	5.2654879552703795			0.17105263157894737	0.23755656108597284
union_component_leave_one_out	component-06	global_train_mean	no_input	RCSB-4UG9-1EW-KD	construct-001-c5158f5b655d	5.064996848546345	5.2654879552703795			0.18032786885245902	0.23755656108597284
union_component_leave_one_out	component-06	global_train_mean	no_input	RCSB-4UGC-1Q6-KD	construct-001-c5158f5b655d	4.728158393463501	5.2654879552703795			0.14102564102564102	0.23755656108597284
union_component_leave_one_out	component-06	global_train_mean	no_input	RCSB-4UGO-1QF-KD	construct-001-c5158f5b655d	4.205511953340831	5.2654879552703795			0.26582278481012656	0.23755656108597284
union_component_leave_one_out	component-06	global_train_mean	no_input	RCSB-4UGB-QJ7-KD	construct-001-c5158f5b655d	3.6252516539898965	5.2654879552703795			0.16853932584269662	0.23755656108597284
union_component_leave_one_out	component-06	global_train_mean	no_input	RCSB-4UGN-H49-KD	construct-001-c5158f5b655d	4.749579997691106	5.2654879552703795			0.2222222222222222	0.23755656108597284
union_component_leave_one_out	component-06	target_mean_or_global_fallback	target_identity	RCSB-4UGY-EXI-KD	construct-001-c5158f5b655d	4.239577516576788	5.2654879552703795			0.12345679012345678	0.23755656108597284
union_component_leave_one_out	component-06	target_mean_or_global_fallback	target_identity	RCSB-4UGR-6E5-KD	construct-001-c5158f5b655d	4.958607314841775	5.2654879552703795			0.20689655172413793	0.23755656108597284
union_component_leave_one_out	component-06	target_mean_or_global_fallback	target_identity	RCSB-4UGA-Q05-KD	construct-001-c5158f5b655d	4.214670164989233	5.2654879552703795			0.17647058823529413	0.23755656108597284
union_component_leave_one_out	component-06	target_mean_or_global_fallback	target_identity	RCSB-4UG5-XFK-KD	construct-001-c5158f5b655d	5.298432014944073	5.2654879552703795			0.11666666666666667	0.23755656108597284
union_component_leave_one_out	component-06	target_mean_or_global_fallback	target_identity	RCSB-4UG6-XFJ-KD	construct-001-c5158f5b655d	5.571865205971211	5.2654879552703795			0.13043478260869565	0.23755656108597284
union_component_leave_one_out	component-06	target_mean_or_global_fallback	target_identity	RCSB-4UG8-HW1-KD	construct-001-c5158f5b655d	6.346787486224656	5.2654879552703795			0.13636363636363635	0.23755656108597284
union_component_leave_one_out	component-06	target_mean_or_global_fallback	target_identity	RCSB-4UGS-H36-KD	construct-001-c5158f5b655d	3.8961962790440428	5.2654879552703795			0.1724137931034483	0.23755656108597284
union_component_leave_one_out	component-06	target_mean_or_global_fallback	target_identity	RCSB-4UGM-1QE-KD	construct-001-c5158f5b655d	4.00436480540245	5.2654879552703795			0.2647058823529412	0.23755656108597284
union_component_leave_one_out	component-06	target_mean_or_global_fallback	target_identity	RCSB-4UGI-SKO-KD	construct-001-c5158f5b655d	4.73754891026957	5.2654879552703795			0.17105263157894737	0.23755656108597284
union_component_leave_one_out	component-06	target_mean_or_global_fallback	target_identity	RCSB-4UG7-1EV-KD	construct-001-c5158f5b655d	5.349692476868063	5.2654879552703795			0.18309859154929578	0.23755656108597284
union_component_leave_one_out	component-06	target_mean_or_global_fallback	target_identity	RCSB-4UGH-4V4-KD	construct-001-c5158f5b655d	4.297052753818444	5.2654879552703795			0.18181818181818182	0.23755656108597284
union_component_leave_one_out	component-06	target_mean_or_global_fallback	target_identity	RCSB-4UGL-S90-KD	construct-001-c5158f5b655d	4.206628751081045	5.2654879552703795			0.14444444444444443	0.23755656108597284
union_component_leave_one_out	component-06	target_mean_or_global_fallback	target_identity	RCSB-4UGD-Q14-KD	construct-001-c5158f5b655d	4.421360790031928	5.2654879552703795			0.1375	0.23755656108597284
union_component_leave_one_out	component-06	target_mean_or_global_fallback	target_identity	RCSB-4UGG-S5D-KD	construct-001-c5158f5b655d	4.59176003468815	5.2654879552703795			0.17105263157894737	0.23755656108597284
union_component_leave_one_out	component-06	target_mean_or_global_fallback	target_identity	RCSB-4UG9-1EW-KD	construct-001-c5158f5b655d	5.064996848546345	5.2654879552703795			0.18032786885245902	0.23755656108597284
union_component_leave_one_out	component-06	target_mean_or_global_fallback	target_identity	RCSB-4UGC-1Q6-KD	construct-001-c5158f5b655d	4.728158393463501	5.2654879552703795			0.14102564102564102	0.23755656108597284
union_component_leave_one_out	component-06	target_mean_or_global_fallback	target_identity	RCSB-4UGO-1QF-KD	construct-001-c5158f5b655d	4.205511953340831	5.2654879552703795			0.26582278481012656	0.23755656108597284
union_component_leave_one_out	component-06	target_mean_or_global_fallback	target_identity	RCSB-4UGB-QJ7-KD	construct-001-c5158f5b655d	3.6252516539898965	5.2654879552703795			0.16853932584269662	0.23755656108597284
union_component_leave_one_out	component-06	target_mean_or_global_fallback	target_identity	RCSB-4UGN-H49-KD	construct-001-c5158f5b655d	4.749579997691106	5.2654879552703795			0.2222222222222222	0.23755656108597284
union_component_leave_one_out	component-06	nuisance_ridge	metadata_only	RCSB-4UGY-EXI-KD	construct-001-c5158f5b655d	4.239577516576788	5.211525121401116			0.12345679012345678	0.23755656108597284
union_component_leave_one_out	component-06	nuisance_ridge	metadata_only	RCSB-4UGR-6E5-KD	construct-001-c5158f5b655d	4.958607314841775	5.2853086229626065			0.20689655172413793	0.23755656108597284
union_component_leave_one_out	component-06	nuisance_ridge	metadata_only	RCSB-4UGA-Q05-KD	construct-001-c5158f5b655d	4.214670164989233	5.236800438545017			0.17647058823529413	0.23755656108597284
union_component_leave_one_out	component-06	nuisance_ridge	metadata_only	RCSB-4UG5-XFK-KD	construct-001-c5158f5b655d	5.298432014944073	5.352198856212124			0.11666666666666667	0.23755656108597284
union_component_leave_one_out	component-06	nuisance_ridge	metadata_only	RCSB-4UG6-XFJ-KD	construct-001-c5158f5b655d	5.571865205971211	5.213822877505106			0.13043478260869565	0.23755656108597284
union_component_leave_one_out	component-06	nuisance_ridge	metadata_only	RCSB-4UG8-HW1-KD	construct-001-c5158f5b655d	6.346787486224656	5.233736763739696			0.13636363636363635	0.23755656108597284
union_component_leave_one_out	component-06	nuisance_ridge	metadata_only	RCSB-4UGS-H36-KD	construct-001-c5158f5b655d	3.8961962790440428	5.259777999584927			0.1724137931034483	0.23755656108597284
union_component_leave_one_out	component-06	nuisance_ridge	metadata_only	RCSB-4UGM-1QE-KD	construct-001-c5158f5b655d	4.00436480540245	5.2853086229626065			0.2647058823529412	0.23755656108597284
union_component_leave_one_out	component-06	nuisance_ridge	metadata_only	RCSB-4UGI-SKO-KD	construct-001-c5158f5b655d	4.73754891026957	5.211525121401116			0.17105263157894737	0.23755656108597284
union_component_leave_one_out	component-06	nuisance_ridge	metadata_only	RCSB-4UG7-1EV-KD	construct-001-c5158f5b655d	5.349692476868063	5.201057565816267			0.18309859154929578	0.23755656108597284
union_component_leave_one_out	component-06	nuisance_ridge	metadata_only	RCSB-4UGH-4V4-KD	construct-001-c5158f5b655d	4.297052753818444	5.260799224520035			0.18181818181818182	0.23755656108597284
union_component_leave_one_out	component-06	nuisance_ridge	metadata_only	RCSB-4UGL-S90-KD	construct-001-c5158f5b655d	4.206628751081045	5.216375939842874			0.14444444444444443	0.23755656108597284
union_component_leave_one_out	component-06	nuisance_ridge	metadata_only	RCSB-4UGD-Q14-KD	construct-001-c5158f5b655d	4.421360790031928	5.269990248935999			0.1375	0.23755656108597284
union_component_leave_one_out	component-06	nuisance_ridge	metadata_only	RCSB-4UGG-S5D-KD	construct-001-c5158f5b655d	4.59176003468815	5.353220081147231			0.17105263157894737	0.23755656108597284
union_component_leave_one_out	component-06	nuisance_ridge	metadata_only	RCSB-4UG9-1EW-KD	construct-001-c5158f5b655d	5.064996848546345	5.221737370752187			0.18032786885245902	0.23755656108597284
union_component_leave_one_out	component-06	nuisance_ridge	metadata_only	RCSB-4UGC-1Q6-KD	construct-001-c5158f5b655d	4.728158393463501	5.211525121401116			0.14102564102564102	0.23755656108597284
union_component_leave_one_out	component-06	nuisance_ridge	metadata_only	RCSB-4UGO-1QF-KD	construct-001-c5158f5b655d	4.205511953340831	5.3593474307578735			0.26582278481012656	0.23755656108597284
union_component_leave_one_out	component-06	nuisance_ridge	metadata_only	RCSB-4UGB-QJ7-KD	construct-001-c5158f5b655d	3.6252516539898965	5.239864113350339			0.16853932584269662	0.23755656108597284
union_component_leave_one_out	component-06	nuisance_ridge	metadata_only	RCSB-4UGN-H49-KD	construct-001-c5158f5b655d	4.749579997691106	5.2853086229626065			0.2222222222222222	0.23755656108597284
union_component_leave_one_out	component-06	ligand_ecfp_ridge	ligand_only	RCSB-4UGY-EXI-KD	construct-001-c5158f5b655d	4.239577516576788	4.804187811135224			0.12345679012345678	0.23755656108597284
union_component_leave_one_out	component-06	ligand_ecfp_ridge	ligand_only	RCSB-4UGR-6E5-KD	construct-001-c5158f5b655d	4.958607314841775	4.535454776505838			0.20689655172413793	0.23755656108597284
union_component_leave_one_out	component-06	ligand_ecfp_ridge	ligand_only	RCSB-4UGA-Q05-KD	construct-001-c5158f5b655d	4.214670164989233	4.34649790022605			0.17647058823529413	0.23755656108597284
union_component_leave_one_out	component-06	ligand_ecfp_ridge	ligand_only	RCSB-4UG5-XFK-KD	construct-001-c5158f5b655d	5.298432014944073	4.741528021830357			0.11666666666666667	0.23755656108597284
union_component_leave_one_out	component-06	ligand_ecfp_ridge	ligand_only	RCSB-4UG6-XFJ-KD	construct-001-c5158f5b655d	5.571865205971211	4.6815253636236			0.13043478260869565	0.23755656108597284
union_component_leave_one_out	component-06	ligand_ecfp_ridge	ligand_only	RCSB-4UG8-HW1-KD	construct-001-c5158f5b655d	6.346787486224656	4.6337956637266			0.13636363636363635	0.23755656108597284
union_component_leave_one_out	component-06	ligand_ecfp_ridge	ligand_only	RCSB-4UGS-H36-KD	construct-001-c5158f5b655d	3.8961962790440428	4.495369705989807			0.1724137931034483	0.23755656108597284
union_component_leave_one_out	component-06	ligand_ecfp_ridge	ligand_only	RCSB-4UGM-1QE-KD	construct-001-c5158f5b655d	4.00436480540245	4.447292046194841			0.2647058823529412	0.23755656108597284
union_component_leave_one_out	component-06	ligand_ecfp_ridge	ligand_only	RCSB-4UGI-SKO-KD	construct-001-c5158f5b655d	4.73754891026957	4.867898593973879			0.17105263157894737	0.23755656108597284
union_component_leave_one_out	component-06	ligand_ecfp_ridge	ligand_only	RCSB-4UG7-1EV-KD	construct-001-c5158f5b655d	5.349692476868063	5.208462082398522			0.18309859154929578	0.23755656108597284
union_component_leave_one_out	component-06	ligand_ecfp_ridge	ligand_only	RCSB-4UGH-4V4-KD	construct-001-c5158f5b655d	4.297052753818444	4.7763718063602925			0.18181818181818182	0.23755656108597284
union_component_leave_one_out	component-06	ligand_ecfp_ridge	ligand_only	RCSB-4UGL-S90-KD	construct-001-c5158f5b655d	4.206628751081045	4.632200581419103			0.14444444444444443	0.23755656108597284
union_component_leave_one_out	component-06	ligand_ecfp_ridge	ligand_only	RCSB-4UGD-Q14-KD	construct-001-c5158f5b655d	4.421360790031928	4.905364022331056			0.1375	0.23755656108597284
union_component_leave_one_out	component-06	ligand_ecfp_ridge	ligand_only	RCSB-4UGG-S5D-KD	construct-001-c5158f5b655d	4.59176003468815	4.855199816631499			0.17105263157894737	0.23755656108597284
union_component_leave_one_out	component-06	ligand_ecfp_ridge	ligand_only	RCSB-4UG9-1EW-KD	construct-001-c5158f5b655d	5.064996848546345	4.5771520197236475			0.18032786885245902	0.23755656108597284
union_component_leave_one_out	component-06	ligand_ecfp_ridge	ligand_only	RCSB-4UGC-1Q6-KD	construct-001-c5158f5b655d	4.728158393463501	5.07334375685967			0.14102564102564102	0.23755656108597284
union_component_leave_one_out	component-06	ligand_ecfp_ridge	ligand_only	RCSB-4UGO-1QF-KD	construct-001-c5158f5b655d	4.205511953340831	4.357169566392751			0.26582278481012656	0.23755656108597284
union_component_leave_one_out	component-06	ligand_ecfp_ridge	ligand_only	RCSB-4UGB-QJ7-KD	construct-001-c5158f5b655d	3.6252516539898965	4.091617513579905			0.16853932584269662	0.23755656108597284
union_component_leave_one_out	component-06	ligand_ecfp_ridge	ligand_only	RCSB-4UGN-H49-KD	construct-001-c5158f5b655d	4.749579997691106	4.498041546424819			0.2222222222222222	0.23755656108597284
union_component_leave_one_out	component-06	ligand_gmolai_ridge	ligand_only	RCSB-4UGY-EXI-KD	construct-001-c5158f5b655d	4.239577516576788	6.132716145620894			0.12345679012345678	0.23755656108597284
union_component_leave_one_out	component-06	ligand_gmolai_ridge	ligand_only	RCSB-4UGR-6E5-KD	construct-001-c5158f5b655d	4.958607314841775	6.611633871219842			0.20689655172413793	0.23755656108597284
union_component_leave_one_out	component-06	ligand_gmolai_ridge	ligand_only	RCSB-4UGA-Q05-KD	construct-001-c5158f5b655d	4.214670164989233	5.584877427979233			0.17647058823529413	0.23755656108597284
union_component_leave_one_out	component-06	ligand_gmolai_ridge	ligand_only	RCSB-4UG5-XFK-KD	construct-001-c5158f5b655d	5.298432014944073	6.223067964657075			0.11666666666666667	0.23755656108597284
union_component_leave_one_out	component-06	ligand_gmolai_ridge	ligand_only	RCSB-4UG6-XFJ-KD	construct-001-c5158f5b655d	5.571865205971211	6.152820229283591			0.13043478260869565	0.23755656108597284
union_component_leave_one_out	component-06	ligand_gmolai_ridge	ligand_only	RCSB-4UG8-HW1-KD	construct-001-c5158f5b655d	6.346787486224656	6.797281160116537			0.13636363636363635	0.23755656108597284
union_component_leave_one_out	component-06	ligand_gmolai_ridge	ligand_only	RCSB-4UGS-H36-KD	construct-001-c5158f5b655d	3.8961962790440428	5.595015967281791			0.1724137931034483	0.23755656108597284
union_component_leave_one_out	component-06	ligand_gmolai_ridge	ligand_only	RCSB-4UGM-1QE-KD	construct-001-c5158f5b655d	4.00436480540245	5.59129774083301			0.2647058823529412	0.23755656108597284
union_component_leave_one_out	component-06	ligand_gmolai_ridge	ligand_only	RCSB-4UGI-SKO-KD	construct-001-c5158f5b655d	4.73754891026957	6.0681135216434			0.17105263157894737	0.23755656108597284
union_component_leave_one_out	component-06	ligand_gmolai_ridge	ligand_only	RCSB-4UG7-1EV-KD	construct-001-c5158f5b655d	5.349692476868063	6.794689762033031			0.18309859154929578	0.23755656108597284
union_component_leave_one_out	component-06	ligand_gmolai_ridge	ligand_only	RCSB-4UGH-4V4-KD	construct-001-c5158f5b655d	4.297052753818444	5.9319412245123475			0.18181818181818182	0.23755656108597284
union_component_leave_one_out	component-06	ligand_gmolai_ridge	ligand_only	RCSB-4UGL-S90-KD	construct-001-c5158f5b655d	4.206628751081045	6.069682609722671			0.14444444444444443	0.23755656108597284
union_component_leave_one_out	component-06	ligand_gmolai_ridge	ligand_only	RCSB-4UGD-Q14-KD	construct-001-c5158f5b655d	4.421360790031928	6.985590055625633			0.1375	0.23755656108597284
union_component_leave_one_out	component-06	ligand_gmolai_ridge	ligand_only	RCSB-4UGG-S5D-KD	construct-001-c5158f5b655d	4.59176003468815	6.397477626340348			0.17105263157894737	0.23755656108597284
union_component_leave_one_out	component-06	ligand_gmolai_ridge	ligand_only	RCSB-4UG9-1EW-KD	construct-001-c5158f5b655d	5.064996848546345	6.527630410197201			0.18032786885245902	0.23755656108597284
union_component_leave_one_out	component-06	ligand_gmolai_ridge	ligand_only	RCSB-4UGC-1Q6-KD	construct-001-c5158f5b655d	4.728158393463501	6.897231023762578			0.14102564102564102	0.23755656108597284
union_component_leave_one_out	component-06	ligand_gmolai_ridge	ligand_only	RCSB-4UGO-1QF-KD	construct-001-c5158f5b655d	4.205511953340831	5.895936487953251			0.26582278481012656	0.23755656108597284
union_component_leave_one_out	component-06	ligand_gmolai_ridge	ligand_only	RCSB-4UGB-QJ7-KD	construct-001-c5158f5b655d	3.6252516539898965	5.818915381962939			0.16853932584269662	0.23755656108597284
union_component_leave_one_out	component-06	ligand_gmolai_ridge	ligand_only	RCSB-4UGN-H49-KD	construct-001-c5158f5b655d	4.749579997691106	4.566688567596833			0.2222222222222222	0.23755656108597284
union_component_leave_one_out	component-06	protein_sequence_ridge	sequence_only	RCSB-4UGY-EXI-KD	construct-001-c5158f5b655d	4.239577516576788	5.434248179306388			0.12345679012345678	0.23755656108597284
union_component_leave_one_out	component-06	protein_sequence_ridge	sequence_only	RCSB-4UGR-6E5-KD	construct-001-c5158f5b655d	4.958607314841775	5.434248179306388			0.20689655172413793	0.23755656108597284
union_component_leave_one_out	component-06	protein_sequence_ridge	sequence_only	RCSB-4UGA-Q05-KD	construct-001-c5158f5b655d	4.214670164989233	5.434248179306388			0.17647058823529413	0.23755656108597284
union_component_leave_one_out	component-06	protein_sequence_ridge	sequence_only	RCSB-4UG5-XFK-KD	construct-001-c5158f5b655d	5.298432014944073	5.434248179306388			0.11666666666666667	0.23755656108597284
union_component_leave_one_out	component-06	protein_sequence_ridge	sequence_only	RCSB-4UG6-XFJ-KD	construct-001-c5158f5b655d	5.571865205971211	5.434248179306388			0.13043478260869565	0.23755656108597284
union_component_leave_one_out	component-06	protein_sequence_ridge	sequence_only	RCSB-4UG8-HW1-KD	construct-001-c5158f5b655d	6.346787486224656	5.434248179306388			0.13636363636363635	0.23755656108597284
union_component_leave_one_out	component-06	protein_sequence_ridge	sequence_only	RCSB-4UGS-H36-KD	construct-001-c5158f5b655d	3.8961962790440428	5.434248179306388			0.1724137931034483	0.23755656108597284
union_component_leave_one_out	component-06	protein_sequence_ridge	sequence_only	RCSB-4UGM-1QE-KD	construct-001-c5158f5b655d	4.00436480540245	5.434248179306388			0.2647058823529412	0.23755656108597284
union_component_leave_one_out	component-06	protein_sequence_ridge	sequence_only	RCSB-4UGI-SKO-KD	construct-001-c5158f5b655d	4.73754891026957	5.434248179306388			0.17105263157894737	0.23755656108597284
union_component_leave_one_out	component-06	protein_sequence_ridge	sequence_only	RCSB-4UG7-1EV-KD	construct-001-c5158f5b655d	5.349692476868063	5.434248179306388			0.18309859154929578	0.23755656108597284
union_component_leave_one_out	component-06	protein_sequence_ridge	sequence_only	RCSB-4UGH-4V4-KD	construct-001-c5158f5b655d	4.297052753818444	5.434248179306388			0.18181818181818182	0.23755656108597284
union_component_leave_one_out	component-06	protein_sequence_ridge	sequence_only	RCSB-4UGL-S90-KD	construct-001-c5158f5b655d	4.206628751081045	5.434248179306388			0.14444444444444443	0.23755656108597284
union_component_leave_one_out	component-06	protein_sequence_ridge	sequence_only	RCSB-4UGD-Q14-KD	construct-001-c5158f5b655d	4.421360790031928	5.434248179306388			0.1375	0.23755656108597284
union_component_leave_one_out	component-06	protein_sequence_ridge	sequence_only	RCSB-4UGG-S5D-KD	construct-001-c5158f5b655d	4.59176003468815	5.434248179306388			0.17105263157894737	0.23755656108597284
union_component_leave_one_out	component-06	protein_sequence_ridge	sequence_only	RCSB-4UG9-1EW-KD	construct-001-c5158f5b655d	5.064996848546345	5.434248179306388			0.18032786885245902	0.23755656108597284
union_component_leave_one_out	component-06	protein_sequence_ridge	sequence_only	RCSB-4UGC-1Q6-KD	construct-001-c5158f5b655d	4.728158393463501	5.434248179306388			0.14102564102564102	0.23755656108597284
union_component_leave_one_out	component-06	protein_sequence_ridge	sequence_only	RCSB-4UGO-1QF-KD	construct-001-c5158f5b655d	4.205511953340831	5.434248179306388			0.26582278481012656	0.23755656108597284
union_component_leave_one_out	component-06	protein_sequence_ridge	sequence_only	RCSB-4UGB-QJ7-KD	construct-001-c5158f5b655d	3.6252516539898965	5.434248179306388			0.16853932584269662	0.23755656108597284
union_component_leave_one_out	component-06	protein_sequence_ridge	sequence_only	RCSB-4UGN-H49-KD	construct-001-c5158f5b655d	4.749579997691106	5.434248179306388			0.2222222222222222	0.23755656108597284
union_component_leave_one_out	component-06	concat_ecfp_sequence_ridge	sequence_ligand	RCSB-4UGY-EXI-KD	construct-001-c5158f5b655d	4.239577516576788	5.053370256503657			0.12345679012345678	0.23755656108597284
union_component_leave_one_out	component-06	concat_ecfp_sequence_ridge	sequence_ligand	RCSB-4UGR-6E5-KD	construct-001-c5158f5b655d	4.958607314841775	4.755650576239979			0.20689655172413793	0.23755656108597284
union_component_leave_one_out	component-06	concat_ecfp_sequence_ridge	sequence_ligand	RCSB-4UGA-Q05-KD	construct-001-c5158f5b655d	4.214670164989233	4.49318864057268			0.17647058823529413	0.23755656108597284
union_component_leave_one_out	component-06	concat_ecfp_sequence_ridge	sequence_ligand	RCSB-4UG5-XFK-KD	construct-001-c5158f5b655d	5.298432014944073	5.007587260601444			0.11666666666666667	0.23755656108597284
union_component_leave_one_out	component-06	concat_ecfp_sequence_ridge	sequence_ligand	RCSB-4UG6-XFJ-KD	construct-001-c5158f5b655d	5.571865205971211	4.944940378619055			0.13043478260869565	0.23755656108597284
union_component_leave_one_out	component-06	concat_ecfp_sequence_ridge	sequence_ligand	RCSB-4UG8-HW1-KD	construct-001-c5158f5b655d	6.346787486224656	4.7939713801823896			0.13636363636363635	0.23755656108597284
union_component_leave_one_out	component-06	concat_ecfp_sequence_ridge	sequence_ligand	RCSB-4UGS-H36-KD	construct-001-c5158f5b655d	3.8961962790440428	4.70788131179421			0.1724137931034483	0.23755656108597284
union_component_leave_one_out	component-06	concat_ecfp_sequence_ridge	sequence_ligand	RCSB-4UGM-1QE-KD	construct-001-c5158f5b655d	4.00436480540245	4.533802604616657			0.2647058823529412	0.23755656108597284
union_component_leave_one_out	component-06	concat_ecfp_sequence_ridge	sequence_ligand	RCSB-4UGI-SKO-KD	construct-001-c5158f5b655d	4.73754891026957	5.079009089019904			0.17105263157894737	0.23755656108597284
union_component_leave_one_out	component-06	concat_ecfp_sequence_ridge	sequence_ligand	RCSB-4UG7-1EV-KD	construct-001-c5158f5b655d	5.349692476868063	5.578058889505116			0.18309859154929578	0.23755656108597284
union_component_leave_one_out	component-06	concat_ecfp_sequence_ridge	sequence_ligand	RCSB-4UGH-4V4-KD	construct-001-c5158f5b655d	4.297052753818444	4.903257006741185			0.18181818181818182	0.23755656108597284
union_component_leave_one_out	component-06	concat_ecfp_sequence_ridge	sequence_ligand	RCSB-4UGL-S90-KD	construct-001-c5158f5b655d	4.206628751081045	4.904822593769901			0.14444444444444443	0.23755656108597284
union_component_leave_one_out	component-06	concat_ecfp_sequence_ridge	sequence_ligand	RCSB-4UGD-Q14-KD	construct-001-c5158f5b655d	4.421360790031928	5.12682205252565			0.1375	0.23755656108597284
union_component_leave_one_out	component-06	concat_ecfp_sequence_ridge	sequence_ligand	RCSB-4UGG-S5D-KD	construct-001-c5158f5b655d	4.59176003468815	4.93802672226198			0.17105263157894737	0.23755656108597284
union_component_leave_one_out	component-06	concat_ecfp_sequence_ridge	sequence_ligand	RCSB-4UG9-1EW-KD	construct-001-c5158f5b655d	5.064996848546345	4.675614450892997			0.18032786885245902	0.23755656108597284
union_component_leave_one_out	component-06	concat_ecfp_sequence_ridge	sequence_ligand	RCSB-4UGC-1Q6-KD	construct-001-c5158f5b655d	4.728158393463501	5.21051031691884			0.14102564102564102	0.23755656108597284
union_component_leave_one_out	component-06	concat_ecfp_sequence_ridge	sequence_ligand	RCSB-4UGO-1QF-KD	construct-001-c5158f5b655d	4.205511953340831	4.318483831014401			0.26582278481012656	0.23755656108597284
union_component_leave_one_out	component-06	concat_ecfp_sequence_ridge	sequence_ligand	RCSB-4UGB-QJ7-KD	construct-001-c5158f5b655d	3.6252516539898965	4.326732960257878			0.16853932584269662	0.23755656108597284
union_component_leave_one_out	component-06	concat_ecfp_sequence_ridge	sequence_ligand	RCSB-4UGN-H49-KD	construct-001-c5158f5b655d	4.749579997691106	4.515693842159807			0.2222222222222222	0.23755656108597284
union_component_leave_one_out	component-06	pocket_composition_ridge_S0	S0	RCSB-4UGY-EXI-KD	construct-001-c5158f5b655d	4.239577516576788	5.9095121869116385			0.12345679012345678	0.23755656108597284
union_component_leave_one_out	component-06	pocket_composition_ridge_S0	S0	RCSB-4UGR-6E5-KD	construct-001-c5158f5b655d	4.958607314841775	5.9095121869116385			0.20689655172413793	0.23755656108597284
union_component_leave_one_out	component-06	pocket_composition_ridge_S0	S0	RCSB-4UGA-Q05-KD	construct-001-c5158f5b655d	4.214670164989233	5.9095121869116385			0.17647058823529413	0.23755656108597284
union_component_leave_one_out	component-06	pocket_composition_ridge_S0	S0	RCSB-4UG5-XFK-KD	construct-001-c5158f5b655d	5.298432014944073	5.9095121869116385			0.11666666666666667	0.23755656108597284
union_component_leave_one_out	component-06	pocket_composition_ridge_S0	S0	RCSB-4UG6-XFJ-KD	construct-001-c5158f5b655d	5.571865205971211	5.9095121869116385			0.13043478260869565	0.23755656108597284
union_component_leave_one_out	component-06	pocket_composition_ridge_S0	S0	RCSB-4UG8-HW1-KD	construct-001-c5158f5b655d	6.346787486224656	5.9095121869116385			0.13636363636363635	0.23755656108597284
union_component_leave_one_out	component-06	pocket_composition_ridge_S0	S0	RCSB-4UGS-H36-KD	construct-001-c5158f5b655d	3.8961962790440428	5.9095121869116385			0.1724137931034483	0.23755656108597284
union_component_leave_one_out	component-06	pocket_composition_ridge_S0	S0	RCSB-4UGM-1QE-KD	construct-001-c5158f5b655d	4.00436480540245	5.9095121869116385			0.2647058823529412	0.23755656108597284
union_component_leave_one_out	component-06	pocket_composition_ridge_S0	S0	RCSB-4UGI-SKO-KD	construct-001-c5158f5b655d	4.73754891026957	5.9095121869116385			0.17105263157894737	0.23755656108597284
union_component_leave_one_out	component-06	pocket_composition_ridge_S0	S0	RCSB-4UG7-1EV-KD	construct-001-c5158f5b655d	5.349692476868063	5.9095121869116385			0.18309859154929578	0.23755656108597284
union_component_leave_one_out	component-06	pocket_composition_ridge_S0	S0	RCSB-4UGH-4V4-KD	construct-001-c5158f5b655d	4.297052753818444	5.9095121869116385			0.18181818181818182	0.23755656108597284
union_component_leave_one_out	component-06	pocket_composition_ridge_S0	S0	RCSB-4UGL-S90-KD	construct-001-c5158f5b655d	4.206628751081045	5.9095121869116385			0.14444444444444443	0.23755656108597284
union_component_leave_one_out	component-06	pocket_composition_ridge_S0	S0	RCSB-4UGD-Q14-KD	construct-001-c5158f5b655d	4.421360790031928	5.9095121869116385			0.1375	0.23755656108597284
union_component_leave_one_out	component-06	pocket_composition_ridge_S0	S0	RCSB-4UGG-S5D-KD	construct-001-c5158f5b655d	4.59176003468815	5.9095121869116385			0.17105263157894737	0.23755656108597284
union_component_leave_one_out	component-06	pocket_composition_ridge_S0	S0	RCSB-4UG9-1EW-KD	construct-001-c5158f5b655d	5.064996848546345	5.9095121869116385			0.18032786885245902	0.23755656108597284
union_component_leave_one_out	component-06	pocket_composition_ridge_S0	S0	RCSB-4UGC-1Q6-KD	construct-001-c5158f5b655d	4.728158393463501	5.9095121869116385			0.14102564102564102	0.23755656108597284
union_component_leave_one_out	component-06	pocket_composition_ridge_S0	S0	RCSB-4UGO-1QF-KD	construct-001-c5158f5b655d	4.205511953340831	5.9095121869116385			0.26582278481012656	0.23755656108597284
union_component_leave_one_out	component-06	pocket_composition_ridge_S0	S0	RCSB-4UGB-QJ7-KD	construct-001-c5158f5b655d	3.6252516539898965	5.9095121869116385			0.16853932584269662	0.23755656108597284
union_component_leave_one_out	component-06	pocket_composition_ridge_S0	S0	RCSB-4UGN-H49-KD	construct-001-c5158f5b655d	4.749579997691106	5.9095121869116385			0.2222222222222222	0.23755656108597284
union_component_leave_one_out	component-06	pocket_structure_ridge_S0	S0	RCSB-4UGY-EXI-KD	construct-001-c5158f5b655d	4.239577516576788	5.962701528477175			0.12345679012345678	0.23755656108597284
union_component_leave_one_out	component-06	pocket_structure_ridge_S0	S0	RCSB-4UGR-6E5-KD	construct-001-c5158f5b655d	4.958607314841775	6.007536709491144			0.20689655172413793	0.23755656108597284
union_component_leave_one_out	component-06	pocket_structure_ridge_S0	S0	RCSB-4UGA-Q05-KD	construct-001-c5158f5b655d	4.214670164989233	5.911523683263189			0.17647058823529413	0.23755656108597284
union_component_leave_one_out	component-06	pocket_structure_ridge_S0	S0	RCSB-4UG5-XFK-KD	construct-001-c5158f5b655d	5.298432014944073	6.019492501786197			0.11666666666666667	0.23755656108597284
union_component_leave_one_out	component-06	pocket_structure_ridge_S0	S0	RCSB-4UG6-XFJ-KD	construct-001-c5158f5b655d	5.571865205971211	6.097549410868171			0.13043478260869565	0.23755656108597284
union_component_leave_one_out	component-06	pocket_structure_ridge_S0	S0	RCSB-4UG8-HW1-KD	construct-001-c5158f5b655d	6.346787486224656	5.988431467361954			0.13636363636363635	0.23755656108597284
union_component_leave_one_out	component-06	pocket_structure_ridge_S0	S0	RCSB-4UGS-H36-KD	construct-001-c5158f5b655d	3.8961962790440428	5.911520214979024			0.1724137931034483	0.23755656108597284
union_component_leave_one_out	component-06	pocket_structure_ridge_S0	S0	RCSB-4UGM-1QE-KD	construct-001-c5158f5b655d	4.00436480540245	5.953446147150177			0.2647058823529412	0.23755656108597284
union_component_leave_one_out	component-06	pocket_structure_ridge_S0	S0	RCSB-4UGI-SKO-KD	construct-001-c5158f5b655d	4.73754891026957	6.026699035155512			0.17105263157894737	0.23755656108597284
union_component_leave_one_out	component-06	pocket_structure_ridge_S0	S0	RCSB-4UG7-1EV-KD	construct-001-c5158f5b655d	5.349692476868063	6.059199497479991			0.18309859154929578	0.23755656108597284
union_component_leave_one_out	component-06	pocket_structure_ridge_S0	S0	RCSB-4UGH-4V4-KD	construct-001-c5158f5b655d	4.297052753818444	6.007393996218852			0.18181818181818182	0.23755656108597284
union_component_leave_one_out	component-06	pocket_structure_ridge_S0	S0	RCSB-4UGL-S90-KD	construct-001-c5158f5b655d	4.206628751081045	5.931252054419474			0.14444444444444443	0.23755656108597284
union_component_leave_one_out	component-06	pocket_structure_ridge_S0	S0	RCSB-4UGD-Q14-KD	construct-001-c5158f5b655d	4.421360790031928	5.969614910168322			0.1375	0.23755656108597284
union_component_leave_one_out	component-06	pocket_structure_ridge_S0	S0	RCSB-4UGG-S5D-KD	construct-001-c5158f5b655d	4.59176003468815	6.029560798241135			0.17105263157894737	0.23755656108597284
union_component_leave_one_out	component-06	pocket_structure_ridge_S0	S0	RCSB-4UG9-1EW-KD	construct-001-c5158f5b655d	5.064996848546345	5.9479729745410586			0.18032786885245902	0.23755656108597284
union_component_leave_one_out	component-06	pocket_structure_ridge_S0	S0	RCSB-4UGC-1Q6-KD	construct-001-c5158f5b655d	4.728158393463501	5.981073846146344			0.14102564102564102	0.23755656108597284
union_component_leave_one_out	component-06	pocket_structure_ridge_S0	S0	RCSB-4UGO-1QF-KD	construct-001-c5158f5b655d	4.205511953340831	5.987440402505035			0.26582278481012656	0.23755656108597284
union_component_leave_one_out	component-06	pocket_structure_ridge_S0	S0	RCSB-4UGB-QJ7-KD	construct-001-c5158f5b655d	3.6252516539898965	6.046046536329247			0.16853932584269662	0.23755656108597284
union_component_leave_one_out	component-06	pocket_structure_ridge_S0	S0	RCSB-4UGN-H49-KD	construct-001-c5158f5b655d	4.749579997691106	5.965114966134571			0.2222222222222222	0.23755656108597284
union_component_leave_one_out	component-06	concat_ecfp_pocket_ridge_S0	S0	RCSB-4UGY-EXI-KD	construct-001-c5158f5b655d	4.239577516576788	5.291599389271561			0.12345679012345678	0.23755656108597284
union_component_leave_one_out	component-06	concat_ecfp_pocket_ridge_S0	S0	RCSB-4UGR-6E5-KD	construct-001-c5158f5b655d	4.958607314841775	5.052445352981644			0.20689655172413793	0.23755656108597284
union_component_leave_one_out	component-06	concat_ecfp_pocket_ridge_S0	S0	RCSB-4UGA-Q05-KD	construct-001-c5158f5b655d	4.214670164989233	4.767362491979894			0.17647058823529413	0.23755656108597284
union_component_leave_one_out	component-06	concat_ecfp_pocket_ridge_S0	S0	RCSB-4UG5-XFK-KD	construct-001-c5158f5b655d	5.298432014944073	5.246692643556271			0.11666666666666667	0.23755656108597284
union_component_leave_one_out	component-06	concat_ecfp_pocket_ridge_S0	S0	RCSB-4UG6-XFJ-KD	construct-001-c5158f5b655d	5.571865205971211	5.2204282809829134			0.13043478260869565	0.23755656108597284
union_component_leave_one_out	component-06	concat_ecfp_pocket_ridge_S0	S0	RCSB-4UG8-HW1-KD	construct-001-c5158f5b655d	6.346787486224656	5.082378663293184			0.13636363636363635	0.23755656108597284
union_component_leave_one_out	component-06	concat_ecfp_pocket_ridge_S0	S0	RCSB-4UGS-H36-KD	construct-001-c5158f5b655d	3.8961962790440428	4.955789801433284			0.1724137931034483	0.23755656108597284
union_component_leave_one_out	component-06	concat_ecfp_pocket_ridge_S0	S0	RCSB-4UGM-1QE-KD	construct-001-c5158f5b655d	4.00436480540245	4.889349580412627			0.2647058823529412	0.23755656108597284
union_component_leave_one_out	component-06	concat_ecfp_pocket_ridge_S0	S0	RCSB-4UGI-SKO-KD	construct-001-c5158f5b655d	4.73754891026957	5.359704192456326			0.17105263157894737	0.23755656108597284
union_component_leave_one_out	component-06	concat_ecfp_pocket_ridge_S0	S0	RCSB-4UG7-1EV-KD	construct-001-c5158f5b655d	5.349692476868063	5.737612240228702			0.18309859154929578	0.23755656108597284
union_component_leave_one_out	component-06	concat_ecfp_pocket_ridge_S0	S0	RCSB-4UGH-4V4-KD	construct-001-c5158f5b655d	4.297052753818444	5.220403859848554			0.18181818181818182	0.23755656108597284
union_component_leave_one_out	component-06	concat_ecfp_pocket_ridge_S0	S0	RCSB-4UGL-S90-KD	construct-001-c5158f5b655d	4.206628751081045	5.078752240586607			0.14444444444444443	0.23755656108597284
union_component_leave_one_out	component-06	concat_ecfp_pocket_ridge_S0	S0	RCSB-4UGD-Q14-KD	construct-001-c5158f5b655d	4.421360790031928	5.350491190570316			0.1375	0.23755656108597284
union_component_leave_one_out	component-06	concat_ecfp_pocket_ridge_S0	S0	RCSB-4UGG-S5D-KD	construct-001-c5158f5b655d	4.59176003468815	5.281418798652014			0.17105263157894737	0.23755656108597284
union_component_leave_one_out	component-06	concat_ecfp_pocket_ridge_S0	S0	RCSB-4UG9-1EW-KD	construct-001-c5158f5b655d	5.064996848546345	4.971237175808792			0.18032786885245902	0.23755656108597284
union_component_leave_one_out	component-06	concat_ecfp_pocket_ridge_S0	S0	RCSB-4UGC-1Q6-KD	construct-001-c5158f5b655d	4.728158393463501	5.492438238829962			0.14102564102564102	0.23755656108597284
union_component_leave_one_out	component-06	concat_ecfp_pocket_ridge_S0	S0	RCSB-4UGO-1QF-KD	construct-001-c5158f5b655d	4.205511953340831	4.7450370514901286			0.26582278481012656	0.23755656108597284
union_component_leave_one_out	component-06	concat_ecfp_pocket_ridge_S0	S0	RCSB-4UGB-QJ7-KD	construct-001-c5158f5b655d	3.6252516539898965	4.598250624799235			0.16853932584269662	0.23755656108597284
union_component_leave_one_out	component-06	concat_ecfp_pocket_ridge_S0	S0	RCSB-4UGN-H49-KD	construct-001-c5158f5b655d	4.749579997691106	4.909521698737199			0.2222222222222222	0.23755656108597284
union_component_leave_one_out	component-06	concat_gmolai_pocket_ridge_S0	S0	RCSB-4UGY-EXI-KD	construct-001-c5158f5b655d	4.239577516576788	6.018962726039632			0.12345679012345678	0.23755656108597284
union_component_leave_one_out	component-06	concat_gmolai_pocket_ridge_S0	S0	RCSB-4UGR-6E5-KD	construct-001-c5158f5b655d	4.958607314841775	6.591280618858583			0.20689655172413793	0.23755656108597284
union_component_leave_one_out	component-06	concat_gmolai_pocket_ridge_S0	S0	RCSB-4UGA-Q05-KD	construct-001-c5158f5b655d	4.214670164989233	5.456625362045202			0.17647058823529413	0.23755656108597284
union_component_leave_one_out	component-06	concat_gmolai_pocket_ridge_S0	S0	RCSB-4UG5-XFK-KD	construct-001-c5158f5b655d	5.298432014944073	5.877549798687443			0.11666666666666667	0.23755656108597284
union_component_leave_one_out	component-06	concat_gmolai_pocket_ridge_S0	S0	RCSB-4UG6-XFJ-KD	construct-001-c5158f5b655d	5.571865205971211	5.845644636880618			0.13043478260869565	0.23755656108597284
union_component_leave_one_out	component-06	concat_gmolai_pocket_ridge_S0	S0	RCSB-4UG8-HW1-KD	construct-001-c5158f5b655d	6.346787486224656	6.460659370747646			0.13636363636363635	0.23755656108597284
union_component_leave_one_out	component-06	concat_gmolai_pocket_ridge_S0	S0	RCSB-4UGS-H36-KD	construct-001-c5158f5b655d	3.8961962790440428	5.980723066432624			0.1724137931034483	0.23755656108597284
union_component_leave_one_out	component-06	concat_gmolai_pocket_ridge_S0	S0	RCSB-4UGM-1QE-KD	construct-001-c5158f5b655d	4.00436480540245	5.665988237223364			0.2647058823529412	0.23755656108597284
union_component_leave_one_out	component-06	concat_gmolai_pocket_ridge_S0	S0	RCSB-4UGI-SKO-KD	construct-001-c5158f5b655d	4.73754891026957	5.9978343181656895			0.17105263157894737	0.23755656108597284
union_component_leave_one_out	component-06	concat_gmolai_pocket_ridge_S0	S0	RCSB-4UG7-1EV-KD	construct-001-c5158f5b655d	5.349692476868063	6.369191221007722			0.18309859154929578	0.23755656108597284
union_component_leave_one_out	component-06	concat_gmolai_pocket_ridge_S0	S0	RCSB-4UGH-4V4-KD	construct-001-c5158f5b655d	4.297052753818444	5.740307631772956			0.18181818181818182	0.23755656108597284
union_component_leave_one_out	component-06	concat_gmolai_pocket_ridge_S0	S0	RCSB-4UGL-S90-KD	construct-001-c5158f5b655d	4.206628751081045	5.801515938935029			0.14444444444444443	0.23755656108597284
union_component_leave_one_out	component-06	concat_gmolai_pocket_ridge_S0	S0	RCSB-4UGD-Q14-KD	construct-001-c5158f5b655d	4.421360790031928	6.607422811824003			0.1375	0.23755656108597284
union_component_leave_one_out	component-06	concat_gmolai_pocket_ridge_S0	S0	RCSB-4UGG-S5D-KD	construct-001-c5158f5b655d	4.59176003468815	5.961826741191562			0.17105263157894737	0.23755656108597284
union_component_leave_one_out	component-06	concat_gmolai_pocket_ridge_S0	S0	RCSB-4UG9-1EW-KD	construct-001-c5158f5b655d	5.064996848546345	5.942994815825001			0.18032786885245902	0.23755656108597284
union_component_leave_one_out	component-06	concat_gmolai_pocket_ridge_S0	S0	RCSB-4UGC-1Q6-KD	construct-001-c5158f5b655d	4.728158393463501	6.630023186677239			0.14102564102564102	0.23755656108597284
union_component_leave_one_out	component-06	concat_gmolai_pocket_ridge_S0	S0	RCSB-4UGO-1QF-KD	construct-001-c5158f5b655d	4.205511953340831	5.919560499433686			0.26582278481012656	0.23755656108597284
union_component_leave_one_out	component-06	concat_gmolai_pocket_ridge_S0	S0	RCSB-4UGB-QJ7-KD	construct-001-c5158f5b655d	3.6252516539898965	5.726923807112001			0.16853932584269662	0.23755656108597284
union_component_leave_one_out	component-06	concat_gmolai_pocket_ridge_S0	S0	RCSB-4UGN-H49-KD	construct-001-c5158f5b655d	4.749579997691106	4.793056600304664			0.2222222222222222	0.23755656108597284
union_component_leave_one_out	component-06	pocket_composition_ridge_S1	S1	RCSB-4UGY-EXI-KD	construct-001-c5158f5b655d	4.239577516576788	5.924680482483761			0.12345679012345678	0.23755656108597284
union_component_leave_one_out	component-06	pocket_composition_ridge_S1	S1	RCSB-4UGR-6E5-KD	construct-001-c5158f5b655d	4.958607314841775	5.924680482483761			0.20689655172413793	0.23755656108597284
union_component_leave_one_out	component-06	pocket_composition_ridge_S1	S1	RCSB-4UGA-Q05-KD	construct-001-c5158f5b655d	4.214670164989233	5.924680482483761			0.17647058823529413	0.23755656108597284
union_component_leave_one_out	component-06	pocket_composition_ridge_S1	S1	RCSB-4UG5-XFK-KD	construct-001-c5158f5b655d	5.298432014944073	5.924680482483761			0.11666666666666667	0.23755656108597284
union_component_leave_one_out	component-06	pocket_composition_ridge_S1	S1	RCSB-4UG6-XFJ-KD	construct-001-c5158f5b655d	5.571865205971211	5.924680482483761			0.13043478260869565	0.23755656108597284
union_component_leave_one_out	component-06	pocket_composition_ridge_S1	S1	RCSB-4UG8-HW1-KD	construct-001-c5158f5b655d	6.346787486224656	5.924680482483761			0.13636363636363635	0.23755656108597284
union_component_leave_one_out	component-06	pocket_composition_ridge_S1	S1	RCSB-4UGS-H36-KD	construct-001-c5158f5b655d	3.8961962790440428	5.924680482483761			0.1724137931034483	0.23755656108597284
union_component_leave_one_out	component-06	pocket_composition_ridge_S1	S1	RCSB-4UGM-1QE-KD	construct-001-c5158f5b655d	4.00436480540245	5.924680482483761			0.2647058823529412	0.23755656108597284
union_component_leave_one_out	component-06	pocket_composition_ridge_S1	S1	RCSB-4UGI-SKO-KD	construct-001-c5158f5b655d	4.73754891026957	5.924680482483761			0.17105263157894737	0.23755656108597284
union_component_leave_one_out	component-06	pocket_composition_ridge_S1	S1	RCSB-4UG7-1EV-KD	construct-001-c5158f5b655d	5.349692476868063	5.924680482483761			0.18309859154929578	0.23755656108597284
union_component_leave_one_out	component-06	pocket_composition_ridge_S1	S1	RCSB-4UGH-4V4-KD	construct-001-c5158f5b655d	4.297052753818444	5.924680482483761			0.18181818181818182	0.23755656108597284
union_component_leave_one_out	component-06	pocket_composition_ridge_S1	S1	RCSB-4UGL-S90-KD	construct-001-c5158f5b655d	4.206628751081045	5.924680482483761			0.14444444444444443	0.23755656108597284
union_component_leave_one_out	component-06	pocket_composition_ridge_S1	S1	RCSB-4UGD-Q14-KD	construct-001-c5158f5b655d	4.421360790031928	5.924680482483761			0.1375	0.23755656108597284
union_component_leave_one_out	component-06	pocket_composition_ridge_S1	S1	RCSB-4UGG-S5D-KD	construct-001-c5158f5b655d	4.59176003468815	5.924680482483761			0.17105263157894737	0.23755656108597284
union_component_leave_one_out	component-06	pocket_composition_ridge_S1	S1	RCSB-4UG9-1EW-KD	construct-001-c5158f5b655d	5.064996848546345	5.924680482483761			0.18032786885245902	0.23755656108597284
union_component_leave_one_out	component-06	pocket_composition_ridge_S1	S1	RCSB-4UGC-1Q6-KD	construct-001-c5158f5b655d	4.728158393463501	5.924680482483761			0.14102564102564102	0.23755656108597284
union_component_leave_one_out	component-06	pocket_composition_ridge_S1	S1	RCSB-4UGO-1QF-KD	construct-001-c5158f5b655d	4.205511953340831	5.924680482483761			0.26582278481012656	0.23755656108597284
union_component_leave_one_out	component-06	pocket_composition_ridge_S1	S1	RCSB-4UGB-QJ7-KD	construct-001-c5158f5b655d	3.6252516539898965	5.924680482483761			0.16853932584269662	0.23755656108597284
union_component_leave_one_out	component-06	pocket_composition_ridge_S1	S1	RCSB-4UGN-H49-KD	construct-001-c5158f5b655d	4.749579997691106	5.924680482483761			0.2222222222222222	0.23755656108597284
union_component_leave_one_out	component-06	pocket_structure_ridge_S1	S1	RCSB-4UGY-EXI-KD	construct-001-c5158f5b655d	4.239577516576788	6.021048481697549			0.12345679012345678	0.23755656108597284
union_component_leave_one_out	component-06	pocket_structure_ridge_S1	S1	RCSB-4UGR-6E5-KD	construct-001-c5158f5b655d	4.958607314841775	6.021048481697549			0.20689655172413793	0.23755656108597284
union_component_leave_one_out	component-06	pocket_structure_ridge_S1	S1	RCSB-4UGA-Q05-KD	construct-001-c5158f5b655d	4.214670164989233	6.021048481697549			0.17647058823529413	0.23755656108597284
union_component_leave_one_out	component-06	pocket_structure_ridge_S1	S1	RCSB-4UG5-XFK-KD	construct-001-c5158f5b655d	5.298432014944073	6.021048481697549			0.11666666666666667	0.23755656108597284
union_component_leave_one_out	component-06	pocket_structure_ridge_S1	S1	RCSB-4UG6-XFJ-KD	construct-001-c5158f5b655d	5.571865205971211	6.021048481697549			0.13043478260869565	0.23755656108597284
union_component_leave_one_out	component-06	pocket_structure_ridge_S1	S1	RCSB-4UG8-HW1-KD	construct-001-c5158f5b655d	6.346787486224656	6.021048481697549			0.13636363636363635	0.23755656108597284
union_component_leave_one_out	component-06	pocket_structure_ridge_S1	S1	RCSB-4UGS-H36-KD	construct-001-c5158f5b655d	3.8961962790440428	6.021048481697549			0.1724137931034483	0.23755656108597284
union_component_leave_one_out	component-06	pocket_structure_ridge_S1	S1	RCSB-4UGM-1QE-KD	construct-001-c5158f5b655d	4.00436480540245	6.021048481697549			0.2647058823529412	0.23755656108597284
union_component_leave_one_out	component-06	pocket_structure_ridge_S1	S1	RCSB-4UGI-SKO-KD	construct-001-c5158f5b655d	4.73754891026957	6.021048481697549			0.17105263157894737	0.23755656108597284
union_component_leave_one_out	component-06	pocket_structure_ridge_S1	S1	RCSB-4UG7-1EV-KD	construct-001-c5158f5b655d	5.349692476868063	6.021048481697549			0.18309859154929578	0.23755656108597284
union_component_leave_one_out	component-06	pocket_structure_ridge_S1	S1	RCSB-4UGH-4V4-KD	construct-001-c5158f5b655d	4.297052753818444	6.021048481697549			0.18181818181818182	0.23755656108597284
union_component_leave_one_out	component-06	pocket_structure_ridge_S1	S1	RCSB-4UGL-S90-KD	construct-001-c5158f5b655d	4.206628751081045	6.021048481697549			0.14444444444444443	0.23755656108597284
union_component_leave_one_out	component-06	pocket_structure_ridge_S1	S1	RCSB-4UGD-Q14-KD	construct-001-c5158f5b655d	4.421360790031928	6.021048481697549			0.1375	0.23755656108597284
union_component_leave_one_out	component-06	pocket_structure_ridge_S1	S1	RCSB-4UGG-S5D-KD	construct-001-c5158f5b655d	4.59176003468815	6.021048481697549			0.17105263157894737	0.23755656108597284
union_component_leave_one_out	component-06	pocket_structure_ridge_S1	S1	RCSB-4UG9-1EW-KD	construct-001-c5158f5b655d	5.064996848546345	6.021048481697549			0.18032786885245902	0.23755656108597284
union_component_leave_one_out	component-06	pocket_structure_ridge_S1	S1	RCSB-4UGC-1Q6-KD	construct-001-c5158f5b655d	4.728158393463501	6.021048481697549			0.14102564102564102	0.23755656108597284
union_component_leave_one_out	component-06	pocket_structure_ridge_S1	S1	RCSB-4UGO-1QF-KD	construct-001-c5158f5b655d	4.205511953340831	6.021048481697549			0.26582278481012656	0.23755656108597284
union_component_leave_one_out	component-06	pocket_structure_ridge_S1	S1	RCSB-4UGB-QJ7-KD	construct-001-c5158f5b655d	3.6252516539898965	6.021048481697549			0.16853932584269662	0.23755656108597284
union_component_leave_one_out	component-06	pocket_structure_ridge_S1	S1	RCSB-4UGN-H49-KD	construct-001-c5158f5b655d	4.749579997691106	6.021048481697549			0.2222222222222222	0.23755656108597284
union_component_leave_one_out	component-06	concat_ecfp_pocket_ridge_S1	S1	RCSB-4UGY-EXI-KD	construct-001-c5158f5b655d	4.239577516576788	5.297148492527934			0.12345679012345678	0.23755656108597284
union_component_leave_one_out	component-06	concat_ecfp_pocket_ridge_S1	S1	RCSB-4UGR-6E5-KD	construct-001-c5158f5b655d	4.958607314841775	5.045798947683171			0.20689655172413793	0.23755656108597284
union_component_leave_one_out	component-06	concat_ecfp_pocket_ridge_S1	S1	RCSB-4UGA-Q05-KD	construct-001-c5158f5b655d	4.214670164989233	4.790915228708085			0.17647058823529413	0.23755656108597284
union_component_leave_one_out	component-06	concat_ecfp_pocket_ridge_S1	S1	RCSB-4UG5-XFK-KD	construct-001-c5158f5b655d	5.298432014944073	5.239427741736823			0.11666666666666667	0.23755656108597284
union_component_leave_one_out	component-06	concat_ecfp_pocket_ridge_S1	S1	RCSB-4UG6-XFJ-KD	construct-001-c5158f5b655d	5.571865205971211	5.18111046640888			0.13043478260869565	0.23755656108597284
union_component_leave_one_out	component-06	concat_ecfp_pocket_ridge_S1	S1	RCSB-4UG8-HW1-KD	construct-001-c5158f5b655d	6.346787486224656	5.080062283647467			0.13636363636363635	0.23755656108597284
union_component_leave_one_out	component-06	concat_ecfp_pocket_ridge_S1	S1	RCSB-4UGS-H36-KD	construct-001-c5158f5b655d	3.8961962790440428	4.986067877280439			0.1724137931034483	0.23755656108597284
union_component_leave_one_out	component-06	concat_ecfp_pocket_ridge_S1	S1	RCSB-4UGM-1QE-KD	construct-001-c5158f5b655d	4.00436480540245	4.898620291276696			0.2647058823529412	0.23755656108597284
union_component_leave_one_out	component-06	concat_ecfp_pocket_ridge_S1	S1	RCSB-4UGI-SKO-KD	construct-001-c5158f5b655d	4.73754891026957	5.350141957223559			0.17105263157894737	0.23755656108597284
union_component_leave_one_out	component-06	concat_ecfp_pocket_ridge_S1	S1	RCSB-4UG7-1EV-KD	construct-001-c5158f5b655d	5.349692476868063	5.745699526182638			0.18309859154929578	0.23755656108597284
union_component_leave_one_out	component-06	concat_ecfp_pocket_ridge_S1	S1	RCSB-4UGH-4V4-KD	construct-001-c5158f5b655d	4.297052753818444	5.224384821510052			0.18181818181818182	0.23755656108597284
union_component_leave_one_out	component-06	concat_ecfp_pocket_ridge_S1	S1	RCSB-4UGL-S90-KD	construct-001-c5158f5b655d	4.206628751081045	5.101882784837503			0.14444444444444443	0.23755656108597284
union_component_leave_one_out	component-06	concat_ecfp_pocket_ridge_S1	S1	RCSB-4UGD-Q14-KD	construct-001-c5158f5b655d	4.421360790031928	5.372323199170157			0.1375	0.23755656108597284
union_component_leave_one_out	component-06	concat_ecfp_pocket_ridge_S1	S1	RCSB-4UGG-S5D-KD	construct-001-c5158f5b655d	4.59176003468815	5.289234287000552			0.17105263157894737	0.23755656108597284
union_component_leave_one_out	component-06	concat_ecfp_pocket_ridge_S1	S1	RCSB-4UG9-1EW-KD	construct-001-c5158f5b655d	5.064996848546345	4.987946256251794			0.18032786885245902	0.23755656108597284
union_component_leave_one_out	component-06	concat_ecfp_pocket_ridge_S1	S1	RCSB-4UGC-1Q6-KD	construct-001-c5158f5b655d	4.728158393463501	5.50969051201581			0.14102564102564102	0.23755656108597284
union_component_leave_one_out	component-06	concat_ecfp_pocket_ridge_S1	S1	RCSB-4UGO-1QF-KD	construct-001-c5158f5b655d	4.205511953340831	4.751319528452229			0.26582278481012656	0.23755656108597284
union_component_leave_one_out	component-06	concat_ecfp_pocket_ridge_S1	S1	RCSB-4UGB-QJ7-KD	construct-001-c5158f5b655d	3.6252516539898965	4.573980918661561			0.16853932584269662	0.23755656108597284
union_component_leave_one_out	component-06	concat_ecfp_pocket_ridge_S1	S1	RCSB-4UGN-H49-KD	construct-001-c5158f5b655d	4.749579997691106	4.9048507302271505			0.2222222222222222	0.23755656108597284
union_component_leave_one_out	component-06	concat_gmolai_pocket_ridge_S1	S1	RCSB-4UGY-EXI-KD	construct-001-c5158f5b655d	4.239577516576788	6.048681358637781			0.12345679012345678	0.23755656108597284
union_component_leave_one_out	component-06	concat_gmolai_pocket_ridge_S1	S1	RCSB-4UGR-6E5-KD	construct-001-c5158f5b655d	4.958607314841775	6.529434468256794			0.20689655172413793	0.23755656108597284
union_component_leave_one_out	component-06	concat_gmolai_pocket_ridge_S1	S1	RCSB-4UGA-Q05-KD	construct-001-c5158f5b655d	4.214670164989233	5.483182699058023			0.17647058823529413	0.23755656108597284
union_component_leave_one_out	component-06	concat_gmolai_pocket_ridge_S1	S1	RCSB-4UG5-XFK-KD	construct-001-c5158f5b655d	5.298432014944073	5.820110353104665			0.11666666666666667	0.23755656108597284
union_component_leave_one_out	component-06	concat_gmolai_pocket_ridge_S1	S1	RCSB-4UG6-XFJ-KD	construct-001-c5158f5b655d	5.571865205971211	5.753150279917443			0.13043478260869565	0.23755656108597284
union_component_leave_one_out	component-06	concat_gmolai_pocket_ridge_S1	S1	RCSB-4UG8-HW1-KD	construct-001-c5158f5b655d	6.346787486224656	6.414368899247997			0.13636363636363635	0.23755656108597284
union_component_leave_one_out	component-06	concat_gmolai_pocket_ridge_S1	S1	RCSB-4UGS-H36-KD	construct-001-c5158f5b655d	3.8961962790440428	6.013048619963933			0.1724137931034483	0.23755656108597284
union_component_leave_one_out	component-06	concat_gmolai_pocket_ridge_S1	S1	RCSB-4UGM-1QE-KD	construct-001-c5158f5b655d	4.00436480540245	5.64638128973706			0.2647058823529412	0.23755656108597284
union_component_leave_one_out	component-06	concat_gmolai_pocket_ridge_S1	S1	RCSB-4UGI-SKO-KD	construct-001-c5158f5b655d	4.73754891026957	6.02158224294089			0.17105263157894737	0.23755656108597284
union_component_leave_one_out	component-06	concat_gmolai_pocket_ridge_S1	S1	RCSB-4UG7-1EV-KD	construct-001-c5158f5b655d	5.349692476868063	6.3190080911859345			0.18309859154929578	0.23755656108597284
union_component_leave_one_out	component-06	concat_gmolai_pocket_ridge_S1	S1	RCSB-4UGH-4V4-KD	construct-001-c5158f5b655d	4.297052753818444	5.783522433446455			0.18181818181818182	0.23755656108597284
union_component_leave_one_out	component-06	concat_gmolai_pocket_ridge_S1	S1	RCSB-4UGL-S90-KD	construct-001-c5158f5b655d	4.206628751081045	5.780419508644764			0.14444444444444443	0.23755656108597284
union_component_leave_one_out	component-06	concat_gmolai_pocket_ridge_S1	S1	RCSB-4UGD-Q14-KD	construct-001-c5158f5b655d	4.421360790031928	6.588910755942726			0.1375	0.23755656108597284
union_component_leave_one_out	component-06	concat_gmolai_pocket_ridge_S1	S1	RCSB-4UGG-S5D-KD	construct-001-c5158f5b655d	4.59176003468815	5.943967991496392			0.17105263157894737	0.23755656108597284
union_component_leave_one_out	component-06	concat_gmolai_pocket_ridge_S1	S1	RCSB-4UG9-1EW-KD	construct-001-c5158f5b655d	5.064996848546345	5.889681705649576			0.18032786885245902	0.23755656108597284
union_component_leave_one_out	component-06	concat_gmolai_pocket_ridge_S1	S1	RCSB-4UGC-1Q6-KD	construct-001-c5158f5b655d	4.728158393463501	6.655976388627817			0.14102564102564102	0.23755656108597284
union_component_leave_one_out	component-06	concat_gmolai_pocket_ridge_S1	S1	RCSB-4UGO-1QF-KD	construct-001-c5158f5b655d	4.205511953340831	5.870932802394426			0.26582278481012656	0.23755656108597284
union_component_leave_one_out	component-06	concat_gmolai_pocket_ridge_S1	S1	RCSB-4UGB-QJ7-KD	construct-001-c5158f5b655d	3.6252516539898965	5.704841404933358			0.16853932584269662	0.23755656108597284
union_component_leave_one_out	component-06	concat_gmolai_pocket_ridge_S1	S1	RCSB-4UGN-H49-KD	construct-001-c5158f5b655d	4.749579997691106	4.819211196928956			0.2222222222222222	0.23755656108597284
union_component_leave_one_out	component-06	negative_pocket_permuted_concat_gmolai_S0	S0_negative_control	RCSB-4UGY-EXI-KD	construct-001-c5158f5b655d	4.239577516576788	5.874988158812695			0.12345679012345678	0.23755656108597284
union_component_leave_one_out	component-06	negative_pocket_permuted_concat_gmolai_S0	S0_negative_control	RCSB-4UGR-6E5-KD	construct-001-c5158f5b655d	4.958607314841775	6.391753228545957			0.20689655172413793	0.23755656108597284
union_component_leave_one_out	component-06	negative_pocket_permuted_concat_gmolai_S0	S0_negative_control	RCSB-4UGA-Q05-KD	construct-001-c5158f5b655d	4.214670164989233	5.35391671545018			0.17647058823529413	0.23755656108597284
union_component_leave_one_out	component-06	negative_pocket_permuted_concat_gmolai_S0	S0_negative_control	RCSB-4UG5-XFK-KD	construct-001-c5158f5b655d	5.298432014944073	5.734254624787034			0.11666666666666667	0.23755656108597284
union_component_leave_one_out	component-06	negative_pocket_permuted_concat_gmolai_S0	S0_negative_control	RCSB-4UG6-XFJ-KD	construct-001-c5158f5b655d	5.571865205971211	5.688280173667074			0.13043478260869565	0.23755656108597284
union_component_leave_one_out	component-06	negative_pocket_permuted_concat_gmolai_S0	S0_negative_control	RCSB-4UG8-HW1-KD	construct-001-c5158f5b655d	6.346787486224656	6.34498259321478			0.13636363636363635	0.23755656108597284
union_component_leave_one_out	component-06	negative_pocket_permuted_concat_gmolai_S0	S0_negative_control	RCSB-4UGS-H36-KD	construct-001-c5158f5b655d	3.8961962790440428	5.844436348114325			0.1724137931034483	0.23755656108597284
union_component_leave_one_out	component-06	negative_pocket_permuted_concat_gmolai_S0	S0_negative_control	RCSB-4UGM-1QE-KD	construct-001-c5158f5b655d	4.00436480540245	5.48485789718536			0.2647058823529412	0.23755656108597284
union_component_leave_one_out	component-06	negative_pocket_permuted_concat_gmolai_S0	S0_negative_control	RCSB-4UGI-SKO-KD	construct-001-c5158f5b655d	4.73754891026957	5.889793440121409			0.17105263157894737	0.23755656108597284
union_component_leave_one_out	component-06	negative_pocket_permuted_concat_gmolai_S0	S0_negative_control	RCSB-4UG7-1EV-KD	construct-001-c5158f5b655d	5.349692476868063	6.312212250847148			0.18309859154929578	0.23755656108597284
union_component_leave_one_out	component-06	negative_pocket_permuted_concat_gmolai_S0	S0_negative_control	RCSB-4UGH-4V4-KD	construct-001-c5158f5b655d	4.297052753818444	5.678864554958842			0.18181818181818182	0.23755656108597284
union_component_leave_one_out	component-06	negative_pocket_permuted_concat_gmolai_S0	S0_negative_control	RCSB-4UGL-S90-KD	construct-001-c5158f5b655d	4.206628751081045	5.690486901657149			0.14444444444444443	0.23755656108597284
union_component_leave_one_out	component-06	negative_pocket_permuted_concat_gmolai_S0	S0_negative_control	RCSB-4UGD-Q14-KD	construct-001-c5158f5b655d	4.421360790031928	6.4877232106721365			0.1375	0.23755656108597284
union_component_leave_one_out	component-06	negative_pocket_permuted_concat_gmolai_S0	S0_negative_control	RCSB-4UGG-S5D-KD	construct-001-c5158f5b655d	4.59176003468815	5.870734727858905			0.17105263157894737	0.23755656108597284
union_component_leave_one_out	component-06	negative_pocket_permuted_concat_gmolai_S0	S0_negative_control	RCSB-4UG9-1EW-KD	construct-001-c5158f5b655d	5.064996848546345	5.830528453291261			0.18032786885245902	0.23755656108597284
union_component_leave_one_out	component-06	negative_pocket_permuted_concat_gmolai_S0	S0_negative_control	RCSB-4UGC-1Q6-KD	construct-001-c5158f5b655d	4.728158393463501	6.581979826731921			0.14102564102564102	0.23755656108597284
union_component_leave_one_out	component-06	negative_pocket_permuted_concat_gmolai_S0	S0_negative_control	RCSB-4UGO-1QF-KD	construct-001-c5158f5b655d	4.205511953340831	5.710949989704337			0.26582278481012656	0.23755656108597284
union_component_leave_one_out	component-06	negative_pocket_permuted_concat_gmolai_S0	S0_negative_control	RCSB-4UGB-QJ7-KD	construct-001-c5158f5b655d	3.6252516539898965	5.545214593180659			0.16853932584269662	0.23755656108597284
union_component_leave_one_out	component-06	negative_pocket_permuted_concat_gmolai_S0	S0_negative_control	RCSB-4UGN-H49-KD	construct-001-c5158f5b655d	4.749579997691106	4.637286086428221			0.2222222222222222	0.23755656108597284
union_component_leave_one_out	component-06	additive_gmolai_pocket_equal_S0	S0	RCSB-4UGY-EXI-KD	construct-001-c5158f5b655d	4.239577516576788	6.047708837049035			0.12345679012345678	0.23755656108597284
union_component_leave_one_out	component-06	additive_gmolai_pocket_equal_S0	S0	RCSB-4UGR-6E5-KD	construct-001-c5158f5b655d	4.958607314841775	6.309585290355493			0.20689655172413793	0.23755656108597284
union_component_leave_one_out	component-06	additive_gmolai_pocket_equal_S0	S0	RCSB-4UGA-Q05-KD	construct-001-c5158f5b655d	4.214670164989233	5.748200555621211			0.17647058823529413	0.23755656108597284
union_component_leave_one_out	component-06	additive_gmolai_pocket_equal_S0	S0	RCSB-4UG5-XFK-KD	construct-001-c5158f5b655d	5.298432014944073	6.121280233221636			0.11666666666666667	0.23755656108597284
union_component_leave_one_out	component-06	additive_gmolai_pocket_equal_S0	S0	RCSB-4UG6-XFJ-KD	construct-001-c5158f5b655d	5.571865205971211	6.125184820075882			0.13043478260869565	0.23755656108597284
union_component_leave_one_out	component-06	additive_gmolai_pocket_equal_S0	S0	RCSB-4UG8-HW1-KD	construct-001-c5158f5b655d	6.346787486224656	6.392856313739245			0.13636363636363635	0.23755656108597284
union_component_leave_one_out	component-06	additive_gmolai_pocket_equal_S0	S0	RCSB-4UGS-H36-KD	construct-001-c5158f5b655d	3.8961962790440428	5.7532680911304075			0.1724137931034483	0.23755656108597284
union_component_leave_one_out	component-06	additive_gmolai_pocket_equal_S0	S0	RCSB-4UGM-1QE-KD	construct-001-c5158f5b655d	4.00436480540245	5.772371943991594			0.2647058823529412	0.23755656108597284
union_component_leave_one_out	component-06	additive_gmolai_pocket_equal_S0	S0	RCSB-4UGI-SKO-KD	construct-001-c5158f5b655d	4.73754891026957	6.047406278399456			0.17105263157894737	0.23755656108597284
union_component_leave_one_out	component-06	additive_gmolai_pocket_equal_S0	S0	RCSB-4UG7-1EV-KD	construct-001-c5158f5b655d	5.349692476868063	6.426944629756511			0.18309859154929578	0.23755656108597284
union_component_leave_one_out	component-06	additive_gmolai_pocket_equal_S0	S0	RCSB-4UGH-4V4-KD	construct-001-c5158f5b655d	4.297052753818444	5.969667610365599			0.18181818181818182	0.23755656108597284
union_component_leave_one_out	component-06	additive_gmolai_pocket_equal_S0	S0	RCSB-4UGL-S90-KD	construct-001-c5158f5b655d	4.206628751081045	6.000467332071072			0.14444444444444443	0.23755656108597284
union_component_leave_one_out	component-06	additive_gmolai_pocket_equal_S0	S0	RCSB-4UGD-Q14-KD	construct-001-c5158f5b655d	4.421360790031928	6.477602482896978			0.1375	0.23755656108597284
union_component_leave_one_out	component-06	additive_gmolai_pocket_equal_S0	S0	RCSB-4UGG-S5D-KD	construct-001-c5158f5b655d	4.59176003468815	6.213519212290741			0.17105263157894737	0.23755656108597284
union_component_leave_one_out	component-06	additive_gmolai_pocket_equal_S0	S0	RCSB-4UG9-1EW-KD	construct-001-c5158f5b655d	5.064996848546345	6.23780169236913			0.18032786885245902	0.23755656108597284
union_component_leave_one_out	component-06	additive_gmolai_pocket_equal_S0	S0	RCSB-4UGC-1Q6-KD	construct-001-c5158f5b655d	4.728158393463501	6.439152434954462			0.14102564102564102	0.23755656108597284
union_component_leave_one_out	component-06	additive_gmolai_pocket_equal_S0	S0	RCSB-4UGO-1QF-KD	construct-001-c5158f5b655d	4.205511953340831	5.941688445229143			0.26582278481012656	0.23755656108597284
union_component_leave_one_out	component-06	additive_gmolai_pocket_equal_S0	S0	RCSB-4UGB-QJ7-KD	construct-001-c5158f5b655d	3.6252516539898965	5.932480959146093			0.16853932584269662	0.23755656108597284
union_component_leave_one_out	component-06	additive_gmolai_pocket_equal_S0	S0	RCSB-4UGN-H49-KD	construct-001-c5158f5b655d	4.749579997691106	5.265901766865702			0.2222222222222222	0.23755656108597284
union_component_leave_one_out	component-06	additive_gmolai_pocket_equal_S1	S1	RCSB-4UGY-EXI-KD	construct-001-c5158f5b655d	4.239577516576788	6.076882313659222			0.12345679012345678	0.23755656108597284
union_component_leave_one_out	component-06	additive_gmolai_pocket_equal_S1	S1	RCSB-4UGR-6E5-KD	construct-001-c5158f5b655d	4.958607314841775	6.316341176458696			0.20689655172413793	0.23755656108597284
union_component_leave_one_out	component-06	additive_gmolai_pocket_equal_S1	S1	RCSB-4UGA-Q05-KD	construct-001-c5158f5b655d	4.214670164989233	5.8029629548383905			0.17647058823529413	0.23755656108597284
union_component_leave_one_out	component-06	additive_gmolai_pocket_equal_S1	S1	RCSB-4UG5-XFK-KD	construct-001-c5158f5b655d	5.298432014944073	6.122058223177312			0.11666666666666667	0.23755656108597284
union_component_leave_one_out	component-06	additive_gmolai_pocket_equal_S1	S1	RCSB-4UG6-XFJ-KD	construct-001-c5158f5b655d	5.571865205971211	6.08693435549057			0.13043478260869565	0.23755656108597284
union_component_leave_one_out	component-06	additive_gmolai_pocket_equal_S1	S1	RCSB-4UG8-HW1-KD	construct-001-c5158f5b655d	6.346787486224656	6.409164820907042			0.13636363636363635	0.23755656108597284
union_component_leave_one_out	component-06	additive_gmolai_pocket_equal_S1	S1	RCSB-4UGS-H36-KD	construct-001-c5158f5b655d	3.8961962790440428	5.80803222448967			0.1724137931034483	0.23755656108597284
union_component_leave_one_out	component-06	additive_gmolai_pocket_equal_S1	S1	RCSB-4UGM-1QE-KD	construct-001-c5158f5b655d	4.00436480540245	5.806173111265279			0.2647058823529412	0.23755656108597284
union_component_leave_one_out	component-06	additive_gmolai_pocket_equal_S1	S1	RCSB-4UGI-SKO-KD	construct-001-c5158f5b655d	4.73754891026957	6.044581001670474			0.17105263157894737	0.23755656108597284
union_component_leave_one_out	component-06	additive_gmolai_pocket_equal_S1	S1	RCSB-4UG7-1EV-KD	construct-001-c5158f5b655d	5.349692476868063	6.40786912186529			0.18309859154929578	0.23755656108597284
union_component_leave_one_out	component-06	additive_gmolai_pocket_equal_S1	S1	RCSB-4UGH-4V4-KD	construct-001-c5158f5b655d	4.297052753818444	5.976494853104948			0.18181818181818182	0.23755656108597284
union_component_leave_one_out	component-06	additive_gmolai_pocket_equal_S1	S1	RCSB-4UGL-S90-KD	construct-001-c5158f5b655d	4.206628751081045	6.04536554571011			0.14444444444444443	0.23755656108597284
union_component_leave_one_out	component-06	additive_gmolai_pocket_equal_S1	S1	RCSB-4UGD-Q14-KD	construct-001-c5158f5b655d	4.421360790031928	6.503319268661591			0.1375	0.23755656108597284
union_component_leave_one_out	component-06	additive_gmolai_pocket_equal_S1	S1	RCSB-4UGG-S5D-KD	construct-001-c5158f5b655d	4.59176003468815	6.209263054018948			0.17105263157894737	0.23755656108597284
union_component_leave_one_out	component-06	additive_gmolai_pocket_equal_S1	S1	RCSB-4UG9-1EW-KD	construct-001-c5158f5b655d	5.064996848546345	6.2743394459473745			0.18032786885245902	0.23755656108597284
union_component_leave_one_out	component-06	additive_gmolai_pocket_equal_S1	S1	RCSB-4UGC-1Q6-KD	construct-001-c5158f5b655d	4.728158393463501	6.459139752730064			0.14102564102564102	0.23755656108597284
union_component_leave_one_out	component-06	additive_gmolai_pocket_equal_S1	S1	RCSB-4UGO-1QF-KD	construct-001-c5158f5b655d	4.205511953340831	5.9584924848254			0.26582278481012656	0.23755656108597284
union_component_leave_one_out	component-06	additive_gmolai_pocket_equal_S1	S1	RCSB-4UGB-QJ7-KD	construct-001-c5158f5b655d	3.6252516539898965	5.919981931830244			0.16853932584269662	0.23755656108597284
union_component_leave_one_out	component-06	additive_gmolai_pocket_equal_S1	S1	RCSB-4UGN-H49-KD	construct-001-c5158f5b655d	4.749579997691106	5.293868524647191			0.2222222222222222	0.23755656108597284
union_component_leave_one_out	component-06	ligand_ecfp_knn	ligand_only	RCSB-4UGY-EXI-KD	construct-001-c5158f5b655d	4.239577516576788	4.803205207645138	RCSB-5D3T-56Y-KD	0.12345679012345678	0.12345679012345678	0.23755656108597284
union_component_leave_one_out	component-06	ligand_ecfp_knn	ligand_only	RCSB-4UGR-6E5-KD	construct-001-c5158f5b655d	4.958607314841775	5.438528486154813	RCSB-7AXR-S7T-KD	0.20689655172413793	0.20689655172413793	0.23755656108597284
union_component_leave_one_out	component-06	ligand_ecfp_knn	ligand_only	RCSB-4UGA-Q05-KD	construct-001-c5158f5b655d	4.214670164989233	4.720299559004976	RCSB-7AXR-S7T-KD	0.17647058823529413	0.17647058823529413	0.23755656108597284
union_component_leave_one_out	component-06	ligand_ecfp_knn	ligand_only	RCSB-4UG5-XFK-KD	construct-001-c5158f5b655d	5.298432014944073	4.845500870975065	RCSB-6RQ5-KEB-KD	0.11666666666666667	0.11666666666666667	0.23755656108597284
union_component_leave_one_out	component-06	ligand_ecfp_knn	ligand_only	RCSB-4UG6-XFJ-KD	construct-001-c5158f5b655d	5.571865205971211	4.831780686240559	RCSB-5EWH-5SG-KD	0.13043478260869565	0.13043478260869565	0.23755656108597284
union_component_leave_one_out	component-06	ligand_ecfp_knn	ligand_only	RCSB-4UG8-HW1-KD	construct-001-c5158f5b655d	6.346787486224656	4.925480338387374	RCSB-6RQ5-KEB-KD	0.13636363636363635	0.13636363636363635	0.23755656108597284
union_component_leave_one_out	component-06	ligand_ecfp_knn	ligand_only	RCSB-4UGS-H36-KD	construct-001-c5158f5b655d	3.8961962790440428	5.311253454857371	RCSB-4PS5-2TA-KD	0.1724137931034483	0.1724137931034483	0.23755656108597284
union_component_leave_one_out	component-06	ligand_ecfp_knn	ligand_only	RCSB-4UGM-1QE-KD	construct-001-c5158f5b655d	4.00436480540245	5.439970892311932	RCSB-7AXR-S7T-KD	0.2647058823529412	0.2647058823529412	0.23755656108597284
union_component_leave_one_out	component-06	ligand_ecfp_knn	ligand_only	RCSB-4UGI-SKO-KD	construct-001-c5158f5b655d	4.73754891026957	4.946494687044851	RCSB-5D3T-56Y-KD	0.17105263157894737	0.17105263157894737	0.23755656108597284
union_component_leave_one_out	component-06	ligand_ecfp_knn	ligand_only	RCSB-4UG7-1EV-KD	construct-001-c5158f5b655d	5.349692476868063	6.52795447697745	RCSB-5MYG-LS8-KD	0.18309859154929578	0.18309859154929578	0.23755656108597284
union_component_leave_one_out	component-06	ligand_ecfp_knn	ligand_only	RCSB-4UGH-4V4-KD	construct-001-c5158f5b655d	4.297052753818444	4.721825608380754	RCSB-5D3T-56Y-KD	0.18181818181818182	0.18181818181818182	0.23755656108597284
union_component_leave_one_out	component-06	ligand_ecfp_knn	ligand_only	RCSB-4UGL-S90-KD	construct-001-c5158f5b655d	4.206628751081045	6.047695062851807	RCSB-4AGQ-P96-KD	0.14444444444444443	0.14444444444444443	0.23755656108597284
union_component_leave_one_out	component-06	ligand_ecfp_knn	ligand_only	RCSB-4UGD-Q14-KD	construct-001-c5158f5b655d	4.421360790031928	6.2312774935935735	RCSB-6TPZ-NV2-KD	0.1375	0.1375	0.23755656108597284
union_component_leave_one_out	component-06	ligand_ecfp_knn	ligand_only	RCSB-4UGG-S5D-KD	construct-001-c5158f5b655d	4.59176003468815	5.436713028605394	RCSB-7AXR-S7T-KD	0.17105263157894737	0.17105263157894737	0.23755656108597284
union_component_leave_one_out	component-06	ligand_ecfp_knn	ligand_only	RCSB-4UG9-1EW-KD	construct-001-c5158f5b655d	5.064996848546345	4.957489325031087	RCSB-6RQ1-KE5-KD	0.18032786885245902	0.18032786885245902	0.23755656108597284
union_component_leave_one_out	component-06	ligand_ecfp_knn	ligand_only	RCSB-4UGC-1Q6-KD	construct-001-c5158f5b655d	4.728158393463501	6.625080304249452	RCSB-6TPZ-NV2-KD	0.14102564102564102	0.14102564102564102	0.23755656108597284
union_component_leave_one_out	component-06	ligand_ecfp_knn	ligand_only	RCSB-4UGO-1QF-KD	construct-001-c5158f5b655d	4.205511953340831	5.377318548203587	RCSB-7AXR-S7T-KD	0.26582278481012656	0.26582278481012656	0.23755656108597284
union_component_leave_one_out	component-06	ligand_ecfp_knn	ligand_only	RCSB-4UGB-QJ7-KD	construct-001-c5158f5b655d	3.6252516539898965	5.318620356357297	RCSB-7AXR-S7T-KD	0.16853932584269662	0.16853932584269662	0.23755656108597284
union_component_leave_one_out	component-06	ligand_ecfp_knn	ligand_only	RCSB-4UGN-H49-KD	construct-001-c5158f5b655d	4.749579997691106	4.94827368659987	RCSB-7AXR-S7T-KD	0.2222222222222222	0.2222222222222222	0.23755656108597284
union_component_leave_one_out	component-06	ligand_gmolai_knn	ligand_only	RCSB-4UGY-EXI-KD	construct-001-c5158f5b655d	4.239577516576788	5.623140327865667	RCSB-6FSY-E5Q-KD	0.4673365069810934	0.12345679012345678	0.23755656108597284
union_component_leave_one_out	component-06	ligand_gmolai_knn	ligand_only	RCSB-4UGR-6E5-KD	construct-001-c5158f5b655d	4.958607314841775	5.21456652717802	RCSB-4AGQ-P96-KD	0.5501464756546866	0.20689655172413793	0.23755656108597284
union_component_leave_one_out	component-06	ligand_gmolai_knn	ligand_only	RCSB-4UGA-Q05-KD	construct-001-c5158f5b655d	4.214670164989233	5.942565375362941	RCSB-6FSY-E5Q-KD	0.563487821322947	0.17647058823529413	0.23755656108597284
union_component_leave_one_out	component-06	ligand_gmolai_knn	ligand_only	RCSB-4UG5-XFK-KD	construct-001-c5158f5b655d	5.298432014944073	6.3952745456509055	RCSB-6FSY-E5Q-KD	0.6491744204417096	0.11666666666666667	0.23755656108597284
union_component_leave_one_out	component-06	ligand_gmolai_knn	ligand_only	RCSB-4UG6-XFJ-KD	construct-001-c5158f5b655d	5.571865205971211	6.395744136087839	RCSB-6FSY-E5Q-KD	0.6517551326157722	0.13043478260869565	0.23755656108597284
union_component_leave_one_out	component-06	ligand_gmolai_knn	ligand_only	RCSB-4UG8-HW1-KD	construct-001-c5158f5b655d	6.346787486224656	6.372886127682326	RCSB-6FSY-E5Q-KD	0.4617442081374501	0.13636363636363635	0.23755656108597284
union_component_leave_one_out	component-06	ligand_gmolai_knn	ligand_only	RCSB-4UGS-H36-KD	construct-001-c5158f5b655d	3.8961962790440428	4.29083159730606	RCSB-5O1G-9GK-KD	0.5154128717923523	0.1724137931034483	0.23755656108597284
union_component_leave_one_out	component-06	ligand_gmolai_knn	ligand_only	RCSB-4UGM-1QE-KD	construct-001-c5158f5b655d	4.00436480540245	4.157073916382992	RCSB-5EWD-5SH-KD	0.5100776139482581	0.2647058823529412	0.23755656108597284
union_component_leave_one_out	component-06	ligand_gmolai_knn	ligand_only	RCSB-4UGI-SKO-KD	construct-001-c5158f5b655d	4.73754891026957	5.606760066397413	RCSB-6FSY-E5Q-KD	0.4612359526682561	0.17105263157894737	0.23755656108597284
union_component_leave_one_out	component-06	ligand_gmolai_knn	ligand_only	RCSB-4UG7-1EV-KD	construct-001-c5158f5b655d	5.349692476868063	5.779343703633028	RCSB-6FSY-E5Q-KD	0.6060101916069928	0.18309859154929578	0.23755656108597284
union_component_leave_one_out	component-06	ligand_gmolai_knn	ligand_only	RCSB-4UGH-4V4-KD	construct-001-c5158f5b655d	4.297052753818444	6.1658526713366655	RCSB-6FSY-E5Q-KD	0.49399214968535005	0.18181818181818182	0.23755656108597284
union_component_leave_one_out	component-06	ligand_gmolai_knn	ligand_only	RCSB-4UGL-S90-KD	construct-001-c5158f5b655d	4.206628751081045	6.096728676881082	RCSB-5O1B-9H2-KD	0.43745136488583114	0.14444444444444443	0.23755656108597284
union_component_leave_one_out	component-06	ligand_gmolai_knn	ligand_only	RCSB-4UGD-Q14-KD	construct-001-c5158f5b655d	4.421360790031928	5.892453166276743	RCSB-6FSY-E5Q-KD	0.4342370603973535	0.1375	0.23755656108597284
union_component_leave_one_out	component-06	ligand_gmolai_knn	ligand_only	RCSB-4UGG-S5D-KD	construct-001-c5158f5b655d	4.59176003468815	5.64102330100109	RCSB-6FSY-E5Q-KD	0.7133102084525269	0.17105263157894737	0.23755656108597284
union_component_leave_one_out	component-06	ligand_gmolai_knn	ligand_only	RCSB-4UG9-1EW-KD	construct-001-c5158f5b655d	5.064996848546345	5.746246288481172	RCSB-6FSY-E5Q-KD	0.5806830090224653	0.18032786885245902	0.23755656108597284
union_component_leave_one_out	component-06	ligand_gmolai_knn	ligand_only	RCSB-4UGC-1Q6-KD	construct-001-c5158f5b655d	4.728158393463501	5.921867863763758	RCSB-6FSY-E5Q-KD	0.44389247897260603	0.14102564102564102	0.23755656108597284
union_component_leave_one_out	component-06	ligand_gmolai_knn	ligand_only	RCSB-4UGO-1QF-KD	construct-001-c5158f5b655d	4.205511953340831	4.37166790747443	RCSB-4AGQ-P96-KD	0.5748092605199262	0.26582278481012656	0.23755656108597284
union_component_leave_one_out	component-06	ligand_gmolai_knn	ligand_only	RCSB-4UGB-QJ7-KD	construct-001-c5158f5b655d	3.6252516539898965	5.8282916142105865	RCSB-6FSY-E5Q-KD	0.5813696170158082	0.16853932584269662	0.23755656108597284
union_component_leave_one_out	component-06	ligand_gmolai_knn	ligand_only	RCSB-4UGN-H49-KD	construct-001-c5158f5b655d	4.749579997691106	5.83051777440789	RCSB-4AGQ-P96-KD	0.5748057511468797	0.2222222222222222	0.23755656108597284
union_component_leave_one_out	component-06	protein_sequence_identity_knn	sequence_only	RCSB-4UGY-EXI-KD	construct-001-c5158f5b655d	4.239577516576788	4.786241414256028	RCSB-6RQ0-KE2-KD	0.23755656108597284	0.12345679012345678	0.23755656108597284
union_component_leave_one_out	component-06	protein_sequence_identity_knn	sequence_only	RCSB-4UGR-6E5-KD	construct-001-c5158f5b655d	4.958607314841775	4.786241414256028	RCSB-6RQ0-KE2-KD	0.23755656108597284	0.20689655172413793	0.23755656108597284
union_component_leave_one_out	component-06	protein_sequence_identity_knn	sequence_only	RCSB-4UGA-Q05-KD	construct-001-c5158f5b655d	4.214670164989233	4.786241414256028	RCSB-6RQ0-KE2-KD	0.23755656108597284	0.17647058823529413	0.23755656108597284
union_component_leave_one_out	component-06	protein_sequence_identity_knn	sequence_only	RCSB-4UG5-XFK-KD	construct-001-c5158f5b655d	5.298432014944073	4.786241414256028	RCSB-6RQ0-KE2-KD	0.23755656108597284	0.11666666666666667	0.23755656108597284
union_component_leave_one_out	component-06	protein_sequence_identity_knn	sequence_only	RCSB-4UG6-XFJ-KD	construct-001-c5158f5b655d	5.571865205971211	4.786241414256028	RCSB-6RQ0-KE2-KD	0.23755656108597284	0.13043478260869565	0.23755656108597284
union_component_leave_one_out	component-06	protein_sequence_identity_knn	sequence_only	RCSB-4UG8-HW1-KD	construct-001-c5158f5b655d	6.346787486224656	4.786241414256028	RCSB-6RQ0-KE2-KD	0.23755656108597284	0.13636363636363635	0.23755656108597284
union_component_leave_one_out	component-06	protein_sequence_identity_knn	sequence_only	RCSB-4UGS-H36-KD	construct-001-c5158f5b655d	3.8961962790440428	4.786241414256028	RCSB-6RQ0-KE2-KD	0.23755656108597284	0.1724137931034483	0.23755656108597284
union_component_leave_one_out	component-06	protein_sequence_identity_knn	sequence_only	RCSB-4UGM-1QE-KD	construct-001-c5158f5b655d	4.00436480540245	4.786241414256028	RCSB-6RQ0-KE2-KD	0.23755656108597284	0.2647058823529412	0.23755656108597284
union_component_leave_one_out	component-06	protein_sequence_identity_knn	sequence_only	RCSB-4UGI-SKO-KD	construct-001-c5158f5b655d	4.73754891026957	4.786241414256028	RCSB-6RQ0-KE2-KD	0.23755656108597284	0.17105263157894737	0.23755656108597284
union_component_leave_one_out	component-06	protein_sequence_identity_knn	sequence_only	RCSB-4UG7-1EV-KD	construct-001-c5158f5b655d	5.349692476868063	4.786241414256028	RCSB-6RQ0-KE2-KD	0.23755656108597284	0.18309859154929578	0.23755656108597284
union_component_leave_one_out	component-06	protein_sequence_identity_knn	sequence_only	RCSB-4UGH-4V4-KD	construct-001-c5158f5b655d	4.297052753818444	4.786241414256028	RCSB-6RQ0-KE2-KD	0.23755656108597284	0.18181818181818182	0.23755656108597284
union_component_leave_one_out	component-06	protein_sequence_identity_knn	sequence_only	RCSB-4UGL-S90-KD	construct-001-c5158f5b655d	4.206628751081045	4.786241414256028	RCSB-6RQ0-KE2-KD	0.23755656108597284	0.14444444444444443	0.23755656108597284
union_component_leave_one_out	component-06	protein_sequence_identity_knn	sequence_only	RCSB-4UGD-Q14-KD	construct-001-c5158f5b655d	4.421360790031928	4.786241414256028	RCSB-6RQ0-KE2-KD	0.23755656108597284	0.1375	0.23755656108597284
union_component_leave_one_out	component-06	protein_sequence_identity_knn	sequence_only	RCSB-4UGG-S5D-KD	construct-001-c5158f5b655d	4.59176003468815	4.786241414256028	RCSB-6RQ0-KE2-KD	0.23755656108597284	0.17105263157894737	0.23755656108597284
union_component_leave_one_out	component-06	protein_sequence_identity_knn	sequence_only	RCSB-4UG9-1EW-KD	construct-001-c5158f5b655d	5.064996848546345	4.786241414256028	RCSB-6RQ0-KE2-KD	0.23755656108597284	0.18032786885245902	0.23755656108597284
union_component_leave_one_out	component-06	protein_sequence_identity_knn	sequence_only	RCSB-4UGC-1Q6-KD	construct-001-c5158f5b655d	4.728158393463501	4.786241414256028	RCSB-6RQ0-KE2-KD	0.23755656108597284	0.14102564102564102	0.23755656108597284
union_component_leave_one_out	component-06	protein_sequence_identity_knn	sequence_only	RCSB-4UGO-1QF-KD	construct-001-c5158f5b655d	4.205511953340831	4.786241414256028	RCSB-6RQ0-KE2-KD	0.23755656108597284	0.26582278481012656	0.23755656108597284
union_component_leave_one_out	component-06	protein_sequence_identity_knn	sequence_only	RCSB-4UGB-QJ7-KD	construct-001-c5158f5b655d	3.6252516539898965	4.786241414256028	RCSB-6RQ0-KE2-KD	0.23755656108597284	0.16853932584269662	0.23755656108597284
union_component_leave_one_out	component-06	protein_sequence_identity_knn	sequence_only	RCSB-4UGN-H49-KD	construct-001-c5158f5b655d	4.749579997691106	4.786241414256028	RCSB-6RQ0-KE2-KD	0.23755656108597284	0.2222222222222222	0.23755656108597284
union_component_leave_one_out	component-06	pocket_structure_knn_S0	S0	RCSB-4UGY-EXI-KD	construct-001-c5158f5b655d	4.239577516576788	5.428372307946767	RCSB-6RQ3-OUC-KD	0.22623302043067778	0.12345679012345678	0.23755656108597284
union_component_leave_one_out	component-06	pocket_structure_knn_S0	S0	RCSB-4UGR-6E5-KD	construct-001-c5158f5b655d	4.958607314841775	5.42852763368503	RCSB-6RQ3-OUC-KD	0.2228896025371244	0.20689655172413793	0.23755656108597284
union_component_leave_one_out	component-06	pocket_structure_knn_S0	S0	RCSB-4UGA-Q05-KD	construct-001-c5158f5b655d	4.214670164989233	5.430701355168277	RCSB-6RQ3-OUC-KD	0.2232735539766865	0.17647058823529413	0.23755656108597284
union_component_leave_one_out	component-06	pocket_structure_knn_S0	S0	RCSB-4UG5-XFK-KD	construct-001-c5158f5b655d	5.298432014944073	5.49906050128556	RCSB-6RQ3-OUC-KD	0.23048414393830866	0.11666666666666667	0.23755656108597284
union_component_leave_one_out	component-06	pocket_structure_knn_S0	S0	RCSB-4UG6-XFJ-KD	construct-001-c5158f5b655d	5.571865205971211	5.172611670364021	RCSB-6RQ3-OUC-KD	0.2302976946720574	0.13043478260869565	0.23755656108597284
union_component_leave_one_out	component-06	pocket_structure_knn_S0	S0	RCSB-4UG8-HW1-KD	construct-001-c5158f5b655d	6.346787486224656	5.429058489888154	RCSB-6RQ3-OUC-KD	0.22431611539085658	0.13636363636363635	0.23755656108597284
union_component_leave_one_out	component-06	pocket_structure_knn_S0	S0	RCSB-4UGS-H36-KD	construct-001-c5158f5b655d	3.8961962790440428	5.430636488800962	RCSB-6RQ3-OUC-KD	0.22321562443384704	0.1724137931034483	0.23755656108597284
union_component_leave_one_out	component-06	pocket_structure_knn_S0	S0	RCSB-4UGM-1QE-KD	construct-001-c5158f5b655d	4.00436480540245	5.430478644883287	RCSB-6RQ3-OUC-KD	0.22307812571423094	0.2647058823529412	0.23755656108597284
union_component_leave_one_out	component-06	pocket_structure_knn_S0	S0	RCSB-4UGI-SKO-KD	construct-001-c5158f5b655d	4.73754891026957	5.627160724949934	RCSB-6RQ3-OUC-KD	0.22521683018639135	0.17105263157894737	0.23755656108597284
union_component_leave_one_out	component-06	pocket_structure_knn_S0	S0	RCSB-4UG7-1EV-KD	construct-001-c5158f5b655d	5.349692476868063	5.177389838833649	RCSB-6RQ9-KEQ-KD	0.2306458636347009	0.18309859154929578	0.23755656108597284
union_component_leave_one_out	component-06	pocket_structure_knn_S0	S0	RCSB-4UGH-4V4-KD	construct-001-c5158f5b655d	4.297052753818444	5.627716131524062	RCSB-6RQ3-OUC-KD	0.2255580416089982	0.18181818181818182	0.23755656108597284
union_component_leave_one_out	component-06	pocket_structure_knn_S0	S0	RCSB-4UGL-S90-KD	construct-001-c5158f5b655d	4.206628751081045	5.429501538058985	RCSB-6RQ3-OUC-KD	0.22253990260377193	0.14444444444444443	0.23755656108597284
union_component_leave_one_out	component-06	pocket_structure_knn_S0	S0	RCSB-4UGD-Q14-KD	construct-001-c5158f5b655d	4.421360790031928	5.430179243281606	RCSB-6RQ3-OUC-KD	0.2229096116287472	0.1375	0.23755656108597284
union_component_leave_one_out	component-06	pocket_structure_knn_S0	S0	RCSB-4UGG-S5D-KD	construct-001-c5158f5b655d	4.59176003468815	5.62646012380753	RCSB-6RQ3-OUC-KD	0.22895297265125403	0.17105263157894737	0.23755656108597284
union_component_leave_one_out	component-06	pocket_structure_knn_S0	S0	RCSB-4UG9-1EW-KD	construct-001-c5158f5b655d	5.064996848546345	5.428892144262879	RCSB-6RQ3-OUC-KD	0.22242008877894698	0.18032786885245902	0.23755656108597284
union_component_leave_one_out	component-06	pocket_structure_knn_S0	S0	RCSB-4UGC-1Q6-KD	construct-001-c5158f5b655d	4.728158393463501	5.628497341601797	RCSB-6RQ3-OUC-KD	0.2253279231751869	0.14102564102564102	0.23755656108597284
union_component_leave_one_out	component-06	pocket_structure_knn_S0	S0	RCSB-4UGO-1QF-KD	construct-001-c5158f5b655d	4.205511953340831	5.429542231746307	RCSB-6RQ3-OUC-KD	0.2227273735078161	0.26582278481012656	0.23755656108597284
union_component_leave_one_out	component-06	pocket_structure_knn_S0	S0	RCSB-4UGB-QJ7-KD	construct-001-c5158f5b655d	3.6252516539898965	5.104337225449149	RCSB-6RQ3-OUC-KD	0.22719537059644837	0.16853932584269662	0.23755656108597284
union_component_leave_one_out	component-06	pocket_structure_knn_S0	S0	RCSB-4UGN-H49-KD	construct-001-c5158f5b655d	4.749579997691106	5.43012813241025	RCSB-6RQ3-OUC-KD	0.22260511949712364	0.2222222222222222	0.23755656108597284
union_component_leave_one_out	component-06	two_sided_ecfp_pocket_knn_S0	S0	RCSB-4UGY-EXI-KD	construct-001-c5158f5b655d	4.239577516576788	4.925758502392633	RCSB-6RQ3-OUC-KD	0.15041044525918995	0.12345679012345678	0.23755656108597284
union_component_leave_one_out	component-06	two_sided_ecfp_pocket_knn_S0	S0	RCSB-4UGR-6E5-KD	construct-001-c5158f5b655d	4.958607314841775	4.979440515504223	RCSB-6RQ9-KEQ-KD	0.17044545601030892	0.20689655172413793	0.23755656108597284
union_component_leave_one_out	component-06	two_sided_ecfp_pocket_knn_S0	S0	RCSB-4UGA-Q05-KD	construct-001-c5158f5b655d	4.214670164989233	4.98034895416057	RCSB-6RQ9-KEQ-KD	0.16626697137645535	0.17647058823529413	0.23755656108597284
union_component_leave_one_out	component-06	two_sided_ecfp_pocket_knn_S0	S0	RCSB-4UG5-XFK-KD	construct-001-c5158f5b655d	5.298432014944073	4.925209323571099	RCSB-6RQ3-OUC-KD	0.1626314856479772	0.11666666666666667	0.23755656108597284
union_component_leave_one_out	component-06	two_sided_ecfp_pocket_knn_S0	S0	RCSB-4UG6-XFJ-KD	construct-001-c5158f5b655d	5.571865205971211	4.9236540763135235	RCSB-6RQ3-OUC-KD	0.17120343362659107	0.13043478260869565	0.23755656108597284
union_component_leave_one_out	component-06	two_sided_ecfp_pocket_knn_S0	S0	RCSB-4UG8-HW1-KD	construct-001-c5158f5b655d	6.346787486224656	4.925426255531118	RCSB-6RQ3-OUC-KD	0.1735857583451601	0.13636363636363635	0.23755656108597284
union_component_leave_one_out	component-06	two_sided_ecfp_pocket_knn_S0	S0	RCSB-4UGS-H36-KD	construct-001-c5158f5b655d	3.8961962790440428	4.621715851871953	RCSB-6RQ9-KEQ-KD	0.18062052669009473	0.1724137931034483	0.23755656108597284
union_component_leave_one_out	component-06	two_sided_ecfp_pocket_knn_S0	S0	RCSB-4UGM-1QE-KD	construct-001-c5158f5b655d	4.00436480540245	4.601539194339187	RCSB-7AXR-S7T-KD	0.18162137346149151	0.2647058823529412	0.23755656108597284
union_component_leave_one_out	component-06	two_sided_ecfp_pocket_knn_S0	S0	RCSB-4UGI-SKO-KD	construct-001-c5158f5b655d	4.73754891026957	4.9254475988934425	RCSB-6RQ5-KEB-KD	0.15229944726999944	0.17105263157894737	0.23755656108597284
union_component_leave_one_out	component-06	two_sided_ecfp_pocket_knn_S0	S0	RCSB-4UG7-1EV-KD	construct-001-c5158f5b655d	5.349692476868063	4.923612299817017	RCSB-6RQ5-KEB-KD	0.1657977790284498	0.18309859154929578	0.23755656108597284
union_component_leave_one_out	component-06	two_sided_ecfp_pocket_knn_S0	S0	RCSB-4UGH-4V4-KD	construct-001-c5158f5b655d	4.297052753818444	4.924361308451355	RCSB-6RQ5-KEB-KD	0.1617543790344873	0.18181818181818182	0.23755656108597284
union_component_leave_one_out	component-06	two_sided_ecfp_pocket_knn_S0	S0	RCSB-4UGL-S90-KD	construct-001-c5158f5b655d	4.206628751081045	4.92641795471617	RCSB-6RQ3-OUC-KD	0.15510760087454264	0.14444444444444443	0.23755656108597284
union_component_leave_one_out	component-06	two_sided_ecfp_pocket_knn_S0	S0	RCSB-4UGD-Q14-KD	construct-001-c5158f5b655d	4.421360790031928	4.925950597161692	RCSB-6RQ5-KEB-KD	0.1574141610988852	0.1375	0.23755656108597284
union_component_leave_one_out	component-06	two_sided_ecfp_pocket_knn_S0	S0	RCSB-4UGG-S5D-KD	construct-001-c5158f5b655d	4.59176003468815	4.923706581998829	RCSB-6RQ3-OUC-KD	0.16917186994712435	0.17105263157894737	0.23755656108597284
union_component_leave_one_out	component-06	two_sided_ecfp_pocket_knn_S0	S0	RCSB-4UG9-1EW-KD	construct-001-c5158f5b655d	5.064996848546345	4.758836514857611	RCSB-6RQ1-KE5-KD	0.1985534815824604	0.18032786885245902	0.23755656108597284
union_component_leave_one_out	component-06	two_sided_ecfp_pocket_knn_S0	S0	RCSB-4UGC-1Q6-KD	construct-001-c5158f5b655d	4.728158393463501	4.924789987792269	RCSB-6RQ5-KEB-KD	0.16111829648495973	0.14102564102564102	0.23755656108597284
union_component_leave_one_out	component-06	two_sided_ecfp_pocket_knn_S0	S0	RCSB-4UGO-1QF-KD	construct-001-c5158f5b655d	4.205511953340831	4.442401594862274	RCSB-6RQ3-OUC-KD	0.18446623857715871	0.26582278481012656	0.23755656108597284
union_component_leave_one_out	component-06	two_sided_ecfp_pocket_knn_S0	S0	RCSB-4UGB-QJ7-KD	construct-001-c5158f5b655d	3.6252516539898965	4.60410776493722	RCSB-6RQ9-KEQ-KD	0.1637858229960412	0.16853932584269662	0.23755656108597284
union_component_leave_one_out	component-06	two_sided_ecfp_pocket_knn_S0	S0	RCSB-4UGN-H49-KD	construct-001-c5158f5b655d	4.749579997691106	4.96602427530927	RCSB-7AXR-S7T-KD	0.16681629078874274	0.2222222222222222	0.23755656108597284
union_component_leave_one_out	component-06	pocket_structure_knn_S1	S1	RCSB-4UGY-EXI-KD	construct-001-c5158f5b655d	4.239577516576788	4.786241414256029	RCSB-6RQ0-KE2-KD	0.19026694001371244	0.12345679012345678	0.23755656108597284
union_component_leave_one_out	component-06	pocket_structure_knn_S1	S1	RCSB-4UGR-6E5-KD	construct-001-c5158f5b655d	4.958607314841775	4.786241414256029	RCSB-6RQ0-KE2-KD	0.19026694001371244	0.20689655172413793	0.23755656108597284
union_component_leave_one_out	component-06	pocket_structure_knn_S1	S1	RCSB-4UGA-Q05-KD	construct-001-c5158f5b655d	4.214670164989233	4.786241414256029	RCSB-6RQ0-KE2-KD	0.19026694001371244	0.17647058823529413	0.23755656108597284
union_component_leave_one_out	component-06	pocket_structure_knn_S1	S1	RCSB-4UG5-XFK-KD	construct-001-c5158f5b655d	5.298432014944073	4.786241414256029	RCSB-6RQ0-KE2-KD	0.19026694001371244	0.11666666666666667	0.23755656108597284
union_component_leave_one_out	component-06	pocket_structure_knn_S1	S1	RCSB-4UG6-XFJ-KD	construct-001-c5158f5b655d	5.571865205971211	4.786241414256029	RCSB-6RQ0-KE2-KD	0.19026694001371244	0.13043478260869565	0.23755656108597284
union_component_leave_one_out	component-06	pocket_structure_knn_S1	S1	RCSB-4UG8-HW1-KD	construct-001-c5158f5b655d	6.346787486224656	4.786241414256029	RCSB-6RQ0-KE2-KD	0.19026694001371244	0.13636363636363635	0.23755656108597284
union_component_leave_one_out	component-06	pocket_structure_knn_S1	S1	RCSB-4UGS-H36-KD	construct-001-c5158f5b655d	3.8961962790440428	4.786241414256029	RCSB-6RQ0-KE2-KD	0.19026694001371244	0.1724137931034483	0.23755656108597284
union_component_leave_one_out	component-06	pocket_structure_knn_S1	S1	RCSB-4UGM-1QE-KD	construct-001-c5158f5b655d	4.00436480540245	4.786241414256029	RCSB-6RQ0-KE2-KD	0.19026694001371244	0.2647058823529412	0.23755656108597284
union_component_leave_one_out	component-06	pocket_structure_knn_S1	S1	RCSB-4UGI-SKO-KD	construct-001-c5158f5b655d	4.73754891026957	4.786241414256029	RCSB-6RQ0-KE2-KD	0.19026694001371244	0.17105263157894737	0.23755656108597284
union_component_leave_one_out	component-06	pocket_structure_knn_S1	S1	RCSB-4UG7-1EV-KD	construct-001-c5158f5b655d	5.349692476868063	4.786241414256029	RCSB-6RQ0-KE2-KD	0.19026694001371244	0.18309859154929578	0.23755656108597284
union_component_leave_one_out	component-06	pocket_structure_knn_S1	S1	RCSB-4UGH-4V4-KD	construct-001-c5158f5b655d	4.297052753818444	4.786241414256029	RCSB-6RQ0-KE2-KD	0.19026694001371244	0.18181818181818182	0.23755656108597284
union_component_leave_one_out	component-06	pocket_structure_knn_S1	S1	RCSB-4UGL-S90-KD	construct-001-c5158f5b655d	4.206628751081045	4.786241414256029	RCSB-6RQ0-KE2-KD	0.19026694001371244	0.14444444444444443	0.23755656108597284
union_component_leave_one_out	component-06	pocket_structure_knn_S1	S1	RCSB-4UGD-Q14-KD	construct-001-c5158f5b655d	4.421360790031928	4.786241414256029	RCSB-6RQ0-KE2-KD	0.19026694001371244	0.1375	0.23755656108597284
union_component_leave_one_out	component-06	pocket_structure_knn_S1	S1	RCSB-4UGG-S5D-KD	construct-001-c5158f5b655d	4.59176003468815	4.786241414256029	RCSB-6RQ0-KE2-KD	0.19026694001371244	0.17105263157894737	0.23755656108597284
union_component_leave_one_out	component-06	pocket_structure_knn_S1	S1	RCSB-4UG9-1EW-KD	construct-001-c5158f5b655d	5.064996848546345	4.786241414256029	RCSB-6RQ0-KE2-KD	0.19026694001371244	0.18032786885245902	0.23755656108597284
union_component_leave_one_out	component-06	pocket_structure_knn_S1	S1	RCSB-4UGC-1Q6-KD	construct-001-c5158f5b655d	4.728158393463501	4.786241414256029	RCSB-6RQ0-KE2-KD	0.19026694001371244	0.14102564102564102	0.23755656108597284
union_component_leave_one_out	component-06	pocket_structure_knn_S1	S1	RCSB-4UGO-1QF-KD	construct-001-c5158f5b655d	4.205511953340831	4.786241414256029	RCSB-6RQ0-KE2-KD	0.19026694001371244	0.26582278481012656	0.23755656108597284
union_component_leave_one_out	component-06	pocket_structure_knn_S1	S1	RCSB-4UGB-QJ7-KD	construct-001-c5158f5b655d	3.6252516539898965	4.786241414256029	RCSB-6RQ0-KE2-KD	0.19026694001371244	0.16853932584269662	0.23755656108597284
union_component_leave_one_out	component-06	pocket_structure_knn_S1	S1	RCSB-4UGN-H49-KD	construct-001-c5158f5b655d	4.749579997691106	4.786241414256029	RCSB-6RQ0-KE2-KD	0.19026694001371244	0.2222222222222222	0.23755656108597284
union_component_leave_one_out	component-06	two_sided_ecfp_pocket_knn_S1	S1	RCSB-4UGY-EXI-KD	construct-001-c5158f5b655d	4.239577516576788	4.92603614621904	RCSB-6RQ5-KEB-KD	0.13893323284872097	0.12345679012345678	0.23755656108597284
union_component_leave_one_out	component-06	two_sided_ecfp_pocket_knn_S1	S1	RCSB-4UGR-6E5-KD	construct-001-c5158f5b655d	4.958607314841775	4.914979644244182	RCSB-6RQ9-KEQ-KD	0.15822491487125154	0.20689655172413793	0.23755656108597284
union_component_leave_one_out	component-06	two_sided_ecfp_pocket_knn_S1	S1	RCSB-4UGA-Q05-KD	construct-001-c5158f5b655d	4.214670164989233	5.2497708477879605	RCSB-6RQ9-KEQ-KD	0.1542185705474994	0.17647058823529413	0.23755656108597284
union_component_leave_one_out	component-06	two_sided_ecfp_pocket_knn_S1	S1	RCSB-4UG5-XFK-KD	construct-001-c5158f5b655d	5.298432014944073	4.925960470196813	RCSB-6RQ5-KEB-KD	0.1489892938041739	0.11666666666666667	0.23755656108597284
union_component_leave_one_out	component-06	two_sided_ecfp_pocket_knn_S1	S1	RCSB-4UG6-XFJ-KD	construct-001-c5158f5b655d	5.571865205971211	4.925896091413077	RCSB-6RQ5-KEB-KD	0.15704850513373408	0.13043478260869565	0.23755656108597284
union_component_leave_one_out	component-06	two_sided_ecfp_pocket_knn_S1	S1	RCSB-4UG8-HW1-KD	construct-001-c5158f5b655d	6.346787486224656	4.926013202567411	RCSB-6RQ5-KEB-KD	0.16107604359448272	0.13636363636363635	0.23755656108597284
union_component_leave_one_out	component-06	two_sided_ecfp_pocket_knn_S1	S1	RCSB-4UGS-H36-KD	construct-001-c5158f5b655d	3.8961962790440428	5.23674498751487	RCSB-6RQ9-KEQ-KD	0.16754752005754361	0.1724137931034483	0.23755656108597284
union_component_leave_one_out	component-06	two_sided_ecfp_pocket_knn_S1	S1	RCSB-4UGM-1QE-KD	construct-001-c5158f5b655d	4.00436480540245	5.213408532956052	RCSB-7AXR-S7T-KD	0.17779171734429788	0.2647058823529412	0.23755656108597284
union_component_leave_one_out	component-06	two_sided_ecfp_pocket_knn_S1	S1	RCSB-4UGI-SKO-KD	construct-001-c5158f5b655d	4.73754891026957	5.227084679725396	RCSB-5D3T-56Y-KD	0.14292052694012058	0.17105263157894737	0.23755656108597284
union_component_leave_one_out	component-06	two_sided_ecfp_pocket_knn_S1	S1	RCSB-4UG7-1EV-KD	construct-001-c5158f5b655d	5.349692476868063	4.925940482117291	RCSB-6RQ5-KEB-KD	0.15153630383827268	0.18309859154929578	0.23755656108597284
union_component_leave_one_out	component-06	two_sided_ecfp_pocket_knn_S1	S1	RCSB-4UGH-4V4-KD	construct-001-c5158f5b655d	4.297052753818444	4.926028722175667	RCSB-6RQ5-KEB-KD	0.14961398959979033	0.18181818181818182	0.23755656108597284
union_component_leave_one_out	component-06	two_sided_ecfp_pocket_knn_S1	S1	RCSB-4UGL-S90-KD	construct-001-c5158f5b655d	4.206628751081045	4.926063817653432	RCSB-6RQ5-KEB-KD	0.1443993473266138	0.14444444444444443	0.23755656108597284
union_component_leave_one_out	component-06	two_sided_ecfp_pocket_knn_S1	S1	RCSB-4UGD-Q14-KD	construct-001-c5158f5b655d	4.421360790031928	4.925979175618825	RCSB-6RQ5-KEB-KD	0.1465665421979749	0.1375	0.23755656108597284
union_component_leave_one_out	component-06	two_sided_ecfp_pocket_knn_S1	S1	RCSB-4UGG-S5D-KD	construct-001-c5158f5b655d	4.59176003468815	4.925988085306679	RCSB-6RQ5-KEB-KD	0.1554377086539252	0.17105263157894737	0.23755656108597284
union_component_leave_one_out	component-06	two_sided_ecfp_pocket_knn_S1	S1	RCSB-4UG9-1EW-KD	construct-001-c5158f5b655d	5.064996848546345	5.00966239469217	RCSB-6RQ1-KE5-KD	0.18523075286180593	0.18032786885245902	0.23755656108597284
union_component_leave_one_out	component-06	two_sided_ecfp_pocket_knn_S1	S1	RCSB-4UGC-1Q6-KD	construct-001-c5158f5b655d	4.728158393463501	4.925960470196813	RCSB-6RQ5-KEB-KD	0.1489892938041739	0.14102564102564102	0.23755656108597284
union_component_leave_one_out	component-06	two_sided_ecfp_pocket_knn_S1	S1	RCSB-4UGO-1QF-KD	construct-001-c5158f5b655d	4.205511953340831	4.461678626461972	RCSB-7AXR-S7T-KD	0.17816641052564972	0.26582278481012656	0.23755656108597284
union_component_leave_one_out	component-06	two_sided_ecfp_pocket_knn_S1	S1	RCSB-4UGB-QJ7-KD	construct-001-c5158f5b655d	3.6252516539898965	5.249999574219705	RCSB-6RQ9-KEQ-KD	0.15010533407382068	0.16853932584269662	0.23755656108597284
union_component_leave_one_out	component-06	two_sided_ecfp_pocket_knn_S1	S1	RCSB-4UGN-H49-KD	construct-001-c5158f5b655d	4.749579997691106	5.225532591318416	RCSB-7AXR-S7T-KD	0.16290089554899992	0.2222222222222222	0.23755656108597284
stratified_random_pair_5fold_non_headline	random-01	global_train_mean	no_input	RCSB-4UGA-Q05-KD	construct-001-c5158f5b655d	4.214670164989233	5.233018585407267			0.390625	1.0
stratified_random_pair_5fold_non_headline	random-01	global_train_mean	no_input	RCSB-4UGH-4V4-KD	construct-001-c5158f5b655d	4.297052753818444	5.233018585407267			0.7254901960784313	1.0
stratified_random_pair_5fold_non_headline	random-01	global_train_mean	no_input	RCSB-4UGC-1Q6-KD	construct-001-c5158f5b655d	4.728158393463501	5.233018585407267			0.7560975609756098	1.0
stratified_random_pair_5fold_non_headline	random-01	global_train_mean	no_input	RCSB-4UGB-QJ7-KD	construct-001-c5158f5b655d	3.6252516539898965	5.233018585407267			0.4067796610169492	1.0
stratified_random_pair_5fold_non_headline	random-01	global_train_mean	no_input	RCSB-5EM3-5Q0-KD	construct-002-cb5cf2af5e4a	3.6989700043360187	5.233018585407267			0.40625	1.0
stratified_random_pair_5fold_non_headline	random-01	global_train_mean	no_input	RCSB-5DYA-5GV-KD	construct-002-cb5cf2af5e4a	3.6989700043360187	5.233018585407267			0.32558139534883723	1.0
stratified_random_pair_5fold_non_headline	random-01	global_train_mean	no_input	RCSB-5O5H-9LK-KD	construct-002-cb5cf2af5e4a	4.1249387366083	5.233018585407267			0.19117647058823528	1.0
stratified_random_pair_5fold_non_headline	random-01	global_train_mean	no_input	RCSB-5EPS-5QX-KD	construct-002-cb5cf2af5e4a	4.42021640338319	5.233018585407267			0.2894736842105263	1.0
stratified_random_pair_5fold_non_headline	random-01	global_train_mean	no_input	RCSB-4O76-1M3-KD	construct-003-fbf3f5c695a3	6.910094888560602	5.233018585407267			0.6805555555555556	1.0
stratified_random_pair_5fold_non_headline	random-01	global_train_mean	no_input	RCSB-7AXR-S7T-KD	construct-003-fbf3f5c695a3	4.940058111938045	5.233018585407267			0.4225352112676056	1.0
stratified_random_pair_5fold_non_headline	random-01	global_train_mean	no_input	RCSB-5D3T-56Y-KD	construct-003-fbf3f5c695a3	4.920818753952375	5.233018585407267			0.3611111111111111	1.0
stratified_random_pair_5fold_non_headline	random-01	global_train_mean	no_input	RCSB-5O1D-9GW-KD	construct-004-a02c0b37ee39	4.657577319177793	5.233018585407267			0.7291666666666666	1.0
stratified_random_pair_5fold_non_headline	random-01	global_train_mean	no_input	RCSB-8A92-LE9-KD	construct-004-a02c0b37ee39	3.0	5.233018585407267			0.1590909090909091	1.0
stratified_random_pair_5fold_non_headline	random-01	global_train_mean	no_input	RCSB-6RQ3-OUC-KD	construct-005-6f4aa0a92e90	4.0	5.233018585407267			0.717948717948718	1.0
stratified_random_pair_5fold_non_headline	random-01	global_train_mean	no_input	RCSB-6RQ8-KEH-KD	construct-005-6f4aa0a92e90	6.552841968657781	5.233018585407267			0.6923076923076923	1.0
stratified_random_pair_5fold_non_headline	random-01	global_train_mean	no_input	RCSB-6UOZ-QF1-KD	construct-006-4c5802bc11cc	7.0	5.233018585407267			0.7857142857142857	1.0
stratified_random_pair_5fold_non_headline	random-01	target_mean_or_global_fallback	target_identity	RCSB-4UGA-Q05-KD	construct-001-c5158f5b655d	4.214670164989233	4.776194025701469			0.390625	1.0
stratified_random_pair_5fold_non_headline	random-01	target_mean_or_global_fallback	target_identity	RCSB-4UGH-4V4-KD	construct-001-c5158f5b655d	4.297052753818444	4.776194025701469			0.7254901960784313	1.0
stratified_random_pair_5fold_non_headline	random-01	target_mean_or_global_fallback	target_identity	RCSB-4UGC-1Q6-KD	construct-001-c5158f5b655d	4.728158393463501	4.776194025701469			0.7560975609756098	1.0
stratified_random_pair_5fold_non_headline	random-01	target_mean_or_global_fallback	target_identity	RCSB-4UGB-QJ7-KD	construct-001-c5158f5b655d	3.6252516539898965	4.776194025701469			0.4067796610169492	1.0
stratified_random_pair_5fold_non_headline	random-01	target_mean_or_global_fallback	target_identity	RCSB-5EM3-5Q0-KD	construct-002-cb5cf2af5e4a	3.6989700043360187	4.4890077341463455			0.40625	1.0
stratified_random_pair_5fold_non_headline	random-01	target_mean_or_global_fallback	target_identity	RCSB-5DYA-5GV-KD	construct-002-cb5cf2af5e4a	3.6989700043360187	4.4890077341463455			0.32558139534883723	1.0
stratified_random_pair_5fold_non_headline	random-01	target_mean_or_global_fallback	target_identity	RCSB-5O5H-9LK-KD	construct-002-cb5cf2af5e4a	4.1249387366083	4.4890077341463455			0.19117647058823528	1.0
stratified_random_pair_5fold_non_headline	random-01	target_mean_or_global_fallback	target_identity	RCSB-5EPS-5QX-KD	construct-002-cb5cf2af5e4a	4.42021640338319	4.4890077341463455			0.2894736842105263	1.0
stratified_random_pair_5fold_non_headline	random-01	target_mean_or_global_fallback	target_identity	RCSB-4O76-1M3-KD	construct-003-fbf3f5c695a3	6.910094888560602	6.695471855488641			0.6805555555555556	1.0
stratified_random_pair_5fold_non_headline	random-01	target_mean_or_global_fallback	target_identity	RCSB-7AXR-S7T-KD	construct-003-fbf3f5c695a3	4.940058111938045	6.695471855488641			0.4225352112676056	1.0
stratified_random_pair_5fold_non_headline	random-01	target_mean_or_global_fallback	target_identity	RCSB-5D3T-56Y-KD	construct-003-fbf3f5c695a3	4.920818753952375	6.695471855488641			0.3611111111111111	1.0
stratified_random_pair_5fold_non_headline	random-01	target_mean_or_global_fallback	target_identity	RCSB-5O1D-9GW-KD	construct-004-a02c0b37ee39	4.657577319177793	4.624064038750959			0.7291666666666666	1.0
stratified_random_pair_5fold_non_headline	random-01	target_mean_or_global_fallback	target_identity	RCSB-8A92-LE9-KD	construct-004-a02c0b37ee39	3.0	4.624064038750959			0.1590909090909091	1.0
stratified_random_pair_5fold_non_headline	random-01	target_mean_or_global_fallback	target_identity	RCSB-6RQ3-OUC-KD	construct-005-6f4aa0a92e90	4.0	5.316664985113001			0.717948717948718	1.0
stratified_random_pair_5fold_non_headline	random-01	target_mean_or_global_fallback	target_identity	RCSB-6RQ8-KEH-KD	construct-005-6f4aa0a92e90	6.552841968657781	5.316664985113001			0.6923076923076923	1.0
stratified_random_pair_5fold_non_headline	random-01	target_mean_or_global_fallback	target_identity	RCSB-6UOZ-QF1-KD	construct-006-4c5802bc11cc	7.0	5.911476228097929			0.7857142857142857	1.0
stratified_random_pair_5fold_non_headline	random-01	nuisance_ridge	metadata_only	RCSB-4UGA-Q05-KD	construct-001-c5158f5b655d	4.214670164989233	4.9999531782603945			0.390625	1.0
stratified_random_pair_5fold_non_headline	random-01	nuisance_ridge	metadata_only	RCSB-4UGH-4V4-KD	construct-001-c5158f5b655d	4.297052753818444	4.999329860658536			0.7254901960784313	1.0
stratified_random_pair_5fold_non_headline	random-01	nuisance_ridge	metadata_only	RCSB-4UGC-1Q6-KD	construct-001-c5158f5b655d	4.728158393463501	5.000609651053841			0.7560975609756098	1.0
stratified_random_pair_5fold_non_headline	random-01	nuisance_ridge	metadata_only	RCSB-4UGB-QJ7-KD	construct-001-c5158f5b655d	3.6252516539898965	4.999873605800583			0.4067796610169492	1.0
stratified_random_pair_5fold_non_headline	random-01	nuisance_ridge	metadata_only	RCSB-5EM3-5Q0-KD	construct-002-cb5cf2af5e4a	3.6989700043360187	5.190600636137751			0.40625	1.0
stratified_random_pair_5fold_non_headline	random-01	nuisance_ridge	metadata_only	RCSB-5DYA-5GV-KD	construct-002-cb5cf2af5e4a	3.6989700043360187	5.188942876558341			0.32558139534883723	1.0
stratified_random_pair_5fold_non_headline	random-01	nuisance_ridge	metadata_only	RCSB-5O5H-9LK-KD	construct-002-cb5cf2af5e4a	4.1249387366083	5.348442084421068			0.19117647058823528	1.0
stratified_random_pair_5fold_non_headline	random-01	nuisance_ridge	metadata_only	RCSB-5EPS-5QX-KD	construct-002-cb5cf2af5e4a	4.42021640338319	5.1901364634555165			0.2894736842105263	1.0
stratified_random_pair_5fold_non_headline	random-01	nuisance_ridge	metadata_only	RCSB-4O76-1M3-KD	construct-003-fbf3f5c695a3	6.910094888560602	5.019321116631147			0.6805555555555556	1.0
stratified_random_pair_5fold_non_headline	random-01	nuisance_ridge	metadata_only	RCSB-7AXR-S7T-KD	construct-003-fbf3f5c695a3	4.940058111938045	5.583536278636568			0.4225352112676056	1.0
stratified_random_pair_5fold_non_headline	random-01	nuisance_ridge	metadata_only	RCSB-5D3T-56Y-KD	construct-003-fbf3f5c695a3	4.920818753952375	5.178621393344345			0.3611111111111111	1.0
stratified_random_pair_5fold_non_headline	random-01	nuisance_ridge	metadata_only	RCSB-5O1D-9GW-KD	construct-004-a02c0b37ee39	4.657577319177793	5.2922060700857125			0.7291666666666666	1.0
stratified_random_pair_5fold_non_headline	random-01	nuisance_ridge	metadata_only	RCSB-8A92-LE9-KD	construct-004-a02c0b37ee39	3.0	5.6137905907550465			0.1590909090909091	1.0
stratified_random_pair_5fold_non_headline	random-01	nuisance_ridge	metadata_only	RCSB-6RQ3-OUC-KD	construct-005-6f4aa0a92e90	4.0	5.396493913973808			0.717948717948718	1.0
stratified_random_pair_5fold_non_headline	random-01	nuisance_ridge	metadata_only	RCSB-6RQ8-KEH-KD	construct-005-6f4aa0a92e90	6.552841968657781	5.397090707422396			0.6923076923076923	1.0
stratified_random_pair_5fold_non_headline	random-01	nuisance_ridge	metadata_only	RCSB-6UOZ-QF1-KD	construct-006-4c5802bc11cc	7.0	5.421116106291982			0.7857142857142857	1.0
stratified_random_pair_5fold_non_headline	random-01	ligand_ecfp_ridge	ligand_only	RCSB-4UGA-Q05-KD	construct-001-c5158f5b655d	4.214670164989233	4.6145024750106325			0.390625	1.0
stratified_random_pair_5fold_non_headline	random-01	ligand_ecfp_ridge	ligand_only	RCSB-4UGH-4V4-KD	construct-001-c5158f5b655d	4.297052753818444	4.09899975980293			0.7254901960784313	1.0
stratified_random_pair_5fold_non_headline	random-01	ligand_ecfp_ridge	ligand_only	RCSB-4UGC-1Q6-KD	construct-001-c5158f5b655d	4.728158393463501	4.89387106336779			0.7560975609756098	1.0
stratified_random_pair_5fold_non_headline	random-01	ligand_ecfp_ridge	ligand_only	RCSB-4UGB-QJ7-KD	construct-001-c5158f5b655d	3.6252516539898965	4.843993929375181			0.4067796610169492	1.0
stratified_random_pair_5fold_non_headline	random-01	ligand_ecfp_ridge	ligand_only	RCSB-5EM3-5Q0-KD	construct-002-cb5cf2af5e4a	3.6989700043360187	4.4837721769631536			0.40625	1.0
stratified_random_pair_5fold_non_headline	random-01	ligand_ecfp_ridge	ligand_only	RCSB-5DYA-5GV-KD	construct-002-cb5cf2af5e4a	3.6989700043360187	4.0815751092978445			0.32558139534883723	1.0
stratified_random_pair_5fold_non_headline	random-01	ligand_ecfp_ridge	ligand_only	RCSB-5O5H-9LK-KD	construct-002-cb5cf2af5e4a	4.1249387366083	4.9904154852597635			0.19117647058823528	1.0
stratified_random_pair_5fold_non_headline	random-01	ligand_ecfp_ridge	ligand_only	RCSB-5EPS-5QX-KD	construct-002-cb5cf2af5e4a	4.42021640338319	4.534518683430848			0.2894736842105263	1.0
stratified_random_pair_5fold_non_headline	random-01	ligand_ecfp_ridge	ligand_only	RCSB-4O76-1M3-KD	construct-003-fbf3f5c695a3	6.910094888560602	7.050573172014531			0.6805555555555556	1.0
stratified_random_pair_5fold_non_headline	random-01	ligand_ecfp_ridge	ligand_only	RCSB-7AXR-S7T-KD	construct-003-fbf3f5c695a3	4.940058111938045	5.311607240069643			0.4225352112676056	1.0
stratified_random_pair_5fold_non_headline	random-01	ligand_ecfp_ridge	ligand_only	RCSB-5D3T-56Y-KD	construct-003-fbf3f5c695a3	4.920818753952375	5.221746061609229			0.3611111111111111	1.0
stratified_random_pair_5fold_non_headline	random-01	ligand_ecfp_ridge	ligand_only	RCSB-5O1D-9GW-KD	construct-004-a02c0b37ee39	4.657577319177793	4.467590077437517			0.7291666666666666	1.0
stratified_random_pair_5fold_non_headline	random-01	ligand_ecfp_ridge	ligand_only	RCSB-8A92-LE9-KD	construct-004-a02c0b37ee39	3.0	4.763680324928588			0.1590909090909091	1.0
stratified_random_pair_5fold_non_headline	random-01	ligand_ecfp_ridge	ligand_only	RCSB-6RQ3-OUC-KD	construct-005-6f4aa0a92e90	4.0	5.228283562857206			0.717948717948718	1.0
stratified_random_pair_5fold_non_headline	random-01	ligand_ecfp_ridge	ligand_only	RCSB-6RQ8-KEH-KD	construct-005-6f4aa0a92e90	6.552841968657781	5.405739678518776			0.6923076923076923	1.0
stratified_random_pair_5fold_non_headline	random-01	ligand_ecfp_ridge	ligand_only	RCSB-6UOZ-QF1-KD	construct-006-4c5802bc11cc	7.0	6.269919032680328			0.7857142857142857	1.0
stratified_random_pair_5fold_non_headline	random-01	ligand_gmolai_ridge	ligand_only	RCSB-4UGA-Q05-KD	construct-001-c5158f5b655d	4.214670164989233	4.487690481106489			0.390625	1.0
stratified_random_pair_5fold_non_headline	random-01	ligand_gmolai_ridge	ligand_only	RCSB-4UGH-4V4-KD	construct-001-c5158f5b655d	4.297052753818444	4.4506708106424995			0.7254901960784313	1.0
stratified_random_pair_5fold_non_headline	random-01	ligand_gmolai_ridge	ligand_only	RCSB-4UGC-1Q6-KD	construct-001-c5158f5b655d	4.728158393463501	5.127874696185689			0.7560975609756098	1.0
stratified_random_pair_5fold_non_headline	random-01	ligand_gmolai_ridge	ligand_only	RCSB-4UGB-QJ7-KD	construct-001-c5158f5b655d	3.6252516539898965	4.704038300544188			0.4067796610169492	1.0
stratified_random_pair_5fold_non_headline	random-01	ligand_gmolai_ridge	ligand_only	RCSB-5EM3-5Q0-KD	construct-002-cb5cf2af5e4a	3.6989700043360187	3.889346172155591			0.40625	1.0
stratified_random_pair_5fold_non_headline	random-01	ligand_gmolai_ridge	ligand_only	RCSB-5DYA-5GV-KD	construct-002-cb5cf2af5e4a	3.6989700043360187	4.426631248692155			0.32558139534883723	1.0
stratified_random_pair_5fold_non_headline	random-01	ligand_gmolai_ridge	ligand_only	RCSB-5O5H-9LK-KD	construct-002-cb5cf2af5e4a	4.1249387366083	5.181469995803216			0.19117647058823528	1.0
stratified_random_pair_5fold_non_headline	random-01	ligand_gmolai_ridge	ligand_only	RCSB-5EPS-5QX-KD	construct-002-cb5cf2af5e4a	4.42021640338319	4.132435743795417			0.2894736842105263	1.0
stratified_random_pair_5fold_non_headline	random-01	ligand_gmolai_ridge	ligand_only	RCSB-4O76-1M3-KD	construct-003-fbf3f5c695a3	6.910094888560602	6.73278814802344			0.6805555555555556	1.0
stratified_random_pair_5fold_non_headline	random-01	ligand_gmolai_ridge	ligand_only	RCSB-7AXR-S7T-KD	construct-003-fbf3f5c695a3	4.940058111938045	3.9790706761758585			0.4225352112676056	1.0
stratified_random_pair_5fold_non_headline	random-01	ligand_gmolai_ridge	ligand_only	RCSB-5D3T-56Y-KD	construct-003-fbf3f5c695a3	4.920818753952375	4.36985683767083			0.3611111111111111	1.0
stratified_random_pair_5fold_non_headline	random-01	ligand_gmolai_ridge	ligand_only	RCSB-5O1D-9GW-KD	construct-004-a02c0b37ee39	4.657577319177793	4.6457057584515145			0.7291666666666666	1.0
stratified_random_pair_5fold_non_headline	random-01	ligand_gmolai_ridge	ligand_only	RCSB-8A92-LE9-KD	construct-004-a02c0b37ee39	3.0	3.8860064686335063			0.1590909090909091	1.0
stratified_random_pair_5fold_non_headline	random-01	ligand_gmolai_ridge	ligand_only	RCSB-6RQ3-OUC-KD	construct-005-6f4aa0a92e90	4.0	5.418969419710404			0.717948717948718	1.0
stratified_random_pair_5fold_non_headline	random-01	ligand_gmolai_ridge	ligand_only	RCSB-6RQ8-KEH-KD	construct-005-6f4aa0a92e90	6.552841968657781	5.4190949712130525			0.6923076923076923	1.0
stratified_random_pair_5fold_non_headline	random-01	ligand_gmolai_ridge	ligand_only	RCSB-6UOZ-QF1-KD	construct-006-4c5802bc11cc	7.0	7.465127745393677			0.7857142857142857	1.0
stratified_random_pair_5fold_non_headline	random-01	protein_sequence_ridge	sequence_only	RCSB-4UGA-Q05-KD	construct-001-c5158f5b655d	4.214670164989233	4.785570241226503			0.390625	1.0
stratified_random_pair_5fold_non_headline	random-01	protein_sequence_ridge	sequence_only	RCSB-4UGH-4V4-KD	construct-001-c5158f5b655d	4.297052753818444	4.785570241226503			0.7254901960784313	1.0
stratified_random_pair_5fold_non_headline	random-01	protein_sequence_ridge	sequence_only	RCSB-4UGC-1Q6-KD	construct-001-c5158f5b655d	4.728158393463501	4.785570241226503			0.7560975609756098	1.0
stratified_random_pair_5fold_non_headline	random-01	protein_sequence_ridge	sequence_only	RCSB-4UGB-QJ7-KD	construct-001-c5158f5b655d	3.6252516539898965	4.785570241226503			0.4067796610169492	1.0
stratified_random_pair_5fold_non_headline	random-01	protein_sequence_ridge	sequence_only	RCSB-5EM3-5Q0-KD	construct-002-cb5cf2af5e4a	3.6989700043360187	4.504868742670513			0.40625	1.0
stratified_random_pair_5fold_non_headline	random-01	protein_sequence_ridge	sequence_only	RCSB-5DYA-5GV-KD	construct-002-cb5cf2af5e4a	3.6989700043360187	4.504868742670513			0.32558139534883723	1.0
stratified_random_pair_5fold_non_headline	random-01	protein_sequence_ridge	sequence_only	RCSB-5O5H-9LK-KD	construct-002-cb5cf2af5e4a	4.1249387366083	4.504868742670513			0.19117647058823528	1.0
stratified_random_pair_5fold_non_headline	random-01	protein_sequence_ridge	sequence_only	RCSB-5EPS-5QX-KD	construct-002-cb5cf2af5e4a	4.42021640338319	4.504868742670513			0.2894736842105263	1.0
stratified_random_pair_5fold_non_headline	random-01	protein_sequence_ridge	sequence_only	RCSB-4O76-1M3-KD	construct-003-fbf3f5c695a3	6.910094888560602	6.668392091108934			0.6805555555555556	1.0
stratified_random_pair_5fold_non_headline	random-01	protein_sequence_ridge	sequence_only	RCSB-7AXR-S7T-KD	construct-003-fbf3f5c695a3	4.940058111938045	6.668392091108934			0.4225352112676056	1.0
stratified_random_pair_5fold_non_headline	random-01	protein_sequence_ridge	sequence_only	RCSB-5D3T-56Y-KD	construct-003-fbf3f5c695a3	4.920818753952375	6.668392091108934			0.3611111111111111	1.0
stratified_random_pair_5fold_non_headline	random-01	protein_sequence_ridge	sequence_only	RCSB-5O1D-9GW-KD	construct-004-a02c0b37ee39	4.657577319177793	4.638461309885428			0.7291666666666666	1.0
stratified_random_pair_5fold_non_headline	random-01	protein_sequence_ridge	sequence_only	RCSB-8A92-LE9-KD	construct-004-a02c0b37ee39	3.0	4.638461309885428			0.1590909090909091	1.0
stratified_random_pair_5fold_non_headline	random-01	protein_sequence_ridge	sequence_only	RCSB-6RQ3-OUC-KD	construct-005-6f4aa0a92e90	4.0	5.309037797492185			0.717948717948718	1.0
stratified_random_pair_5fold_non_headline	random-01	protein_sequence_ridge	sequence_only	RCSB-6RQ8-KEH-KD	construct-005-6f4aa0a92e90	6.552841968657781	5.309037797492185			0.6923076923076923	1.0
stratified_random_pair_5fold_non_headline	random-01	protein_sequence_ridge	sequence_only	RCSB-6UOZ-QF1-KD	construct-006-4c5802bc11cc	7.0	5.894992078967705			0.7857142857142857	1.0
stratified_random_pair_5fold_non_headline	random-01	concat_ecfp_sequence_ridge	sequence_ligand	RCSB-4UGA-Q05-KD	construct-001-c5158f5b655d	4.214670164989233	4.624338312891219			0.390625	1.0
stratified_random_pair_5fold_non_headline	random-01	concat_ecfp_sequence_ridge	sequence_ligand	RCSB-4UGH-4V4-KD	construct-001-c5158f5b655d	4.297052753818444	4.073886454051811			0.7254901960784313	1.0
stratified_random_pair_5fold_non_headline	random-01	concat_ecfp_sequence_ridge	sequence_ligand	RCSB-4UGC-1Q6-KD	construct-001-c5158f5b655d	4.728158393463501	4.801767266467364			0.7560975609756098	1.0
stratified_random_pair_5fold_non_headline	random-01	concat_ecfp_sequence_ridge	sequence_ligand	RCSB-4UGB-QJ7-KD	construct-001-c5158f5b655d	3.6252516539898965	4.896508769968038			0.4067796610169492	1.0
stratified_random_pair_5fold_non_headline	random-01	concat_ecfp_sequence_ridge	sequence_ligand	RCSB-5EM3-5Q0-KD	construct-002-cb5cf2af5e4a	3.6989700043360187	3.9092936475370763			0.40625	1.0
stratified_random_pair_5fold_non_headline	random-01	concat_ecfp_sequence_ridge	sequence_ligand	RCSB-5DYA-5GV-KD	construct-002-cb5cf2af5e4a	3.6989700043360187	3.555834606624045			0.32558139534883723	1.0
stratified_random_pair_5fold_non_headline	random-01	concat_ecfp_sequence_ridge	sequence_ligand	RCSB-5O5H-9LK-KD	construct-002-cb5cf2af5e4a	4.1249387366083	4.017238669566861			0.19117647058823528	1.0
stratified_random_pair_5fold_non_headline	random-01	concat_ecfp_sequence_ridge	sequence_ligand	RCSB-5EPS-5QX-KD	construct-002-cb5cf2af5e4a	4.42021640338319	4.170875831929629			0.2894736842105263	1.0
stratified_random_pair_5fold_non_headline	random-01	concat_ecfp_sequence_ridge	sequence_ligand	RCSB-4O76-1M3-KD	construct-003-fbf3f5c695a3	6.910094888560602	7.205493530560611			0.6805555555555556	1.0
stratified_random_pair_5fold_non_headline	random-01	concat_ecfp_sequence_ridge	sequence_ligand	RCSB-7AXR-S7T-KD	construct-003-fbf3f5c695a3	4.940058111938045	5.8076047906461055			0.4225352112676056	1.0
stratified_random_pair_5fold_non_headline	random-01	concat_ecfp_sequence_ridge	sequence_ligand	RCSB-5D3T-56Y-KD	construct-003-fbf3f5c695a3	4.920818753952375	5.891323971886315			0.3611111111111111	1.0
stratified_random_pair_5fold_non_headline	random-01	concat_ecfp_sequence_ridge	sequence_ligand	RCSB-5O1D-9GW-KD	construct-004-a02c0b37ee39	4.657577319177793	4.419791566521152			0.7291666666666666	1.0
stratified_random_pair_5fold_non_headline	random-01	concat_ecfp_sequence_ridge	sequence_ligand	RCSB-8A92-LE9-KD	construct-004-a02c0b37ee39	3.0	4.788457784412364			0.1590909090909091	1.0
stratified_random_pair_5fold_non_headline	random-01	concat_ecfp_sequence_ridge	sequence_ligand	RCSB-6RQ3-OUC-KD	construct-005-6f4aa0a92e90	4.0	5.145007204937153			0.717948717948718	1.0
stratified_random_pair_5fold_non_headline	random-01	concat_ecfp_sequence_ridge	sequence_ligand	RCSB-6RQ8-KEH-KD	construct-005-6f4aa0a92e90	6.552841968657781	5.357867871899068			0.6923076923076923	1.0
stratified_random_pair_5fold_non_headline	random-01	concat_ecfp_sequence_ridge	sequence_ligand	RCSB-6UOZ-QF1-KD	construct-006-4c5802bc11cc	7.0	6.276337027920587			0.7857142857142857	1.0
stratified_random_pair_5fold_non_headline	random-01	pocket_composition_ridge_S0	S0	RCSB-4UGA-Q05-KD	construct-001-c5158f5b655d	4.214670164989233	4.925576158657874			0.390625	1.0
stratified_random_pair_5fold_non_headline	random-01	pocket_composition_ridge_S0	S0	RCSB-4UGH-4V4-KD	construct-001-c5158f5b655d	4.297052753818444	4.925576158657874			0.7254901960784313	1.0
stratified_random_pair_5fold_non_headline	random-01	pocket_composition_ridge_S0	S0	RCSB-4UGC-1Q6-KD	construct-001-c5158f5b655d	4.728158393463501	4.925576158657874			0.7560975609756098	1.0
stratified_random_pair_5fold_non_headline	random-01	pocket_composition_ridge_S0	S0	RCSB-4UGB-QJ7-KD	construct-001-c5158f5b655d	3.6252516539898965	4.925576158657874			0.4067796610169492	1.0
stratified_random_pair_5fold_non_headline	random-01	pocket_composition_ridge_S0	S0	RCSB-5EM3-5Q0-KD	construct-002-cb5cf2af5e4a	3.6989700043360187	4.705277740960965			0.40625	1.0
stratified_random_pair_5fold_non_headline	random-01	pocket_composition_ridge_S0	S0	RCSB-5DYA-5GV-KD	construct-002-cb5cf2af5e4a	3.6989700043360187	4.705277740960965			0.32558139534883723	1.0
stratified_random_pair_5fold_non_headline	random-01	pocket_composition_ridge_S0	S0	RCSB-5O5H-9LK-KD	construct-002-cb5cf2af5e4a	4.1249387366083	4.705277740960965			0.19117647058823528	1.0
stratified_random_pair_5fold_non_headline	random-01	pocket_composition_ridge_S0	S0	RCSB-5EPS-5QX-KD	construct-002-cb5cf2af5e4a	4.42021640338319	4.705277740960965			0.2894736842105263	1.0
stratified_random_pair_5fold_non_headline	random-01	pocket_composition_ridge_S0	S0	RCSB-4O76-1M3-KD	construct-003-fbf3f5c695a3	6.910094888560602	6.19188970807617			0.6805555555555556	1.0
stratified_random_pair_5fold_non_headline	random-01	pocket_composition_ridge_S0	S0	RCSB-7AXR-S7T-KD	construct-003-fbf3f5c695a3	4.940058111938045	6.19188970807617			0.4225352112676056	1.0
stratified_random_pair_5fold_non_headline	random-01	pocket_composition_ridge_S0	S0	RCSB-5D3T-56Y-KD	construct-003-fbf3f5c695a3	4.920818753952375	6.19188970807617			0.3611111111111111	1.0
stratified_random_pair_5fold_non_headline	random-01	pocket_composition_ridge_S0	S0	RCSB-5O1D-9GW-KD	construct-004-a02c0b37ee39	4.657577319177793	4.891247140513028			0.7291666666666666	1.0
stratified_random_pair_5fold_non_headline	random-01	pocket_composition_ridge_S0	S0	RCSB-8A92-LE9-KD	construct-004-a02c0b37ee39	3.0	4.934730235621513			0.1590909090909091	1.0
stratified_random_pair_5fold_non_headline	random-01	pocket_composition_ridge_S0	S0	RCSB-6RQ3-OUC-KD	construct-005-6f4aa0a92e90	4.0	5.332101102612285			0.717948717948718	1.0
stratified_random_pair_5fold_non_headline	random-01	pocket_composition_ridge_S0	S0	RCSB-6RQ8-KEH-KD	construct-005-6f4aa0a92e90	6.552841968657781	5.332101102612285			0.6923076923076923	1.0
stratified_random_pair_5fold_non_headline	random-01	pocket_composition_ridge_S0	S0	RCSB-6UOZ-QF1-KD	construct-006-4c5802bc11cc	7.0	5.660589958062985			0.7857142857142857	1.0
stratified_random_pair_5fold_non_headline	random-01	pocket_structure_ridge_S0	S0	RCSB-4UGA-Q05-KD	construct-001-c5158f5b655d	4.214670164989233	4.760713236541393			0.390625	1.0
stratified_random_pair_5fold_non_headline	random-01	pocket_structure_ridge_S0	S0	RCSB-4UGH-4V4-KD	construct-001-c5158f5b655d	4.297052753818444	4.856665768749775			0.7254901960784313	1.0
stratified_random_pair_5fold_non_headline	random-01	pocket_structure_ridge_S0	S0	RCSB-4UGC-1Q6-KD	construct-001-c5158f5b655d	4.728158393463501	4.830206923547513			0.7560975609756098	1.0
stratified_random_pair_5fold_non_headline	random-01	pocket_structure_ridge_S0	S0	RCSB-4UGB-QJ7-KD	construct-001-c5158f5b655d	3.6252516539898965	4.917694606560424			0.4067796610169492	1.0
stratified_random_pair_5fold_non_headline	random-01	pocket_structure_ridge_S0	S0	RCSB-5EM3-5Q0-KD	construct-002-cb5cf2af5e4a	3.6989700043360187	4.769390945857713			0.40625	1.0
stratified_random_pair_5fold_non_headline	random-01	pocket_structure_ridge_S0	S0	RCSB-5DYA-5GV-KD	construct-002-cb5cf2af5e4a	3.6989700043360187	4.531030161208765			0.32558139534883723	1.0
stratified_random_pair_5fold_non_headline	random-01	pocket_structure_ridge_S0	S0	RCSB-5O5H-9LK-KD	construct-002-cb5cf2af5e4a	4.1249387366083	4.6336497541621595			0.19117647058823528	1.0
stratified_random_pair_5fold_non_headline	random-01	pocket_structure_ridge_S0	S0	RCSB-5EPS-5QX-KD	construct-002-cb5cf2af5e4a	4.42021640338319	4.69252733916844			0.2894736842105263	1.0
stratified_random_pair_5fold_non_headline	random-01	pocket_structure_ridge_S0	S0	RCSB-4O76-1M3-KD	construct-003-fbf3f5c695a3	6.910094888560602	6.345625285966111			0.6805555555555556	1.0
stratified_random_pair_5fold_non_headline	random-01	pocket_structure_ridge_S0	S0	RCSB-7AXR-S7T-KD	construct-003-fbf3f5c695a3	4.940058111938045	6.29855441845732			0.4225352112676056	1.0
stratified_random_pair_5fold_non_headline	random-01	pocket_structure_ridge_S0	S0	RCSB-5D3T-56Y-KD	construct-003-fbf3f5c695a3	4.920818753952375	6.392377936165974			0.3611111111111111	1.0
stratified_random_pair_5fold_non_headline	random-01	pocket_structure_ridge_S0	S0	RCSB-5O1D-9GW-KD	construct-004-a02c0b37ee39	4.657577319177793	4.830061709436367			0.7291666666666666	1.0
stratified_random_pair_5fold_non_headline	random-01	pocket_structure_ridge_S0	S0	RCSB-8A92-LE9-KD	construct-004-a02c0b37ee39	3.0	4.915732564908788			0.1590909090909091	1.0
stratified_random_pair_5fold_non_headline	random-01	pocket_structure_ridge_S0	S0	RCSB-6RQ3-OUC-KD	construct-005-6f4aa0a92e90	4.0	5.384956617391256			0.717948717948718	1.0
stratified_random_pair_5fold_non_headline	random-01	pocket_structure_ridge_S0	S0	RCSB-6RQ8-KEH-KD	construct-005-6f4aa0a92e90	6.552841968657781	5.355762869428809			0.6923076923076923	1.0
stratified_random_pair_5fold_non_headline	random-01	pocket_structure_ridge_S0	S0	RCSB-6UOZ-QF1-KD	construct-006-4c5802bc11cc	7.0	5.622500866712691			0.7857142857142857	1.0
stratified_random_pair_5fold_non_headline	random-01	concat_ecfp_pocket_ridge_S0	S0	RCSB-4UGA-Q05-KD	construct-001-c5158f5b655d	4.214670164989233	4.594488705651171			0.390625	1.0
stratified_random_pair_5fold_non_headline	random-01	concat_ecfp_pocket_ridge_S0	S0	RCSB-4UGH-4V4-KD	construct-001-c5158f5b655d	4.297052753818444	4.123247215044794			0.7254901960784313	1.0
stratified_random_pair_5fold_non_headline	random-01	concat_ecfp_pocket_ridge_S0	S0	RCSB-4UGC-1Q6-KD	construct-001-c5158f5b655d	4.728158393463501	4.8756378112131395			0.7560975609756098	1.0
stratified_random_pair_5fold_non_headline	random-01	concat_ecfp_pocket_ridge_S0	S0	RCSB-4UGB-QJ7-KD	construct-001-c5158f5b655d	3.6252516539898965	4.867294818426198			0.4067796610169492	1.0
stratified_random_pair_5fold_non_headline	random-01	concat_ecfp_pocket_ridge_S0	S0	RCSB-5EM3-5Q0-KD	construct-002-cb5cf2af5e4a	3.6989700043360187	4.278057201777005			0.40625	1.0
stratified_random_pair_5fold_non_headline	random-01	concat_ecfp_pocket_ridge_S0	S0	RCSB-5DYA-5GV-KD	construct-002-cb5cf2af5e4a	3.6989700043360187	3.770574441616296			0.32558139534883723	1.0
stratified_random_pair_5fold_non_headline	random-01	concat_ecfp_pocket_ridge_S0	S0	RCSB-5O5H-9LK-KD	construct-002-cb5cf2af5e4a	4.1249387366083	4.569335247192974			0.19117647058823528	1.0
stratified_random_pair_5fold_non_headline	random-01	concat_ecfp_pocket_ridge_S0	S0	RCSB-5EPS-5QX-KD	construct-002-cb5cf2af5e4a	4.42021640338319	4.395084312745045			0.2894736842105263	1.0
stratified_random_pair_5fold_non_headline	random-01	concat_ecfp_pocket_ridge_S0	S0	RCSB-4O76-1M3-KD	construct-003-fbf3f5c695a3	6.910094888560602	7.132561919085377			0.6805555555555556	1.0
stratified_random_pair_5fold_non_headline	random-01	concat_ecfp_pocket_ridge_S0	S0	RCSB-7AXR-S7T-KD	construct-003-fbf3f5c695a3	4.940058111938045	5.391464401200502			0.4225352112676056	1.0
stratified_random_pair_5fold_non_headline	random-01	concat_ecfp_pocket_ridge_S0	S0	RCSB-5D3T-56Y-KD	construct-003-fbf3f5c695a3	4.920818753952375	5.40729658896877			0.3611111111111111	1.0
stratified_random_pair_5fold_non_headline	random-01	concat_ecfp_pocket_ridge_S0	S0	RCSB-5O1D-9GW-KD	construct-004-a02c0b37ee39	4.657577319177793	4.453074942715514			0.7291666666666666	1.0
stratified_random_pair_5fold_non_headline	random-01	concat_ecfp_pocket_ridge_S0	S0	RCSB-8A92-LE9-KD	construct-004-a02c0b37ee39	3.0	4.818739838816791			0.1590909090909091	1.0
stratified_random_pair_5fold_non_headline	random-01	concat_ecfp_pocket_ridge_S0	S0	RCSB-6RQ3-OUC-KD	construct-005-6f4aa0a92e90	4.0	5.248962281460411			0.717948717948718	1.0
stratified_random_pair_5fold_non_headline	random-01	concat_ecfp_pocket_ridge_S0	S0	RCSB-6RQ8-KEH-KD	construct-005-6f4aa0a92e90	6.552841968657781	5.418036407743349			0.6923076923076923	1.0
stratified_random_pair_5fold_non_headline	random-01	concat_ecfp_pocket_ridge_S0	S0	RCSB-6UOZ-QF1-KD	construct-006-4c5802bc11cc	7.0	6.258641330711903			0.7857142857142857	1.0
stratified_random_pair_5fold_non_headline	random-01	concat_gmolai_pocket_ridge_S0	S0	RCSB-4UGA-Q05-KD	construct-001-c5158f5b655d	4.214670164989233	4.270645389672292			0.390625	1.0
stratified_random_pair_5fold_non_headline	random-01	concat_gmolai_pocket_ridge_S0	S0	RCSB-4UGH-4V4-KD	construct-001-c5158f5b655d	4.297052753818444	4.338529237558195			0.7254901960784313	1.0
stratified_random_pair_5fold_non_headline	random-01	concat_gmolai_pocket_ridge_S0	S0	RCSB-4UGC-1Q6-KD	construct-001-c5158f5b655d	4.728158393463501	5.0938376329317006			0.7560975609756098	1.0
stratified_random_pair_5fold_non_headline	random-01	concat_gmolai_pocket_ridge_S0	S0	RCSB-4UGB-QJ7-KD	construct-001-c5158f5b655d	3.6252516539898965	4.584606440410686			0.4067796610169492	1.0
stratified_random_pair_5fold_non_headline	random-01	concat_gmolai_pocket_ridge_S0	S0	RCSB-5EM3-5Q0-KD	construct-002-cb5cf2af5e4a	3.6989700043360187	3.8877150224926647			0.40625	1.0
stratified_random_pair_5fold_non_headline	random-01	concat_gmolai_pocket_ridge_S0	S0	RCSB-5DYA-5GV-KD	construct-002-cb5cf2af5e4a	3.6989700043360187	4.220104647558525			0.32558139534883723	1.0
stratified_random_pair_5fold_non_headline	random-01	concat_gmolai_pocket_ridge_S0	S0	RCSB-5O5H-9LK-KD	construct-002-cb5cf2af5e4a	4.1249387366083	4.888694148156826			0.19117647058823528	1.0
stratified_random_pair_5fold_non_headline	random-01	concat_gmolai_pocket_ridge_S0	S0	RCSB-5EPS-5QX-KD	construct-002-cb5cf2af5e4a	4.42021640338319	3.985349630096529			0.2894736842105263	1.0
stratified_random_pair_5fold_non_headline	random-01	concat_gmolai_pocket_ridge_S0	S0	RCSB-4O76-1M3-KD	construct-003-fbf3f5c695a3	6.910094888560602	7.203051568891131			0.6805555555555556	1.0
stratified_random_pair_5fold_non_headline	random-01	concat_gmolai_pocket_ridge_S0	S0	RCSB-7AXR-S7T-KD	construct-003-fbf3f5c695a3	4.940058111938045	4.535305935034477			0.4225352112676056	1.0
stratified_random_pair_5fold_non_headline	random-01	concat_gmolai_pocket_ridge_S0	S0	RCSB-5D3T-56Y-KD	construct-003-fbf3f5c695a3	4.920818753952375	4.880824250855512			0.3611111111111111	1.0
stratified_random_pair_5fold_non_headline	random-01	concat_gmolai_pocket_ridge_S0	S0	RCSB-5O1D-9GW-KD	construct-004-a02c0b37ee39	4.657577319177793	4.547056576397432			0.7291666666666666	1.0
stratified_random_pair_5fold_non_headline	random-01	concat_gmolai_pocket_ridge_S0	S0	RCSB-8A92-LE9-KD	construct-004-a02c0b37ee39	3.0	4.090640166855136			0.1590909090909091	1.0
stratified_random_pair_5fold_non_headline	random-01	concat_gmolai_pocket_ridge_S0	S0	RCSB-6RQ3-OUC-KD	construct-005-6f4aa0a92e90	4.0	5.386587720541308			0.717948717948718	1.0
stratified_random_pair_5fold_non_headline	random-01	concat_gmolai_pocket_ridge_S0	S0	RCSB-6RQ8-KEH-KD	construct-005-6f4aa0a92e90	6.552841968657781	5.580695493010921			0.6923076923076923	1.0
stratified_random_pair_5fold_non_headline	random-01	concat_gmolai_pocket_ridge_S0	S0	RCSB-6UOZ-QF1-KD	construct-006-4c5802bc11cc	7.0	7.2204125886372745			0.7857142857142857	1.0
stratified_random_pair_5fold_non_headline	random-01	pocket_composition_ridge_S1	S1	RCSB-4UGA-Q05-KD	construct-001-c5158f5b655d	4.214670164989233	4.9272172297849215			0.390625	1.0
stratified_random_pair_5fold_non_headline	random-01	pocket_composition_ridge_S1	S1	RCSB-4UGH-4V4-KD	construct-001-c5158f5b655d	4.297052753818444	4.9272172297849215			0.7254901960784313	1.0
stratified_random_pair_5fold_non_headline	random-01	pocket_composition_ridge_S1	S1	RCSB-4UGC-1Q6-KD	construct-001-c5158f5b655d	4.728158393463501	4.9272172297849215			0.7560975609756098	1.0
stratified_random_pair_5fold_non_headline	random-01	pocket_composition_ridge_S1	S1	RCSB-4UGB-QJ7-KD	construct-001-c5158f5b655d	3.6252516539898965	4.9272172297849215			0.4067796610169492	1.0
stratified_random_pair_5fold_non_headline	random-01	pocket_composition_ridge_S1	S1	RCSB-5EM3-5Q0-KD	construct-002-cb5cf2af5e4a	3.6989700043360187	4.704011209509895			0.40625	1.0
stratified_random_pair_5fold_non_headline	random-01	pocket_composition_ridge_S1	S1	RCSB-5DYA-5GV-KD	construct-002-cb5cf2af5e4a	3.6989700043360187	4.704011209509895			0.32558139534883723	1.0
stratified_random_pair_5fold_non_headline	random-01	pocket_composition_ridge_S1	S1	RCSB-5O5H-9LK-KD	construct-002-cb5cf2af5e4a	4.1249387366083	4.704011209509895			0.19117647058823528	1.0
stratified_random_pair_5fold_non_headline	random-01	pocket_composition_ridge_S1	S1	RCSB-5EPS-5QX-KD	construct-002-cb5cf2af5e4a	4.42021640338319	4.704011209509895			0.2894736842105263	1.0
stratified_random_pair_5fold_non_headline	random-01	pocket_composition_ridge_S1	S1	RCSB-4O76-1M3-KD	construct-003-fbf3f5c695a3	6.910094888560602	6.192666018118841			0.6805555555555556	1.0
stratified_random_pair_5fold_non_headline	random-01	pocket_composition_ridge_S1	S1	RCSB-7AXR-S7T-KD	construct-003-fbf3f5c695a3	4.940058111938045	6.192666018118841			0.4225352112676056	1.0
stratified_random_pair_5fold_non_headline	random-01	pocket_composition_ridge_S1	S1	RCSB-5D3T-56Y-KD	construct-003-fbf3f5c695a3	4.920818753952375	6.192666018118841			0.3611111111111111	1.0
stratified_random_pair_5fold_non_headline	random-01	pocket_composition_ridge_S1	S1	RCSB-5O1D-9GW-KD	construct-004-a02c0b37ee39	4.657577319177793	4.886723638331097			0.7291666666666666	1.0
stratified_random_pair_5fold_non_headline	random-01	pocket_composition_ridge_S1	S1	RCSB-8A92-LE9-KD	construct-004-a02c0b37ee39	3.0	4.886723638331097			0.1590909090909091	1.0
stratified_random_pair_5fold_non_headline	random-01	pocket_composition_ridge_S1	S1	RCSB-6RQ3-OUC-KD	construct-005-6f4aa0a92e90	4.0	5.332430234823747			0.717948717948718	1.0
stratified_random_pair_5fold_non_headline	random-01	pocket_composition_ridge_S1	S1	RCSB-6RQ8-KEH-KD	construct-005-6f4aa0a92e90	6.552841968657781	5.332430234823747			0.6923076923076923	1.0
stratified_random_pair_5fold_non_headline	random-01	pocket_composition_ridge_S1	S1	RCSB-6UOZ-QF1-KD	construct-006-4c5802bc11cc	7.0	5.673138558400251			0.7857142857142857	1.0
stratified_random_pair_5fold_non_headline	random-01	pocket_structure_ridge_S1	S1	RCSB-4UGA-Q05-KD	construct-001-c5158f5b655d	4.214670164989233	4.864493039091889			0.390625	1.0
stratified_random_pair_5fold_non_headline	random-01	pocket_structure_ridge_S1	S1	RCSB-4UGH-4V4-KD	construct-001-c5158f5b655d	4.297052753818444	4.864493039091889			0.7254901960784313	1.0
stratified_random_pair_5fold_non_headline	random-01	pocket_structure_ridge_S1	S1	RCSB-4UGC-1Q6-KD	construct-001-c5158f5b655d	4.728158393463501	4.864493039091889			0.7560975609756098	1.0
stratified_random_pair_5fold_non_headline	random-01	pocket_structure_ridge_S1	S1	RCSB-4UGB-QJ7-KD	construct-001-c5158f5b655d	3.6252516539898965	4.864493039091889			0.4067796610169492	1.0
stratified_random_pair_5fold_non_headline	random-01	pocket_structure_ridge_S1	S1	RCSB-5EM3-5Q0-KD	construct-002-cb5cf2af5e4a	3.6989700043360187	4.642270549268338			0.40625	1.0
stratified_random_pair_5fold_non_headline	random-01	pocket_structure_ridge_S1	S1	RCSB-5DYA-5GV-KD	construct-002-cb5cf2af5e4a	3.6989700043360187	4.642270549268338			0.32558139534883723	1.0
stratified_random_pair_5fold_non_headline	random-01	pocket_structure_ridge_S1	S1	RCSB-5O5H-9LK-KD	construct-002-cb5cf2af5e4a	4.1249387366083	4.642270549268338			0.19117647058823528	1.0
stratified_random_pair_5fold_non_headline	random-01	pocket_structure_ridge_S1	S1	RCSB-5EPS-5QX-KD	construct-002-cb5cf2af5e4a	4.42021640338319	4.642270549268338			0.2894736842105263	1.0
stratified_random_pair_5fold_non_headline	random-01	pocket_structure_ridge_S1	S1	RCSB-4O76-1M3-KD	construct-003-fbf3f5c695a3	6.910094888560602	6.35995708438318			0.6805555555555556	1.0
stratified_random_pair_5fold_non_headline	random-01	pocket_structure_ridge_S1	S1	RCSB-7AXR-S7T-KD	construct-003-fbf3f5c695a3	4.940058111938045	6.35995708438318			0.4225352112676056	1.0
stratified_random_pair_5fold_non_headline	random-01	pocket_structure_ridge_S1	S1	RCSB-5D3T-56Y-KD	construct-003-fbf3f5c695a3	4.920818753952375	6.35995708438318			0.3611111111111111	1.0
stratified_random_pair_5fold_non_headline	random-01	pocket_structure_ridge_S1	S1	RCSB-5O1D-9GW-KD	construct-004-a02c0b37ee39	4.657577319177793	4.796993533611301			0.7291666666666666	1.0
stratified_random_pair_5fold_non_headline	random-01	pocket_structure_ridge_S1	S1	RCSB-8A92-LE9-KD	construct-004-a02c0b37ee39	3.0	4.796993533611301			0.1590909090909091	1.0
stratified_random_pair_5fold_non_headline	random-01	pocket_structure_ridge_S1	S1	RCSB-6RQ3-OUC-KD	construct-005-6f4aa0a92e90	4.0	5.334532087993817			0.717948717948718	1.0
stratified_random_pair_5fold_non_headline	random-01	pocket_structure_ridge_S1	S1	RCSB-6RQ8-KEH-KD	construct-005-6f4aa0a92e90	6.552841968657781	5.334532087993817			0.6923076923076923	1.0
stratified_random_pair_5fold_non_headline	random-01	pocket_structure_ridge_S1	S1	RCSB-6UOZ-QF1-KD	construct-006-4c5802bc11cc	7.0	5.75351110617377			0.7857142857142857	1.0
stratified_random_pair_5fold_non_headline	random-01	concat_ecfp_pocket_ridge_S1	S1	RCSB-4UGA-Q05-KD	construct-001-c5158f5b655d	4.214670164989233	4.62296500023162			0.390625	1.0
stratified_random_pair_5fold_non_headline	random-01	concat_ecfp_pocket_ridge_S1	S1	RCSB-4UGH-4V4-KD	construct-001-c5158f5b655d	4.297052753818444	4.102224222441411			0.7254901960784313	1.0
stratified_random_pair_5fold_non_headline	random-01	concat_ecfp_pocket_ridge_S1	S1	RCSB-4UGC-1Q6-KD	construct-001-c5158f5b655d	4.728158393463501	4.880996908664607			0.7560975609756098	1.0
stratified_random_pair_5fold_non_headline	random-01	concat_ecfp_pocket_ridge_S1	S1	RCSB-4UGB-QJ7-KD	construct-001-c5158f5b655d	3.6252516539898965	4.870965907182794			0.4067796610169492	1.0
stratified_random_pair_5fold_non_headline	random-01	concat_ecfp_pocket_ridge_S1	S1	RCSB-5EM3-5Q0-KD	construct-002-cb5cf2af5e4a	3.6989700043360187	4.246625880371249			0.40625	1.0
stratified_random_pair_5fold_non_headline	random-01	concat_ecfp_pocket_ridge_S1	S1	RCSB-5DYA-5GV-KD	construct-002-cb5cf2af5e4a	3.6989700043360187	3.8000686784365834			0.32558139534883723	1.0
stratified_random_pair_5fold_non_headline	random-01	concat_ecfp_pocket_ridge_S1	S1	RCSB-5O5H-9LK-KD	construct-002-cb5cf2af5e4a	4.1249387366083	4.591647147524949			0.19117647058823528	1.0
stratified_random_pair_5fold_non_headline	random-01	concat_ecfp_pocket_ridge_S1	S1	RCSB-5EPS-5QX-KD	construct-002-cb5cf2af5e4a	4.42021640338319	4.3947734691149005			0.2894736842105263	1.0
stratified_random_pair_5fold_non_headline	random-01	concat_ecfp_pocket_ridge_S1	S1	RCSB-4O76-1M3-KD	construct-003-fbf3f5c695a3	6.910094888560602	7.104980137183027			0.6805555555555556	1.0
stratified_random_pair_5fold_non_headline	random-01	concat_ecfp_pocket_ridge_S1	S1	RCSB-7AXR-S7T-KD	construct-003-fbf3f5c695a3	4.940058111938045	5.411391722671983			0.4225352112676056	1.0
stratified_random_pair_5fold_non_headline	random-01	concat_ecfp_pocket_ridge_S1	S1	RCSB-5D3T-56Y-KD	construct-003-fbf3f5c695a3	4.920818753952375	5.4089555889181105			0.3611111111111111	1.0
stratified_random_pair_5fold_non_headline	random-01	concat_ecfp_pocket_ridge_S1	S1	RCSB-5O1D-9GW-KD	construct-004-a02c0b37ee39	4.657577319177793	4.455627650686334			0.7291666666666666	1.0
stratified_random_pair_5fold_non_headline	random-01	concat_ecfp_pocket_ridge_S1	S1	RCSB-8A92-LE9-KD	construct-004-a02c0b37ee39	3.0	4.821135955782954			0.1590909090909091	1.0
stratified_random_pair_5fold_non_headline	random-01	concat_ecfp_pocket_ridge_S1	S1	RCSB-6RQ3-OUC-KD	construct-005-6f4aa0a92e90	4.0	5.2379411580933235			0.717948717948718	1.0
stratified_random_pair_5fold_non_headline	random-01	concat_ecfp_pocket_ridge_S1	S1	RCSB-6RQ8-KEH-KD	construct-005-6f4aa0a92e90	6.552841968657781	5.412876529320175			0.6923076923076923	1.0
stratified_random_pair_5fold_non_headline	random-01	concat_ecfp_pocket_ridge_S1	S1	RCSB-6UOZ-QF1-KD	construct-006-4c5802bc11cc	7.0	6.28154379603552			0.7857142857142857	1.0
stratified_random_pair_5fold_non_headline	random-01	concat_gmolai_pocket_ridge_S1	S1	RCSB-4UGA-Q05-KD	construct-001-c5158f5b655d	4.214670164989233	4.289329979984467			0.390625	1.0
stratified_random_pair_5fold_non_headline	random-01	concat_gmolai_pocket_ridge_S1	S1	RCSB-4UGH-4V4-KD	construct-001-c5158f5b655d	4.297052753818444	4.37238891046454			0.7254901960784313	1.0
stratified_random_pair_5fold_non_headline	random-01	concat_gmolai_pocket_ridge_S1	S1	RCSB-4UGC-1Q6-KD	construct-001-c5158f5b655d	4.728158393463501	5.127675785753313			0.7560975609756098	1.0
stratified_random_pair_5fold_non_headline	random-01	concat_gmolai_pocket_ridge_S1	S1	RCSB-4UGB-QJ7-KD	construct-001-c5158f5b655d	3.6252516539898965	4.555592380592427			0.4067796610169492	1.0
stratified_random_pair_5fold_non_headline	random-01	concat_gmolai_pocket_ridge_S1	S1	RCSB-5EM3-5Q0-KD	construct-002-cb5cf2af5e4a	3.6989700043360187	3.796748969525001			0.40625	1.0
stratified_random_pair_5fold_non_headline	random-01	concat_gmolai_pocket_ridge_S1	S1	RCSB-5DYA-5GV-KD	construct-002-cb5cf2af5e4a	3.6989700043360187	4.188404531505256			0.32558139534883723	1.0
stratified_random_pair_5fold_non_headline	random-01	concat_gmolai_pocket_ridge_S1	S1	RCSB-5O5H-9LK-KD	construct-002-cb5cf2af5e4a	4.1249387366083	4.846660780746423			0.19117647058823528	1.0
stratified_random_pair_5fold_non_headline	random-01	concat_gmolai_pocket_ridge_S1	S1	RCSB-5EPS-5QX-KD	construct-002-cb5cf2af5e4a	4.42021640338319	3.976310571018058			0.2894736842105263	1.0
stratified_random_pair_5fold_non_headline	random-01	concat_gmolai_pocket_ridge_S1	S1	RCSB-4O76-1M3-KD	construct-003-fbf3f5c695a3	6.910094888560602	7.232223507185853			0.6805555555555556	1.0
stratified_random_pair_5fold_non_headline	random-01	concat_gmolai_pocket_ridge_S1	S1	RCSB-7AXR-S7T-KD	construct-003-fbf3f5c695a3	4.940058111938045	4.5854287456525515			0.4225352112676056	1.0
stratified_random_pair_5fold_non_headline	random-01	concat_gmolai_pocket_ridge_S1	S1	RCSB-5D3T-56Y-KD	construct-003-fbf3f5c695a3	4.920818753952375	4.869598536877155			0.3611111111111111	1.0
stratified_random_pair_5fold_non_headline	random-01	concat_gmolai_pocket_ridge_S1	S1	RCSB-5O1D-9GW-KD	construct-004-a02c0b37ee39	4.657577319177793	4.5582972097803065			0.7291666666666666	1.0
stratified_random_pair_5fold_non_headline	random-01	concat_gmolai_pocket_ridge_S1	S1	RCSB-8A92-LE9-KD	construct-004-a02c0b37ee39	3.0	4.026177905592819			0.1590909090909091	1.0
stratified_random_pair_5fold_non_headline	random-01	concat_gmolai_pocket_ridge_S1	S1	RCSB-6RQ3-OUC-KD	construct-005-6f4aa0a92e90	4.0	5.378751247742274			0.717948717948718	1.0
stratified_random_pair_5fold_non_headline	random-01	concat_gmolai_pocket_ridge_S1	S1	RCSB-6RQ8-KEH-KD	construct-005-6f4aa0a92e90	6.552841968657781	5.592895667561016			0.6923076923076923	1.0
stratified_random_pair_5fold_non_headline	random-01	concat_gmolai_pocket_ridge_S1	S1	RCSB-6UOZ-QF1-KD	construct-006-4c5802bc11cc	7.0	7.256997304635315			0.7857142857142857	1.0
stratified_random_pair_5fold_non_headline	random-01	negative_pocket_permuted_concat_gmolai_S0	S0_negative_control	RCSB-4UGA-Q05-KD	construct-001-c5158f5b655d	4.214670164989233	4.259063386764209			0.390625	1.0
stratified_random_pair_5fold_non_headline	random-01	negative_pocket_permuted_concat_gmolai_S0	S0_negative_control	RCSB-4UGH-4V4-KD	construct-001-c5158f5b655d	4.297052753818444	4.4109176663803575			0.7254901960784313	1.0
stratified_random_pair_5fold_non_headline	random-01	negative_pocket_permuted_concat_gmolai_S0	S0_negative_control	RCSB-4UGC-1Q6-KD	construct-001-c5158f5b655d	4.728158393463501	5.168945016971662			0.7560975609756098	1.0
stratified_random_pair_5fold_non_headline	random-01	negative_pocket_permuted_concat_gmolai_S0	S0_negative_control	RCSB-4UGB-QJ7-KD	construct-001-c5158f5b655d	3.6252516539898965	4.495332663723231			0.4067796610169492	1.0
stratified_random_pair_5fold_non_headline	random-01	negative_pocket_permuted_concat_gmolai_S0	S0_negative_control	RCSB-5EM3-5Q0-KD	construct-002-cb5cf2af5e4a	3.6989700043360187	3.8648606157584737			0.40625	1.0
stratified_random_pair_5fold_non_headline	random-01	negative_pocket_permuted_concat_gmolai_S0	S0_negative_control	RCSB-5DYA-5GV-KD	construct-002-cb5cf2af5e4a	3.6989700043360187	4.132830288085778			0.32558139534883723	1.0
stratified_random_pair_5fold_non_headline	random-01	negative_pocket_permuted_concat_gmolai_S0	S0_negative_control	RCSB-5O5H-9LK-KD	construct-002-cb5cf2af5e4a	4.1249387366083	4.864147618171856			0.19117647058823528	1.0
stratified_random_pair_5fold_non_headline	random-01	negative_pocket_permuted_concat_gmolai_S0	S0_negative_control	RCSB-5EPS-5QX-KD	construct-002-cb5cf2af5e4a	4.42021640338319	3.957399098789568			0.2894736842105263	1.0
stratified_random_pair_5fold_non_headline	random-01	negative_pocket_permuted_concat_gmolai_S0	S0_negative_control	RCSB-4O76-1M3-KD	construct-003-fbf3f5c695a3	6.910094888560602	7.260473751587338			0.6805555555555556	1.0
stratified_random_pair_5fold_non_headline	random-01	negative_pocket_permuted_concat_gmolai_S0	S0_negative_control	RCSB-7AXR-S7T-KD	construct-003-fbf3f5c695a3	4.940058111938045	4.577682583857736			0.4225352112676056	1.0
stratified_random_pair_5fold_non_headline	random-01	negative_pocket_permuted_concat_gmolai_S0	S0_negative_control	RCSB-5D3T-56Y-KD	construct-003-fbf3f5c695a3	4.920818753952375	4.922385810268738			0.3611111111111111	1.0
stratified_random_pair_5fold_non_headline	random-01	negative_pocket_permuted_concat_gmolai_S0	S0_negative_control	RCSB-5O1D-9GW-KD	construct-004-a02c0b37ee39	4.657577319177793	4.557746821008504			0.7291666666666666	1.0
stratified_random_pair_5fold_non_headline	random-01	negative_pocket_permuted_concat_gmolai_S0	S0_negative_control	RCSB-8A92-LE9-KD	construct-004-a02c0b37ee39	3.0	4.021909647994055			0.1590909090909091	1.0
stratified_random_pair_5fold_non_headline	random-01	negative_pocket_permuted_concat_gmolai_S0	S0_negative_control	RCSB-6RQ3-OUC-KD	construct-005-6f4aa0a92e90	4.0	5.378687100917772			0.717948717948718	1.0
stratified_random_pair_5fold_non_headline	random-01	negative_pocket_permuted_concat_gmolai_S0	S0_negative_control	RCSB-6RQ8-KEH-KD	construct-005-6f4aa0a92e90	6.552841968657781	5.553345591297748			0.6923076923076923	1.0
stratified_random_pair_5fold_non_headline	random-01	negative_pocket_permuted_concat_gmolai_S0	S0_negative_control	RCSB-6UOZ-QF1-KD	construct-006-4c5802bc11cc	7.0	7.33702276689138			0.7857142857142857	1.0
stratified_random_pair_5fold_non_headline	random-01	additive_gmolai_pocket_equal_S0	S0	RCSB-4UGA-Q05-KD	construct-001-c5158f5b655d	4.214670164989233	4.624201858823941			0.390625	1.0
stratified_random_pair_5fold_non_headline	random-01	additive_gmolai_pocket_equal_S0	S0	RCSB-4UGH-4V4-KD	construct-001-c5158f5b655d	4.297052753818444	4.653668289696137			0.7254901960784313	1.0
stratified_random_pair_5fold_non_headline	random-01	additive_gmolai_pocket_equal_S0	S0	RCSB-4UGC-1Q6-KD	construct-001-c5158f5b655d	4.728158393463501	4.979040809866601			0.7560975609756098	1.0
stratified_random_pair_5fold_non_headline	random-01	additive_gmolai_pocket_equal_S0	S0	RCSB-4UGB-QJ7-KD	construct-001-c5158f5b655d	3.6252516539898965	4.810866453552306			0.4067796610169492	1.0
stratified_random_pair_5fold_non_headline	random-01	additive_gmolai_pocket_equal_S0	S0	RCSB-5EM3-5Q0-KD	construct-002-cb5cf2af5e4a	3.6989700043360187	4.329368559006651			0.40625	1.0
stratified_random_pair_5fold_non_headline	random-01	additive_gmolai_pocket_equal_S0	S0	RCSB-5DYA-5GV-KD	construct-002-cb5cf2af5e4a	3.6989700043360187	4.47883070495046			0.32558139534883723	1.0
stratified_random_pair_5fold_non_headline	random-01	additive_gmolai_pocket_equal_S0	S0	RCSB-5O5H-9LK-KD	construct-002-cb5cf2af5e4a	4.1249387366083	4.907559874982688			0.19117647058823528	1.0
stratified_random_pair_5fold_non_headline	random-01	additive_gmolai_pocket_equal_S0	S0	RCSB-5EPS-5QX-KD	construct-002-cb5cf2af5e4a	4.42021640338319	4.412481541481929			0.2894736842105263	1.0
stratified_random_pair_5fold_non_headline	random-01	additive_gmolai_pocket_equal_S0	S0	RCSB-4O76-1M3-KD	construct-003-fbf3f5c695a3	6.910094888560602	6.539206716994776			0.6805555555555556	1.0
stratified_random_pair_5fold_non_headline	random-01	additive_gmolai_pocket_equal_S0	S0	RCSB-7AXR-S7T-KD	construct-003-fbf3f5c695a3	4.940058111938045	5.138812547316589			0.4225352112676056	1.0
stratified_random_pair_5fold_non_headline	random-01	additive_gmolai_pocket_equal_S0	S0	RCSB-5D3T-56Y-KD	construct-003-fbf3f5c695a3	4.920818753952375	5.381117386918402			0.3611111111111111	1.0
stratified_random_pair_5fold_non_headline	random-01	additive_gmolai_pocket_equal_S0	S0	RCSB-5O1D-9GW-KD	construct-004-a02c0b37ee39	4.657577319177793	4.73788373394394			0.7291666666666666	1.0
stratified_random_pair_5fold_non_headline	random-01	additive_gmolai_pocket_equal_S0	S0	RCSB-8A92-LE9-KD	construct-004-a02c0b37ee39	3.0	4.400869516771147			0.1590909090909091	1.0
stratified_random_pair_5fold_non_headline	random-01	additive_gmolai_pocket_equal_S0	S0	RCSB-6RQ3-OUC-KD	construct-005-6f4aa0a92e90	4.0	5.4019630185508305			0.717948717948718	1.0
stratified_random_pair_5fold_non_headline	random-01	additive_gmolai_pocket_equal_S0	S0	RCSB-6RQ8-KEH-KD	construct-005-6f4aa0a92e90	6.552841968657781	5.3874289203209305			0.6923076923076923	1.0
stratified_random_pair_5fold_non_headline	random-01	additive_gmolai_pocket_equal_S0	S0	RCSB-6UOZ-QF1-KD	construct-006-4c5802bc11cc	7.0	6.543814306053184			0.7857142857142857	1.0
stratified_random_pair_5fold_non_headline	random-01	additive_gmolai_pocket_equal_S1	S1	RCSB-4UGA-Q05-KD	construct-001-c5158f5b655d	4.214670164989233	4.6760917600991885			0.390625	1.0
stratified_random_pair_5fold_non_headline	random-01	additive_gmolai_pocket_equal_S1	S1	RCSB-4UGH-4V4-KD	construct-001-c5158f5b655d	4.297052753818444	4.657581924867195			0.7254901960784313	1.0
stratified_random_pair_5fold_non_headline	random-01	additive_gmolai_pocket_equal_S1	S1	RCSB-4UGC-1Q6-KD	construct-001-c5158f5b655d	4.728158393463501	4.9961838676387895			0.7560975609756098	1.0
stratified_random_pair_5fold_non_headline	random-01	additive_gmolai_pocket_equal_S1	S1	RCSB-4UGB-QJ7-KD	construct-001-c5158f5b655d	3.6252516539898965	4.784265669818039			0.4067796610169492	1.0
stratified_random_pair_5fold_non_headline	random-01	additive_gmolai_pocket_equal_S1	S1	RCSB-5EM3-5Q0-KD	construct-002-cb5cf2af5e4a	3.6989700043360187	4.265808360711965			0.40625	1.0
stratified_random_pair_5fold_non_headline	random-01	additive_gmolai_pocket_equal_S1	S1	RCSB-5DYA-5GV-KD	construct-002-cb5cf2af5e4a	3.6989700043360187	4.534450898980246			0.32558139534883723	1.0
stratified_random_pair_5fold_non_headline	random-01	additive_gmolai_pocket_equal_S1	S1	RCSB-5O5H-9LK-KD	construct-002-cb5cf2af5e4a	4.1249387366083	4.9118702725357775			0.19117647058823528	1.0
stratified_random_pair_5fold_non_headline	random-01	additive_gmolai_pocket_equal_S1	S1	RCSB-5EPS-5QX-KD	construct-002-cb5cf2af5e4a	4.42021640338319	4.387353146531877			0.2894736842105263	1.0
stratified_random_pair_5fold_non_headline	random-01	additive_gmolai_pocket_equal_S1	S1	RCSB-4O76-1M3-KD	construct-003-fbf3f5c695a3	6.910094888560602	6.5463726162033105			0.6805555555555556	1.0
stratified_random_pair_5fold_non_headline	random-01	additive_gmolai_pocket_equal_S1	S1	RCSB-7AXR-S7T-KD	construct-003-fbf3f5c695a3	4.940058111938045	5.169513880279519			0.4225352112676056	1.0
stratified_random_pair_5fold_non_headline	random-01	additive_gmolai_pocket_equal_S1	S1	RCSB-5D3T-56Y-KD	construct-003-fbf3f5c695a3	4.920818753952375	5.364906961027005			0.3611111111111111	1.0
stratified_random_pair_5fold_non_headline	random-01	additive_gmolai_pocket_equal_S1	S1	RCSB-5O1D-9GW-KD	construct-004-a02c0b37ee39	4.657577319177793	4.721349646031408			0.7291666666666666	1.0
stratified_random_pair_5fold_non_headline	random-01	additive_gmolai_pocket_equal_S1	S1	RCSB-8A92-LE9-KD	construct-004-a02c0b37ee39	3.0	4.341500001122403			0.1590909090909091	1.0
stratified_random_pair_5fold_non_headline	random-01	additive_gmolai_pocket_equal_S1	S1	RCSB-6RQ3-OUC-KD	construct-005-6f4aa0a92e90	4.0	5.376750753852111			0.717948717948718	1.0
stratified_random_pair_5fold_non_headline	random-01	additive_gmolai_pocket_equal_S1	S1	RCSB-6RQ8-KEH-KD	construct-005-6f4aa0a92e90	6.552841968657781	5.376813529603435			0.6923076923076923	1.0
stratified_random_pair_5fold_non_headline	random-01	additive_gmolai_pocket_equal_S1	S1	RCSB-6UOZ-QF1-KD	construct-006-4c5802bc11cc	7.0	6.609319425783724			0.7857142857142857	1.0
stratified_random_pair_5fold_non_headline	random-01	ligand_ecfp_knn	ligand_only	RCSB-4UGA-Q05-KD	construct-001-c5158f5b655d	4.214670164989233	4.515785053754913	RCSB-4UGG-S5D-KD	0.390625	0.390625	1.0
stratified_random_pair_5fold_non_headline	random-01	ligand_ecfp_knn	ligand_only	RCSB-4UGH-4V4-KD	construct-001-c5158f5b655d	4.297052753818444	4.412344422129448	RCSB-4UGY-EXI-KD	0.7254901960784313	0.7254901960784313	1.0
stratified_random_pair_5fold_non_headline	random-01	ligand_ecfp_knn	ligand_only	RCSB-4UGC-1Q6-KD	construct-001-c5158f5b655d	4.728158393463501	4.768358767180384	RCSB-4UGD-Q14-KD	0.7560975609756098	0.7560975609756098	1.0
stratified_random_pair_5fold_non_headline	random-01	ligand_ecfp_knn	ligand_only	RCSB-4UGB-QJ7-KD	construct-001-c5158f5b655d	3.6252516539898965	5.183384099872795	RCSB-4UG6-XFJ-KD	0.4067796610169492	0.4067796610169492	1.0
stratified_random_pair_5fold_non_headline	random-01	ligand_ecfp_knn	ligand_only	RCSB-5EM3-5Q0-KD	construct-002-cb5cf2af5e4a	3.6989700043360187	4.241318669186209	RCSB-5EWH-5SG-KD	0.40625	0.40625	1.0
stratified_random_pair_5fold_non_headline	random-01	ligand_ecfp_knn	ligand_only	RCSB-5DYA-5GV-KD	construct-002-cb5cf2af5e4a	3.6989700043360187	4.807675977821557	RCSB-5EPR-5QY-KD	0.32558139534883723	0.32558139534883723	1.0
stratified_random_pair_5fold_non_headline	random-01	ligand_ecfp_knn	ligand_only	RCSB-5O5H-9LK-KD	construct-002-cb5cf2af5e4a	4.1249387366083	4.74391508518022	RCSB-5EVA-5S9-KD	0.19117647058823528	0.19117647058823528	1.0
stratified_random_pair_5fold_non_headline	random-01	ligand_ecfp_knn	ligand_only	RCSB-5EPS-5QX-KD	construct-002-cb5cf2af5e4a	4.42021640338319	3.9234648192440016	RCSB-5EPR-5QY-KD	0.2894736842105263	0.2894736842105263	1.0
stratified_random_pair_5fold_non_headline	random-01	ligand_ecfp_knn	ligand_only	RCSB-4O76-1M3-KD	construct-003-fbf3f5c695a3	6.910094888560602	6.724629777332928	RCSB-4PS5-2TA-KD	0.6805555555555556	0.6805555555555556	1.0
stratified_random_pair_5fold_non_headline	random-01	ligand_ecfp_knn	ligand_only	RCSB-7AXR-S7T-KD	construct-003-fbf3f5c695a3	4.940058111938045	5.722729384255931	RCSB-5D3L-57F-KD	0.4225352112676056	0.4225352112676056	1.0
stratified_random_pair_5fold_non_headline	random-01	ligand_ecfp_knn	ligand_only	RCSB-5D3T-56Y-KD	construct-003-fbf3f5c695a3	4.920818753952375	5.78273206942854	RCSB-5D3L-57F-KD	0.3611111111111111	0.3611111111111111	1.0
stratified_random_pair_5fold_non_headline	random-01	ligand_ecfp_knn	ligand_only	RCSB-5O1D-9GW-KD	construct-004-a02c0b37ee39	4.657577319177793	4.366990572352915	RCSB-5O1G-9GK-KD	0.7291666666666666	0.7291666666666666	1.0
stratified_random_pair_5fold_non_headline	random-01	ligand_ecfp_knn	ligand_only	RCSB-8A92-LE9-KD	construct-004-a02c0b37ee39	3.0	3.8717012012471423	RCSB-5DY7-5GT-KD	0.1590909090909091	0.1590909090909091	1.0
stratified_random_pair_5fold_non_headline	random-01	ligand_ecfp_knn	ligand_only	RCSB-6RQ3-OUC-KD	construct-005-6f4aa0a92e90	4.0	5.039934174214891	RCSB-6RQ1-KE5-KD	0.717948717948718	0.717948717948718	1.0
stratified_random_pair_5fold_non_headline	random-01	ligand_ecfp_knn	ligand_only	RCSB-6RQ8-KEH-KD	construct-005-6f4aa0a92e90	6.552841968657781	5.729546504504111	RCSB-6RQ0-KE2-KD	0.6923076923076923	0.6923076923076923	1.0
stratified_random_pair_5fold_non_headline	random-01	ligand_ecfp_knn	ligand_only	RCSB-6UOZ-QF1-KD	construct-006-4c5802bc11cc	7.0	6.67268187024836	RCSB-6UJ4-Q8S-KD	0.7857142857142857	0.7857142857142857	1.0
stratified_random_pair_5fold_non_headline	random-01	ligand_gmolai_knn	ligand_only	RCSB-4UGA-Q05-KD	construct-001-c5158f5b655d	4.214670164989233	4.973060697561391	RCSB-4UGG-S5D-KD	0.7429660912666588	0.390625	1.0
stratified_random_pair_5fold_non_headline	random-01	ligand_gmolai_knn	ligand_only	RCSB-4UGH-4V4-KD	construct-001-c5158f5b655d	4.297052753818444	4.648248974569118	RCSB-4UGY-EXI-KD	0.942035277616118	0.7254901960784313	1.0
stratified_random_pair_5fold_non_headline	random-01	ligand_gmolai_knn	ligand_only	RCSB-4UGC-1Q6-KD	construct-001-c5158f5b655d	4.728158393463501	4.951424802429895	RCSB-4UGD-Q14-KD	0.9792850817005871	0.7560975609756098	1.0
stratified_random_pair_5fold_non_headline	random-01	ligand_gmolai_knn	ligand_only	RCSB-4UGB-QJ7-KD	construct-001-c5158f5b655d	3.6252516539898965	5.159441719363574	RCSB-4UG5-XFK-KD	0.8049172635173308	0.4067796610169492	1.0
stratified_random_pair_5fold_non_headline	random-01	ligand_gmolai_knn	ligand_only	RCSB-5EM3-5Q0-KD	construct-002-cb5cf2af5e4a	3.6989700043360187	3.7292327015928306	RCSB-5EWH-5SG-KD	0.9933419886725288	0.40625	1.0
stratified_random_pair_5fold_non_headline	random-01	ligand_gmolai_knn	ligand_only	RCSB-5DYA-5GV-KD	construct-002-cb5cf2af5e4a	3.6989700043360187	3.92309240753376	RCSB-5EPR-5QY-KD	0.7499030586376166	0.32558139534883723	1.0
stratified_random_pair_5fold_non_headline	random-01	ligand_gmolai_knn	ligand_only	RCSB-5O5H-9LK-KD	construct-002-cb5cf2af5e4a	4.1249387366083	4.539144321791406	RCSB-5EVA-5S9-KD	0.5733722893246405	0.19117647058823528	1.0
stratified_random_pair_5fold_non_headline	random-01	ligand_gmolai_knn	ligand_only	RCSB-5EPS-5QX-KD	construct-002-cb5cf2af5e4a	4.42021640338319	3.9401570122941707	RCSB-5EPR-5QY-KD	0.9293059920658471	0.2894736842105263	1.0
stratified_random_pair_5fold_non_headline	random-01	ligand_gmolai_knn	ligand_only	RCSB-4O76-1M3-KD	construct-003-fbf3f5c695a3	6.910094888560602	6.406761945579317	RCSB-4PS5-2TA-KD	0.8968779713379273	0.6805555555555556	1.0
stratified_random_pair_5fold_non_headline	random-01	ligand_gmolai_knn	ligand_only	RCSB-7AXR-S7T-KD	construct-003-fbf3f5c695a3	4.940058111938045	6.2279259168557255	RCSB-5D26-L28-KD	0.7355216891547485	0.4225352112676056	1.0
stratified_random_pair_5fold_non_headline	random-01	ligand_gmolai_knn	ligand_only	RCSB-5D3T-56Y-KD	construct-003-fbf3f5c695a3	4.920818753952375	5.918583429108933	RCSB-5D26-L28-KD	0.7280470910977178	0.3611111111111111	1.0
stratified_random_pair_5fold_non_headline	random-01	ligand_gmolai_knn	ligand_only	RCSB-5O1D-9GW-KD	construct-004-a02c0b37ee39	4.657577319177793	4.66606662523806	RCSB-5O1E-9GT-KD	0.9437689319603574	0.7291666666666666	1.0
stratified_random_pair_5fold_non_headline	random-01	ligand_gmolai_knn	ligand_only	RCSB-8A92-LE9-KD	construct-004-a02c0b37ee39	3.0	4.664971110638573	RCSB-5DY7-5GT-KD	0.5547055039025471	0.1590909090909091	1.0
stratified_random_pair_5fold_non_headline	random-01	ligand_gmolai_knn	ligand_only	RCSB-6RQ3-OUC-KD	construct-005-6f4aa0a92e90	4.0	5.052693383000828	RCSB-6RQ5-KEB-KD	0.9952585219425788	0.717948717948718	1.0
stratified_random_pair_5fold_non_headline	random-01	ligand_gmolai_knn	ligand_only	RCSB-6RQ8-KEH-KD	construct-005-6f4aa0a92e90	6.552841968657781	5.717756675699936	RCSB-6RQB-Q47-KD	0.987291350506441	0.6923076923076923	1.0
stratified_random_pair_5fold_non_headline	random-01	ligand_gmolai_knn	ligand_only	RCSB-6UOZ-QF1-KD	construct-006-4c5802bc11cc	7.0	6.647318439192577	RCSB-6UJ4-Q8S-KD	0.915071817556507	0.7857142857142857	1.0
stratified_random_pair_5fold_non_headline	random-01	protein_sequence_identity_knn	sequence_only	RCSB-4UGA-Q05-KD	construct-001-c5158f5b655d	4.214670164989233	5.4066632325944495	RCSB-4UG5-XFK-KD	1.0	0.390625	1.0
stratified_random_pair_5fold_non_headline	random-01	protein_sequence_identity_knn	sequence_only	RCSB-4UGH-4V4-KD	construct-001-c5158f5b655d	4.297052753818444	5.4066632325944495	RCSB-4UG5-XFK-KD	1.0	0.7254901960784313	1.0
stratified_random_pair_5fold_non_headline	random-01	protein_sequence_identity_knn	sequence_only	RCSB-4UGC-1Q6-KD	construct-001-c5158f5b655d	4.728158393463501	5.4066632325944495	RCSB-4UG5-XFK-KD	1.0	0.7560975609756098	1.0
stratified_random_pair_5fold_non_headline	random-01	protein_sequence_identity_knn	sequence_only	RCSB-4UGB-QJ7-KD	construct-001-c5158f5b655d	3.6252516539898965	5.4066632325944495	RCSB-4UG5-XFK-KD	1.0	0.4067796610169492	1.0
stratified_random_pair_5fold_non_headline	random-01	protein_sequence_identity_knn	sequence_only	RCSB-5EM3-5Q0-KD	construct-002-cb5cf2af5e4a	3.6989700043360187	4.167229815403466	RCSB-5C85-4YO-KD	1.0	0.40625	1.0
stratified_random_pair_5fold_non_headline	random-01	protein_sequence_identity_knn	sequence_only	RCSB-5DYA-5GV-KD	construct-002-cb5cf2af5e4a	3.6989700043360187	4.167229815403466	RCSB-5C85-4YO-KD	1.0	0.32558139534883723	1.0
stratified_random_pair_5fold_non_headline	random-01	protein_sequence_identity_knn	sequence_only	RCSB-5O5H-9LK-KD	construct-002-cb5cf2af5e4a	4.1249387366083	4.167229815403466	RCSB-5C85-4YO-KD	1.0	0.19117647058823528	1.0
stratified_random_pair_5fold_non_headline	random-01	protein_sequence_identity_knn	sequence_only	RCSB-5EPS-5QX-KD	construct-002-cb5cf2af5e4a	4.42021640338319	4.167229815403466	RCSB-5C85-4YO-KD	1.0	0.2894736842105263	1.0
stratified_random_pair_5fold_non_headline	random-01	protein_sequence_identity_knn	sequence_only	RCSB-4O76-1M3-KD	construct-003-fbf3f5c695a3	6.910094888560602	6.310729486974495	RCSB-4PS5-2TA-KD	1.0	0.6805555555555556	1.0
stratified_random_pair_5fold_non_headline	random-01	protein_sequence_identity_knn	sequence_only	RCSB-7AXR-S7T-KD	construct-003-fbf3f5c695a3	4.940058111938045	6.310729486974495	RCSB-4PS5-2TA-KD	1.0	0.4225352112676056	1.0
stratified_random_pair_5fold_non_headline	random-01	protein_sequence_identity_knn	sequence_only	RCSB-5D3T-56Y-KD	construct-003-fbf3f5c695a3	4.920818753952375	6.310729486974495	RCSB-4PS5-2TA-KD	1.0	0.3611111111111111	1.0
stratified_random_pair_5fold_non_headline	random-01	protein_sequence_identity_knn	sequence_only	RCSB-5O1D-9GW-KD	construct-004-a02c0b37ee39	4.657577319177793	4.792250236534033	RCSB-4AGQ-P96-KD	1.0	0.7291666666666666	1.0
stratified_random_pair_5fold_non_headline	random-01	protein_sequence_identity_knn	sequence_only	RCSB-8A92-LE9-KD	construct-004-a02c0b37ee39	3.0	4.792250236534033	RCSB-4AGQ-P96-KD	1.0	0.1590909090909091	1.0
stratified_random_pair_5fold_non_headline	random-01	protein_sequence_identity_knn	sequence_only	RCSB-6RQ3-OUC-KD	construct-005-6f4aa0a92e90	4.0	5.059915765158306	RCSB-6RQ0-KE2-KD	1.0	0.717948717948718	1.0
stratified_random_pair_5fold_non_headline	random-01	protein_sequence_identity_knn	sequence_only	RCSB-6RQ8-KEH-KD	construct-005-6f4aa0a92e90	6.552841968657781	5.059915765158306	RCSB-6RQ0-KE2-KD	1.0	0.6923076923076923	1.0
stratified_random_pair_5fold_non_headline	random-01	protein_sequence_identity_knn	sequence_only	RCSB-6UOZ-QF1-KD	construct-006-4c5802bc11cc	7.0	6.581440475477997	RCSB-6U5M-Q0S-KD	1.0	0.7857142857142857	1.0
stratified_random_pair_5fold_non_headline	random-01	pocket_structure_knn_S0	S0	RCSB-4UGA-Q05-KD	construct-001-c5158f5b655d	4.214670164989233	4.038575563064716	RCSB-4UGS-H36-KD	0.9922364802665645	0.390625	1.0
stratified_random_pair_5fold_non_headline	random-01	pocket_structure_knn_S0	S0	RCSB-4UGH-4V4-KD	construct-001-c5158f5b655d	4.297052753818444	4.694348536192032	RCSB-4UGM-1QE-KD	0.880729395168491	0.7254901960784313	1.0
stratified_random_pair_5fold_non_headline	random-01	pocket_structure_knn_S0	S0	RCSB-4UGC-1Q6-KD	construct-001-c5158f5b655d	4.728158393463501	4.322736036846292	RCSB-4UGM-1QE-KD	0.9173134121921381	0.7560975609756098	1.0
stratified_random_pair_5fold_non_headline	random-01	pocket_structure_knn_S0	S0	RCSB-4UGB-QJ7-KD	construct-001-c5158f5b655d	3.6252516539898965	5.122608275723757	RCSB-4UGI-SKO-KD	0.906692701484661	0.4067796610169492	1.0
stratified_random_pair_5fold_non_headline	random-01	pocket_structure_knn_S0	S0	RCSB-5EM3-5Q0-KD	construct-002-cb5cf2af5e4a	3.6989700043360187	4.268908052141273	RCSB-5EPR-5QY-KD	0.8786496190943235	0.40625	1.0
stratified_random_pair_5fold_non_headline	random-01	pocket_structure_knn_S0	S0	RCSB-5DYA-5GV-KD	construct-002-cb5cf2af5e4a	3.6989700043360187	3.8991132021468147	RCSB-5DY7-5GT-KD	0.799106350601916	0.32558139534883723	1.0
stratified_random_pair_5fold_non_headline	random-01	pocket_structure_knn_S0	S0	RCSB-5O5H-9LK-KD	construct-002-cb5cf2af5e4a	4.1249387366083	4.07043994304216	RCSB-5EVA-5S9-KD	0.8682259510148831	0.19117647058823528	1.0
stratified_random_pair_5fold_non_headline	random-01	pocket_structure_knn_S0	S0	RCSB-5EPS-5QX-KD	construct-002-cb5cf2af5e4a	4.42021640338319	3.819688510020541	RCSB-5EPR-5QY-KD	0.8890214037151827	0.2894736842105263	1.0
stratified_random_pair_5fold_non_headline	random-01	pocket_structure_knn_S0	S0	RCSB-4O76-1M3-KD	construct-003-fbf3f5c695a3	6.910094888560602	7.238905466909227	RCSB-6Q3Y-HG5-KD	0.8979898082935605	0.6805555555555556	1.0
stratified_random_pair_5fold_non_headline	random-01	pocket_structure_knn_S0	S0	RCSB-7AXR-S7T-KD	construct-003-fbf3f5c695a3	4.940058111938045	7.251139892446577	RCSB-6TPZ-NV2-KD	0.7704882325294874	0.4225352112676056	1.0
stratified_random_pair_5fold_non_headline	random-01	pocket_structure_knn_S0	S0	RCSB-5D3T-56Y-KD	construct-003-fbf3f5c695a3	4.920818753952375	7.3348073189501735	RCSB-6FSY-E5Q-KD	0.9003542291093783	0.3611111111111111	1.0
stratified_random_pair_5fold_non_headline	random-01	pocket_structure_knn_S0	S0	RCSB-5O1D-9GW-KD	construct-004-a02c0b37ee39	4.657577319177793	4.67264844338471	RCSB-5O1H-9GN-KD	0.9453534782257355	0.7291666666666666	1.0
stratified_random_pair_5fold_non_headline	random-01	pocket_structure_knn_S0	S0	RCSB-8A92-LE9-KD	construct-004-a02c0b37ee39	3.0	4.721589281071972	RCSB-5O1I-9GH-KD	0.8399209347185388	0.1590909090909091	1.0
stratified_random_pair_5fold_non_headline	random-01	pocket_structure_knn_S0	S0	RCSB-6RQ3-OUC-KD	construct-005-6f4aa0a92e90	4.0	5.195758386469804	RCSB-6RQ1-KE5-KD	0.9516873144075939	0.717948717948718	1.0
stratified_random_pair_5fold_non_headline	random-01	pocket_structure_knn_S0	S0	RCSB-6RQ8-KEH-KD	construct-005-6f4aa0a92e90	6.552841968657781	5.689053574906165	RCSB-6RQD-KEW-KD	0.9625996929379839	0.6923076923076923	1.0
stratified_random_pair_5fold_non_headline	random-01	pocket_structure_knn_S0	S0	RCSB-6UOZ-QF1-KD	construct-006-4c5802bc11cc	7.0	6.618858503026013	RCSB-6UIF-Q8P-KD	0.8788093230672562	0.7857142857142857	1.0
stratified_random_pair_5fold_non_headline	random-01	two_sided_ecfp_pocket_knn_S0	S0	RCSB-4UGA-Q05-KD	construct-001-c5158f5b655d	4.214670164989233	4.51210834575953	RCSB-4UGI-SKO-KD	0.5507261713369246	0.390625	1.0
stratified_random_pair_5fold_non_headline	random-01	two_sided_ecfp_pocket_knn_S0	S0	RCSB-4UGH-4V4-KD	construct-001-c5158f5b655d	4.297052753818444	4.41127264850536	RCSB-4UGY-EXI-KD	0.7930821517800414	0.7254901960784313	1.0
stratified_random_pair_5fold_non_headline	random-01	two_sided_ecfp_pocket_knn_S0	S0	RCSB-4UGC-1Q6-KD	construct-001-c5158f5b655d	4.728158393463501	4.942536186190495	RCSB-4UGD-Q14-KD	0.7912545809822494	0.7560975609756098	1.0
stratified_random_pair_5fold_non_headline	random-01	two_sided_ecfp_pocket_knn_S0	S0	RCSB-4UGB-QJ7-KD	construct-001-c5158f5b655d	3.6252516539898965	5.0577609181668155	RCSB-4UG6-XFJ-KD	0.5900964095909599	0.4067796610169492	1.0
stratified_random_pair_5fold_non_headline	random-01	two_sided_ecfp_pocket_knn_S0	S0	RCSB-5EM3-5Q0-KD	construct-002-cb5cf2af5e4a	3.6989700043360187	3.7362179757600473	RCSB-5EWH-5SG-KD	0.5660467508082997	0.40625	1.0
stratified_random_pair_5fold_non_headline	random-01	two_sided_ecfp_pocket_knn_S0	S0	RCSB-5DYA-5GV-KD	construct-002-cb5cf2af5e4a	3.6989700043360187	3.922637949911366	RCSB-5EPR-5QY-KD	0.4944790667947133	0.32558139534883723	1.0
stratified_random_pair_5fold_non_headline	random-01	two_sided_ecfp_pocket_knn_S0	S0	RCSB-5O5H-9LK-KD	construct-002-cb5cf2af5e4a	4.1249387366083	4.028241978719785	RCSB-5EVA-5S9-KD	0.40741179780185477	0.19117647058823528	1.0
stratified_random_pair_5fold_non_headline	random-01	two_sided_ecfp_pocket_knn_S0	S0	RCSB-5EPS-5QX-KD	construct-002-cb5cf2af5e4a	4.42021640338319	3.916387510306723	RCSB-5EPR-5QY-KD	0.5072950828417793	0.2894736842105263	1.0
stratified_random_pair_5fold_non_headline	random-01	two_sided_ecfp_pocket_knn_S0	S0	RCSB-4O76-1M3-KD	construct-003-fbf3f5c695a3	6.910094888560602	6.9913749344357665	RCSB-4PS5-2TA-KD	0.7325867744773638	0.6805555555555556	1.0
stratified_random_pair_5fold_non_headline	random-01	two_sided_ecfp_pocket_knn_S0	S0	RCSB-7AXR-S7T-KD	construct-003-fbf3f5c695a3	4.940058111938045	6.251995727489905	RCSB-5D3L-57F-KD	0.560345558249662	0.4225352112676056	1.0
stratified_random_pair_5fold_non_headline	random-01	two_sided_ecfp_pocket_knn_S0	S0	RCSB-5D3T-56Y-KD	construct-003-fbf3f5c695a3	4.920818753952375	6.0178970469291775	RCSB-5D3L-57F-KD	0.5306521567240243	0.3611111111111111	1.0
stratified_random_pair_5fold_non_headline	random-01	two_sided_ecfp_pocket_knn_S0	S0	RCSB-5O1D-9GW-KD	construct-004-a02c0b37ee39	4.657577319177793	4.401069957060053	RCSB-5O1G-9GK-KD	0.8139490464119615	0.7291666666666666	1.0
stratified_random_pair_5fold_non_headline	random-01	two_sided_ecfp_pocket_knn_S0	S0	RCSB-8A92-LE9-KD	construct-004-a02c0b37ee39	3.0	4.363993707322976	RCSB-5DY7-5GT-KD	0.20429025569007297	0.1590909090909091	1.0
stratified_random_pair_5fold_non_headline	random-01	two_sided_ecfp_pocket_knn_S0	S0	RCSB-6RQ3-OUC-KD	construct-005-6f4aa0a92e90	4.0	5.045476949986817	RCSB-6RQ1-KE5-KD	0.8265970525395009	0.717948717948718	1.0
stratified_random_pair_5fold_non_headline	random-01	two_sided_ecfp_pocket_knn_S0	S0	RCSB-6RQ8-KEH-KD	construct-005-6f4aa0a92e90	6.552841968657781	5.68685388418719	RCSB-6RQD-KEW-KD	0.816342558019603	0.6923076923076923	1.0
stratified_random_pair_5fold_non_headline	random-01	two_sided_ecfp_pocket_knn_S0	S0	RCSB-6UOZ-QF1-KD	construct-006-4c5802bc11cc	7.0	6.66889194527466	RCSB-6UJ4-Q8S-KD	0.8008528695834164	0.7857142857142857	1.0
stratified_random_pair_5fold_non_headline	random-01	pocket_structure_knn_S1	S1	RCSB-4UGA-Q05-KD	construct-001-c5158f5b655d	4.214670164989233	5.4066632325944495	RCSB-4UG5-XFK-KD	1.0	0.390625	1.0
stratified_random_pair_5fold_non_headline	random-01	pocket_structure_knn_S1	S1	RCSB-4UGH-4V4-KD	construct-001-c5158f5b655d	4.297052753818444	5.4066632325944495	RCSB-4UG5-XFK-KD	1.0	0.7254901960784313	1.0
stratified_random_pair_5fold_non_headline	random-01	pocket_structure_knn_S1	S1	RCSB-4UGC-1Q6-KD	construct-001-c5158f5b655d	4.728158393463501	5.4066632325944495	RCSB-4UG5-XFK-KD	1.0	0.7560975609756098	1.0
stratified_random_pair_5fold_non_headline	random-01	pocket_structure_knn_S1	S1	RCSB-4UGB-QJ7-KD	construct-001-c5158f5b655d	3.6252516539898965	5.4066632325944495	RCSB-4UG5-XFK-KD	1.0	0.4067796610169492	1.0
stratified_random_pair_5fold_non_headline	random-01	pocket_structure_knn_S1	S1	RCSB-5EM3-5Q0-KD	construct-002-cb5cf2af5e4a	3.6989700043360187	4.167229815403466	RCSB-5C85-4YO-KD	1.0	0.40625	1.0
stratified_random_pair_5fold_non_headline	random-01	pocket_structure_knn_S1	S1	RCSB-5DYA-5GV-KD	construct-002-cb5cf2af5e4a	3.6989700043360187	4.167229815403466	RCSB-5C85-4YO-KD	1.0	0.32558139534883723	1.0
stratified_random_pair_5fold_non_headline	random-01	pocket_structure_knn_S1	S1	RCSB-5O5H-9LK-KD	construct-002-cb5cf2af5e4a	4.1249387366083	4.167229815403466	RCSB-5C85-4YO-KD	1.0	0.19117647058823528	1.0
stratified_random_pair_5fold_non_headline	random-01	pocket_structure_knn_S1	S1	RCSB-5EPS-5QX-KD	construct-002-cb5cf2af5e4a	4.42021640338319	4.167229815403466	RCSB-5C85-4YO-KD	1.0	0.2894736842105263	1.0
stratified_random_pair_5fold_non_headline	random-01	pocket_structure_knn_S1	S1	RCSB-4O76-1M3-KD	construct-003-fbf3f5c695a3	6.910094888560602	6.310729486974495	RCSB-4PS5-2TA-KD	1.0	0.6805555555555556	1.0
stratified_random_pair_5fold_non_headline	random-01	pocket_structure_knn_S1	S1	RCSB-7AXR-S7T-KD	construct-003-fbf3f5c695a3	4.940058111938045	6.310729486974495	RCSB-4PS5-2TA-KD	1.0	0.4225352112676056	1.0
stratified_random_pair_5fold_non_headline	random-01	pocket_structure_knn_S1	S1	RCSB-5D3T-56Y-KD	construct-003-fbf3f5c695a3	4.920818753952375	6.310729486974495	RCSB-4PS5-2TA-KD	1.0	0.3611111111111111	1.0
stratified_random_pair_5fold_non_headline	random-01	pocket_structure_knn_S1	S1	RCSB-5O1D-9GW-KD	construct-004-a02c0b37ee39	4.657577319177793	4.792250236534033	RCSB-4AGQ-P96-KD	1.0	0.7291666666666666	1.0
stratified_random_pair_5fold_non_headline	random-01	pocket_structure_knn_S1	S1	RCSB-8A92-LE9-KD	construct-004-a02c0b37ee39	3.0	4.792250236534033	RCSB-4AGQ-P96-KD	1.0	0.1590909090909091	1.0
stratified_random_pair_5fold_non_headline	random-01	pocket_structure_knn_S1	S1	RCSB-6RQ3-OUC-KD	construct-005-6f4aa0a92e90	4.0	5.059915765158306	RCSB-6RQ0-KE2-KD	1.0	0.717948717948718	1.0
stratified_random_pair_5fold_non_headline	random-01	pocket_structure_knn_S1	S1	RCSB-6RQ8-KEH-KD	construct-005-6f4aa0a92e90	6.552841968657781	5.059915765158306	RCSB-6RQ0-KE2-KD	1.0	0.6923076923076923	1.0
stratified_random_pair_5fold_non_headline	random-01	pocket_structure_knn_S1	S1	RCSB-6UOZ-QF1-KD	construct-006-4c5802bc11cc	7.0	6.581440475477997	RCSB-6U5M-Q0S-KD	1.0	0.7857142857142857	1.0
stratified_random_pair_5fold_non_headline	random-01	two_sided_ecfp_pocket_knn_S1	S1	RCSB-4UGA-Q05-KD	construct-001-c5158f5b655d	4.214670164989233	4.513818080479215	RCSB-4UGG-S5D-KD	0.625	0.390625	1.0
stratified_random_pair_5fold_non_headline	random-01	two_sided_ecfp_pocket_knn_S1	S1	RCSB-4UGH-4V4-KD	construct-001-c5158f5b655d	4.297052753818444	4.404542892959515	RCSB-4UGY-EXI-KD	0.851757122704842	0.7254901960784313	1.0
stratified_random_pair_5fold_non_headline	random-01	two_sided_ecfp_pocket_knn_S1	S1	RCSB-4UGC-1Q6-KD	construct-001-c5158f5b655d	4.728158393463501	4.941724193336039	RCSB-4UGD-Q14-KD	0.8695387058524823	0.7560975609756098	1.0
stratified_random_pair_5fold_non_headline	random-01	two_sided_ecfp_pocket_knn_S1	S1	RCSB-4UGB-QJ7-KD	construct-001-c5158f5b655d	3.6252516539898965	5.168516532592843	RCSB-4UG6-XFJ-KD	0.6377928041432807	0.4067796610169492	1.0
stratified_random_pair_5fold_non_headline	random-01	two_sided_ecfp_pocket_knn_S1	S1	RCSB-5EM3-5Q0-KD	construct-002-cb5cf2af5e4a	3.6989700043360187	3.736601298313713	RCSB-5EWH-5SG-KD	0.6373774391990981	0.40625	1.0
stratified_random_pair_5fold_non_headline	random-01	two_sided_ecfp_pocket_knn_S1	S1	RCSB-5DYA-5GV-KD	construct-002-cb5cf2af5e4a	3.6989700043360187	3.926243526165992	RCSB-5EPR-5QY-KD	0.5705974021574557	0.32558139534883723	1.0
stratified_random_pair_5fold_non_headline	random-01	two_sided_ecfp_pocket_knn_S1	S1	RCSB-5O5H-9LK-KD	construct-002-cb5cf2af5e4a	4.1249387366083	5.052845690133849	RCSB-5EVA-5S9-KD	0.4372373160976031	0.19117647058823528	1.0
stratified_random_pair_5fold_non_headline	random-01	two_sided_ecfp_pocket_knn_S1	S1	RCSB-5EPS-5QX-KD	construct-002-cb5cf2af5e4a	4.42021640338319	3.915002634907247	RCSB-5EPR-5QY-KD	0.5380275868489703	0.2894736842105263	1.0
stratified_random_pair_5fold_non_headline	random-01	two_sided_ecfp_pocket_knn_S1	S1	RCSB-4O76-1M3-KD	construct-003-fbf3f5c695a3	6.910094888560602	7.160706360579159	RCSB-4PS5-2TA-KD	0.8249579113843054	0.6805555555555556	1.0
stratified_random_pair_5fold_non_headline	random-01	two_sided_ecfp_pocket_knn_S1	S1	RCSB-7AXR-S7T-KD	construct-003-fbf3f5c695a3	4.940058111938045	6.252043272646563	RCSB-5D3L-57F-KD	0.6500270850261592	0.4225352112676056	1.0
stratified_random_pair_5fold_non_headline	random-01	two_sided_ecfp_pocket_knn_S1	S1	RCSB-5D3T-56Y-KD	construct-003-fbf3f5c695a3	4.920818753952375	6.01820735487061	RCSB-5D3L-57F-KD	0.6009252125773316	0.3611111111111111	1.0
stratified_random_pair_5fold_non_headline	random-01	two_sided_ecfp_pocket_knn_S1	S1	RCSB-5O1D-9GW-KD	construct-004-a02c0b37ee39	4.657577319177793	4.394881435263992	RCSB-5O1G-9GK-KD	0.8539125638299665	0.7291666666666666	1.0
stratified_random_pair_5fold_non_headline	random-01	two_sided_ecfp_pocket_knn_S1	S1	RCSB-8A92-LE9-KD	construct-004-a02c0b37ee39	3.0	4.734884012684349	RCSB-5O1I-9GH-KD	0.21483446221182986	0.1590909090909091	1.0
stratified_random_pair_5fold_non_headline	random-01	two_sided_ecfp_pocket_knn_S1	S1	RCSB-6RQ3-OUC-KD	construct-005-6f4aa0a92e90	4.0	5.049886347706506	RCSB-6RQ1-KE5-KD	0.8473185457363234	0.717948717948718	1.0
stratified_random_pair_5fold_non_headline	random-01	two_sided_ecfp_pocket_knn_S1	S1	RCSB-6RQ8-KEH-KD	construct-005-6f4aa0a92e90	6.552841968657781	5.7295465045041105	RCSB-6RQ0-KE2-KD	0.8320502943378437	0.6923076923076923	1.0
stratified_random_pair_5fold_non_headline	random-01	two_sided_ecfp_pocket_knn_S1	S1	RCSB-6UOZ-QF1-KD	construct-006-4c5802bc11cc	7.0	6.659591175984706	RCSB-6UJ4-Q8S-KD	0.8864052604279183	0.7857142857142857	1.0
stratified_random_pair_5fold_non_headline	random-02	global_train_mean	no_input	RCSB-4UGS-H36-KD	construct-001-c5158f5b655d	3.8961962790440428	5.150083372731684			0.6666666666666666	1.0
stratified_random_pair_5fold_non_headline	random-02	global_train_mean	no_input	RCSB-4UGL-S90-KD	construct-001-c5158f5b655d	4.206628751081045	5.150083372731684			0.55	1.0
stratified_random_pair_5fold_non_headline	random-02	global_train_mean	no_input	RCSB-4UGD-Q14-KD	construct-001-c5158f5b655d	4.421360790031928	5.150083372731684			0.7560975609756098	1.0
stratified_random_pair_5fold_non_headline	random-02	global_train_mean	no_input	RCSB-4UGO-1QF-KD	construct-001-c5158f5b655d	4.205511953340831	5.150083372731684			0.6538461538461539	1.0
stratified_random_pair_5fold_non_headline	random-02	global_train_mean	no_input	RCSB-5EWH-5SG-KD	construct-002-cb5cf2af5e4a	3.769551078621726	5.150083372731684			0.40625	1.0
stratified_random_pair_5fold_non_headline	random-02	global_train_mean	no_input	RCSB-5O5F-9LT-KD	construct-002-cb5cf2af5e4a	4.301029995663981	5.150083372731684			0.3372093023255814	1.0
stratified_random_pair_5fold_non_headline	random-02	global_train_mean	no_input	RCSB-5EPR-5QY-KD	construct-002-cb5cf2af5e4a	4.040958607678906	5.150083372731684			0.32558139534883723	1.0
stratified_random_pair_5fold_non_headline	random-02	global_train_mean	no_input	RCSB-5O5A-9LN-KD	construct-002-cb5cf2af5e4a	4.769551078621726	5.150083372731684			0.2823529411764706	1.0
stratified_random_pair_5fold_non_headline	random-02	global_train_mean	no_input	RCSB-6FSY-E5Q-KD	construct-003-fbf3f5c695a3	6.607303046740334	5.150083372731684			0.2037037037037037	1.0
stratified_random_pair_5fold_non_headline	random-02	global_train_mean	no_input	RCSB-4PS5-2TA-KD	construct-003-fbf3f5c695a3	6.785156151952302	5.150083372731684			0.6805555555555556	1.0
stratified_random_pair_5fold_non_headline	random-02	global_train_mean	no_input	RCSB-6Q3Z-HG8-KD	construct-003-fbf3f5c695a3	7.356547323513812	5.150083372731684			0.7625	1.0
stratified_random_pair_5fold_non_headline	random-02	global_train_mean	no_input	RCSB-5O1G-9GK-KD	construct-004-a02c0b37ee39	3.935542010773082	5.150083372731684			0.7291666666666666	1.0
stratified_random_pair_5fold_non_headline	random-02	global_train_mean	no_input	RCSB-5O1C-9GZ-KD	construct-004-a02c0b37ee39	3.94692155651658	5.150083372731684			0.6046511627906976	1.0
stratified_random_pair_5fold_non_headline	random-02	global_train_mean	no_input	RCSB-6RQ0-KE2-KD	construct-005-6f4aa0a92e90	5.958607314841775	5.150083372731684			0.7567567567567568	1.0
stratified_random_pair_5fold_non_headline	random-02	global_train_mean	no_input	RCSB-6RQ9-KEQ-KD	construct-005-6f4aa0a92e90	4.982966660701219	5.150083372731684			0.6153846153846154	1.0
stratified_random_pair_5fold_non_headline	random-02	global_train_mean	no_input	RCSB-6U8L-Q1P-KD	construct-006-4c5802bc11cc	6.913640169325252	5.150083372731684			0.421875	1.0
stratified_random_pair_5fold_non_headline	random-02	target_mean_or_global_fallback	target_identity	RCSB-4UGS-H36-KD	construct-001-c5158f5b655d	3.8961962790440428	4.78522303855235			0.6666666666666666	1.0
stratified_random_pair_5fold_non_headline	random-02	target_mean_or_global_fallback	target_identity	RCSB-4UGL-S90-KD	construct-001-c5158f5b655d	4.206628751081045	4.78522303855235			0.55	1.0
stratified_random_pair_5fold_non_headline	random-02	target_mean_or_global_fallback	target_identity	RCSB-4UGD-Q14-KD	construct-001-c5158f5b655d	4.421360790031928	4.78522303855235			0.7560975609756098	1.0
stratified_random_pair_5fold_non_headline	random-02	target_mean_or_global_fallback	target_identity	RCSB-4UGO-1QF-KD	construct-001-c5158f5b655d	4.205511953340831	4.78522303855235			0.6538461538461539	1.0
stratified_random_pair_5fold_non_headline	random-02	target_mean_or_global_fallback	target_identity	RCSB-5EWH-5SG-KD	construct-002-cb5cf2af5e4a	3.769551078621726	4.426474693351492			0.40625	1.0
stratified_random_pair_5fold_non_headline	random-02	target_mean_or_global_fallback	target_identity	RCSB-5O5F-9LT-KD	construct-002-cb5cf2af5e4a	4.301029995663981	4.426474693351492			0.3372093023255814	1.0
stratified_random_pair_5fold_non_headline	random-02	target_mean_or_global_fallback	target_identity	RCSB-5EPR-5QY-KD	construct-002-cb5cf2af5e4a	4.040958607678906	4.426474693351492			0.32558139534883723	1.0
stratified_random_pair_5fold_non_headline	random-02	target_mean_or_global_fallback	target_identity	RCSB-5O5A-9LN-KD	construct-002-cb5cf2af5e4a	4.769551078621726	4.426474693351492			0.2823529411764706	1.0
stratified_random_pair_5fold_non_headline	random-02	target_mean_or_global_fallback	target_identity	RCSB-6FSY-E5Q-KD	construct-003-fbf3f5c695a3	6.607303046740334	6.36396895817569			0.2037037037037037	1.0
stratified_random_pair_5fold_non_headline	random-02	target_mean_or_global_fallback	target_identity	RCSB-4PS5-2TA-KD	construct-003-fbf3f5c695a3	6.785156151952302	6.36396895817569			0.6805555555555556	1.0
stratified_random_pair_5fold_non_headline	random-02	target_mean_or_global_fallback	target_identity	RCSB-6Q3Z-HG8-KD	construct-003-fbf3f5c695a3	7.356547323513812	6.36396895817569			0.7625	1.0
stratified_random_pair_5fold_non_headline	random-02	target_mean_or_global_fallback	target_identity	RCSB-5O1G-9GK-KD	construct-004-a02c0b37ee39	3.935542010773082	4.5959532577369755			0.7291666666666666	1.0
stratified_random_pair_5fold_non_headline	random-02	target_mean_or_global_fallback	target_identity	RCSB-5O1C-9GZ-KD	construct-004-a02c0b37ee39	3.94692155651658	4.5959532577369755			0.6046511627906976	1.0
stratified_random_pair_5fold_non_headline	random-02	target_mean_or_global_fallback	target_identity	RCSB-6RQ0-KE2-KD	construct-005-6f4aa0a92e90	5.958607314841775	5.261131841272257			0.7567567567567568	1.0
stratified_random_pair_5fold_non_headline	random-02	target_mean_or_global_fallback	target_identity	RCSB-6RQ9-KEQ-KD	construct-005-6f4aa0a92e90	4.982966660701219	5.261131841272257			0.6153846153846154	1.0
stratified_random_pair_5fold_non_headline	random-02	target_mean_or_global_fallback	target_identity	RCSB-6U8L-Q1P-KD	construct-006-4c5802bc11cc	6.913640169325252	5.923813346765749			0.421875	1.0
stratified_random_pair_5fold_non_headline	random-02	nuisance_ridge	metadata_only	RCSB-4UGS-H36-KD	construct-001-c5158f5b655d	3.8961962790440428	4.989791022445158			0.6666666666666666	1.0
stratified_random_pair_5fold_non_headline	random-02	nuisance_ridge	metadata_only	RCSB-4UGL-S90-KD	construct-001-c5158f5b655d	4.206628751081045	4.9954207265919			0.55	1.0
stratified_random_pair_5fold_non_headline	random-02	nuisance_ridge	metadata_only	RCSB-4UGD-Q14-KD	construct-001-c5158f5b655d	4.421360790031928	4.988466386175337			0.7560975609756098	1.0
stratified_random_pair_5fold_non_headline	random-02	nuisance_ridge	metadata_only	RCSB-4UGO-1QF-KD	construct-001-c5158f5b655d	4.205511953340831	4.976875818814398			0.6538461538461539	1.0
stratified_random_pair_5fold_non_headline	random-02	nuisance_ridge	metadata_only	RCSB-5EWH-5SG-KD	construct-002-cb5cf2af5e4a	3.769551078621726	5.0997733462109425			0.40625	1.0
stratified_random_pair_5fold_non_headline	random-02	nuisance_ridge	metadata_only	RCSB-5O5F-9LT-KD	construct-002-cb5cf2af5e4a	4.301029995663981	5.222663217157534			0.3372093023255814	1.0
stratified_random_pair_5fold_non_headline	random-02	nuisance_ridge	metadata_only	RCSB-5EPR-5QY-KD	construct-002-cb5cf2af5e4a	4.040958607678906	5.099111028076032			0.32558139534883723	1.0
stratified_random_pair_5fold_non_headline	random-02	nuisance_ridge	metadata_only	RCSB-5O5A-9LN-KD	construct-002-cb5cf2af5e4a	4.769551078621726	5.212794676947363			0.2823529411764706	1.0
stratified_random_pair_5fold_non_headline	random-02	nuisance_ridge	metadata_only	RCSB-6FSY-E5Q-KD	construct-003-fbf3f5c695a3	6.607303046740334	5.218075978983589			0.2037037037037037	1.0
stratified_random_pair_5fold_non_headline	random-02	nuisance_ridge	metadata_only	RCSB-4PS5-2TA-KD	construct-003-fbf3f5c695a3	6.785156151952302	4.9920333175107485			0.6805555555555556	1.0
stratified_random_pair_5fold_non_headline	random-02	nuisance_ridge	metadata_only	RCSB-6Q3Z-HG8-KD	construct-003-fbf3f5c695a3	7.356547323513812	5.2522334072985615			0.7625	1.0
stratified_random_pair_5fold_non_headline	random-02	nuisance_ridge	metadata_only	RCSB-5O1G-9GK-KD	construct-004-a02c0b37ee39	3.935542010773082	5.197680709655354			0.7291666666666666	1.0
stratified_random_pair_5fold_non_headline	random-02	nuisance_ridge	metadata_only	RCSB-5O1C-9GZ-KD	construct-004-a02c0b37ee39	3.94692155651658	5.198674186857721			0.6046511627906976	1.0
stratified_random_pair_5fold_non_headline	random-02	nuisance_ridge	metadata_only	RCSB-6RQ0-KE2-KD	construct-005-6f4aa0a92e90	5.958607314841775	5.279560903040665			0.7567567567567568	1.0
stratified_random_pair_5fold_non_headline	random-02	nuisance_ridge	metadata_only	RCSB-6RQ9-KEQ-KD	construct-005-6f4aa0a92e90	4.982966660701219	5.286184084389774			0.6153846153846154	1.0
stratified_random_pair_5fold_non_headline	random-02	nuisance_ridge	metadata_only	RCSB-6U8L-Q1P-KD	construct-006-4c5802bc11cc	6.913640169325252	5.234306734232698			0.421875	1.0
stratified_random_pair_5fold_non_headline	random-02	ligand_ecfp_ridge	ligand_only	RCSB-4UGS-H36-KD	construct-001-c5158f5b655d	3.8961962790440428	4.227903932208159			0.6666666666666666	1.0
stratified_random_pair_5fold_non_headline	random-02	ligand_ecfp_ridge	ligand_only	RCSB-4UGL-S90-KD	construct-001-c5158f5b655d	4.206628751081045	4.242630509693238			0.55	1.0
stratified_random_pair_5fold_non_headline	random-02	ligand_ecfp_ridge	ligand_only	RCSB-4UGD-Q14-KD	construct-001-c5158f5b655d	4.421360790031928	4.840141290304458			0.7560975609756098	1.0
stratified_random_pair_5fold_non_headline	random-02	ligand_ecfp_ridge	ligand_only	RCSB-4UGO-1QF-KD	construct-001-c5158f5b655d	4.205511953340831	4.084232002883945			0.6538461538461539	1.0
stratified_random_pair_5fold_non_headline	random-02	ligand_ecfp_ridge	ligand_only	RCSB-5EWH-5SG-KD	construct-002-cb5cf2af5e4a	3.769551078621726	4.14640063081088			0.40625	1.0
stratified_random_pair_5fold_non_headline	random-02	ligand_ecfp_ridge	ligand_only	RCSB-5O5F-9LT-KD	construct-002-cb5cf2af5e4a	4.301029995663981	4.0306706211613585			0.3372093023255814	1.0
stratified_random_pair_5fold_non_headline	random-02	ligand_ecfp_ridge	ligand_only	RCSB-5EPR-5QY-KD	construct-002-cb5cf2af5e4a	4.040958607678906	4.235707757091561			0.32558139534883723	1.0
stratified_random_pair_5fold_non_headline	random-02	ligand_ecfp_ridge	ligand_only	RCSB-5O5A-9LN-KD	construct-002-cb5cf2af5e4a	4.769551078621726	4.826784507732515			0.2823529411764706	1.0
stratified_random_pair_5fold_non_headline	random-02	ligand_ecfp_ridge	ligand_only	RCSB-6FSY-E5Q-KD	construct-003-fbf3f5c695a3	6.607303046740334	4.344993075651798			0.2037037037037037	1.0
stratified_random_pair_5fold_non_headline	random-02	ligand_ecfp_ridge	ligand_only	RCSB-4PS5-2TA-KD	construct-003-fbf3f5c695a3	6.785156151952302	6.361982381021095			0.6805555555555556	1.0
stratified_random_pair_5fold_non_headline	random-02	ligand_ecfp_ridge	ligand_only	RCSB-6Q3Z-HG8-KD	construct-003-fbf3f5c695a3	7.356547323513812	6.898708302564973			0.7625	1.0
stratified_random_pair_5fold_non_headline	random-02	ligand_ecfp_ridge	ligand_only	RCSB-5O1G-9GK-KD	construct-004-a02c0b37ee39	3.935542010773082	4.576444841378089			0.7291666666666666	1.0
stratified_random_pair_5fold_non_headline	random-02	ligand_ecfp_ridge	ligand_only	RCSB-5O1C-9GZ-KD	construct-004-a02c0b37ee39	3.94692155651658	4.328297179846671			0.6046511627906976	1.0
stratified_random_pair_5fold_non_headline	random-02	ligand_ecfp_ridge	ligand_only	RCSB-6RQ0-KE2-KD	construct-005-6f4aa0a92e90	5.958607314841775	5.438407295034598			0.7567567567567568	1.0
stratified_random_pair_5fold_non_headline	random-02	ligand_ecfp_ridge	ligand_only	RCSB-6RQ9-KEQ-KD	construct-005-6f4aa0a92e90	4.982966660701219	5.115928178867041			0.6153846153846154	1.0
stratified_random_pair_5fold_non_headline	random-02	ligand_ecfp_ridge	ligand_only	RCSB-6U8L-Q1P-KD	construct-006-4c5802bc11cc	6.913640169325252	5.615170083173225			0.421875	1.0
stratified_random_pair_5fold_non_headline	random-02	ligand_gmolai_ridge	ligand_only	RCSB-4UGS-H36-KD	construct-001-c5158f5b655d	3.8961962790440428	4.388333062992759			0.6666666666666666	1.0
stratified_random_pair_5fold_non_headline	random-02	ligand_gmolai_ridge	ligand_only	RCSB-4UGL-S90-KD	construct-001-c5158f5b655d	4.206628751081045	4.765519769413203			0.55	1.0
stratified_random_pair_5fold_non_headline	random-02	ligand_gmolai_ridge	ligand_only	RCSB-4UGD-Q14-KD	construct-001-c5158f5b655d	4.421360790031928	5.262161559560526			0.7560975609756098	1.0
stratified_random_pair_5fold_non_headline	random-02	ligand_gmolai_ridge	ligand_only	RCSB-4UGO-1QF-KD	construct-001-c5158f5b655d	4.205511953340831	4.686168170831911			0.6538461538461539	1.0
stratified_random_pair_5fold_non_headline	random-02	ligand_gmolai_ridge	ligand_only	RCSB-5EWH-5SG-KD	construct-002-cb5cf2af5e4a	3.769551078621726	3.4589841602960094			0.40625	1.0
stratified_random_pair_5fold_non_headline	random-02	ligand_gmolai_ridge	ligand_only	RCSB-5O5F-9LT-KD	construct-002-cb5cf2af5e4a	4.301029995663981	5.629769320177806			0.3372093023255814	1.0
stratified_random_pair_5fold_non_headline	random-02	ligand_gmolai_ridge	ligand_only	RCSB-5EPR-5QY-KD	construct-002-cb5cf2af5e4a	4.040958607678906	3.6443945322858036			0.32558139534883723	1.0
stratified_random_pair_5fold_non_headline	random-02	ligand_gmolai_ridge	ligand_only	RCSB-5O5A-9LN-KD	construct-002-cb5cf2af5e4a	4.769551078621726	5.636380763998292			0.2823529411764706	1.0
stratified_random_pair_5fold_non_headline	random-02	ligand_gmolai_ridge	ligand_only	RCSB-6FSY-E5Q-KD	construct-003-fbf3f5c695a3	6.607303046740334	4.740132229410459			0.2037037037037037	1.0
stratified_random_pair_5fold_non_headline	random-02	ligand_gmolai_ridge	ligand_only	RCSB-4PS5-2TA-KD	construct-003-fbf3f5c695a3	6.785156151952302	6.157694849573653			0.6805555555555556	1.0
stratified_random_pair_5fold_non_headline	random-02	ligand_gmolai_ridge	ligand_only	RCSB-6Q3Z-HG8-KD	construct-003-fbf3f5c695a3	7.356547323513812	6.3360305098601675			0.7625	1.0
stratified_random_pair_5fold_non_headline	random-02	ligand_gmolai_ridge	ligand_only	RCSB-5O1G-9GK-KD	construct-004-a02c0b37ee39	3.935542010773082	4.813673742931531			0.7291666666666666	1.0
stratified_random_pair_5fold_non_headline	random-02	ligand_gmolai_ridge	ligand_only	RCSB-5O1C-9GZ-KD	construct-004-a02c0b37ee39	3.94692155651658	4.792419110358117			0.6046511627906976	1.0
stratified_random_pair_5fold_non_headline	random-02	ligand_gmolai_ridge	ligand_only	RCSB-6RQ0-KE2-KD	construct-005-6f4aa0a92e90	5.958607314841775	4.9052352502883645			0.7567567567567568	1.0
stratified_random_pair_5fold_non_headline	random-02	ligand_gmolai_ridge	ligand_only	RCSB-6RQ9-KEQ-KD	construct-005-6f4aa0a92e90	4.982966660701219	5.014888861827591			0.6153846153846154	1.0
stratified_random_pair_5fold_non_headline	random-02	ligand_gmolai_ridge	ligand_only	RCSB-6U8L-Q1P-KD	construct-006-4c5802bc11cc	6.913640169325252	5.586108607718808			0.421875	1.0
stratified_random_pair_5fold_non_headline	random-02	protein_sequence_ridge	sequence_only	RCSB-4UGS-H36-KD	construct-001-c5158f5b655d	3.8961962790440428	4.793244902779721			0.6666666666666666	1.0
stratified_random_pair_5fold_non_headline	random-02	protein_sequence_ridge	sequence_only	RCSB-4UGL-S90-KD	construct-001-c5158f5b655d	4.206628751081045	4.793244902779721			0.55	1.0
stratified_random_pair_5fold_non_headline	random-02	protein_sequence_ridge	sequence_only	RCSB-4UGD-Q14-KD	construct-001-c5158f5b655d	4.421360790031928	4.793244902779721			0.7560975609756098	1.0
stratified_random_pair_5fold_non_headline	random-02	protein_sequence_ridge	sequence_only	RCSB-4UGO-1QF-KD	construct-001-c5158f5b655d	4.205511953340831	4.793244902779721			0.6538461538461539	1.0
stratified_random_pair_5fold_non_headline	random-02	protein_sequence_ridge	sequence_only	RCSB-5EWH-5SG-KD	construct-002-cb5cf2af5e4a	3.769551078621726	4.441372428230066			0.40625	1.0
stratified_random_pair_5fold_non_headline	random-02	protein_sequence_ridge	sequence_only	RCSB-5O5F-9LT-KD	construct-002-cb5cf2af5e4a	4.301029995663981	4.441372428230066			0.3372093023255814	1.0
stratified_random_pair_5fold_non_headline	random-02	protein_sequence_ridge	sequence_only	RCSB-5EPR-5QY-KD	construct-002-cb5cf2af5e4a	4.040958607678906	4.441372428230066			0.32558139534883723	1.0
stratified_random_pair_5fold_non_headline	random-02	protein_sequence_ridge	sequence_only	RCSB-5O5A-9LN-KD	construct-002-cb5cf2af5e4a	4.769551078621726	4.441372428230066			0.2823529411764706	1.0
stratified_random_pair_5fold_non_headline	random-02	protein_sequence_ridge	sequence_only	RCSB-6FSY-E5Q-KD	construct-003-fbf3f5c695a3	6.607303046740334	6.341236775495023			0.2037037037037037	1.0
stratified_random_pair_5fold_non_headline	random-02	protein_sequence_ridge	sequence_only	RCSB-4PS5-2TA-KD	construct-003-fbf3f5c695a3	6.785156151952302	6.341236775495023			0.6805555555555556	1.0
stratified_random_pair_5fold_non_headline	random-02	protein_sequence_ridge	sequence_only	RCSB-6Q3Z-HG8-KD	construct-003-fbf3f5c695a3	7.356547323513812	6.341236775495023			0.7625	1.0
stratified_random_pair_5fold_non_headline	random-02	protein_sequence_ridge	sequence_only	RCSB-5O1G-9GK-KD	construct-004-a02c0b37ee39	3.935542010773082	4.6094283480805975			0.7291666666666666	1.0
stratified_random_pair_5fold_non_headline	random-02	protein_sequence_ridge	sequence_only	RCSB-5O1C-9GZ-KD	construct-004-a02c0b37ee39	3.94692155651658	4.6094283480805975			0.6046511627906976	1.0
stratified_random_pair_5fold_non_headline	random-02	protein_sequence_ridge	sequence_only	RCSB-6RQ0-KE2-KD	construct-005-6f4aa0a92e90	5.958607314841775	5.253888069923942			0.7567567567567568	1.0
stratified_random_pair_5fold_non_headline	random-02	protein_sequence_ridge	sequence_only	RCSB-6RQ9-KEQ-KD	construct-005-6f4aa0a92e90	4.982966660701219	5.253888069923942			0.6153846153846154	1.0
stratified_random_pair_5fold_non_headline	random-02	protein_sequence_ridge	sequence_only	RCSB-6U8L-Q1P-KD	construct-006-4c5802bc11cc	6.913640169325252	5.905513044232618			0.421875	1.0
stratified_random_pair_5fold_non_headline	random-02	concat_ecfp_sequence_ridge	sequence_ligand	RCSB-4UGS-H36-KD	construct-001-c5158f5b655d	3.8961962790440428	4.3468248778218745			0.6666666666666666	1.0
stratified_random_pair_5fold_non_headline	random-02	concat_ecfp_sequence_ridge	sequence_ligand	RCSB-4UGL-S90-KD	construct-001-c5158f5b655d	4.206628751081045	4.297333591944515			0.55	1.0
stratified_random_pair_5fold_non_headline	random-02	concat_ecfp_sequence_ridge	sequence_ligand	RCSB-4UGD-Q14-KD	construct-001-c5158f5b655d	4.421360790031928	4.892172041581779			0.7560975609756098	1.0
stratified_random_pair_5fold_non_headline	random-02	concat_ecfp_sequence_ridge	sequence_ligand	RCSB-4UGO-1QF-KD	construct-001-c5158f5b655d	4.205511953340831	3.918124907403688			0.6538461538461539	1.0
stratified_random_pair_5fold_non_headline	random-02	concat_ecfp_sequence_ridge	sequence_ligand	RCSB-5EWH-5SG-KD	construct-002-cb5cf2af5e4a	3.769551078621726	3.980987751084292			0.40625	1.0
stratified_random_pair_5fold_non_headline	random-02	concat_ecfp_sequence_ridge	sequence_ligand	RCSB-5O5F-9LT-KD	construct-002-cb5cf2af5e4a	4.301029995663981	3.51839967643356			0.3372093023255814	1.0
stratified_random_pair_5fold_non_headline	random-02	concat_ecfp_sequence_ridge	sequence_ligand	RCSB-5EPR-5QY-KD	construct-002-cb5cf2af5e4a	4.040958607678906	4.091682773257325			0.32558139534883723	1.0
stratified_random_pair_5fold_non_headline	random-02	concat_ecfp_sequence_ridge	sequence_ligand	RCSB-5O5A-9LN-KD	construct-002-cb5cf2af5e4a	4.769551078621726	3.918339002562359			0.2823529411764706	1.0
stratified_random_pair_5fold_non_headline	random-02	concat_ecfp_sequence_ridge	sequence_ligand	RCSB-6FSY-E5Q-KD	construct-003-fbf3f5c695a3	6.607303046740334	5.6047810883328975			0.2037037037037037	1.0
stratified_random_pair_5fold_non_headline	random-02	concat_ecfp_sequence_ridge	sequence_ligand	RCSB-4PS5-2TA-KD	construct-003-fbf3f5c695a3	6.785156151952302	6.69681503201693			0.6805555555555556	1.0
stratified_random_pair_5fold_non_headline	random-02	concat_ecfp_sequence_ridge	sequence_ligand	RCSB-6Q3Z-HG8-KD	construct-003-fbf3f5c695a3	7.356547323513812	7.102515055540316			0.7625	1.0
stratified_random_pair_5fold_non_headline	random-02	concat_ecfp_sequence_ridge	sequence_ligand	RCSB-5O1G-9GK-KD	construct-004-a02c0b37ee39	3.935542010773082	4.513897890038978			0.7291666666666666	1.0
stratified_random_pair_5fold_non_headline	random-02	concat_ecfp_sequence_ridge	sequence_ligand	RCSB-5O1C-9GZ-KD	construct-004-a02c0b37ee39	3.94692155651658	4.324156417996364			0.6046511627906976	1.0
stratified_random_pair_5fold_non_headline	random-02	concat_ecfp_sequence_ridge	sequence_ligand	RCSB-6RQ0-KE2-KD	construct-005-6f4aa0a92e90	5.958607314841775	5.431881365487121			0.7567567567567568	1.0
stratified_random_pair_5fold_non_headline	random-02	concat_ecfp_sequence_ridge	sequence_ligand	RCSB-6RQ9-KEQ-KD	construct-005-6f4aa0a92e90	4.982966660701219	5.369925394231193			0.6153846153846154	1.0
stratified_random_pair_5fold_non_headline	random-02	concat_ecfp_sequence_ridge	sequence_ligand	RCSB-6U8L-Q1P-KD	construct-006-4c5802bc11cc	6.913640169325252	5.67476410876742			0.421875	1.0
stratified_random_pair_5fold_non_headline	random-02	pocket_composition_ridge_S0	S0	RCSB-4UGS-H36-KD	construct-001-c5158f5b655d	3.8961962790440428	4.913128911155029			0.6666666666666666	1.0
stratified_random_pair_5fold_non_headline	random-02	pocket_composition_ridge_S0	S0	RCSB-4UGL-S90-KD	construct-001-c5158f5b655d	4.206628751081045	4.913128911155029			0.55	1.0
stratified_random_pair_5fold_non_headline	random-02	pocket_composition_ridge_S0	S0	RCSB-4UGD-Q14-KD	construct-001-c5158f5b655d	4.421360790031928	4.913128911155029			0.7560975609756098	1.0
stratified_random_pair_5fold_non_headline	random-02	pocket_composition_ridge_S0	S0	RCSB-4UGO-1QF-KD	construct-001-c5158f5b655d	4.205511953340831	4.913128911155029			0.6538461538461539	1.0
stratified_random_pair_5fold_non_headline	random-02	pocket_composition_ridge_S0	S0	RCSB-5EWH-5SG-KD	construct-002-cb5cf2af5e4a	3.769551078621726	4.623289551331783			0.40625	1.0
stratified_random_pair_5fold_non_headline	random-02	pocket_composition_ridge_S0	S0	RCSB-5O5F-9LT-KD	construct-002-cb5cf2af5e4a	4.301029995663981	4.623289551331783			0.3372093023255814	1.0
stratified_random_pair_5fold_non_headline	random-02	pocket_composition_ridge_S0	S0	RCSB-5EPR-5QY-KD	construct-002-cb5cf2af5e4a	4.040958607678906	4.623289551331783			0.32558139534883723	1.0
stratified_random_pair_5fold_non_headline	random-02	pocket_composition_ridge_S0	S0	RCSB-5O5A-9LN-KD	construct-002-cb5cf2af5e4a	4.769551078621726	4.623289551331783			0.2823529411764706	1.0
stratified_random_pair_5fold_non_headline	random-02	pocket_composition_ridge_S0	S0	RCSB-6FSY-E5Q-KD	construct-003-fbf3f5c695a3	6.607303046740334	5.933759470417364			0.2037037037037037	1.0
stratified_random_pair_5fold_non_headline	random-02	pocket_composition_ridge_S0	S0	RCSB-4PS5-2TA-KD	construct-003-fbf3f5c695a3	6.785156151952302	5.933759470417364			0.6805555555555556	1.0
stratified_random_pair_5fold_non_headline	random-02	pocket_composition_ridge_S0	S0	RCSB-6Q3Z-HG8-KD	construct-003-fbf3f5c695a3	7.356547323513812	5.933759470417364			0.7625	1.0
stratified_random_pair_5fold_non_headline	random-02	pocket_composition_ridge_S0	S0	RCSB-5O1G-9GK-KD	construct-004-a02c0b37ee39	3.935542010773082	4.8439307299646845			0.7291666666666666	1.0
stratified_random_pair_5fold_non_headline	random-02	pocket_composition_ridge_S0	S0	RCSB-5O1C-9GZ-KD	construct-004-a02c0b37ee39	3.94692155651658	4.8439307299646845			0.6046511627906976	1.0
stratified_random_pair_5fold_non_headline	random-02	pocket_composition_ridge_S0	S0	RCSB-6RQ0-KE2-KD	construct-005-6f4aa0a92e90	5.958607314841775	5.2801226702218695			0.7567567567567568	1.0
stratified_random_pair_5fold_non_headline	random-02	pocket_composition_ridge_S0	S0	RCSB-6RQ9-KEQ-KD	construct-005-6f4aa0a92e90	4.982966660701219	5.2801226702218695			0.6153846153846154	1.0
stratified_random_pair_5fold_non_headline	random-02	pocket_composition_ridge_S0	S0	RCSB-6U8L-Q1P-KD	construct-006-4c5802bc11cc	6.913640169325252	5.664316224655956			0.421875	1.0
stratified_random_pair_5fold_non_headline	random-02	pocket_structure_ridge_S0	S0	RCSB-4UGS-H36-KD	construct-001-c5158f5b655d	3.8961962790440428	4.769208754356826			0.6666666666666666	1.0
stratified_random_pair_5fold_non_headline	random-02	pocket_structure_ridge_S0	S0	RCSB-4UGL-S90-KD	construct-001-c5158f5b655d	4.206628751081045	4.8154677301114015			0.55	1.0
stratified_random_pair_5fold_non_headline	random-02	pocket_structure_ridge_S0	S0	RCSB-4UGD-Q14-KD	construct-001-c5158f5b655d	4.421360790031928	4.8474770339175794			0.7560975609756098	1.0
stratified_random_pair_5fold_non_headline	random-02	pocket_structure_ridge_S0	S0	RCSB-4UGO-1QF-KD	construct-001-c5158f5b655d	4.205511953340831	4.858754916712246			0.6538461538461539	1.0
stratified_random_pair_5fold_non_headline	random-02	pocket_structure_ridge_S0	S0	RCSB-5EWH-5SG-KD	construct-002-cb5cf2af5e4a	3.769551078621726	4.496408003071607			0.40625	1.0
stratified_random_pair_5fold_non_headline	random-02	pocket_structure_ridge_S0	S0	RCSB-5O5F-9LT-KD	construct-002-cb5cf2af5e4a	4.301029995663981	4.59691763772656			0.3372093023255814	1.0
stratified_random_pair_5fold_non_headline	random-02	pocket_structure_ridge_S0	S0	RCSB-5EPR-5QY-KD	construct-002-cb5cf2af5e4a	4.040958607678906	4.593155091664448			0.32558139534883723	1.0
stratified_random_pair_5fold_non_headline	random-02	pocket_structure_ridge_S0	S0	RCSB-5O5A-9LN-KD	construct-002-cb5cf2af5e4a	4.769551078621726	4.503767622752626			0.2823529411764706	1.0
stratified_random_pair_5fold_non_headline	random-02	pocket_structure_ridge_S0	S0	RCSB-6FSY-E5Q-KD	construct-003-fbf3f5c695a3	6.607303046740334	6.016273625562667			0.2037037037037037	1.0
stratified_random_pair_5fold_non_headline	random-02	pocket_structure_ridge_S0	S0	RCSB-4PS5-2TA-KD	construct-003-fbf3f5c695a3	6.785156151952302	5.956955017367101			0.6805555555555556	1.0
stratified_random_pair_5fold_non_headline	random-02	pocket_structure_ridge_S0	S0	RCSB-6Q3Z-HG8-KD	construct-003-fbf3f5c695a3	7.356547323513812	6.109925765079755			0.7625	1.0
stratified_random_pair_5fold_non_headline	random-02	pocket_structure_ridge_S0	S0	RCSB-5O1G-9GK-KD	construct-004-a02c0b37ee39	3.935542010773082	4.808647734103834			0.7291666666666666	1.0
stratified_random_pair_5fold_non_headline	random-02	pocket_structure_ridge_S0	S0	RCSB-5O1C-9GZ-KD	construct-004-a02c0b37ee39	3.94692155651658	4.80656587323624			0.6046511627906976	1.0
stratified_random_pair_5fold_non_headline	random-02	pocket_structure_ridge_S0	S0	RCSB-6RQ0-KE2-KD	construct-005-6f4aa0a92e90	5.958607314841775	5.274264174848326			0.7567567567567568	1.0
stratified_random_pair_5fold_non_headline	random-02	pocket_structure_ridge_S0	S0	RCSB-6RQ9-KEQ-KD	construct-005-6f4aa0a92e90	4.982966660701219	5.379883319593433			0.6153846153846154	1.0
stratified_random_pair_5fold_non_headline	random-02	pocket_structure_ridge_S0	S0	RCSB-6U8L-Q1P-KD	construct-006-4c5802bc11cc	6.913640169325252	5.628763644614533			0.421875	1.0
stratified_random_pair_5fold_non_headline	random-02	concat_ecfp_pocket_ridge_S0	S0	RCSB-4UGS-H36-KD	construct-001-c5158f5b655d	3.8961962790440428	4.2772359826741395			0.6666666666666666	1.0
stratified_random_pair_5fold_non_headline	random-02	concat_ecfp_pocket_ridge_S0	S0	RCSB-4UGL-S90-KD	construct-001-c5158f5b655d	4.206628751081045	4.2241489128062115			0.55	1.0
stratified_random_pair_5fold_non_headline	random-02	concat_ecfp_pocket_ridge_S0	S0	RCSB-4UGD-Q14-KD	construct-001-c5158f5b655d	4.421360790031928	4.858646779341196			0.7560975609756098	1.0
stratified_random_pair_5fold_non_headline	random-02	concat_ecfp_pocket_ridge_S0	S0	RCSB-4UGO-1QF-KD	construct-001-c5158f5b655d	4.205511953340831	4.013436146721877			0.6538461538461539	1.0
stratified_random_pair_5fold_non_headline	random-02	concat_ecfp_pocket_ridge_S0	S0	RCSB-5EWH-5SG-KD	construct-002-cb5cf2af5e4a	3.769551078621726	4.023792237750502			0.40625	1.0
stratified_random_pair_5fold_non_headline	random-02	concat_ecfp_pocket_ridge_S0	S0	RCSB-5O5F-9LT-KD	construct-002-cb5cf2af5e4a	4.301029995663981	3.816386939213859			0.3372093023255814	1.0
stratified_random_pair_5fold_non_headline	random-02	concat_ecfp_pocket_ridge_S0	S0	RCSB-5EPR-5QY-KD	construct-002-cb5cf2af5e4a	4.040958607678906	4.166364370879024			0.32558139534883723	1.0
stratified_random_pair_5fold_non_headline	random-02	concat_ecfp_pocket_ridge_S0	S0	RCSB-5O5A-9LN-KD	construct-002-cb5cf2af5e4a	4.769551078621726	4.502766527930017			0.2823529411764706	1.0
stratified_random_pair_5fold_non_headline	random-02	concat_ecfp_pocket_ridge_S0	S0	RCSB-6FSY-E5Q-KD	construct-003-fbf3f5c695a3	6.607303046740334	4.663342796394078			0.2037037037037037	1.0
stratified_random_pair_5fold_non_headline	random-02	concat_ecfp_pocket_ridge_S0	S0	RCSB-4PS5-2TA-KD	construct-003-fbf3f5c695a3	6.785156151952302	6.42376712192654			0.6805555555555556	1.0
stratified_random_pair_5fold_non_headline	random-02	concat_ecfp_pocket_ridge_S0	S0	RCSB-6Q3Z-HG8-KD	construct-003-fbf3f5c695a3	7.356547323513812	6.950728787815166			0.7625	1.0
stratified_random_pair_5fold_non_headline	random-02	concat_ecfp_pocket_ridge_S0	S0	RCSB-5O1G-9GK-KD	construct-004-a02c0b37ee39	3.935542010773082	4.541784863250209			0.7291666666666666	1.0
stratified_random_pair_5fold_non_headline	random-02	concat_ecfp_pocket_ridge_S0	S0	RCSB-5O1C-9GZ-KD	construct-004-a02c0b37ee39	3.94692155651658	4.334336779452921			0.6046511627906976	1.0
stratified_random_pair_5fold_non_headline	random-02	concat_ecfp_pocket_ridge_S0	S0	RCSB-6RQ0-KE2-KD	construct-005-6f4aa0a92e90	5.958607314841775	5.4592284825538915			0.7567567567567568	1.0
stratified_random_pair_5fold_non_headline	random-02	concat_ecfp_pocket_ridge_S0	S0	RCSB-6RQ9-KEQ-KD	construct-005-6f4aa0a92e90	4.982966660701219	5.282367823206616			0.6153846153846154	1.0
stratified_random_pair_5fold_non_headline	random-02	concat_ecfp_pocket_ridge_S0	S0	RCSB-6U8L-Q1P-KD	construct-006-4c5802bc11cc	6.913640169325252	5.677883762181566			0.421875	1.0
stratified_random_pair_5fold_non_headline	random-02	concat_gmolai_pocket_ridge_S0	S0	RCSB-4UGS-H36-KD	construct-001-c5158f5b655d	3.8961962790440428	4.42663573216114			0.6666666666666666	1.0
stratified_random_pair_5fold_non_headline	random-02	concat_gmolai_pocket_ridge_S0	S0	RCSB-4UGL-S90-KD	construct-001-c5158f5b655d	4.206628751081045	4.628828422857801			0.55	1.0
stratified_random_pair_5fold_non_headline	random-02	concat_gmolai_pocket_ridge_S0	S0	RCSB-4UGD-Q14-KD	construct-001-c5158f5b655d	4.421360790031928	5.204618101032248			0.7560975609756098	1.0
stratified_random_pair_5fold_non_headline	random-02	concat_gmolai_pocket_ridge_S0	S0	RCSB-4UGO-1QF-KD	construct-001-c5158f5b655d	4.205511953340831	4.504218051616547			0.6538461538461539	1.0
stratified_random_pair_5fold_non_headline	random-02	concat_gmolai_pocket_ridge_S0	S0	RCSB-5EWH-5SG-KD	construct-002-cb5cf2af5e4a	3.769551078621726	3.5264689175460475			0.40625	1.0
stratified_random_pair_5fold_non_headline	random-02	concat_gmolai_pocket_ridge_S0	S0	RCSB-5O5F-9LT-KD	construct-002-cb5cf2af5e4a	4.301029995663981	5.215339338665364			0.3372093023255814	1.0
stratified_random_pair_5fold_non_headline	random-02	concat_gmolai_pocket_ridge_S0	S0	RCSB-5EPR-5QY-KD	construct-002-cb5cf2af5e4a	4.040958607678906	3.6768324290147816			0.32558139534883723	1.0
stratified_random_pair_5fold_non_headline	random-02	concat_gmolai_pocket_ridge_S0	S0	RCSB-5O5A-9LN-KD	construct-002-cb5cf2af5e4a	4.769551078621726	5.073118381701836			0.2823529411764706	1.0
stratified_random_pair_5fold_non_headline	random-02	concat_gmolai_pocket_ridge_S0	S0	RCSB-6FSY-E5Q-KD	construct-003-fbf3f5c695a3	6.607303046740334	5.510802769890156			0.2037037037037037	1.0
stratified_random_pair_5fold_non_headline	random-02	concat_gmolai_pocket_ridge_S0	S0	RCSB-4PS5-2TA-KD	construct-003-fbf3f5c695a3	6.785156151952302	6.581880133943751			0.6805555555555556	1.0
stratified_random_pair_5fold_non_headline	random-02	concat_gmolai_pocket_ridge_S0	S0	RCSB-6Q3Z-HG8-KD	construct-003-fbf3f5c695a3	7.356547323513812	6.631196776683113			0.7625	1.0
stratified_random_pair_5fold_non_headline	random-02	concat_gmolai_pocket_ridge_S0	S0	RCSB-5O1G-9GK-KD	construct-004-a02c0b37ee39	3.935542010773082	4.69441053533471			0.7291666666666666	1.0
stratified_random_pair_5fold_non_headline	random-02	concat_gmolai_pocket_ridge_S0	S0	RCSB-5O1C-9GZ-KD	construct-004-a02c0b37ee39	3.94692155651658	4.642774242725451			0.6046511627906976	1.0
stratified_random_pair_5fold_non_headline	random-02	concat_gmolai_pocket_ridge_S0	S0	RCSB-6RQ0-KE2-KD	construct-005-6f4aa0a92e90	5.958607314841775	4.893144161069773			0.7567567567567568	1.0
stratified_random_pair_5fold_non_headline	random-02	concat_gmolai_pocket_ridge_S0	S0	RCSB-6RQ9-KEQ-KD	construct-005-6f4aa0a92e90	4.982966660701219	4.939697312395805			0.6153846153846154	1.0
stratified_random_pair_5fold_non_headline	random-02	concat_gmolai_pocket_ridge_S0	S0	RCSB-6U8L-Q1P-KD	construct-006-4c5802bc11cc	6.913640169325252	5.561340690086912			0.421875	1.0
stratified_random_pair_5fold_non_headline	random-02	pocket_composition_ridge_S1	S1	RCSB-4UGS-H36-KD	construct-001-c5158f5b655d	3.8961962790440428	4.916773084328797			0.6666666666666666	1.0
stratified_random_pair_5fold_non_headline	random-02	pocket_composition_ridge_S1	S1	RCSB-4UGL-S90-KD	construct-001-c5158f5b655d	4.206628751081045	4.916773084328797			0.55	1.0
stratified_random_pair_5fold_non_headline	random-02	pocket_composition_ridge_S1	S1	RCSB-4UGD-Q14-KD	construct-001-c5158f5b655d	4.421360790031928	4.916773084328797			0.7560975609756098	1.0
stratified_random_pair_5fold_non_headline	random-02	pocket_composition_ridge_S1	S1	RCSB-4UGO-1QF-KD	construct-001-c5158f5b655d	4.205511953340831	4.916773084328797			0.6538461538461539	1.0
stratified_random_pair_5fold_non_headline	random-02	pocket_composition_ridge_S1	S1	RCSB-5EWH-5SG-KD	construct-002-cb5cf2af5e4a	3.769551078621726	4.622204608637569			0.40625	1.0
stratified_random_pair_5fold_non_headline	random-02	pocket_composition_ridge_S1	S1	RCSB-5O5F-9LT-KD	construct-002-cb5cf2af5e4a	4.301029995663981	4.622204608637569			0.3372093023255814	1.0
stratified_random_pair_5fold_non_headline	random-02	pocket_composition_ridge_S1	S1	RCSB-5EPR-5QY-KD	construct-002-cb5cf2af5e4a	4.040958607678906	4.622204608637569			0.32558139534883723	1.0
stratified_random_pair_5fold_non_headline	random-02	pocket_composition_ridge_S1	S1	RCSB-5O5A-9LN-KD	construct-002-cb5cf2af5e4a	4.769551078621726	4.622204608637569			0.2823529411764706	1.0
stratified_random_pair_5fold_non_headline	random-02	pocket_composition_ridge_S1	S1	RCSB-6FSY-E5Q-KD	construct-003-fbf3f5c695a3	6.607303046740334	5.938803294692531			0.2037037037037037	1.0
stratified_random_pair_5fold_non_headline	random-02	pocket_composition_ridge_S1	S1	RCSB-4PS5-2TA-KD	construct-003-fbf3f5c695a3	6.785156151952302	5.938803294692531			0.6805555555555556	1.0
stratified_random_pair_5fold_non_headline	random-02	pocket_composition_ridge_S1	S1	RCSB-6Q3Z-HG8-KD	construct-003-fbf3f5c695a3	7.356547323513812	5.938803294692531			0.7625	1.0
stratified_random_pair_5fold_non_headline	random-02	pocket_composition_ridge_S1	S1	RCSB-5O1G-9GK-KD	construct-004-a02c0b37ee39	3.935542010773082	4.832548871525251			0.7291666666666666	1.0
stratified_random_pair_5fold_non_headline	random-02	pocket_composition_ridge_S1	S1	RCSB-5O1C-9GZ-KD	construct-004-a02c0b37ee39	3.94692155651658	4.832548871525251			0.6046511627906976	1.0
stratified_random_pair_5fold_non_headline	random-02	pocket_composition_ridge_S1	S1	RCSB-6RQ0-KE2-KD	construct-005-6f4aa0a92e90	5.958607314841775	5.278950084065579			0.7567567567567568	1.0
stratified_random_pair_5fold_non_headline	random-02	pocket_composition_ridge_S1	S1	RCSB-6RQ9-KEQ-KD	construct-005-6f4aa0a92e90	4.982966660701219	5.278950084065579			0.6153846153846154	1.0
stratified_random_pair_5fold_non_headline	random-02	pocket_composition_ridge_S1	S1	RCSB-6U8L-Q1P-KD	construct-006-4c5802bc11cc	6.913640169325252	5.6631413376229816			0.421875	1.0
stratified_random_pair_5fold_non_headline	random-02	pocket_structure_ridge_S1	S1	RCSB-4UGS-H36-KD	construct-001-c5158f5b655d	3.8961962790440428	4.863685386410536			0.6666666666666666	1.0
stratified_random_pair_5fold_non_headline	random-02	pocket_structure_ridge_S1	S1	RCSB-4UGL-S90-KD	construct-001-c5158f5b655d	4.206628751081045	4.863685386410536			0.55	1.0
stratified_random_pair_5fold_non_headline	random-02	pocket_structure_ridge_S1	S1	RCSB-4UGD-Q14-KD	construct-001-c5158f5b655d	4.421360790031928	4.863685386410536			0.7560975609756098	1.0
stratified_random_pair_5fold_non_headline	random-02	pocket_structure_ridge_S1	S1	RCSB-4UGO-1QF-KD	construct-001-c5158f5b655d	4.205511953340831	4.863685386410536			0.6538461538461539	1.0
stratified_random_pair_5fold_non_headline	random-02	pocket_structure_ridge_S1	S1	RCSB-5EWH-5SG-KD	construct-002-cb5cf2af5e4a	3.769551078621726	4.56499025969004			0.40625	1.0
stratified_random_pair_5fold_non_headline	random-02	pocket_structure_ridge_S1	S1	RCSB-5O5F-9LT-KD	construct-002-cb5cf2af5e4a	4.301029995663981	4.56499025969004			0.3372093023255814	1.0
stratified_random_pair_5fold_non_headline	random-02	pocket_structure_ridge_S1	S1	RCSB-5EPR-5QY-KD	construct-002-cb5cf2af5e4a	4.040958607678906	4.56499025969004			0.32558139534883723	1.0
stratified_random_pair_5fold_non_headline	random-02	pocket_structure_ridge_S1	S1	RCSB-5O5A-9LN-KD	construct-002-cb5cf2af5e4a	4.769551078621726	4.56499025969004			0.2823529411764706	1.0
stratified_random_pair_5fold_non_headline	random-02	pocket_structure_ridge_S1	S1	RCSB-6FSY-E5Q-KD	construct-003-fbf3f5c695a3	6.607303046740334	6.082399215263244			0.2037037037037037	1.0
stratified_random_pair_5fold_non_headline	random-02	pocket_structure_ridge_S1	S1	RCSB-4PS5-2TA-KD	construct-003-fbf3f5c695a3	6.785156151952302	6.082399215263244			0.6805555555555556	1.0
stratified_random_pair_5fold_non_headline	random-02	pocket_structure_ridge_S1	S1	RCSB-6Q3Z-HG8-KD	construct-003-fbf3f5c695a3	7.356547323513812	6.082399215263244			0.7625	1.0
stratified_random_pair_5fold_non_headline	random-02	pocket_structure_ridge_S1	S1	RCSB-5O1G-9GK-KD	construct-004-a02c0b37ee39	3.935542010773082	4.752057113257364			0.7291666666666666	1.0
stratified_random_pair_5fold_non_headline	random-02	pocket_structure_ridge_S1	S1	RCSB-5O1C-9GZ-KD	construct-004-a02c0b37ee39	3.94692155651658	4.752057113257364			0.6046511627906976	1.0
stratified_random_pair_5fold_non_headline	random-02	pocket_structure_ridge_S1	S1	RCSB-6RQ0-KE2-KD	construct-005-6f4aa0a92e90	5.958607314841775	5.283698161719662			0.7567567567567568	1.0
stratified_random_pair_5fold_non_headline	random-02	pocket_structure_ridge_S1	S1	RCSB-6RQ9-KEQ-KD	construct-005-6f4aa0a92e90	4.982966660701219	5.283698161719662			0.6153846153846154	1.0
stratified_random_pair_5fold_non_headline	random-02	pocket_structure_ridge_S1	S1	RCSB-6U8L-Q1P-KD	construct-006-4c5802bc11cc	6.913640169325252	5.740580934580526			0.421875	1.0
stratified_random_pair_5fold_non_headline	random-02	concat_ecfp_pocket_ridge_S1	S1	RCSB-4UGS-H36-KD	construct-001-c5158f5b655d	3.8961962790440428	4.26922785993244			0.6666666666666666	1.0
stratified_random_pair_5fold_non_headline	random-02	concat_ecfp_pocket_ridge_S1	S1	RCSB-4UGL-S90-KD	construct-001-c5158f5b655d	4.206628751081045	4.230701585904471			0.55	1.0
stratified_random_pair_5fold_non_headline	random-02	concat_ecfp_pocket_ridge_S1	S1	RCSB-4UGD-Q14-KD	construct-001-c5158f5b655d	4.421360790031928	4.868571281694616			0.7560975609756098	1.0
stratified_random_pair_5fold_non_headline	random-02	concat_ecfp_pocket_ridge_S1	S1	RCSB-4UGO-1QF-KD	construct-001-c5158f5b655d	4.205511953340831	4.003105862653259			0.6538461538461539	1.0
stratified_random_pair_5fold_non_headline	random-02	concat_ecfp_pocket_ridge_S1	S1	RCSB-5EWH-5SG-KD	construct-002-cb5cf2af5e4a	3.769551078621726	4.051890694725915			0.40625	1.0
stratified_random_pair_5fold_non_headline	random-02	concat_ecfp_pocket_ridge_S1	S1	RCSB-5O5F-9LT-KD	construct-002-cb5cf2af5e4a	4.301029995663981	3.768549494096903			0.3372093023255814	1.0
stratified_random_pair_5fold_non_headline	random-02	concat_ecfp_pocket_ridge_S1	S1	RCSB-5EPR-5QY-KD	construct-002-cb5cf2af5e4a	4.040958607678906	4.150245451541043			0.32558139534883723	1.0
stratified_random_pair_5fold_non_headline	random-02	concat_ecfp_pocket_ridge_S1	S1	RCSB-5O5A-9LN-KD	construct-002-cb5cf2af5e4a	4.769551078621726	4.501242746121978			0.2823529411764706	1.0
stratified_random_pair_5fold_non_headline	random-02	concat_ecfp_pocket_ridge_S1	S1	RCSB-6FSY-E5Q-KD	construct-003-fbf3f5c695a3	6.607303046740334	4.689988785371538			0.2037037037037037	1.0
stratified_random_pair_5fold_non_headline	random-02	concat_ecfp_pocket_ridge_S1	S1	RCSB-4PS5-2TA-KD	construct-003-fbf3f5c695a3	6.785156151952302	6.44493479987047			0.6805555555555556	1.0
stratified_random_pair_5fold_non_headline	random-02	concat_ecfp_pocket_ridge_S1	S1	RCSB-6Q3Z-HG8-KD	construct-003-fbf3f5c695a3	7.356547323513812	6.959955618891792			0.7625	1.0
stratified_random_pair_5fold_non_headline	random-02	concat_ecfp_pocket_ridge_S1	S1	RCSB-5O1G-9GK-KD	construct-004-a02c0b37ee39	3.935542010773082	4.5458120259658275			0.7291666666666666	1.0
stratified_random_pair_5fold_non_headline	random-02	concat_ecfp_pocket_ridge_S1	S1	RCSB-5O1C-9GZ-KD	construct-004-a02c0b37ee39	3.94692155651658	4.331866020728686			0.6046511627906976	1.0
stratified_random_pair_5fold_non_headline	random-02	concat_ecfp_pocket_ridge_S1	S1	RCSB-6RQ0-KE2-KD	construct-005-6f4aa0a92e90	5.958607314841775	5.455660872432431			0.7567567567567568	1.0
stratified_random_pair_5fold_non_headline	random-02	concat_ecfp_pocket_ridge_S1	S1	RCSB-6RQ9-KEQ-KD	construct-005-6f4aa0a92e90	4.982966660701219	5.268329335342848			0.6153846153846154	1.0
stratified_random_pair_5fold_non_headline	random-02	concat_ecfp_pocket_ridge_S1	S1	RCSB-6U8L-Q1P-KD	construct-006-4c5802bc11cc	6.913640169325252	5.701888384905638			0.421875	1.0
stratified_random_pair_5fold_non_headline	random-02	concat_gmolai_pocket_ridge_S1	S1	RCSB-4UGS-H36-KD	construct-001-c5158f5b655d	3.8961962790440428	4.448001546810728			0.6666666666666666	1.0
stratified_random_pair_5fold_non_headline	random-02	concat_gmolai_pocket_ridge_S1	S1	RCSB-4UGL-S90-KD	construct-001-c5158f5b655d	4.206628751081045	4.609667068443515			0.55	1.0
stratified_random_pair_5fold_non_headline	random-02	concat_gmolai_pocket_ridge_S1	S1	RCSB-4UGD-Q14-KD	construct-001-c5158f5b655d	4.421360790031928	5.198556203058629			0.7560975609756098	1.0
stratified_random_pair_5fold_non_headline	random-02	concat_gmolai_pocket_ridge_S1	S1	RCSB-4UGO-1QF-KD	construct-001-c5158f5b655d	4.205511953340831	4.4702349401577255			0.6538461538461539	1.0
stratified_random_pair_5fold_non_headline	random-02	concat_gmolai_pocket_ridge_S1	S1	RCSB-5EWH-5SG-KD	construct-002-cb5cf2af5e4a	3.769551078621726	3.5893185748817085			0.40625	1.0
stratified_random_pair_5fold_non_headline	random-02	concat_gmolai_pocket_ridge_S1	S1	RCSB-5O5F-9LT-KD	construct-002-cb5cf2af5e4a	4.301029995663981	5.190646516253616			0.3372093023255814	1.0
stratified_random_pair_5fold_non_headline	random-02	concat_gmolai_pocket_ridge_S1	S1	RCSB-5EPR-5QY-KD	construct-002-cb5cf2af5e4a	4.040958607678906	3.6627078499298413			0.32558139534883723	1.0
stratified_random_pair_5fold_non_headline	random-02	concat_gmolai_pocket_ridge_S1	S1	RCSB-5O5A-9LN-KD	construct-002-cb5cf2af5e4a	4.769551078621726	5.071959863183363			0.2823529411764706	1.0
stratified_random_pair_5fold_non_headline	random-02	concat_gmolai_pocket_ridge_S1	S1	RCSB-6FSY-E5Q-KD	construct-003-fbf3f5c695a3	6.607303046740334	5.561836250403953			0.2037037037037037	1.0
stratified_random_pair_5fold_non_headline	random-02	concat_gmolai_pocket_ridge_S1	S1	RCSB-4PS5-2TA-KD	construct-003-fbf3f5c695a3	6.785156151952302	6.622226756162297			0.6805555555555556	1.0
stratified_random_pair_5fold_non_headline	random-02	concat_gmolai_pocket_ridge_S1	S1	RCSB-6Q3Z-HG8-KD	construct-003-fbf3f5c695a3	7.356547323513812	6.679321633655291			0.7625	1.0
stratified_random_pair_5fold_non_headline	random-02	concat_gmolai_pocket_ridge_S1	S1	RCSB-5O1G-9GK-KD	construct-004-a02c0b37ee39	3.935542010773082	4.678397574719026			0.7291666666666666	1.0
stratified_random_pair_5fold_non_headline	random-02	concat_gmolai_pocket_ridge_S1	S1	RCSB-5O1C-9GZ-KD	construct-004-a02c0b37ee39	3.94692155651658	4.621384276431076			0.6046511627906976	1.0
stratified_random_pair_5fold_non_headline	random-02	concat_gmolai_pocket_ridge_S1	S1	RCSB-6RQ0-KE2-KD	construct-005-6f4aa0a92e90	5.958607314841775	4.888027139481561			0.7567567567567568	1.0
stratified_random_pair_5fold_non_headline	random-02	concat_gmolai_pocket_ridge_S1	S1	RCSB-6RQ9-KEQ-KD	construct-005-6f4aa0a92e90	4.982966660701219	4.915717417504345			0.6153846153846154	1.0
stratified_random_pair_5fold_non_headline	random-02	concat_gmolai_pocket_ridge_S1	S1	RCSB-6U8L-Q1P-KD	construct-006-4c5802bc11cc	6.913640169325252	5.598732609681111			0.421875	1.0
stratified_random_pair_5fold_non_headline	random-02	negative_pocket_permuted_concat_gmolai_S0	S0_negative_control	RCSB-4UGS-H36-KD	construct-001-c5158f5b655d	3.8961962790440428	4.45873916323276			0.6666666666666666	1.0
stratified_random_pair_5fold_non_headline	random-02	negative_pocket_permuted_concat_gmolai_S0	S0_negative_control	RCSB-4UGL-S90-KD	construct-001-c5158f5b655d	4.206628751081045	4.599946247882557			0.55	1.0
stratified_random_pair_5fold_non_headline	random-02	negative_pocket_permuted_concat_gmolai_S0	S0_negative_control	RCSB-4UGD-Q14-KD	construct-001-c5158f5b655d	4.421360790031928	5.1700046849943915			0.7560975609756098	1.0
stratified_random_pair_5fold_non_headline	random-02	negative_pocket_permuted_concat_gmolai_S0	S0_negative_control	RCSB-4UGO-1QF-KD	construct-001-c5158f5b655d	4.205511953340831	4.466791470940339			0.6538461538461539	1.0
stratified_random_pair_5fold_non_headline	random-02	negative_pocket_permuted_concat_gmolai_S0	S0_negative_control	RCSB-5EWH-5SG-KD	construct-002-cb5cf2af5e4a	3.769551078621726	3.5836298259960606			0.40625	1.0
stratified_random_pair_5fold_non_headline	random-02	negative_pocket_permuted_concat_gmolai_S0	S0_negative_control	RCSB-5O5F-9LT-KD	construct-002-cb5cf2af5e4a	4.301029995663981	5.217351117653946			0.3372093023255814	1.0
stratified_random_pair_5fold_non_headline	random-02	negative_pocket_permuted_concat_gmolai_S0	S0_negative_control	RCSB-5EPR-5QY-KD	construct-002-cb5cf2af5e4a	4.040958607678906	3.6904185948866344			0.32558139534883723	1.0
stratified_random_pair_5fold_non_headline	random-02	negative_pocket_permuted_concat_gmolai_S0	S0_negative_control	RCSB-5O5A-9LN-KD	construct-002-cb5cf2af5e4a	4.769551078621726	5.10163320667502			0.2823529411764706	1.0
stratified_random_pair_5fold_non_headline	random-02	negative_pocket_permuted_concat_gmolai_S0	S0_negative_control	RCSB-6FSY-E5Q-KD	construct-003-fbf3f5c695a3	6.607303046740334	5.46149825295841			0.2037037037037037	1.0
stratified_random_pair_5fold_non_headline	random-02	negative_pocket_permuted_concat_gmolai_S0	S0_negative_control	RCSB-4PS5-2TA-KD	construct-003-fbf3f5c695a3	6.785156151952302	6.618791925740961			0.6805555555555556	1.0
stratified_random_pair_5fold_non_headline	random-02	negative_pocket_permuted_concat_gmolai_S0	S0_negative_control	RCSB-6Q3Z-HG8-KD	construct-003-fbf3f5c695a3	7.356547323513812	6.649362608567885			0.7625	1.0
stratified_random_pair_5fold_non_headline	random-02	negative_pocket_permuted_concat_gmolai_S0	S0_negative_control	RCSB-5O1G-9GK-KD	construct-004-a02c0b37ee39	3.935542010773082	4.7203607652152835			0.7291666666666666	1.0
stratified_random_pair_5fold_non_headline	random-02	negative_pocket_permuted_concat_gmolai_S0	S0_negative_control	RCSB-5O1C-9GZ-KD	construct-004-a02c0b37ee39	3.94692155651658	4.658022103629299			0.6046511627906976	1.0
stratified_random_pair_5fold_non_headline	random-02	negative_pocket_permuted_concat_gmolai_S0	S0_negative_control	RCSB-6RQ0-KE2-KD	construct-005-6f4aa0a92e90	5.958607314841775	4.892805974055512			0.7567567567567568	1.0
stratified_random_pair_5fold_non_headline	random-02	negative_pocket_permuted_concat_gmolai_S0	S0_negative_control	RCSB-6RQ9-KEQ-KD	construct-005-6f4aa0a92e90	4.982966660701219	4.930859043864705			0.6153846153846154	1.0
stratified_random_pair_5fold_non_headline	random-02	negative_pocket_permuted_concat_gmolai_S0	S0_negative_control	RCSB-6U8L-Q1P-KD	construct-006-4c5802bc11cc	6.913640169325252	5.604641830284732			0.421875	1.0
stratified_random_pair_5fold_non_headline	random-02	additive_gmolai_pocket_equal_S0	S0	RCSB-4UGS-H36-KD	construct-001-c5158f5b655d	3.8961962790440428	4.578770908674793			0.6666666666666666	1.0
stratified_random_pair_5fold_non_headline	random-02	additive_gmolai_pocket_equal_S0	S0	RCSB-4UGL-S90-KD	construct-001-c5158f5b655d	4.206628751081045	4.790493749762302			0.55	1.0
stratified_random_pair_5fold_non_headline	random-02	additive_gmolai_pocket_equal_S0	S0	RCSB-4UGD-Q14-KD	construct-001-c5158f5b655d	4.421360790031928	5.054819296739053			0.7560975609756098	1.0
stratified_random_pair_5fold_non_headline	random-02	additive_gmolai_pocket_equal_S0	S0	RCSB-4UGO-1QF-KD	construct-001-c5158f5b655d	4.205511953340831	4.772461543772078			0.6538461538461539	1.0
stratified_random_pair_5fold_non_headline	random-02	additive_gmolai_pocket_equal_S0	S0	RCSB-5EWH-5SG-KD	construct-002-cb5cf2af5e4a	3.769551078621726	3.977696081683808			0.40625	1.0
stratified_random_pair_5fold_non_headline	random-02	additive_gmolai_pocket_equal_S0	S0	RCSB-5O5F-9LT-KD	construct-002-cb5cf2af5e4a	4.301029995663981	5.113343478952183			0.3372093023255814	1.0
stratified_random_pair_5fold_non_headline	random-02	additive_gmolai_pocket_equal_S0	S0	RCSB-5EPR-5QY-KD	construct-002-cb5cf2af5e4a	4.040958607678906	4.1187748119751255			0.32558139534883723	1.0
stratified_random_pair_5fold_non_headline	random-02	additive_gmolai_pocket_equal_S0	S0	RCSB-5O5A-9LN-KD	construct-002-cb5cf2af5e4a	4.769551078621726	5.07007419337546			0.2823529411764706	1.0
stratified_random_pair_5fold_non_headline	random-02	additive_gmolai_pocket_equal_S0	S0	RCSB-6FSY-E5Q-KD	construct-003-fbf3f5c695a3	6.607303046740334	5.378202927486563			0.2037037037037037	1.0
stratified_random_pair_5fold_non_headline	random-02	additive_gmolai_pocket_equal_S0	S0	RCSB-4PS5-2TA-KD	construct-003-fbf3f5c695a3	6.785156151952302	6.057324933470378			0.6805555555555556	1.0
stratified_random_pair_5fold_non_headline	random-02	additive_gmolai_pocket_equal_S0	S0	RCSB-6Q3Z-HG8-KD	construct-003-fbf3f5c695a3	7.356547323513812	6.222978137469961			0.7625	1.0
stratified_random_pair_5fold_non_headline	random-02	additive_gmolai_pocket_equal_S0	S0	RCSB-5O1G-9GK-KD	construct-004-a02c0b37ee39	3.935542010773082	4.811160738517683			0.7291666666666666	1.0
stratified_random_pair_5fold_non_headline	random-02	additive_gmolai_pocket_equal_S0	S0	RCSB-5O1C-9GZ-KD	construct-004-a02c0b37ee39	3.94692155651658	4.799492491797178			0.6046511627906976	1.0
stratified_random_pair_5fold_non_headline	random-02	additive_gmolai_pocket_equal_S0	S0	RCSB-6RQ0-KE2-KD	construct-005-6f4aa0a92e90	5.958607314841775	5.089749712568345			0.7567567567567568	1.0
stratified_random_pair_5fold_non_headline	random-02	additive_gmolai_pocket_equal_S0	S0	RCSB-6RQ9-KEQ-KD	construct-005-6f4aa0a92e90	4.982966660701219	5.197386090710512			0.6153846153846154	1.0
stratified_random_pair_5fold_non_headline	random-02	additive_gmolai_pocket_equal_S0	S0	RCSB-6U8L-Q1P-KD	construct-006-4c5802bc11cc	6.913640169325252	5.60743612616667			0.421875	1.0
stratified_random_pair_5fold_non_headline	random-02	additive_gmolai_pocket_equal_S1	S1	RCSB-4UGS-H36-KD	construct-001-c5158f5b655d	3.8961962790440428	4.626009224701647			0.6666666666666666	1.0
stratified_random_pair_5fold_non_headline	random-02	additive_gmolai_pocket_equal_S1	S1	RCSB-4UGL-S90-KD	construct-001-c5158f5b655d	4.206628751081045	4.814602577911869			0.55	1.0
stratified_random_pair_5fold_non_headline	random-02	additive_gmolai_pocket_equal_S1	S1	RCSB-4UGD-Q14-KD	construct-001-c5158f5b655d	4.421360790031928	5.062923472985531			0.7560975609756098	1.0
stratified_random_pair_5fold_non_headline	random-02	additive_gmolai_pocket_equal_S1	S1	RCSB-4UGO-1QF-KD	construct-001-c5158f5b655d	4.205511953340831	4.774926778621223			0.6538461538461539	1.0
stratified_random_pair_5fold_non_headline	random-02	additive_gmolai_pocket_equal_S1	S1	RCSB-5EWH-5SG-KD	construct-002-cb5cf2af5e4a	3.769551078621726	4.011987209993025			0.40625	1.0
stratified_random_pair_5fold_non_headline	random-02	additive_gmolai_pocket_equal_S1	S1	RCSB-5O5F-9LT-KD	construct-002-cb5cf2af5e4a	4.301029995663981	5.097379789933923			0.3372093023255814	1.0
stratified_random_pair_5fold_non_headline	random-02	additive_gmolai_pocket_equal_S1	S1	RCSB-5EPR-5QY-KD	construct-002-cb5cf2af5e4a	4.040958607678906	4.104692395987922			0.32558139534883723	1.0
stratified_random_pair_5fold_non_headline	random-02	additive_gmolai_pocket_equal_S1	S1	RCSB-5O5A-9LN-KD	construct-002-cb5cf2af5e4a	4.769551078621726	5.100685511844166			0.2823529411764706	1.0
stratified_random_pair_5fold_non_headline	random-02	additive_gmolai_pocket_equal_S1	S1	RCSB-6FSY-E5Q-KD	construct-003-fbf3f5c695a3	6.607303046740334	5.411265722336852			0.2037037037037037	1.0
stratified_random_pair_5fold_non_headline	random-02	additive_gmolai_pocket_equal_S1	S1	RCSB-4PS5-2TA-KD	construct-003-fbf3f5c695a3	6.785156151952302	6.120047032418449			0.6805555555555556	1.0
stratified_random_pair_5fold_non_headline	random-02	additive_gmolai_pocket_equal_S1	S1	RCSB-6Q3Z-HG8-KD	construct-003-fbf3f5c695a3	7.356547323513812	6.209214862561706			0.7625	1.0
stratified_random_pair_5fold_non_headline	random-02	additive_gmolai_pocket_equal_S1	S1	RCSB-5O1G-9GK-KD	construct-004-a02c0b37ee39	3.935542010773082	4.782865428094448			0.7291666666666666	1.0
stratified_random_pair_5fold_non_headline	random-02	additive_gmolai_pocket_equal_S1	S1	RCSB-5O1C-9GZ-KD	construct-004-a02c0b37ee39	3.94692155651658	4.772238111807741			0.6046511627906976	1.0
stratified_random_pair_5fold_non_headline	random-02	additive_gmolai_pocket_equal_S1	S1	RCSB-6RQ0-KE2-KD	construct-005-6f4aa0a92e90	5.958607314841775	5.094466706004013			0.7567567567567568	1.0
stratified_random_pair_5fold_non_headline	random-02	additive_gmolai_pocket_equal_S1	S1	RCSB-6RQ9-KEQ-KD	construct-005-6f4aa0a92e90	4.982966660701219	5.149293511773626			0.6153846153846154	1.0
stratified_random_pair_5fold_non_headline	random-02	additive_gmolai_pocket_equal_S1	S1	RCSB-6U8L-Q1P-KD	construct-006-4c5802bc11cc	6.913640169325252	5.663344771149667			0.421875	1.0
stratified_random_pair_5fold_non_headline	random-02	ligand_ecfp_knn	ligand_only	RCSB-4UGS-H36-KD	construct-001-c5158f5b655d	3.8961962790440428	4.4171369089103925	RCSB-4UGM-1QE-KD	0.6666666666666666	0.6666666666666666	1.0
stratified_random_pair_5fold_non_headline	random-02	ligand_ecfp_knn	ligand_only	RCSB-4UGL-S90-KD	construct-001-c5158f5b655d	4.206628751081045	4.392935583762809	RCSB-4UGH-4V4-KD	0.55	0.55	1.0
stratified_random_pair_5fold_non_headline	random-02	ligand_ecfp_knn	ligand_only	RCSB-4UGD-Q14-KD	construct-001-c5158f5b655d	4.421360790031928	4.9602372697669646	RCSB-4UGC-1Q6-KD	0.7560975609756098	0.7560975609756098	1.0
stratified_random_pair_5fold_non_headline	random-02	ligand_ecfp_knn	ligand_only	RCSB-4UGO-1QF-KD	construct-001-c5158f5b655d	4.205511953340831	4.416406562215531	RCSB-4UGM-1QE-KD	0.6538461538461539	0.6538461538461539	1.0
stratified_random_pair_5fold_non_headline	random-02	ligand_ecfp_knn	ligand_only	RCSB-5EWH-5SG-KD	construct-002-cb5cf2af5e4a	3.769551078621726	3.698970004336019	RCSB-5EM3-5Q0-KD	0.40625	0.40625	1.0
stratified_random_pair_5fold_non_headline	random-02	ligand_ecfp_knn	ligand_only	RCSB-5O5F-9LT-KD	construct-002-cb5cf2af5e4a	4.301029995663981	3.8743946670536933	RCSB-5O55-9L5-KD	0.3372093023255814	0.3372093023255814	1.0
stratified_random_pair_5fold_non_headline	random-02	ligand_ecfp_knn	ligand_only	RCSB-5EPR-5QY-KD	construct-002-cb5cf2af5e4a	4.040958607678906	4.008942335461775	RCSB-5DYA-5GV-KD	0.32558139534883723	0.32558139534883723	1.0
stratified_random_pair_5fold_non_headline	random-02	ligand_ecfp_knn	ligand_only	RCSB-5O5A-9LN-KD	construct-002-cb5cf2af5e4a	4.769551078621726	5.023251599908696	RCSB-5O55-9L5-KD	0.2823529411764706	0.2823529411764706	1.0
stratified_random_pair_5fold_non_headline	random-02	ligand_ecfp_knn	ligand_only	RCSB-6FSY-E5Q-KD	construct-003-fbf3f5c695a3	6.607303046740334	3.93420795363989	RCSB-5EM3-5Q0-KD	0.2037037037037037	0.2037037037037037	1.0
stratified_random_pair_5fold_non_headline	random-02	ligand_ecfp_knn	ligand_only	RCSB-4PS5-2TA-KD	construct-003-fbf3f5c695a3	6.785156151952302	6.99134267901511	RCSB-4O76-1M3-KD	0.6805555555555556	0.6805555555555556	1.0
stratified_random_pair_5fold_non_headline	random-02	ligand_ecfp_knn	ligand_only	RCSB-6Q3Z-HG8-KD	construct-003-fbf3f5c695a3	7.356547323513812	7.135413230510006	RCSB-6Q3Y-HG5-KD	0.7625	0.7625	1.0
stratified_random_pair_5fold_non_headline	random-02	ligand_ecfp_knn	ligand_only	RCSB-5O1G-9GK-KD	construct-004-a02c0b37ee39	3.935542010773082	4.603816834988747	RCSB-5O1D-9GW-KD	0.7291666666666666	0.7291666666666666	1.0
stratified_random_pair_5fold_non_headline	random-02	ligand_ecfp_knn	ligand_only	RCSB-5O1C-9GZ-KD	construct-004-a02c0b37ee39	3.94692155651658	4.722077105622113	RCSB-5AOJ-Y0V-KD	0.6046511627906976	0.6046511627906976	1.0
stratified_random_pair_5fold_non_headline	random-02	ligand_ecfp_knn	ligand_only	RCSB-6RQ0-KE2-KD	construct-005-6f4aa0a92e90	5.958607314841775	4.586503282959408	RCSB-6RQ5-KEB-KD	0.7567567567567568	0.7567567567567568	1.0
stratified_random_pair_5fold_non_headline	random-02	ligand_ecfp_knn	ligand_only	RCSB-6RQ9-KEQ-KD	construct-005-6f4aa0a92e90	4.982966660701219	4.4143161125059445	RCSB-6RQ5-KEB-KD	0.6153846153846154	0.6153846153846154	1.0
stratified_random_pair_5fold_non_headline	random-02	ligand_ecfp_knn	ligand_only	RCSB-6U8L-Q1P-KD	construct-006-4c5802bc11cc	6.913640169325252	6.419339613471612	RCSB-6U8O-Q1G-KD	0.421875	0.421875	1.0
stratified_random_pair_5fold_non_headline	random-02	ligand_gmolai_knn	ligand_only	RCSB-4UGS-H36-KD	construct-001-c5158f5b655d	3.8961962790440428	4.513015722198782	RCSB-4UGM-1QE-KD	0.8877037397503296	0.6666666666666666	1.0
stratified_random_pair_5fold_non_headline	random-02	ligand_gmolai_knn	ligand_only	RCSB-4UGL-S90-KD	construct-001-c5158f5b655d	4.206628751081045	4.659444454535534	RCSB-4UG9-1EW-KD	0.8087271969954203	0.55	1.0
stratified_random_pair_5fold_non_headline	random-02	ligand_gmolai_knn	ligand_only	RCSB-4UGD-Q14-KD	construct-001-c5158f5b655d	4.421360790031928	5.128639906872105	RCSB-4UGC-1Q6-KD	0.9792850817005871	0.7560975609756098	1.0
stratified_random_pair_5fold_non_headline	random-02	ligand_gmolai_knn	ligand_only	RCSB-4UGO-1QF-KD	construct-001-c5158f5b655d	4.205511953340831	4.5135322180239505	RCSB-4UGM-1QE-KD	0.9629921820394829	0.6538461538461539	1.0
stratified_random_pair_5fold_non_headline	random-02	ligand_gmolai_knn	ligand_only	RCSB-5EWH-5SG-KD	construct-002-cb5cf2af5e4a	3.769551078621726	3.698970004336019	RCSB-5EM3-5Q0-KD	0.9933419886725288	0.40625	1.0
stratified_random_pair_5fold_non_headline	random-02	ligand_gmolai_knn	ligand_only	RCSB-5O5F-9LT-KD	construct-002-cb5cf2af5e4a	4.301029995663981	5.7687423372665245	RCSB-5EIS-5OU-KD	0.8239826525361353	0.3372093023255814	1.0
stratified_random_pair_5fold_non_headline	random-02	ligand_gmolai_knn	ligand_only	RCSB-5EPR-5QY-KD	construct-002-cb5cf2af5e4a	4.040958607678906	4.089223037069832	RCSB-5EPS-5QX-KD	0.9293059920658471	0.32558139534883723	1.0
stratified_random_pair_5fold_non_headline	random-02	ligand_gmolai_knn	ligand_only	RCSB-5O5A-9LN-KD	construct-002-cb5cf2af5e4a	4.769551078621726	6.163964952057374	RCSB-7MRA-ZMJ-KD	0.7808348501426313	0.2823529411764706	1.0
stratified_random_pair_5fold_non_headline	random-02	ligand_gmolai_knn	ligand_only	RCSB-6FSY-E5Q-KD	construct-003-fbf3f5c695a3	6.607303046740334	5.1187948922223665	RCSB-4UGG-S5D-KD	0.7133102084525269	0.2037037037037037	1.0
stratified_random_pair_5fold_non_headline	random-02	ligand_gmolai_knn	ligand_only	RCSB-4PS5-2TA-KD	construct-003-fbf3f5c695a3	6.785156151952302	6.666759290445617	RCSB-4O76-1M3-KD	0.8968779713379273	0.6805555555555556	1.0
stratified_random_pair_5fold_non_headline	random-02	ligand_gmolai_knn	ligand_only	RCSB-6Q3Z-HG8-KD	construct-003-fbf3f5c695a3	7.356547323513812	6.9783713390473	RCSB-6Q3Y-HG5-KD	0.8824537364088686	0.7625	1.0
stratified_random_pair_5fold_non_headline	random-02	ligand_gmolai_knn	ligand_only	RCSB-5O1G-9GK-KD	construct-004-a02c0b37ee39	3.935542010773082	4.604887787872026	RCSB-5O1E-9GT-KD	0.7579873801330979	0.7291666666666666	1.0
stratified_random_pair_5fold_non_headline	random-02	ligand_gmolai_knn	ligand_only	RCSB-5O1C-9GZ-KD	construct-004-a02c0b37ee39	3.94692155651658	4.72704352599407	RCSB-5AOJ-Y0V-KD	0.8680527790537809	0.6046511627906976	1.0
stratified_random_pair_5fold_non_headline	random-02	ligand_gmolai_knn	ligand_only	RCSB-6RQ0-KE2-KD	construct-005-6f4aa0a92e90	5.958607314841775	4.407776574936988	RCSB-6RQ1-KE5-KD	0.9981857699520998	0.7567567567567568	1.0
stratified_random_pair_5fold_non_headline	random-02	ligand_gmolai_knn	ligand_only	RCSB-6RQ9-KEQ-KD	construct-005-6f4aa0a92e90	4.982966660701219	5.0002721581675065	RCSB-6RQ1-KE5-KD	0.9448367567224778	0.6153846153846154	1.0
stratified_random_pair_5fold_non_headline	random-02	ligand_gmolai_knn	ligand_only	RCSB-6U8L-Q1P-KD	construct-006-4c5802bc11cc	6.913640169325252	6.753678656085705	RCSB-6UIF-Q8P-KD	0.8071444387025335	0.421875	1.0
stratified_random_pair_5fold_non_headline	random-02	protein_sequence_identity_knn	sequence_only	RCSB-4UGS-H36-KD	construct-001-c5158f5b655d	3.8961962790440428	5.4066632325944495	RCSB-4UG5-XFK-KD	1.0	0.6666666666666666	1.0
stratified_random_pair_5fold_non_headline	random-02	protein_sequence_identity_knn	sequence_only	RCSB-4UGL-S90-KD	construct-001-c5158f5b655d	4.206628751081045	5.4066632325944495	RCSB-4UG5-XFK-KD	1.0	0.55	1.0
stratified_random_pair_5fold_non_headline	random-02	protein_sequence_identity_knn	sequence_only	RCSB-4UGD-Q14-KD	construct-001-c5158f5b655d	4.421360790031928	5.4066632325944495	RCSB-4UG5-XFK-KD	1.0	0.7560975609756098	1.0
stratified_random_pair_5fold_non_headline	random-02	protein_sequence_identity_knn	sequence_only	RCSB-4UGO-1QF-KD	construct-001-c5158f5b655d	4.205511953340831	5.4066632325944495	RCSB-4UG5-XFK-KD	1.0	0.6538461538461539	1.0
stratified_random_pair_5fold_non_headline	random-02	protein_sequence_identity_knn	sequence_only	RCSB-5EWH-5SG-KD	construct-002-cb5cf2af5e4a	3.769551078621726	4.167229815403466	RCSB-5C85-4YO-KD	1.0	0.40625	1.0
stratified_random_pair_5fold_non_headline	random-02	protein_sequence_identity_knn	sequence_only	RCSB-5O5F-9LT-KD	construct-002-cb5cf2af5e4a	4.301029995663981	4.167229815403466	RCSB-5C85-4YO-KD	1.0	0.3372093023255814	1.0
stratified_random_pair_5fold_non_headline	random-02	protein_sequence_identity_knn	sequence_only	RCSB-5EPR-5QY-KD	construct-002-cb5cf2af5e4a	4.040958607678906	4.167229815403466	RCSB-5C85-4YO-KD	1.0	0.32558139534883723	1.0
stratified_random_pair_5fold_non_headline	random-02	protein_sequence_identity_knn	sequence_only	RCSB-5O5A-9LN-KD	construct-002-cb5cf2af5e4a	4.769551078621726	4.167229815403466	RCSB-5C85-4YO-KD	1.0	0.2823529411764706	1.0
stratified_random_pair_5fold_non_headline	random-02	protein_sequence_identity_knn	sequence_only	RCSB-6FSY-E5Q-KD	construct-003-fbf3f5c695a3	6.607303046740334	6.352375732510595	RCSB-4O76-1M3-KD	1.0	0.2037037037037037	1.0
stratified_random_pair_5fold_non_headline	random-02	protein_sequence_identity_knn	sequence_only	RCSB-4PS5-2TA-KD	construct-003-fbf3f5c695a3	6.785156151952302	6.352375732510595	RCSB-4O76-1M3-KD	1.0	0.6805555555555556	1.0
stratified_random_pair_5fold_non_headline	random-02	protein_sequence_identity_knn	sequence_only	RCSB-6Q3Z-HG8-KD	construct-003-fbf3f5c695a3	7.356547323513812	6.352375732510595	RCSB-4O76-1M3-KD	1.0	0.7625	1.0
stratified_random_pair_5fold_non_headline	random-02	protein_sequence_identity_knn	sequence_only	RCSB-5O1G-9GK-KD	construct-004-a02c0b37ee39	3.935542010773082	4.792250236534033	RCSB-4AGQ-P96-KD	1.0	0.7291666666666666	1.0
stratified_random_pair_5fold_non_headline	random-02	protein_sequence_identity_knn	sequence_only	RCSB-5O1C-9GZ-KD	construct-004-a02c0b37ee39	3.94692155651658	4.792250236534033	RCSB-4AGQ-P96-KD	1.0	0.6046511627906976	1.0
stratified_random_pair_5fold_non_headline	random-02	protein_sequence_identity_knn	sequence_only	RCSB-6RQ0-KE2-KD	construct-005-6f4aa0a92e90	5.958607314841775	4.407046660211048	RCSB-6RQ1-KE5-KD	1.0	0.7567567567567568	1.0
stratified_random_pair_5fold_non_headline	random-02	protein_sequence_identity_knn	sequence_only	RCSB-6RQ9-KEQ-KD	construct-005-6f4aa0a92e90	4.982966660701219	4.407046660211048	RCSB-6RQ1-KE5-KD	1.0	0.6153846153846154	1.0
stratified_random_pair_5fold_non_headline	random-02	protein_sequence_identity_knn	sequence_only	RCSB-6U8L-Q1P-KD	construct-006-4c5802bc11cc	6.913640169325252	4.843217087148253	RCSB-6U5M-Q0S-KD	1.0	0.421875	1.0
stratified_random_pair_5fold_non_headline	random-02	pocket_structure_knn_S0	S0	RCSB-4UGS-H36-KD	construct-001-c5158f5b655d	3.8961962790440428	4.152992327791654	RCSB-4UGA-Q05-KD	0.9922943658716294	0.6666666666666666	1.0
stratified_random_pair_5fold_non_headline	random-02	pocket_structure_knn_S0	S0	RCSB-4UGL-S90-KD	construct-001-c5158f5b655d	4.206628751081045	4.923418200416033	RCSB-4UG9-1EW-KD	0.9592045630654855	0.55	1.0
stratified_random_pair_5fold_non_headline	random-02	pocket_structure_knn_S0	S0	RCSB-4UGD-Q14-KD	construct-001-c5158f5b655d	4.421360790031928	5.395845388094141	RCSB-4UG8-HW1-KD	0.9480109156589321	0.7560975609756098	1.0
stratified_random_pair_5fold_non_headline	random-02	pocket_structure_knn_S0	S0	RCSB-4UGO-1QF-KD	construct-001-c5158f5b655d	4.205511953340831	5.359025012672651	RCSB-4UG8-HW1-KD	0.9569708706177813	0.6538461538461539	1.0
stratified_random_pair_5fold_non_headline	random-02	pocket_structure_knn_S0	S0	RCSB-5EWH-5SG-KD	construct-002-cb5cf2af5e4a	3.769551078621726	3.698970004336019	RCSB-5EVA-5S9-KD	0.920952144374749	0.40625	1.0
stratified_random_pair_5fold_non_headline	random-02	pocket_structure_knn_S0	S0	RCSB-5O5F-9LT-KD	construct-002-cb5cf2af5e4a	4.301029995663981	5.495060267893742	RCSB-5O55-9L5-KD	0.8598228963814563	0.3372093023255814	1.0
stratified_random_pair_5fold_non_headline	random-02	pocket_structure_knn_S0	S0	RCSB-5EPR-5QY-KD	construct-002-cb5cf2af5e4a	4.040958607678906	4.035444650371834	RCSB-5EPS-5QX-KD	0.8912333928731875	0.32558139534883723	1.0
stratified_random_pair_5fold_non_headline	random-02	pocket_structure_knn_S0	S0	RCSB-5O5A-9LN-KD	construct-002-cb5cf2af5e4a	4.769551078621726	3.8320329450994333	RCSB-5C87-4YS-KD	0.888089711705371	0.2823529411764706	1.0
stratified_random_pair_5fold_non_headline	random-02	pocket_structure_knn_S0	S0	RCSB-6FSY-E5Q-KD	construct-003-fbf3f5c695a3	6.607303046740334	6.737146184695306	RCSB-5D3T-56Y-KD	0.9038490318357645	0.2037037037037037	1.0
stratified_random_pair_5fold_non_headline	random-02	pocket_structure_knn_S0	S0	RCSB-4PS5-2TA-KD	construct-003-fbf3f5c695a3	6.785156151952302	7.356367501986541	RCSB-6FO5-DZH-KD	0.859828960280028	0.6805555555555556	1.0
stratified_random_pair_5fold_non_headline	random-02	pocket_structure_knn_S0	S0	RCSB-6Q3Z-HG8-KD	construct-003-fbf3f5c695a3	7.356547323513812	7.088930363385797	RCSB-6Q3Y-HG5-KD	0.800060114460754	0.7625	1.0
stratified_random_pair_5fold_non_headline	random-02	pocket_structure_knn_S0	S0	RCSB-5O1G-9GK-KD	construct-004-a02c0b37ee39	3.935542010773082	4.620741990979618	RCSB-5O1B-9H2-KD	0.9824427472149547	0.7291666666666666	1.0
stratified_random_pair_5fold_non_headline	random-02	pocket_structure_knn_S0	S0	RCSB-5O1C-9GZ-KD	construct-004-a02c0b37ee39	3.94692155651658	4.6203426114873505	RCSB-5O1B-9H2-KD	0.9656559760222324	0.6046511627906976	1.0
stratified_random_pair_5fold_non_headline	random-02	pocket_structure_knn_S0	S0	RCSB-6RQ0-KE2-KD	construct-005-6f4aa0a92e90	5.958607314841775	5.68455863052805	RCSB-6RQ6-R2H-KD	0.9259067003654163	0.7567567567567568	1.0
stratified_random_pair_5fold_non_headline	random-02	pocket_structure_knn_S0	S0	RCSB-6RQ9-KEQ-KD	construct-005-6f4aa0a92e90	4.982966660701219	5.419815353251761	RCSB-6RQ5-KEB-KD	0.9108530982620137	0.6153846153846154	1.0
stratified_random_pair_5fold_non_headline	random-02	pocket_structure_knn_S0	S0	RCSB-6U8L-Q1P-KD	construct-006-4c5802bc11cc	6.913640169325252	4.915901606919901	RCSB-6UIK-Q8M-KD	0.8491169785704149	0.421875	1.0
stratified_random_pair_5fold_non_headline	random-02	two_sided_ecfp_pocket_knn_S0	S0	RCSB-4UGS-H36-KD	construct-001-c5158f5b655d	3.8961962790440428	4.468168590822768	RCSB-4UGM-1QE-KD	0.7968297950087168	0.6666666666666666	1.0
stratified_random_pair_5fold_non_headline	random-02	two_sided_ecfp_pocket_knn_S0	S0	RCSB-4UGL-S90-KD	construct-001-c5158f5b655d	4.206628751081045	4.405408884138516	RCSB-4UGY-EXI-KD	0.6845122247819675	0.55	1.0
stratified_random_pair_5fold_non_headline	random-02	two_sided_ecfp_pocket_knn_S0	S0	RCSB-4UGD-Q14-KD	construct-001-c5158f5b655d	4.421360790031928	5.216557821271586	RCSB-4UGC-1Q6-KD	0.7952510065189905	0.7560975609756098	1.0
stratified_random_pair_5fold_non_headline	random-02	two_sided_ecfp_pocket_knn_S0	S0	RCSB-4UGO-1QF-KD	construct-001-c5158f5b655d	4.205511953340831	4.518074434418016	RCSB-4UGM-1QE-KD	0.745397999420665	0.6538461538461539	1.0
stratified_random_pair_5fold_non_headline	random-02	two_sided_ecfp_pocket_knn_S0	S0	RCSB-5EWH-5SG-KD	construct-002-cb5cf2af5e4a	3.769551078621726	3.6989700043360183	RCSB-5EM3-5Q0-KD	0.5668684319691206	0.40625	1.0
stratified_random_pair_5fold_non_headline	random-02	two_sided_ecfp_pocket_knn_S0	S0	RCSB-5O5F-9LT-KD	construct-002-cb5cf2af5e4a	4.301029995663981	4.213224111003084	RCSB-5O55-9L5-KD	0.5384610283134255	0.3372093023255814	1.0
stratified_random_pair_5fold_non_headline	random-02	two_sided_ecfp_pocket_knn_S0	S0	RCSB-5EPR-5QY-KD	construct-002-cb5cf2af5e4a	4.040958607678906	4.041916993624947	RCSB-5EPS-5QX-KD	0.5079257954922639	0.32558139534883723	1.0
stratified_random_pair_5fold_non_headline	random-02	two_sided_ecfp_pocket_knn_S0	S0	RCSB-5O5A-9LN-KD	construct-002-cb5cf2af5e4a	4.769551078621726	4.459674338940706	RCSB-5O55-9L5-KD	0.44759909913856827	0.2823529411764706	1.0
stratified_random_pair_5fold_non_headline	random-02	two_sided_ecfp_pocket_knn_S0	S0	RCSB-6FSY-E5Q-KD	construct-003-fbf3f5c695a3	6.607303046740334	6.794695145484828	RCSB-4O76-1M3-KD	0.3229657781834384	0.2037037037037037	1.0
stratified_random_pair_5fold_non_headline	random-02	two_sided_ecfp_pocket_knn_S0	S0	RCSB-4PS5-2TA-KD	construct-003-fbf3f5c695a3	6.785156151952302	7.007661482479597	RCSB-4O76-1M3-KD	0.7356921676144755	0.6805555555555556	1.0
stratified_random_pair_5fold_non_headline	random-02	two_sided_ecfp_pocket_knn_S0	S0	RCSB-6Q3Z-HG8-KD	construct-003-fbf3f5c695a3	7.356547323513812	7.136661523976473	RCSB-6Q3Y-HG5-KD	0.781054311348657	0.7625	1.0
stratified_random_pair_5fold_non_headline	random-02	two_sided_ecfp_pocket_knn_S0	S0	RCSB-5O1G-9GK-KD	construct-004-a02c0b37ee39	3.935542010773082	4.60330099215936	RCSB-5O1D-9GW-KD	0.8154009108145406	0.7291666666666666	1.0
stratified_random_pair_5fold_non_headline	random-02	two_sided_ecfp_pocket_knn_S0	S0	RCSB-5O1C-9GZ-KD	construct-004-a02c0b37ee39	3.94692155651658	4.671067017633872	RCSB-5AOJ-Y0V-KD	0.7601785956392474	0.6046511627906976	1.0
stratified_random_pair_5fold_non_headline	random-02	two_sided_ecfp_pocket_knn_S0	S0	RCSB-6RQ0-KE2-KD	construct-005-6f4aa0a92e90	5.958607314841775	5.345848493513297	RCSB-6RQ5-KEB-KD	0.8108159843234963	0.7567567567567568	1.0
stratified_random_pair_5fold_non_headline	random-02	two_sided_ecfp_pocket_knn_S0	S0	RCSB-6RQ9-KEQ-KD	construct-005-6f4aa0a92e90	4.982966660701219	5.095405899633155	RCSB-6RQ5-KEB-KD	0.7486821645704234	0.6153846153846154	1.0
stratified_random_pair_5fold_non_headline	random-02	two_sided_ecfp_pocket_knn_S0	S0	RCSB-6U8L-Q1P-KD	construct-006-4c5802bc11cc	6.913640169325252	6.414600489116615	RCSB-6U8O-Q1G-KD	0.5921953241803795	0.421875	1.0
stratified_random_pair_5fold_non_headline	random-02	pocket_structure_knn_S1	S1	RCSB-4UGS-H36-KD	construct-001-c5158f5b655d	3.8961962790440428	5.4066632325944495	RCSB-4UG5-XFK-KD	1.0	0.6666666666666666	1.0
stratified_random_pair_5fold_non_headline	random-02	pocket_structure_knn_S1	S1	RCSB-4UGL-S90-KD	construct-001-c5158f5b655d	4.206628751081045	5.4066632325944495	RCSB-4UG5-XFK-KD	1.0	0.55	1.0
stratified_random_pair_5fold_non_headline	random-02	pocket_structure_knn_S1	S1	RCSB-4UGD-Q14-KD	construct-001-c5158f5b655d	4.421360790031928	5.4066632325944495	RCSB-4UG5-XFK-KD	1.0	0.7560975609756098	1.0
stratified_random_pair_5fold_non_headline	random-02	pocket_structure_knn_S1	S1	RCSB-4UGO-1QF-KD	construct-001-c5158f5b655d	4.205511953340831	5.4066632325944495	RCSB-4UG5-XFK-KD	1.0	0.6538461538461539	1.0
stratified_random_pair_5fold_non_headline	random-02	pocket_structure_knn_S1	S1	RCSB-5EWH-5SG-KD	construct-002-cb5cf2af5e4a	3.769551078621726	4.167229815403466	RCSB-5C85-4YO-KD	1.0	0.40625	1.0
stratified_random_pair_5fold_non_headline	random-02	pocket_structure_knn_S1	S1	RCSB-5O5F-9LT-KD	construct-002-cb5cf2af5e4a	4.301029995663981	4.167229815403466	RCSB-5C85-4YO-KD	1.0	0.3372093023255814	1.0
stratified_random_pair_5fold_non_headline	random-02	pocket_structure_knn_S1	S1	RCSB-5EPR-5QY-KD	construct-002-cb5cf2af5e4a	4.040958607678906	4.167229815403466	RCSB-5C85-4YO-KD	1.0	0.32558139534883723	1.0
stratified_random_pair_5fold_non_headline	random-02	pocket_structure_knn_S1	S1	RCSB-5O5A-9LN-KD	construct-002-cb5cf2af5e4a	4.769551078621726	4.167229815403466	RCSB-5C85-4YO-KD	1.0	0.2823529411764706	1.0
stratified_random_pair_5fold_non_headline	random-02	pocket_structure_knn_S1	S1	RCSB-6FSY-E5Q-KD	construct-003-fbf3f5c695a3	6.607303046740334	6.352375732510595	RCSB-4O76-1M3-KD	1.0	0.2037037037037037	1.0
stratified_random_pair_5fold_non_headline	random-02	pocket_structure_knn_S1	S1	RCSB-4PS5-2TA-KD	construct-003-fbf3f5c695a3	6.785156151952302	6.352375732510595	RCSB-4O76-1M3-KD	1.0	0.6805555555555556	1.0
stratified_random_pair_5fold_non_headline	random-02	pocket_structure_knn_S1	S1	RCSB-6Q3Z-HG8-KD	construct-003-fbf3f5c695a3	7.356547323513812	6.352375732510595	RCSB-4O76-1M3-KD	1.0	0.7625	1.0
stratified_random_pair_5fold_non_headline	random-02	pocket_structure_knn_S1	S1	RCSB-5O1G-9GK-KD	construct-004-a02c0b37ee39	3.935542010773082	4.792250236534033	RCSB-4AGQ-P96-KD	1.0	0.7291666666666666	1.0
stratified_random_pair_5fold_non_headline	random-02	pocket_structure_knn_S1	S1	RCSB-5O1C-9GZ-KD	construct-004-a02c0b37ee39	3.94692155651658	4.792250236534033	RCSB-4AGQ-P96-KD	1.0	0.6046511627906976	1.0
stratified_random_pair_5fold_non_headline	random-02	pocket_structure_knn_S1	S1	RCSB-6RQ0-KE2-KD	construct-005-6f4aa0a92e90	5.958607314841775	4.407046660211048	RCSB-6RQ1-KE5-KD	1.0	0.7567567567567568	1.0
stratified_random_pair_5fold_non_headline	random-02	pocket_structure_knn_S1	S1	RCSB-6RQ9-KEQ-KD	construct-005-6f4aa0a92e90	4.982966660701219	4.407046660211048	RCSB-6RQ1-KE5-KD	1.0	0.6153846153846154	1.0
stratified_random_pair_5fold_non_headline	random-02	pocket_structure_knn_S1	S1	RCSB-6U8L-Q1P-KD	construct-006-4c5802bc11cc	6.913640169325252	4.843217087148253	RCSB-6U5M-Q0S-KD	1.0	0.421875	1.0
stratified_random_pair_5fold_non_headline	random-02	two_sided_ecfp_pocket_knn_S1	S1	RCSB-4UGS-H36-KD	construct-001-c5158f5b655d	3.8961962790440428	4.496322944176281	RCSB-4UGM-1QE-KD	0.816496580927726	0.6666666666666666	1.0
stratified_random_pair_5fold_non_headline	random-02	two_sided_ecfp_pocket_knn_S1	S1	RCSB-4UGL-S90-KD	construct-001-c5158f5b655d	4.206628751081045	4.408312866443364	RCSB-4UGH-4V4-KD	0.7416198487095663	0.55	1.0
stratified_random_pair_5fold_non_headline	random-02	two_sided_ecfp_pocket_knn_S1	S1	RCSB-4UGD-Q14-KD	construct-001-c5158f5b655d	4.421360790031928	5.0879728878761	RCSB-4UGC-1Q6-KD	0.8695387058524823	0.7560975609756098	1.0
stratified_random_pair_5fold_non_headline	random-02	two_sided_ecfp_pocket_knn_S1	S1	RCSB-4UGO-1QF-KD	construct-001-c5158f5b655d	4.205511953340831	4.496052296828667	RCSB-4UGM-1QE-KD	0.8086075400626399	0.6538461538461539	1.0
stratified_random_pair_5fold_non_headline	random-02	two_sided_ecfp_pocket_knn_S1	S1	RCSB-5EWH-5SG-KD	construct-002-cb5cf2af5e4a	3.769551078621726	3.6989700043360183	RCSB-5EM3-5Q0-KD	0.6373774391990981	0.40625	1.0
stratified_random_pair_5fold_non_headline	random-02	two_sided_ecfp_pocket_knn_S1	S1	RCSB-5O5F-9LT-KD	construct-002-cb5cf2af5e4a	4.301029995663981	4.150149813607389	RCSB-5O55-9L5-KD	0.5806972553108731	0.3372093023255814	1.0
stratified_random_pair_5fold_non_headline	random-02	two_sided_ecfp_pocket_knn_S1	S1	RCSB-5EPR-5QY-KD	construct-002-cb5cf2af5e4a	4.040958607678906	4.022158249588151	RCSB-5DYA-5GV-KD	0.5705974021574557	0.32558139534883723	1.0
stratified_random_pair_5fold_non_headline	random-02	two_sided_ecfp_pocket_knn_S1	S1	RCSB-5O5A-9LN-KD	construct-002-cb5cf2af5e4a	4.769551078621726	4.43956045766986	RCSB-5O55-9L5-KD	0.5313689313240572	0.2823529411764706	1.0
stratified_random_pair_5fold_non_headline	random-02	two_sided_ecfp_pocket_knn_S1	S1	RCSB-6FSY-E5Q-KD	construct-003-fbf3f5c695a3	6.607303046740334	7.469968114987779	RCSB-4O76-1M3-KD	0.36719403681726276	0.2037037037037037	1.0
stratified_random_pair_5fold_non_headline	random-02	two_sided_ecfp_pocket_knn_S1	S1	RCSB-4PS5-2TA-KD	construct-003-fbf3f5c695a3	6.785156151952302	7.0081376574089544	RCSB-4O76-1M3-KD	0.8249579113843054	0.6805555555555556	1.0
stratified_random_pair_5fold_non_headline	random-02	two_sided_ecfp_pocket_knn_S1	S1	RCSB-6Q3Z-HG8-KD	construct-003-fbf3f5c695a3	7.356547323513812	7.345856512570128	RCSB-6Q3Y-HG5-KD	0.873212459828649	0.7625	1.0
stratified_random_pair_5fold_non_headline	random-02	two_sided_ecfp_pocket_knn_S1	S1	RCSB-5O1G-9GK-KD	construct-004-a02c0b37ee39	3.935542010773082	4.604315083607748	RCSB-5O1D-9GW-KD	0.8539125638299665	0.7291666666666666	1.0
stratified_random_pair_5fold_non_headline	random-02	two_sided_ecfp_pocket_knn_S1	S1	RCSB-5O1C-9GZ-KD	construct-004-a02c0b37ee39	3.94692155651658	4.726005011291965	RCSB-5AOJ-Y0V-KD	0.777593185920953	0.6046511627906976	1.0
stratified_random_pair_5fold_non_headline	random-02	two_sided_ecfp_pocket_knn_S1	S1	RCSB-6RQ0-KE2-KD	construct-005-6f4aa0a92e90	5.958607314841775	4.578787836206355	RCSB-6RQ5-KEB-KD	0.86991767240168	0.7567567567567568	1.0
stratified_random_pair_5fold_non_headline	random-02	two_sided_ecfp_pocket_knn_S1	S1	RCSB-6RQ9-KEQ-KD	construct-005-6f4aa0a92e90	4.982966660701219	4.410639761201136	RCSB-6RQ5-KEB-KD	0.7844645405527362	0.6153846153846154	1.0
stratified_random_pair_5fold_non_headline	random-02	two_sided_ecfp_pocket_knn_S1	S1	RCSB-6U8L-Q1P-KD	construct-006-4c5802bc11cc	6.913640169325252	6.414246923170992	RCSB-6U8O-Q1G-KD	0.649519052838329	0.421875	1.0
stratified_random_pair_5fold_non_headline	random-03	global_train_mean	no_input	RCSB-4UGR-6E5-KD	construct-001-c5158f5b655d	4.958607314841775	5.097212553686008			0.49206349206349204	1.0
stratified_random_pair_5fold_non_headline	random-03	global_train_mean	no_input	RCSB-4UG8-HW1-KD	construct-001-c5158f5b655d	6.346787486224656	5.097212553686008			0.38461538461538464	1.0
stratified_random_pair_5fold_non_headline	random-03	global_train_mean	no_input	RCSB-4UGM-1QE-KD	construct-001-c5158f5b655d	4.00436480540245	5.097212553686008			0.6666666666666666	1.0
stratified_random_pair_5fold_non_headline	random-03	global_train_mean	no_input	RCSB-4UG9-1EW-KD	construct-001-c5158f5b655d	5.064996848546345	5.097212553686008			0.5227272727272727	1.0
stratified_random_pair_5fold_non_headline	random-03	global_train_mean	no_input	RCSB-5E3G-5JQ-KD	construct-002-cb5cf2af5e4a	4.301029995663981	5.097212553686008			0.13513513513513514	1.0
stratified_random_pair_5fold_non_headline	random-03	global_train_mean	no_input	RCSB-5O4S-9KW-KD	construct-002-cb5cf2af5e4a	5.6020599913279625	5.097212553686008			0.5737704918032787	1.0
stratified_random_pair_5fold_non_headline	random-03	global_train_mean	no_input	RCSB-5EVA-5S9-KD	construct-002-cb5cf2af5e4a	3.6989700043360187	5.097212553686008			0.225	1.0
stratified_random_pair_5fold_non_headline	random-03	global_train_mean	no_input	RCSB-5EWD-5SH-KD	construct-002-cb5cf2af5e4a	3.6989700043360187	5.097212553686008			0.26666666666666666	1.0
stratified_random_pair_5fold_non_headline	random-03	global_train_mean	no_input	RCSB-5EGU-5NQ-KD	construct-003-fbf3f5c695a3	5.853871964321762	5.097212553686008			0.18085106382978725	1.0
stratified_random_pair_5fold_non_headline	random-03	global_train_mean	no_input	RCSB-6FO5-DZH-KD	construct-003-fbf3f5c695a3	6.721246399047171	5.097212553686008			0.20212765957446807	1.0
stratified_random_pair_5fold_non_headline	random-03	global_train_mean	no_input	RCSB-5EIS-5OU-KD	construct-003-fbf3f5c695a3	5.7447274948966935	5.097212553686008			0.21518987341772153	1.0
stratified_random_pair_5fold_non_headline	random-03	global_train_mean	no_input	RCSB-5AOJ-Y0V-KD	construct-004-a02c0b37ee39	4.6777807052660805	5.097212553686008			0.6046511627906976	1.0
stratified_random_pair_5fold_non_headline	random-03	global_train_mean	no_input	RCSB-5O1H-9GN-KD	construct-004-a02c0b37ee39	4.853871964321762	5.097212553686008			0.6	1.0
stratified_random_pair_5fold_non_headline	random-03	global_train_mean	no_input	RCSB-6RQ6-R2H-KD	construct-005-6f4aa0a92e90	4.892790030352131	5.097212553686008			0.6923076923076923	1.0
stratified_random_pair_5fold_non_headline	random-03	global_train_mean	no_input	RCSB-6UJ4-Q8S-KD	construct-006-4c5802bc11cc	6.769551078621726	5.097212553686008			0.7857142857142857	1.0
stratified_random_pair_5fold_non_headline	random-03	global_train_mean	no_input	RCSB-6U5M-Q0S-KD	construct-006-4c5802bc11cc	6.291579099865287	5.097212553686008			0.390625	1.0
stratified_random_pair_5fold_non_headline	random-03	target_mean_or_global_fallback	target_identity	RCSB-4UGR-6E5-KD	construct-001-c5158f5b655d	4.958607314841775	4.542219126451192			0.49206349206349204	1.0
stratified_random_pair_5fold_non_headline	random-03	target_mean_or_global_fallback	target_identity	RCSB-4UG8-HW1-KD	construct-001-c5158f5b655d	6.346787486224656	4.542219126451192			0.38461538461538464	1.0
stratified_random_pair_5fold_non_headline	random-03	target_mean_or_global_fallback	target_identity	RCSB-4UGM-1QE-KD	construct-001-c5158f5b655d	4.00436480540245	4.542219126451192			0.6666666666666666	1.0
stratified_random_pair_5fold_non_headline	random-03	target_mean_or_global_fallback	target_identity	RCSB-4UG9-1EW-KD	construct-001-c5158f5b655d	5.064996848546345	4.542219126451192			0.5227272727272727	1.0
stratified_random_pair_5fold_non_headline	random-03	target_mean_or_global_fallback	target_identity	RCSB-5E3G-5JQ-KD	construct-002-cb5cf2af5e4a	4.301029995663981	4.398478744346315			0.13513513513513514	1.0
stratified_random_pair_5fold_non_headline	random-03	target_mean_or_global_fallback	target_identity	RCSB-5O4S-9KW-KD	construct-002-cb5cf2af5e4a	5.6020599913279625	4.398478744346315			0.5737704918032787	1.0
stratified_random_pair_5fold_non_headline	random-03	target_mean_or_global_fallback	target_identity	RCSB-5EVA-5S9-KD	construct-002-cb5cf2af5e4a	3.6989700043360187	4.398478744346315			0.225	1.0
stratified_random_pair_5fold_non_headline	random-03	target_mean_or_global_fallback	target_identity	RCSB-5EWD-5SH-KD	construct-002-cb5cf2af5e4a	3.6989700043360187	4.398478744346315			0.26666666666666666	1.0
stratified_random_pair_5fold_non_headline	random-03	target_mean_or_global_fallback	target_identity	RCSB-5EGU-5NQ-KD	construct-003-fbf3f5c695a3	5.853871964321762	6.566399013504092			0.18085106382978725	1.0
stratified_random_pair_5fold_non_headline	random-03	target_mean_or_global_fallback	target_identity	RCSB-6FO5-DZH-KD	construct-003-fbf3f5c695a3	6.721246399047171	6.566399013504092			0.20212765957446807	1.0
stratified_random_pair_5fold_non_headline	random-03	target_mean_or_global_fallback	target_identity	RCSB-5EIS-5OU-KD	construct-003-fbf3f5c695a3	5.7447274948966935	6.566399013504092			0.21518987341772153	1.0
stratified_random_pair_5fold_non_headline	random-03	target_mean_or_global_fallback	target_identity	RCSB-5AOJ-Y0V-KD	construct-004-a02c0b37ee39	4.6777807052660805	4.389804619949703			0.6046511627906976	1.0
stratified_random_pair_5fold_non_headline	random-03	target_mean_or_global_fallback	target_identity	RCSB-5O1H-9GN-KD	construct-004-a02c0b37ee39	4.853871964321762	4.389804619949703			0.6	1.0
stratified_random_pair_5fold_non_headline	random-03	target_mean_or_global_fallback	target_identity	RCSB-6RQ6-R2H-KD	construct-005-6f4aa0a92e90	4.892790030352131	5.359588354262083			0.6923076923076923	1.0
stratified_random_pair_5fold_non_headline	random-03	target_mean_or_global_fallback	target_identity	RCSB-6UJ4-Q8S-KD	construct-006-4c5802bc11cc	6.769551078621726	5.88653390303308			0.7857142857142857	1.0
stratified_random_pair_5fold_non_headline	random-03	target_mean_or_global_fallback	target_identity	RCSB-6U5M-Q0S-KD	construct-006-4c5802bc11cc	6.291579099865287	5.88653390303308			0.390625	1.0
stratified_random_pair_5fold_non_headline	random-03	nuisance_ridge	metadata_only	RCSB-4UGR-6E5-KD	construct-001-c5158f5b655d	4.958607314841775	4.886117852953928			0.49206349206349204	1.0
stratified_random_pair_5fold_non_headline	random-03	nuisance_ridge	metadata_only	RCSB-4UG8-HW1-KD	construct-001-c5158f5b655d	6.346787486224656	4.89497836710428			0.38461538461538464	1.0
stratified_random_pair_5fold_non_headline	random-03	nuisance_ridge	metadata_only	RCSB-4UGM-1QE-KD	construct-001-c5158f5b655d	4.00436480540245	4.886117852953928			0.6666666666666666	1.0
stratified_random_pair_5fold_non_headline	random-03	nuisance_ridge	metadata_only	RCSB-4UG9-1EW-KD	construct-001-c5158f5b655d	5.064996848546345	4.897039971881838			0.5227272727272727	1.0
stratified_random_pair_5fold_non_headline	random-03	nuisance_ridge	metadata_only	RCSB-5E3G-5JQ-KD	construct-002-cb5cf2af5e4a	4.301029995663981	5.075892823808402			0.13513513513513514	1.0
stratified_random_pair_5fold_non_headline	random-03	nuisance_ridge	metadata_only	RCSB-5O4S-9KW-KD	construct-002-cb5cf2af5e4a	5.6020599913279625	5.1871193018920305			0.5737704918032787	1.0
stratified_random_pair_5fold_non_headline	random-03	nuisance_ridge	metadata_only	RCSB-5EVA-5S9-KD	construct-002-cb5cf2af5e4a	3.6989700043360187	5.084665610095879			0.225	1.0
stratified_random_pair_5fold_non_headline	random-03	nuisance_ridge	metadata_only	RCSB-5EWD-5SH-KD	construct-002-cb5cf2af5e4a	3.6989700043360187	5.078963299009018			0.26666666666666666	1.0
stratified_random_pair_5fold_non_headline	random-03	nuisance_ridge	metadata_only	RCSB-5EGU-5NQ-KD	construct-003-fbf3f5c695a3	5.853871964321762	5.04240906773988			0.18085106382978725	1.0
stratified_random_pair_5fold_non_headline	random-03	nuisance_ridge	metadata_only	RCSB-6FO5-DZH-KD	construct-003-fbf3f5c695a3	6.721246399047171	5.213290492578355			0.20212765957446807	1.0
stratified_random_pair_5fold_non_headline	random-03	nuisance_ridge	metadata_only	RCSB-5EIS-5OU-KD	construct-003-fbf3f5c695a3	5.7447274948966935	5.0691660659166855			0.21518987341772153	1.0
stratified_random_pair_5fold_non_headline	random-03	nuisance_ridge	metadata_only	RCSB-5AOJ-Y0V-KD	construct-004-a02c0b37ee39	4.6777807052660805	4.963298081413455			0.6046511627906976	1.0
stratified_random_pair_5fold_non_headline	random-03	nuisance_ridge	metadata_only	RCSB-5O1H-9GN-KD	construct-004-a02c0b37ee39	4.853871964321762	5.143296977970114			0.6	1.0
stratified_random_pair_5fold_non_headline	random-03	nuisance_ridge	metadata_only	RCSB-6RQ6-R2H-KD	construct-005-6f4aa0a92e90	4.892790030352131	5.1959240554196215			0.6923076923076923	1.0
stratified_random_pair_5fold_non_headline	random-03	nuisance_ridge	metadata_only	RCSB-6UJ4-Q8S-KD	construct-006-4c5802bc11cc	6.769551078621726	5.217268783009105			0.7857142857142857	1.0
stratified_random_pair_5fold_non_headline	random-03	nuisance_ridge	metadata_only	RCSB-6U5M-Q0S-KD	construct-006-4c5802bc11cc	6.291579099865287	5.147619085907327			0.390625	1.0
stratified_random_pair_5fold_non_headline	random-03	ligand_ecfp_ridge	ligand_only	RCSB-4UGR-6E5-KD	construct-001-c5158f5b655d	4.958607314841775	4.194430094779814			0.49206349206349204	1.0
stratified_random_pair_5fold_non_headline	random-03	ligand_ecfp_ridge	ligand_only	RCSB-4UG8-HW1-KD	construct-001-c5158f5b655d	6.346787486224656	4.911611168240871			0.38461538461538464	1.0
stratified_random_pair_5fold_non_headline	random-03	ligand_ecfp_ridge	ligand_only	RCSB-4UGM-1QE-KD	construct-001-c5158f5b655d	4.00436480540245	4.228271575670021			0.6666666666666666	1.0
stratified_random_pair_5fold_non_headline	random-03	ligand_ecfp_ridge	ligand_only	RCSB-4UG9-1EW-KD	construct-001-c5158f5b655d	5.064996848546345	4.994462962532137			0.5227272727272727	1.0
stratified_random_pair_5fold_non_headline	random-03	ligand_ecfp_ridge	ligand_only	RCSB-5E3G-5JQ-KD	construct-002-cb5cf2af5e4a	4.301029995663981	4.370990879029097			0.13513513513513514	1.0
stratified_random_pair_5fold_non_headline	random-03	ligand_ecfp_ridge	ligand_only	RCSB-5O4S-9KW-KD	construct-002-cb5cf2af5e4a	5.6020599913279625	5.954040729358062			0.5737704918032787	1.0
stratified_random_pair_5fold_non_headline	random-03	ligand_ecfp_ridge	ligand_only	RCSB-5EVA-5S9-KD	construct-002-cb5cf2af5e4a	3.6989700043360187	4.710803594309559			0.225	1.0
stratified_random_pair_5fold_non_headline	random-03	ligand_ecfp_ridge	ligand_only	RCSB-5EWD-5SH-KD	construct-002-cb5cf2af5e4a	3.6989700043360187	4.543896241714712			0.26666666666666666	1.0
stratified_random_pair_5fold_non_headline	random-03	ligand_ecfp_ridge	ligand_only	RCSB-5EGU-5NQ-KD	construct-003-fbf3f5c695a3	5.853871964321762	5.319599853073065			0.18085106382978725	1.0
stratified_random_pair_5fold_non_headline	random-03	ligand_ecfp_ridge	ligand_only	RCSB-6FO5-DZH-KD	construct-003-fbf3f5c695a3	6.721246399047171	5.546429827240609			0.20212765957446807	1.0
stratified_random_pair_5fold_non_headline	random-03	ligand_ecfp_ridge	ligand_only	RCSB-5EIS-5OU-KD	construct-003-fbf3f5c695a3	5.7447274948966935	5.086202809378667			0.21518987341772153	1.0
stratified_random_pair_5fold_non_headline	random-03	ligand_ecfp_ridge	ligand_only	RCSB-5AOJ-Y0V-KD	construct-004-a02c0b37ee39	4.6777807052660805	4.458912065045617			0.6046511627906976	1.0
stratified_random_pair_5fold_non_headline	random-03	ligand_ecfp_ridge	ligand_only	RCSB-5O1H-9GN-KD	construct-004-a02c0b37ee39	4.853871964321762	4.763313810398653			0.6	1.0
stratified_random_pair_5fold_non_headline	random-03	ligand_ecfp_ridge	ligand_only	RCSB-6RQ6-R2H-KD	construct-005-6f4aa0a92e90	4.892790030352131	5.431482668789864			0.6923076923076923	1.0
stratified_random_pair_5fold_non_headline	random-03	ligand_ecfp_ridge	ligand_only	RCSB-6UJ4-Q8S-KD	construct-006-4c5802bc11cc	6.769551078621726	6.336690565515592			0.7857142857142857	1.0
stratified_random_pair_5fold_non_headline	random-03	ligand_ecfp_ridge	ligand_only	RCSB-6U5M-Q0S-KD	construct-006-4c5802bc11cc	6.291579099865287	6.388266360981024			0.390625	1.0
stratified_random_pair_5fold_non_headline	random-03	ligand_gmolai_ridge	ligand_only	RCSB-4UGR-6E5-KD	construct-001-c5158f5b655d	4.958607314841775	5.099910398379098			0.49206349206349204	1.0
stratified_random_pair_5fold_non_headline	random-03	ligand_gmolai_ridge	ligand_only	RCSB-4UG8-HW1-KD	construct-001-c5158f5b655d	6.346787486224656	5.272971267797676			0.38461538461538464	1.0
stratified_random_pair_5fold_non_headline	random-03	ligand_gmolai_ridge	ligand_only	RCSB-4UGM-1QE-KD	construct-001-c5158f5b655d	4.00436480540245	4.247916292614537			0.6666666666666666	1.0
stratified_random_pair_5fold_non_headline	random-03	ligand_gmolai_ridge	ligand_only	RCSB-4UG9-1EW-KD	construct-001-c5158f5b655d	5.064996848546345	5.0710988112703825			0.5227272727272727	1.0
stratified_random_pair_5fold_non_headline	random-03	ligand_gmolai_ridge	ligand_only	RCSB-5E3G-5JQ-KD	construct-002-cb5cf2af5e4a	4.301029995663981	3.910773750929065			0.13513513513513514	1.0
stratified_random_pair_5fold_non_headline	random-03	ligand_gmolai_ridge	ligand_only	RCSB-5O4S-9KW-KD	construct-002-cb5cf2af5e4a	5.6020599913279625	6.908546156987125			0.5737704918032787	1.0
stratified_random_pair_5fold_non_headline	random-03	ligand_gmolai_ridge	ligand_only	RCSB-5EVA-5S9-KD	construct-002-cb5cf2af5e4a	3.6989700043360187	3.2996871750223873			0.225	1.0
stratified_random_pair_5fold_non_headline	random-03	ligand_gmolai_ridge	ligand_only	RCSB-5EWD-5SH-KD	construct-002-cb5cf2af5e4a	3.6989700043360187	3.8818194992575843			0.26666666666666666	1.0
stratified_random_pair_5fold_non_headline	random-03	ligand_gmolai_ridge	ligand_only	RCSB-5EGU-5NQ-KD	construct-003-fbf3f5c695a3	5.853871964321762	5.048190879591379			0.18085106382978725	1.0
stratified_random_pair_5fold_non_headline	random-03	ligand_gmolai_ridge	ligand_only	RCSB-6FO5-DZH-KD	construct-003-fbf3f5c695a3	6.721246399047171	6.088261632554033			0.20212765957446807	1.0
stratified_random_pair_5fold_non_headline	random-03	ligand_gmolai_ridge	ligand_only	RCSB-5EIS-5OU-KD	construct-003-fbf3f5c695a3	5.7447274948966935	4.547795388437232			0.21518987341772153	1.0
stratified_random_pair_5fold_non_headline	random-03	ligand_gmolai_ridge	ligand_only	RCSB-5AOJ-Y0V-KD	construct-004-a02c0b37ee39	4.6777807052660805	4.3190962434945614			0.6046511627906976	1.0
stratified_random_pair_5fold_non_headline	random-03	ligand_gmolai_ridge	ligand_only	RCSB-5O1H-9GN-KD	construct-004-a02c0b37ee39	4.853871964321762	4.039794197480377			0.6	1.0
stratified_random_pair_5fold_non_headline	random-03	ligand_gmolai_ridge	ligand_only	RCSB-6RQ6-R2H-KD	construct-005-6f4aa0a92e90	4.892790030352131	4.803162420250903			0.6923076923076923	1.0
stratified_random_pair_5fold_non_headline	random-03	ligand_gmolai_ridge	ligand_only	RCSB-6UJ4-Q8S-KD	construct-006-4c5802bc11cc	6.769551078621726	6.123500144977976			0.7857142857142857	1.0
stratified_random_pair_5fold_non_headline	random-03	ligand_gmolai_ridge	ligand_only	RCSB-6U5M-Q0S-KD	construct-006-4c5802bc11cc	6.291579099865287	6.559273158496907			0.390625	1.0
stratified_random_pair_5fold_non_headline	random-03	protein_sequence_ridge	sequence_only	RCSB-4UGR-6E5-KD	construct-001-c5158f5b655d	4.958607314841775	4.55415237661337			0.49206349206349204	1.0
stratified_random_pair_5fold_non_headline	random-03	protein_sequence_ridge	sequence_only	RCSB-4UG8-HW1-KD	construct-001-c5158f5b655d	6.346787486224656	4.55415237661337			0.38461538461538464	1.0
stratified_random_pair_5fold_non_headline	random-03	protein_sequence_ridge	sequence_only	RCSB-4UGM-1QE-KD	construct-001-c5158f5b655d	4.00436480540245	4.55415237661337			0.6666666666666666	1.0
stratified_random_pair_5fold_non_headline	random-03	protein_sequence_ridge	sequence_only	RCSB-4UG9-1EW-KD	construct-001-c5158f5b655d	5.064996848546345	4.55415237661337			0.5227272727272727	1.0
stratified_random_pair_5fold_non_headline	random-03	protein_sequence_ridge	sequence_only	RCSB-5E3G-5JQ-KD	construct-002-cb5cf2af5e4a	4.301029995663981	4.413772066990121			0.13513513513513514	1.0
stratified_random_pair_5fold_non_headline	random-03	protein_sequence_ridge	sequence_only	RCSB-5O4S-9KW-KD	construct-002-cb5cf2af5e4a	5.6020599913279625	4.413772066990121			0.5737704918032787	1.0
stratified_random_pair_5fold_non_headline	random-03	protein_sequence_ridge	sequence_only	RCSB-5EVA-5S9-KD	construct-002-cb5cf2af5e4a	3.6989700043360187	4.413772066990121			0.225	1.0
stratified_random_pair_5fold_non_headline	random-03	protein_sequence_ridge	sequence_only	RCSB-5EWD-5SH-KD	construct-002-cb5cf2af5e4a	3.6989700043360187	4.413772066990121			0.26666666666666666	1.0
stratified_random_pair_5fold_non_headline	random-03	protein_sequence_ridge	sequence_only	RCSB-5EGU-5NQ-KD	construct-003-fbf3f5c695a3	5.853871964321762	6.539423272107881			0.18085106382978725	1.0
stratified_random_pair_5fold_non_headline	random-03	protein_sequence_ridge	sequence_only	RCSB-6FO5-DZH-KD	construct-003-fbf3f5c695a3	6.721246399047171	6.539423272107881			0.20212765957446807	1.0
stratified_random_pair_5fold_non_headline	random-03	protein_sequence_ridge	sequence_only	RCSB-5EIS-5OU-KD	construct-003-fbf3f5c695a3	5.7447274948966935	6.539423272107881			0.21518987341772153	1.0
stratified_random_pair_5fold_non_headline	random-03	protein_sequence_ridge	sequence_only	RCSB-5AOJ-Y0V-KD	construct-004-a02c0b37ee39	4.6777807052660805	4.406743990666603			0.6046511627906976	1.0
stratified_random_pair_5fold_non_headline	random-03	protein_sequence_ridge	sequence_only	RCSB-5O1H-9GN-KD	construct-004-a02c0b37ee39	4.853871964321762	4.406743990666603			0.6	1.0
stratified_random_pair_5fold_non_headline	random-03	protein_sequence_ridge	sequence_only	RCSB-6RQ6-R2H-KD	construct-005-6f4aa0a92e90	4.892790030352131	5.347643438270882			0.6923076923076923	1.0
stratified_random_pair_5fold_non_headline	random-03	protein_sequence_ridge	sequence_only	RCSB-6UJ4-Q8S-KD	construct-006-4c5802bc11cc	6.769551078621726	5.865759680842948			0.7857142857142857	1.0
stratified_random_pair_5fold_non_headline	random-03	protein_sequence_ridge	sequence_only	RCSB-6U5M-Q0S-KD	construct-006-4c5802bc11cc	6.291579099865287	5.865759680842948			0.390625	1.0
stratified_random_pair_5fold_non_headline	random-03	concat_ecfp_sequence_ridge	sequence_ligand	RCSB-4UGR-6E5-KD	construct-001-c5158f5b655d	4.958607314841775	4.239411695463167			0.49206349206349204	1.0
stratified_random_pair_5fold_non_headline	random-03	concat_ecfp_sequence_ridge	sequence_ligand	RCSB-4UG8-HW1-KD	construct-001-c5158f5b655d	6.346787486224656	4.950647639532821			0.38461538461538464	1.0
stratified_random_pair_5fold_non_headline	random-03	concat_ecfp_sequence_ridge	sequence_ligand	RCSB-4UGM-1QE-KD	construct-001-c5158f5b655d	4.00436480540245	4.218304816318529			0.6666666666666666	1.0
stratified_random_pair_5fold_non_headline	random-03	concat_ecfp_sequence_ridge	sequence_ligand	RCSB-4UG9-1EW-KD	construct-001-c5158f5b655d	5.064996848546345	4.960215033118525			0.5227272727272727	1.0
stratified_random_pair_5fold_non_headline	random-03	concat_ecfp_sequence_ridge	sequence_ligand	RCSB-5E3G-5JQ-KD	construct-002-cb5cf2af5e4a	4.301029995663981	4.271843118129962			0.13513513513513514	1.0
stratified_random_pair_5fold_non_headline	random-03	concat_ecfp_sequence_ridge	sequence_ligand	RCSB-5O4S-9KW-KD	construct-002-cb5cf2af5e4a	5.6020599913279625	5.373686964446033			0.5737704918032787	1.0
stratified_random_pair_5fold_non_headline	random-03	concat_ecfp_sequence_ridge	sequence_ligand	RCSB-5EVA-5S9-KD	construct-002-cb5cf2af5e4a	3.6989700043360187	4.2412279068141086			0.225	1.0
stratified_random_pair_5fold_non_headline	random-03	concat_ecfp_sequence_ridge	sequence_ligand	RCSB-5EWD-5SH-KD	construct-002-cb5cf2af5e4a	3.6989700043360187	4.162562547833439			0.26666666666666666	1.0
stratified_random_pair_5fold_non_headline	random-03	concat_ecfp_sequence_ridge	sequence_ligand	RCSB-5EGU-5NQ-KD	construct-003-fbf3f5c695a3	5.853871964321762	6.637727560767481			0.18085106382978725	1.0
stratified_random_pair_5fold_non_headline	random-03	concat_ecfp_sequence_ridge	sequence_ligand	RCSB-6FO5-DZH-KD	construct-003-fbf3f5c695a3	6.721246399047171	6.732170128790275			0.20212765957446807	1.0
stratified_random_pair_5fold_non_headline	random-03	concat_ecfp_sequence_ridge	sequence_ligand	RCSB-5EIS-5OU-KD	construct-003-fbf3f5c695a3	5.7447274948966935	6.418397995944224			0.21518987341772153	1.0
stratified_random_pair_5fold_non_headline	random-03	concat_ecfp_sequence_ridge	sequence_ligand	RCSB-5AOJ-Y0V-KD	construct-004-a02c0b37ee39	4.6777807052660805	4.488612248780258			0.6046511627906976	1.0
stratified_random_pair_5fold_non_headline	random-03	concat_ecfp_sequence_ridge	sequence_ligand	RCSB-5O1H-9GN-KD	construct-004-a02c0b37ee39	4.853871964321762	4.5991276725078905			0.6	1.0
stratified_random_pair_5fold_non_headline	random-03	concat_ecfp_sequence_ridge	sequence_ligand	RCSB-6RQ6-R2H-KD	construct-005-6f4aa0a92e90	4.892790030352131	5.515329195188231			0.6923076923076923	1.0
stratified_random_pair_5fold_non_headline	random-03	concat_ecfp_sequence_ridge	sequence_ligand	RCSB-6UJ4-Q8S-KD	construct-006-4c5802bc11cc	6.769551078621726	6.342173104147318			0.7857142857142857	1.0
stratified_random_pair_5fold_non_headline	random-03	concat_ecfp_sequence_ridge	sequence_ligand	RCSB-6U5M-Q0S-KD	construct-006-4c5802bc11cc	6.291579099865287	6.149790468440765			0.390625	1.0
stratified_random_pair_5fold_non_headline	random-03	pocket_composition_ridge_S0	S0	RCSB-4UGR-6E5-KD	construct-001-c5158f5b655d	4.958607314841775	4.7212294289081145			0.49206349206349204	1.0
stratified_random_pair_5fold_non_headline	random-03	pocket_composition_ridge_S0	S0	RCSB-4UG8-HW1-KD	construct-001-c5158f5b655d	6.346787486224656	4.7212294289081145			0.38461538461538464	1.0
stratified_random_pair_5fold_non_headline	random-03	pocket_composition_ridge_S0	S0	RCSB-4UGM-1QE-KD	construct-001-c5158f5b655d	4.00436480540245	4.7212294289081145			0.6666666666666666	1.0
stratified_random_pair_5fold_non_headline	random-03	pocket_composition_ridge_S0	S0	RCSB-4UG9-1EW-KD	construct-001-c5158f5b655d	5.064996848546345	4.7212294289081145			0.5227272727272727	1.0
stratified_random_pair_5fold_non_headline	random-03	pocket_composition_ridge_S0	S0	RCSB-5E3G-5JQ-KD	construct-002-cb5cf2af5e4a	4.301029995663981	4.599056819093184			0.13513513513513514	1.0
stratified_random_pair_5fold_non_headline	random-03	pocket_composition_ridge_S0	S0	RCSB-5O4S-9KW-KD	construct-002-cb5cf2af5e4a	5.6020599913279625	4.599056819093184			0.5737704918032787	1.0
stratified_random_pair_5fold_non_headline	random-03	pocket_composition_ridge_S0	S0	RCSB-5EVA-5S9-KD	construct-002-cb5cf2af5e4a	3.6989700043360187	4.599056819093184			0.225	1.0
stratified_random_pair_5fold_non_headline	random-03	pocket_composition_ridge_S0	S0	RCSB-5EWD-5SH-KD	construct-002-cb5cf2af5e4a	3.6989700043360187	4.599056819093184			0.26666666666666666	1.0
stratified_random_pair_5fold_non_headline	random-03	pocket_composition_ridge_S0	S0	RCSB-5EGU-5NQ-KD	construct-003-fbf3f5c695a3	5.853871964321762	6.058331062363514			0.18085106382978725	1.0
stratified_random_pair_5fold_non_headline	random-03	pocket_composition_ridge_S0	S0	RCSB-6FO5-DZH-KD	construct-003-fbf3f5c695a3	6.721246399047171	6.058331062363514			0.20212765957446807	1.0
stratified_random_pair_5fold_non_headline	random-03	pocket_composition_ridge_S0	S0	RCSB-5EIS-5OU-KD	construct-003-fbf3f5c695a3	5.7447274948966935	6.058331062363514			0.21518987341772153	1.0
stratified_random_pair_5fold_non_headline	random-03	pocket_composition_ridge_S0	S0	RCSB-5AOJ-Y0V-KD	construct-004-a02c0b37ee39	4.6777807052660805	4.696563289310311			0.6046511627906976	1.0
stratified_random_pair_5fold_non_headline	random-03	pocket_composition_ridge_S0	S0	RCSB-5O1H-9GN-KD	construct-004-a02c0b37ee39	4.853871964321762	4.696563289310311			0.6	1.0
stratified_random_pair_5fold_non_headline	random-03	pocket_composition_ridge_S0	S0	RCSB-6RQ6-R2H-KD	construct-005-6f4aa0a92e90	4.892790030352131	5.323835291672107			0.6923076923076923	1.0
stratified_random_pair_5fold_non_headline	random-03	pocket_composition_ridge_S0	S0	RCSB-6UJ4-Q8S-KD	construct-006-4c5802bc11cc	6.769551078621726	5.577386035974484			0.7857142857142857	1.0
stratified_random_pair_5fold_non_headline	random-03	pocket_composition_ridge_S0	S0	RCSB-6U5M-Q0S-KD	construct-006-4c5802bc11cc	6.291579099865287	5.586368398742088			0.390625	1.0
stratified_random_pair_5fold_non_headline	random-03	pocket_structure_ridge_S0	S0	RCSB-4UGR-6E5-KD	construct-001-c5158f5b655d	4.958607314841775	4.667363048182227			0.49206349206349204	1.0
stratified_random_pair_5fold_non_headline	random-03	pocket_structure_ridge_S0	S0	RCSB-4UG8-HW1-KD	construct-001-c5158f5b655d	6.346787486224656	4.663857367046321			0.38461538461538464	1.0
stratified_random_pair_5fold_non_headline	random-03	pocket_structure_ridge_S0	S0	RCSB-4UGM-1QE-KD	construct-001-c5158f5b655d	4.00436480540245	4.599623175570453			0.6666666666666666	1.0
stratified_random_pair_5fold_non_headline	random-03	pocket_structure_ridge_S0	S0	RCSB-4UG9-1EW-KD	construct-001-c5158f5b655d	5.064996848546345	4.623005872474353			0.5227272727272727	1.0
stratified_random_pair_5fold_non_headline	random-03	pocket_structure_ridge_S0	S0	RCSB-5E3G-5JQ-KD	construct-002-cb5cf2af5e4a	4.301029995663981	4.698403681852294			0.13513513513513514	1.0
stratified_random_pair_5fold_non_headline	random-03	pocket_structure_ridge_S0	S0	RCSB-5O4S-9KW-KD	construct-002-cb5cf2af5e4a	5.6020599913279625	4.689242408882596			0.5737704918032787	1.0
stratified_random_pair_5fold_non_headline	random-03	pocket_structure_ridge_S0	S0	RCSB-5EVA-5S9-KD	construct-002-cb5cf2af5e4a	3.6989700043360187	4.498468779465872			0.225	1.0
stratified_random_pair_5fold_non_headline	random-03	pocket_structure_ridge_S0	S0	RCSB-5EWD-5SH-KD	construct-002-cb5cf2af5e4a	3.6989700043360187	4.524342803374443			0.26666666666666666	1.0
stratified_random_pair_5fold_non_headline	random-03	pocket_structure_ridge_S0	S0	RCSB-5EGU-5NQ-KD	construct-003-fbf3f5c695a3	5.853871964321762	6.023608480040619			0.18085106382978725	1.0
stratified_random_pair_5fold_non_headline	random-03	pocket_structure_ridge_S0	S0	RCSB-6FO5-DZH-KD	construct-003-fbf3f5c695a3	6.721246399047171	6.065726708531436			0.20212765957446807	1.0
stratified_random_pair_5fold_non_headline	random-03	pocket_structure_ridge_S0	S0	RCSB-5EIS-5OU-KD	construct-003-fbf3f5c695a3	5.7447274948966935	6.2630029797888955			0.21518987341772153	1.0
stratified_random_pair_5fold_non_headline	random-03	pocket_structure_ridge_S0	S0	RCSB-5AOJ-Y0V-KD	construct-004-a02c0b37ee39	4.6777807052660805	4.686044841897767			0.6046511627906976	1.0
stratified_random_pair_5fold_non_headline	random-03	pocket_structure_ridge_S0	S0	RCSB-5O1H-9GN-KD	construct-004-a02c0b37ee39	4.853871964321762	4.714027058600366			0.6	1.0
stratified_random_pair_5fold_non_headline	random-03	pocket_structure_ridge_S0	S0	RCSB-6RQ6-R2H-KD	construct-005-6f4aa0a92e90	4.892790030352131	5.364489936418197			0.6923076923076923	1.0
stratified_random_pair_5fold_non_headline	random-03	pocket_structure_ridge_S0	S0	RCSB-6UJ4-Q8S-KD	construct-006-4c5802bc11cc	6.769551078621726	5.716046327466941			0.7857142857142857	1.0
stratified_random_pair_5fold_non_headline	random-03	pocket_structure_ridge_S0	S0	RCSB-6U5M-Q0S-KD	construct-006-4c5802bc11cc	6.291579099865287	5.626395434302234			0.390625	1.0
stratified_random_pair_5fold_non_headline	random-03	concat_ecfp_pocket_ridge_S0	S0	RCSB-4UGR-6E5-KD	construct-001-c5158f5b655d	4.958607314841775	4.245887184314546			0.49206349206349204	1.0
stratified_random_pair_5fold_non_headline	random-03	concat_ecfp_pocket_ridge_S0	S0	RCSB-4UG8-HW1-KD	construct-001-c5158f5b655d	6.346787486224656	4.9480311105961725			0.38461538461538464	1.0
stratified_random_pair_5fold_non_headline	random-03	concat_ecfp_pocket_ridge_S0	S0	RCSB-4UGM-1QE-KD	construct-001-c5158f5b655d	4.00436480540245	4.225213156755626			0.6666666666666666	1.0
stratified_random_pair_5fold_non_headline	random-03	concat_ecfp_pocket_ridge_S0	S0	RCSB-4UG9-1EW-KD	construct-001-c5158f5b655d	5.064996848546345	4.962398741591489			0.5227272727272727	1.0
stratified_random_pair_5fold_non_headline	random-03	concat_ecfp_pocket_ridge_S0	S0	RCSB-5E3G-5JQ-KD	construct-002-cb5cf2af5e4a	4.301029995663981	4.307932819328277			0.13513513513513514	1.0
stratified_random_pair_5fold_non_headline	random-03	concat_ecfp_pocket_ridge_S0	S0	RCSB-5O4S-9KW-KD	construct-002-cb5cf2af5e4a	5.6020599913279625	5.780660828732661			0.5737704918032787	1.0
stratified_random_pair_5fold_non_headline	random-03	concat_ecfp_pocket_ridge_S0	S0	RCSB-5EVA-5S9-KD	construct-002-cb5cf2af5e4a	3.6989700043360187	4.487312848838661			0.225	1.0
stratified_random_pair_5fold_non_headline	random-03	concat_ecfp_pocket_ridge_S0	S0	RCSB-5EWD-5SH-KD	construct-002-cb5cf2af5e4a	3.6989700043360187	4.357829498250562			0.26666666666666666	1.0
stratified_random_pair_5fold_non_headline	random-03	concat_ecfp_pocket_ridge_S0	S0	RCSB-5EGU-5NQ-KD	construct-003-fbf3f5c695a3	5.853871964321762	5.547185569433643			0.18085106382978725	1.0
stratified_random_pair_5fold_non_headline	random-03	concat_ecfp_pocket_ridge_S0	S0	RCSB-6FO5-DZH-KD	construct-003-fbf3f5c695a3	6.721246399047171	5.7972000494338545			0.20212765957446807	1.0
stratified_random_pair_5fold_non_headline	random-03	concat_ecfp_pocket_ridge_S0	S0	RCSB-5EIS-5OU-KD	construct-003-fbf3f5c695a3	5.7447274948966935	5.400476286863076			0.21518987341772153	1.0
stratified_random_pair_5fold_non_headline	random-03	concat_ecfp_pocket_ridge_S0	S0	RCSB-5AOJ-Y0V-KD	construct-004-a02c0b37ee39	4.6777807052660805	4.474976104306773			0.6046511627906976	1.0
stratified_random_pair_5fold_non_headline	random-03	concat_ecfp_pocket_ridge_S0	S0	RCSB-5O1H-9GN-KD	construct-004-a02c0b37ee39	4.853871964321762	4.712295106120658			0.6	1.0
stratified_random_pair_5fold_non_headline	random-03	concat_ecfp_pocket_ridge_S0	S0	RCSB-6RQ6-R2H-KD	construct-005-6f4aa0a92e90	4.892790030352131	5.47575781343548			0.6923076923076923	1.0
stratified_random_pair_5fold_non_headline	random-03	concat_ecfp_pocket_ridge_S0	S0	RCSB-6UJ4-Q8S-KD	construct-006-4c5802bc11cc	6.769551078621726	6.350179219898397			0.7857142857142857	1.0
stratified_random_pair_5fold_non_headline	random-03	concat_ecfp_pocket_ridge_S0	S0	RCSB-6U5M-Q0S-KD	construct-006-4c5802bc11cc	6.291579099865287	6.380215797302501			0.390625	1.0
stratified_random_pair_5fold_non_headline	random-03	concat_gmolai_pocket_ridge_S0	S0	RCSB-4UGR-6E5-KD	construct-001-c5158f5b655d	4.958607314841775	4.994485335682077			0.49206349206349204	1.0
stratified_random_pair_5fold_non_headline	random-03	concat_gmolai_pocket_ridge_S0	S0	RCSB-4UG8-HW1-KD	construct-001-c5158f5b655d	6.346787486224656	5.175590728081407			0.38461538461538464	1.0
stratified_random_pair_5fold_non_headline	random-03	concat_gmolai_pocket_ridge_S0	S0	RCSB-4UGM-1QE-KD	construct-001-c5158f5b655d	4.00436480540245	4.133712681589676			0.6666666666666666	1.0
stratified_random_pair_5fold_non_headline	random-03	concat_gmolai_pocket_ridge_S0	S0	RCSB-4UG9-1EW-KD	construct-001-c5158f5b655d	5.064996848546345	4.857770168249438			0.5227272727272727	1.0
stratified_random_pair_5fold_non_headline	random-03	concat_gmolai_pocket_ridge_S0	S0	RCSB-5E3G-5JQ-KD	construct-002-cb5cf2af5e4a	4.301029995663981	4.336550986603538			0.13513513513513514	1.0
stratified_random_pair_5fold_non_headline	random-03	concat_gmolai_pocket_ridge_S0	S0	RCSB-5O4S-9KW-KD	construct-002-cb5cf2af5e4a	5.6020599913279625	6.487004045952446			0.5737704918032787	1.0
stratified_random_pair_5fold_non_headline	random-03	concat_gmolai_pocket_ridge_S0	S0	RCSB-5EVA-5S9-KD	construct-002-cb5cf2af5e4a	3.6989700043360187	3.5337043684253215			0.225	1.0
stratified_random_pair_5fold_non_headline	random-03	concat_gmolai_pocket_ridge_S0	S0	RCSB-5EWD-5SH-KD	construct-002-cb5cf2af5e4a	3.6989700043360187	3.826987470744398			0.26666666666666666	1.0
stratified_random_pair_5fold_non_headline	random-03	concat_gmolai_pocket_ridge_S0	S0	RCSB-5EGU-5NQ-KD	construct-003-fbf3f5c695a3	5.853871964321762	5.753937098454009			0.18085106382978725	1.0
stratified_random_pair_5fold_non_headline	random-03	concat_gmolai_pocket_ridge_S0	S0	RCSB-6FO5-DZH-KD	construct-003-fbf3f5c695a3	6.721246399047171	6.649322188093959			0.20212765957446807	1.0
stratified_random_pair_5fold_non_headline	random-03	concat_gmolai_pocket_ridge_S0	S0	RCSB-5EIS-5OU-KD	construct-003-fbf3f5c695a3	5.7447274948966935	5.652554376077657			0.21518987341772153	1.0
stratified_random_pair_5fold_non_headline	random-03	concat_gmolai_pocket_ridge_S0	S0	RCSB-5AOJ-Y0V-KD	construct-004-a02c0b37ee39	4.6777807052660805	4.461737292622294			0.6046511627906976	1.0
stratified_random_pair_5fold_non_headline	random-03	concat_gmolai_pocket_ridge_S0	S0	RCSB-5O1H-9GN-KD	construct-004-a02c0b37ee39	4.853871964321762	4.040442092326912			0.6	1.0
stratified_random_pair_5fold_non_headline	random-03	concat_gmolai_pocket_ridge_S0	S0	RCSB-6RQ6-R2H-KD	construct-005-6f4aa0a92e90	4.892790030352131	4.906497045041358			0.6923076923076923	1.0
stratified_random_pair_5fold_non_headline	random-03	concat_gmolai_pocket_ridge_S0	S0	RCSB-6UJ4-Q8S-KD	construct-006-4c5802bc11cc	6.769551078621726	6.118169288967363			0.7857142857142857	1.0
stratified_random_pair_5fold_non_headline	random-03	concat_gmolai_pocket_ridge_S0	S0	RCSB-6U5M-Q0S-KD	construct-006-4c5802bc11cc	6.291579099865287	6.471281122840061			0.390625	1.0
stratified_random_pair_5fold_non_headline	random-03	pocket_composition_ridge_S1	S1	RCSB-4UGR-6E5-KD	construct-001-c5158f5b655d	4.958607314841775	4.723727462007142			0.49206349206349204	1.0
stratified_random_pair_5fold_non_headline	random-03	pocket_composition_ridge_S1	S1	RCSB-4UG8-HW1-KD	construct-001-c5158f5b655d	6.346787486224656	4.723727462007142			0.38461538461538464	1.0
stratified_random_pair_5fold_non_headline	random-03	pocket_composition_ridge_S1	S1	RCSB-4UGM-1QE-KD	construct-001-c5158f5b655d	4.00436480540245	4.723727462007142			0.6666666666666666	1.0
stratified_random_pair_5fold_non_headline	random-03	pocket_composition_ridge_S1	S1	RCSB-4UG9-1EW-KD	construct-001-c5158f5b655d	5.064996848546345	4.723727462007142			0.5227272727272727	1.0
stratified_random_pair_5fold_non_headline	random-03	pocket_composition_ridge_S1	S1	RCSB-5E3G-5JQ-KD	construct-002-cb5cf2af5e4a	4.301029995663981	4.5986298507723555			0.13513513513513514	1.0
stratified_random_pair_5fold_non_headline	random-03	pocket_composition_ridge_S1	S1	RCSB-5O4S-9KW-KD	construct-002-cb5cf2af5e4a	5.6020599913279625	4.5986298507723555			0.5737704918032787	1.0
stratified_random_pair_5fold_non_headline	random-03	pocket_composition_ridge_S1	S1	RCSB-5EVA-5S9-KD	construct-002-cb5cf2af5e4a	3.6989700043360187	4.5986298507723555			0.225	1.0
stratified_random_pair_5fold_non_headline	random-03	pocket_composition_ridge_S1	S1	RCSB-5EWD-5SH-KD	construct-002-cb5cf2af5e4a	3.6989700043360187	4.5986298507723555			0.26666666666666666	1.0
stratified_random_pair_5fold_non_headline	random-03	pocket_composition_ridge_S1	S1	RCSB-5EGU-5NQ-KD	construct-003-fbf3f5c695a3	5.853871964321762	6.062732469247013			0.18085106382978725	1.0
stratified_random_pair_5fold_non_headline	random-03	pocket_composition_ridge_S1	S1	RCSB-6FO5-DZH-KD	construct-003-fbf3f5c695a3	6.721246399047171	6.062732469247013			0.20212765957446807	1.0
stratified_random_pair_5fold_non_headline	random-03	pocket_composition_ridge_S1	S1	RCSB-5EIS-5OU-KD	construct-003-fbf3f5c695a3	5.7447274948966935	6.062732469247013			0.21518987341772153	1.0
stratified_random_pair_5fold_non_headline	random-03	pocket_composition_ridge_S1	S1	RCSB-5AOJ-Y0V-KD	construct-004-a02c0b37ee39	4.6777807052660805	4.689440936659768			0.6046511627906976	1.0
stratified_random_pair_5fold_non_headline	random-03	pocket_composition_ridge_S1	S1	RCSB-5O1H-9GN-KD	construct-004-a02c0b37ee39	4.853871964321762	4.689440936659768			0.6	1.0
stratified_random_pair_5fold_non_headline	random-03	pocket_composition_ridge_S1	S1	RCSB-6RQ6-R2H-KD	construct-005-6f4aa0a92e90	4.892790030352131	5.322698239728453			0.6923076923076923	1.0
stratified_random_pair_5fold_non_headline	random-03	pocket_composition_ridge_S1	S1	RCSB-6UJ4-Q8S-KD	construct-006-4c5802bc11cc	6.769551078621726	5.5893901170236875			0.7857142857142857	1.0
stratified_random_pair_5fold_non_headline	random-03	pocket_composition_ridge_S1	S1	RCSB-6U5M-Q0S-KD	construct-006-4c5802bc11cc	6.291579099865287	5.5893901170236875			0.390625	1.0
stratified_random_pair_5fold_non_headline	random-03	pocket_structure_ridge_S1	S1	RCSB-4UGR-6E5-KD	construct-001-c5158f5b655d	4.958607314841775	4.651382252918827			0.49206349206349204	1.0
stratified_random_pair_5fold_non_headline	random-03	pocket_structure_ridge_S1	S1	RCSB-4UG8-HW1-KD	construct-001-c5158f5b655d	6.346787486224656	4.651382252918827			0.38461538461538464	1.0
stratified_random_pair_5fold_non_headline	random-03	pocket_structure_ridge_S1	S1	RCSB-4UGM-1QE-KD	construct-001-c5158f5b655d	4.00436480540245	4.651382252918827			0.6666666666666666	1.0
stratified_random_pair_5fold_non_headline	random-03	pocket_structure_ridge_S1	S1	RCSB-4UG9-1EW-KD	construct-001-c5158f5b655d	5.064996848546345	4.651382252918827			0.5227272727272727	1.0
stratified_random_pair_5fold_non_headline	random-03	pocket_structure_ridge_S1	S1	RCSB-5E3G-5JQ-KD	construct-002-cb5cf2af5e4a	4.301029995663981	4.541398681048285			0.13513513513513514	1.0
stratified_random_pair_5fold_non_headline	random-03	pocket_structure_ridge_S1	S1	RCSB-5O4S-9KW-KD	construct-002-cb5cf2af5e4a	5.6020599913279625	4.541398681048285			0.5737704918032787	1.0
stratified_random_pair_5fold_non_headline	random-03	pocket_structure_ridge_S1	S1	RCSB-5EVA-5S9-KD	construct-002-cb5cf2af5e4a	3.6989700043360187	4.541398681048285			0.225	1.0
stratified_random_pair_5fold_non_headline	random-03	pocket_structure_ridge_S1	S1	RCSB-5EWD-5SH-KD	construct-002-cb5cf2af5e4a	3.6989700043360187	4.541398681048285			0.26666666666666666	1.0
stratified_random_pair_5fold_non_headline	random-03	pocket_structure_ridge_S1	S1	RCSB-5EGU-5NQ-KD	construct-003-fbf3f5c695a3	5.853871964321762	6.23145864490894			0.18085106382978725	1.0
stratified_random_pair_5fold_non_headline	random-03	pocket_structure_ridge_S1	S1	RCSB-6FO5-DZH-KD	construct-003-fbf3f5c695a3	6.721246399047171	6.23145864490894			0.20212765957446807	1.0
stratified_random_pair_5fold_non_headline	random-03	pocket_structure_ridge_S1	S1	RCSB-5EIS-5OU-KD	construct-003-fbf3f5c695a3	5.7447274948966935	6.23145864490894			0.21518987341772153	1.0
stratified_random_pair_5fold_non_headline	random-03	pocket_structure_ridge_S1	S1	RCSB-5AOJ-Y0V-KD	construct-004-a02c0b37ee39	4.6777807052660805	4.591383219072323			0.6046511627906976	1.0
stratified_random_pair_5fold_non_headline	random-03	pocket_structure_ridge_S1	S1	RCSB-5O1H-9GN-KD	construct-004-a02c0b37ee39	4.853871964321762	4.591383219072323			0.6	1.0
stratified_random_pair_5fold_non_headline	random-03	pocket_structure_ridge_S1	S1	RCSB-6RQ6-R2H-KD	construct-005-6f4aa0a92e90	4.892790030352131	5.338787607652556			0.6923076923076923	1.0
stratified_random_pair_5fold_non_headline	random-03	pocket_structure_ridge_S1	S1	RCSB-6UJ4-Q8S-KD	construct-006-4c5802bc11cc	6.769551078621726	5.685169845615247			0.7857142857142857	1.0
stratified_random_pair_5fold_non_headline	random-03	pocket_structure_ridge_S1	S1	RCSB-6U5M-Q0S-KD	construct-006-4c5802bc11cc	6.291579099865287	5.685169845615247			0.390625	1.0
stratified_random_pair_5fold_non_headline	random-03	concat_ecfp_pocket_ridge_S1	S1	RCSB-4UGR-6E5-KD	construct-001-c5158f5b655d	4.958607314841775	4.227552660831179			0.49206349206349204	1.0
stratified_random_pair_5fold_non_headline	random-03	concat_ecfp_pocket_ridge_S1	S1	RCSB-4UG8-HW1-KD	construct-001-c5158f5b655d	6.346787486224656	4.959262062760089			0.38461538461538464	1.0
stratified_random_pair_5fold_non_headline	random-03	concat_ecfp_pocket_ridge_S1	S1	RCSB-4UGM-1QE-KD	construct-001-c5158f5b655d	4.00436480540245	4.234714475876469			0.6666666666666666	1.0
stratified_random_pair_5fold_non_headline	random-03	concat_ecfp_pocket_ridge_S1	S1	RCSB-4UG9-1EW-KD	construct-001-c5158f5b655d	5.064996848546345	4.992228725299698			0.5227272727272727	1.0
stratified_random_pair_5fold_non_headline	random-03	concat_ecfp_pocket_ridge_S1	S1	RCSB-5E3G-5JQ-KD	construct-002-cb5cf2af5e4a	4.301029995663981	4.284893717507213			0.13513513513513514	1.0
stratified_random_pair_5fold_non_headline	random-03	concat_ecfp_pocket_ridge_S1	S1	RCSB-5O4S-9KW-KD	construct-002-cb5cf2af5e4a	5.6020599913279625	5.772054927559268			0.5737704918032787	1.0
stratified_random_pair_5fold_non_headline	random-03	concat_ecfp_pocket_ridge_S1	S1	RCSB-5EVA-5S9-KD	construct-002-cb5cf2af5e4a	3.6989700043360187	4.506439362970588			0.225	1.0
stratified_random_pair_5fold_non_headline	random-03	concat_ecfp_pocket_ridge_S1	S1	RCSB-5EWD-5SH-KD	construct-002-cb5cf2af5e4a	3.6989700043360187	4.37325360293321			0.26666666666666666	1.0
stratified_random_pair_5fold_non_headline	random-03	concat_ecfp_pocket_ridge_S1	S1	RCSB-5EGU-5NQ-KD	construct-003-fbf3f5c695a3	5.853871964321762	5.649864201743693			0.18085106382978725	1.0
stratified_random_pair_5fold_non_headline	random-03	concat_ecfp_pocket_ridge_S1	S1	RCSB-6FO5-DZH-KD	construct-003-fbf3f5c695a3	6.721246399047171	5.849468419509404			0.20212765957446807	1.0
stratified_random_pair_5fold_non_headline	random-03	concat_ecfp_pocket_ridge_S1	S1	RCSB-5EIS-5OU-KD	construct-003-fbf3f5c695a3	5.7447274948966935	5.405302117550171			0.21518987341772153	1.0
stratified_random_pair_5fold_non_headline	random-03	concat_ecfp_pocket_ridge_S1	S1	RCSB-5AOJ-Y0V-KD	construct-004-a02c0b37ee39	4.6777807052660805	4.466070569210012			0.6046511627906976	1.0
stratified_random_pair_5fold_non_headline	random-03	concat_ecfp_pocket_ridge_S1	S1	RCSB-5O1H-9GN-KD	construct-004-a02c0b37ee39	4.853871964321762	4.703786046015298			0.6	1.0
stratified_random_pair_5fold_non_headline	random-03	concat_ecfp_pocket_ridge_S1	S1	RCSB-6RQ6-R2H-KD	construct-005-6f4aa0a92e90	4.892790030352131	5.471909514645598			0.6923076923076923	1.0
stratified_random_pair_5fold_non_headline	random-03	concat_ecfp_pocket_ridge_S1	S1	RCSB-6UJ4-Q8S-KD	construct-006-4c5802bc11cc	6.769551078621726	6.348202343200899			0.7857142857142857	1.0
stratified_random_pair_5fold_non_headline	random-03	concat_ecfp_pocket_ridge_S1	S1	RCSB-6U5M-Q0S-KD	construct-006-4c5802bc11cc	6.291579099865287	6.403433382040196			0.390625	1.0
stratified_random_pair_5fold_non_headline	random-03	concat_gmolai_pocket_ridge_S1	S1	RCSB-4UGR-6E5-KD	construct-001-c5158f5b655d	4.958607314841775	4.954697391176137			0.49206349206349204	1.0
stratified_random_pair_5fold_non_headline	random-03	concat_gmolai_pocket_ridge_S1	S1	RCSB-4UG8-HW1-KD	construct-001-c5158f5b655d	6.346787486224656	5.161867411722861			0.38461538461538464	1.0
stratified_random_pair_5fold_non_headline	random-03	concat_gmolai_pocket_ridge_S1	S1	RCSB-4UGM-1QE-KD	construct-001-c5158f5b655d	4.00436480540245	4.151364420441515			0.6666666666666666	1.0
stratified_random_pair_5fold_non_headline	random-03	concat_gmolai_pocket_ridge_S1	S1	RCSB-4UG9-1EW-KD	construct-001-c5158f5b655d	5.064996848546345	4.870349424629511			0.5227272727272727	1.0
stratified_random_pair_5fold_non_headline	random-03	concat_gmolai_pocket_ridge_S1	S1	RCSB-5E3G-5JQ-KD	construct-002-cb5cf2af5e4a	4.301029995663981	4.35494580770158			0.13513513513513514	1.0
stratified_random_pair_5fold_non_headline	random-03	concat_gmolai_pocket_ridge_S1	S1	RCSB-5O4S-9KW-KD	construct-002-cb5cf2af5e4a	5.6020599913279625	6.382187824488075			0.5737704918032787	1.0
stratified_random_pair_5fold_non_headline	random-03	concat_gmolai_pocket_ridge_S1	S1	RCSB-5EVA-5S9-KD	construct-002-cb5cf2af5e4a	3.6989700043360187	3.5551793717259432			0.225	1.0
stratified_random_pair_5fold_non_headline	random-03	concat_gmolai_pocket_ridge_S1	S1	RCSB-5EWD-5SH-KD	construct-002-cb5cf2af5e4a	3.6989700043360187	3.8381505423135804			0.26666666666666666	1.0
stratified_random_pair_5fold_non_headline	random-03	concat_gmolai_pocket_ridge_S1	S1	RCSB-5EGU-5NQ-KD	construct-003-fbf3f5c695a3	5.853871964321762	5.885930814013258			0.18085106382978725	1.0
stratified_random_pair_5fold_non_headline	random-03	concat_gmolai_pocket_ridge_S1	S1	RCSB-6FO5-DZH-KD	construct-003-fbf3f5c695a3	6.721246399047171	6.754116739265319			0.20212765957446807	1.0
stratified_random_pair_5fold_non_headline	random-03	concat_gmolai_pocket_ridge_S1	S1	RCSB-5EIS-5OU-KD	construct-003-fbf3f5c695a3	5.7447274948966935	5.695695889164607			0.21518987341772153	1.0
stratified_random_pair_5fold_non_headline	random-03	concat_gmolai_pocket_ridge_S1	S1	RCSB-5AOJ-Y0V-KD	construct-004-a02c0b37ee39	4.6777807052660805	4.462435416086188			0.6046511627906976	1.0
stratified_random_pair_5fold_non_headline	random-03	concat_gmolai_pocket_ridge_S1	S1	RCSB-5O1H-9GN-KD	construct-004-a02c0b37ee39	4.853871964321762	4.025828654519816			0.6	1.0
stratified_random_pair_5fold_non_headline	random-03	concat_gmolai_pocket_ridge_S1	S1	RCSB-6RQ6-R2H-KD	construct-005-6f4aa0a92e90	4.892790030352131	4.902143363138817			0.6923076923076923	1.0
stratified_random_pair_5fold_non_headline	random-03	concat_gmolai_pocket_ridge_S1	S1	RCSB-6UJ4-Q8S-KD	construct-006-4c5802bc11cc	6.769551078621726	6.099190996702495			0.7857142857142857	1.0
stratified_random_pair_5fold_non_headline	random-03	concat_gmolai_pocket_ridge_S1	S1	RCSB-6U5M-Q0S-KD	construct-006-4c5802bc11cc	6.291579099865287	6.515129271804414			0.390625	1.0
stratified_random_pair_5fold_non_headline	random-03	negative_pocket_permuted_concat_gmolai_S0	S0_negative_control	RCSB-4UGR-6E5-KD	construct-001-c5158f5b655d	4.958607314841775	4.960785731457131			0.49206349206349204	1.0
stratified_random_pair_5fold_non_headline	random-03	negative_pocket_permuted_concat_gmolai_S0	S0_negative_control	RCSB-4UG8-HW1-KD	construct-001-c5158f5b655d	6.346787486224656	5.2190375817887755			0.38461538461538464	1.0
stratified_random_pair_5fold_non_headline	random-03	negative_pocket_permuted_concat_gmolai_S0	S0_negative_control	RCSB-4UGM-1QE-KD	construct-001-c5158f5b655d	4.00436480540245	4.1301576424515165			0.6666666666666666	1.0
stratified_random_pair_5fold_non_headline	random-03	negative_pocket_permuted_concat_gmolai_S0	S0_negative_control	RCSB-4UG9-1EW-KD	construct-001-c5158f5b655d	5.064996848546345	4.867642937098504			0.5227272727272727	1.0
stratified_random_pair_5fold_non_headline	random-03	negative_pocket_permuted_concat_gmolai_S0	S0_negative_control	RCSB-5E3G-5JQ-KD	construct-002-cb5cf2af5e4a	4.301029995663981	4.3031838431238345			0.13513513513513514	1.0
stratified_random_pair_5fold_non_headline	random-03	negative_pocket_permuted_concat_gmolai_S0	S0_negative_control	RCSB-5O4S-9KW-KD	construct-002-cb5cf2af5e4a	5.6020599913279625	6.3663015023117			0.5737704918032787	1.0
stratified_random_pair_5fold_non_headline	random-03	negative_pocket_permuted_concat_gmolai_S0	S0_negative_control	RCSB-5EVA-5S9-KD	construct-002-cb5cf2af5e4a	3.6989700043360187	3.5832864977899863			0.225	1.0
stratified_random_pair_5fold_non_headline	random-03	negative_pocket_permuted_concat_gmolai_S0	S0_negative_control	RCSB-5EWD-5SH-KD	construct-002-cb5cf2af5e4a	3.6989700043360187	3.7778854707928478			0.26666666666666666	1.0
stratified_random_pair_5fold_non_headline	random-03	negative_pocket_permuted_concat_gmolai_S0	S0_negative_control	RCSB-5EGU-5NQ-KD	construct-003-fbf3f5c695a3	5.853871964321762	5.84312104359601			0.18085106382978725	1.0
stratified_random_pair_5fold_non_headline	random-03	negative_pocket_permuted_concat_gmolai_S0	S0_negative_control	RCSB-6FO5-DZH-KD	construct-003-fbf3f5c695a3	6.721246399047171	6.810964815301515			0.20212765957446807	1.0
stratified_random_pair_5fold_non_headline	random-03	negative_pocket_permuted_concat_gmolai_S0	S0_negative_control	RCSB-5EIS-5OU-KD	construct-003-fbf3f5c695a3	5.7447274948966935	5.62055918623951			0.21518987341772153	1.0
stratified_random_pair_5fold_non_headline	random-03	negative_pocket_permuted_concat_gmolai_S0	S0_negative_control	RCSB-5AOJ-Y0V-KD	construct-004-a02c0b37ee39	4.6777807052660805	4.388726351909488			0.6046511627906976	1.0
stratified_random_pair_5fold_non_headline	random-03	negative_pocket_permuted_concat_gmolai_S0	S0_negative_control	RCSB-5O1H-9GN-KD	construct-004-a02c0b37ee39	4.853871964321762	4.028059324912651			0.6	1.0
stratified_random_pair_5fold_non_headline	random-03	negative_pocket_permuted_concat_gmolai_S0	S0_negative_control	RCSB-6RQ6-R2H-KD	construct-005-6f4aa0a92e90	4.892790030352131	4.917635544332015			0.6923076923076923	1.0
stratified_random_pair_5fold_non_headline	random-03	negative_pocket_permuted_concat_gmolai_S0	S0_negative_control	RCSB-6UJ4-Q8S-KD	construct-006-4c5802bc11cc	6.769551078621726	6.0765783859529705			0.7857142857142857	1.0
stratified_random_pair_5fold_non_headline	random-03	negative_pocket_permuted_concat_gmolai_S0	S0_negative_control	RCSB-6U5M-Q0S-KD	construct-006-4c5802bc11cc	6.291579099865287	6.416660200753588			0.390625	1.0
stratified_random_pair_5fold_non_headline	random-03	additive_gmolai_pocket_equal_S0	S0	RCSB-4UGR-6E5-KD	construct-001-c5158f5b655d	4.958607314841775	4.883636723280663			0.49206349206349204	1.0
stratified_random_pair_5fold_non_headline	random-03	additive_gmolai_pocket_equal_S0	S0	RCSB-4UG8-HW1-KD	construct-001-c5158f5b655d	6.346787486224656	4.968414317421998			0.38461538461538464	1.0
stratified_random_pair_5fold_non_headline	random-03	additive_gmolai_pocket_equal_S0	S0	RCSB-4UGM-1QE-KD	construct-001-c5158f5b655d	4.00436480540245	4.423769734092495			0.6666666666666666	1.0
stratified_random_pair_5fold_non_headline	random-03	additive_gmolai_pocket_equal_S0	S0	RCSB-4UG9-1EW-KD	construct-001-c5158f5b655d	5.064996848546345	4.847052341872368			0.5227272727272727	1.0
stratified_random_pair_5fold_non_headline	random-03	additive_gmolai_pocket_equal_S0	S0	RCSB-5E3G-5JQ-KD	construct-002-cb5cf2af5e4a	4.301029995663981	4.304588716390679			0.13513513513513514	1.0
stratified_random_pair_5fold_non_headline	random-03	additive_gmolai_pocket_equal_S0	S0	RCSB-5O4S-9KW-KD	construct-002-cb5cf2af5e4a	5.6020599913279625	5.79889428293486			0.5737704918032787	1.0
stratified_random_pair_5fold_non_headline	random-03	additive_gmolai_pocket_equal_S0	S0	RCSB-5EVA-5S9-KD	construct-002-cb5cf2af5e4a	3.6989700043360187	3.8990779772441297			0.225	1.0
stratified_random_pair_5fold_non_headline	random-03	additive_gmolai_pocket_equal_S0	S0	RCSB-5EWD-5SH-KD	construct-002-cb5cf2af5e4a	3.6989700043360187	4.203081151316014			0.26666666666666666	1.0
stratified_random_pair_5fold_non_headline	random-03	additive_gmolai_pocket_equal_S0	S0	RCSB-5EGU-5NQ-KD	construct-003-fbf3f5c695a3	5.853871964321762	5.535899679816			0.18085106382978725	1.0
stratified_random_pair_5fold_non_headline	random-03	additive_gmolai_pocket_equal_S0	S0	RCSB-6FO5-DZH-KD	construct-003-fbf3f5c695a3	6.721246399047171	6.076994170542735			0.20212765957446807	1.0
stratified_random_pair_5fold_non_headline	random-03	additive_gmolai_pocket_equal_S0	S0	RCSB-5EIS-5OU-KD	construct-003-fbf3f5c695a3	5.7447274948966935	5.4053991841130635			0.21518987341772153	1.0
stratified_random_pair_5fold_non_headline	random-03	additive_gmolai_pocket_equal_S0	S0	RCSB-5AOJ-Y0V-KD	construct-004-a02c0b37ee39	4.6777807052660805	4.502570542696164			0.6046511627906976	1.0
stratified_random_pair_5fold_non_headline	random-03	additive_gmolai_pocket_equal_S0	S0	RCSB-5O1H-9GN-KD	construct-004-a02c0b37ee39	4.853871964321762	4.376910628040371			0.6	1.0
stratified_random_pair_5fold_non_headline	random-03	additive_gmolai_pocket_equal_S0	S0	RCSB-6RQ6-R2H-KD	construct-005-6f4aa0a92e90	4.892790030352131	5.08382617833455			0.6923076923076923	1.0
stratified_random_pair_5fold_non_headline	random-03	additive_gmolai_pocket_equal_S0	S0	RCSB-6UJ4-Q8S-KD	construct-006-4c5802bc11cc	6.769551078621726	5.919773236222459			0.7857142857142857	1.0
stratified_random_pair_5fold_non_headline	random-03	additive_gmolai_pocket_equal_S0	S0	RCSB-6U5M-Q0S-KD	construct-006-4c5802bc11cc	6.291579099865287	6.0928342963995705			0.390625	1.0
stratified_random_pair_5fold_non_headline	random-03	additive_gmolai_pocket_equal_S1	S1	RCSB-4UGR-6E5-KD	construct-001-c5158f5b655d	4.958607314841775	4.875646325648963			0.49206349206349204	1.0
stratified_random_pair_5fold_non_headline	random-03	additive_gmolai_pocket_equal_S1	S1	RCSB-4UG8-HW1-KD	construct-001-c5158f5b655d	6.346787486224656	4.962176760358251			0.38461538461538464	1.0
stratified_random_pair_5fold_non_headline	random-03	additive_gmolai_pocket_equal_S1	S1	RCSB-4UGM-1QE-KD	construct-001-c5158f5b655d	4.00436480540245	4.449649272766682			0.6666666666666666	1.0
stratified_random_pair_5fold_non_headline	random-03	additive_gmolai_pocket_equal_S1	S1	RCSB-4UG9-1EW-KD	construct-001-c5158f5b655d	5.064996848546345	4.861240532094605			0.5227272727272727	1.0
stratified_random_pair_5fold_non_headline	random-03	additive_gmolai_pocket_equal_S1	S1	RCSB-5E3G-5JQ-KD	construct-002-cb5cf2af5e4a	4.301029995663981	4.226086215988675			0.13513513513513514	1.0
stratified_random_pair_5fold_non_headline	random-03	additive_gmolai_pocket_equal_S1	S1	RCSB-5O4S-9KW-KD	construct-002-cb5cf2af5e4a	5.6020599913279625	5.724972419017705			0.5737704918032787	1.0
stratified_random_pair_5fold_non_headline	random-03	additive_gmolai_pocket_equal_S1	S1	RCSB-5EVA-5S9-KD	construct-002-cb5cf2af5e4a	3.6989700043360187	3.9205429280353363			0.225	1.0
stratified_random_pair_5fold_non_headline	random-03	additive_gmolai_pocket_equal_S1	S1	RCSB-5EWD-5SH-KD	construct-002-cb5cf2af5e4a	3.6989700043360187	4.211609090152935			0.26666666666666666	1.0
stratified_random_pair_5fold_non_headline	random-03	additive_gmolai_pocket_equal_S1	S1	RCSB-5EGU-5NQ-KD	construct-003-fbf3f5c695a3	5.853871964321762	5.63982476225016			0.18085106382978725	1.0
stratified_random_pair_5fold_non_headline	random-03	additive_gmolai_pocket_equal_S1	S1	RCSB-6FO5-DZH-KD	construct-003-fbf3f5c695a3	6.721246399047171	6.159860138731487			0.20212765957446807	1.0
stratified_random_pair_5fold_non_headline	random-03	additive_gmolai_pocket_equal_S1	S1	RCSB-5EIS-5OU-KD	construct-003-fbf3f5c695a3	5.7447274948966935	5.389627016673087			0.21518987341772153	1.0
stratified_random_pair_5fold_non_headline	random-03	additive_gmolai_pocket_equal_S1	S1	RCSB-5AOJ-Y0V-KD	construct-004-a02c0b37ee39	4.6777807052660805	4.455239731283442			0.6046511627906976	1.0
stratified_random_pair_5fold_non_headline	random-03	additive_gmolai_pocket_equal_S1	S1	RCSB-5O1H-9GN-KD	construct-004-a02c0b37ee39	4.853871964321762	4.3155887082763495			0.6	1.0
stratified_random_pair_5fold_non_headline	random-03	additive_gmolai_pocket_equal_S1	S1	RCSB-6RQ6-R2H-KD	construct-005-6f4aa0a92e90	4.892790030352131	5.070975013951729			0.6923076923076923	1.0
stratified_random_pair_5fold_non_headline	random-03	additive_gmolai_pocket_equal_S1	S1	RCSB-6UJ4-Q8S-KD	construct-006-4c5802bc11cc	6.769551078621726	5.904334995296612			0.7857142857142857	1.0
stratified_random_pair_5fold_non_headline	random-03	additive_gmolai_pocket_equal_S1	S1	RCSB-6U5M-Q0S-KD	construct-006-4c5802bc11cc	6.291579099865287	6.122221502056077			0.390625	1.0
stratified_random_pair_5fold_non_headline	random-03	ligand_ecfp_knn	ligand_only	RCSB-4UGR-6E5-KD	construct-001-c5158f5b655d	4.958607314841775	4.254208275030876	RCSB-4UGS-H36-KD	0.49206349206349204	0.49206349206349204	1.0
stratified_random_pair_5fold_non_headline	random-03	ligand_ecfp_knn	ligand_only	RCSB-4UG8-HW1-KD	construct-001-c5158f5b655d	6.346787486224656	5.417571669359241	RCSB-4UG6-XFJ-KD	0.38461538461538464	0.38461538461538464	1.0
stratified_random_pair_5fold_non_headline	random-03	ligand_ecfp_knn	ligand_only	RCSB-4UGM-1QE-KD	construct-001-c5158f5b655d	4.00436480540245	4.199954167446809	RCSB-4UGS-H36-KD	0.6666666666666666	0.6666666666666666	1.0
stratified_random_pair_5fold_non_headline	random-03	ligand_ecfp_knn	ligand_only	RCSB-4UG9-1EW-KD	construct-001-c5158f5b655d	5.064996848546345	5.193721043865715	RCSB-4UG6-XFJ-KD	0.5227272727272727	0.5227272727272727	1.0
stratified_random_pair_5fold_non_headline	random-03	ligand_ecfp_knn	ligand_only	RCSB-5E3G-5JQ-KD	construct-002-cb5cf2af5e4a	4.301029995663981	4.067449284794729	RCSB-5C87-4YS-KD	0.13513513513513514	0.13513513513513514	1.0
stratified_random_pair_5fold_non_headline	random-03	ligand_ecfp_knn	ligand_only	RCSB-5O4S-9KW-KD	construct-002-cb5cf2af5e4a	5.6020599913279625	5.555419885017266	RCSB-5OV8-AXN-KD	0.5737704918032787	0.5737704918032787	1.0
stratified_random_pair_5fold_non_headline	random-03	ligand_ecfp_knn	ligand_only	RCSB-5EVA-5S9-KD	construct-002-cb5cf2af5e4a	3.6989700043360187	4.306797102261335	RCSB-5O5F-9LT-KD	0.225	0.225	1.0
stratified_random_pair_5fold_non_headline	random-03	ligand_ecfp_knn	ligand_only	RCSB-5EWD-5SH-KD	construct-002-cb5cf2af5e4a	3.6989700043360187	3.817541856901926	RCSB-5EWH-5SG-KD	0.26666666666666666	0.26666666666666666	1.0
stratified_random_pair_5fold_non_headline	random-03	ligand_ecfp_knn	ligand_only	RCSB-5EGU-5NQ-KD	construct-003-fbf3f5c695a3	5.853871964321762	4.593208498052458	RCSB-5O55-9L5-KD	0.18085106382978725	0.18085106382978725	1.0
stratified_random_pair_5fold_non_headline	random-03	ligand_ecfp_knn	ligand_only	RCSB-6FO5-DZH-KD	construct-003-fbf3f5c695a3	6.721246399047171	6.051397106027402	RCSB-5OV8-AXN-KD	0.20212765957446807	0.20212765957446807	1.0
stratified_random_pair_5fold_non_headline	random-03	ligand_ecfp_knn	ligand_only	RCSB-5EIS-5OU-KD	construct-003-fbf3f5c695a3	5.7447274948966935	4.920547298838999	RCSB-5O5A-9LN-KD	0.21518987341772153	0.21518987341772153	1.0
stratified_random_pair_5fold_non_headline	random-03	ligand_ecfp_knn	ligand_only	RCSB-5AOJ-Y0V-KD	construct-004-a02c0b37ee39	4.6777807052660805	4.353742866622072	RCSB-5O1C-9GZ-KD	0.6046511627906976	0.6046511627906976	1.0
stratified_random_pair_5fold_non_headline	random-03	ligand_ecfp_knn	ligand_only	RCSB-5O1H-9GN-KD	construct-004-a02c0b37ee39	4.853871964321762	4.40731476165257	RCSB-5O1D-9GW-KD	0.6	0.6	1.0
stratified_random_pair_5fold_non_headline	random-03	ligand_ecfp_knn	ligand_only	RCSB-6RQ6-R2H-KD	construct-005-6f4aa0a92e90	4.892790030352131	6.282897150605994	RCSB-6RQ0-KE2-KD	0.6923076923076923	0.6923076923076923	1.0
stratified_random_pair_5fold_non_headline	random-03	ligand_ecfp_knn	ligand_only	RCSB-6UJ4-Q8S-KD	construct-006-4c5802bc11cc	6.769551078621726	6.758789986129965	RCSB-6UOZ-QF1-KD	0.7857142857142857	0.7857142857142857	1.0
stratified_random_pair_5fold_non_headline	random-03	ligand_ecfp_knn	ligand_only	RCSB-6U5M-Q0S-KD	construct-006-4c5802bc11cc	6.291579099865287	6.787059859877278	RCSB-6U8L-Q1P-KD	0.390625	0.390625	1.0
stratified_random_pair_5fold_non_headline	random-03	ligand_gmolai_knn	ligand_only	RCSB-4UGR-6E5-KD	construct-001-c5158f5b655d	4.958607314841775	4.227149692505362	RCSB-4UGO-1QF-KD	0.9011260793242654	0.49206349206349204	1.0
stratified_random_pair_5fold_non_headline	random-03	ligand_gmolai_knn	ligand_only	RCSB-4UG8-HW1-KD	construct-001-c5158f5b655d	6.346787486224656	4.768656239741297	RCSB-4UGD-Q14-KD	0.8752844849758799	0.38461538461538464	1.0
stratified_random_pair_5fold_non_headline	random-03	ligand_gmolai_knn	ligand_only	RCSB-4UGM-1QE-KD	construct-001-c5158f5b655d	4.00436480540245	4.203316725129924	RCSB-4UGO-1QF-KD	0.9629921820394829	0.6666666666666666	1.0
stratified_random_pair_5fold_non_headline	random-03	ligand_gmolai_knn	ligand_only	RCSB-4UG9-1EW-KD	construct-001-c5158f5b655d	5.064996848546345	5.406537490462103	RCSB-4UG5-XFK-KD	0.940696850401908	0.5227272727272727	1.0
stratified_random_pair_5fold_non_headline	random-03	ligand_gmolai_knn	ligand_only	RCSB-5E3G-5JQ-KD	construct-002-cb5cf2af5e4a	4.301029995663981	4.200074425965496	RCSB-5D7X-XZ8-KD	0.7049468094798591	0.13513513513513514	1.0
stratified_random_pair_5fold_non_headline	random-03	ligand_gmolai_knn	ligand_only	RCSB-5O4S-9KW-KD	construct-002-cb5cf2af5e4a	5.6020599913279625	6.464951542010545	RCSB-5OV8-AXN-KD	0.8855733466668256	0.5737704918032787	1.0
stratified_random_pair_5fold_non_headline	random-03	ligand_gmolai_knn	ligand_only	RCSB-5EVA-5S9-KD	construct-002-cb5cf2af5e4a	3.6989700043360187	4.149254297357146	RCSB-5O5H-9LK-KD	0.5733722893246405	0.225	1.0
stratified_random_pair_5fold_non_headline	random-03	ligand_gmolai_knn	ligand_only	RCSB-5EWD-5SH-KD	construct-002-cb5cf2af5e4a	3.6989700043360187	3.724829468582273	RCSB-5EM3-5Q0-KD	0.8308123379356938	0.26666666666666666	1.0
stratified_random_pair_5fold_non_headline	random-03	ligand_gmolai_knn	ligand_only	RCSB-5EGU-5NQ-KD	construct-003-fbf3f5c695a3	5.853871964321762	5.782414818024869	RCSB-5O55-9L5-KD	0.6797614928947942	0.18085106382978725	1.0
stratified_random_pair_5fold_non_headline	random-03	ligand_gmolai_knn	ligand_only	RCSB-6FO5-DZH-KD	construct-003-fbf3f5c695a3	6.721246399047171	4.5731766612141636	RCSB-5O5F-9LT-KD	0.7120629117393187	0.20212765957446807	1.0
stratified_random_pair_5fold_non_headline	random-03	ligand_gmolai_knn	ligand_only	RCSB-5EIS-5OU-KD	construct-003-fbf3f5c695a3	5.7447274948966935	4.585910412300235	RCSB-5O5F-9LT-KD	0.8239826525361353	0.21518987341772153	1.0
stratified_random_pair_5fold_non_headline	random-03	ligand_gmolai_knn	ligand_only	RCSB-5AOJ-Y0V-KD	construct-004-a02c0b37ee39	4.6777807052660805	4.364969595182739	RCSB-5O1D-9GW-KD	0.8819763780226277	0.6046511627906976	1.0
stratified_random_pair_5fold_non_headline	random-03	ligand_gmolai_knn	ligand_only	RCSB-5O1H-9GN-KD	construct-004-a02c0b37ee39	4.853871964321762	4.610483473883672	RCSB-5O1D-9GW-KD	0.9093329869712474	0.6	1.0
stratified_random_pair_5fold_non_headline	random-03	ligand_gmolai_knn	ligand_only	RCSB-6RQ6-R2H-KD	construct-005-6f4aa0a92e90	4.892790030352131	6.037296199024838	RCSB-6RQD-KEW-KD	0.9682164213378204	0.6923076923076923	1.0
stratified_random_pair_5fold_non_headline	random-03	ligand_gmolai_knn	ligand_only	RCSB-6UJ4-Q8S-KD	construct-006-4c5802bc11cc	6.769551078621726	6.7093527152154495	RCSB-6UIK-Q8M-KD	0.9685555812842843	0.7857142857142857	1.0
stratified_random_pair_5fold_non_headline	random-03	ligand_gmolai_knn	ligand_only	RCSB-6U5M-Q0S-KD	construct-006-4c5802bc11cc	6.291579099865287	6.835494705805385	RCSB-6UOZ-QF1-KD	0.7038347146263642	0.390625	1.0
stratified_random_pair_5fold_non_headline	random-03	protein_sequence_identity_knn	sequence_only	RCSB-4UGR-6E5-KD	construct-001-c5158f5b655d	4.958607314841775	5.4066632325944495	RCSB-4UG5-XFK-KD	1.0	0.49206349206349204	1.0
stratified_random_pair_5fold_non_headline	random-03	protein_sequence_identity_knn	sequence_only	RCSB-4UG8-HW1-KD	construct-001-c5158f5b655d	6.346787486224656	5.4066632325944495	RCSB-4UG5-XFK-KD	1.0	0.38461538461538464	1.0
stratified_random_pair_5fold_non_headline	random-03	protein_sequence_identity_knn	sequence_only	RCSB-4UGM-1QE-KD	construct-001-c5158f5b655d	4.00436480540245	5.4066632325944495	RCSB-4UG5-XFK-KD	1.0	0.6666666666666666	1.0
stratified_random_pair_5fold_non_headline	random-03	protein_sequence_identity_knn	sequence_only	RCSB-4UG9-1EW-KD	construct-001-c5158f5b655d	5.064996848546345	5.4066632325944495	RCSB-4UG5-XFK-KD	1.0	0.5227272727272727	1.0
stratified_random_pair_5fold_non_headline	random-03	protein_sequence_identity_knn	sequence_only	RCSB-5E3G-5JQ-KD	construct-002-cb5cf2af5e4a	4.301029995663981	4.167229815403466	RCSB-5C85-4YO-KD	1.0	0.13513513513513514	1.0
stratified_random_pair_5fold_non_headline	random-03	protein_sequence_identity_knn	sequence_only	RCSB-5O4S-9KW-KD	construct-002-cb5cf2af5e4a	5.6020599913279625	4.167229815403466	RCSB-5C85-4YO-KD	1.0	0.5737704918032787	1.0
stratified_random_pair_5fold_non_headline	random-03	protein_sequence_identity_knn	sequence_only	RCSB-5EVA-5S9-KD	construct-002-cb5cf2af5e4a	3.6989700043360187	4.167229815403466	RCSB-5C85-4YO-KD	1.0	0.225	1.0
stratified_random_pair_5fold_non_headline	random-03	protein_sequence_identity_knn	sequence_only	RCSB-5EWD-5SH-KD	construct-002-cb5cf2af5e4a	3.6989700043360187	4.167229815403466	RCSB-5C85-4YO-KD	1.0	0.26666666666666666	1.0
stratified_random_pair_5fold_non_headline	random-03	protein_sequence_identity_knn	sequence_only	RCSB-5EGU-5NQ-KD	construct-003-fbf3f5c695a3	5.853871964321762	6.595588673878084	RCSB-4O76-1M3-KD	1.0	0.18085106382978725	1.0
stratified_random_pair_5fold_non_headline	random-03	protein_sequence_identity_knn	sequence_only	RCSB-6FO5-DZH-KD	construct-003-fbf3f5c695a3	6.721246399047171	6.595588673878084	RCSB-4O76-1M3-KD	1.0	0.20212765957446807	1.0
stratified_random_pair_5fold_non_headline	random-03	protein_sequence_identity_knn	sequence_only	RCSB-5EIS-5OU-KD	construct-003-fbf3f5c695a3	5.7447274948966935	6.595588673878084	RCSB-4O76-1M3-KD	1.0	0.21518987341772153	1.0
stratified_random_pair_5fold_non_headline	random-03	protein_sequence_identity_knn	sequence_only	RCSB-5AOJ-Y0V-KD	construct-004-a02c0b37ee39	4.6777807052660805	4.5486305202842	RCSB-4AGQ-P96-KD	1.0	0.6046511627906976	1.0
stratified_random_pair_5fold_non_headline	random-03	protein_sequence_identity_knn	sequence_only	RCSB-5O1H-9GN-KD	construct-004-a02c0b37ee39	4.853871964321762	4.5486305202842	RCSB-4AGQ-P96-KD	1.0	0.6	1.0
stratified_random_pair_5fold_non_headline	random-03	protein_sequence_identity_knn	sequence_only	RCSB-6RQ6-R2H-KD	construct-005-6f4aa0a92e90	4.892790030352131	4.786241414256029	RCSB-6RQ0-KE2-KD	1.0	0.6923076923076923	1.0
stratified_random_pair_5fold_non_headline	random-03	protein_sequence_identity_knn	sequence_only	RCSB-6UJ4-Q8S-KD	construct-006-4c5802bc11cc	6.769551078621726	5.05057077696824	RCSB-6U8L-Q1P-KD	1.0	0.7857142857142857	1.0
stratified_random_pair_5fold_non_headline	random-03	protein_sequence_identity_knn	sequence_only	RCSB-6U5M-Q0S-KD	construct-006-4c5802bc11cc	6.291579099865287	5.05057077696824	RCSB-6U8L-Q1P-KD	1.0	0.390625	1.0
stratified_random_pair_5fold_non_headline	random-03	pocket_structure_knn_S0	S0	RCSB-4UGR-6E5-KD	construct-001-c5158f5b655d	4.958607314841775	4.454377837835878	RCSB-4UGO-1QF-KD	0.9428037239550835	0.49206349206349204	1.0
stratified_random_pair_5fold_non_headline	random-03	pocket_structure_knn_S0	S0	RCSB-4UG8-HW1-KD	construct-001-c5158f5b655d	6.346787486224656	4.451358747256158	RCSB-4UGO-1QF-KD	0.9575590751956551	0.38461538461538464	1.0
stratified_random_pair_5fold_non_headline	random-03	pocket_structure_knn_S0	S0	RCSB-4UGM-1QE-KD	construct-001-c5158f5b655d	4.00436480540245	4.11478339678219	RCSB-4UGA-Q05-KD	0.9542663327465242	0.6666666666666666	1.0
stratified_random_pair_5fold_non_headline	random-03	pocket_structure_knn_S0	S0	RCSB-4UG9-1EW-KD	construct-001-c5158f5b655d	5.064996848546345	4.38450887324141	RCSB-4UGL-S90-KD	0.9599158914375465	0.5227272727272727	1.0
stratified_random_pair_5fold_non_headline	random-03	pocket_structure_knn_S0	S0	RCSB-5E3G-5JQ-KD	construct-002-cb5cf2af5e4a	4.301029995663981	4.410399796775869	RCSB-5OV8-AXN-KD	0.8180005747762001	0.13513513513513514	1.0
stratified_random_pair_5fold_non_headline	random-03	pocket_structure_knn_S0	S0	RCSB-5O4S-9KW-KD	construct-002-cb5cf2af5e4a	5.6020599913279625	4.245709498886203	RCSB-5OV8-AXN-KD	0.9042946236887336	0.5737704918032787	1.0
stratified_random_pair_5fold_non_headline	random-03	pocket_structure_knn_S0	S0	RCSB-5EVA-5S9-KD	construct-002-cb5cf2af5e4a	3.6989700043360187	4.0746568898317665	RCSB-5EWH-5SG-KD	0.9212719138970431	0.225	1.0
stratified_random_pair_5fold_non_headline	random-03	pocket_structure_knn_S0	S0	RCSB-5EWD-5SH-KD	construct-002-cb5cf2af5e4a	3.6989700043360187	4.103620353171843	RCSB-5D7X-XZ8-KD	0.8939044335772746	0.26666666666666666	1.0
stratified_random_pair_5fold_non_headline	random-03	pocket_structure_knn_S0	S0	RCSB-5EGU-5NQ-KD	construct-003-fbf3f5c695a3	5.853871964321762	6.829883947244189	RCSB-7MRA-ZMJ-KD	0.764316446395369	0.18085106382978725	1.0
stratified_random_pair_5fold_non_headline	random-03	pocket_structure_knn_S0	S0	RCSB-6FO5-DZH-KD	construct-003-fbf3f5c695a3	6.721246399047171	6.82443087022049	RCSB-4PS5-2TA-KD	0.8597498411708878	0.20212765957446807	1.0
stratified_random_pair_5fold_non_headline	random-03	pocket_structure_knn_S0	S0	RCSB-5EIS-5OU-KD	construct-003-fbf3f5c695a3	5.7447274948966935	6.209890576330268	RCSB-7MR9-ZMM-KD	0.8990955596756823	0.21518987341772153	1.0
stratified_random_pair_5fold_non_headline	random-03	pocket_structure_knn_S0	S0	RCSB-5AOJ-Y0V-KD	construct-004-a02c0b37ee39	4.6777807052660805	4.128107766470409	RCSB-5O1E-9GT-KD	0.9824685286763261	0.6046511627906976	1.0
stratified_random_pair_5fold_non_headline	random-03	pocket_structure_knn_S0	S0	RCSB-5O1H-9GN-KD	construct-004-a02c0b37ee39	4.853871964321762	4.365213621240229	RCSB-5O1E-9GT-KD	0.9584021339335371	0.6	1.0
stratified_random_pair_5fold_non_headline	random-03	pocket_structure_knn_S0	S0	RCSB-6RQ6-R2H-KD	construct-005-6f4aa0a92e90	4.892790030352131	6.241462296309355	RCSB-6RQ8-KEH-KD	0.9553679847341211	0.6923076923076923	1.0
stratified_random_pair_5fold_non_headline	random-03	pocket_structure_knn_S0	S0	RCSB-6UJ4-Q8S-KD	construct-006-4c5802bc11cc	6.769551078621726	6.7404769966323865	RCSB-6UIF-Q8P-KD	0.8711235338616443	0.7857142857142857	1.0
stratified_random_pair_5fold_non_headline	random-03	pocket_structure_knn_S0	S0	RCSB-6U5M-Q0S-KD	construct-006-4c5802bc11cc	6.291579099865287	6.891299505824994	RCSB-6UIF-Q8P-KD	0.8460528755975695	0.390625	1.0
stratified_random_pair_5fold_non_headline	random-03	two_sided_ecfp_pocket_knn_S0	S0	RCSB-4UGR-6E5-KD	construct-001-c5158f5b655d	4.958607314841775	4.281726606124748	RCSB-4UGO-1QF-KD	0.671925199291766	0.49206349206349204	1.0
stratified_random_pair_5fold_non_headline	random-03	two_sided_ecfp_pocket_knn_S0	S0	RCSB-4UG8-HW1-KD	construct-001-c5158f5b655d	6.346787486224656	4.736400175757102	RCSB-4UGD-Q14-KD	0.5622312400127748	0.38461538461538464	1.0
stratified_random_pair_5fold_non_headline	random-03	two_sided_ecfp_pocket_knn_S0	S0	RCSB-4UGM-1QE-KD	construct-001-c5158f5b655d	4.00436480540245	4.223049837755432	RCSB-4UGS-H36-KD	0.7971542871532121	0.6666666666666666	1.0
stratified_random_pair_5fold_non_headline	random-03	two_sided_ecfp_pocket_knn_S0	S0	RCSB-4UG9-1EW-KD	construct-001-c5158f5b655d	5.064996848546345	5.154663320877357	RCSB-4UG6-XFJ-KD	0.6318986341413728	0.5227272727272727	1.0
stratified_random_pair_5fold_non_headline	random-03	two_sided_ecfp_pocket_knn_S0	S0	RCSB-5E3G-5JQ-KD	construct-002-cb5cf2af5e4a	4.301029995663981	4.012005557086326	RCSB-5C87-4YS-KD	0.32415317611644656	0.13513513513513514	1.0
stratified_random_pair_5fold_non_headline	random-03	two_sided_ecfp_pocket_knn_S0	S0	RCSB-5O4S-9KW-KD	construct-002-cb5cf2af5e4a	5.6020599913279625	5.260406751058322	RCSB-5OV8-AXN-KD	0.7203176875302629	0.5737704918032787	1.0
stratified_random_pair_5fold_non_headline	random-03	two_sided_ecfp_pocket_knn_S0	S0	RCSB-5EVA-5S9-KD	construct-002-cb5cf2af5e4a	3.6989700043360187	4.359958723032606	RCSB-5O5H-9LK-KD	0.40878011593478947	0.225	1.0
stratified_random_pair_5fold_non_headline	random-03	two_sided_ecfp_pocket_knn_S0	S0	RCSB-5EWD-5SH-KD	construct-002-cb5cf2af5e4a	3.6989700043360187	3.8268205876928687	RCSB-5EWH-5SG-KD	0.48546323384712115	0.26666666666666666	1.0
stratified_random_pair_5fold_non_headline	random-03	two_sided_ecfp_pocket_knn_S0	S0	RCSB-5EGU-5NQ-KD	construct-003-fbf3f5c695a3	5.853871964321762	5.710276722515286	RCSB-7AXR-S7T-KD	0.2885025346084671	0.18085106382978725	1.0
stratified_random_pair_5fold_non_headline	random-03	two_sided_ecfp_pocket_knn_S0	S0	RCSB-6FO5-DZH-KD	construct-003-fbf3f5c695a3	6.721246399047171	6.7148407713175775	RCSB-4PS5-2TA-KD	0.3853598906128573	0.20212765957446807	1.0
stratified_random_pair_5fold_non_headline	random-03	two_sided_ecfp_pocket_knn_S0	S0	RCSB-5EIS-5OU-KD	construct-003-fbf3f5c695a3	5.7447274948966935	6.427526777723326	RCSB-6Q3Y-HG5-KD	0.34674984980857165	0.21518987341772153	1.0
stratified_random_pair_5fold_non_headline	random-03	two_sided_ecfp_pocket_knn_S0	S0	RCSB-5AOJ-Y0V-KD	construct-004-a02c0b37ee39	4.6777807052660805	4.356809751104164	RCSB-5O1C-9GZ-KD	0.7602975918105049	0.6046511627906976	1.0
stratified_random_pair_5fold_non_headline	random-03	two_sided_ecfp_pocket_knn_S0	S0	RCSB-5O1H-9GN-KD	construct-004-a02c0b37ee39	4.853871964321762	4.388048656779884	RCSB-5O1D-9GW-KD	0.753925923538316	0.6	1.0
stratified_random_pair_5fold_non_headline	random-03	two_sided_ecfp_pocket_knn_S0	S0	RCSB-6RQ6-R2H-KD	construct-005-6f4aa0a92e90	4.892790030352131	6.23972554134835	RCSB-6RQ8-KEH-KD	0.8132703147268625	0.6923076923076923	1.0
stratified_random_pair_5fold_non_headline	random-03	two_sided_ecfp_pocket_knn_S0	S0	RCSB-6UJ4-Q8S-KD	construct-006-4c5802bc11cc	6.769551078621726	6.749477683067578	RCSB-6UIF-Q8P-KD	0.8060095836784853	0.7857142857142857	1.0
stratified_random_pair_5fold_non_headline	random-03	two_sided_ecfp_pocket_knn_S0	S0	RCSB-6U5M-Q0S-KD	construct-006-4c5802bc11cc	6.291579099865287	6.8069971611380256	RCSB-6U8L-Q1P-KD	0.566736464431521	0.390625	1.0
stratified_random_pair_5fold_non_headline	random-03	pocket_structure_knn_S1	S1	RCSB-4UGR-6E5-KD	construct-001-c5158f5b655d	4.958607314841775	5.4066632325944495	RCSB-4UG5-XFK-KD	1.0	0.49206349206349204	1.0
stratified_random_pair_5fold_non_headline	random-03	pocket_structure_knn_S1	S1	RCSB-4UG8-HW1-KD	construct-001-c5158f5b655d	6.346787486224656	5.4066632325944495	RCSB-4UG5-XFK-KD	1.0	0.38461538461538464	1.0
stratified_random_pair_5fold_non_headline	random-03	pocket_structure_knn_S1	S1	RCSB-4UGM-1QE-KD	construct-001-c5158f5b655d	4.00436480540245	5.4066632325944495	RCSB-4UG5-XFK-KD	1.0	0.6666666666666666	1.0
stratified_random_pair_5fold_non_headline	random-03	pocket_structure_knn_S1	S1	RCSB-4UG9-1EW-KD	construct-001-c5158f5b655d	5.064996848546345	5.4066632325944495	RCSB-4UG5-XFK-KD	1.0	0.5227272727272727	1.0
stratified_random_pair_5fold_non_headline	random-03	pocket_structure_knn_S1	S1	RCSB-5E3G-5JQ-KD	construct-002-cb5cf2af5e4a	4.301029995663981	4.167229815403466	RCSB-5C85-4YO-KD	1.0	0.13513513513513514	1.0
stratified_random_pair_5fold_non_headline	random-03	pocket_structure_knn_S1	S1	RCSB-5O4S-9KW-KD	construct-002-cb5cf2af5e4a	5.6020599913279625	4.167229815403466	RCSB-5C85-4YO-KD	1.0	0.5737704918032787	1.0
stratified_random_pair_5fold_non_headline	random-03	pocket_structure_knn_S1	S1	RCSB-5EVA-5S9-KD	construct-002-cb5cf2af5e4a	3.6989700043360187	4.167229815403466	RCSB-5C85-4YO-KD	1.0	0.225	1.0
stratified_random_pair_5fold_non_headline	random-03	pocket_structure_knn_S1	S1	RCSB-5EWD-5SH-KD	construct-002-cb5cf2af5e4a	3.6989700043360187	4.167229815403466	RCSB-5C85-4YO-KD	1.0	0.26666666666666666	1.0
stratified_random_pair_5fold_non_headline	random-03	pocket_structure_knn_S1	S1	RCSB-5EGU-5NQ-KD	construct-003-fbf3f5c695a3	5.853871964321762	6.595588673878084	RCSB-4O76-1M3-KD	1.0	0.18085106382978725	1.0
stratified_random_pair_5fold_non_headline	random-03	pocket_structure_knn_S1	S1	RCSB-6FO5-DZH-KD	construct-003-fbf3f5c695a3	6.721246399047171	6.595588673878084	RCSB-4O76-1M3-KD	1.0	0.20212765957446807	1.0
stratified_random_pair_5fold_non_headline	random-03	pocket_structure_knn_S1	S1	RCSB-5EIS-5OU-KD	construct-003-fbf3f5c695a3	5.7447274948966935	6.595588673878084	RCSB-4O76-1M3-KD	1.0	0.21518987341772153	1.0
stratified_random_pair_5fold_non_headline	random-03	pocket_structure_knn_S1	S1	RCSB-5AOJ-Y0V-KD	construct-004-a02c0b37ee39	4.6777807052660805	4.5486305202842	RCSB-4AGQ-P96-KD	1.0	0.6046511627906976	1.0
stratified_random_pair_5fold_non_headline	random-03	pocket_structure_knn_S1	S1	RCSB-5O1H-9GN-KD	construct-004-a02c0b37ee39	4.853871964321762	4.5486305202842	RCSB-4AGQ-P96-KD	1.0	0.6	1.0
stratified_random_pair_5fold_non_headline	random-03	pocket_structure_knn_S1	S1	RCSB-6RQ6-R2H-KD	construct-005-6f4aa0a92e90	4.892790030352131	4.786241414256029	RCSB-6RQ0-KE2-KD	1.0	0.6923076923076923	1.0
stratified_random_pair_5fold_non_headline	random-03	pocket_structure_knn_S1	S1	RCSB-6UJ4-Q8S-KD	construct-006-4c5802bc11cc	6.769551078621726	5.05057077696824	RCSB-6U8L-Q1P-KD	1.0	0.7857142857142857	1.0
stratified_random_pair_5fold_non_headline	random-03	pocket_structure_knn_S1	S1	RCSB-6U5M-Q0S-KD	construct-006-4c5802bc11cc	6.291579099865287	5.05057077696824	RCSB-6U8L-Q1P-KD	1.0	0.390625	1.0
stratified_random_pair_5fold_non_headline	random-03	two_sided_ecfp_pocket_knn_S1	S1	RCSB-4UGR-6E5-KD	construct-001-c5158f5b655d	4.958607314841775	4.268820036272613	RCSB-4UGS-H36-KD	0.7014723744122017	0.49206349206349204	1.0
stratified_random_pair_5fold_non_headline	random-03	two_sided_ecfp_pocket_knn_S1	S1	RCSB-4UG8-HW1-KD	construct-001-c5158f5b655d	6.346787486224656	5.412066774928696	RCSB-4UG6-XFJ-KD	0.6201736729460423	0.38461538461538464	1.0
stratified_random_pair_5fold_non_headline	random-03	two_sided_ecfp_pocket_knn_S1	S1	RCSB-4UGM-1QE-KD	construct-001-c5158f5b655d	4.00436480540245	4.239209402160858	RCSB-4UGS-H36-KD	0.816496580927726	0.6666666666666666	1.0
stratified_random_pair_5fold_non_headline	random-03	two_sided_ecfp_pocket_knn_S1	S1	RCSB-4UG9-1EW-KD	construct-001-c5158f5b655d	5.064996848546345	5.1822540070663905	RCSB-4UG6-XFJ-KD	0.7229988054812212	0.5227272727272727	1.0
stratified_random_pair_5fold_non_headline	random-03	two_sided_ecfp_pocket_knn_S1	S1	RCSB-5E3G-5JQ-KD	construct-002-cb5cf2af5e4a	4.301029995663981	4.128703725007037	RCSB-5C87-4YS-KD	0.36760731104690386	0.13513513513513514	1.0
stratified_random_pair_5fold_non_headline	random-03	two_sided_ecfp_pocket_knn_S1	S1	RCSB-5O4S-9KW-KD	construct-002-cb5cf2af5e4a	5.6020599913279625	5.366645584131275	RCSB-5OV8-AXN-KD	0.7574763968621587	0.5737704918032787	1.0
stratified_random_pair_5fold_non_headline	random-03	two_sided_ecfp_pocket_knn_S1	S1	RCSB-5EVA-5S9-KD	construct-002-cb5cf2af5e4a	3.6989700043360187	4.376972137348495	RCSB-5O5F-9LT-KD	0.4743416490252569	0.225	1.0
stratified_random_pair_5fold_non_headline	random-03	two_sided_ecfp_pocket_knn_S1	S1	RCSB-5EWD-5SH-KD	construct-002-cb5cf2af5e4a	3.6989700043360187	3.8270270603738217	RCSB-5EWH-5SG-KD	0.5163977794943222	0.26666666666666666	1.0
stratified_random_pair_5fold_non_headline	random-03	two_sided_ecfp_pocket_knn_S1	S1	RCSB-5EGU-5NQ-KD	construct-003-fbf3f5c695a3	5.853871964321762	5.664233412409673	RCSB-7AXR-S7T-KD	0.3535533905932738	0.18085106382978725	1.0
stratified_random_pair_5fold_non_headline	random-03	two_sided_ecfp_pocket_knn_S1	S1	RCSB-6FO5-DZH-KD	construct-003-fbf3f5c695a3	6.721246399047171	6.989521093654792	RCSB-6Q3Y-HG5-KD	0.4188539082916955	0.20212765957446807	1.0
stratified_random_pair_5fold_non_headline	random-03	two_sided_ecfp_pocket_knn_S1	S1	RCSB-5EIS-5OU-KD	construct-003-fbf3f5c695a3	5.7447274948966935	5.818011312104544	RCSB-6Q3Y-HG5-KD	0.41702882811414954	0.21518987341772153	1.0
stratified_random_pair_5fold_non_headline	random-03	two_sided_ecfp_pocket_knn_S1	S1	RCSB-5AOJ-Y0V-KD	construct-004-a02c0b37ee39	4.6777807052660805	4.3578936490895295	RCSB-5O1C-9GZ-KD	0.777593185920953	0.6046511627906976	1.0
stratified_random_pair_5fold_non_headline	random-03	two_sided_ecfp_pocket_knn_S1	S1	RCSB-5O1H-9GN-KD	construct-004-a02c0b37ee39	4.853871964321762	4.384761409122425	RCSB-5O1D-9GW-KD	0.7745966692414834	0.6	1.0
stratified_random_pair_5fold_non_headline	random-03	two_sided_ecfp_pocket_knn_S1	S1	RCSB-6RQ6-R2H-KD	construct-005-6f4aa0a92e90	4.892790030352131	6.2828971506059945	RCSB-6RQ0-KE2-KD	0.8320502943378437	0.6923076923076923	1.0
stratified_random_pair_5fold_non_headline	random-03	two_sided_ecfp_pocket_knn_S1	S1	RCSB-6UJ4-Q8S-KD	construct-006-4c5802bc11cc	6.769551078621726	6.741013210725623	RCSB-6UOZ-QF1-KD	0.8864052604279183	0.7857142857142857	1.0
stratified_random_pair_5fold_non_headline	random-03	two_sided_ecfp_pocket_knn_S1	S1	RCSB-6U5M-Q0S-KD	construct-006-4c5802bc11cc	6.291579099865287	6.800586984206296	RCSB-6U8L-Q1P-KD	0.625	0.390625	1.0
stratified_random_pair_5fold_non_headline	random-04	global_train_mean	no_input	RCSB-4UGY-EXI-KD	construct-001-c5158f5b655d	4.239577516576788	5.074237353065359			0.7254901960784313	1.0
stratified_random_pair_5fold_non_headline	random-04	global_train_mean	no_input	RCSB-4UG5-XFK-KD	construct-001-c5158f5b655d	5.298432014944073	5.074237353065359			0.8285714285714286	1.0
stratified_random_pair_5fold_non_headline	random-04	global_train_mean	no_input	RCSB-4UGI-SKO-KD	construct-001-c5158f5b655d	4.73754891026957	5.074237353065359			0.6862745098039216	1.0
stratified_random_pair_5fold_non_headline	random-04	global_train_mean	no_input	RCSB-4UGN-H49-KD	construct-001-c5158f5b655d	4.749579997691106	5.074237353065359			0.49122807017543857	1.0
stratified_random_pair_5fold_non_headline	random-04	global_train_mean	no_input	RCSB-5MYG-LS8-KD	construct-002-cb5cf2af5e4a	7.508638306165727	5.074237353065359			0.24050632911392406	1.0
stratified_random_pair_5fold_non_headline	random-04	global_train_mean	no_input	RCSB-5O55-9L5-KD	construct-002-cb5cf2af5e4a	4.698970004336019	5.074237353065359			0.3372093023255814	1.0
stratified_random_pair_5fold_non_headline	random-04	global_train_mean	no_input	RCSB-5D7X-XZ8-KD	construct-002-cb5cf2af5e4a	4.823908740944319	5.074237353065359			0.2391304347826087	1.0
stratified_random_pair_5fold_non_headline	random-04	global_train_mean	no_input	RCSB-6TPZ-NV2-KD	construct-003-fbf3f5c695a3	8.301029995663981	5.074237353065359			0.24096385542168675	1.0
stratified_random_pair_5fold_non_headline	random-04	global_train_mean	no_input	RCSB-7MR9-ZMM-KD	construct-003-fbf3f5c695a3	6.474955192963154	5.074237353065359			0.4727272727272727	1.0
stratified_random_pair_5fold_non_headline	random-04	global_train_mean	no_input	RCSB-5D3L-57F-KD	construct-003-fbf3f5c695a3	6.055517327849831	5.074237353065359			0.609375	1.0
stratified_random_pair_5fold_non_headline	random-04	global_train_mean	no_input	RCSB-5O1E-9GT-KD	construct-004-a02c0b37ee39	4.481486060122113	5.074237353065359			0.6875	1.0
stratified_random_pair_5fold_non_headline	random-04	global_train_mean	no_input	RCSB-5O1B-9H2-KD	construct-004-a02c0b37ee39	4.698970004336019	5.074237353065359			0.5526315789473685	1.0
stratified_random_pair_5fold_non_headline	random-04	global_train_mean	no_input	RCSB-6RQD-KEW-KD	construct-005-6f4aa0a92e90	5.823908740944319	5.074237353065359			0.6923076923076923	1.0
stratified_random_pair_5fold_non_headline	random-04	global_train_mean	no_input	RCSB-6RQ5-KEB-KD	construct-005-6f4aa0a92e90	4.82102305270683	5.074237353065359			0.7567567567567568	1.0
stratified_random_pair_5fold_non_headline	random-04	global_train_mean	no_input	RCSB-6U8O-Q1G-KD	construct-006-4c5802bc11cc	6.539102157243452	5.074237353065359			0.421875	1.0
stratified_random_pair_5fold_non_headline	random-04	global_train_mean	no_input	RCSB-6UHY-Q8G-KD	construct-006-4c5802bc11cc	1.6989700043360187	5.074237353065359			0.2545454545454545	1.0
stratified_random_pair_5fold_non_headline	random-04	target_mean_or_global_fallback	target_identity	RCSB-4UGY-EXI-KD	construct-001-c5158f5b655d	4.239577516576788	4.632193660820104			0.7254901960784313	1.0
stratified_random_pair_5fold_non_headline	random-04	target_mean_or_global_fallback	target_identity	RCSB-4UG5-XFK-KD	construct-001-c5158f5b655d	5.298432014944073	4.632193660820104			0.8285714285714286	1.0
stratified_random_pair_5fold_non_headline	random-04	target_mean_or_global_fallback	target_identity	RCSB-4UGI-SKO-KD	construct-001-c5158f5b655d	4.73754891026957	4.632193660820104			0.6862745098039216	1.0
stratified_random_pair_5fold_non_headline	random-04	target_mean_or_global_fallback	target_identity	RCSB-4UGN-H49-KD	construct-001-c5158f5b655d	4.749579997691106	4.632193660820104			0.49122807017543857	1.0
stratified_random_pair_5fold_non_headline	random-04	target_mean_or_global_fallback	target_identity	RCSB-5MYG-LS8-KD	construct-002-cb5cf2af5e4a	7.508638306165727	4.140418381838289			0.24050632911392406	1.0
stratified_random_pair_5fold_non_headline	random-04	target_mean_or_global_fallback	target_identity	RCSB-5O55-9L5-KD	construct-002-cb5cf2af5e4a	4.698970004336019	4.140418381838289			0.3372093023255814	1.0
stratified_random_pair_5fold_non_headline	random-04	target_mean_or_global_fallback	target_identity	RCSB-5D7X-XZ8-KD	construct-002-cb5cf2af5e4a	4.823908740944319	4.140418381838289			0.2391304347826087	1.0
stratified_random_pair_5fold_non_headline	random-04	target_mean_or_global_fallback	target_identity	RCSB-6TPZ-NV2-KD	construct-003-fbf3f5c695a3	8.301029995663981	6.35709429198648			0.24096385542168675	1.0
stratified_random_pair_5fold_non_headline	random-04	target_mean_or_global_fallback	target_identity	RCSB-7MR9-ZMM-KD	construct-003-fbf3f5c695a3	6.474955192963154	6.35709429198648			0.4727272727272727	1.0
stratified_random_pair_5fold_non_headline	random-04	target_mean_or_global_fallback	target_identity	RCSB-5D3L-57F-KD	construct-003-fbf3f5c695a3	6.055517327849831	6.35709429198648			0.609375	1.0
stratified_random_pair_5fold_non_headline	random-04	target_mean_or_global_fallback	target_identity	RCSB-5O1E-9GT-KD	construct-004-a02c0b37ee39	4.481486060122113	4.433704195590916			0.6875	1.0
stratified_random_pair_5fold_non_headline	random-04	target_mean_or_global_fallback	target_identity	RCSB-5O1B-9H2-KD	construct-004-a02c0b37ee39	4.698970004336019	4.433704195590916			0.5526315789473685	1.0
stratified_random_pair_5fold_non_headline	random-04	target_mean_or_global_fallback	target_identity	RCSB-6RQD-KEW-KD	construct-005-6f4aa0a92e90	5.823908740944319	5.303509295828235			0.6923076923076923	1.0
stratified_random_pair_5fold_non_headline	random-04	target_mean_or_global_fallback	target_identity	RCSB-6RQ5-KEB-KD	construct-005-6f4aa0a92e90	4.82102305270683	5.303509295828235			0.7567567567567568	1.0
stratified_random_pair_5fold_non_headline	random-04	target_mean_or_global_fallback	target_identity	RCSB-6U8O-Q1G-KD	construct-006-4c5802bc11cc	6.539102157243452	6.690376905851004			0.421875	1.0
stratified_random_pair_5fold_non_headline	random-04	target_mean_or_global_fallback	target_identity	RCSB-6UHY-Q8G-KD	construct-006-4c5802bc11cc	1.6989700043360187	6.690376905851004			0.2545454545454545	1.0
stratified_random_pair_5fold_non_headline	random-04	nuisance_ridge	metadata_only	RCSB-4UGY-EXI-KD	construct-001-c5158f5b655d	4.239577516576788	4.941340380210495			0.7254901960784313	1.0
stratified_random_pair_5fold_non_headline	random-04	nuisance_ridge	metadata_only	RCSB-4UG5-XFK-KD	construct-001-c5158f5b655d	5.298432014944073	4.826342414627786			0.8285714285714286	1.0
stratified_random_pair_5fold_non_headline	random-04	nuisance_ridge	metadata_only	RCSB-4UGI-SKO-KD	construct-001-c5158f5b655d	4.73754891026957	4.941340380210495			0.6862745098039216	1.0
stratified_random_pair_5fold_non_headline	random-04	nuisance_ridge	metadata_only	RCSB-4UGN-H49-KD	construct-001-c5158f5b655d	4.749579997691106	4.881023842908493			0.49122807017543857	1.0
stratified_random_pair_5fold_non_headline	random-04	nuisance_ridge	metadata_only	RCSB-5MYG-LS8-KD	construct-002-cb5cf2af5e4a	7.508638306165727	4.89880734421255			0.24050632911392406	1.0
stratified_random_pair_5fold_non_headline	random-04	nuisance_ridge	metadata_only	RCSB-5O55-9L5-KD	construct-002-cb5cf2af5e4a	4.698970004336019	5.135913041637585			0.3372093023255814	1.0
stratified_random_pair_5fold_non_headline	random-04	nuisance_ridge	metadata_only	RCSB-5D7X-XZ8-KD	construct-002-cb5cf2af5e4a	4.823908740944319	5.037375581540467			0.2391304347826087	1.0
stratified_random_pair_5fold_non_headline	random-04	nuisance_ridge	metadata_only	RCSB-6TPZ-NV2-KD	construct-003-fbf3f5c695a3	8.301029995663981	5.291411861029856			0.24096385542168675	1.0
stratified_random_pair_5fold_non_headline	random-04	nuisance_ridge	metadata_only	RCSB-7MR9-ZMM-KD	construct-003-fbf3f5c695a3	6.474955192963154	5.433569239106623			0.4727272727272727	1.0
stratified_random_pair_5fold_non_headline	random-04	nuisance_ridge	metadata_only	RCSB-5D3L-57F-KD	construct-003-fbf3f5c695a3	6.055517327849831	5.010645136482323			0.609375	1.0
stratified_random_pair_5fold_non_headline	random-04	nuisance_ridge	metadata_only	RCSB-5O1E-9GT-KD	construct-004-a02c0b37ee39	4.481486060122113	5.19937445036078			0.6875	1.0
stratified_random_pair_5fold_non_headline	random-04	nuisance_ridge	metadata_only	RCSB-5O1B-9H2-KD	construct-004-a02c0b37ee39	4.698970004336019	5.172242443961956			0.5526315789473685	1.0
stratified_random_pair_5fold_non_headline	random-04	nuisance_ridge	metadata_only	RCSB-6RQD-KEW-KD	construct-005-6f4aa0a92e90	5.823908740944319	5.3073098882095815			0.6923076923076923	1.0
stratified_random_pair_5fold_non_headline	random-04	nuisance_ridge	metadata_only	RCSB-6RQ5-KEB-KD	construct-005-6f4aa0a92e90	4.82102305270683	5.296665793391582			0.7567567567567568	1.0
stratified_random_pair_5fold_non_headline	random-04	nuisance_ridge	metadata_only	RCSB-6U8O-Q1G-KD	construct-006-4c5802bc11cc	6.539102157243452	5.213101849106127			0.421875	1.0
stratified_random_pair_5fold_non_headline	random-04	nuisance_ridge	metadata_only	RCSB-6UHY-Q8G-KD	construct-006-4c5802bc11cc	1.6989700043360187	5.343766598351159			0.2545454545454545	1.0
stratified_random_pair_5fold_non_headline	random-04	ligand_ecfp_ridge	ligand_only	RCSB-4UGY-EXI-KD	construct-001-c5158f5b655d	4.239577516576788	4.954621970917553			0.7254901960784313	1.0
stratified_random_pair_5fold_non_headline	random-04	ligand_ecfp_ridge	ligand_only	RCSB-4UG5-XFK-KD	construct-001-c5158f5b655d	5.298432014944073	5.59754240731257			0.8285714285714286	1.0
stratified_random_pair_5fold_non_headline	random-04	ligand_ecfp_ridge	ligand_only	RCSB-4UGI-SKO-KD	construct-001-c5158f5b655d	4.73754891026957	4.647733159934899			0.6862745098039216	1.0
stratified_random_pair_5fold_non_headline	random-04	ligand_ecfp_ridge	ligand_only	RCSB-4UGN-H49-KD	construct-001-c5158f5b655d	4.749579997691106	4.714207318828186			0.49122807017543857	1.0
stratified_random_pair_5fold_non_headline	random-04	ligand_ecfp_ridge	ligand_only	RCSB-5MYG-LS8-KD	construct-002-cb5cf2af5e4a	7.508638306165727	5.527375235579358			0.24050632911392406	1.0
stratified_random_pair_5fold_non_headline	random-04	ligand_ecfp_ridge	ligand_only	RCSB-5O55-9L5-KD	construct-002-cb5cf2af5e4a	4.698970004336019	4.767526936659656			0.3372093023255814	1.0
stratified_random_pair_5fold_non_headline	random-04	ligand_ecfp_ridge	ligand_only	RCSB-5D7X-XZ8-KD	construct-002-cb5cf2af5e4a	4.823908740944319	5.0305421075531624			0.2391304347826087	1.0
stratified_random_pair_5fold_non_headline	random-04	ligand_ecfp_ridge	ligand_only	RCSB-6TPZ-NV2-KD	construct-003-fbf3f5c695a3	8.301029995663981	5.283703361243291			0.24096385542168675	1.0
stratified_random_pair_5fold_non_headline	random-04	ligand_ecfp_ridge	ligand_only	RCSB-7MR9-ZMM-KD	construct-003-fbf3f5c695a3	6.474955192963154	5.967307765051978			0.4727272727272727	1.0
stratified_random_pair_5fold_non_headline	random-04	ligand_ecfp_ridge	ligand_only	RCSB-5D3L-57F-KD	construct-003-fbf3f5c695a3	6.055517327849831	5.809386058339637			0.609375	1.0
stratified_random_pair_5fold_non_headline	random-04	ligand_ecfp_ridge	ligand_only	RCSB-5O1E-9GT-KD	construct-004-a02c0b37ee39	4.481486060122113	4.603362702329799			0.6875	1.0
stratified_random_pair_5fold_non_headline	random-04	ligand_ecfp_ridge	ligand_only	RCSB-5O1B-9H2-KD	construct-004-a02c0b37ee39	4.698970004336019	4.741952179393937			0.5526315789473685	1.0
stratified_random_pair_5fold_non_headline	random-04	ligand_ecfp_ridge	ligand_only	RCSB-6RQD-KEW-KD	construct-005-6f4aa0a92e90	5.823908740944319	5.605112440280921			0.6923076923076923	1.0
stratified_random_pair_5fold_non_headline	random-04	ligand_ecfp_ridge	ligand_only	RCSB-6RQ5-KEB-KD	construct-005-6f4aa0a92e90	4.82102305270683	5.293830524187432			0.7567567567567568	1.0
stratified_random_pair_5fold_non_headline	random-04	ligand_ecfp_ridge	ligand_only	RCSB-6U8O-Q1G-KD	construct-006-4c5802bc11cc	6.539102157243452	5.787592697879133			0.421875	1.0
stratified_random_pair_5fold_non_headline	random-04	ligand_ecfp_ridge	ligand_only	RCSB-6UHY-Q8G-KD	construct-006-4c5802bc11cc	1.6989700043360187	4.696381180473352			0.2545454545454545	1.0
stratified_random_pair_5fold_non_headline	random-04	ligand_gmolai_ridge	ligand_only	RCSB-4UGY-EXI-KD	construct-001-c5158f5b655d	4.239577516576788	4.481104382529193			0.7254901960784313	1.0
stratified_random_pair_5fold_non_headline	random-04	ligand_gmolai_ridge	ligand_only	RCSB-4UG5-XFK-KD	construct-001-c5158f5b655d	5.298432014944073	5.130193147553861			0.8285714285714286	1.0
stratified_random_pair_5fold_non_headline	random-04	ligand_gmolai_ridge	ligand_only	RCSB-4UGI-SKO-KD	construct-001-c5158f5b655d	4.73754891026957	4.5679149485836765			0.6862745098039216	1.0
stratified_random_pair_5fold_non_headline	random-04	ligand_gmolai_ridge	ligand_only	RCSB-4UGN-H49-KD	construct-001-c5158f5b655d	4.749579997691106	4.506394233211779			0.49122807017543857	1.0
stratified_random_pair_5fold_non_headline	random-04	ligand_gmolai_ridge	ligand_only	RCSB-5MYG-LS8-KD	construct-002-cb5cf2af5e4a	7.508638306165727	5.63732382430795			0.24050632911392406	1.0
stratified_random_pair_5fold_non_headline	random-04	ligand_gmolai_ridge	ligand_only	RCSB-5O55-9L5-KD	construct-002-cb5cf2af5e4a	4.698970004336019	5.375335832841076			0.3372093023255814	1.0
stratified_random_pair_5fold_non_headline	random-04	ligand_gmolai_ridge	ligand_only	RCSB-5D7X-XZ8-KD	construct-002-cb5cf2af5e4a	4.823908740944319	4.974131570954324			0.2391304347826087	1.0
stratified_random_pair_5fold_non_headline	random-04	ligand_gmolai_ridge	ligand_only	RCSB-6TPZ-NV2-KD	construct-003-fbf3f5c695a3	8.301029995663981	5.788658608644009			0.24096385542168675	1.0
stratified_random_pair_5fold_non_headline	random-04	ligand_gmolai_ridge	ligand_only	RCSB-7MR9-ZMM-KD	construct-003-fbf3f5c695a3	6.474955192963154	4.9895143644830595			0.4727272727272727	1.0
stratified_random_pair_5fold_non_headline	random-04	ligand_gmolai_ridge	ligand_only	RCSB-5D3L-57F-KD	construct-003-fbf3f5c695a3	6.055517327849831	6.166422978587335			0.609375	1.0
stratified_random_pair_5fold_non_headline	random-04	ligand_gmolai_ridge	ligand_only	RCSB-5O1E-9GT-KD	construct-004-a02c0b37ee39	4.481486060122113	4.3035004766117675			0.6875	1.0
stratified_random_pair_5fold_non_headline	random-04	ligand_gmolai_ridge	ligand_only	RCSB-5O1B-9H2-KD	construct-004-a02c0b37ee39	4.698970004336019	4.819395571603187			0.5526315789473685	1.0
stratified_random_pair_5fold_non_headline	random-04	ligand_gmolai_ridge	ligand_only	RCSB-6RQD-KEW-KD	construct-005-6f4aa0a92e90	5.823908740944319	5.4381307473607965			0.6923076923076923	1.0
stratified_random_pair_5fold_non_headline	random-04	ligand_gmolai_ridge	ligand_only	RCSB-6RQ5-KEB-KD	construct-005-6f4aa0a92e90	4.82102305270683	5.367316462616789			0.7567567567567568	1.0
stratified_random_pair_5fold_non_headline	random-04	ligand_gmolai_ridge	ligand_only	RCSB-6U8O-Q1G-KD	construct-006-4c5802bc11cc	6.539102157243452	6.6063610349029585			0.421875	1.0
stratified_random_pair_5fold_non_headline	random-04	ligand_gmolai_ridge	ligand_only	RCSB-6UHY-Q8G-KD	construct-006-4c5802bc11cc	1.6989700043360187	4.453248814368204			0.2545454545454545	1.0
stratified_random_pair_5fold_non_headline	random-04	protein_sequence_ridge	sequence_only	RCSB-4UGY-EXI-KD	construct-001-c5158f5b655d	4.239577516576788	4.643626412775454			0.7254901960784313	1.0
stratified_random_pair_5fold_non_headline	random-04	protein_sequence_ridge	sequence_only	RCSB-4UG5-XFK-KD	construct-001-c5158f5b655d	5.298432014944073	4.643626412775454			0.8285714285714286	1.0
stratified_random_pair_5fold_non_headline	random-04	protein_sequence_ridge	sequence_only	RCSB-4UGI-SKO-KD	construct-001-c5158f5b655d	4.73754891026957	4.643626412775454			0.6862745098039216	1.0
stratified_random_pair_5fold_non_headline	random-04	protein_sequence_ridge	sequence_only	RCSB-4UGN-H49-KD	construct-001-c5158f5b655d	4.749579997691106	4.643626412775454			0.49122807017543857	1.0
stratified_random_pair_5fold_non_headline	random-04	protein_sequence_ridge	sequence_only	RCSB-5MYG-LS8-KD	construct-002-cb5cf2af5e4a	7.508638306165727	4.158406061136007			0.24050632911392406	1.0
stratified_random_pair_5fold_non_headline	random-04	protein_sequence_ridge	sequence_only	RCSB-5O55-9L5-KD	construct-002-cb5cf2af5e4a	4.698970004336019	4.158406061136007			0.3372093023255814	1.0
stratified_random_pair_5fold_non_headline	random-04	protein_sequence_ridge	sequence_only	RCSB-5D7X-XZ8-KD	construct-002-cb5cf2af5e4a	4.823908740944319	4.158406061136007			0.2391304347826087	1.0
stratified_random_pair_5fold_non_headline	random-04	protein_sequence_ridge	sequence_only	RCSB-6TPZ-NV2-KD	construct-003-fbf3f5c695a3	8.301029995663981	6.333026800082998			0.24096385542168675	1.0
stratified_random_pair_5fold_non_headline	random-04	protein_sequence_ridge	sequence_only	RCSB-7MR9-ZMM-KD	construct-003-fbf3f5c695a3	6.474955192963154	6.333026800082998			0.4727272727272727	1.0
stratified_random_pair_5fold_non_headline	random-04	protein_sequence_ridge	sequence_only	RCSB-5D3L-57F-KD	construct-003-fbf3f5c695a3	6.055517327849831	6.333026800082998			0.609375	1.0
stratified_random_pair_5fold_non_headline	random-04	protein_sequence_ridge	sequence_only	RCSB-5O1E-9GT-KD	construct-004-a02c0b37ee39	4.481486060122113	4.450744674234667			0.6875	1.0
stratified_random_pair_5fold_non_headline	random-04	protein_sequence_ridge	sequence_only	RCSB-5O1B-9H2-KD	construct-004-a02c0b37ee39	4.698970004336019	4.450744674234667			0.5526315789473685	1.0
stratified_random_pair_5fold_non_headline	random-04	protein_sequence_ridge	sequence_only	RCSB-6RQD-KEW-KD	construct-005-6f4aa0a92e90	5.823908740944319	5.293630745845402			0.6923076923076923	1.0
stratified_random_pair_5fold_non_headline	random-04	protein_sequence_ridge	sequence_only	RCSB-6RQ5-KEB-KD	construct-005-6f4aa0a92e90	4.82102305270683	5.293630745845402			0.7567567567567568	1.0
stratified_random_pair_5fold_non_headline	random-04	protein_sequence_ridge	sequence_only	RCSB-6U8O-Q1G-KD	construct-006-4c5802bc11cc	6.539102157243452	6.650767201763991			0.421875	1.0
stratified_random_pair_5fold_non_headline	random-04	protein_sequence_ridge	sequence_only	RCSB-6UHY-Q8G-KD	construct-006-4c5802bc11cc	1.6989700043360187	6.650767201763991			0.2545454545454545	1.0
stratified_random_pair_5fold_non_headline	random-04	concat_ecfp_sequence_ridge	sequence_ligand	RCSB-4UGY-EXI-KD	construct-001-c5158f5b655d	4.239577516576788	4.935745036325773			0.7254901960784313	1.0
stratified_random_pair_5fold_non_headline	random-04	concat_ecfp_sequence_ridge	sequence_ligand	RCSB-4UG5-XFK-KD	construct-001-c5158f5b655d	5.298432014944073	5.566212349464917			0.8285714285714286	1.0
stratified_random_pair_5fold_non_headline	random-04	concat_ecfp_sequence_ridge	sequence_ligand	RCSB-4UGI-SKO-KD	construct-001-c5158f5b655d	4.73754891026957	4.629431801978449			0.6862745098039216	1.0
stratified_random_pair_5fold_non_headline	random-04	concat_ecfp_sequence_ridge	sequence_ligand	RCSB-4UGN-H49-KD	construct-001-c5158f5b655d	4.749579997691106	4.608075015889054			0.49122807017543857	1.0
stratified_random_pair_5fold_non_headline	random-04	concat_ecfp_sequence_ridge	sequence_ligand	RCSB-5MYG-LS8-KD	construct-002-cb5cf2af5e4a	7.508638306165727	4.581022641865041			0.24050632911392406	1.0
stratified_random_pair_5fold_non_headline	random-04	concat_ecfp_sequence_ridge	sequence_ligand	RCSB-5O55-9L5-KD	construct-002-cb5cf2af5e4a	4.698970004336019	4.4740912739757315			0.3372093023255814	1.0
stratified_random_pair_5fold_non_headline	random-04	concat_ecfp_sequence_ridge	sequence_ligand	RCSB-5D7X-XZ8-KD	construct-002-cb5cf2af5e4a	4.823908740944319	4.067154667201235			0.2391304347826087	1.0
stratified_random_pair_5fold_non_headline	random-04	concat_ecfp_sequence_ridge	sequence_ligand	RCSB-6TPZ-NV2-KD	construct-003-fbf3f5c695a3	8.301029995663981	6.503411510392137			0.24096385542168675	1.0
stratified_random_pair_5fold_non_headline	random-04	concat_ecfp_sequence_ridge	sequence_ligand	RCSB-7MR9-ZMM-KD	construct-003-fbf3f5c695a3	6.474955192963154	6.864035832794715			0.4727272727272727	1.0
stratified_random_pair_5fold_non_headline	random-04	concat_ecfp_sequence_ridge	sequence_ligand	RCSB-5D3L-57F-KD	construct-003-fbf3f5c695a3	6.055517327849831	5.95802140777497			0.609375	1.0
stratified_random_pair_5fold_non_headline	random-04	concat_ecfp_sequence_ridge	sequence_ligand	RCSB-5O1E-9GT-KD	construct-004-a02c0b37ee39	4.481486060122113	4.5158262297410845			0.6875	1.0
stratified_random_pair_5fold_non_headline	random-04	concat_ecfp_sequence_ridge	sequence_ligand	RCSB-5O1B-9H2-KD	construct-004-a02c0b37ee39	4.698970004336019	4.6121399114753086			0.5526315789473685	1.0
stratified_random_pair_5fold_non_headline	random-04	concat_ecfp_sequence_ridge	sequence_ligand	RCSB-6RQD-KEW-KD	construct-005-6f4aa0a92e90	5.823908740944319	5.627950495551151			0.6923076923076923	1.0
stratified_random_pair_5fold_non_headline	random-04	concat_ecfp_sequence_ridge	sequence_ligand	RCSB-6RQ5-KEB-KD	construct-005-6f4aa0a92e90	4.82102305270683	5.385527461250421			0.7567567567567568	1.0
stratified_random_pair_5fold_non_headline	random-04	concat_ecfp_sequence_ridge	sequence_ligand	RCSB-6U8O-Q1G-KD	construct-006-4c5802bc11cc	6.539102157243452	6.504405091049291			0.421875	1.0
stratified_random_pair_5fold_non_headline	random-04	concat_ecfp_sequence_ridge	sequence_ligand	RCSB-6UHY-Q8G-KD	construct-006-4c5802bc11cc	1.6989700043360187	6.090833558580863			0.2545454545454545	1.0
stratified_random_pair_5fold_non_headline	random-04	pocket_composition_ridge_S0	S0	RCSB-4UGY-EXI-KD	construct-001-c5158f5b655d	4.239577516576788	4.80956418210871			0.7254901960784313	1.0
stratified_random_pair_5fold_non_headline	random-04	pocket_composition_ridge_S0	S0	RCSB-4UG5-XFK-KD	construct-001-c5158f5b655d	5.298432014944073	4.80956418210871			0.8285714285714286	1.0
stratified_random_pair_5fold_non_headline	random-04	pocket_composition_ridge_S0	S0	RCSB-4UGI-SKO-KD	construct-001-c5158f5b655d	4.73754891026957	4.80956418210871			0.6862745098039216	1.0
stratified_random_pair_5fold_non_headline	random-04	pocket_composition_ridge_S0	S0	RCSB-4UGN-H49-KD	construct-001-c5158f5b655d	4.749579997691106	4.80956418210871			0.49122807017543857	1.0
stratified_random_pair_5fold_non_headline	random-04	pocket_composition_ridge_S0	S0	RCSB-5MYG-LS8-KD	construct-002-cb5cf2af5e4a	7.508638306165727	4.360605547475375			0.24050632911392406	1.0
stratified_random_pair_5fold_non_headline	random-04	pocket_composition_ridge_S0	S0	RCSB-5O55-9L5-KD	construct-002-cb5cf2af5e4a	4.698970004336019	4.360605547475375			0.3372093023255814	1.0
stratified_random_pair_5fold_non_headline	random-04	pocket_composition_ridge_S0	S0	RCSB-5D7X-XZ8-KD	construct-002-cb5cf2af5e4a	4.823908740944319	4.360605547475375			0.2391304347826087	1.0
stratified_random_pair_5fold_non_headline	random-04	pocket_composition_ridge_S0	S0	RCSB-6TPZ-NV2-KD	construct-003-fbf3f5c695a3	8.301029995663981	5.896052003318525			0.24096385542168675	1.0
stratified_random_pair_5fold_non_headline	random-04	pocket_composition_ridge_S0	S0	RCSB-7MR9-ZMM-KD	construct-003-fbf3f5c695a3	6.474955192963154	5.896052003318525			0.4727272727272727	1.0
stratified_random_pair_5fold_non_headline	random-04	pocket_composition_ridge_S0	S0	RCSB-5D3L-57F-KD	construct-003-fbf3f5c695a3	6.055517327849831	5.896052003318525			0.609375	1.0
stratified_random_pair_5fold_non_headline	random-04	pocket_composition_ridge_S0	S0	RCSB-5O1E-9GT-KD	construct-004-a02c0b37ee39	4.481486060122113	4.739282233005573			0.6875	1.0
stratified_random_pair_5fold_non_headline	random-04	pocket_composition_ridge_S0	S0	RCSB-5O1B-9H2-KD	construct-004-a02c0b37ee39	4.698970004336019	4.739282233005573			0.5526315789473685	1.0
stratified_random_pair_5fold_non_headline	random-04	pocket_composition_ridge_S0	S0	RCSB-6RQD-KEW-KD	construct-005-6f4aa0a92e90	5.823908740944319	5.340421111267121			0.6923076923076923	1.0
stratified_random_pair_5fold_non_headline	random-04	pocket_composition_ridge_S0	S0	RCSB-6RQ5-KEB-KD	construct-005-6f4aa0a92e90	4.82102305270683	5.340421111267121			0.7567567567567568	1.0
stratified_random_pair_5fold_non_headline	random-04	pocket_composition_ridge_S0	S0	RCSB-6U8O-Q1G-KD	construct-006-4c5802bc11cc	6.539102157243452	6.135933713099862			0.421875	1.0
stratified_random_pair_5fold_non_headline	random-04	pocket_composition_ridge_S0	S0	RCSB-6UHY-Q8G-KD	construct-006-4c5802bc11cc	1.6989700043360187	6.135933713099862			0.2545454545454545	1.0
stratified_random_pair_5fold_non_headline	random-04	pocket_structure_ridge_S0	S0	RCSB-4UGY-EXI-KD	construct-001-c5158f5b655d	4.239577516576788	4.694022071383489			0.7254901960784313	1.0
stratified_random_pair_5fold_non_headline	random-04	pocket_structure_ridge_S0	S0	RCSB-4UG5-XFK-KD	construct-001-c5158f5b655d	5.298432014944073	4.7891192285758795			0.8285714285714286	1.0
stratified_random_pair_5fold_non_headline	random-04	pocket_structure_ridge_S0	S0	RCSB-4UGI-SKO-KD	construct-001-c5158f5b655d	4.73754891026957	4.745321351579005			0.6862745098039216	1.0
stratified_random_pair_5fold_non_headline	random-04	pocket_structure_ridge_S0	S0	RCSB-4UGN-H49-KD	construct-001-c5158f5b655d	4.749579997691106	4.703178351340972			0.49122807017543857	1.0
stratified_random_pair_5fold_non_headline	random-04	pocket_structure_ridge_S0	S0	RCSB-5MYG-LS8-KD	construct-002-cb5cf2af5e4a	7.508638306165727	4.174684613355158			0.24050632911392406	1.0
stratified_random_pair_5fold_non_headline	random-04	pocket_structure_ridge_S0	S0	RCSB-5O55-9L5-KD	construct-002-cb5cf2af5e4a	4.698970004336019	4.294963022851194			0.3372093023255814	1.0
stratified_random_pair_5fold_non_headline	random-04	pocket_structure_ridge_S0	S0	RCSB-5D7X-XZ8-KD	construct-002-cb5cf2af5e4a	4.823908740944319	4.363981054252063			0.2391304347826087	1.0
stratified_random_pair_5fold_non_headline	random-04	pocket_structure_ridge_S0	S0	RCSB-6TPZ-NV2-KD	construct-003-fbf3f5c695a3	8.301029995663981	5.96802276914007			0.24096385542168675	1.0
stratified_random_pair_5fold_non_headline	random-04	pocket_structure_ridge_S0	S0	RCSB-7MR9-ZMM-KD	construct-003-fbf3f5c695a3	6.474955192963154	6.0227878766259515			0.4727272727272727	1.0
stratified_random_pair_5fold_non_headline	random-04	pocket_structure_ridge_S0	S0	RCSB-5D3L-57F-KD	construct-003-fbf3f5c695a3	6.055517327849831	6.148929461552116			0.609375	1.0
stratified_random_pair_5fold_non_headline	random-04	pocket_structure_ridge_S0	S0	RCSB-5O1E-9GT-KD	construct-004-a02c0b37ee39	4.481486060122113	4.732273525696642			0.6875	1.0
stratified_random_pair_5fold_non_headline	random-04	pocket_structure_ridge_S0	S0	RCSB-5O1B-9H2-KD	construct-004-a02c0b37ee39	4.698970004336019	4.695457469598135			0.5526315789473685	1.0
stratified_random_pair_5fold_non_headline	random-04	pocket_structure_ridge_S0	S0	RCSB-6RQD-KEW-KD	construct-005-6f4aa0a92e90	5.823908740944319	5.362221477605714			0.6923076923076923	1.0
stratified_random_pair_5fold_non_headline	random-04	pocket_structure_ridge_S0	S0	RCSB-6RQ5-KEB-KD	construct-005-6f4aa0a92e90	4.82102305270683	5.382414613554097			0.7567567567567568	1.0
stratified_random_pair_5fold_non_headline	random-04	pocket_structure_ridge_S0	S0	RCSB-6U8O-Q1G-KD	construct-006-4c5802bc11cc	6.539102157243452	6.15996942590498			0.421875	1.0
stratified_random_pair_5fold_non_headline	random-04	pocket_structure_ridge_S0	S0	RCSB-6UHY-Q8G-KD	construct-006-4c5802bc11cc	1.6989700043360187	6.183936728826461			0.2545454545454545	1.0
stratified_random_pair_5fold_non_headline	random-04	concat_ecfp_pocket_ridge_S0	S0	RCSB-4UGY-EXI-KD	construct-001-c5158f5b655d	4.239577516576788	4.8669256193228945			0.7254901960784313	1.0
stratified_random_pair_5fold_non_headline	random-04	concat_ecfp_pocket_ridge_S0	S0	RCSB-4UG5-XFK-KD	construct-001-c5158f5b655d	5.298432014944073	5.5434819723183555			0.8285714285714286	1.0
stratified_random_pair_5fold_non_headline	random-04	concat_ecfp_pocket_ridge_S0	S0	RCSB-4UGI-SKO-KD	construct-001-c5158f5b655d	4.73754891026957	4.706532082176912			0.6862745098039216	1.0
stratified_random_pair_5fold_non_headline	random-04	concat_ecfp_pocket_ridge_S0	S0	RCSB-4UGN-H49-KD	construct-001-c5158f5b655d	4.749579997691106	4.747921769069613			0.49122807017543857	1.0
stratified_random_pair_5fold_non_headline	random-04	concat_ecfp_pocket_ridge_S0	S0	RCSB-5MYG-LS8-KD	construct-002-cb5cf2af5e4a	7.508638306165727	5.0428326114975395			0.24050632911392406	1.0
stratified_random_pair_5fold_non_headline	random-04	concat_ecfp_pocket_ridge_S0	S0	RCSB-5O55-9L5-KD	construct-002-cb5cf2af5e4a	4.698970004336019	4.681142277558238			0.3372093023255814	1.0
stratified_random_pair_5fold_non_headline	random-04	concat_ecfp_pocket_ridge_S0	S0	RCSB-5D7X-XZ8-KD	construct-002-cb5cf2af5e4a	4.823908740944319	4.676836624325889			0.2391304347826087	1.0
stratified_random_pair_5fold_non_headline	random-04	concat_ecfp_pocket_ridge_S0	S0	RCSB-6TPZ-NV2-KD	construct-003-fbf3f5c695a3	8.301029995663981	5.586566693690124			0.24096385542168675	1.0
stratified_random_pair_5fold_non_headline	random-04	concat_ecfp_pocket_ridge_S0	S0	RCSB-7MR9-ZMM-KD	construct-003-fbf3f5c695a3	6.474955192963154	6.247707518479568			0.4727272727272727	1.0
stratified_random_pair_5fold_non_headline	random-04	concat_ecfp_pocket_ridge_S0	S0	RCSB-5D3L-57F-KD	construct-003-fbf3f5c695a3	6.055517327849831	5.866904160253588			0.609375	1.0
stratified_random_pair_5fold_non_headline	random-04	concat_ecfp_pocket_ridge_S0	S0	RCSB-5O1E-9GT-KD	construct-004-a02c0b37ee39	4.481486060122113	4.5916740356668235			0.6875	1.0
stratified_random_pair_5fold_non_headline	random-04	concat_ecfp_pocket_ridge_S0	S0	RCSB-5O1B-9H2-KD	construct-004-a02c0b37ee39	4.698970004336019	4.68984663831912			0.5526315789473685	1.0
stratified_random_pair_5fold_non_headline	random-04	concat_ecfp_pocket_ridge_S0	S0	RCSB-6RQD-KEW-KD	construct-005-6f4aa0a92e90	5.823908740944319	5.656128066932697			0.6923076923076923	1.0
stratified_random_pair_5fold_non_headline	random-04	concat_ecfp_pocket_ridge_S0	S0	RCSB-6RQ5-KEB-KD	construct-005-6f4aa0a92e90	4.82102305270683	5.3645074315520755			0.7567567567567568	1.0
stratified_random_pair_5fold_non_headline	random-04	concat_ecfp_pocket_ridge_S0	S0	RCSB-6U8O-Q1G-KD	construct-006-4c5802bc11cc	6.539102157243452	6.040408638552615			0.421875	1.0
stratified_random_pair_5fold_non_headline	random-04	concat_ecfp_pocket_ridge_S0	S0	RCSB-6UHY-Q8G-KD	construct-006-4c5802bc11cc	1.6989700043360187	5.1830862606766885			0.2545454545454545	1.0
stratified_random_pair_5fold_non_headline	random-04	concat_gmolai_pocket_ridge_S0	S0	RCSB-4UGY-EXI-KD	construct-001-c5158f5b655d	4.239577516576788	4.555169256499247			0.7254901960784313	1.0
stratified_random_pair_5fold_non_headline	random-04	concat_gmolai_pocket_ridge_S0	S0	RCSB-4UG5-XFK-KD	construct-001-c5158f5b655d	5.298432014944073	5.138627979179127			0.8285714285714286	1.0
stratified_random_pair_5fold_non_headline	random-04	concat_gmolai_pocket_ridge_S0	S0	RCSB-4UGI-SKO-KD	construct-001-c5158f5b655d	4.73754891026957	4.60624823552654			0.6862745098039216	1.0
stratified_random_pair_5fold_non_headline	random-04	concat_gmolai_pocket_ridge_S0	S0	RCSB-4UGN-H49-KD	construct-001-c5158f5b655d	4.749579997691106	4.531195160655607			0.49122807017543857	1.0
stratified_random_pair_5fold_non_headline	random-04	concat_gmolai_pocket_ridge_S0	S0	RCSB-5MYG-LS8-KD	construct-002-cb5cf2af5e4a	7.508638306165727	5.072971055026835			0.24050632911392406	1.0
stratified_random_pair_5fold_non_headline	random-04	concat_gmolai_pocket_ridge_S0	S0	RCSB-5O55-9L5-KD	construct-002-cb5cf2af5e4a	4.698970004336019	4.964957784453874			0.3372093023255814	1.0
stratified_random_pair_5fold_non_headline	random-04	concat_gmolai_pocket_ridge_S0	S0	RCSB-5D7X-XZ8-KD	construct-002-cb5cf2af5e4a	4.823908740944319	4.449056324488689			0.2391304347826087	1.0
stratified_random_pair_5fold_non_headline	random-04	concat_gmolai_pocket_ridge_S0	S0	RCSB-6TPZ-NV2-KD	construct-003-fbf3f5c695a3	8.301029995663981	6.459737997278063			0.24096385542168675	1.0
stratified_random_pair_5fold_non_headline	random-04	concat_gmolai_pocket_ridge_S0	S0	RCSB-7MR9-ZMM-KD	construct-003-fbf3f5c695a3	6.474955192963154	5.86724757051589			0.4727272727272727	1.0
stratified_random_pair_5fold_non_headline	random-04	concat_gmolai_pocket_ridge_S0	S0	RCSB-5D3L-57F-KD	construct-003-fbf3f5c695a3	6.055517327849831	6.1707627657421975			0.609375	1.0
stratified_random_pair_5fold_non_headline	random-04	concat_gmolai_pocket_ridge_S0	S0	RCSB-5O1E-9GT-KD	construct-004-a02c0b37ee39	4.481486060122113	4.347415887999074			0.6875	1.0
stratified_random_pair_5fold_non_headline	random-04	concat_gmolai_pocket_ridge_S0	S0	RCSB-5O1B-9H2-KD	construct-004-a02c0b37ee39	4.698970004336019	4.833320662993957			0.5526315789473685	1.0
stratified_random_pair_5fold_non_headline	random-04	concat_gmolai_pocket_ridge_S0	S0	RCSB-6RQD-KEW-KD	construct-005-6f4aa0a92e90	5.823908740944319	5.475421446137197			0.6923076923076923	1.0
stratified_random_pair_5fold_non_headline	random-04	concat_gmolai_pocket_ridge_S0	S0	RCSB-6RQ5-KEB-KD	construct-005-6f4aa0a92e90	4.82102305270683	5.239940198823578			0.7567567567567568	1.0
stratified_random_pair_5fold_non_headline	random-04	concat_gmolai_pocket_ridge_S0	S0	RCSB-6U8O-Q1G-KD	construct-006-4c5802bc11cc	6.539102157243452	6.548575549491112			0.421875	1.0
stratified_random_pair_5fold_non_headline	random-04	concat_gmolai_pocket_ridge_S0	S0	RCSB-6UHY-Q8G-KD	construct-006-4c5802bc11cc	1.6989700043360187	5.0559095541802535			0.2545454545454545	1.0
stratified_random_pair_5fold_non_headline	random-04	pocket_composition_ridge_S1	S1	RCSB-4UGY-EXI-KD	construct-001-c5158f5b655d	4.239577516576788	4.811649353381308			0.7254901960784313	1.0
stratified_random_pair_5fold_non_headline	random-04	pocket_composition_ridge_S1	S1	RCSB-4UG5-XFK-KD	construct-001-c5158f5b655d	5.298432014944073	4.811649353381308			0.8285714285714286	1.0
stratified_random_pair_5fold_non_headline	random-04	pocket_composition_ridge_S1	S1	RCSB-4UGI-SKO-KD	construct-001-c5158f5b655d	4.73754891026957	4.811649353381308			0.6862745098039216	1.0
stratified_random_pair_5fold_non_headline	random-04	pocket_composition_ridge_S1	S1	RCSB-4UGN-H49-KD	construct-001-c5158f5b655d	4.749579997691106	4.811649353381308			0.49122807017543857	1.0
stratified_random_pair_5fold_non_headline	random-04	pocket_composition_ridge_S1	S1	RCSB-5MYG-LS8-KD	construct-002-cb5cf2af5e4a	7.508638306165727	4.360392686947137			0.24050632911392406	1.0
stratified_random_pair_5fold_non_headline	random-04	pocket_composition_ridge_S1	S1	RCSB-5O55-9L5-KD	construct-002-cb5cf2af5e4a	4.698970004336019	4.360392686947137			0.3372093023255814	1.0
stratified_random_pair_5fold_non_headline	random-04	pocket_composition_ridge_S1	S1	RCSB-5D7X-XZ8-KD	construct-002-cb5cf2af5e4a	4.823908740944319	4.360392686947137			0.2391304347826087	1.0
stratified_random_pair_5fold_non_headline	random-04	pocket_composition_ridge_S1	S1	RCSB-6TPZ-NV2-KD	construct-003-fbf3f5c695a3	8.301029995663981	5.900282138139244			0.24096385542168675	1.0
stratified_random_pair_5fold_non_headline	random-04	pocket_composition_ridge_S1	S1	RCSB-7MR9-ZMM-KD	construct-003-fbf3f5c695a3	6.474955192963154	5.900282138139244			0.4727272727272727	1.0
stratified_random_pair_5fold_non_headline	random-04	pocket_composition_ridge_S1	S1	RCSB-5D3L-57F-KD	construct-003-fbf3f5c695a3	6.055517327849831	5.900282138139244			0.609375	1.0
stratified_random_pair_5fold_non_headline	random-04	pocket_composition_ridge_S1	S1	RCSB-5O1E-9GT-KD	construct-004-a02c0b37ee39	4.481486060122113	4.731570942815981			0.6875	1.0
stratified_random_pair_5fold_non_headline	random-04	pocket_composition_ridge_S1	S1	RCSB-5O1B-9H2-KD	construct-004-a02c0b37ee39	4.698970004336019	4.731570942815981			0.5526315789473685	1.0
stratified_random_pair_5fold_non_headline	random-04	pocket_composition_ridge_S1	S1	RCSB-6RQD-KEW-KD	construct-005-6f4aa0a92e90	5.823908740944319	5.338552704865627			0.6923076923076923	1.0
stratified_random_pair_5fold_non_headline	random-04	pocket_composition_ridge_S1	S1	RCSB-6RQ5-KEB-KD	construct-005-6f4aa0a92e90	4.82102305270683	5.338552704865627			0.7567567567567568	1.0
stratified_random_pair_5fold_non_headline	random-04	pocket_composition_ridge_S1	S1	RCSB-6U8O-Q1G-KD	construct-006-4c5802bc11cc	6.539102157243452	6.130724195008501			0.421875	1.0
stratified_random_pair_5fold_non_headline	random-04	pocket_composition_ridge_S1	S1	RCSB-6UHY-Q8G-KD	construct-006-4c5802bc11cc	1.6989700043360187	6.130724195008501			0.2545454545454545	1.0
stratified_random_pair_5fold_non_headline	random-04	pocket_structure_ridge_S1	S1	RCSB-4UGY-EXI-KD	construct-001-c5158f5b655d	4.239577516576788	4.742842824582505			0.7254901960784313	1.0
stratified_random_pair_5fold_non_headline	random-04	pocket_structure_ridge_S1	S1	RCSB-4UG5-XFK-KD	construct-001-c5158f5b655d	5.298432014944073	4.742842824582505			0.8285714285714286	1.0
stratified_random_pair_5fold_non_headline	random-04	pocket_structure_ridge_S1	S1	RCSB-4UGI-SKO-KD	construct-001-c5158f5b655d	4.73754891026957	4.742842824582505			0.6862745098039216	1.0
stratified_random_pair_5fold_non_headline	random-04	pocket_structure_ridge_S1	S1	RCSB-4UGN-H49-KD	construct-001-c5158f5b655d	4.749579997691106	4.742842824582505			0.49122807017543857	1.0
stratified_random_pair_5fold_non_headline	random-04	pocket_structure_ridge_S1	S1	RCSB-5MYG-LS8-KD	construct-002-cb5cf2af5e4a	7.508638306165727	4.298443871344367			0.24050632911392406	1.0
stratified_random_pair_5fold_non_headline	random-04	pocket_structure_ridge_S1	S1	RCSB-5O55-9L5-KD	construct-002-cb5cf2af5e4a	4.698970004336019	4.298443871344367			0.3372093023255814	1.0
stratified_random_pair_5fold_non_headline	random-04	pocket_structure_ridge_S1	S1	RCSB-5D7X-XZ8-KD	construct-002-cb5cf2af5e4a	4.823908740944319	4.298443871344367			0.2391304347826087	1.0
stratified_random_pair_5fold_non_headline	random-04	pocket_structure_ridge_S1	S1	RCSB-6TPZ-NV2-KD	construct-003-fbf3f5c695a3	8.301029995663981	6.062306238858348			0.24096385542168675	1.0
stratified_random_pair_5fold_non_headline	random-04	pocket_structure_ridge_S1	S1	RCSB-7MR9-ZMM-KD	construct-003-fbf3f5c695a3	6.474955192963154	6.062306238858348			0.4727272727272727	1.0
stratified_random_pair_5fold_non_headline	random-04	pocket_structure_ridge_S1	S1	RCSB-5D3L-57F-KD	construct-003-fbf3f5c695a3	6.055517327849831	6.062306238858348			0.609375	1.0
stratified_random_pair_5fold_non_headline	random-04	pocket_structure_ridge_S1	S1	RCSB-5O1E-9GT-KD	construct-004-a02c0b37ee39	4.481486060122113	4.633553569723749			0.6875	1.0
stratified_random_pair_5fold_non_headline	random-04	pocket_structure_ridge_S1	S1	RCSB-5O1B-9H2-KD	construct-004-a02c0b37ee39	4.698970004336019	4.633553569723749			0.5526315789473685	1.0
stratified_random_pair_5fold_non_headline	random-04	pocket_structure_ridge_S1	S1	RCSB-6RQD-KEW-KD	construct-005-6f4aa0a92e90	5.823908740944319	5.348212784253101			0.6923076923076923	1.0
stratified_random_pair_5fold_non_headline	random-04	pocket_structure_ridge_S1	S1	RCSB-6RQ5-KEB-KD	construct-005-6f4aa0a92e90	4.82102305270683	5.348212784253101			0.7567567567567568	1.0
stratified_random_pair_5fold_non_headline	random-04	pocket_structure_ridge_S1	S1	RCSB-6U8O-Q1G-KD	construct-006-4c5802bc11cc	6.539102157243452	6.263308895345609			0.421875	1.0
stratified_random_pair_5fold_non_headline	random-04	pocket_structure_ridge_S1	S1	RCSB-6UHY-Q8G-KD	construct-006-4c5802bc11cc	1.6989700043360187	6.263308895345609			0.2545454545454545	1.0
stratified_random_pair_5fold_non_headline	random-04	concat_ecfp_pocket_ridge_S1	S1	RCSB-4UGY-EXI-KD	construct-001-c5158f5b655d	4.239577516576788	4.9233698078963695			0.7254901960784313	1.0
stratified_random_pair_5fold_non_headline	random-04	concat_ecfp_pocket_ridge_S1	S1	RCSB-4UG5-XFK-KD	construct-001-c5158f5b655d	5.298432014944073	5.5849392634575805			0.8285714285714286	1.0
stratified_random_pair_5fold_non_headline	random-04	concat_ecfp_pocket_ridge_S1	S1	RCSB-4UGI-SKO-KD	construct-001-c5158f5b655d	4.73754891026957	4.699438209125109			0.6862745098039216	1.0
stratified_random_pair_5fold_non_headline	random-04	concat_ecfp_pocket_ridge_S1	S1	RCSB-4UGN-H49-KD	construct-001-c5158f5b655d	4.749579997691106	4.732691741458215			0.49122807017543857	1.0
stratified_random_pair_5fold_non_headline	random-04	concat_ecfp_pocket_ridge_S1	S1	RCSB-5MYG-LS8-KD	construct-002-cb5cf2af5e4a	7.508638306165727	5.070147474908503			0.24050632911392406	1.0
stratified_random_pair_5fold_non_headline	random-04	concat_ecfp_pocket_ridge_S1	S1	RCSB-5O55-9L5-KD	construct-002-cb5cf2af5e4a	4.698970004336019	4.651271182531283			0.3372093023255814	1.0
stratified_random_pair_5fold_non_headline	random-04	concat_ecfp_pocket_ridge_S1	S1	RCSB-5D7X-XZ8-KD	construct-002-cb5cf2af5e4a	4.823908740944319	4.6665473456120345			0.2391304347826087	1.0
stratified_random_pair_5fold_non_headline	random-04	concat_ecfp_pocket_ridge_S1	S1	RCSB-6TPZ-NV2-KD	construct-003-fbf3f5c695a3	8.301029995663981	5.6457251975465566			0.24096385542168675	1.0
stratified_random_pair_5fold_non_headline	random-04	concat_ecfp_pocket_ridge_S1	S1	RCSB-7MR9-ZMM-KD	construct-003-fbf3f5c695a3	6.474955192963154	6.269186495795207			0.4727272727272727	1.0
stratified_random_pair_5fold_non_headline	random-04	concat_ecfp_pocket_ridge_S1	S1	RCSB-5D3L-57F-KD	construct-003-fbf3f5c695a3	6.055517327849831	5.840700948224366			0.609375	1.0
stratified_random_pair_5fold_non_headline	random-04	concat_ecfp_pocket_ridge_S1	S1	RCSB-5O1E-9GT-KD	construct-004-a02c0b37ee39	4.481486060122113	4.581582894077267			0.6875	1.0
stratified_random_pair_5fold_non_headline	random-04	concat_ecfp_pocket_ridge_S1	S1	RCSB-5O1B-9H2-KD	construct-004-a02c0b37ee39	4.698970004336019	4.6929982922422795			0.5526315789473685	1.0
stratified_random_pair_5fold_non_headline	random-04	concat_ecfp_pocket_ridge_S1	S1	RCSB-6RQD-KEW-KD	construct-005-6f4aa0a92e90	5.823908740944319	5.657101094989624			0.6923076923076923	1.0
stratified_random_pair_5fold_non_headline	random-04	concat_ecfp_pocket_ridge_S1	S1	RCSB-6RQ5-KEB-KD	construct-005-6f4aa0a92e90	4.82102305270683	5.368680989295546			0.7567567567567568	1.0
stratified_random_pair_5fold_non_headline	random-04	concat_ecfp_pocket_ridge_S1	S1	RCSB-6U8O-Q1G-KD	construct-006-4c5802bc11cc	6.539102157243452	6.02687433189014			0.421875	1.0
stratified_random_pair_5fold_non_headline	random-04	concat_ecfp_pocket_ridge_S1	S1	RCSB-6UHY-Q8G-KD	construct-006-4c5802bc11cc	1.6989700043360187	5.20240147406626			0.2545454545454545	1.0
stratified_random_pair_5fold_non_headline	random-04	concat_gmolai_pocket_ridge_S1	S1	RCSB-4UGY-EXI-KD	construct-001-c5158f5b655d	4.239577516576788	4.5968979426848575			0.7254901960784313	1.0
stratified_random_pair_5fold_non_headline	random-04	concat_gmolai_pocket_ridge_S1	S1	RCSB-4UG5-XFK-KD	construct-001-c5158f5b655d	5.298432014944073	5.146439386599588			0.8285714285714286	1.0
stratified_random_pair_5fold_non_headline	random-04	concat_gmolai_pocket_ridge_S1	S1	RCSB-4UGI-SKO-KD	construct-001-c5158f5b655d	4.73754891026957	4.629061821315224			0.6862745098039216	1.0
stratified_random_pair_5fold_non_headline	random-04	concat_gmolai_pocket_ridge_S1	S1	RCSB-4UGN-H49-KD	construct-001-c5158f5b655d	4.749579997691106	4.538802632378389			0.49122807017543857	1.0
stratified_random_pair_5fold_non_headline	random-04	concat_gmolai_pocket_ridge_S1	S1	RCSB-5MYG-LS8-KD	construct-002-cb5cf2af5e4a	7.508638306165727	5.113159708990652			0.24050632911392406	1.0
stratified_random_pair_5fold_non_headline	random-04	concat_gmolai_pocket_ridge_S1	S1	RCSB-5O55-9L5-KD	construct-002-cb5cf2af5e4a	4.698970004336019	4.973312984325041			0.3372093023255814	1.0
stratified_random_pair_5fold_non_headline	random-04	concat_gmolai_pocket_ridge_S1	S1	RCSB-5D7X-XZ8-KD	construct-002-cb5cf2af5e4a	4.823908740944319	4.429167313473394			0.2391304347826087	1.0
stratified_random_pair_5fold_non_headline	random-04	concat_gmolai_pocket_ridge_S1	S1	RCSB-6TPZ-NV2-KD	construct-003-fbf3f5c695a3	8.301029995663981	6.523906631080475			0.24096385542168675	1.0
stratified_random_pair_5fold_non_headline	random-04	concat_gmolai_pocket_ridge_S1	S1	RCSB-7MR9-ZMM-KD	construct-003-fbf3f5c695a3	6.474955192963154	5.938299572786463			0.4727272727272727	1.0
stratified_random_pair_5fold_non_headline	random-04	concat_gmolai_pocket_ridge_S1	S1	RCSB-5D3L-57F-KD	construct-003-fbf3f5c695a3	6.055517327849831	6.079315293652897			0.609375	1.0
stratified_random_pair_5fold_non_headline	random-04	concat_gmolai_pocket_ridge_S1	S1	RCSB-5O1E-9GT-KD	construct-004-a02c0b37ee39	4.481486060122113	4.327602608852391			0.6875	1.0
stratified_random_pair_5fold_non_headline	random-04	concat_gmolai_pocket_ridge_S1	S1	RCSB-5O1B-9H2-KD	construct-004-a02c0b37ee39	4.698970004336019	4.832735041862379			0.5526315789473685	1.0
stratified_random_pair_5fold_non_headline	random-04	concat_gmolai_pocket_ridge_S1	S1	RCSB-6RQD-KEW-KD	construct-005-6f4aa0a92e90	5.823908740944319	5.4717846052611385			0.6923076923076923	1.0
stratified_random_pair_5fold_non_headline	random-04	concat_gmolai_pocket_ridge_S1	S1	RCSB-6RQ5-KEB-KD	construct-005-6f4aa0a92e90	4.82102305270683	5.238743098078239			0.7567567567567568	1.0
stratified_random_pair_5fold_non_headline	random-04	concat_gmolai_pocket_ridge_S1	S1	RCSB-6U8O-Q1G-KD	construct-006-4c5802bc11cc	6.539102157243452	6.5728470606856035			0.421875	1.0
stratified_random_pair_5fold_non_headline	random-04	concat_gmolai_pocket_ridge_S1	S1	RCSB-6UHY-Q8G-KD	construct-006-4c5802bc11cc	1.6989700043360187	5.158463490853565			0.2545454545454545	1.0
stratified_random_pair_5fold_non_headline	random-04	negative_pocket_permuted_concat_gmolai_S0	S0_negative_control	RCSB-4UGY-EXI-KD	construct-001-c5158f5b655d	4.239577516576788	4.498523281086399			0.7254901960784313	1.0
stratified_random_pair_5fold_non_headline	random-04	negative_pocket_permuted_concat_gmolai_S0	S0_negative_control	RCSB-4UG5-XFK-KD	construct-001-c5158f5b655d	5.298432014944073	5.107292317811678			0.8285714285714286	1.0
stratified_random_pair_5fold_non_headline	random-04	negative_pocket_permuted_concat_gmolai_S0	S0_negative_control	RCSB-4UGI-SKO-KD	construct-001-c5158f5b655d	4.73754891026957	4.601395256826693			0.6862745098039216	1.0
stratified_random_pair_5fold_non_headline	random-04	negative_pocket_permuted_concat_gmolai_S0	S0_negative_control	RCSB-4UGN-H49-KD	construct-001-c5158f5b655d	4.749579997691106	4.492484821009863			0.49122807017543857	1.0
stratified_random_pair_5fold_non_headline	random-04	negative_pocket_permuted_concat_gmolai_S0	S0_negative_control	RCSB-5MYG-LS8-KD	construct-002-cb5cf2af5e4a	7.508638306165727	5.0995777691150925			0.24050632911392406	1.0
stratified_random_pair_5fold_non_headline	random-04	negative_pocket_permuted_concat_gmolai_S0	S0_negative_control	RCSB-5O55-9L5-KD	construct-002-cb5cf2af5e4a	4.698970004336019	5.029898389907088			0.3372093023255814	1.0
stratified_random_pair_5fold_non_headline	random-04	negative_pocket_permuted_concat_gmolai_S0	S0_negative_control	RCSB-5D7X-XZ8-KD	construct-002-cb5cf2af5e4a	4.823908740944319	4.429212349959382			0.2391304347826087	1.0
stratified_random_pair_5fold_non_headline	random-04	negative_pocket_permuted_concat_gmolai_S0	S0_negative_control	RCSB-6TPZ-NV2-KD	construct-003-fbf3f5c695a3	8.301029995663981	6.482003700976157			0.24096385542168675	1.0
stratified_random_pair_5fold_non_headline	random-04	negative_pocket_permuted_concat_gmolai_S0	S0_negative_control	RCSB-7MR9-ZMM-KD	construct-003-fbf3f5c695a3	6.474955192963154	5.841109183874868			0.4727272727272727	1.0
stratified_random_pair_5fold_non_headline	random-04	negative_pocket_permuted_concat_gmolai_S0	S0_negative_control	RCSB-5D3L-57F-KD	construct-003-fbf3f5c695a3	6.055517327849831	6.133981990039456			0.609375	1.0
stratified_random_pair_5fold_non_headline	random-04	negative_pocket_permuted_concat_gmolai_S0	S0_negative_control	RCSB-5O1E-9GT-KD	construct-004-a02c0b37ee39	4.481486060122113	4.343392960468881			0.6875	1.0
stratified_random_pair_5fold_non_headline	random-04	negative_pocket_permuted_concat_gmolai_S0	S0_negative_control	RCSB-5O1B-9H2-KD	construct-004-a02c0b37ee39	4.698970004336019	4.894729820157792			0.5526315789473685	1.0
stratified_random_pair_5fold_non_headline	random-04	negative_pocket_permuted_concat_gmolai_S0	S0_negative_control	RCSB-6RQD-KEW-KD	construct-005-6f4aa0a92e90	5.823908740944319	5.461770289899821			0.6923076923076923	1.0
stratified_random_pair_5fold_non_headline	random-04	negative_pocket_permuted_concat_gmolai_S0	S0_negative_control	RCSB-6RQ5-KEB-KD	construct-005-6f4aa0a92e90	4.82102305270683	5.267691149009243			0.7567567567567568	1.0
stratified_random_pair_5fold_non_headline	random-04	negative_pocket_permuted_concat_gmolai_S0	S0_negative_control	RCSB-6U8O-Q1G-KD	construct-006-4c5802bc11cc	6.539102157243452	6.533135445096188			0.421875	1.0
stratified_random_pair_5fold_non_headline	random-04	negative_pocket_permuted_concat_gmolai_S0	S0_negative_control	RCSB-6UHY-Q8G-KD	construct-006-4c5802bc11cc	1.6989700043360187	5.089319338453852			0.2545454545454545	1.0
stratified_random_pair_5fold_non_headline	random-04	additive_gmolai_pocket_equal_S0	S0	RCSB-4UGY-EXI-KD	construct-001-c5158f5b655d	4.239577516576788	4.587563226956341			0.7254901960784313	1.0
stratified_random_pair_5fold_non_headline	random-04	additive_gmolai_pocket_equal_S0	S0	RCSB-4UG5-XFK-KD	construct-001-c5158f5b655d	5.298432014944073	4.95965618806487			0.8285714285714286	1.0
stratified_random_pair_5fold_non_headline	random-04	additive_gmolai_pocket_equal_S0	S0	RCSB-4UGI-SKO-KD	construct-001-c5158f5b655d	4.73754891026957	4.656618150081341			0.6862745098039216	1.0
stratified_random_pair_5fold_non_headline	random-04	additive_gmolai_pocket_equal_S0	S0	RCSB-4UGN-H49-KD	construct-001-c5158f5b655d	4.749579997691106	4.604786292276375			0.49122807017543857	1.0
stratified_random_pair_5fold_non_headline	random-04	additive_gmolai_pocket_equal_S0	S0	RCSB-5MYG-LS8-KD	construct-002-cb5cf2af5e4a	7.508638306165727	4.906004218831554			0.24050632911392406	1.0
stratified_random_pair_5fold_non_headline	random-04	additive_gmolai_pocket_equal_S0	S0	RCSB-5O55-9L5-KD	construct-002-cb5cf2af5e4a	4.698970004336019	4.835149427846135			0.3372093023255814	1.0
stratified_random_pair_5fold_non_headline	random-04	additive_gmolai_pocket_equal_S0	S0	RCSB-5D7X-XZ8-KD	construct-002-cb5cf2af5e4a	4.823908740944319	4.669056312603193			0.2391304347826087	1.0
stratified_random_pair_5fold_non_headline	random-04	additive_gmolai_pocket_equal_S0	S0	RCSB-6TPZ-NV2-KD	construct-003-fbf3f5c695a3	8.301029995663981	5.87834068889204			0.24096385542168675	1.0
stratified_random_pair_5fold_non_headline	random-04	additive_gmolai_pocket_equal_S0	S0	RCSB-7MR9-ZMM-KD	construct-003-fbf3f5c695a3	6.474955192963154	5.506151120554506			0.4727272727272727	1.0
stratified_random_pair_5fold_non_headline	random-04	additive_gmolai_pocket_equal_S0	S0	RCSB-5D3L-57F-KD	construct-003-fbf3f5c695a3	6.055517327849831	6.1576762200697255			0.609375	1.0
stratified_random_pair_5fold_non_headline	random-04	additive_gmolai_pocket_equal_S0	S0	RCSB-5O1E-9GT-KD	construct-004-a02c0b37ee39	4.481486060122113	4.517887001154205			0.6875	1.0
stratified_random_pair_5fold_non_headline	random-04	additive_gmolai_pocket_equal_S0	S0	RCSB-5O1B-9H2-KD	construct-004-a02c0b37ee39	4.698970004336019	4.757426520600661			0.5526315789473685	1.0
stratified_random_pair_5fold_non_headline	random-04	additive_gmolai_pocket_equal_S0	S0	RCSB-6RQD-KEW-KD	construct-005-6f4aa0a92e90	5.823908740944319	5.400176112483255			0.6923076923076923	1.0
stratified_random_pair_5fold_non_headline	random-04	additive_gmolai_pocket_equal_S0	S0	RCSB-6RQ5-KEB-KD	construct-005-6f4aa0a92e90	4.82102305270683	5.374865538085443			0.7567567567567568	1.0
stratified_random_pair_5fold_non_headline	random-04	additive_gmolai_pocket_equal_S0	S0	RCSB-6U8O-Q1G-KD	construct-006-4c5802bc11cc	6.539102157243452	6.38316523040397			0.421875	1.0
stratified_random_pair_5fold_non_headline	random-04	additive_gmolai_pocket_equal_S0	S0	RCSB-6UHY-Q8G-KD	construct-006-4c5802bc11cc	1.6989700043360187	5.3185927715973325			0.2545454545454545	1.0
stratified_random_pair_5fold_non_headline	random-04	additive_gmolai_pocket_equal_S1	S1	RCSB-4UGY-EXI-KD	construct-001-c5158f5b655d	4.239577516576788	4.61197360355585			0.7254901960784313	1.0
stratified_random_pair_5fold_non_headline	random-04	additive_gmolai_pocket_equal_S1	S1	RCSB-4UG5-XFK-KD	construct-001-c5158f5b655d	5.298432014944073	4.936517986068183			0.8285714285714286	1.0
stratified_random_pair_5fold_non_headline	random-04	additive_gmolai_pocket_equal_S1	S1	RCSB-4UGI-SKO-KD	construct-001-c5158f5b655d	4.73754891026957	4.65537888658309			0.6862745098039216	1.0
stratified_random_pair_5fold_non_headline	random-04	additive_gmolai_pocket_equal_S1	S1	RCSB-4UGN-H49-KD	construct-001-c5158f5b655d	4.749579997691106	4.624618528897142			0.49122807017543857	1.0
stratified_random_pair_5fold_non_headline	random-04	additive_gmolai_pocket_equal_S1	S1	RCSB-5MYG-LS8-KD	construct-002-cb5cf2af5e4a	7.508638306165727	4.967883847826158			0.24050632911392406	1.0
stratified_random_pair_5fold_non_headline	random-04	additive_gmolai_pocket_equal_S1	S1	RCSB-5O55-9L5-KD	construct-002-cb5cf2af5e4a	4.698970004336019	4.836889852092721			0.3372093023255814	1.0
stratified_random_pair_5fold_non_headline	random-04	additive_gmolai_pocket_equal_S1	S1	RCSB-5D7X-XZ8-KD	construct-002-cb5cf2af5e4a	4.823908740944319	4.636287721149346			0.2391304347826087	1.0
stratified_random_pair_5fold_non_headline	random-04	additive_gmolai_pocket_equal_S1	S1	RCSB-6TPZ-NV2-KD	construct-003-fbf3f5c695a3	8.301029995663981	5.925482423751179			0.24096385542168675	1.0
stratified_random_pair_5fold_non_headline	random-04	additive_gmolai_pocket_equal_S1	S1	RCSB-7MR9-ZMM-KD	construct-003-fbf3f5c695a3	6.474955192963154	5.525910301670704			0.4727272727272727	1.0
stratified_random_pair_5fold_non_headline	random-04	additive_gmolai_pocket_equal_S1	S1	RCSB-5D3L-57F-KD	construct-003-fbf3f5c695a3	6.055517327849831	6.114364608722841			0.609375	1.0
stratified_random_pair_5fold_non_headline	random-04	additive_gmolai_pocket_equal_S1	S1	RCSB-5O1E-9GT-KD	construct-004-a02c0b37ee39	4.481486060122113	4.468527023167758			0.6875	1.0
stratified_random_pair_5fold_non_headline	random-04	additive_gmolai_pocket_equal_S1	S1	RCSB-5O1B-9H2-KD	construct-004-a02c0b37ee39	4.698970004336019	4.726474570663468			0.5526315789473685	1.0
stratified_random_pair_5fold_non_headline	random-04	additive_gmolai_pocket_equal_S1	S1	RCSB-6RQD-KEW-KD	construct-005-6f4aa0a92e90	5.823908740944319	5.393171765806949			0.6923076923076923	1.0
stratified_random_pair_5fold_non_headline	random-04	additive_gmolai_pocket_equal_S1	S1	RCSB-6RQ5-KEB-KD	construct-005-6f4aa0a92e90	4.82102305270683	5.357764623434945			0.7567567567567568	1.0
stratified_random_pair_5fold_non_headline	random-04	additive_gmolai_pocket_equal_S1	S1	RCSB-6U8O-Q1G-KD	construct-006-4c5802bc11cc	6.539102157243452	6.434834965124283			0.421875	1.0
stratified_random_pair_5fold_non_headline	random-04	additive_gmolai_pocket_equal_S1	S1	RCSB-6UHY-Q8G-KD	construct-006-4c5802bc11cc	1.6989700043360187	5.3582788548569065			0.2545454545454545	1.0
stratified_random_pair_5fold_non_headline	random-04	ligand_ecfp_knn	ligand_only	RCSB-4UGY-EXI-KD	construct-001-c5158f5b655d	4.239577516576788	4.6804450996165725	RCSB-4UGH-4V4-KD	0.7254901960784313	0.7254901960784313	1.0
stratified_random_pair_5fold_non_headline	random-04	ligand_ecfp_knn	ligand_only	RCSB-4UG5-XFK-KD	construct-001-c5158f5b655d	5.298432014944073	5.424349029786463	RCSB-4UG6-XFJ-KD	0.8285714285714286	0.8285714285714286	1.0
stratified_random_pair_5fold_non_headline	random-04	ligand_ecfp_knn	ligand_only	RCSB-4UGI-SKO-KD	construct-001-c5158f5b655d	4.73754891026957	4.334495158946507	RCSB-4UGH-4V4-KD	0.6862745098039216	0.6862745098039216	1.0
stratified_random_pair_5fold_non_headline	random-04	ligand_ecfp_knn	ligand_only	RCSB-4UGN-H49-KD	construct-001-c5158f5b655d	4.749579997691106	4.291899942314784	RCSB-4UGM-1QE-KD	0.49122807017543857	0.49122807017543857	1.0
stratified_random_pair_5fold_non_headline	random-04	ligand_ecfp_knn	ligand_only	RCSB-5MYG-LS8-KD	construct-002-cb5cf2af5e4a	7.508638306165727	5.667566048172353	RCSB-5OV8-AXN-KD	0.24050632911392406	0.24050632911392406	1.0
stratified_random_pair_5fold_non_headline	random-04	ligand_ecfp_knn	ligand_only	RCSB-5O55-9L5-KD	construct-002-cb5cf2af5e4a	4.698970004336019	4.354817427805606	RCSB-5O5F-9LT-KD	0.3372093023255814	0.3372093023255814	1.0
stratified_random_pair_5fold_non_headline	random-04	ligand_ecfp_knn	ligand_only	RCSB-5D7X-XZ8-KD	construct-002-cb5cf2af5e4a	4.823908740944319	5.0792784334626155	RCSB-5C87-4YS-KD	0.2391304347826087	0.2391304347826087	1.0
stratified_random_pair_5fold_non_headline	random-04	ligand_ecfp_knn	ligand_only	RCSB-6TPZ-NV2-KD	construct-003-fbf3f5c695a3	8.301029995663981	6.397776191624792	RCSB-5O4S-9KW-KD	0.24096385542168675	0.24096385542168675	1.0
stratified_random_pair_5fold_non_headline	random-04	ligand_ecfp_knn	ligand_only	RCSB-7MR9-ZMM-KD	construct-003-fbf3f5c695a3	6.474955192963154	6.487377531165219	RCSB-7MRA-ZMJ-KD	0.4727272727272727	0.4727272727272727	1.0
stratified_random_pair_5fold_non_headline	random-04	ligand_ecfp_knn	ligand_only	RCSB-5D3L-57F-KD	construct-003-fbf3f5c695a3	6.055517327849831	5.564909308458194	RCSB-5D26-L28-KD	0.609375	0.609375	1.0
stratified_random_pair_5fold_non_headline	random-04	ligand_ecfp_knn	ligand_only	RCSB-5O1E-9GT-KD	construct-004-a02c0b37ee39	4.481486060122113	4.416336221394548	RCSB-5O1D-9GW-KD	0.6875	0.6875	1.0
stratified_random_pair_5fold_non_headline	random-04	ligand_ecfp_knn	ligand_only	RCSB-5O1B-9H2-KD	construct-004-a02c0b37ee39	4.698970004336019	4.489821175869686	RCSB-5AOJ-Y0V-KD	0.5526315789473685	0.5526315789473685	1.0
stratified_random_pair_5fold_non_headline	random-04	ligand_ecfp_knn	ligand_only	RCSB-6RQD-KEW-KD	construct-005-6f4aa0a92e90	5.823908740944319	5.801413104617229	RCSB-6RQ0-KE2-KD	0.6923076923076923	0.6923076923076923	1.0
stratified_random_pair_5fold_non_headline	random-04	ligand_ecfp_knn	ligand_only	RCSB-6RQ5-KEB-KD	construct-005-6f4aa0a92e90	4.82102305270683	4.84366219070526	RCSB-6RQ0-KE2-KD	0.7567567567567568	0.7567567567567568	1.0
stratified_random_pair_5fold_non_headline	random-04	ligand_ecfp_knn	ligand_only	RCSB-6U8O-Q1G-KD	construct-006-4c5802bc11cc	6.539102157243452	6.596794235392304	RCSB-6U8L-Q1P-KD	0.421875	0.421875	1.0
stratified_random_pair_5fold_non_headline	random-04	ligand_ecfp_knn	ligand_only	RCSB-6UHY-Q8G-KD	construct-006-4c5802bc11cc	1.6989700043360187	5.538213834965001	RCSB-5DYA-5GV-KD	0.2545454545454545	0.2545454545454545	1.0
stratified_random_pair_5fold_non_headline	random-04	ligand_gmolai_knn	ligand_only	RCSB-4UGY-EXI-KD	construct-001-c5158f5b655d	4.239577516576788	4.923870483878963	RCSB-4UGH-4V4-KD	0.942035277616118	0.7254901960784313	1.0
stratified_random_pair_5fold_non_headline	random-04	ligand_gmolai_knn	ligand_only	RCSB-4UG5-XFK-KD	construct-001-c5158f5b655d	5.298432014944073	5.33881888017103	RCSB-4UG6-XFJ-KD	0.9990614683345391	0.8285714285714286	1.0
stratified_random_pair_5fold_non_headline	random-04	ligand_gmolai_knn	ligand_only	RCSB-4UGI-SKO-KD	construct-001-c5158f5b655d	4.73754891026957	4.820013161733201	RCSB-4UGH-4V4-KD	0.9229551318017711	0.6862745098039216	1.0
stratified_random_pair_5fold_non_headline	random-04	ligand_gmolai_knn	ligand_only	RCSB-4UGN-H49-KD	construct-001-c5158f5b655d	4.749579997691106	4.408126962565741	RCSB-4UGR-6E5-KD	0.7035196211418857	0.49122807017543857	1.0
stratified_random_pair_5fold_non_headline	random-04	ligand_gmolai_knn	ligand_only	RCSB-5MYG-LS8-KD	construct-002-cb5cf2af5e4a	7.508638306165727	5.45894997668856	RCSB-7MRA-ZMJ-KD	0.7076357112919951	0.24050632911392406	1.0
stratified_random_pair_5fold_non_headline	random-04	ligand_gmolai_knn	ligand_only	RCSB-5O55-9L5-KD	construct-002-cb5cf2af5e4a	4.698970004336019	4.986885745280583	RCSB-5EGU-5NQ-KD	0.6797614928947942	0.3372093023255814	1.0
stratified_random_pair_5fold_non_headline	random-04	ligand_gmolai_knn	ligand_only	RCSB-5D7X-XZ8-KD	construct-002-cb5cf2af5e4a	4.823908740944319	5.226917343237344	RCSB-7MRA-ZMJ-KD	0.7600697396268	0.2391304347826087	1.0
stratified_random_pair_5fold_non_headline	random-04	ligand_gmolai_knn	ligand_only	RCSB-6TPZ-NV2-KD	construct-003-fbf3f5c695a3	8.301029995663981	5.235730481152452	RCSB-5O4S-9KW-KD	0.7315817725367668	0.24096385542168675	1.0
stratified_random_pair_5fold_non_headline	random-04	ligand_gmolai_knn	ligand_only	RCSB-7MR9-ZMM-KD	construct-003-fbf3f5c695a3	6.474955192963154	5.346041075633844	RCSB-7MRA-ZMJ-KD	0.8142773565943568	0.4727272727272727	1.0
stratified_random_pair_5fold_non_headline	random-04	ligand_gmolai_knn	ligand_only	RCSB-5D3L-57F-KD	construct-003-fbf3f5c695a3	6.055517327849831	5.462145207929613	RCSB-5D26-L28-KD	0.9291343186449423	0.609375	1.0
stratified_random_pair_5fold_non_headline	random-04	ligand_gmolai_knn	ligand_only	RCSB-5O1E-9GT-KD	construct-004-a02c0b37ee39	4.481486060122113	4.726760360350389	RCSB-5O1D-9GW-KD	0.9437689319603574	0.6875	1.0
stratified_random_pair_5fold_non_headline	random-04	ligand_gmolai_knn	ligand_only	RCSB-5O1B-9H2-KD	construct-004-a02c0b37ee39	4.698970004336019	4.544926264684668	RCSB-5AOJ-Y0V-KD	0.840602503582806	0.5526315789473685	1.0
stratified_random_pair_5fold_non_headline	random-04	ligand_gmolai_knn	ligand_only	RCSB-6RQD-KEW-KD	construct-005-6f4aa0a92e90	5.823908740944319	5.931636155843633	RCSB-6RQB-Q47-KD	0.9892475107095311	0.6923076923076923	1.0
stratified_random_pair_5fold_non_headline	random-04	ligand_gmolai_knn	ligand_only	RCSB-6RQ5-KEB-KD	construct-005-6f4aa0a92e90	4.82102305270683	4.769830511348581	RCSB-6RQ3-OUC-KD	0.9952585219425788	0.7567567567567568	1.0
stratified_random_pair_5fold_non_headline	random-04	ligand_gmolai_knn	ligand_only	RCSB-6U8O-Q1G-KD	construct-006-4c5802bc11cc	6.539102157243452	6.771702904001329	RCSB-6U8L-Q1P-KD	0.7881305153106075	0.421875	1.0
stratified_random_pair_5fold_non_headline	random-04	ligand_gmolai_knn	ligand_only	RCSB-6UHY-Q8G-KD	construct-006-4c5802bc11cc	1.6989700043360187	3.8039888754629145	RCSB-5EWH-5SG-KD	0.5150628348908991	0.2545454545454545	1.0
stratified_random_pair_5fold_non_headline	random-04	protein_sequence_identity_knn	sequence_only	RCSB-4UGY-EXI-KD	construct-001-c5158f5b655d	4.239577516576788	5.756115056354644	RCSB-4UG6-XFJ-KD	1.0	0.7254901960784313	1.0
stratified_random_pair_5fold_non_headline	random-04	protein_sequence_identity_knn	sequence_only	RCSB-4UG5-XFK-KD	construct-001-c5158f5b655d	5.298432014944073	5.756115056354644	RCSB-4UG6-XFJ-KD	1.0	0.8285714285714286	1.0
stratified_random_pair_5fold_non_headline	random-04	protein_sequence_identity_knn	sequence_only	RCSB-4UGI-SKO-KD	construct-001-c5158f5b655d	4.73754891026957	5.756115056354644	RCSB-4UG6-XFJ-KD	1.0	0.6862745098039216	1.0
stratified_random_pair_5fold_non_headline	random-04	protein_sequence_identity_knn	sequence_only	RCSB-4UGN-H49-KD	construct-001-c5158f5b655d	4.749579997691106	5.756115056354644	RCSB-4UG6-XFJ-KD	1.0	0.49122807017543857	1.0
stratified_random_pair_5fold_non_headline	random-04	protein_sequence_identity_knn	sequence_only	RCSB-5MYG-LS8-KD	construct-002-cb5cf2af5e4a	7.508638306165727	3.792250236534033	RCSB-5C85-4YO-KD	1.0	0.24050632911392406	1.0
stratified_random_pair_5fold_non_headline	random-04	protein_sequence_identity_knn	sequence_only	RCSB-5O55-9L5-KD	construct-002-cb5cf2af5e4a	4.698970004336019	3.792250236534033	RCSB-5C85-4YO-KD	1.0	0.3372093023255814	1.0
stratified_random_pair_5fold_non_headline	random-04	protein_sequence_identity_knn	sequence_only	RCSB-5D7X-XZ8-KD	construct-002-cb5cf2af5e4a	4.823908740944319	3.792250236534033	RCSB-5C85-4YO-KD	1.0	0.2391304347826087	1.0
stratified_random_pair_5fold_non_headline	random-04	protein_sequence_identity_knn	sequence_only	RCSB-6TPZ-NV2-KD	construct-003-fbf3f5c695a3	8.301029995663981	6.595588673878084	RCSB-4O76-1M3-KD	1.0	0.24096385542168675	1.0
stratified_random_pair_5fold_non_headline	random-04	protein_sequence_identity_knn	sequence_only	RCSB-7MR9-ZMM-KD	construct-003-fbf3f5c695a3	6.474955192963154	6.595588673878084	RCSB-4O76-1M3-KD	1.0	0.4727272727272727	1.0
stratified_random_pair_5fold_non_headline	random-04	protein_sequence_identity_knn	sequence_only	RCSB-5D3L-57F-KD	construct-003-fbf3f5c695a3	6.055517327849831	6.595588673878084	RCSB-4O76-1M3-KD	1.0	0.609375	1.0
stratified_random_pair_5fold_non_headline	random-04	protein_sequence_identity_knn	sequence_only	RCSB-5O1E-9GT-KD	construct-004-a02c0b37ee39	4.481486060122113	4.5415674205942205	RCSB-4AGQ-P96-KD	1.0	0.6875	1.0
stratified_random_pair_5fold_non_headline	random-04	protein_sequence_identity_knn	sequence_only	RCSB-5O1B-9H2-KD	construct-004-a02c0b37ee39	4.698970004336019	4.5415674205942205	RCSB-4AGQ-P96-KD	1.0	0.5526315789473685	1.0
stratified_random_pair_5fold_non_headline	random-04	protein_sequence_identity_knn	sequence_only	RCSB-6RQD-KEW-KD	construct-005-6f4aa0a92e90	5.823908740944319	4.786241414256029	RCSB-6RQ0-KE2-KD	1.0	0.6923076923076923	1.0
stratified_random_pair_5fold_non_headline	random-04	protein_sequence_identity_knn	sequence_only	RCSB-6RQ5-KEB-KD	construct-005-6f4aa0a92e90	4.82102305270683	4.786241414256029	RCSB-6RQ0-KE2-KD	1.0	0.7567567567567568	1.0
stratified_random_pair_5fold_non_headline	random-04	protein_sequence_identity_knn	sequence_only	RCSB-6U8O-Q1G-KD	construct-006-4c5802bc11cc	6.539102157243452	6.658256782604089	RCSB-6U5M-Q0S-KD	1.0	0.421875	1.0
stratified_random_pair_5fold_non_headline	random-04	protein_sequence_identity_knn	sequence_only	RCSB-6UHY-Q8G-KD	construct-006-4c5802bc11cc	1.6989700043360187	6.658256782604089	RCSB-6U5M-Q0S-KD	1.0	0.2545454545454545	1.0
stratified_random_pair_5fold_non_headline	random-04	pocket_structure_knn_S0	S0	RCSB-4UGY-EXI-KD	construct-001-c5158f5b655d	4.239577516576788	4.03836649214791	RCSB-4UGM-1QE-KD	0.9269500287752798	0.7254901960784313	1.0
stratified_random_pair_5fold_non_headline	random-04	pocket_structure_knn_S0	S0	RCSB-4UG5-XFK-KD	construct-001-c5158f5b655d	5.298432014944073	4.628192529277431	RCSB-4UGB-QJ7-KD	0.8787225638827494	0.8285714285714286	1.0
stratified_random_pair_5fold_non_headline	random-04	pocket_structure_knn_S0	S0	RCSB-4UGI-SKO-KD	construct-001-c5158f5b655d	4.73754891026957	4.115169526476211	RCSB-4UGB-QJ7-KD	0.9112673598603028	0.6862745098039216	1.0
stratified_random_pair_5fold_non_headline	random-04	pocket_structure_knn_S0	S0	RCSB-4UGN-H49-KD	construct-001-c5158f5b655d	4.749579997691106	4.486699139828097	RCSB-4UGL-S90-KD	0.9585959821184706	0.49122807017543857	1.0
stratified_random_pair_5fold_non_headline	random-04	pocket_structure_knn_S0	S0	RCSB-5MYG-LS8-KD	construct-002-cb5cf2af5e4a	7.508638306165727	4.055555955747574	RCSB-5O5F-9LT-KD	0.7841274192204096	0.24050632911392406	1.0
stratified_random_pair_5fold_non_headline	random-04	pocket_structure_knn_S0	S0	RCSB-5O55-9L5-KD	construct-002-cb5cf2af5e4a	4.698970004336019	4.249344965338441	RCSB-5O5F-9LT-KD	0.8591744177074635	0.3372093023255814	1.0
stratified_random_pair_5fold_non_headline	random-04	pocket_structure_knn_S0	S0	RCSB-5D7X-XZ8-KD	construct-002-cb5cf2af5e4a	4.823908740944319	3.9480232277207348	RCSB-5EWD-5SH-KD	0.8932314326852995	0.2391304347826087	1.0
stratified_random_pair_5fold_non_headline	random-04	pocket_structure_knn_S0	S0	RCSB-6TPZ-NV2-KD	construct-003-fbf3f5c695a3	8.301029995663981	5.870342391066202	RCSB-6FSY-E5Q-KD	0.884987410066799	0.24096385542168675	1.0
stratified_random_pair_5fold_non_headline	random-04	pocket_structure_knn_S0	S0	RCSB-7MR9-ZMM-KD	construct-003-fbf3f5c695a3	6.474955192963154	6.300423315621165	RCSB-5D26-L28-KD	0.8981814510120465	0.4727272727272727	1.0
stratified_random_pair_5fold_non_headline	random-04	pocket_structure_knn_S0	S0	RCSB-5D3L-57F-KD	construct-003-fbf3f5c695a3	6.055517327849831	6.283775783824134	RCSB-5EIS-5OU-KD	0.8884682543521745	0.609375	1.0
stratified_random_pair_5fold_non_headline	random-04	pocket_structure_knn_S0	S0	RCSB-5O1E-9GT-KD	construct-004-a02c0b37ee39	4.481486060122113	4.492829719720266	RCSB-5AOJ-Y0V-KD	0.9825508883408335	0.6875	1.0
stratified_random_pair_5fold_non_headline	random-04	pocket_structure_knn_S0	S0	RCSB-5O1B-9H2-KD	construct-004-a02c0b37ee39	4.698970004336019	4.178143079585333	RCSB-5O1G-9GK-KD	0.9824137649708358	0.5526315789473685	1.0
stratified_random_pair_5fold_non_headline	random-04	pocket_structure_knn_S0	S0	RCSB-6RQD-KEW-KD	construct-005-6f4aa0a92e90	5.823908740944319	5.95267261081631	RCSB-6RQB-Q47-KD	0.9933427814577119	0.6923076923076923	1.0
stratified_random_pair_5fold_non_headline	random-04	pocket_structure_knn_S0	S0	RCSB-6RQ5-KEB-KD	construct-005-6f4aa0a92e90	4.82102305270683	5.9256321667785805	RCSB-6RQ8-KEH-KD	0.9273698626337394	0.7567567567567568	1.0
stratified_random_pair_5fold_non_headline	random-04	pocket_structure_knn_S0	S0	RCSB-6U8O-Q1G-KD	construct-006-4c5802bc11cc	6.539102157243452	6.763157546421019	RCSB-6U8L-Q1P-KD	0.8299347339144933	0.421875	1.0
stratified_random_pair_5fold_non_headline	random-04	pocket_structure_knn_S0	S0	RCSB-6UHY-Q8G-KD	construct-006-4c5802bc11cc	1.6989700043360187	6.544368219891963	RCSB-6UIK-Q8M-KD	0.8455108866464021	0.2545454545454545	1.0
stratified_random_pair_5fold_non_headline	random-04	two_sided_ecfp_pocket_knn_S0	S0	RCSB-4UGY-EXI-KD	construct-001-c5158f5b655d	4.239577516576788	4.672537898961542	RCSB-4UGH-4V4-KD	0.7966522914188703	0.7254901960784313	1.0
stratified_random_pair_5fold_non_headline	random-04	two_sided_ecfp_pocket_knn_S0	S0	RCSB-4UG5-XFK-KD	construct-001-c5158f5b655d	5.298432014944073	5.382305872147761	RCSB-4UG6-XFJ-KD	0.8449969226207834	0.8285714285714286	1.0
stratified_random_pair_5fold_non_headline	random-04	two_sided_ecfp_pocket_knn_S0	S0	RCSB-4UGI-SKO-KD	construct-001-c5158f5b655d	4.73754891026957	4.597796991041503	RCSB-4UGH-4V4-KD	0.7775910730183816	0.6862745098039216	1.0
stratified_random_pair_5fold_non_headline	random-04	two_sided_ecfp_pocket_knn_S0	S0	RCSB-4UGN-H49-KD	construct-001-c5158f5b655d	4.749579997691106	4.393100294664299	RCSB-4UGM-1QE-KD	0.6434097326705893	0.49122807017543857	1.0
stratified_random_pair_5fold_non_headline	random-04	two_sided_ecfp_pocket_knn_S0	S0	RCSB-5MYG-LS8-KD	construct-002-cb5cf2af5e4a	7.508638306165727	4.960762868651227	RCSB-5OV8-AXN-KD	0.41624218947303504	0.24050632911392406	1.0
stratified_random_pair_5fold_non_headline	random-04	two_sided_ecfp_pocket_knn_S0	S0	RCSB-5O55-9L5-KD	construct-002-cb5cf2af5e4a	4.698970004336019	4.312176441662965	RCSB-5O5F-9LT-KD	0.5382579362825237	0.3372093023255814	1.0
stratified_random_pair_5fold_non_headline	random-04	two_sided_ecfp_pocket_knn_S0	S0	RCSB-5D7X-XZ8-KD	construct-002-cb5cf2af5e4a	4.823908740944319	4.245381258690804	RCSB-5C87-4YS-KD	0.44399245868940257	0.2391304347826087	1.0
stratified_random_pair_5fold_non_headline	random-04	two_sided_ecfp_pocket_knn_S0	S0	RCSB-6TPZ-NV2-KD	construct-003-fbf3f5c695a3	8.301029995663981	6.932050342223726	RCSB-7MRA-ZMJ-KD	0.39656413624531117	0.24096385542168675	1.0
stratified_random_pair_5fold_non_headline	random-04	two_sided_ecfp_pocket_knn_S0	S0	RCSB-7MR9-ZMM-KD	construct-003-fbf3f5c695a3	6.474955192963154	7.002239548143564	RCSB-7MRA-ZMJ-KD	0.6471016588852038	0.4727272727272727	1.0
stratified_random_pair_5fold_non_headline	random-04	two_sided_ecfp_pocket_knn_S0	S0	RCSB-5D3L-57F-KD	construct-003-fbf3f5c695a3	6.055517327849831	5.479367229807139	RCSB-5D26-L28-KD	0.7344017879857558	0.609375	1.0
stratified_random_pair_5fold_non_headline	random-04	two_sided_ecfp_pocket_knn_S0	S0	RCSB-5O1E-9GT-KD	construct-004-a02c0b37ee39	4.481486060122113	4.419503326022859	RCSB-5O1D-9GW-KD	0.801811673391454	0.6875	1.0
stratified_random_pair_5fold_non_headline	random-04	two_sided_ecfp_pocket_knn_S0	S0	RCSB-5O1B-9H2-KD	construct-004-a02c0b37ee39	4.698970004336019	4.250049963998158	RCSB-5AOJ-Y0V-KD	0.7240873425366487	0.5526315789473685	1.0
stratified_random_pair_5fold_non_headline	random-04	two_sided_ecfp_pocket_knn_S0	S0	RCSB-6RQD-KEW-KD	construct-005-6f4aa0a92e90	5.823908740944319	5.940217471253112	RCSB-6RQB-Q47-KD	0.8292760991982664	0.6923076923076923	1.0
stratified_random_pair_5fold_non_headline	random-04	two_sided_ecfp_pocket_knn_S0	S0	RCSB-6RQ5-KEB-KD	construct-005-6f4aa0a92e90	4.82102305270683	4.8109457153621875	RCSB-6RQ0-KE2-KD	0.8109061940255936	0.7567567567567568	1.0
stratified_random_pair_5fold_non_headline	random-04	two_sided_ecfp_pocket_knn_S0	S0	RCSB-6U8O-Q1G-KD	construct-006-4c5802bc11cc	6.539102157243452	6.573922696192989	RCSB-6U8L-Q1P-KD	0.5917167530754701	0.421875	1.0
stratified_random_pair_5fold_non_headline	random-04	two_sided_ecfp_pocket_knn_S0	S0	RCSB-6UHY-Q8G-KD	construct-006-4c5802bc11cc	1.6989700043360187	6.701902749521968	RCSB-6UIK-Q8M-KD	0.45273870627184454	0.2545454545454545	1.0
stratified_random_pair_5fold_non_headline	random-04	pocket_structure_knn_S1	S1	RCSB-4UGY-EXI-KD	construct-001-c5158f5b655d	4.239577516576788	5.756115056354644	RCSB-4UG6-XFJ-KD	1.0	0.7254901960784313	1.0
stratified_random_pair_5fold_non_headline	random-04	pocket_structure_knn_S1	S1	RCSB-4UG5-XFK-KD	construct-001-c5158f5b655d	5.298432014944073	5.756115056354644	RCSB-4UG6-XFJ-KD	1.0	0.8285714285714286	1.0
stratified_random_pair_5fold_non_headline	random-04	pocket_structure_knn_S1	S1	RCSB-4UGI-SKO-KD	construct-001-c5158f5b655d	4.73754891026957	5.756115056354644	RCSB-4UG6-XFJ-KD	1.0	0.6862745098039216	1.0
stratified_random_pair_5fold_non_headline	random-04	pocket_structure_knn_S1	S1	RCSB-4UGN-H49-KD	construct-001-c5158f5b655d	4.749579997691106	5.756115056354644	RCSB-4UG6-XFJ-KD	1.0	0.49122807017543857	1.0
stratified_random_pair_5fold_non_headline	random-04	pocket_structure_knn_S1	S1	RCSB-5MYG-LS8-KD	construct-002-cb5cf2af5e4a	7.508638306165727	3.792250236534033	RCSB-5C85-4YO-KD	1.0	0.24050632911392406	1.0
stratified_random_pair_5fold_non_headline	random-04	pocket_structure_knn_S1	S1	RCSB-5O55-9L5-KD	construct-002-cb5cf2af5e4a	4.698970004336019	3.792250236534033	RCSB-5C85-4YO-KD	1.0	0.3372093023255814	1.0
stratified_random_pair_5fold_non_headline	random-04	pocket_structure_knn_S1	S1	RCSB-5D7X-XZ8-KD	construct-002-cb5cf2af5e4a	4.823908740944319	3.792250236534033	RCSB-5C85-4YO-KD	1.0	0.2391304347826087	1.0
stratified_random_pair_5fold_non_headline	random-04	pocket_structure_knn_S1	S1	RCSB-6TPZ-NV2-KD	construct-003-fbf3f5c695a3	8.301029995663981	6.595588673878084	RCSB-4O76-1M3-KD	1.0	0.24096385542168675	1.0
stratified_random_pair_5fold_non_headline	random-04	pocket_structure_knn_S1	S1	RCSB-7MR9-ZMM-KD	construct-003-fbf3f5c695a3	6.474955192963154	6.595588673878084	RCSB-4O76-1M3-KD	1.0	0.4727272727272727	1.0
stratified_random_pair_5fold_non_headline	random-04	pocket_structure_knn_S1	S1	RCSB-5D3L-57F-KD	construct-003-fbf3f5c695a3	6.055517327849831	6.595588673878084	RCSB-4O76-1M3-KD	1.0	0.609375	1.0
stratified_random_pair_5fold_non_headline	random-04	pocket_structure_knn_S1	S1	RCSB-5O1E-9GT-KD	construct-004-a02c0b37ee39	4.481486060122113	4.5415674205942205	RCSB-4AGQ-P96-KD	1.0	0.6875	1.0
stratified_random_pair_5fold_non_headline	random-04	pocket_structure_knn_S1	S1	RCSB-5O1B-9H2-KD	construct-004-a02c0b37ee39	4.698970004336019	4.5415674205942205	RCSB-4AGQ-P96-KD	1.0	0.5526315789473685	1.0
stratified_random_pair_5fold_non_headline	random-04	pocket_structure_knn_S1	S1	RCSB-6RQD-KEW-KD	construct-005-6f4aa0a92e90	5.823908740944319	4.786241414256029	RCSB-6RQ0-KE2-KD	1.0	0.6923076923076923	1.0
stratified_random_pair_5fold_non_headline	random-04	pocket_structure_knn_S1	S1	RCSB-6RQ5-KEB-KD	construct-005-6f4aa0a92e90	4.82102305270683	4.786241414256029	RCSB-6RQ0-KE2-KD	1.0	0.7567567567567568	1.0
stratified_random_pair_5fold_non_headline	random-04	pocket_structure_knn_S1	S1	RCSB-6U8O-Q1G-KD	construct-006-4c5802bc11cc	6.539102157243452	6.658256782604089	RCSB-6U5M-Q0S-KD	1.0	0.421875	1.0
stratified_random_pair_5fold_non_headline	random-04	pocket_structure_knn_S1	S1	RCSB-6UHY-Q8G-KD	construct-006-4c5802bc11cc	1.6989700043360187	6.658256782604089	RCSB-6U5M-Q0S-KD	1.0	0.2545454545454545	1.0
stratified_random_pair_5fold_non_headline	random-04	two_sided_ecfp_pocket_knn_S1	S1	RCSB-4UGY-EXI-KD	construct-001-c5158f5b655d	4.239577516576788	4.688831522940508	RCSB-4UGH-4V4-KD	0.851757122704842	0.7254901960784313	1.0
stratified_random_pair_5fold_non_headline	random-04	two_sided_ecfp_pocket_knn_S1	S1	RCSB-4UG5-XFK-KD	construct-001-c5158f5b655d	5.298432014944073	5.37810260006193	RCSB-4UG6-XFJ-KD	0.9102589898327995	0.8285714285714286	1.0
stratified_random_pair_5fold_non_headline	random-04	two_sided_ecfp_pocket_knn_S1	S1	RCSB-4UGI-SKO-KD	construct-001-c5158f5b655d	4.73754891026957	4.3489820179392185	RCSB-4UGH-4V4-KD	0.828416869579514	0.6862745098039216	1.0
stratified_random_pair_5fold_non_headline	random-04	two_sided_ecfp_pocket_knn_S1	S1	RCSB-4UGN-H49-KD	construct-001-c5158f5b655d	4.749579997691106	4.290431868099301	RCSB-4UGM-1QE-KD	0.7008766440504623	0.49122807017543857	1.0
stratified_random_pair_5fold_non_headline	random-04	two_sided_ecfp_pocket_knn_S1	S1	RCSB-5MYG-LS8-KD	construct-002-cb5cf2af5e4a	7.508638306165727	4.981759584935	RCSB-5OV8-AXN-KD	0.49041444627368397	0.24050632911392406	1.0
stratified_random_pair_5fold_non_headline	random-04	two_sided_ecfp_pocket_knn_S1	S1	RCSB-5O55-9L5-KD	construct-002-cb5cf2af5e4a	4.698970004336019	4.313494491921868	RCSB-5O5F-9LT-KD	0.5806972553108731	0.3372093023255814	1.0
stratified_random_pair_5fold_non_headline	random-04	two_sided_ecfp_pocket_knn_S1	S1	RCSB-5D7X-XZ8-KD	construct-002-cb5cf2af5e4a	4.823908740944319	4.253476492749997	RCSB-5C87-4YS-KD	0.48900964692182575	0.2391304347826087	1.0
stratified_random_pair_5fold_non_headline	random-04	two_sided_ecfp_pocket_knn_S1	S1	RCSB-6TPZ-NV2-KD	construct-003-fbf3f5c695a3	8.301029995663981	6.931711363810549	RCSB-4O76-1M3-KD	0.45199676466631616	0.24096385542168675	1.0
stratified_random_pair_5fold_non_headline	random-04	two_sided_ecfp_pocket_knn_S1	S1	RCSB-7MR9-ZMM-KD	construct-003-fbf3f5c695a3	6.474955192963154	6.9953834284661545	RCSB-7MRA-ZMJ-KD	0.6875516509523286	0.4727272727272727	1.0
stratified_random_pair_5fold_non_headline	random-04	two_sided_ecfp_pocket_knn_S1	S1	RCSB-5D3L-57F-KD	construct-003-fbf3f5c695a3	6.055517327849831	5.43877372566103	RCSB-5D26-L28-KD	0.7806247497997998	0.609375	1.0
stratified_random_pair_5fold_non_headline	random-04	two_sided_ecfp_pocket_knn_S1	S1	RCSB-5O1E-9GT-KD	construct-004-a02c0b37ee39	4.481486060122113	4.419373307721864	RCSB-5O1D-9GW-KD	0.82915619758885	0.6875	1.0
stratified_random_pair_5fold_non_headline	random-04	two_sided_ecfp_pocket_knn_S1	S1	RCSB-5O1B-9H2-KD	construct-004-a02c0b37ee39	4.698970004336019	4.4573364560886075	RCSB-5AOJ-Y0V-KD	0.7433919416750282	0.5526315789473685	1.0
stratified_random_pair_5fold_non_headline	random-04	two_sided_ecfp_pocket_knn_S1	S1	RCSB-6RQD-KEW-KD	construct-005-6f4aa0a92e90	5.823908740944319	5.801413104617229	RCSB-6RQ0-KE2-KD	0.8320502943378437	0.6923076923076923	1.0
stratified_random_pair_5fold_non_headline	random-04	two_sided_ecfp_pocket_knn_S1	S1	RCSB-6RQ5-KEB-KD	construct-005-6f4aa0a92e90	4.82102305270683	4.8145956979421625	RCSB-6RQ0-KE2-KD	0.86991767240168	0.7567567567567568	1.0
stratified_random_pair_5fold_non_headline	random-04	two_sided_ecfp_pocket_knn_S1	S1	RCSB-6U8O-Q1G-KD	construct-006-4c5802bc11cc	6.539102157243452	6.566010610902865	RCSB-6U8L-Q1P-KD	0.649519052838329	0.421875	1.0
stratified_random_pair_5fold_non_headline	random-04	two_sided_ecfp_pocket_knn_S1	S1	RCSB-6UHY-Q8G-KD	construct-006-4c5802bc11cc	1.6989700043360187	6.643347922621748	RCSB-6UIK-Q8M-KD	0.49236596391733095	0.2545454545454545	1.0
stratified_random_pair_5fold_non_headline	random-05	global_train_mean	no_input	RCSB-4UG6-XFJ-KD	construct-001-c5158f5b655d	5.571865205971211	5.051873674064451			0.8285714285714286	1.0
stratified_random_pair_5fold_non_headline	random-05	global_train_mean	no_input	RCSB-4UG7-1EV-KD	construct-001-c5158f5b655d	5.349692476868063	5.051873674064451			0.5813953488372093	1.0
stratified_random_pair_5fold_non_headline	random-05	global_train_mean	no_input	RCSB-4UGG-S5D-KD	construct-001-c5158f5b655d	4.59176003468815	5.051873674064451			0.509090909090909	1.0
stratified_random_pair_5fold_non_headline	random-05	global_train_mean	no_input	RCSB-5C85-4YO-KD	construct-002-cb5cf2af5e4a	3.9788107009300617	5.051873674064451			0.275	1.0
stratified_random_pair_5fold_non_headline	random-05	global_train_mean	no_input	RCSB-5C87-4YS-KD	construct-002-cb5cf2af5e4a	3.6989700043360187	5.051873674064451			0.2391304347826087	1.0
stratified_random_pair_5fold_non_headline	random-05	global_train_mean	no_input	RCSB-5DY7-5GT-KD	construct-002-cb5cf2af5e4a	3.6989700043360187	5.051873674064451			0.25	1.0
stratified_random_pair_5fold_non_headline	random-05	global_train_mean	no_input	RCSB-5OV8-AXN-KD	construct-002-cb5cf2af5e4a	4.7447274948966935	5.051873674064451			0.5737704918032787	1.0
stratified_random_pair_5fold_non_headline	random-05	global_train_mean	no_input	RCSB-7MRA-ZMJ-KD	construct-003-fbf3f5c695a3	7.086186147616283	5.051873674064451			0.4727272727272727	1.0
stratified_random_pair_5fold_non_headline	random-05	global_train_mean	no_input	RCSB-5D26-L28-KD	construct-003-fbf3f5c695a3	6.0915149811213505	5.051873674064451			0.609375	1.0
stratified_random_pair_5fold_non_headline	random-05	global_train_mean	no_input	RCSB-6Q3Y-HG5-KD	construct-003-fbf3f5c695a3	7.267606240177031	5.051873674064451			0.7625	1.0
stratified_random_pair_5fold_non_headline	random-05	global_train_mean	no_input	RCSB-4AGQ-P96-KD	construct-004-a02c0b37ee39	5.0	5.051873674064451			0.18571428571428572	1.0
stratified_random_pair_5fold_non_headline	random-05	global_train_mean	no_input	RCSB-5O1I-9GH-KD	construct-004-a02c0b37ee39	5.3979400086720375	5.051873674064451			0.3870967741935484	1.0
stratified_random_pair_5fold_non_headline	random-05	global_train_mean	no_input	RCSB-6RQB-Q47-KD	construct-005-6f4aa0a92e90	6.337242168318426	5.051873674064451			0.6923076923076923	1.0
stratified_random_pair_5fold_non_headline	random-05	global_train_mean	no_input	RCSB-6RQ1-KE5-KD	construct-005-6f4aa0a92e90	4.400116927926312	5.051873674064451			0.717948717948718	1.0
stratified_random_pair_5fold_non_headline	random-05	global_train_mean	no_input	RCSB-6UIK-Q8M-KD	construct-006-4c5802bc11cc	6.3979400086720375	5.051873674064451			0.6551724137931034	1.0
stratified_random_pair_5fold_non_headline	random-05	global_train_mean	no_input	RCSB-6UIF-Q8P-KD	construct-006-4c5802bc11cc	6.769551078621726	5.051873674064451			0.7457627118644068	1.0
stratified_random_pair_5fold_non_headline	random-05	target_mean_or_global_fallback	target_identity	RCSB-4UG6-XFJ-KD	construct-001-c5158f5b655d	5.571865205971211	4.56217035214098			0.8285714285714286	1.0
stratified_random_pair_5fold_non_headline	random-05	target_mean_or_global_fallback	target_identity	RCSB-4UG7-1EV-KD	construct-001-c5158f5b655d	5.349692476868063	4.56217035214098			0.5813953488372093	1.0
stratified_random_pair_5fold_non_headline	random-05	target_mean_or_global_fallback	target_identity	RCSB-4UGG-S5D-KD	construct-001-c5158f5b655d	4.59176003468815	4.56217035214098			0.509090909090909	1.0
stratified_random_pair_5fold_non_headline	random-05	target_mean_or_global_fallback	target_identity	RCSB-5C85-4YO-KD	construct-002-cb5cf2af5e4a	3.9788107009300617	4.477115530423993			0.275	1.0
stratified_random_pair_5fold_non_headline	random-05	target_mean_or_global_fallback	target_identity	RCSB-5C87-4YS-KD	construct-002-cb5cf2af5e4a	3.6989700043360187	4.477115530423993			0.2391304347826087	1.0
stratified_random_pair_5fold_non_headline	random-05	target_mean_or_global_fallback	target_identity	RCSB-5DY7-5GT-KD	construct-002-cb5cf2af5e4a	3.6989700043360187	4.477115530423993			0.25	1.0
stratified_random_pair_5fold_non_headline	random-05	target_mean_or_global_fallback	target_identity	RCSB-5OV8-AXN-KD	construct-002-cb5cf2af5e4a	4.7447274948966935	4.477115530423993			0.5737704918032787	1.0
stratified_random_pair_5fold_non_headline	random-05	target_mean_or_global_fallback	target_identity	RCSB-7MRA-ZMJ-KD	construct-003-fbf3f5c695a3	7.086186147616283	6.389277220950006			0.4727272727272727	1.0
stratified_random_pair_5fold_non_headline	random-05	target_mean_or_global_fallback	target_identity	RCSB-5D26-L28-KD	construct-003-fbf3f5c695a3	6.0915149811213505	6.389277220950006			0.609375	1.0
stratified_random_pair_5fold_non_headline	random-05	target_mean_or_global_fallback	target_identity	RCSB-6Q3Y-HG5-KD	construct-003-fbf3f5c695a3	7.267606240177031	6.389277220950006			0.7625	1.0
stratified_random_pair_5fold_non_headline	random-05	target_mean_or_global_fallback	target_identity	RCSB-4AGQ-P96-KD	construct-004-a02c0b37ee39	5.0	4.2815187025641785			0.18571428571428572	1.0
stratified_random_pair_5fold_non_headline	random-05	target_mean_or_global_fallback	target_identity	RCSB-5O1I-9GH-KD	construct-004-a02c0b37ee39	5.3979400086720375	4.2815187025641785			0.3870967741935484	1.0
stratified_random_pair_5fold_non_headline	random-05	target_mean_or_global_fallback	target_identity	RCSB-6RQB-Q47-KD	construct-005-6f4aa0a92e90	6.337242168318426	5.290305395457722			0.6923076923076923	1.0
stratified_random_pair_5fold_non_headline	random-05	target_mean_or_global_fallback	target_identity	RCSB-6RQ1-KE5-KD	construct-005-6f4aa0a92e90	4.400116927926312	5.290305395457722			0.717948717948718	1.0
stratified_random_pair_5fold_non_headline	random-05	target_mean_or_global_fallback	target_identity	RCSB-6UIK-Q8M-KD	construct-006-4c5802bc11cc	6.3979400086720375	5.868807084898623			0.6551724137931034	1.0
stratified_random_pair_5fold_non_headline	random-05	target_mean_or_global_fallback	target_identity	RCSB-6UIF-Q8P-KD	construct-006-4c5802bc11cc	6.769551078621726	5.868807084898623			0.7457627118644068	1.0
stratified_random_pair_5fold_non_headline	random-05	nuisance_ridge	metadata_only	RCSB-4UG6-XFJ-KD	construct-001-c5158f5b655d	5.571865205971211	4.889515152278931			0.8285714285714286	1.0
stratified_random_pair_5fold_non_headline	random-05	nuisance_ridge	metadata_only	RCSB-4UG7-1EV-KD	construct-001-c5158f5b655d	5.349692476868063	4.8854718101959			0.5813953488372093	1.0
stratified_random_pair_5fold_non_headline	random-05	nuisance_ridge	metadata_only	RCSB-4UGG-S5D-KD	construct-001-c5158f5b655d	4.59176003468815	4.933668447825637			0.509090909090909	1.0
stratified_random_pair_5fold_non_headline	random-05	nuisance_ridge	metadata_only	RCSB-5C85-4YO-KD	construct-002-cb5cf2af5e4a	3.9788107009300617	5.0624429435497795			0.275	1.0
stratified_random_pair_5fold_non_headline	random-05	nuisance_ridge	metadata_only	RCSB-5C87-4YS-KD	construct-002-cb5cf2af5e4a	3.6989700043360187	5.050312917300684			0.2391304347826087	1.0
stratified_random_pair_5fold_non_headline	random-05	nuisance_ridge	metadata_only	RCSB-5DY7-5GT-KD	construct-002-cb5cf2af5e4a	3.6989700043360187	5.061634275133173			0.25	1.0
stratified_random_pair_5fold_non_headline	random-05	nuisance_ridge	metadata_only	RCSB-5OV8-AXN-KD	construct-002-cb5cf2af5e4a	4.7447274948966935	5.173311742949139			0.5737704918032787	1.0
stratified_random_pair_5fold_non_headline	random-05	nuisance_ridge	metadata_only	RCSB-7MRA-ZMJ-KD	construct-003-fbf3f5c695a3	7.086186147616283	5.316794890181502			0.4727272727272727	1.0
stratified_random_pair_5fold_non_headline	random-05	nuisance_ridge	metadata_only	RCSB-5D26-L28-KD	construct-003-fbf3f5c695a3	6.0915149811213505	5.06182065997763			0.609375	1.0
stratified_random_pair_5fold_non_headline	random-05	nuisance_ridge	metadata_only	RCSB-6Q3Y-HG5-KD	construct-003-fbf3f5c695a3	7.267606240177031	5.165856390997982			0.7625	1.0
stratified_random_pair_5fold_non_headline	random-05	nuisance_ridge	metadata_only	RCSB-4AGQ-P96-KD	construct-004-a02c0b37ee39	5.0	4.761669241360367			0.18571428571428572	1.0
stratified_random_pair_5fold_non_headline	random-05	nuisance_ridge	metadata_only	RCSB-5O1I-9GH-KD	construct-004-a02c0b37ee39	5.3979400086720375	5.068398250227043			0.3870967741935484	1.0
stratified_random_pair_5fold_non_headline	random-05	nuisance_ridge	metadata_only	RCSB-6RQB-Q47-KD	construct-005-6f4aa0a92e90	6.337242168318426	5.108113129323755			0.6923076923076923	1.0
stratified_random_pair_5fold_non_headline	random-05	nuisance_ridge	metadata_only	RCSB-6RQ1-KE5-KD	construct-005-6f4aa0a92e90	4.400116927926312	5.110620001415234			0.717948717948718	1.0
stratified_random_pair_5fold_non_headline	random-05	nuisance_ridge	metadata_only	RCSB-6UIK-Q8M-KD	construct-006-4c5802bc11cc	6.3979400086720375	5.1498111266855116			0.6551724137931034	1.0
stratified_random_pair_5fold_non_headline	random-05	nuisance_ridge	metadata_only	RCSB-6UIF-Q8P-KD	construct-006-4c5802bc11cc	6.769551078621726	5.150053727210493			0.7457627118644068	1.0
stratified_random_pair_5fold_non_headline	random-05	ligand_ecfp_ridge	ligand_only	RCSB-4UG6-XFJ-KD	construct-001-c5158f5b655d	5.571865205971211	4.7608967039458			0.8285714285714286	1.0
stratified_random_pair_5fold_non_headline	random-05	ligand_ecfp_ridge	ligand_only	RCSB-4UG7-1EV-KD	construct-001-c5158f5b655d	5.349692476868063	5.384342018234282			0.5813953488372093	1.0
stratified_random_pair_5fold_non_headline	random-05	ligand_ecfp_ridge	ligand_only	RCSB-4UGG-S5D-KD	construct-001-c5158f5b655d	4.59176003468815	4.933528455961543			0.509090909090909	1.0
stratified_random_pair_5fold_non_headline	random-05	ligand_ecfp_ridge	ligand_only	RCSB-5C85-4YO-KD	construct-002-cb5cf2af5e4a	3.9788107009300617	4.944537165510855			0.275	1.0
stratified_random_pair_5fold_non_headline	random-05	ligand_ecfp_ridge	ligand_only	RCSB-5C87-4YS-KD	construct-002-cb5cf2af5e4a	3.6989700043360187	4.628721477259507			0.2391304347826087	1.0
stratified_random_pair_5fold_non_headline	random-05	ligand_ecfp_ridge	ligand_only	RCSB-5DY7-5GT-KD	construct-002-cb5cf2af5e4a	3.6989700043360187	4.410646858539252			0.25	1.0
stratified_random_pair_5fold_non_headline	random-05	ligand_ecfp_ridge	ligand_only	RCSB-5OV8-AXN-KD	construct-002-cb5cf2af5e4a	4.7447274948966935	5.534532041297901			0.5737704918032787	1.0
stratified_random_pair_5fold_non_headline	random-05	ligand_ecfp_ridge	ligand_only	RCSB-7MRA-ZMJ-KD	construct-003-fbf3f5c695a3	7.086186147616283	5.992035761349773			0.4727272727272727	1.0
stratified_random_pair_5fold_non_headline	random-05	ligand_ecfp_ridge	ligand_only	RCSB-5D26-L28-KD	construct-003-fbf3f5c695a3	6.0915149811213505	5.6489616427642115			0.609375	1.0
stratified_random_pair_5fold_non_headline	random-05	ligand_ecfp_ridge	ligand_only	RCSB-6Q3Y-HG5-KD	construct-003-fbf3f5c695a3	7.267606240177031	7.082337789213239			0.7625	1.0
stratified_random_pair_5fold_non_headline	random-05	ligand_ecfp_ridge	ligand_only	RCSB-4AGQ-P96-KD	construct-004-a02c0b37ee39	5.0	5.130668931262297			0.18571428571428572	1.0
stratified_random_pair_5fold_non_headline	random-05	ligand_ecfp_ridge	ligand_only	RCSB-5O1I-9GH-KD	construct-004-a02c0b37ee39	5.3979400086720375	4.8071048431455345			0.3870967741935484	1.0
stratified_random_pair_5fold_non_headline	random-05	ligand_ecfp_ridge	ligand_only	RCSB-6RQB-Q47-KD	construct-005-6f4aa0a92e90	6.337242168318426	5.510421677401696			0.6923076923076923	1.0
stratified_random_pair_5fold_non_headline	random-05	ligand_ecfp_ridge	ligand_only	RCSB-6RQ1-KE5-KD	construct-005-6f4aa0a92e90	4.400116927926312	5.036346251376423			0.717948717948718	1.0
stratified_random_pair_5fold_non_headline	random-05	ligand_ecfp_ridge	ligand_only	RCSB-6UIK-Q8M-KD	construct-006-4c5802bc11cc	6.3979400086720375	6.152483860177929			0.6551724137931034	1.0
stratified_random_pair_5fold_non_headline	random-05	ligand_ecfp_ridge	ligand_only	RCSB-6UIF-Q8P-KD	construct-006-4c5802bc11cc	6.769551078621726	6.311735112192685			0.7457627118644068	1.0
stratified_random_pair_5fold_non_headline	random-05	ligand_gmolai_ridge	ligand_only	RCSB-4UG6-XFJ-KD	construct-001-c5158f5b655d	5.571865205971211	4.96220117730882			0.8285714285714286	1.0
stratified_random_pair_5fold_non_headline	random-05	ligand_gmolai_ridge	ligand_only	RCSB-4UG7-1EV-KD	construct-001-c5158f5b655d	5.349692476868063	5.439312003838047			0.5813953488372093	1.0
stratified_random_pair_5fold_non_headline	random-05	ligand_gmolai_ridge	ligand_only	RCSB-4UGG-S5D-KD	construct-001-c5158f5b655d	4.59176003468815	5.047499249324995			0.509090909090909	1.0
stratified_random_pair_5fold_non_headline	random-05	ligand_gmolai_ridge	ligand_only	RCSB-5C85-4YO-KD	construct-002-cb5cf2af5e4a	3.9788107009300617	4.5921771901605934			0.275	1.0
stratified_random_pair_5fold_non_headline	random-05	ligand_gmolai_ridge	ligand_only	RCSB-5C87-4YS-KD	construct-002-cb5cf2af5e4a	3.6989700043360187	3.5253688719020846			0.2391304347826087	1.0
stratified_random_pair_5fold_non_headline	random-05	ligand_gmolai_ridge	ligand_only	RCSB-5DY7-5GT-KD	construct-002-cb5cf2af5e4a	3.6989700043360187	3.2445014181539475			0.25	1.0
stratified_random_pair_5fold_non_headline	random-05	ligand_gmolai_ridge	ligand_only	RCSB-5OV8-AXN-KD	construct-002-cb5cf2af5e4a	4.7447274948966935	7.0007827393079936			0.5737704918032787	1.0
stratified_random_pair_5fold_non_headline	random-05	ligand_gmolai_ridge	ligand_only	RCSB-7MRA-ZMJ-KD	construct-003-fbf3f5c695a3	7.086186147616283	6.092077063825908			0.4727272727272727	1.0
stratified_random_pair_5fold_non_headline	random-05	ligand_gmolai_ridge	ligand_only	RCSB-5D26-L28-KD	construct-003-fbf3f5c695a3	6.0915149811213505	5.839635301682726			0.609375	1.0
stratified_random_pair_5fold_non_headline	random-05	ligand_gmolai_ridge	ligand_only	RCSB-6Q3Y-HG5-KD	construct-003-fbf3f5c695a3	7.267606240177031	6.570115406143854			0.7625	1.0
stratified_random_pair_5fold_non_headline	random-05	ligand_gmolai_ridge	ligand_only	RCSB-4AGQ-P96-KD	construct-004-a02c0b37ee39	5.0	5.752386093638025			0.18571428571428572	1.0
stratified_random_pair_5fold_non_headline	random-05	ligand_gmolai_ridge	ligand_only	RCSB-5O1I-9GH-KD	construct-004-a02c0b37ee39	5.3979400086720375	5.281885631566335			0.3870967741935484	1.0
stratified_random_pair_5fold_non_headline	random-05	ligand_gmolai_ridge	ligand_only	RCSB-6RQB-Q47-KD	construct-005-6f4aa0a92e90	6.337242168318426	5.66388468613967			0.6923076923076923	1.0
stratified_random_pair_5fold_non_headline	random-05	ligand_gmolai_ridge	ligand_only	RCSB-6RQ1-KE5-KD	construct-005-6f4aa0a92e90	4.400116927926312	5.244611538770474			0.717948717948718	1.0
stratified_random_pair_5fold_non_headline	random-05	ligand_gmolai_ridge	ligand_only	RCSB-6UIK-Q8M-KD	construct-006-4c5802bc11cc	6.3979400086720375	6.050022133332419			0.6551724137931034	1.0
stratified_random_pair_5fold_non_headline	random-05	ligand_gmolai_ridge	ligand_only	RCSB-6UIF-Q8P-KD	construct-006-4c5802bc11cc	6.769551078621726	6.7229553926423655			0.7457627118644068	1.0
stratified_random_pair_5fold_non_headline	random-05	protein_sequence_ridge	sequence_only	RCSB-4UG6-XFJ-KD	construct-001-c5158f5b655d	5.571865205971211	4.5723099521209205			0.8285714285714286	1.0
stratified_random_pair_5fold_non_headline	random-05	protein_sequence_ridge	sequence_only	RCSB-4UG7-1EV-KD	construct-001-c5158f5b655d	5.349692476868063	4.5723099521209205			0.5813953488372093	1.0
stratified_random_pair_5fold_non_headline	random-05	protein_sequence_ridge	sequence_only	RCSB-4UGG-S5D-KD	construct-001-c5158f5b655d	4.59176003468815	4.5723099521209205			0.509090909090909	1.0
stratified_random_pair_5fold_non_headline	random-05	protein_sequence_ridge	sequence_only	RCSB-5C85-4YO-KD	construct-002-cb5cf2af5e4a	3.9788107009300617	4.4901113963963875			0.275	1.0
stratified_random_pair_5fold_non_headline	random-05	protein_sequence_ridge	sequence_only	RCSB-5C87-4YS-KD	construct-002-cb5cf2af5e4a	3.6989700043360187	4.4901113963963875			0.2391304347826087	1.0
stratified_random_pair_5fold_non_headline	random-05	protein_sequence_ridge	sequence_only	RCSB-5DY7-5GT-KD	construct-002-cb5cf2af5e4a	3.6989700043360187	4.4901113963963875			0.25	1.0
stratified_random_pair_5fold_non_headline	random-05	protein_sequence_ridge	sequence_only	RCSB-5OV8-AXN-KD	construct-002-cb5cf2af5e4a	4.7447274948966935	4.4901113963963875			0.5737704918032787	1.0
stratified_random_pair_5fold_non_headline	random-05	protein_sequence_ridge	sequence_only	RCSB-7MRA-ZMJ-KD	construct-003-fbf3f5c695a3	7.086186147616283	6.365042213674862			0.4727272727272727	1.0
stratified_random_pair_5fold_non_headline	random-05	protein_sequence_ridge	sequence_only	RCSB-5D26-L28-KD	construct-003-fbf3f5c695a3	6.0915149811213505	6.365042213674862			0.609375	1.0
stratified_random_pair_5fold_non_headline	random-05	protein_sequence_ridge	sequence_only	RCSB-6Q3Y-HG5-KD	construct-003-fbf3f5c695a3	7.267606240177031	6.365042213674862			0.7625	1.0
stratified_random_pair_5fold_non_headline	random-05	protein_sequence_ridge	sequence_only	RCSB-4AGQ-P96-KD	construct-004-a02c0b37ee39	5.0	4.299586038256808			0.18571428571428572	1.0
stratified_random_pair_5fold_non_headline	random-05	protein_sequence_ridge	sequence_only	RCSB-5O1I-9GH-KD	construct-004-a02c0b37ee39	5.3979400086720375	4.299586038256808			0.3870967741935484	1.0
stratified_random_pair_5fold_non_headline	random-05	protein_sequence_ridge	sequence_only	RCSB-6RQB-Q47-KD	construct-005-6f4aa0a92e90	6.337242168318426	5.278419601532963			0.6923076923076923	1.0
stratified_random_pair_5fold_non_headline	random-05	protein_sequence_ridge	sequence_only	RCSB-6RQ1-KE5-KD	construct-005-6f4aa0a92e90	4.400116927926312	5.278419601532963			0.717948717948718	1.0
stratified_random_pair_5fold_non_headline	random-05	protein_sequence_ridge	sequence_only	RCSB-6UIK-Q8M-KD	construct-006-4c5802bc11cc	6.3979400086720375	5.847525479893462			0.6551724137931034	1.0
stratified_random_pair_5fold_non_headline	random-05	protein_sequence_ridge	sequence_only	RCSB-6UIF-Q8P-KD	construct-006-4c5802bc11cc	6.769551078621726	5.847525479893462			0.7457627118644068	1.0
stratified_random_pair_5fold_non_headline	random-05	concat_ecfp_sequence_ridge	sequence_ligand	RCSB-4UG6-XFJ-KD	construct-001-c5158f5b655d	5.571865205971211	4.759936301651407			0.8285714285714286	1.0
stratified_random_pair_5fold_non_headline	random-05	concat_ecfp_sequence_ridge	sequence_ligand	RCSB-4UG7-1EV-KD	construct-001-c5158f5b655d	5.349692476868063	5.4668870892290435			0.5813953488372093	1.0
stratified_random_pair_5fold_non_headline	random-05	concat_ecfp_sequence_ridge	sequence_ligand	RCSB-4UGG-S5D-KD	construct-001-c5158f5b655d	4.59176003468815	4.836740010232446			0.509090909090909	1.0
stratified_random_pair_5fold_non_headline	random-05	concat_ecfp_sequence_ridge	sequence_ligand	RCSB-5C85-4YO-KD	construct-002-cb5cf2af5e4a	3.9788107009300617	4.740646929168514			0.275	1.0
stratified_random_pair_5fold_non_headline	random-05	concat_ecfp_sequence_ridge	sequence_ligand	RCSB-5C87-4YS-KD	construct-002-cb5cf2af5e4a	3.6989700043360187	4.431082263079597			0.2391304347826087	1.0
stratified_random_pair_5fold_non_headline	random-05	concat_ecfp_sequence_ridge	sequence_ligand	RCSB-5DY7-5GT-KD	construct-002-cb5cf2af5e4a	3.6989700043360187	4.2134791001291765			0.25	1.0
stratified_random_pair_5fold_non_headline	random-05	concat_ecfp_sequence_ridge	sequence_ligand	RCSB-5OV8-AXN-KD	construct-002-cb5cf2af5e4a	4.7447274948966935	5.413746311982623			0.5737704918032787	1.0
stratified_random_pair_5fold_non_headline	random-05	concat_ecfp_sequence_ridge	sequence_ligand	RCSB-7MRA-ZMJ-KD	construct-003-fbf3f5c695a3	7.086186147616283	6.580226212755042			0.4727272727272727	1.0
stratified_random_pair_5fold_non_headline	random-05	concat_ecfp_sequence_ridge	sequence_ligand	RCSB-5D26-L28-KD	construct-003-fbf3f5c695a3	6.0915149811213505	5.908815018819498			0.609375	1.0
stratified_random_pair_5fold_non_headline	random-05	concat_ecfp_sequence_ridge	sequence_ligand	RCSB-6Q3Y-HG5-KD	construct-003-fbf3f5c695a3	7.267606240177031	7.158605114747787			0.7625	1.0
stratified_random_pair_5fold_non_headline	random-05	concat_ecfp_sequence_ridge	sequence_ligand	RCSB-4AGQ-P96-KD	construct-004-a02c0b37ee39	5.0	4.663235846066521			0.18571428571428572	1.0
stratified_random_pair_5fold_non_headline	random-05	concat_ecfp_sequence_ridge	sequence_ligand	RCSB-5O1I-9GH-KD	construct-004-a02c0b37ee39	5.3979400086720375	4.325955296819501			0.3870967741935484	1.0
stratified_random_pair_5fold_non_headline	random-05	concat_ecfp_sequence_ridge	sequence_ligand	RCSB-6RQB-Q47-KD	construct-005-6f4aa0a92e90	6.337242168318426	5.5761707746776406			0.6923076923076923	1.0
stratified_random_pair_5fold_non_headline	random-05	concat_ecfp_sequence_ridge	sequence_ligand	RCSB-6RQ1-KE5-KD	construct-005-6f4aa0a92e90	4.400116927926312	5.113686531960745			0.717948717948718	1.0
stratified_random_pair_5fold_non_headline	random-05	concat_ecfp_sequence_ridge	sequence_ligand	RCSB-6UIK-Q8M-KD	construct-006-4c5802bc11cc	6.3979400086720375	6.06439091677864			0.6551724137931034	1.0
stratified_random_pair_5fold_non_headline	random-05	concat_ecfp_sequence_ridge	sequence_ligand	RCSB-6UIF-Q8P-KD	construct-006-4c5802bc11cc	6.769551078621726	6.333380309688604			0.7457627118644068	1.0
stratified_random_pair_5fold_non_headline	random-05	pocket_composition_ridge_S0	S0	RCSB-4UG6-XFJ-KD	construct-001-c5158f5b655d	5.571865205971211	4.722515359219119			0.8285714285714286	1.0
stratified_random_pair_5fold_non_headline	random-05	pocket_composition_ridge_S0	S0	RCSB-4UG7-1EV-KD	construct-001-c5158f5b655d	5.349692476868063	4.722515359219119			0.5813953488372093	1.0
stratified_random_pair_5fold_non_headline	random-05	pocket_composition_ridge_S0	S0	RCSB-4UGG-S5D-KD	construct-001-c5158f5b655d	4.59176003468815	4.722515359219119			0.509090909090909	1.0
stratified_random_pair_5fold_non_headline	random-05	pocket_composition_ridge_S0	S0	RCSB-5C85-4YO-KD	construct-002-cb5cf2af5e4a	3.9788107009300617	4.647004778307363			0.275	1.0
stratified_random_pair_5fold_non_headline	random-05	pocket_composition_ridge_S0	S0	RCSB-5C87-4YS-KD	construct-002-cb5cf2af5e4a	3.6989700043360187	4.647004778307363			0.2391304347826087	1.0
stratified_random_pair_5fold_non_headline	random-05	pocket_composition_ridge_S0	S0	RCSB-5DY7-5GT-KD	construct-002-cb5cf2af5e4a	3.6989700043360187	4.647004778307363			0.25	1.0
stratified_random_pair_5fold_non_headline	random-05	pocket_composition_ridge_S0	S0	RCSB-5OV8-AXN-KD	construct-002-cb5cf2af5e4a	4.7447274948966935	4.647004778307363			0.5737704918032787	1.0
stratified_random_pair_5fold_non_headline	random-05	pocket_composition_ridge_S0	S0	RCSB-7MRA-ZMJ-KD	construct-003-fbf3f5c695a3	7.086186147616283	5.930315760506721			0.4727272727272727	1.0
stratified_random_pair_5fold_non_headline	random-05	pocket_composition_ridge_S0	S0	RCSB-5D26-L28-KD	construct-003-fbf3f5c695a3	6.0915149811213505	5.930315760506721			0.609375	1.0
stratified_random_pair_5fold_non_headline	random-05	pocket_composition_ridge_S0	S0	RCSB-6Q3Y-HG5-KD	construct-003-fbf3f5c695a3	7.267606240177031	5.930315760506721			0.7625	1.0
stratified_random_pair_5fold_non_headline	random-05	pocket_composition_ridge_S0	S0	RCSB-4AGQ-P96-KD	construct-004-a02c0b37ee39	5.0	4.590086861963254			0.18571428571428572	1.0
stratified_random_pair_5fold_non_headline	random-05	pocket_composition_ridge_S0	S0	RCSB-5O1I-9GH-KD	construct-004-a02c0b37ee39	5.3979400086720375	4.590086861963254			0.3870967741935484	1.0
stratified_random_pair_5fold_non_headline	random-05	pocket_composition_ridge_S0	S0	RCSB-6RQB-Q47-KD	construct-005-6f4aa0a92e90	6.337242168318426	5.258870052436707			0.6923076923076923	1.0
stratified_random_pair_5fold_non_headline	random-05	pocket_composition_ridge_S0	S0	RCSB-6RQ1-KE5-KD	construct-005-6f4aa0a92e90	4.400116927926312	5.258870052436707			0.717948717948718	1.0
stratified_random_pair_5fold_non_headline	random-05	pocket_composition_ridge_S0	S0	RCSB-6UIK-Q8M-KD	construct-006-4c5802bc11cc	6.3979400086720375	5.558236352347284			0.6551724137931034	1.0
stratified_random_pair_5fold_non_headline	random-05	pocket_composition_ridge_S0	S0	RCSB-6UIF-Q8P-KD	construct-006-4c5802bc11cc	6.769551078621726	5.545833370087483			0.7457627118644068	1.0
stratified_random_pair_5fold_non_headline	random-05	pocket_structure_ridge_S0	S0	RCSB-4UG6-XFJ-KD	construct-001-c5158f5b655d	5.571865205971211	4.840492107792909			0.8285714285714286	1.0
stratified_random_pair_5fold_non_headline	random-05	pocket_structure_ridge_S0	S0	RCSB-4UG7-1EV-KD	construct-001-c5158f5b655d	5.349692476868063	4.780603612451535			0.5813953488372093	1.0
stratified_random_pair_5fold_non_headline	random-05	pocket_structure_ridge_S0	S0	RCSB-4UGG-S5D-KD	construct-001-c5158f5b655d	4.59176003468815	4.790242386299973			0.509090909090909	1.0
stratified_random_pair_5fold_non_headline	random-05	pocket_structure_ridge_S0	S0	RCSB-5C85-4YO-KD	construct-002-cb5cf2af5e4a	3.9788107009300617	4.546708235262554			0.275	1.0
stratified_random_pair_5fold_non_headline	random-05	pocket_structure_ridge_S0	S0	RCSB-5C87-4YS-KD	construct-002-cb5cf2af5e4a	3.6989700043360187	4.5634856347343495			0.2391304347826087	1.0
stratified_random_pair_5fold_non_headline	random-05	pocket_structure_ridge_S0	S0	RCSB-5DY7-5GT-KD	construct-002-cb5cf2af5e4a	3.6989700043360187	4.52766596476121			0.25	1.0
stratified_random_pair_5fold_non_headline	random-05	pocket_structure_ridge_S0	S0	RCSB-5OV8-AXN-KD	construct-002-cb5cf2af5e4a	4.7447274948966935	4.721531999851001			0.5737704918032787	1.0
stratified_random_pair_5fold_non_headline	random-05	pocket_structure_ridge_S0	S0	RCSB-7MRA-ZMJ-KD	construct-003-fbf3f5c695a3	7.086186147616283	6.070446175029279			0.4727272727272727	1.0
stratified_random_pair_5fold_non_headline	random-05	pocket_structure_ridge_S0	S0	RCSB-5D26-L28-KD	construct-003-fbf3f5c695a3	6.0915149811213505	6.081581899309224			0.609375	1.0
stratified_random_pair_5fold_non_headline	random-05	pocket_structure_ridge_S0	S0	RCSB-6Q3Y-HG5-KD	construct-003-fbf3f5c695a3	7.267606240177031	6.065176010352228			0.7625	1.0
stratified_random_pair_5fold_non_headline	random-05	pocket_structure_ridge_S0	S0	RCSB-4AGQ-P96-KD	construct-004-a02c0b37ee39	5.0	4.398365598546483			0.18571428571428572	1.0
stratified_random_pair_5fold_non_headline	random-05	pocket_structure_ridge_S0	S0	RCSB-5O1I-9GH-KD	construct-004-a02c0b37ee39	5.3979400086720375	4.4466870724967364			0.3870967741935484	1.0
stratified_random_pair_5fold_non_headline	random-05	pocket_structure_ridge_S0	S0	RCSB-6RQB-Q47-KD	construct-005-6f4aa0a92e90	6.337242168318426	5.282778209142123			0.6923076923076923	1.0
stratified_random_pair_5fold_non_headline	random-05	pocket_structure_ridge_S0	S0	RCSB-6RQ1-KE5-KD	construct-005-6f4aa0a92e90	4.400116927926312	5.307735822309805			0.717948717948718	1.0
stratified_random_pair_5fold_non_headline	random-05	pocket_structure_ridge_S0	S0	RCSB-6UIK-Q8M-KD	construct-006-4c5802bc11cc	6.3979400086720375	5.6481480225275575			0.6551724137931034	1.0
stratified_random_pair_5fold_non_headline	random-05	pocket_structure_ridge_S0	S0	RCSB-6UIF-Q8P-KD	construct-006-4c5802bc11cc	6.769551078621726	5.64547278627671			0.7457627118644068	1.0
stratified_random_pair_5fold_non_headline	random-05	concat_ecfp_pocket_ridge_S0	S0	RCSB-4UG6-XFJ-KD	construct-001-c5158f5b655d	5.571865205971211	4.820780589347902			0.8285714285714286	1.0
stratified_random_pair_5fold_non_headline	random-05	concat_ecfp_pocket_ridge_S0	S0	RCSB-4UG7-1EV-KD	construct-001-c5158f5b655d	5.349692476868063	5.4503031013723335			0.5813953488372093	1.0
stratified_random_pair_5fold_non_headline	random-05	concat_ecfp_pocket_ridge_S0	S0	RCSB-4UGG-S5D-KD	construct-001-c5158f5b655d	4.59176003468815	4.950612912579239			0.509090909090909	1.0
stratified_random_pair_5fold_non_headline	random-05	concat_ecfp_pocket_ridge_S0	S0	RCSB-5C85-4YO-KD	construct-002-cb5cf2af5e4a	3.9788107009300617	4.821115157420612			0.275	1.0
stratified_random_pair_5fold_non_headline	random-05	concat_ecfp_pocket_ridge_S0	S0	RCSB-5C87-4YS-KD	construct-002-cb5cf2af5e4a	3.6989700043360187	4.50747450526169			0.2391304347826087	1.0
stratified_random_pair_5fold_non_headline	random-05	concat_ecfp_pocket_ridge_S0	S0	RCSB-5DY7-5GT-KD	construct-002-cb5cf2af5e4a	3.6989700043360187	4.302791208330964			0.25	1.0
stratified_random_pair_5fold_non_headline	random-05	concat_ecfp_pocket_ridge_S0	S0	RCSB-5OV8-AXN-KD	construct-002-cb5cf2af5e4a	4.7447274948966935	5.475884213348262			0.5737704918032787	1.0
stratified_random_pair_5fold_non_headline	random-05	concat_ecfp_pocket_ridge_S0	S0	RCSB-7MRA-ZMJ-KD	construct-003-fbf3f5c695a3	7.086186147616283	6.152508933564485			0.4727272727272727	1.0
stratified_random_pair_5fold_non_headline	random-05	concat_ecfp_pocket_ridge_S0	S0	RCSB-5D26-L28-KD	construct-003-fbf3f5c695a3	6.0915149811213505	5.695813202545959			0.609375	1.0
stratified_random_pair_5fold_non_headline	random-05	concat_ecfp_pocket_ridge_S0	S0	RCSB-6Q3Y-HG5-KD	construct-003-fbf3f5c695a3	7.267606240177031	7.111888051400243			0.7625	1.0
stratified_random_pair_5fold_non_headline	random-05	concat_ecfp_pocket_ridge_S0	S0	RCSB-4AGQ-P96-KD	construct-004-a02c0b37ee39	5.0	4.9857446232085625			0.18571428571428572	1.0
stratified_random_pair_5fold_non_headline	random-05	concat_ecfp_pocket_ridge_S0	S0	RCSB-5O1I-9GH-KD	construct-004-a02c0b37ee39	5.3979400086720375	4.67453372102116			0.3870967741935484	1.0
stratified_random_pair_5fold_non_headline	random-05	concat_ecfp_pocket_ridge_S0	S0	RCSB-6RQB-Q47-KD	construct-005-6f4aa0a92e90	6.337242168318426	5.541844634775499			0.6923076923076923	1.0
stratified_random_pair_5fold_non_headline	random-05	concat_ecfp_pocket_ridge_S0	S0	RCSB-6RQ1-KE5-KD	construct-005-6f4aa0a92e90	4.400116927926312	5.084045227634994			0.717948717948718	1.0
stratified_random_pair_5fold_non_headline	random-05	concat_ecfp_pocket_ridge_S0	S0	RCSB-6UIK-Q8M-KD	construct-006-4c5802bc11cc	6.3979400086720375	6.130374417620947			0.6551724137931034	1.0
stratified_random_pair_5fold_non_headline	random-05	concat_ecfp_pocket_ridge_S0	S0	RCSB-6UIF-Q8P-KD	construct-006-4c5802bc11cc	6.769551078621726	6.330994898546292			0.7457627118644068	1.0
stratified_random_pair_5fold_non_headline	random-05	concat_gmolai_pocket_ridge_S0	S0	RCSB-4UG6-XFJ-KD	construct-001-c5158f5b655d	5.571865205971211	4.914766900226961			0.8285714285714286	1.0
stratified_random_pair_5fold_non_headline	random-05	concat_gmolai_pocket_ridge_S0	S0	RCSB-4UG7-1EV-KD	construct-001-c5158f5b655d	5.349692476868063	5.269098937307978			0.5813953488372093	1.0
stratified_random_pair_5fold_non_headline	random-05	concat_gmolai_pocket_ridge_S0	S0	RCSB-4UGG-S5D-KD	construct-001-c5158f5b655d	4.59176003468815	4.900897623372761			0.509090909090909	1.0
stratified_random_pair_5fold_non_headline	random-05	concat_gmolai_pocket_ridge_S0	S0	RCSB-5C85-4YO-KD	construct-002-cb5cf2af5e4a	3.9788107009300617	4.7384075879753995			0.275	1.0
stratified_random_pair_5fold_non_headline	random-05	concat_gmolai_pocket_ridge_S0	S0	RCSB-5C87-4YS-KD	construct-002-cb5cf2af5e4a	3.6989700043360187	3.3563794451580615			0.2391304347826087	1.0
stratified_random_pair_5fold_non_headline	random-05	concat_gmolai_pocket_ridge_S0	S0	RCSB-5DY7-5GT-KD	construct-002-cb5cf2af5e4a	3.6989700043360187	3.319571425855149			0.25	1.0
stratified_random_pair_5fold_non_headline	random-05	concat_gmolai_pocket_ridge_S0	S0	RCSB-5OV8-AXN-KD	construct-002-cb5cf2af5e4a	4.7447274948966935	6.632417375577682			0.5737704918032787	1.0
stratified_random_pair_5fold_non_headline	random-05	concat_gmolai_pocket_ridge_S0	S0	RCSB-7MRA-ZMJ-KD	construct-003-fbf3f5c695a3	7.086186147616283	6.460925899574311			0.4727272727272727	1.0
stratified_random_pair_5fold_non_headline	random-05	concat_gmolai_pocket_ridge_S0	S0	RCSB-5D26-L28-KD	construct-003-fbf3f5c695a3	6.0915149811213505	6.073748609181535			0.609375	1.0
stratified_random_pair_5fold_non_headline	random-05	concat_gmolai_pocket_ridge_S0	S0	RCSB-6Q3Y-HG5-KD	construct-003-fbf3f5c695a3	7.267606240177031	6.671996266054818			0.7625	1.0
stratified_random_pair_5fold_non_headline	random-05	concat_gmolai_pocket_ridge_S0	S0	RCSB-4AGQ-P96-KD	construct-004-a02c0b37ee39	5.0	5.676370973272656			0.18571428571428572	1.0
stratified_random_pair_5fold_non_headline	random-05	concat_gmolai_pocket_ridge_S0	S0	RCSB-5O1I-9GH-KD	construct-004-a02c0b37ee39	5.3979400086720375	5.177368058229726			0.3870967741935484	1.0
stratified_random_pair_5fold_non_headline	random-05	concat_gmolai_pocket_ridge_S0	S0	RCSB-6RQB-Q47-KD	construct-005-6f4aa0a92e90	6.337242168318426	5.715895562487457			0.6923076923076923	1.0
stratified_random_pair_5fold_non_headline	random-05	concat_gmolai_pocket_ridge_S0	S0	RCSB-6RQ1-KE5-KD	construct-005-6f4aa0a92e90	4.400116927926312	5.19171755473384			0.717948717948718	1.0
stratified_random_pair_5fold_non_headline	random-05	concat_gmolai_pocket_ridge_S0	S0	RCSB-6UIK-Q8M-KD	construct-006-4c5802bc11cc	6.3979400086720375	6.096404311873573			0.6551724137931034	1.0
stratified_random_pair_5fold_non_headline	random-05	concat_gmolai_pocket_ridge_S0	S0	RCSB-6UIF-Q8P-KD	construct-006-4c5802bc11cc	6.769551078621726	6.508501739585357			0.7457627118644068	1.0
stratified_random_pair_5fold_non_headline	random-05	pocket_composition_ridge_S1	S1	RCSB-4UG6-XFJ-KD	construct-001-c5158f5b655d	5.571865205971211	4.725336730264147			0.8285714285714286	1.0
stratified_random_pair_5fold_non_headline	random-05	pocket_composition_ridge_S1	S1	RCSB-4UG7-1EV-KD	construct-001-c5158f5b655d	5.349692476868063	4.725336730264147			0.5813953488372093	1.0
stratified_random_pair_5fold_non_headline	random-05	pocket_composition_ridge_S1	S1	RCSB-4UGG-S5D-KD	construct-001-c5158f5b655d	4.59176003468815	4.725336730264147			0.509090909090909	1.0
stratified_random_pair_5fold_non_headline	random-05	pocket_composition_ridge_S1	S1	RCSB-5C85-4YO-KD	construct-002-cb5cf2af5e4a	3.9788107009300617	4.64611050886358			0.275	1.0
stratified_random_pair_5fold_non_headline	random-05	pocket_composition_ridge_S1	S1	RCSB-5C87-4YS-KD	construct-002-cb5cf2af5e4a	3.6989700043360187	4.64611050886358			0.2391304347826087	1.0
stratified_random_pair_5fold_non_headline	random-05	pocket_composition_ridge_S1	S1	RCSB-5DY7-5GT-KD	construct-002-cb5cf2af5e4a	3.6989700043360187	4.64611050886358			0.25	1.0
stratified_random_pair_5fold_non_headline	random-05	pocket_composition_ridge_S1	S1	RCSB-5OV8-AXN-KD	construct-002-cb5cf2af5e4a	4.7447274948966935	4.64611050886358			0.5737704918032787	1.0
stratified_random_pair_5fold_non_headline	random-05	pocket_composition_ridge_S1	S1	RCSB-7MRA-ZMJ-KD	construct-003-fbf3f5c695a3	7.086186147616283	5.9344529122799035			0.4727272727272727	1.0
stratified_random_pair_5fold_non_headline	random-05	pocket_composition_ridge_S1	S1	RCSB-5D26-L28-KD	construct-003-fbf3f5c695a3	6.0915149811213505	5.9344529122799035			0.609375	1.0
stratified_random_pair_5fold_non_headline	random-05	pocket_composition_ridge_S1	S1	RCSB-6Q3Y-HG5-KD	construct-003-fbf3f5c695a3	7.267606240177031	5.9344529122799035			0.7625	1.0
stratified_random_pair_5fold_non_headline	random-05	pocket_composition_ridge_S1	S1	RCSB-4AGQ-P96-KD	construct-004-a02c0b37ee39	5.0	4.5826512009665725			0.18571428571428572	1.0
stratified_random_pair_5fold_non_headline	random-05	pocket_composition_ridge_S1	S1	RCSB-5O1I-9GH-KD	construct-004-a02c0b37ee39	5.3979400086720375	4.5826512009665725			0.3870967741935484	1.0
stratified_random_pair_5fold_non_headline	random-05	pocket_composition_ridge_S1	S1	RCSB-6RQB-Q47-KD	construct-005-6f4aa0a92e90	6.337242168318426	5.258010380838382			0.6923076923076923	1.0
stratified_random_pair_5fold_non_headline	random-05	pocket_composition_ridge_S1	S1	RCSB-6RQ1-KE5-KD	construct-005-6f4aa0a92e90	4.400116927926312	5.258010380838382			0.717948717948718	1.0
stratified_random_pair_5fold_non_headline	random-05	pocket_composition_ridge_S1	S1	RCSB-6UIK-Q8M-KD	construct-006-4c5802bc11cc	6.3979400086720375	5.5570254336641165			0.6551724137931034	1.0
stratified_random_pair_5fold_non_headline	random-05	pocket_composition_ridge_S1	S1	RCSB-6UIF-Q8P-KD	construct-006-4c5802bc11cc	6.769551078621726	5.5570254336641165			0.7457627118644068	1.0
stratified_random_pair_5fold_non_headline	random-05	pocket_structure_ridge_S1	S1	RCSB-4UG6-XFJ-KD	construct-001-c5158f5b655d	5.571865205971211	4.658445622341775			0.8285714285714286	1.0
stratified_random_pair_5fold_non_headline	random-05	pocket_structure_ridge_S1	S1	RCSB-4UG7-1EV-KD	construct-001-c5158f5b655d	5.349692476868063	4.658445622341775			0.5813953488372093	1.0
stratified_random_pair_5fold_non_headline	random-05	pocket_structure_ridge_S1	S1	RCSB-4UGG-S5D-KD	construct-001-c5158f5b655d	4.59176003468815	4.658445622341775			0.509090909090909	1.0
stratified_random_pair_5fold_non_headline	random-05	pocket_structure_ridge_S1	S1	RCSB-5C85-4YO-KD	construct-002-cb5cf2af5e4a	3.9788107009300617	4.597755620054715			0.275	1.0
stratified_random_pair_5fold_non_headline	random-05	pocket_structure_ridge_S1	S1	RCSB-5C87-4YS-KD	construct-002-cb5cf2af5e4a	3.6989700043360187	4.597755620054715			0.2391304347826087	1.0
stratified_random_pair_5fold_non_headline	random-05	pocket_structure_ridge_S1	S1	RCSB-5DY7-5GT-KD	construct-002-cb5cf2af5e4a	3.6989700043360187	4.597755620054715			0.25	1.0
stratified_random_pair_5fold_non_headline	random-05	pocket_structure_ridge_S1	S1	RCSB-5OV8-AXN-KD	construct-002-cb5cf2af5e4a	4.7447274948966935	4.597755620054715			0.5737704918032787	1.0
stratified_random_pair_5fold_non_headline	random-05	pocket_structure_ridge_S1	S1	RCSB-7MRA-ZMJ-KD	construct-003-fbf3f5c695a3	7.086186147616283	6.08893365284918			0.4727272727272727	1.0
stratified_random_pair_5fold_non_headline	random-05	pocket_structure_ridge_S1	S1	RCSB-5D26-L28-KD	construct-003-fbf3f5c695a3	6.0915149811213505	6.08893365284918			0.609375	1.0
stratified_random_pair_5fold_non_headline	random-05	pocket_structure_ridge_S1	S1	RCSB-6Q3Y-HG5-KD	construct-003-fbf3f5c695a3	7.267606240177031	6.08893365284918			0.7625	1.0
stratified_random_pair_5fold_non_headline	random-05	pocket_structure_ridge_S1	S1	RCSB-4AGQ-P96-KD	construct-004-a02c0b37ee39	5.0	4.4899778533461925			0.18571428571428572	1.0
stratified_random_pair_5fold_non_headline	random-05	pocket_structure_ridge_S1	S1	RCSB-5O1I-9GH-KD	construct-004-a02c0b37ee39	5.3979400086720375	4.4899778533461925			0.3870967741935484	1.0
stratified_random_pair_5fold_non_headline	random-05	pocket_structure_ridge_S1	S1	RCSB-6RQB-Q47-KD	construct-005-6f4aa0a92e90	6.337242168318426	5.2725984972382465			0.6923076923076923	1.0
stratified_random_pair_5fold_non_headline	random-05	pocket_structure_ridge_S1	S1	RCSB-6RQ1-KE5-KD	construct-005-6f4aa0a92e90	4.400116927926312	5.2725984972382465			0.717948717948718	1.0
stratified_random_pair_5fold_non_headline	random-05	pocket_structure_ridge_S1	S1	RCSB-6UIK-Q8M-KD	construct-006-4c5802bc11cc	6.3979400086720375	5.653872456701388			0.6551724137931034	1.0
stratified_random_pair_5fold_non_headline	random-05	pocket_structure_ridge_S1	S1	RCSB-6UIF-Q8P-KD	construct-006-4c5802bc11cc	6.769551078621726	5.653872456701388			0.7457627118644068	1.0
stratified_random_pair_5fold_non_headline	random-05	concat_ecfp_pocket_ridge_S1	S1	RCSB-4UG6-XFJ-KD	construct-001-c5158f5b655d	5.571865205971211	4.7804199630671835			0.8285714285714286	1.0
stratified_random_pair_5fold_non_headline	random-05	concat_ecfp_pocket_ridge_S1	S1	RCSB-4UG7-1EV-KD	construct-001-c5158f5b655d	5.349692476868063	5.4397631194785525			0.5813953488372093	1.0
stratified_random_pair_5fold_non_headline	random-05	concat_ecfp_pocket_ridge_S1	S1	RCSB-4UGG-S5D-KD	construct-001-c5158f5b655d	4.59176003468815	4.926885176532242			0.509090909090909	1.0
stratified_random_pair_5fold_non_headline	random-05	concat_ecfp_pocket_ridge_S1	S1	RCSB-5C85-4YO-KD	construct-002-cb5cf2af5e4a	3.9788107009300617	4.816231712206194			0.275	1.0
stratified_random_pair_5fold_non_headline	random-05	concat_ecfp_pocket_ridge_S1	S1	RCSB-5C87-4YS-KD	construct-002-cb5cf2af5e4a	3.6989700043360187	4.51537420199157			0.2391304347826087	1.0
stratified_random_pair_5fold_non_headline	random-05	concat_ecfp_pocket_ridge_S1	S1	RCSB-5DY7-5GT-KD	construct-002-cb5cf2af5e4a	3.6989700043360187	4.305110427174409			0.25	1.0
stratified_random_pair_5fold_non_headline	random-05	concat_ecfp_pocket_ridge_S1	S1	RCSB-5OV8-AXN-KD	construct-002-cb5cf2af5e4a	4.7447274948966935	5.463368489648249			0.5737704918032787	1.0
stratified_random_pair_5fold_non_headline	random-05	concat_ecfp_pocket_ridge_S1	S1	RCSB-7MRA-ZMJ-KD	construct-003-fbf3f5c695a3	7.086186147616283	6.157466661365793			0.4727272727272727	1.0
stratified_random_pair_5fold_non_headline	random-05	concat_ecfp_pocket_ridge_S1	S1	RCSB-5D26-L28-KD	construct-003-fbf3f5c695a3	6.0915149811213505	5.709358014915497			0.609375	1.0
stratified_random_pair_5fold_non_headline	random-05	concat_ecfp_pocket_ridge_S1	S1	RCSB-6Q3Y-HG5-KD	construct-003-fbf3f5c695a3	7.267606240177031	7.105293162155812			0.7625	1.0
stratified_random_pair_5fold_non_headline	random-05	concat_ecfp_pocket_ridge_S1	S1	RCSB-4AGQ-P96-KD	construct-004-a02c0b37ee39	5.0	5.003182300611035			0.18571428571428572	1.0
stratified_random_pair_5fold_non_headline	random-05	concat_ecfp_pocket_ridge_S1	S1	RCSB-5O1I-9GH-KD	construct-004-a02c0b37ee39	5.3979400086720375	4.6840116580672975			0.3870967741935484	1.0
stratified_random_pair_5fold_non_headline	random-05	concat_ecfp_pocket_ridge_S1	S1	RCSB-6RQB-Q47-KD	construct-005-6f4aa0a92e90	6.337242168318426	5.537836292368078			0.6923076923076923	1.0
stratified_random_pair_5fold_non_headline	random-05	concat_ecfp_pocket_ridge_S1	S1	RCSB-6RQ1-KE5-KD	construct-005-6f4aa0a92e90	4.400116927926312	5.075634136163138			0.717948717948718	1.0
stratified_random_pair_5fold_non_headline	random-05	concat_ecfp_pocket_ridge_S1	S1	RCSB-6UIK-Q8M-KD	construct-006-4c5802bc11cc	6.3979400086720375	6.1404404347829855			0.6551724137931034	1.0
stratified_random_pair_5fold_non_headline	random-05	concat_ecfp_pocket_ridge_S1	S1	RCSB-6UIF-Q8P-KD	construct-006-4c5802bc11cc	6.769551078621726	6.328086326075764			0.7457627118644068	1.0
stratified_random_pair_5fold_non_headline	random-05	concat_gmolai_pocket_ridge_S1	S1	RCSB-4UG6-XFJ-KD	construct-001-c5158f5b655d	5.571865205971211	4.875882707676734			0.8285714285714286	1.0
stratified_random_pair_5fold_non_headline	random-05	concat_gmolai_pocket_ridge_S1	S1	RCSB-4UG7-1EV-KD	construct-001-c5158f5b655d	5.349692476868063	5.2643442233063125			0.5813953488372093	1.0
stratified_random_pair_5fold_non_headline	random-05	concat_gmolai_pocket_ridge_S1	S1	RCSB-4UGG-S5D-KD	construct-001-c5158f5b655d	4.59176003468815	4.887872336784085			0.509090909090909	1.0
stratified_random_pair_5fold_non_headline	random-05	concat_gmolai_pocket_ridge_S1	S1	RCSB-5C85-4YO-KD	construct-002-cb5cf2af5e4a	3.9788107009300617	4.77416367440232			0.275	1.0
stratified_random_pair_5fold_non_headline	random-05	concat_gmolai_pocket_ridge_S1	S1	RCSB-5C87-4YS-KD	construct-002-cb5cf2af5e4a	3.6989700043360187	3.4014208634206735			0.2391304347826087	1.0
stratified_random_pair_5fold_non_headline	random-05	concat_gmolai_pocket_ridge_S1	S1	RCSB-5DY7-5GT-KD	construct-002-cb5cf2af5e4a	3.6989700043360187	3.3453101932580656			0.25	1.0
stratified_random_pair_5fold_non_headline	random-05	concat_gmolai_pocket_ridge_S1	S1	RCSB-5OV8-AXN-KD	construct-002-cb5cf2af5e4a	4.7447274948966935	6.5359649632678165			0.5737704918032787	1.0
stratified_random_pair_5fold_non_headline	random-05	concat_gmolai_pocket_ridge_S1	S1	RCSB-7MRA-ZMJ-KD	construct-003-fbf3f5c695a3	7.086186147616283	6.470424890844779			0.4727272727272727	1.0
stratified_random_pair_5fold_non_headline	random-05	concat_gmolai_pocket_ridge_S1	S1	RCSB-5D26-L28-KD	construct-003-fbf3f5c695a3	6.0915149811213505	6.085018757588578			0.609375	1.0
stratified_random_pair_5fold_non_headline	random-05	concat_gmolai_pocket_ridge_S1	S1	RCSB-6Q3Y-HG5-KD	construct-003-fbf3f5c695a3	7.267606240177031	6.71426774347541			0.7625	1.0
stratified_random_pair_5fold_non_headline	random-05	concat_gmolai_pocket_ridge_S1	S1	RCSB-4AGQ-P96-KD	construct-004-a02c0b37ee39	5.0	5.6918488622720735			0.18571428571428572	1.0
stratified_random_pair_5fold_non_headline	random-05	concat_gmolai_pocket_ridge_S1	S1	RCSB-5O1I-9GH-KD	construct-004-a02c0b37ee39	5.3979400086720375	5.122085234426773			0.3870967741935484	1.0
stratified_random_pair_5fold_non_headline	random-05	concat_gmolai_pocket_ridge_S1	S1	RCSB-6RQB-Q47-KD	construct-005-6f4aa0a92e90	6.337242168318426	5.723313405145833			0.6923076923076923	1.0
stratified_random_pair_5fold_non_headline	random-05	concat_gmolai_pocket_ridge_S1	S1	RCSB-6RQ1-KE5-KD	construct-005-6f4aa0a92e90	4.400116927926312	5.180101116438108			0.717948717948718	1.0
stratified_random_pair_5fold_non_headline	random-05	concat_gmolai_pocket_ridge_S1	S1	RCSB-6UIK-Q8M-KD	construct-006-4c5802bc11cc	6.3979400086720375	6.1038145635486			0.6551724137931034	1.0
stratified_random_pair_5fold_non_headline	random-05	concat_gmolai_pocket_ridge_S1	S1	RCSB-6UIF-Q8P-KD	construct-006-4c5802bc11cc	6.769551078621726	6.479025364653055			0.7457627118644068	1.0
stratified_random_pair_5fold_non_headline	random-05	negative_pocket_permuted_concat_gmolai_S0	S0_negative_control	RCSB-4UG6-XFJ-KD	construct-001-c5158f5b655d	5.571865205971211	4.90907516123396			0.8285714285714286	1.0
stratified_random_pair_5fold_non_headline	random-05	negative_pocket_permuted_concat_gmolai_S0	S0_negative_control	RCSB-4UG7-1EV-KD	construct-001-c5158f5b655d	5.349692476868063	5.33279950950113			0.5813953488372093	1.0
stratified_random_pair_5fold_non_headline	random-05	negative_pocket_permuted_concat_gmolai_S0	S0_negative_control	RCSB-4UGG-S5D-KD	construct-001-c5158f5b655d	4.59176003468815	4.906667548890627			0.509090909090909	1.0
stratified_random_pair_5fold_non_headline	random-05	negative_pocket_permuted_concat_gmolai_S0	S0_negative_control	RCSB-5C85-4YO-KD	construct-002-cb5cf2af5e4a	3.9788107009300617	4.80161873493431			0.275	1.0
stratified_random_pair_5fold_non_headline	random-05	negative_pocket_permuted_concat_gmolai_S0	S0_negative_control	RCSB-5C87-4YS-KD	construct-002-cb5cf2af5e4a	3.6989700043360187	3.4079847120554523			0.2391304347826087	1.0
stratified_random_pair_5fold_non_headline	random-05	negative_pocket_permuted_concat_gmolai_S0	S0_negative_control	RCSB-5DY7-5GT-KD	construct-002-cb5cf2af5e4a	3.6989700043360187	3.402692659775695			0.25	1.0
stratified_random_pair_5fold_non_headline	random-05	negative_pocket_permuted_concat_gmolai_S0	S0_negative_control	RCSB-5OV8-AXN-KD	construct-002-cb5cf2af5e4a	4.7447274948966935	6.580749508803427			0.5737704918032787	1.0
stratified_random_pair_5fold_non_headline	random-05	negative_pocket_permuted_concat_gmolai_S0	S0_negative_control	RCSB-7MRA-ZMJ-KD	construct-003-fbf3f5c695a3	7.086186147616283	6.44308018338985			0.4727272727272727	1.0
stratified_random_pair_5fold_non_headline	random-05	negative_pocket_permuted_concat_gmolai_S0	S0_negative_control	RCSB-5D26-L28-KD	construct-003-fbf3f5c695a3	6.0915149811213505	6.011700076841063			0.609375	1.0
stratified_random_pair_5fold_non_headline	random-05	negative_pocket_permuted_concat_gmolai_S0	S0_negative_control	RCSB-6Q3Y-HG5-KD	construct-003-fbf3f5c695a3	7.267606240177031	6.690689169103359			0.7625	1.0
stratified_random_pair_5fold_non_headline	random-05	negative_pocket_permuted_concat_gmolai_S0	S0_negative_control	RCSB-4AGQ-P96-KD	construct-004-a02c0b37ee39	5.0	5.788432799282599			0.18571428571428572	1.0
stratified_random_pair_5fold_non_headline	random-05	negative_pocket_permuted_concat_gmolai_S0	S0_negative_control	RCSB-5O1I-9GH-KD	construct-004-a02c0b37ee39	5.3979400086720375	5.160146697412938			0.3870967741935484	1.0
stratified_random_pair_5fold_non_headline	random-05	negative_pocket_permuted_concat_gmolai_S0	S0_negative_control	RCSB-6RQB-Q47-KD	construct-005-6f4aa0a92e90	6.337242168318426	5.76220087812622			0.6923076923076923	1.0
stratified_random_pair_5fold_non_headline	random-05	negative_pocket_permuted_concat_gmolai_S0	S0_negative_control	RCSB-6RQ1-KE5-KD	construct-005-6f4aa0a92e90	4.400116927926312	5.167097622163194			0.717948717948718	1.0
stratified_random_pair_5fold_non_headline	random-05	negative_pocket_permuted_concat_gmolai_S0	S0_negative_control	RCSB-6UIK-Q8M-KD	construct-006-4c5802bc11cc	6.3979400086720375	6.100986118098191			0.6551724137931034	1.0
stratified_random_pair_5fold_non_headline	random-05	negative_pocket_permuted_concat_gmolai_S0	S0_negative_control	RCSB-6UIF-Q8P-KD	construct-006-4c5802bc11cc	6.769551078621726	6.453477451005148			0.7457627118644068	1.0
stratified_random_pair_5fold_non_headline	random-05	additive_gmolai_pocket_equal_S0	S0	RCSB-4UG6-XFJ-KD	construct-001-c5158f5b655d	5.571865205971211	4.901346642550864			0.8285714285714286	1.0
stratified_random_pair_5fold_non_headline	random-05	additive_gmolai_pocket_equal_S0	S0	RCSB-4UG7-1EV-KD	construct-001-c5158f5b655d	5.349692476868063	5.109957808144792			0.5813953488372093	1.0
stratified_random_pair_5fold_non_headline	random-05	additive_gmolai_pocket_equal_S0	S0	RCSB-4UGG-S5D-KD	construct-001-c5158f5b655d	4.59176003468815	4.918870817812484			0.509090909090909	1.0
stratified_random_pair_5fold_non_headline	random-05	additive_gmolai_pocket_equal_S0	S0	RCSB-5C85-4YO-KD	construct-002-cb5cf2af5e4a	3.9788107009300617	4.569442712711574			0.275	1.0
stratified_random_pair_5fold_non_headline	random-05	additive_gmolai_pocket_equal_S0	S0	RCSB-5C87-4YS-KD	construct-002-cb5cf2af5e4a	3.6989700043360187	4.044427253318217			0.2391304347826087	1.0
stratified_random_pair_5fold_non_headline	random-05	additive_gmolai_pocket_equal_S0	S0	RCSB-5DY7-5GT-KD	construct-002-cb5cf2af5e4a	3.6989700043360187	3.886083691457579			0.25	1.0
stratified_random_pair_5fold_non_headline	random-05	additive_gmolai_pocket_equal_S0	S0	RCSB-5OV8-AXN-KD	construct-002-cb5cf2af5e4a	4.7447274948966935	5.861157369579497			0.5737704918032787	1.0
stratified_random_pair_5fold_non_headline	random-05	additive_gmolai_pocket_equal_S0	S0	RCSB-7MRA-ZMJ-KD	construct-003-fbf3f5c695a3	7.086186147616283	6.081261619427593			0.4727272727272727	1.0
stratified_random_pair_5fold_non_headline	random-05	additive_gmolai_pocket_equal_S0	S0	RCSB-5D26-L28-KD	construct-003-fbf3f5c695a3	6.0915149811213505	5.960608600495975			0.609375	1.0
stratified_random_pair_5fold_non_headline	random-05	additive_gmolai_pocket_equal_S0	S0	RCSB-6Q3Y-HG5-KD	construct-003-fbf3f5c695a3	7.267606240177031	6.31764570824804			0.7625	1.0
stratified_random_pair_5fold_non_headline	random-05	additive_gmolai_pocket_equal_S0	S0	RCSB-4AGQ-P96-KD	construct-004-a02c0b37ee39	5.0	5.075375846092253			0.18571428571428572	1.0
stratified_random_pair_5fold_non_headline	random-05	additive_gmolai_pocket_equal_S0	S0	RCSB-5O1I-9GH-KD	construct-004-a02c0b37ee39	5.3979400086720375	4.864286352031536			0.3870967741935484	1.0
stratified_random_pair_5fold_non_headline	random-05	additive_gmolai_pocket_equal_S0	S0	RCSB-6RQB-Q47-KD	construct-005-6f4aa0a92e90	6.337242168318426	5.473331447640897			0.6923076923076923	1.0
stratified_random_pair_5fold_non_headline	random-05	additive_gmolai_pocket_equal_S0	S0	RCSB-6RQ1-KE5-KD	construct-005-6f4aa0a92e90	4.400116927926312	5.27617368054014			0.717948717948718	1.0
stratified_random_pair_5fold_non_headline	random-05	additive_gmolai_pocket_equal_S0	S0	RCSB-6UIK-Q8M-KD	construct-006-4c5802bc11cc	6.3979400086720375	5.849085077929988			0.6551724137931034	1.0
stratified_random_pair_5fold_non_headline	random-05	additive_gmolai_pocket_equal_S0	S0	RCSB-6UIF-Q8P-KD	construct-006-4c5802bc11cc	6.769551078621726	6.184214089459537			0.7457627118644068	1.0
stratified_random_pair_5fold_non_headline	random-05	additive_gmolai_pocket_equal_S1	S1	RCSB-4UG6-XFJ-KD	construct-001-c5158f5b655d	5.571865205971211	4.810323399825298			0.8285714285714286	1.0
stratified_random_pair_5fold_non_headline	random-05	additive_gmolai_pocket_equal_S1	S1	RCSB-4UG7-1EV-KD	construct-001-c5158f5b655d	5.349692476868063	5.048878813089911			0.5813953488372093	1.0
stratified_random_pair_5fold_non_headline	random-05	additive_gmolai_pocket_equal_S1	S1	RCSB-4UGG-S5D-KD	construct-001-c5158f5b655d	4.59176003468815	4.852972435833385			0.509090909090909	1.0
stratified_random_pair_5fold_non_headline	random-05	additive_gmolai_pocket_equal_S1	S1	RCSB-5C85-4YO-KD	construct-002-cb5cf2af5e4a	3.9788107009300617	4.594966405107654			0.275	1.0
stratified_random_pair_5fold_non_headline	random-05	additive_gmolai_pocket_equal_S1	S1	RCSB-5C87-4YS-KD	construct-002-cb5cf2af5e4a	3.6989700043360187	4.0615622459784			0.2391304347826087	1.0
stratified_random_pair_5fold_non_headline	random-05	additive_gmolai_pocket_equal_S1	S1	RCSB-5DY7-5GT-KD	construct-002-cb5cf2af5e4a	3.6989700043360187	3.9211285191043315			0.25	1.0
stratified_random_pair_5fold_non_headline	random-05	additive_gmolai_pocket_equal_S1	S1	RCSB-5OV8-AXN-KD	construct-002-cb5cf2af5e4a	4.7447274948966935	5.799269179681355			0.5737704918032787	1.0
stratified_random_pair_5fold_non_headline	random-05	additive_gmolai_pocket_equal_S1	S1	RCSB-7MRA-ZMJ-KD	construct-003-fbf3f5c695a3	7.086186147616283	6.090505358337544			0.4727272727272727	1.0
stratified_random_pair_5fold_non_headline	random-05	additive_gmolai_pocket_equal_S1	S1	RCSB-5D26-L28-KD	construct-003-fbf3f5c695a3	6.0915149811213505	5.964284477265953			0.609375	1.0
stratified_random_pair_5fold_non_headline	random-05	additive_gmolai_pocket_equal_S1	S1	RCSB-6Q3Y-HG5-KD	construct-003-fbf3f5c695a3	7.267606240177031	6.329524529496517			0.7625	1.0
stratified_random_pair_5fold_non_headline	random-05	additive_gmolai_pocket_equal_S1	S1	RCSB-4AGQ-P96-KD	construct-004-a02c0b37ee39	5.0	5.121181973492108			0.18571428571428572	1.0
stratified_random_pair_5fold_non_headline	random-05	additive_gmolai_pocket_equal_S1	S1	RCSB-5O1I-9GH-KD	construct-004-a02c0b37ee39	5.3979400086720375	4.885931742456264			0.3870967741935484	1.0
stratified_random_pair_5fold_non_headline	random-05	additive_gmolai_pocket_equal_S1	S1	RCSB-6RQB-Q47-KD	construct-005-6f4aa0a92e90	6.337242168318426	5.468241591688958			0.6923076923076923	1.0
stratified_random_pair_5fold_non_headline	random-05	additive_gmolai_pocket_equal_S1	S1	RCSB-6RQ1-KE5-KD	construct-005-6f4aa0a92e90	4.400116927926312	5.25860501800436			0.717948717948718	1.0
stratified_random_pair_5fold_non_headline	random-05	additive_gmolai_pocket_equal_S1	S1	RCSB-6UIK-Q8M-KD	construct-006-4c5802bc11cc	6.3979400086720375	5.851947295016903			0.6551724137931034	1.0
stratified_random_pair_5fold_non_headline	random-05	additive_gmolai_pocket_equal_S1	S1	RCSB-6UIF-Q8P-KD	construct-006-4c5802bc11cc	6.769551078621726	6.188413924671877			0.7457627118644068	1.0
stratified_random_pair_5fold_non_headline	random-05	ligand_ecfp_knn	ligand_only	RCSB-4UG6-XFJ-KD	construct-001-c5158f5b655d	5.571865205971211	4.946721371714001	RCSB-4UG5-XFK-KD	0.8285714285714286	0.8285714285714286	1.0
stratified_random_pair_5fold_non_headline	random-05	ligand_ecfp_knn	ligand_only	RCSB-4UG7-1EV-KD	construct-001-c5158f5b655d	5.349692476868063	4.984347551058541	RCSB-4UG5-XFK-KD	0.5813953488372093	0.5813953488372093	1.0
stratified_random_pair_5fold_non_headline	random-05	ligand_ecfp_knn	ligand_only	RCSB-4UGG-S5D-KD	construct-001-c5158f5b655d	4.59176003468815	4.846523627484756	RCSB-4UGH-4V4-KD	0.509090909090909	0.509090909090909	1.0
stratified_random_pair_5fold_non_headline	random-05	ligand_ecfp_knn	ligand_only	RCSB-5C85-4YO-KD	construct-002-cb5cf2af5e4a	3.9788107009300617	4.917845363510002	RCSB-5EPS-5QX-KD	0.275	0.275	1.0
stratified_random_pair_5fold_non_headline	random-05	ligand_ecfp_knn	ligand_only	RCSB-5C87-4YS-KD	construct-002-cb5cf2af5e4a	3.6989700043360187	4.4495194099492075	RCSB-5D7X-XZ8-KD	0.2391304347826087	0.2391304347826087	1.0
stratified_random_pair_5fold_non_headline	random-05	ligand_ecfp_knn	ligand_only	RCSB-5DY7-5GT-KD	construct-002-cb5cf2af5e4a	3.6989700043360187	4.100828505357068	RCSB-5EPS-5QX-KD	0.25	0.25	1.0
stratified_random_pair_5fold_non_headline	random-05	ligand_ecfp_knn	ligand_only	RCSB-5OV8-AXN-KD	construct-002-cb5cf2af5e4a	4.7447274948966935	5.966639597710038	RCSB-5O4S-9KW-KD	0.5737704918032787	0.5737704918032787	1.0
stratified_random_pair_5fold_non_headline	random-05	ligand_ecfp_knn	ligand_only	RCSB-7MRA-ZMJ-KD	construct-003-fbf3f5c695a3	7.086186147616283	6.400307228454584	RCSB-7MR9-ZMM-KD	0.4727272727272727	0.4727272727272727	1.0
stratified_random_pair_5fold_non_headline	random-05	ligand_ecfp_knn	ligand_only	RCSB-5D26-L28-KD	construct-003-fbf3f5c695a3	6.0915149811213505	5.59596386367167	RCSB-5D3L-57F-KD	0.609375	0.609375	1.0
stratified_random_pair_5fold_non_headline	random-05	ligand_ecfp_knn	ligand_only	RCSB-6Q3Y-HG5-KD	construct-003-fbf3f5c695a3	7.267606240177031	7.291686715001782	RCSB-6Q3Z-HG8-KD	0.7625	0.7625	1.0
stratified_random_pair_5fold_non_headline	random-05	ligand_ecfp_knn	ligand_only	RCSB-4AGQ-P96-KD	construct-004-a02c0b37ee39	5.0	4.735279059606585	RCSB-5O1B-9H2-KD	0.18571428571428572	0.18571428571428572	1.0
stratified_random_pair_5fold_non_headline	random-05	ligand_ecfp_knn	ligand_only	RCSB-5O1I-9GH-KD	construct-004-a02c0b37ee39	5.3979400086720375	4.7302167709251774	RCSB-5O1D-9GW-KD	0.3870967741935484	0.3870967741935484	1.0
stratified_random_pair_5fold_non_headline	random-05	ligand_ecfp_knn	ligand_only	RCSB-6RQB-Q47-KD	construct-005-6f4aa0a92e90	6.337242168318426	5.801413104617229	RCSB-6RQ0-KE2-KD	0.6923076923076923	0.6923076923076923	1.0
stratified_random_pair_5fold_non_headline	random-05	ligand_ecfp_knn	ligand_only	RCSB-6RQ1-KE5-KD	construct-005-6f4aa0a92e90	4.400116927926312	4.886603220594587	RCSB-6RQ3-OUC-KD	0.717948717948718	0.717948717948718	1.0
stratified_random_pair_5fold_non_headline	random-05	ligand_ecfp_knn	ligand_only	RCSB-6UIK-Q8M-KD	construct-006-4c5802bc11cc	6.3979400086720375	6.8839159522646405	RCSB-6UJ4-Q8S-KD	0.6551724137931034	0.6551724137931034	1.0
stratified_random_pair_5fold_non_headline	random-05	ligand_ecfp_knn	ligand_only	RCSB-6UIF-Q8P-KD	construct-006-4c5802bc11cc	6.769551078621726	6.8831864110775145	RCSB-6UJ4-Q8S-KD	0.7457627118644068	0.7457627118644068	1.0
stratified_random_pair_5fold_non_headline	random-05	ligand_gmolai_knn	ligand_only	RCSB-4UG6-XFJ-KD	construct-001-c5158f5b655d	5.571865205971211	4.927135763756281	RCSB-4UG5-XFK-KD	0.9990614683345391	0.8285714285714286	1.0
stratified_random_pair_5fold_non_headline	random-05	ligand_gmolai_knn	ligand_only	RCSB-4UG7-1EV-KD	construct-001-c5158f5b655d	5.349692476868063	4.949561866705471	RCSB-4UG5-XFK-KD	0.9444415428262722	0.5813953488372093	1.0
stratified_random_pair_5fold_non_headline	random-05	ligand_gmolai_knn	ligand_only	RCSB-4UGG-S5D-KD	construct-001-c5158f5b655d	4.59176003468815	4.937816038034661	RCSB-4UG5-XFK-KD	0.9398395450154376	0.509090909090909	1.0
stratified_random_pair_5fold_non_headline	random-05	ligand_gmolai_knn	ligand_only	RCSB-5C85-4YO-KD	construct-002-cb5cf2af5e4a	3.9788107009300617	4.064231923922001	RCSB-5EPR-5QY-KD	0.775420953058219	0.275	1.0
stratified_random_pair_5fold_non_headline	random-05	ligand_gmolai_knn	ligand_only	RCSB-5C87-4YS-KD	construct-002-cb5cf2af5e4a	3.6989700043360187	4.066216924561258	RCSB-5EM3-5Q0-KD	0.790157544375333	0.2391304347826087	1.0
stratified_random_pair_5fold_non_headline	random-05	ligand_gmolai_knn	ligand_only	RCSB-5DY7-5GT-KD	construct-002-cb5cf2af5e4a	3.6989700043360187	4.060315880225575	RCSB-5EPS-5QX-KD	0.6758463959401133	0.25	1.0
stratified_random_pair_5fold_non_headline	random-05	ligand_gmolai_knn	ligand_only	RCSB-5OV8-AXN-KD	construct-002-cb5cf2af5e4a	4.7447274948966935	6.903986837675569	RCSB-5O4S-9KW-KD	0.8855733466668256	0.5737704918032787	1.0
stratified_random_pair_5fold_non_headline	random-05	ligand_gmolai_knn	ligand_only	RCSB-7MRA-ZMJ-KD	construct-003-fbf3f5c695a3	7.086186147616283	5.397594353080921	RCSB-7MR9-ZMM-KD	0.8142773565943568	0.4727272727272727	1.0
stratified_random_pair_5fold_non_headline	random-05	ligand_gmolai_knn	ligand_only	RCSB-5D26-L28-KD	construct-003-fbf3f5c695a3	6.0915149811213505	5.432613649058654	RCSB-5D3L-57F-KD	0.9291343186449423	0.609375	1.0
stratified_random_pair_5fold_non_headline	random-05	ligand_gmolai_knn	ligand_only	RCSB-6Q3Y-HG5-KD	construct-003-fbf3f5c695a3	7.267606240177031	7.129879395673607	RCSB-6Q3Z-HG8-KD	0.8824537364088686	0.7625	1.0
stratified_random_pair_5fold_non_headline	random-05	ligand_gmolai_knn	ligand_only	RCSB-4AGQ-P96-KD	construct-004-a02c0b37ee39	5.0	4.6286640253605285	RCSB-4UGO-1QF-KD	0.5748092605199262	0.18571428571428572	1.0
stratified_random_pair_5fold_non_headline	random-05	ligand_gmolai_knn	ligand_only	RCSB-5O1I-9GH-KD	construct-004-a02c0b37ee39	5.3979400086720375	4.735455220822112	RCSB-5O1H-9GN-KD	0.8288393463435486	0.3870967741935484	1.0
stratified_random_pair_5fold_non_headline	random-05	ligand_gmolai_knn	ligand_only	RCSB-6RQB-Q47-KD	construct-005-6f4aa0a92e90	6.337242168318426	5.777938756719828	RCSB-6RQD-KEW-KD	0.9892475107095311	0.6923076923076923	1.0
stratified_random_pair_5fold_non_headline	random-05	ligand_gmolai_knn	ligand_only	RCSB-6RQ1-KE5-KD	construct-005-6f4aa0a92e90	4.400116927926312	4.950767802662875	RCSB-6RQ0-KE2-KD	0.9981857699520998	0.717948717948718	1.0
stratified_random_pair_5fold_non_headline	random-05	ligand_gmolai_knn	ligand_only	RCSB-6UIK-Q8M-KD	construct-006-4c5802bc11cc	6.3979400086720375	6.792747039437982	RCSB-6UJ4-Q8S-KD	0.9685555812842843	0.6551724137931034	1.0
stratified_random_pair_5fold_non_headline	random-05	ligand_gmolai_knn	ligand_only	RCSB-6UIF-Q8P-KD	construct-006-4c5802bc11cc	6.769551078621726	6.893233230605649	RCSB-6UOZ-QF1-KD	0.9021157610415753	0.7457627118644068	1.0
stratified_random_pair_5fold_non_headline	random-05	protein_sequence_identity_knn	sequence_only	RCSB-4UG6-XFJ-KD	construct-001-c5158f5b655d	5.571865205971211	5.5700721165716915	RCSB-4UG5-XFK-KD	1.0	0.8285714285714286	1.0
stratified_random_pair_5fold_non_headline	random-05	protein_sequence_identity_knn	sequence_only	RCSB-4UG7-1EV-KD	construct-001-c5158f5b655d	5.349692476868063	5.5700721165716915	RCSB-4UG5-XFK-KD	1.0	0.5813953488372093	1.0
stratified_random_pair_5fold_non_headline	random-05	protein_sequence_identity_knn	sequence_only	RCSB-4UGG-S5D-KD	construct-001-c5158f5b655d	4.59176003468815	5.5700721165716915	RCSB-4UG5-XFK-KD	1.0	0.509090909090909	1.0
stratified_random_pair_5fold_non_headline	random-05	protein_sequence_identity_knn	sequence_only	RCSB-5C85-4YO-KD	construct-002-cb5cf2af5e4a	3.9788107009300617	4.27463624698144	RCSB-5D7X-XZ8-KD	1.0	0.275	1.0
stratified_random_pair_5fold_non_headline	random-05	protein_sequence_identity_knn	sequence_only	RCSB-5C87-4YS-KD	construct-002-cb5cf2af5e4a	3.6989700043360187	4.27463624698144	RCSB-5D7X-XZ8-KD	1.0	0.2391304347826087	1.0
stratified_random_pair_5fold_non_headline	random-05	protein_sequence_identity_knn	sequence_only	RCSB-5DY7-5GT-KD	construct-002-cb5cf2af5e4a	3.6989700043360187	4.27463624698144	RCSB-5D7X-XZ8-KD	1.0	0.25	1.0
stratified_random_pair_5fold_non_headline	random-05	protein_sequence_identity_knn	sequence_only	RCSB-5OV8-AXN-KD	construct-002-cb5cf2af5e4a	4.7447274948966935	4.27463624698144	RCSB-5D7X-XZ8-KD	1.0	0.5737704918032787	1.0
stratified_random_pair_5fold_non_headline	random-05	protein_sequence_identity_knn	sequence_only	RCSB-7MRA-ZMJ-KD	construct-003-fbf3f5c695a3	7.086186147616283	6.583589456120912	RCSB-4O76-1M3-KD	1.0	0.4727272727272727	1.0
stratified_random_pair_5fold_non_headline	random-05	protein_sequence_identity_knn	sequence_only	RCSB-5D26-L28-KD	construct-003-fbf3f5c695a3	6.0915149811213505	6.583589456120912	RCSB-4O76-1M3-KD	1.0	0.609375	1.0
stratified_random_pair_5fold_non_headline	random-05	protein_sequence_identity_knn	sequence_only	RCSB-6Q3Y-HG5-KD	construct-003-fbf3f5c695a3	7.267606240177031	6.583589456120912	RCSB-4O76-1M3-KD	1.0	0.7625	1.0
stratified_random_pair_5fold_non_headline	random-05	protein_sequence_identity_knn	sequence_only	RCSB-4AGQ-P96-KD	construct-004-a02c0b37ee39	5.0	4.441224088706226	RCSB-5AOJ-Y0V-KD	1.0	0.18571428571428572	1.0
stratified_random_pair_5fold_non_headline	random-05	protein_sequence_identity_knn	sequence_only	RCSB-5O1I-9GH-KD	construct-004-a02c0b37ee39	5.3979400086720375	4.441224088706226	RCSB-5AOJ-Y0V-KD	1.0	0.3870967741935484	1.0
stratified_random_pair_5fold_non_headline	random-05	protein_sequence_identity_knn	sequence_only	RCSB-6RQB-Q47-KD	construct-005-6f4aa0a92e90	6.337242168318426	4.926543455849536	RCSB-6RQ0-KE2-KD	1.0	0.6923076923076923	1.0
stratified_random_pair_5fold_non_headline	random-05	protein_sequence_identity_knn	sequence_only	RCSB-6RQ1-KE5-KD	construct-005-6f4aa0a92e90	4.400116927926312	4.926543455849536	RCSB-6RQ0-KE2-KD	1.0	0.717948717948718	1.0
stratified_random_pair_5fold_non_headline	random-05	protein_sequence_identity_knn	sequence_only	RCSB-6UIK-Q8M-KD	construct-006-4c5802bc11cc	6.3979400086720375	6.581440475477997	RCSB-6U5M-Q0S-KD	1.0	0.6551724137931034	1.0
stratified_random_pair_5fold_non_headline	random-05	protein_sequence_identity_knn	sequence_only	RCSB-6UIF-Q8P-KD	construct-006-4c5802bc11cc	6.769551078621726	6.581440475477997	RCSB-6U5M-Q0S-KD	1.0	0.7457627118644068	1.0
stratified_random_pair_5fold_non_headline	random-05	pocket_structure_knn_S0	S0	RCSB-4UG6-XFJ-KD	construct-001-c5158f5b655d	5.571865205971211	4.407064931300397	RCSB-4UGB-QJ7-KD	0.8540291603813776	0.8285714285714286	1.0
stratified_random_pair_5fold_non_headline	random-05	pocket_structure_knn_S0	S0	RCSB-4UG7-1EV-KD	construct-001-c5158f5b655d	5.349692476868063	4.206507632964212	RCSB-4UGB-QJ7-KD	0.8944986775891214	0.5813953488372093	1.0
stratified_random_pair_5fold_non_headline	random-05	pocket_structure_knn_S0	S0	RCSB-4UGG-S5D-KD	construct-001-c5158f5b655d	4.59176003468815	5.004753609153432	RCSB-4UG8-HW1-KD	0.8457846938125488	0.509090909090909	1.0
stratified_random_pair_5fold_non_headline	random-05	pocket_structure_knn_S0	S0	RCSB-5C85-4YO-KD	construct-002-cb5cf2af5e4a	3.9788107009300617	3.8159037206368303	RCSB-5EPR-5QY-KD	0.8763284364348045	0.275	1.0
stratified_random_pair_5fold_non_headline	random-05	pocket_structure_knn_S0	S0	RCSB-5C87-4YS-KD	construct-002-cb5cf2af5e4a	3.6989700043360187	4.08321439672264	RCSB-5O5A-9LN-KD	0.8874926618060772	0.2391304347826087	1.0
stratified_random_pair_5fold_non_headline	random-05	pocket_structure_knn_S0	S0	RCSB-5DY7-5GT-KD	construct-002-cb5cf2af5e4a	3.6989700043360187	4.063244887961564	RCSB-5EPS-5QX-KD	0.8525991132645856	0.25	1.0
stratified_random_pair_5fold_non_headline	random-05	pocket_structure_knn_S0	S0	RCSB-5OV8-AXN-KD	construct-002-cb5cf2af5e4a	4.7447274948966935	4.55013428437449	RCSB-5O4S-9KW-KD	0.9039753334318243	0.5737704918032787	1.0
stratified_random_pair_5fold_non_headline	random-05	pocket_structure_knn_S0	S0	RCSB-7MRA-ZMJ-KD	construct-003-fbf3f5c695a3	7.086186147616283	6.278706278083016	RCSB-7MR9-ZMM-KD	0.8828568691056063	0.4727272727272727	1.0
stratified_random_pair_5fold_non_headline	random-05	pocket_structure_knn_S0	S0	RCSB-5D26-L28-KD	construct-003-fbf3f5c695a3	6.0915149811213505	6.096762016175579	RCSB-7MR9-ZMM-KD	0.8992337648767917	0.609375	1.0
stratified_random_pair_5fold_non_headline	random-05	pocket_structure_knn_S0	S0	RCSB-6Q3Y-HG5-KD	construct-003-fbf3f5c695a3	7.267606240177031	7.014331523198543	RCSB-4O76-1M3-KD	0.897871949119822	0.7625	1.0
stratified_random_pair_5fold_non_headline	random-05	pocket_structure_knn_S0	S0	RCSB-4AGQ-P96-KD	construct-004-a02c0b37ee39	5.0	4.1948880455473585	RCSB-5O1B-9H2-KD	0.8225179087243901	0.18571428571428572	1.0
stratified_random_pair_5fold_non_headline	random-05	pocket_structure_knn_S0	S0	RCSB-5O1I-9GH-KD	construct-004-a02c0b37ee39	5.3979400086720375	3.831275802241995	RCSB-8A92-LE9-KD	0.837298080073508	0.3870967741935484	1.0
stratified_random_pair_5fold_non_headline	random-05	pocket_structure_knn_S0	S0	RCSB-6RQB-Q47-KD	construct-005-6f4aa0a92e90	6.337242168318426	5.770993022507113	RCSB-6RQD-KEW-KD	0.993448316731541	0.6923076923076923	1.0
stratified_random_pair_5fold_non_headline	random-05	pocket_structure_knn_S0	S0	RCSB-6RQ1-KE5-KD	construct-005-6f4aa0a92e90	4.400116927926312	5.121911302288146	RCSB-6RQ3-OUC-KD	0.9510846353204842	0.717948717948718	1.0
stratified_random_pair_5fold_non_headline	random-05	pocket_structure_knn_S0	S0	RCSB-6UIK-Q8M-KD	construct-006-4c5802bc11cc	6.3979400086720375	5.019664632437747	RCSB-6UHY-Q8G-KD	0.8424143566153296	0.6551724137931034	1.0
stratified_random_pair_5fold_non_headline	random-05	pocket_structure_knn_S0	S0	RCSB-6UIF-Q8P-KD	construct-006-4c5802bc11cc	6.769551078621726	6.695504695721255	RCSB-6UOZ-QF1-KD	0.8803207218962766	0.7457627118644068	1.0
stratified_random_pair_5fold_non_headline	random-05	two_sided_ecfp_pocket_knn_S0	S0	RCSB-4UG6-XFJ-KD	construct-001-c5158f5b655d	5.571865205971211	4.909746733327776	RCSB-4UG5-XFK-KD	0.8399482097973703	0.8285714285714286	1.0
stratified_random_pair_5fold_non_headline	random-05	two_sided_ecfp_pocket_knn_S0	S0	RCSB-4UG7-1EV-KD	construct-001-c5158f5b655d	5.349692476868063	4.922093678928866	RCSB-4UG5-XFK-KD	0.6948368165925911	0.5813953488372093	1.0
stratified_random_pair_5fold_non_headline	random-05	two_sided_ecfp_pocket_knn_S0	S0	RCSB-4UGG-S5D-KD	construct-001-c5158f5b655d	4.59176003468815	4.8601756268741605	RCSB-4UGH-4V4-KD	0.6454276661931027	0.509090909090909	1.0
stratified_random_pair_5fold_non_headline	random-05	two_sided_ecfp_pocket_knn_S0	S0	RCSB-5C85-4YO-KD	construct-002-cb5cf2af5e4a	3.9788107009300617	4.098241876249512	RCSB-5EPS-5QX-KD	0.48182282277559196	0.275	1.0
stratified_random_pair_5fold_non_headline	random-05	two_sided_ecfp_pocket_knn_S0	S0	RCSB-5C87-4YS-KD	construct-002-cb5cf2af5e4a	3.6989700043360187	4.242298772225312	RCSB-5D7X-XZ8-KD	0.44345754942234195	0.2391304347826087	1.0
stratified_random_pair_5fold_non_headline	random-05	two_sided_ecfp_pocket_knn_S0	S0	RCSB-5DY7-5GT-KD	construct-002-cb5cf2af5e4a	3.6989700043360187	4.083735709240509	RCSB-5EPS-5QX-KD	0.4616814684564959	0.25	1.0
stratified_random_pair_5fold_non_headline	random-05	two_sided_ecfp_pocket_knn_S0	S0	RCSB-5OV8-AXN-KD	construct-002-cb5cf2af5e4a	4.7447274948966935	5.822531282553933	RCSB-5O4S-9KW-KD	0.7201905106575694	0.5737704918032787	1.0
stratified_random_pair_5fold_non_headline	random-05	two_sided_ecfp_pocket_knn_S0	S0	RCSB-7MRA-ZMJ-KD	construct-003-fbf3f5c695a3	7.086186147616283	6.9306638491641825	RCSB-7MR9-ZMM-KD	0.6460267176679554	0.4727272727272727	1.0
stratified_random_pair_5fold_non_headline	random-05	two_sided_ecfp_pocket_knn_S0	S0	RCSB-5D26-L28-KD	construct-003-fbf3f5c695a3	6.0915149811213505	5.489478135857296	RCSB-5D3L-57F-KD	0.7337480508796649	0.609375	1.0
stratified_random_pair_5fold_non_headline	random-05	two_sided_ecfp_pocket_knn_S0	S0	RCSB-6Q3Y-HG5-KD	construct-003-fbf3f5c695a3	7.267606240177031	7.175013797700286	RCSB-6Q3Z-HG8-KD	0.7801399259674897	0.7625	1.0
stratified_random_pair_5fold_non_headline	random-05	two_sided_ecfp_pocket_knn_S0	S0	RCSB-4AGQ-P96-KD	construct-004-a02c0b37ee39	5.0	4.439741925898309	RCSB-5O1B-9H2-KD	0.39083669979411884	0.18571428571428572	1.0
stratified_random_pair_5fold_non_headline	random-05	two_sided_ecfp_pocket_knn_S0	S0	RCSB-5O1I-9GH-KD	construct-004-a02c0b37ee39	5.3979400086720375	4.729702147490075	RCSB-5AOJ-Y0V-KD	0.5334137988101781	0.3870967741935484	1.0
stratified_random_pair_5fold_non_headline	random-05	two_sided_ecfp_pocket_knn_S0	S0	RCSB-6RQB-Q47-KD	construct-005-6f4aa0a92e90	6.337242168318426	5.763845306929284	RCSB-6RQD-KEW-KD	0.8293201502335359	0.6923076923076923	1.0
stratified_random_pair_5fold_non_headline	random-05	two_sided_ecfp_pocket_knn_S0	S0	RCSB-6RQ1-KE5-KD	construct-005-6f4aa0a92e90	4.400116927926312	4.894719783362155	RCSB-6RQ3-OUC-KD	0.826335279767883	0.717948717948718	1.0
stratified_random_pair_5fold_non_headline	random-05	two_sided_ecfp_pocket_knn_S0	S0	RCSB-6UIK-Q8M-KD	construct-006-4c5802bc11cc	6.3979400086720375	6.888380912677227	RCSB-6UJ4-Q8S-KD	0.7054386306463659	0.6551724137931034	1.0
stratified_random_pair_5fold_non_headline	random-05	two_sided_ecfp_pocket_knn_S0	S0	RCSB-6UIF-Q8P-KD	construct-006-4c5802bc11cc	6.769551078621726	6.8881208551936375	RCSB-6UJ4-Q8S-KD	0.8033067472827602	0.7457627118644068	1.0
stratified_random_pair_5fold_non_headline	random-05	pocket_structure_knn_S1	S1	RCSB-4UG6-XFJ-KD	construct-001-c5158f5b655d	5.571865205971211	5.5700721165716915	RCSB-4UG5-XFK-KD	1.0	0.8285714285714286	1.0
stratified_random_pair_5fold_non_headline	random-05	pocket_structure_knn_S1	S1	RCSB-4UG7-1EV-KD	construct-001-c5158f5b655d	5.349692476868063	5.5700721165716915	RCSB-4UG5-XFK-KD	1.0	0.5813953488372093	1.0
stratified_random_pair_5fold_non_headline	random-05	pocket_structure_knn_S1	S1	RCSB-4UGG-S5D-KD	construct-001-c5158f5b655d	4.59176003468815	5.5700721165716915	RCSB-4UG5-XFK-KD	1.0	0.509090909090909	1.0
stratified_random_pair_5fold_non_headline	random-05	pocket_structure_knn_S1	S1	RCSB-5C85-4YO-KD	construct-002-cb5cf2af5e4a	3.9788107009300617	4.27463624698144	RCSB-5D7X-XZ8-KD	1.0	0.275	1.0
stratified_random_pair_5fold_non_headline	random-05	pocket_structure_knn_S1	S1	RCSB-5C87-4YS-KD	construct-002-cb5cf2af5e4a	3.6989700043360187	4.27463624698144	RCSB-5D7X-XZ8-KD	1.0	0.2391304347826087	1.0
stratified_random_pair_5fold_non_headline	random-05	pocket_structure_knn_S1	S1	RCSB-5DY7-5GT-KD	construct-002-cb5cf2af5e4a	3.6989700043360187	4.27463624698144	RCSB-5D7X-XZ8-KD	1.0	0.25	1.0
stratified_random_pair_5fold_non_headline	random-05	pocket_structure_knn_S1	S1	RCSB-5OV8-AXN-KD	construct-002-cb5cf2af5e4a	4.7447274948966935	4.27463624698144	RCSB-5D7X-XZ8-KD	1.0	0.5737704918032787	1.0
stratified_random_pair_5fold_non_headline	random-05	pocket_structure_knn_S1	S1	RCSB-7MRA-ZMJ-KD	construct-003-fbf3f5c695a3	7.086186147616283	6.583589456120912	RCSB-4O76-1M3-KD	1.0	0.4727272727272727	1.0
stratified_random_pair_5fold_non_headline	random-05	pocket_structure_knn_S1	S1	RCSB-5D26-L28-KD	construct-003-fbf3f5c695a3	6.0915149811213505	6.583589456120912	RCSB-4O76-1M3-KD	1.0	0.609375	1.0
stratified_random_pair_5fold_non_headline	random-05	pocket_structure_knn_S1	S1	RCSB-6Q3Y-HG5-KD	construct-003-fbf3f5c695a3	7.267606240177031	6.583589456120912	RCSB-4O76-1M3-KD	1.0	0.7625	1.0
stratified_random_pair_5fold_non_headline	random-05	pocket_structure_knn_S1	S1	RCSB-4AGQ-P96-KD	construct-004-a02c0b37ee39	5.0	4.441224088706226	RCSB-5AOJ-Y0V-KD	1.0	0.18571428571428572	1.0
stratified_random_pair_5fold_non_headline	random-05	pocket_structure_knn_S1	S1	RCSB-5O1I-9GH-KD	construct-004-a02c0b37ee39	5.3979400086720375	4.441224088706226	RCSB-5AOJ-Y0V-KD	1.0	0.3870967741935484	1.0
stratified_random_pair_5fold_non_headline	random-05	pocket_structure_knn_S1	S1	RCSB-6RQB-Q47-KD	construct-005-6f4aa0a92e90	6.337242168318426	4.926543455849536	RCSB-6RQ0-KE2-KD	1.0	0.6923076923076923	1.0
stratified_random_pair_5fold_non_headline	random-05	pocket_structure_knn_S1	S1	RCSB-6RQ1-KE5-KD	construct-005-6f4aa0a92e90	4.400116927926312	4.926543455849536	RCSB-6RQ0-KE2-KD	1.0	0.717948717948718	1.0
stratified_random_pair_5fold_non_headline	random-05	pocket_structure_knn_S1	S1	RCSB-6UIK-Q8M-KD	construct-006-4c5802bc11cc	6.3979400086720375	6.581440475477997	RCSB-6U5M-Q0S-KD	1.0	0.6551724137931034	1.0
stratified_random_pair_5fold_non_headline	random-05	pocket_structure_knn_S1	S1	RCSB-6UIF-Q8P-KD	construct-006-4c5802bc11cc	6.769551078621726	6.581440475477997	RCSB-6U5M-Q0S-KD	1.0	0.7457627118644068	1.0
stratified_random_pair_5fold_non_headline	random-05	two_sided_ecfp_pocket_knn_S1	S1	RCSB-4UG6-XFJ-KD	construct-001-c5158f5b655d	5.571865205971211	4.902760645278186	RCSB-4UG5-XFK-KD	0.9102589898327995	0.8285714285714286	1.0
stratified_random_pair_5fold_non_headline	random-05	two_sided_ecfp_pocket_knn_S1	S1	RCSB-4UG7-1EV-KD	construct-001-c5158f5b655d	5.349692476868063	4.936257708272137	RCSB-4UG5-XFK-KD	0.7624928516630234	0.5813953488372093	1.0
stratified_random_pair_5fold_non_headline	random-05	two_sided_ecfp_pocket_knn_S1	S1	RCSB-4UGG-S5D-KD	construct-001-c5158f5b655d	4.59176003468815	4.866724612249065	RCSB-4UGH-4V4-KD	0.7135060680126757	0.509090909090909	1.0
stratified_random_pair_5fold_non_headline	random-05	two_sided_ecfp_pocket_knn_S1	S1	RCSB-5C85-4YO-KD	construct-002-cb5cf2af5e4a	3.9788107009300617	4.089563607795946	RCSB-5EPS-5QX-KD	0.5244044240850758	0.275	1.0
stratified_random_pair_5fold_non_headline	random-05	two_sided_ecfp_pocket_knn_S1	S1	RCSB-5C87-4YS-KD	construct-002-cb5cf2af5e4a	3.6989700043360187	4.4386049494603705	RCSB-5D7X-XZ8-KD	0.48900964692182575	0.2391304347826087	1.0
stratified_random_pair_5fold_non_headline	random-05	two_sided_ecfp_pocket_knn_S1	S1	RCSB-5DY7-5GT-KD	construct-002-cb5cf2af5e4a	3.6989700043360187	4.075885900562665	RCSB-5EPS-5QX-KD	0.5	0.25	1.0
stratified_random_pair_5fold_non_headline	random-05	two_sided_ecfp_pocket_knn_S1	S1	RCSB-5OV8-AXN-KD	construct-002-cb5cf2af5e4a	4.7447274948966935	5.904029320414464	RCSB-5O4S-9KW-KD	0.7574763968621587	0.5737704918032787	1.0
stratified_random_pair_5fold_non_headline	random-05	two_sided_ecfp_pocket_knn_S1	S1	RCSB-7MRA-ZMJ-KD	construct-003-fbf3f5c695a3	7.086186147616283	6.951939657100736	RCSB-7MR9-ZMM-KD	0.6875516509523286	0.4727272727272727	1.0
stratified_random_pair_5fold_non_headline	random-05	two_sided_ecfp_pocket_knn_S1	S1	RCSB-5D26-L28-KD	construct-003-fbf3f5c695a3	6.0915149811213505	5.447685870089725	RCSB-5D3L-57F-KD	0.7806247497997998	0.609375	1.0
stratified_random_pair_5fold_non_headline	random-05	two_sided_ecfp_pocket_knn_S1	S1	RCSB-6Q3Y-HG5-KD	construct-003-fbf3f5c695a3	7.267606240177031	7.178153515734903	RCSB-6Q3Z-HG8-KD	0.873212459828649	0.7625	1.0
stratified_random_pair_5fold_non_headline	random-05	two_sided_ecfp_pocket_knn_S1	S1	RCSB-4AGQ-P96-KD	construct-004-a02c0b37ee39	5.0	4.736049700779674	RCSB-5O1B-9H2-KD	0.4309458036856673	0.18571428571428572	1.0
stratified_random_pair_5fold_non_headline	random-05	two_sided_ecfp_pocket_knn_S1	S1	RCSB-5O1I-9GH-KD	construct-004-a02c0b37ee39	5.3979400086720375	4.7299806018457256	RCSB-5O1D-9GW-KD	0.6221710168382552	0.3870967741935484	1.0
stratified_random_pair_5fold_non_headline	random-05	two_sided_ecfp_pocket_knn_S1	S1	RCSB-6RQB-Q47-KD	construct-005-6f4aa0a92e90	6.337242168318426	5.801413104617229	RCSB-6RQ0-KE2-KD	0.8320502943378437	0.6923076923076923	1.0
stratified_random_pair_5fold_non_headline	random-05	two_sided_ecfp_pocket_knn_S1	S1	RCSB-6RQ1-KE5-KD	construct-005-6f4aa0a92e90	4.400116927926312	4.906584199032205	RCSB-6RQ3-OUC-KD	0.8473185457363234	0.717948717948718	1.0
stratified_random_pair_5fold_non_headline	random-05	two_sided_ecfp_pocket_knn_S1	S1	RCSB-6UIK-Q8M-KD	construct-006-4c5802bc11cc	6.3979400086720375	6.888510862179063	RCSB-6UJ4-Q8S-KD	0.8094272134003795	0.6551724137931034	1.0
stratified_random_pair_5fold_non_headline	random-05	two_sided_ecfp_pocket_knn_S1	S1	RCSB-6UIF-Q8P-KD	construct-006-4c5802bc11cc	6.769551078621726	6.887819303443967	RCSB-6UJ4-Q8S-KD	0.8635755391767456	0.7457627118644068	1.0
