series_id_1	series_id_2	relations	full_sequence_identity	local_site_identity	maximum_cross_ligand_tanimoto
G3S-014e4407ee50fa22	G3S-88577c122fa18c76	exact_target_sequence;full_sequence_identity;local_site_identity	1	0.8	0.22972973
G3S-014e4407ee50fa22	G3S-a620d876229e4fc4	exact_target_sequence;full_sequence_identity;local_site_identity	1	0.837837838	0.154761905
G3S-03ecbf7361b64421	G3S-f223745e3dee7f3b	ligand_tanimoto	0.222222222	0.131578947	0.37704918
G3S-03ecbf7361b64421	G3S-f42b5d20c7dcac28	exact_nonempty_scaffold;exact_target_sequence;full_sequence_identity;ligand_tanimoto;local_site_identity	1	0.857142857	1
G3S-05e5316778a15c3d	G3S-0bab6c6bc8b2a701	exact_nonempty_scaffold;ligand_tanimoto;shared_measurement_publication	0.180434783	0.303030303	1
G3S-05e5316778a15c3d	G3S-0d5679149226e010	local_site_identity	0.238146552	0.5625	0.205882353
G3S-05e5316778a15c3d	G3S-0e7a45fa2fa81e87	exact_nonempty_scaffold;ligand_tanimoto;shared_measurement_publication	0.212322275	0.322580645	1
G3S-05e5316778a15c3d	G3S-1a63362a8e320bf6	exact_nonempty_scaffold;ligand_tanimoto;local_site_identity;shared_measurement_publication	0.208333333	0.533333333	1
G3S-05e5316778a15c3d	G3S-1c0e277b223f8a0b	exact_nonempty_scaffold;ligand_tanimoto	0.243265993	0.321428571	1
G3S-05e5316778a15c3d	G3S-202cfb8f48e8667e	ligand_tanimoto	0.199259259	0.115384615	0.370967742
G3S-05e5316778a15c3d	G3S-26ebb6597af3437e	exact_nonempty_scaffold;ligand_tanimoto;local_site_identity	0.23655914	0.571428571	1
G3S-05e5316778a15c3d	G3S-2c433f19c7979794	exact_nonempty_scaffold;exact_target_sequence;full_sequence_identity;ligand_tanimoto;local_site_identity;shared_reference_structure_publication	1	1	1
G3S-05e5316778a15c3d	G3S-376e479668e27e8e	exact_nonempty_scaffold;ligand_tanimoto	0.149462366	0.333333333	1
G3S-05e5316778a15c3d	G3S-3c0a0829e923c91d	ligand_tanimoto	0.213842975	0.310344828	0.391304348
G3S-05e5316778a15c3d	G3S-3e5852180ea6848b	exact_nonempty_scaffold;ligand_tanimoto	0.221615721	0.424242424	1
G3S-05e5316778a15c3d	G3S-4273fdd1b3b53cb7	exact_nonempty_scaffold;ligand_tanimoto;shared_measurement_publication	0.212184874	0.366666667	1
G3S-05e5316778a15c3d	G3S-430a406ff1fdb9e6	exact_nonempty_scaffold;ligand_tanimoto	0.219204656	0.392857143	1
G3S-05e5316778a15c3d	G3S-449b0375368ffc0f	ligand_tanimoto	0.197183099	0.115384615	0.350649351
G3S-05e5316778a15c3d	G3S-45df1c88b560ec4f	exact_nonempty_scaffold;ligand_tanimoto	0.212030075	0.366666667	1
G3S-05e5316778a15c3d	G3S-46586ac6273ff065	exact_nonempty_scaffold;ligand_tanimoto;shared_measurement_publication	0.270050761	0.3	1
G3S-05e5316778a15c3d	G3S-4c1b91d17d81423a	exact_nonempty_scaffold;ligand_tanimoto;shared_measurement_publication	0.146608315	0.230769231	1
G3S-05e5316778a15c3d	G3S-4e6759c45d9a6b9b	exact_nonempty_scaffold;ligand_tanimoto	0.167386609	0.321428571	1
G3S-05e5316778a15c3d	G3S-502e01631feedf35	exact_nonempty_scaffold;ligand_tanimoto;shared_measurement_publication	0.221615721	0.424242424	1
G3S-05e5316778a15c3d	G3S-55930eb8673c0eee	exact_nonempty_scaffold;ligand_tanimoto;local_site_identity;shared_measurement_publication	0.232104121	0.5	1
G3S-05e5316778a15c3d	G3S-5dd0b4d457e8529a	exact_nonempty_scaffold;ligand_tanimoto;local_site_identity	0.220668221	0.5	1
G3S-05e5316778a15c3d	G3S-69e1fcfda0e309e8	exact_nonempty_scaffold;ligand_tanimoto;local_site_identity;shared_measurement_publication	0.248623853	0.653846154	1
G3S-05e5316778a15c3d	G3S-6e529abe43b8b245	exact_nonempty_scaffold;ligand_tanimoto;local_site_identity;shared_measurement_publication	0.22046589	0.551724138	1
G3S-05e5316778a15c3d	G3S-780095ecb7b0162a	exact_nonempty_scaffold;ligand_tanimoto;shared_measurement_publication	0.240478781	0.413793103	1
G3S-05e5316778a15c3d	G3S-7a52256b4ab19efa	exact_nonempty_scaffold;ligand_tanimoto;local_site_identity;shared_measurement_publication	0.253745318	0.535714286	1
G3S-05e5316778a15c3d	G3S-7ad16b5be174b17e	exact_nonempty_scaffold;ligand_tanimoto	0.167386609	0.296296296	1
G3S-05e5316778a15c3d	G3S-7c94d7d05a9d2f85	exact_nonempty_scaffold;ligand_tanimoto;local_site_identity;shared_measurement_publication	0.23655914	0.535714286	1
G3S-05e5316778a15c3d	G3S-7f4093cbfc6a5ba7	exact_nonempty_scaffold;ligand_tanimoto;local_site_identity	0.220668221	0.5	1
G3S-05e5316778a15c3d	G3S-82da8121de6eeecd	exact_nonempty_scaffold;ligand_tanimoto	0.212030075	0.366666667	1
G3S-05e5316778a15c3d	G3S-8379ede84125ecb5	exact_nonempty_scaffold;ligand_tanimoto	0.212030075	0.366666667	1
G3S-05e5316778a15c3d	G3S-8447070a69d51ab5	exact_nonempty_scaffold;ligand_tanimoto;local_site_identity	0.253745318	0.535714286	1
G3S-05e5316778a15c3d	G3S-8908716879facb98	exact_nonempty_scaffold;ligand_tanimoto	0.212030075	0.366666667	1
G3S-05e5316778a15c3d	G3S-96b21ba0d0525be3	exact_nonempty_scaffold;ligand_tanimoto	0.296645702	0.393939394	1
G3S-05e5316778a15c3d	G3S-a5df04a0e400b0db	exact_nonempty_scaffold;ligand_tanimoto;local_site_identity	0.22046589	0.551724138	1
G3S-05e5316778a15c3d	G3S-a607f21d0b792e74	exact_nonempty_scaffold;ligand_tanimoto;local_site_identity;shared_measurement_publication	0.199566161	0.538461538	1
G3S-05e5316778a15c3d	G3S-a8d224cda1a84a3f	exact_nonempty_scaffold;ligand_tanimoto;shared_measurement_publication	0.215959004	0.37037037	1
G3S-05e5316778a15c3d	G3S-a96a5730efc90a42	exact_nonempty_scaffold;ligand_tanimoto;shared_measurement_publication	0.243265993	0.272727273	1
G3S-05e5316778a15c3d	G3S-accf02b6dbaa6894	exact_nonempty_scaffold;ligand_tanimoto	0.166301969	0.375	1
G3S-05e5316778a15c3d	G3S-adf3d9017899d822	ligand_tanimoto	0.167938931	0.0384615385	0.362068966
G3S-05e5316778a15c3d	G3S-b4e4bb5af0b8b2c1	ligand_tanimoto	0.167938931	0.0384615385	0.362068966
G3S-05e5316778a15c3d	G3S-b96988cabeb69917	exact_nonempty_scaffold;ligand_tanimoto;shared_measurement_publication	0.166301969	0.296296296	1
G3S-05e5316778a15c3d	G3S-ba437efd56c85d19	exact_nonempty_scaffold;ligand_tanimoto	0.212030075	0.366666667	1
G3S-05e5316778a15c3d	G3S-bd97b6205fe27668	exact_nonempty_scaffold;ligand_tanimoto;shared_measurement_publication	0.246212121	0.387096774	1
G3S-05e5316778a15c3d	G3S-c4c2e34a716f6ae6	exact_nonempty_scaffold;ligand_tanimoto	0.166301969	0.321428571	1
G3S-05e5316778a15c3d	G3S-c5d1969627a8c3f1	exact_nonempty_scaffold;ligand_tanimoto;shared_measurement_publication	0.213842975	0.357142857	1
G3S-05e5316778a15c3d	G3S-c6c69878bad91dca	exact_nonempty_scaffold;ligand_tanimoto;shared_measurement_publication	0.241482966	0.322580645	1
G3S-05e5316778a15c3d	G3S-cac62a85af1d2834	exact_nonempty_scaffold;ligand_tanimoto;shared_measurement_publication	0.210876133	0.285714286	1
G3S-05e5316778a15c3d	G3S-d183c9dc36c1eaef	ligand_tanimoto	0.193899782	0.35483871	0.391304348
G3S-05e5316778a15c3d	G3S-d1de2bf2f08fcf46	exact_nonempty_scaffold;ligand_tanimoto;shared_measurement_publication	0.215789474	0.357142857	1
G3S-05e5316778a15c3d	G3S-d207c324846b2507	exact_nonempty_scaffold;ligand_tanimoto;shared_measurement_publication	0.193442623	0.387096774	1
G3S-05e5316778a15c3d	G3S-d3c114d403b4f6e6	ligand_tanimoto	0.241482966	0.322580645	0.472972973
G3S-05e5316778a15c3d	G3S-d587ea9877aeacf1	exact_nonempty_scaffold;ligand_tanimoto;shared_measurement_publication	0.212030075	0.366666667	1
G3S-05e5316778a15c3d	G3S-d5eff434a516ab97	exact_nonempty_scaffold;ligand_tanimoto;shared_measurement_publication	0.296645702	0.393939394	1
G3S-05e5316778a15c3d	G3S-da6a7a5b92d16f5d	exact_nonempty_scaffold;ligand_tanimoto	0.212030075	0.366666667	1
G3S-05e5316778a15c3d	G3S-dc79a9836344f3ec	exact_nonempty_scaffold;ligand_tanimoto;local_site_identity	0.248623853	0.653846154	1
G3S-05e5316778a15c3d	G3S-dd8aacb779840031	exact_nonempty_scaffold;ligand_tanimoto;local_site_identity	0.155982906	0.535714286	1
G3S-05e5316778a15c3d	G3S-de2a24cde8ae391c	exact_nonempty_scaffold;ligand_tanimoto;shared_measurement_publication	0.253881279	0.407407407	1
G3S-05e5316778a15c3d	G3S-e3b2a2841a5b18a5	exact_nonempty_scaffold;ligand_tanimoto;shared_measurement_publication	0.247892074	0.466666667	1
G3S-05e5316778a15c3d	G3S-e710b4e67d7724f9	exact_nonempty_scaffold;ligand_tanimoto	0.212030075	0.366666667	1
G3S-05e5316778a15c3d	G3S-f2318d3b76296c29	exact_nonempty_scaffold;ligand_tanimoto;local_site_identity	0.220668221	0.5	1
G3S-05e5316778a15c3d	G3S-f4966ebce19de7c0	exact_nonempty_scaffold;ligand_tanimoto	0.247892074	0.466666667	1
G3S-05e5316778a15c3d	G3S-f9b101ab9b60896c	exact_nonempty_scaffold;ligand_tanimoto	0.243265993	0.272727273	1
G3S-05e5316778a15c3d	G3S-fb6cb3a33814d85e	local_site_identity	0.2	0.555555556	0.337662338
G3S-05e5316778a15c3d	G3S-fb7593ab116f7278	exact_nonempty_scaffold	0.140197152	0.0769230769	0.267605634
G3S-05e5316778a15c3d	G3S-fc8dc45b48055767	exact_nonempty_scaffold;ligand_tanimoto	0.212322275	0.444444444	1
G3S-0b24543ec45bef8f	G3S-1b71410cb988afba	ligand_tanimoto	0.207476636	0.173913043	0.355555556
G3S-0b24543ec45bef8f	G3S-6fbd681c38d3a2a2	ligand_tanimoto	0.22326454	0.1	0.360655738
G3S-0b24543ec45bef8f	G3S-9236ab9d73532a9d	exact_nonempty_scaffold	0.21010333	0.235294118	0.271186441
G3S-0b24543ec45bef8f	G3S-929205c457d12bfd	ligand_tanimoto	0.126272912	0.235294118	0.367346939
G3S-0b24543ec45bef8f	G3S-a38e7f40310e2c16	ligand_tanimoto	0.187390543	0.178571429	0.366666667
G3S-0b24543ec45bef8f	G3S-ab8ecdc323a69568	exact_nonempty_scaffold	0.219123506	0.24	0.218181818
G3S-0b24543ec45bef8f	G3S-c8b189267b8c3242	ligand_tanimoto	0.210131332	0.0555555556	0.355555556
G3S-0bab6c6bc8b2a701	G3S-0e7a45fa2fa81e87	exact_nonempty_scaffold;ligand_tanimoto;shared_measurement_publication	0.168818272	0.264705882	1
G3S-0bab6c6bc8b2a701	G3S-1a63362a8e320bf6	exact_nonempty_scaffold;ligand_tanimoto;shared_measurement_publication	0.152019002	0.277777778	1
G3S-0bab6c6bc8b2a701	G3S-1c0e277b223f8a0b	exact_nonempty_scaffold;ligand_tanimoto	0.1558669	0.25	1
G3S-0bab6c6bc8b2a701	G3S-202cfb8f48e8667e	ligand_tanimoto	0.151310861	0.147058824	0.357142857
G3S-0bab6c6bc8b2a701	G3S-26ebb6597af3437e	exact_nonempty_scaffold;ligand_tanimoto	0.221666667	0.258064516	1
G3S-0bab6c6bc8b2a701	G3S-2c433f19c7979794	exact_nonempty_scaffold;ligand_tanimoto	0.180434783	0.303030303	1
G3S-0bab6c6bc8b2a701	G3S-376e479668e27e8e	exact_nonempty_scaffold;ligand_tanimoto	0.272289157	0.34375	1
G3S-0bab6c6bc8b2a701	G3S-3c0a0829e923c91d	ligand_tanimoto	0.193758127	0.323529412	0.391304348
G3S-0bab6c6bc8b2a701	G3S-3e5852180ea6848b	exact_nonempty_scaffold;ligand_tanimoto	0.256603774	0.272727273	1
G3S-0bab6c6bc8b2a701	G3S-4273fdd1b3b53cb7	exact_nonempty_scaffold;ligand_tanimoto;shared_measurement_publication	0.206636501	0.272727273	1
G3S-0bab6c6bc8b2a701	G3S-430a406ff1fdb9e6	exact_nonempty_scaffold;ligand_tanimoto	0.17983368	0.233333333	1
G3S-0bab6c6bc8b2a701	G3S-45df1c88b560ec4f	exact_nonempty_scaffold;ligand_tanimoto	0.142530488	0.285714286	1
G3S-0bab6c6bc8b2a701	G3S-46586ac6273ff065	exact_nonempty_scaffold;ligand_tanimoto;shared_measurement_publication	0.188633615	0.257142857	1
G3S-0bab6c6bc8b2a701	G3S-4c1b91d17d81423a	exact_nonempty_scaffold;ligand_tanimoto;shared_measurement_publication	0.25862069	0.242424242	1
G3S-0bab6c6bc8b2a701	G3S-4e6759c45d9a6b9b	exact_nonempty_scaffold;ligand_tanimoto	0.25813449	0.25	1
G3S-0bab6c6bc8b2a701	G3S-502e01631feedf35	exact_nonempty_scaffold;ligand_tanimoto;shared_measurement_publication	0.256603774	0.272727273	1
G3S-0bab6c6bc8b2a701	G3S-55930eb8673c0eee	exact_nonempty_scaffold;ligand_tanimoto;shared_measurement_publication	0.20361991	0.242424242	1
G3S-0bab6c6bc8b2a701	G3S-5dd0b4d457e8529a	exact_nonempty_scaffold;ligand_tanimoto	0.157072368	0.25	1
G3S-0bab6c6bc8b2a701	G3S-69e1fcfda0e309e8	exact_nonempty_scaffold;ligand_tanimoto;shared_measurement_publication	0.163163163	0.1875	1
G3S-0bab6c6bc8b2a701	G3S-6e529abe43b8b245	exact_nonempty_scaffold;ligand_tanimoto;shared_measurement_publication	0.153130288	0.242424242	1
G3S-0bab6c6bc8b2a701	G3S-780095ecb7b0162a	exact_nonempty_scaffold;ligand_tanimoto;shared_measurement_publication	0.205564142	0.166666667	1
G3S-0bab6c6bc8b2a701	G3S-7a52256b4ab19efa	exact_nonempty_scaffold;ligand_tanimoto;shared_measurement_publication	0.174395161	0.225806452	1
G3S-0bab6c6bc8b2a701	G3S-7ad16b5be174b17e	exact_nonempty_scaffold;ligand_tanimoto	0.25813449	0.225806452	1
G3S-0bab6c6bc8b2a701	G3S-7c94d7d05a9d2f85	exact_nonempty_scaffold;ligand_tanimoto;shared_measurement_publication	0.221666667	0.277777778	1
G3S-0bab6c6bc8b2a701	G3S-7f4093cbfc6a5ba7	exact_nonempty_scaffold;ligand_tanimoto	0.157072368	0.264705882	1
G3S-0bab6c6bc8b2a701	G3S-82da8121de6eeecd	exact_nonempty_scaffold;ligand_tanimoto	0.142530488	0.285714286	1
G3S-0bab6c6bc8b2a701	G3S-8379ede84125ecb5	exact_nonempty_scaffold;ligand_tanimoto	0.142530488	0.285714286	1
G3S-0bab6c6bc8b2a701	G3S-8447070a69d51ab5	exact_nonempty_scaffold;ligand_tanimoto	0.174395161	0.225806452	1
G3S-0bab6c6bc8b2a701	G3S-8908716879facb98	exact_nonempty_scaffold;ligand_tanimoto	0.142530488	0.285714286	1
G3S-0bab6c6bc8b2a701	G3S-96b21ba0d0525be3	exact_nonempty_scaffold;ligand_tanimoto	0.187424426	0.323529412	1
G3S-0bab6c6bc8b2a701	G3S-a5df04a0e400b0db	exact_nonempty_scaffold;ligand_tanimoto	0.153130288	0.242424242	1
G3S-0bab6c6bc8b2a701	G3S-a607f21d0b792e74	exact_nonempty_scaffold;ligand_tanimoto;shared_measurement_publication	0.219924812	0.2	1
G3S-0bab6c6bc8b2a701	G3S-a8d224cda1a84a3f	exact_nonempty_scaffold;ligand_tanimoto;shared_measurement_publication	0.143281366	0.242424242	1
G3S-0bab6c6bc8b2a701	G3S-a96a5730efc90a42	exact_nonempty_scaffold;ligand_tanimoto;shared_measurement_publication	0.1558669	0.222222222	1
G3S-0bab6c6bc8b2a701	G3S-b96988cabeb69917	exact_nonempty_scaffold;ligand_tanimoto;shared_measurement_publication	0.253488372	0.233333333	1
G3S-0bab6c6bc8b2a701	G3S-bd97b6205fe27668	exact_nonempty_scaffold;ligand_tanimoto;shared_measurement_publication	0.176348548	0.28125	1
G3S-0bab6c6bc8b2a701	G3S-c5d1969627a8c3f1	exact_nonempty_scaffold;ligand_tanimoto;shared_measurement_publication	0.193758127	0.25	1
G3S-0bab6c6bc8b2a701	G3S-c6c69878bad91dca	exact_nonempty_scaffold;ligand_tanimoto;shared_measurement_publication	0.204161248	0.25	1
G3S-0bab6c6bc8b2a701	G3S-cac62a85af1d2834	exact_nonempty_scaffold;ligand_tanimoto;shared_measurement_publication	0.134401973	0.294117647	1
G3S-0bab6c6bc8b2a701	G3S-d183c9dc36c1eaef	ligand_tanimoto	0.24904943	0.242424242	0.391304348
G3S-0bab6c6bc8b2a701	G3S-d1de2bf2f08fcf46	exact_nonempty_scaffold;ligand_tanimoto;shared_measurement_publication	0.193211488	0.242424242	1
G3S-0bab6c6bc8b2a701	G3S-d207c324846b2507	exact_nonempty_scaffold;ligand_tanimoto;shared_measurement_publication	0.225621415	0.303030303	1
G3S-0bab6c6bc8b2a701	G3S-d3c114d403b4f6e6	ligand_tanimoto	0.204161248	0.25	0.410714286
G3S-0bab6c6bc8b2a701	G3S-d587ea9877aeacf1	exact_nonempty_scaffold;ligand_tanimoto;shared_measurement_publication	0.142530488	0.285714286	1
G3S-0bab6c6bc8b2a701	G3S-d5eff434a516ab97	exact_nonempty_scaffold;ligand_tanimoto;shared_measurement_publication	0.187424426	0.323529412	1
G3S-0bab6c6bc8b2a701	G3S-da6a7a5b92d16f5d	exact_nonempty_scaffold;ligand_tanimoto	0.142530488	0.285714286	1
G3S-0bab6c6bc8b2a701	G3S-dc79a9836344f3ec	exact_nonempty_scaffold;ligand_tanimoto	0.163163163	0.1875	1
G3S-0bab6c6bc8b2a701	G3S-dd8aacb779840031	exact_nonempty_scaffold;ligand_tanimoto	0.259803922	0.225806452	1
G3S-0bab6c6bc8b2a701	G3S-de2a24cde8ae391c	exact_nonempty_scaffold;ligand_tanimoto;shared_measurement_publication	0.162162162	0.258064516	1
G3S-0bab6c6bc8b2a701	G3S-e3b2a2841a5b18a5	exact_nonempty_scaffold;ligand_tanimoto;shared_measurement_publication	0.175470009	0.305555556	1
G3S-0bab6c6bc8b2a701	G3S-e710b4e67d7724f9	exact_nonempty_scaffold;ligand_tanimoto	0.142530488	0.285714286	1
G3S-0bab6c6bc8b2a701	G3S-f2318d3b76296c29	exact_nonempty_scaffold;ligand_tanimoto	0.157072368	0.264705882	1
G3S-0bab6c6bc8b2a701	G3S-f4966ebce19de7c0	exact_nonempty_scaffold;ligand_tanimoto	0.175470009	0.305555556	1
G3S-0bab6c6bc8b2a701	G3S-f9b101ab9b60896c	exact_nonempty_scaffold;ligand_tanimoto	0.1558669	0.222222222	1
G3S-0bab6c6bc8b2a701	G3S-fc8dc45b48055767	exact_nonempty_scaffold;ligand_tanimoto	0.168818272	0.28125	1
G3S-0c2b41bb223d8483	G3S-202cfb8f48e8667e	exact_target_sequence;full_sequence_identity	1	0.461538462	0.229885057
G3S-0c2b41bb223d8483	G3S-ab9150ed0ce52416	exact_nonempty_scaffold;exact_target_sequence;full_sequence_identity;ligand_tanimoto;local_site_identity	1	0.739130435	1
G3S-0c3aa3eea1cd9401	G3S-2b9565c8dc248e0b	ligand_tanimoto	0.198224852	0.166666667	0.351851852
G3S-0c3aa3eea1cd9401	G3S-4be267e9de455895	ligand_tanimoto	0.149038462	0.161290323	0.452380952
G3S-0c3aa3eea1cd9401	G3S-517155e5e2356899	ligand_tanimoto	0.169322709	0.111111111	0.414634146
G3S-0c3aa3eea1cd9401	G3S-57f29a986d5123ab	exact_nonempty_scaffold;ligand_tanimoto	0.198224852	0.136363636	0.509090909
G3S-0c3aa3eea1cd9401	G3S-78b1342acf926183	ligand_tanimoto	0.149038462	0.178571429	0.452380952
G3S-0c3aa3eea1cd9401	G3S-adf3d9017899d822	ligand_tanimoto	0.222551929	0.153846154	0.365384615
G3S-0c3aa3eea1cd9401	G3S-b4e4bb5af0b8b2c1	ligand_tanimoto	0.222551929	0.153846154	0.365384615
G3S-0c3aa3eea1cd9401	G3S-ba437efd56c85d19	ligand_tanimoto	0.0976353928	0.206896552	0.395833333
G3S-0c3aa3eea1cd9401	G3S-d5f2b3941320fd29	ligand_tanimoto	0.147874307	0.111111111	0.357142857
G3S-0c3aa3eea1cd9401	G3S-da6a7a5b92d16f5d	ligand_tanimoto	0.0976353928	0.206896552	0.395833333
G3S-0c3aa3eea1cd9401	G3S-e9de90d69aed4dc3	ligand_tanimoto	0.169322709	0.0909090909	0.375
G3S-0d24eaa6dbc2665b	G3S-0d5679149226e010	exact_nonempty_scaffold;ligand_tanimoto	0.21124031	0.129032258	0.4
G3S-0d24eaa6dbc2665b	G3S-0ea60d28ec9de0d1	exact_nonempty_scaffold;exact_target_sequence;full_sequence_identity;ligand_tanimoto;local_site_identity	1	0.826086957	0.488372093
G3S-0d24eaa6dbc2665b	G3S-133873650167b89b	exact_nonempty_scaffold;ligand_tanimoto	0.152148664	0.15	0.442307692
G3S-0d24eaa6dbc2665b	G3S-16762270570b655a	full_sequence_identity;ligand_tanimoto;local_site_identity	0.599236641	0.666666667	0.425925926
G3S-0d24eaa6dbc2665b	G3S-197e79eddc015708	exact_nonempty_scaffold	0.174757282	0.137931034	0.315789474
G3S-0d24eaa6dbc2665b	G3S-1b71410cb988afba	exact_nonempty_scaffold	0.17611336	0.136363636	0.272727273
G3S-0d24eaa6dbc2665b	G3S-1da601ed70459098	exact_nonempty_scaffold;full_sequence_identity;ligand_tanimoto;local_site_identity	0.599236641	0.64	0.479166667
G3S-0d24eaa6dbc2665b	G3S-1da6d0a5126035e0	exact_nonempty_scaffold	0.0671580672	0.125	0.294117647
G3S-0d24eaa6dbc2665b	G3S-1eca1a7c2461b4f9	exact_nonempty_scaffold;ligand_tanimoto;local_site_identity	0.281337047	0.64	0.479166667
G3S-0d24eaa6dbc2665b	G3S-202ee41d5bfc94ab	exact_nonempty_scaffold;ligand_tanimoto	0.174757282	0.0869565217	0.425531915
G3S-0d24eaa6dbc2665b	G3S-226cff22b3a4602b	exact_nonempty_scaffold	0.18370607	0.138888889	0.228070175
G3S-0d24eaa6dbc2665b	G3S-23caf31f263f2dc4	exact_target_sequence;full_sequence_identity;local_site_identity	1	0.739130435	0.196078431
G3S-0d24eaa6dbc2665b	G3S-250da33ec2756fd5	exact_target_sequence;full_sequence_identity;ligand_tanimoto;local_site_identity	1	0.826086957	0.425925926
G3S-0d24eaa6dbc2665b	G3S-32c08173ec26bea9	exact_nonempty_scaffold;ligand_tanimoto;local_site_identity	0.213983051	0.592592593	0.479166667
G3S-0d24eaa6dbc2665b	G3S-34388e65af3203f8	exact_nonempty_scaffold	0.166666667	0.225806452	0.228070175
G3S-0d24eaa6dbc2665b	G3S-36aa31d3bfd96971	exact_target_sequence;full_sequence_identity;local_site_identity	1	0.869565217	0.208955224
G3S-0d24eaa6dbc2665b	G3S-3a221f3683b786e1	exact_nonempty_scaffold	0.151088348	0.15	0.204545455
G3S-0d24eaa6dbc2665b	G3S-3bfb2092ea669ef8	exact_nonempty_scaffold	0.113469985	0	0.24137931
G3S-0d24eaa6dbc2665b	G3S-40a467bbafdc73d8	ligand_tanimoto;local_site_identity	0.281337047	0.666666667	0.479166667
G3S-0d24eaa6dbc2665b	G3S-496a96ccb09a0048	exact_nonempty_scaffold	0.186084142	0.2	0.228070175
G3S-0d24eaa6dbc2665b	G3S-49ed2ea8183b105c	exact_target_sequence;full_sequence_identity;ligand_tanimoto;local_site_identity	1	0.818181818	0.44
G3S-0d24eaa6dbc2665b	G3S-4be267e9de455895	exact_nonempty_scaffold	0.165064103	0.0967741935	0.345679012
G3S-0d24eaa6dbc2665b	G3S-4f4f25ce439afb73	exact_target_sequence;full_sequence_identity;local_site_identity	1	0.826086957	0.327272727
G3S-0d24eaa6dbc2665b	G3S-517155e5e2356899	exact_nonempty_scaffold	0.195266272	0.15	0.2
G3S-0d24eaa6dbc2665b	G3S-51759ead81a2003d	exact_nonempty_scaffold	0.200757576	0.3	0.232142857
G3S-0d24eaa6dbc2665b	G3S-57758481291b0ab8	exact_nonempty_scaffold	0.167938931	0.15	0.253521127
G3S-0d24eaa6dbc2665b	G3S-59125c7fdb97217d	exact_nonempty_scaffold;ligand_tanimoto;local_site_identity	0.281337047	0.64	0.488372093
G3S-0d24eaa6dbc2665b	G3S-6fbd681c38d3a2a2	exact_nonempty_scaffold	0.200803213	0.05	0.238095238
G3S-0d24eaa6dbc2665b	G3S-70ec124b3b4163f0	exact_nonempty_scaffold	0.140608604	0.15	0.25862069
G3S-0d24eaa6dbc2665b	G3S-72740991b3279a1e	exact_nonempty_scaffold	0.0613919895	0.15	0.227272727
G3S-0d24eaa6dbc2665b	G3S-8468ef8a559bdade	ligand_tanimoto;local_site_identity	0.281337047	0.64	0.425925926
G3S-0d24eaa6dbc2665b	G3S-86c78a56d4596857	full_sequence_identity;ligand_tanimoto;local_site_identity	0.599236641	0.64	0.425925926
G3S-0d24eaa6dbc2665b	G3S-8fb4021f4421ad5b	ligand_tanimoto	0.119341564	0.15	0.353846154
G3S-0d24eaa6dbc2665b	G3S-9236ab9d73532a9d	exact_nonempty_scaffold	0.152148664	0.1	0.297297297
G3S-0d24eaa6dbc2665b	G3S-9589527ecb9747c1	exact_nonempty_scaffold	0.198391421	0.208333333	0.25862069
G3S-0d24eaa6dbc2665b	G3S-9d3d506752fabc29	exact_nonempty_scaffold;ligand_tanimoto;local_site_identity	0.281337047	0.64	0.479166667
G3S-0d24eaa6dbc2665b	G3S-a0b462ec59730874	exact_nonempty_scaffold;ligand_tanimoto	0.182156134	0.142857143	0.363636364
G3S-0d24eaa6dbc2665b	G3S-a38e7f40310e2c16	ligand_tanimoto	0.128091873	0.178571429	0.393442623
G3S-0d24eaa6dbc2665b	G3S-a5f8f9b4623f1ec1	full_sequence_identity;ligand_tanimoto;local_site_identity	0.560606061	0.708333333	0.425925926
G3S-0d24eaa6dbc2665b	G3S-aaae27c9c7a68a3a	full_sequence_identity;ligand_tanimoto;local_site_identity	0.599236641	0.75	0.44
G3S-0d24eaa6dbc2665b	G3S-ab9150ed0ce52416	ligand_tanimoto	0.109527382	0.208333333	0.40625
G3S-0d24eaa6dbc2665b	G3S-adf3d9017899d822	exact_nonempty_scaffold	0.238505747	0.153846154	0.30952381
G3S-0d24eaa6dbc2665b	G3S-b47e17893c82aca6	exact_nonempty_scaffold	0.225589226	0.15	0.266666667
G3S-0d24eaa6dbc2665b	G3S-b4e4bb5af0b8b2c1	exact_nonempty_scaffold	0.238505747	0.153846154	0.206521739
G3S-0d24eaa6dbc2665b	G3S-b66b7652f5b1d01d	full_sequence_identity;ligand_tanimoto;local_site_identity	0.599236641	0.666666667	0.44
G3S-0d24eaa6dbc2665b	G3S-bd2cdfe90c8aa7fa	full_sequence_identity;ligand_tanimoto;local_site_identity	0.560606061	0.708333333	0.479166667
G3S-0d24eaa6dbc2665b	G3S-beb8359aa320987f	full_sequence_identity;ligand_tanimoto;local_site_identity	0.599236641	0.666666667	0.479166667
G3S-0d24eaa6dbc2665b	G3S-c3ad4039ad41a0e6	exact_nonempty_scaffold	0.199488491	0.142857143	0.233333333
G3S-0d24eaa6dbc2665b	G3S-c8b189267b8c3242	exact_nonempty_scaffold	0.181451613	0.130434783	0.272727273
G3S-0d24eaa6dbc2665b	G3S-cb1dbf771699bf3f	exact_target_sequence;full_sequence_identity;ligand_tanimoto;local_site_identity	1	0.782608696	0.479166667
G3S-0d24eaa6dbc2665b	G3S-d15243e290ebeba6	exact_nonempty_scaffold;full_sequence_identity;ligand_tanimoto;local_site_identity	0.599236641	0.739130435	0.488372093
G3S-0d24eaa6dbc2665b	G3S-d2858f5dc6d0d6d2	exact_target_sequence;full_sequence_identity;ligand_tanimoto;local_site_identity	1	0.740740741	0.479166667
G3S-0d24eaa6dbc2665b	G3S-d392e1d59c314666	exact_nonempty_scaffold;exact_target_sequence;full_sequence_identity;ligand_tanimoto;local_site_identity	1	0.769230769	0.479166667
G3S-0d24eaa6dbc2665b	G3S-d5f2b3941320fd29	exact_nonempty_scaffold	0.195895522	0.15	0.28
G3S-0d24eaa6dbc2665b	G3S-d82e40f7bc270eb2	full_sequence_identity;ligand_tanimoto;local_site_identity	0.599236641	0.64	0.479166667
G3S-0d24eaa6dbc2665b	G3S-df91bc0fd4e2076d	exact_nonempty_scaffold;full_sequence_identity;ligand_tanimoto;local_site_identity	0.560606061	0.708333333	0.488372093
G3S-0d24eaa6dbc2665b	G3S-e06c6b7aad2ea234	exact_nonempty_scaffold;ligand_tanimoto	0.218181818	0.1	0.358974359
G3S-0d24eaa6dbc2665b	G3S-e7f816aed727534b	exact_target_sequence;full_sequence_identity;ligand_tanimoto;local_site_identity	1	0.782608696	0.479166667
G3S-0d24eaa6dbc2665b	G3S-eb73c8235716ab91	exact_nonempty_scaffold;full_sequence_identity;ligand_tanimoto;local_site_identity	0.599236641	0.608695652	0.488372093
G3S-0d24eaa6dbc2665b	G3S-ee6c97e67f1fb0d7	exact_nonempty_scaffold;full_sequence_identity;ligand_tanimoto;local_site_identity	0.599236641	0.64	0.479166667
G3S-0d24eaa6dbc2665b	G3S-eea0596469e3b875	full_sequence_identity;ligand_tanimoto;local_site_identity	0.599236641	0.608695652	0.479166667
G3S-0d24eaa6dbc2665b	G3S-f2ec313bd7b3ce78	exact_nonempty_scaffold	0.214659686	0.136363636	0.25862069
G3S-0d24eaa6dbc2665b	G3S-f5c4fa2e79c47654	exact_nonempty_scaffold	0.195121951	0.181818182	0.186046512
G3S-0d24eaa6dbc2665b	G3S-fb7593ab116f7278	ligand_tanimoto	0.212765957	0.142857143	0.488888889
G3S-0d24eaa6dbc2665b	G3S-ff4e5bfc253b96ea	exact_nonempty_scaffold	0.216216216	0.181818182	0.326923077
G3S-0d3a03dece105f57	G3S-31c5deaefd112d8c	exact_target_sequence;full_sequence_identity;ligand_tanimoto	1	0.421052632	0.75
G3S-0d3a03dece105f57	G3S-3a221f3683b786e1	ligand_tanimoto	0.152368758	0.142857143	0.592592593
G3S-0d3a03dece105f57	G3S-3c840aaf07c196c4	exact_nonempty_scaffold;ligand_tanimoto	0.187250996	0.157894737	0.37704918
G3S-0d3a03dece105f57	G3S-91dd2c635f86b568	ligand_tanimoto	0.22829582	0.105263158	0.43902439
G3S-0d3a03dece105f57	G3S-9d0d3bffdbe8c8bd	exact_nonempty_scaffold;ligand_tanimoto;local_site_identity	0.266871166	0.5	1
G3S-0d3a03dece105f57	G3S-a0eeacac2c679281	ligand_tanimoto	0.176	0	0.5
G3S-0d3a03dece105f57	G3S-dfc845f5fdda1698	exact_nonempty_scaffold;ligand_tanimoto	0.266871166	0.476190476	1
G3S-0d3a03dece105f57	G3S-fffc85fa1583cd07	ligand_tanimoto	0.176	0.0625	0.765957447
G3S-0d5679149226e010	G3S-0ea60d28ec9de0d1	exact_nonempty_scaffold	0.21124031	0.125	0.304347826
G3S-0d5679149226e010	G3S-133873650167b89b	exact_nonempty_scaffold	0.198622273	0.133333333	0.226415094
G3S-0d5679149226e010	G3S-197e79eddc015708	exact_nonempty_scaffold	0.215962441	0.1	0.333333333
G3S-0d5679149226e010	G3S-1b71410cb988afba	exact_nonempty_scaffold	0.229752066	0.233333333	0.28125
G3S-0d5679149226e010	G3S-1d6a948c781cf9b6	ligand_tanimoto	0.209302326	0.138888889	0.357142857
G3S-0d5679149226e010	G3S-1da601ed70459098	exact_nonempty_scaffold	0.207436399	0.1875	0.212765957
G3S-0d5679149226e010	G3S-1da6d0a5126035e0	exact_nonempty_scaffold	0.112975849	0.2	0.261904762
G3S-0d5679149226e010	G3S-1eca1a7c2461b4f9	exact_nonempty_scaffold	0.224334601	0.15625	0.212765957
G3S-0d5679149226e010	G3S-202ee41d5bfc94ab	exact_nonempty_scaffold;ligand_tanimoto	0.215962441	0.166666667	0.363636364
G3S-0d5679149226e010	G3S-226cff22b3a4602b	exact_nonempty_scaffold	0.233846154	0.275	0.25
G3S-0d5679149226e010	G3S-26ebb6597af3437e	full_sequence_identity	0.534069982	0.484848485	0.179487179
G3S-0d5679149226e010	G3S-2c433f19c7979794	local_site_identity	0.238146552	0.5625	0.185714286
G3S-0d5679149226e010	G3S-32c08173ec26bea9	exact_nonempty_scaffold	0.240366972	0.1	0.212765957
G3S-0d5679149226e010	G3S-34388e65af3203f8	exact_nonempty_scaffold	0.228441755	0.272727273	0.25
G3S-0d5679149226e010	G3S-3a221f3683b786e1	exact_nonempty_scaffold	0.207920792	0.2	0.25
G3S-0d5679149226e010	G3S-3e5852180ea6848b	full_sequence_identity	0.384321224	0.363636364	0.185714286
G3S-0d5679149226e010	G3S-43586287a9be2906	ligand_tanimoto	0.209302326	0.147058824	0.404761905
G3S-0d5679149226e010	G3S-496a96ccb09a0048	exact_nonempty_scaffold	0.221698113	0.21875	0.25
G3S-0d5679149226e010	G3S-4be267e9de455895	exact_nonempty_scaffold	0.223076923	0.129032258	0.25
G3S-0d5679149226e010	G3S-502e01631feedf35	full_sequence_identity	0.384321224	0.363636364	0.185714286
G3S-0d5679149226e010	G3S-517155e5e2356899	exact_nonempty_scaffold	0.232081911	0.166666667	0.210526316
G3S-0d5679149226e010	G3S-51759ead81a2003d	exact_nonempty_scaffold;ligand_tanimoto	0.147859922	0.1	0.40625
G3S-0d5679149226e010	G3S-55930eb8673c0eee	full_sequence_identity;local_site_identity	0.308955224	0.529411765	0.196721311
G3S-0d5679149226e010	G3S-57758481291b0ab8	exact_nonempty_scaffold	0.143418468	0.133333333	0.3
G3S-0d5679149226e010	G3S-59125c7fdb97217d	exact_nonempty_scaffold	0.224334601	0.133333333	0.304347826
G3S-0d5679149226e010	G3S-69e1fcfda0e309e8	local_site_identity	0.251261352	0.53125	0.179487179
G3S-0d5679149226e010	G3S-6e529abe43b8b245	local_site_identity	0.197159566	0.5	0.205882353
G3S-0d5679149226e010	G3S-6fbd681c38d3a2a2	exact_nonempty_scaffold	0.214678899	0.166666667	0.25
G3S-0d5679149226e010	G3S-70ec124b3b4163f0	exact_nonempty_scaffold	0.197327852	0.147058824	0.295454545
G3S-0d5679149226e010	G3S-72740991b3279a1e	exact_nonempty_scaffold	0.094160105	0.233333333	0.189873418
G3S-0d5679149226e010	G3S-780095ecb7b0162a	full_sequence_identity	0.310397554	0.314285714	0.196721311
G3S-0d5679149226e010	G3S-7c94d7d05a9d2f85	full_sequence_identity;local_site_identity	0.534069982	0.545454545	0.196721311
G3S-0d5679149226e010	G3S-9236ab9d73532a9d	exact_nonempty_scaffold;ligand_tanimoto	0.198622273	0.133333333	0.36
G3S-0d5679149226e010	G3S-9589527ecb9747c1	exact_nonempty_scaffold	0.215355805	0.193548387	0.3
G3S-0d5679149226e010	G3S-9d3d506752fabc29	exact_nonempty_scaffold	0.224334601	0.15625	0.212765957
G3S-0d5679149226e010	G3S-a0b462ec59730874	exact_nonempty_scaffold;ligand_tanimoto	0.223570191	0.166666667	0.37037037
G3S-0d5679149226e010	G3S-a5df04a0e400b0db	local_site_identity	0.197159566	0.5	0.179487179
G3S-0d5679149226e010	G3S-adf3d9017899d822	exact_nonempty_scaffold;ligand_tanimoto	0.224334601	0.222222222	0.435897436
G3S-0d5679149226e010	G3S-b47e17893c82aca6	exact_nonempty_scaffold	0.201160542	0.133333333	0.333333333
G3S-0d5679149226e010	G3S-b4e4bb5af0b8b2c1	exact_nonempty_scaffold;ligand_tanimoto	0.224334601	0.222222222	0.435897436
G3S-0d5679149226e010	G3S-c3ad4039ad41a0e6	exact_nonempty_scaffold;ligand_tanimoto	0.199233716	0.166666667	0.384615385
G3S-0d5679149226e010	G3S-c8b189267b8c3242	exact_nonempty_scaffold	0.212014134	0.266666667	0.28125
G3S-0d5679149226e010	G3S-d15243e290ebeba6	exact_nonempty_scaffold	0.207436399	0.125	0.304347826
G3S-0d5679149226e010	G3S-d392e1d59c314666	exact_nonempty_scaffold	0.21124031	0.151515152	0.2
G3S-0d5679149226e010	G3S-d5f2b3941320fd29	exact_nonempty_scaffold	0.225641026	0.1	0.272727273
G3S-0d5679149226e010	G3S-dc79a9836344f3ec	local_site_identity	0.251261352	0.53125	0.179487179
G3S-0d5679149226e010	G3S-df91bc0fd4e2076d	exact_nonempty_scaffold	0.184824903	0.1875	0.304347826
G3S-0d5679149226e010	G3S-e06c6b7aad2ea234	exact_nonempty_scaffold;ligand_tanimoto	0.151277014	0.233333333	0.538461538
G3S-0d5679149226e010	G3S-eb73c8235716ab91	exact_nonempty_scaffold	0.196881092	0.242424242	0.304347826
G3S-0d5679149226e010	G3S-ee6c97e67f1fb0d7	exact_nonempty_scaffold	0.207436399	0.1875	0.212765957
G3S-0d5679149226e010	G3S-f2ec313bd7b3ce78	exact_nonempty_scaffold	0.203738318	0.133333333	0.295454545
G3S-0d5679149226e010	G3S-f5c4fa2e79c47654	exact_nonempty_scaffold	0.225454545	0.193548387	0.175
G3S-0d5679149226e010	G3S-fb6cb3a33814d85e	local_site_identity	0.216354344	0.545454545	0.14084507
G3S-0d5679149226e010	G3S-ff4e5bfc253b96ea	exact_nonempty_scaffold;ligand_tanimoto	0.202626642	0.243243243	0.365853659
G3S-0d6ea790d633fb5e	G3S-2dbb6ecb3aae7915	exact_target_sequence;full_sequence_identity;local_site_identity	1	0.59375	0.165289256
G3S-0d6ea790d633fb5e	G3S-4be267e9de455895	exact_target_sequence;full_sequence_identity;local_site_identity	1	0.612903226	0.226804124
G3S-0d6ea790d633fb5e	G3S-78b1342acf926183	exact_target_sequence;full_sequence_identity;local_site_identity	1	0.75	0.171171171
G3S-0d6ea790d633fb5e	G3S-b28f576038c6bba6	exact_target_sequence;full_sequence_identity;local_site_identity	1	0.612903226	0.226804124
G3S-0db14b95f9edbd42	G3S-3021d6a688e870ed	ligand_tanimoto	0.108163265	0.1	0.458015267
G3S-0db14b95f9edbd42	G3S-4be267e9de455895	ligand_tanimoto	0.197183099	0.129032258	0.549450549
G3S-0db14b95f9edbd42	G3S-5938ff8da5e084b3	ligand_tanimoto	0.198879552	0.15	0.613138686
G3S-0db14b95f9edbd42	G3S-8f554307cbbdbf67	exact_nonempty_scaffold;full_sequence_identity;ligand_tanimoto;local_site_identity;shared_measurement_publication	0.352601156	0.56	1
G3S-0db14b95f9edbd42	G3S-9236ab9d73532a9d	ligand_tanimoto	0.202531646	0.15	0.35
G3S-0db14b95f9edbd42	G3S-b28f576038c6bba6	ligand_tanimoto	0.197183099	0.129032258	0.446280992
G3S-0db14b95f9edbd42	G3S-fffc85fa1583cd07	ligand_tanimoto	0.118367347	0.181818182	0.423312883
G3S-0e7a45fa2fa81e87	G3S-1a63362a8e320bf6	exact_nonempty_scaffold;ligand_tanimoto;shared_measurement_publication	0.227857684	0.3125	1
G3S-0e7a45fa2fa81e87	G3S-1c0e277b223f8a0b	exact_nonempty_scaffold;ligand_tanimoto	0.224709784	0.333333333	1
G3S-0e7a45fa2fa81e87	G3S-202cfb8f48e8667e	ligand_tanimoto	0.210144928	0.172413793	0.370967742
G3S-0e7a45fa2fa81e87	G3S-26ebb6597af3437e	exact_nonempty_scaffold;ligand_tanimoto	0.204522097	0.34375	1
G3S-0e7a45fa2fa81e87	G3S-2c433f19c7979794	exact_nonempty_scaffold;ligand_tanimoto	0.212322275	0.322580645	1
G3S-0e7a45fa2fa81e87	G3S-376e479668e27e8e	exact_nonempty_scaffold;ligand_tanimoto	0.158762887	0.310344828	1
G3S-0e7a45fa2fa81e87	G3S-3c0a0829e923c91d	ligand_tanimoto	0.196177062	0.24137931	0.391304348
G3S-0e7a45fa2fa81e87	G3S-3e5852180ea6848b	exact_nonempty_scaffold;ligand_tanimoto	0.194244604	0.3	1
G3S-0e7a45fa2fa81e87	G3S-4273fdd1b3b53cb7	exact_nonempty_scaffold;ligand_tanimoto;shared_measurement_publication	0.212830957	0.35483871	1
G3S-0e7a45fa2fa81e87	G3S-430a406ff1fdb9e6	exact_nonempty_scaffold;ligand_tanimoto	0.239028945	0.379310345	1
G3S-0e7a45fa2fa81e87	G3S-45df1c88b560ec4f	exact_nonempty_scaffold;ligand_tanimoto	0.215859031	0.363636364	1
G3S-0e7a45fa2fa81e87	G3S-46586ac6273ff065	exact_nonempty_scaffold;ligand_tanimoto;shared_measurement_publication	0.222222222	0.333333333	1
G3S-0e7a45fa2fa81e87	G3S-4c1b91d17d81423a	exact_nonempty_scaffold;ligand_tanimoto;shared_measurement_publication	0.142857143	0.310344828	1
G3S-0e7a45fa2fa81e87	G3S-4e6759c45d9a6b9b	exact_nonempty_scaffold;ligand_tanimoto	0.171779141	0.387096774	1
G3S-0e7a45fa2fa81e87	G3S-502e01631feedf35	exact_nonempty_scaffold;ligand_tanimoto;shared_measurement_publication	0.194244604	0.3	1
G3S-0e7a45fa2fa81e87	G3S-55930eb8673c0eee	exact_nonempty_scaffold;ligand_tanimoto;shared_measurement_publication	0.222668004	0.275862069	1
G3S-0e7a45fa2fa81e87	G3S-5dd0b4d457e8529a	exact_nonempty_scaffold;ligand_tanimoto	0.217979316	0.24137931	1
G3S-0e7a45fa2fa81e87	G3S-69e1fcfda0e309e8	exact_nonempty_scaffold;ligand_tanimoto;shared_measurement_publication	0.224954463	0.275862069	1
G3S-0e7a45fa2fa81e87	G3S-6e529abe43b8b245	exact_nonempty_scaffold;ligand_tanimoto;shared_measurement_publication	0.214285714	0.419354839	1
G3S-0e7a45fa2fa81e87	G3S-72740991b3279a1e	exact_nonempty_scaffold;ligand_tanimoto	0.154625695	0.1875	1
G3S-0e7a45fa2fa81e87	G3S-780095ecb7b0162a	exact_nonempty_scaffold;ligand_tanimoto;shared_measurement_publication	0.216463415	0.266666667	1
G3S-0e7a45fa2fa81e87	G3S-7a52256b4ab19efa	exact_nonempty_scaffold;ligand_tanimoto;shared_measurement_publication	0.214221422	0.344827586	1
G3S-0e7a45fa2fa81e87	G3S-7ad16b5be174b17e	exact_nonempty_scaffold;ligand_tanimoto	0.171779141	0.35483871	1
G3S-0e7a45fa2fa81e87	G3S-7c94d7d05a9d2f85	exact_nonempty_scaffold;ligand_tanimoto;shared_measurement_publication	0.204522097	0.35483871	1
G3S-0e7a45fa2fa81e87	G3S-7f4093cbfc6a5ba7	exact_nonempty_scaffold;ligand_tanimoto	0.217979316	0.24137931	1
G3S-0e7a45fa2fa81e87	G3S-82da8121de6eeecd	exact_nonempty_scaffold;ligand_tanimoto	0.215859031	0.363636364	1
G3S-0e7a45fa2fa81e87	G3S-8379ede84125ecb5	exact_nonempty_scaffold;ligand_tanimoto	0.215859031	0.363636364	1
G3S-0e7a45fa2fa81e87	G3S-8447070a69d51ab5	exact_nonempty_scaffold;ligand_tanimoto	0.214221422	0.344827586	1
G3S-0e7a45fa2fa81e87	G3S-8908716879facb98	exact_nonempty_scaffold;ligand_tanimoto	0.215859031	0.363636364	1
G3S-0e7a45fa2fa81e87	G3S-96b21ba0d0525be3	exact_nonempty_scaffold;ligand_tanimoto	0.213935231	0.235294118	1
G3S-0e7a45fa2fa81e87	G3S-a5df04a0e400b0db	exact_nonempty_scaffold;ligand_tanimoto	0.214285714	0.419354839	1
G3S-0e7a45fa2fa81e87	G3S-a607f21d0b792e74	exact_nonempty_scaffold;ligand_tanimoto;shared_measurement_publication	0.203684749	0.413793103	1
G3S-0e7a45fa2fa81e87	G3S-a8d224cda1a84a3f	exact_nonempty_scaffold;ligand_tanimoto;shared_measurement_publication	0.195139912	0.387096774	1
G3S-0e7a45fa2fa81e87	G3S-a96a5730efc90a42	exact_nonempty_scaffold;ligand_tanimoto;shared_measurement_publication	0.224709784	0.352941176	1
G3S-0e7a45fa2fa81e87	G3S-accf02b6dbaa6894	exact_nonempty_scaffold;ligand_tanimoto	0.150559512	0.242424242	1
G3S-0e7a45fa2fa81e87	G3S-adf3d9017899d822	ligand_tanimoto	0.155509784	0.236842105	0.362068966
G3S-0e7a45fa2fa81e87	G3S-b4e4bb5af0b8b2c1	ligand_tanimoto	0.155509784	0.236842105	0.362068966
G3S-0e7a45fa2fa81e87	G3S-b96988cabeb69917	exact_nonempty_scaffold;ligand_tanimoto;shared_measurement_publication	0.150559512	0.137931034	1
G3S-0e7a45fa2fa81e87	G3S-ba437efd56c85d19	exact_nonempty_scaffold;ligand_tanimoto	0.215859031	0.363636364	1
G3S-0e7a45fa2fa81e87	G3S-bd97b6205fe27668	exact_nonempty_scaffold;ligand_tanimoto;shared_measurement_publication	0.221821461	0.413793103	1
G3S-0e7a45fa2fa81e87	G3S-c4c2e34a716f6ae6	exact_nonempty_scaffold;ligand_tanimoto	0.150559512	0.176470588	1
G3S-0e7a45fa2fa81e87	G3S-c5d1969627a8c3f1	exact_nonempty_scaffold;ligand_tanimoto;shared_measurement_publication	0.196177062	0.24137931	1
G3S-0e7a45fa2fa81e87	G3S-c6c69878bad91dca	exact_nonempty_scaffold;ligand_tanimoto;shared_measurement_publication	0.221793635	0.28125	1
G3S-0e7a45fa2fa81e87	G3S-cac62a85af1d2834	exact_nonempty_scaffold;ligand_tanimoto;shared_measurement_publication	0.205882353	0.375	1
G3S-0e7a45fa2fa81e87	G3S-d183c9dc36c1eaef	ligand_tanimoto	0.185185185	0.24137931	0.391304348
G3S-0e7a45fa2fa81e87	G3S-d1de2bf2f08fcf46	exact_nonempty_scaffold;ligand_tanimoto;shared_measurement_publication	0.215784216	0.366666667	1
G3S-0e7a45fa2fa81e87	G3S-d207c324846b2507	exact_nonempty_scaffold;ligand_tanimoto;shared_measurement_publication	0.194949495	0.205882353	1
G3S-0e7a45fa2fa81e87	G3S-d3c114d403b4f6e6	ligand_tanimoto	0.221793635	0.28125	0.472972973
G3S-0e7a45fa2fa81e87	G3S-d587ea9877aeacf1	exact_nonempty_scaffold;ligand_tanimoto;shared_measurement_publication	0.215859031	0.363636364	1
G3S-0e7a45fa2fa81e87	G3S-d5eff434a516ab97	exact_nonempty_scaffold;ligand_tanimoto;shared_measurement_publication	0.213935231	0.235294118	1
G3S-0e7a45fa2fa81e87	G3S-da6a7a5b92d16f5d	exact_nonempty_scaffold;ligand_tanimoto	0.215859031	0.363636364	1
G3S-0e7a45fa2fa81e87	G3S-dc79a9836344f3ec	exact_nonempty_scaffold;ligand_tanimoto	0.224954463	0.275862069	1
G3S-0e7a45fa2fa81e87	G3S-dd8aacb779840031	exact_nonempty_scaffold;ligand_tanimoto	0.152106886	0.344827586	1
G3S-0e7a45fa2fa81e87	G3S-de2a24cde8ae391c	exact_nonempty_scaffold;ligand_tanimoto;shared_measurement_publication	0.227586207	0.375	1
G3S-0e7a45fa2fa81e87	G3S-e3b2a2841a5b18a5	exact_nonempty_scaffold;ligand_tanimoto;shared_measurement_publication	0.218537415	0.3125	1
G3S-0e7a45fa2fa81e87	G3S-e710b4e67d7724f9	exact_nonempty_scaffold;ligand_tanimoto	0.215859031	0.363636364	1
G3S-0e7a45fa2fa81e87	G3S-f2318d3b76296c29	exact_nonempty_scaffold;ligand_tanimoto	0.217979316	0.24137931	1
G3S-0e7a45fa2fa81e87	G3S-f4966ebce19de7c0	exact_nonempty_scaffold;ligand_tanimoto	0.218537415	0.3125	1
G3S-0e7a45fa2fa81e87	G3S-f9b101ab9b60896c	exact_nonempty_scaffold;ligand_tanimoto	0.224709784	0.352941176	1
G3S-0e7a45fa2fa81e87	G3S-fb7593ab116f7278	exact_nonempty_scaffold	0.130927835	0.133333333	0.267605634
G3S-0e7a45fa2fa81e87	G3S-fc8dc45b48055767	exact_nonempty_scaffold;exact_target_sequence;full_sequence_identity;ligand_tanimoto;local_site_identity	1	0.655172414	1
G3S-0ea60d28ec9de0d1	G3S-133873650167b89b	exact_nonempty_scaffold	0.152148664	0.0869565217	0.227272727
G3S-0ea60d28ec9de0d1	G3S-16762270570b655a	exact_nonempty_scaffold;full_sequence_identity;ligand_tanimoto;local_site_identity	0.599236641	0.608695652	1
G3S-0ea60d28ec9de0d1	G3S-197e79eddc015708	exact_nonempty_scaffold	0.174757282	0.103448276	0.216666667
G3S-0ea60d28ec9de0d1	G3S-1b71410cb988afba	exact_nonempty_scaffold	0.17611336	0.130434783	0.3
G3S-0ea60d28ec9de0d1	G3S-1da601ed70459098	exact_nonempty_scaffold;full_sequence_identity;ligand_tanimoto;local_site_identity	0.599236641	0.692307692	0.743589744
G3S-0ea60d28ec9de0d1	G3S-1da6d0a5126035e0	exact_nonempty_scaffold	0.0671580672	0.166666667	0.203125
G3S-0ea60d28ec9de0d1	G3S-1eca1a7c2461b4f9	exact_nonempty_scaffold;ligand_tanimoto;local_site_identity	0.281337047	0.615384615	1
G3S-0ea60d28ec9de0d1	G3S-202ee41d5bfc94ab	exact_nonempty_scaffold	0.174757282	0.0434782609	0.255319149
G3S-0ea60d28ec9de0d1	G3S-226cff22b3a4602b	exact_nonempty_scaffold	0.18370607	0.157894737	0.225806452
G3S-0ea60d28ec9de0d1	G3S-23caf31f263f2dc4	exact_target_sequence;full_sequence_identity;local_site_identity	1	0.833333333	0.212121212
G3S-0ea60d28ec9de0d1	G3S-250da33ec2756fd5	exact_nonempty_scaffold;exact_target_sequence;full_sequence_identity;ligand_tanimoto;local_site_identity	1	0.75	1
G3S-0ea60d28ec9de0d1	G3S-32c08173ec26bea9	exact_nonempty_scaffold;ligand_tanimoto;local_site_identity	0.213983051	0.607142857	1
G3S-0ea60d28ec9de0d1	G3S-34388e65af3203f8	exact_nonempty_scaffold	0.166666667	0.28125	0.225806452
G3S-0ea60d28ec9de0d1	G3S-36aa31d3bfd96971	exact_target_sequence;full_sequence_identity;local_site_identity	1	0.875	0.225806452
G3S-0ea60d28ec9de0d1	G3S-3a221f3683b786e1	exact_nonempty_scaffold	0.151088348	0.130434783	0.178571429
G3S-0ea60d28ec9de0d1	G3S-40a467bbafdc73d8	exact_nonempty_scaffold;ligand_tanimoto;local_site_identity	0.281337047	0.64	1
G3S-0ea60d28ec9de0d1	G3S-496a96ccb09a0048	exact_nonempty_scaffold	0.186084142	0.2	0.225806452
G3S-0ea60d28ec9de0d1	G3S-49ed2ea8183b105c	exact_nonempty_scaffold;exact_target_sequence;full_sequence_identity;ligand_tanimoto;local_site_identity	1	0.869565217	1
G3S-0ea60d28ec9de0d1	G3S-4be267e9de455895	exact_nonempty_scaffold	0.165064103	0.0967741935	0.243243243
G3S-0ea60d28ec9de0d1	G3S-4f4f25ce439afb73	exact_target_sequence;full_sequence_identity;local_site_identity	1	0.75	0.295774648
G3S-0ea60d28ec9de0d1	G3S-517155e5e2356899	exact_nonempty_scaffold	0.195266272	0.130434783	0.22
G3S-0ea60d28ec9de0d1	G3S-51759ead81a2003d	exact_nonempty_scaffold	0.200757576	0.12	0.192307692
G3S-0ea60d28ec9de0d1	G3S-57758481291b0ab8	exact_nonempty_scaffold	0.167938931	0.130434783	0.292682927
G3S-0ea60d28ec9de0d1	G3S-59125c7fdb97217d	exact_nonempty_scaffold;ligand_tanimoto;local_site_identity;shared_measurement_publication	0.281337047	0.653846154	1
G3S-0ea60d28ec9de0d1	G3S-6454ff7a6533168a	exact_nonempty_scaffold	0.200757576	0.217391304	0.302325581
G3S-0ea60d28ec9de0d1	G3S-6fbd681c38d3a2a2	exact_nonempty_scaffold	0.200803213	0.130434783	0.166666667
G3S-0ea60d28ec9de0d1	G3S-70ec124b3b4163f0	exact_nonempty_scaffold	0.140608604	0.185185185	0.204081633
G3S-0ea60d28ec9de0d1	G3S-72740991b3279a1e	exact_nonempty_scaffold	0.0613919895	0.130434783	0.210526316
G3S-0ea60d28ec9de0d1	G3S-8468ef8a559bdade	exact_nonempty_scaffold;ligand_tanimoto;local_site_identity	0.281337047	0.615384615	1
G3S-0ea60d28ec9de0d1	G3S-86c78a56d4596857	exact_nonempty_scaffold;full_sequence_identity;ligand_tanimoto;local_site_identity	0.599236641	0.692307692	1
G3S-0ea60d28ec9de0d1	G3S-9236ab9d73532a9d	exact_nonempty_scaffold	0.152148664	0.0869565217	0.24137931
G3S-0ea60d28ec9de0d1	G3S-9589527ecb9747c1	exact_nonempty_scaffold	0.198391421	0.28	0.22
G3S-0ea60d28ec9de0d1	G3S-9d3d506752fabc29	exact_nonempty_scaffold;ligand_tanimoto;local_site_identity	0.281337047	0.615384615	0.743589744
G3S-0ea60d28ec9de0d1	G3S-a0b462ec59730874	exact_nonempty_scaffold	0.182156134	0.192307692	0.235294118
G3S-0ea60d28ec9de0d1	G3S-a5f8f9b4623f1ec1	exact_nonempty_scaffold;full_sequence_identity;ligand_tanimoto;local_site_identity	0.560606061	0.72	1
G3S-0ea60d28ec9de0d1	G3S-aaae27c9c7a68a3a	full_sequence_identity;ligand_tanimoto;local_site_identity	0.599236641	0.652173913	0.392156863
G3S-0ea60d28ec9de0d1	G3S-ab9150ed0ce52416	exact_nonempty_scaffold;ligand_tanimoto	0.109527382	0.208333333	0.428571429
G3S-0ea60d28ec9de0d1	G3S-adf3d9017899d822	exact_nonempty_scaffold;ligand_tanimoto	0.238505747	0.148148148	0.392857143
G3S-0ea60d28ec9de0d1	G3S-b47e17893c82aca6	exact_nonempty_scaffold	0.225589226	0.130434783	0.24
G3S-0ea60d28ec9de0d1	G3S-b4e4bb5af0b8b2c1	exact_nonempty_scaffold	0.238505747	0.148148148	0.291666667
G3S-0ea60d28ec9de0d1	G3S-b66b7652f5b1d01d	full_sequence_identity;ligand_tanimoto;local_site_identity	0.599236641	0.608695652	0.392156863
G3S-0ea60d28ec9de0d1	G3S-bd2cdfe90c8aa7fa	exact_nonempty_scaffold;full_sequence_identity;ligand_tanimoto;local_site_identity	0.560606061	0.72	1
G3S-0ea60d28ec9de0d1	G3S-beb8359aa320987f	exact_nonempty_scaffold;full_sequence_identity;ligand_tanimoto;local_site_identity	0.599236641	0.608695652	1
G3S-0ea60d28ec9de0d1	G3S-c3ad4039ad41a0e6	exact_nonempty_scaffold	0.199488491	0.166666667	0.204081633
G3S-0ea60d28ec9de0d1	G3S-c8b189267b8c3242	exact_nonempty_scaffold	0.181451613	0.130434783	0.3
G3S-0ea60d28ec9de0d1	G3S-cb1dbf771699bf3f	exact_target_sequence;full_sequence_identity;ligand_tanimoto;local_site_identity	1	0.869565217	0.4
G3S-0ea60d28ec9de0d1	G3S-d15243e290ebeba6	exact_nonempty_scaffold;full_sequence_identity;ligand_tanimoto;local_site_identity;shared_measurement_publication	0.599236641	0.708333333	1
G3S-0ea60d28ec9de0d1	G3S-d2858f5dc6d0d6d2	exact_nonempty_scaffold;exact_target_sequence;full_sequence_identity;ligand_tanimoto;local_site_identity	1	0.785714286	0.743589744
G3S-0ea60d28ec9de0d1	G3S-d392e1d59c314666	exact_nonempty_scaffold;exact_target_sequence;full_sequence_identity;ligand_tanimoto;local_site_identity	1	0.846153846	0.69047619
G3S-0ea60d28ec9de0d1	G3S-d5f2b3941320fd29	exact_nonempty_scaffold;ligand_tanimoto	0.195895522	0.173913043	0.375
G3S-0ea60d28ec9de0d1	G3S-d82e40f7bc270eb2	exact_nonempty_scaffold;full_sequence_identity;ligand_tanimoto;local_site_identity	0.599236641	0.692307692	1
G3S-0ea60d28ec9de0d1	G3S-df91bc0fd4e2076d	exact_nonempty_scaffold;full_sequence_identity;ligand_tanimoto;local_site_identity;shared_measurement_publication	0.560606061	0.72	1
G3S-0ea60d28ec9de0d1	G3S-e06c6b7aad2ea234	exact_nonempty_scaffold	0.218181818	0.173913043	0.323529412
G3S-0ea60d28ec9de0d1	G3S-e7f816aed727534b	exact_nonempty_scaffold;exact_target_sequence;full_sequence_identity;ligand_tanimoto;local_site_identity	1	0.869565217	1
G3S-0ea60d28ec9de0d1	G3S-eb73c8235716ab91	exact_nonempty_scaffold;full_sequence_identity;ligand_tanimoto;local_site_identity;shared_measurement_publication;shared_reference_structure_publication	0.599236641	0.625	1
G3S-0ea60d28ec9de0d1	G3S-ee6c97e67f1fb0d7	exact_nonempty_scaffold;full_sequence_identity;ligand_tanimoto;local_site_identity	0.599236641	0.692307692	1
G3S-0ea60d28ec9de0d1	G3S-eea0596469e3b875	exact_nonempty_scaffold;full_sequence_identity;ligand_tanimoto;local_site_identity;shared_reference_structure_publication	0.599236641	0.625	0.743589744
G3S-0ea60d28ec9de0d1	G3S-f2ec313bd7b3ce78	exact_nonempty_scaffold	0.214659686	0.130434783	0.204081633
G3S-0ea60d28ec9de0d1	G3S-f5c4fa2e79c47654	exact_nonempty_scaffold	0.195121951	0.130434783	0.20754717
G3S-0ea60d28ec9de0d1	G3S-ff4e5bfc253b96ea	exact_nonempty_scaffold	0.216216216	0.258064516	0.295454545
G3S-0f56c3503b93c6f6	G3S-471c43af0ba04cbb	exact_target_sequence;full_sequence_identity;ligand_tanimoto;local_site_identity	1	0.684210526	0.432098765
G3S-0f56c3503b93c6f6	G3S-72740991b3279a1e	local_site_identity	0.187459177	0.526315789	0.247619048
G3S-0f56c3503b93c6f6	G3S-743b25bd8ed06539	exact_nonempty_scaffold;exact_target_sequence;full_sequence_identity;ligand_tanimoto	1	0.227272727	0.74025974
G3S-0f56c3503b93c6f6	G3S-9838f6e0d45906f5	exact_nonempty_scaffold;exact_target_sequence;full_sequence_identity;ligand_tanimoto;local_site_identity	1	0.6	1
G3S-0f56c3503b93c6f6	G3S-d25ad64514236b8b	exact_nonempty_scaffold;exact_target_sequence;full_sequence_identity;ligand_tanimoto;local_site_identity	1	0.666666667	1
G3S-0f56c3503b93c6f6	G3S-fb6b9c4b9d6641a2	exact_target_sequence;full_sequence_identity;ligand_tanimoto;local_site_identity	1	0.941176471	0.634920635
G3S-123baf453e4557f4	G3S-1da601ed70459098	ligand_tanimoto	0.221498371	0.0384615385	0.4
G3S-123baf453e4557f4	G3S-1eca1a7c2461b4f9	ligand_tanimoto	0.226256983	0.0769230769	0.4
G3S-123baf453e4557f4	G3S-2a143dedddd90694	exact_nonempty_scaffold;ligand_tanimoto	0.175438596	0.185185185	1
G3S-123baf453e4557f4	G3S-3aac8f4c8810a918	exact_nonempty_scaffold;ligand_tanimoto	0.212543554	0.206896552	0.791666667
G3S-123baf453e4557f4	G3S-40a467bbafdc73d8	ligand_tanimoto	0.226256983	0.0769230769	0.4375
G3S-123baf453e4557f4	G3S-4f4f25ce439afb73	ligand_tanimoto	0.194174757	0.153846154	0.369230769
G3S-123baf453e4557f4	G3S-9d3d506752fabc29	ligand_tanimoto	0.226256983	0.0769230769	0.4
G3S-123baf453e4557f4	G3S-bd2cdfe90c8aa7fa	ligand_tanimoto	0.212121212	0.142857143	0.4375
G3S-123baf453e4557f4	G3S-be927832aa68b7af	exact_nonempty_scaffold;ligand_tanimoto	0.175438596	0.178571429	0.791666667
G3S-123baf453e4557f4	G3S-beb8359aa320987f	ligand_tanimoto	0.223333333	0.0769230769	0.4375
G3S-123baf453e4557f4	G3S-cb1dbf771699bf3f	ligand_tanimoto	0.194174757	0.0769230769	0.412698413
G3S-123baf453e4557f4	G3S-d392e1d59c314666	ligand_tanimoto	0.194174757	0.142857143	0.4
G3S-123baf453e4557f4	G3S-d82e40f7bc270eb2	ligand_tanimoto	0.221498371	0.0384615385	0.4375
G3S-123baf453e4557f4	G3S-e7f816aed727534b	ligand_tanimoto	0.194174757	0.0769230769	0.4375
G3S-123baf453e4557f4	G3S-ee6c97e67f1fb0d7	ligand_tanimoto	0.221498371	0.0384615385	0.4
G3S-133873650167b89b	G3S-197e79eddc015708	exact_nonempty_scaffold	0.215507412	0.214285714	0.342105263
G3S-133873650167b89b	G3S-1b71410cb988afba	exact_nonempty_scaffold	0.200918485	0	0.222222222
G3S-133873650167b89b	G3S-1da601ed70459098	exact_nonempty_scaffold	0.15967366	0.130434783	0.294117647
G3S-133873650167b89b	G3S-1da6d0a5126035e0	exact_nonempty_scaffold	0.154253154	0.0555555556	0.225352113
G3S-133873650167b89b	G3S-1eca1a7c2461b4f9	exact_nonempty_scaffold	0.172653534	0.0833333333	0.309859155
G3S-133873650167b89b	G3S-202ee41d5bfc94ab	exact_nonempty_scaffold	0.215507412	0.0869565217	0.295081967
G3S-133873650167b89b	G3S-226cff22b3a4602b	exact_nonempty_scaffold	0.210045662	0.147058824	0.253731343
G3S-133873650167b89b	G3S-32c08173ec26bea9	exact_nonempty_scaffold	0.212471132	0.129032258	0.309859155
G3S-133873650167b89b	G3S-34388e65af3203f8	exact_nonempty_scaffold	0.202764977	0.161290323	0.253731343
G3S-133873650167b89b	G3S-3a221f3683b786e1	exact_nonempty_scaffold	0.219326819	0.25	0.253968254
G3S-133873650167b89b	G3S-496a96ccb09a0048	exact_nonempty_scaffold	0.217587373	0.233333333	0.253731343
G3S-133873650167b89b	G3S-4be267e9de455895	exact_nonempty_scaffold	0.217633929	0.193548387	0.318181818
G3S-133873650167b89b	G3S-517155e5e2356899	exact_nonempty_scaffold	0.207568807	0.166666667	0.179104478
G3S-133873650167b89b	G3S-51759ead81a2003d	exact_nonempty_scaffold	0.106060606	0.0588235294	0.263888889
G3S-133873650167b89b	G3S-57758481291b0ab8	exact_nonempty_scaffold	0.0897435897	0.117647059	0.267605634
G3S-133873650167b89b	G3S-59125c7fdb97217d	exact_nonempty_scaffold	0.172653534	0.125	0.227272727
G3S-133873650167b89b	G3S-6fbd681c38d3a2a2	exact_nonempty_scaffold	0.208285386	0.1	0.24137931
G3S-133873650167b89b	G3S-70ec124b3b4163f0	exact_nonempty_scaffold	0.226923077	0.0588235294	0.189189189
G3S-133873650167b89b	G3S-72740991b3279a1e	exact_nonempty_scaffold	0.140327869	0.157894737	0.258426966
G3S-133873650167b89b	G3S-83ba16a2ad335359	ligand_tanimoto	0.221258134	0.176470588	0.362068966
G3S-133873650167b89b	G3S-8afbd56096fe1b47	ligand_tanimoto	0.198424069	0.173913043	0.4
G3S-133873650167b89b	G3S-9236ab9d73532a9d	exact_nonempty_scaffold;exact_target_sequence;full_sequence_identity;ligand_tanimoto;local_site_identity	1	0.529411765	1
G3S-133873650167b89b	G3S-9589527ecb9747c1	exact_nonempty_scaffold	0.179723502	0.0416666667	0.204545455
G3S-133873650167b89b	G3S-9d3d506752fabc29	exact_nonempty_scaffold	0.172653534	0.0833333333	0.309859155
G3S-133873650167b89b	G3S-a0b462ec59730874	exact_nonempty_scaffold	0.219101124	0.111111111	0.245614035
G3S-133873650167b89b	G3S-adf3d9017899d822	exact_nonempty_scaffold	0.170533643	0.153846154	0.275862069
G3S-133873650167b89b	G3S-b47e17893c82aca6	exact_nonempty_scaffold;ligand_tanimoto	0.160839161	0.2	0.558823529
G3S-133873650167b89b	G3S-b4e4bb5af0b8b2c1	exact_nonempty_scaffold	0.170533643	0.153846154	0.275862069
G3S-133873650167b89b	G3S-c3ad4039ad41a0e6	exact_nonempty_scaffold	0.197916667	0.2	0.232876712
G3S-133873650167b89b	G3S-c8b189267b8c3242	exact_nonempty_scaffold	0.205510907	0.142857143	0.222222222
G3S-133873650167b89b	G3S-d15243e290ebeba6	exact_nonempty_scaffold	0.15967366	0.130434783	0.227272727
G3S-133873650167b89b	G3S-d392e1d59c314666	exact_nonempty_scaffold	0.152148664	0.0769230769	0.309859155
G3S-133873650167b89b	G3S-d5f2b3941320fd29	exact_nonempty_scaffold	0.205747126	0.105263158	0.28358209
G3S-133873650167b89b	G3S-df91bc0fd4e2076d	exact_nonempty_scaffold	0.154113557	0.0952380952	0.227272727
G3S-133873650167b89b	G3S-e06c6b7aad2ea234	exact_nonempty_scaffold	0.104651163	0.0588235294	0.228571429
G3S-133873650167b89b	G3S-eb73c8235716ab91	exact_nonempty_scaffold	0.148837209	0.12	0.227272727
G3S-133873650167b89b	G3S-ee6c97e67f1fb0d7	exact_nonempty_scaffold	0.15967366	0.130434783	0.294117647
G3S-133873650167b89b	G3S-f2ec313bd7b3ce78	exact_nonempty_scaffold	0.169177289	0.136363636	0.186666667
G3S-133873650167b89b	G3S-f5c4fa2e79c47654	exact_nonempty_scaffold	0.196347032	0.0909090909	0.209302326
G3S-133873650167b89b	G3S-ff4e5bfc253b96ea	exact_nonempty_scaffold	0.18424102	0.0689655172	0.205882353
G3S-16762270570b655a	G3S-1da601ed70459098	exact_nonempty_scaffold;full_sequence_identity;ligand_tanimoto;local_site_identity	0.595419847	0.652173913	1
G3S-16762270570b655a	G3S-1eca1a7c2461b4f9	exact_nonempty_scaffold;ligand_tanimoto;local_site_identity	0.281337047	0.625	1
G3S-16762270570b655a	G3S-23caf31f263f2dc4	full_sequence_identity;local_site_identity	0.599236641	0.666666667	0.193548387
G3S-16762270570b655a	G3S-250da33ec2756fd5	exact_nonempty_scaffold;full_sequence_identity;ligand_tanimoto;local_site_identity;shared_measurement_publication	0.599236641	0.608695652	1
G3S-16762270570b655a	G3S-32c08173ec26bea9	exact_nonempty_scaffold;ligand_tanimoto	0.22008547	0.481481481	1
G3S-16762270570b655a	G3S-36aa31d3bfd96971	full_sequence_identity;local_site_identity	0.599236641	0.608695652	0.225806452
G3S-16762270570b655a	G3S-40a467bbafdc73d8	exact_nonempty_scaffold;ligand_tanimoto;local_site_identity	0.281337047	0.652173913	1
G3S-16762270570b655a	G3S-49ed2ea8183b105c	full_sequence_identity;local_site_identity	0.599236641	0.636363636	0.307692308
G3S-16762270570b655a	G3S-4f4f25ce439afb73	exact_nonempty_scaffold;full_sequence_identity;ligand_tanimoto;local_site_identity	0.599236641	0.608695652	1
G3S-16762270570b655a	G3S-59125c7fdb97217d	exact_nonempty_scaffold;ligand_tanimoto;local_site_identity	0.281337047	0.56	1
G3S-16762270570b655a	G3S-8468ef8a559bdade	exact_nonempty_scaffold;ligand_tanimoto;local_site_identity;shared_measurement_publication	0.281337047	0.625	1
G3S-16762270570b655a	G3S-86c78a56d4596857	exact_nonempty_scaffold;full_sequence_identity;ligand_tanimoto;local_site_identity;shared_measurement_publication	0.595419847	0.652173913	1
G3S-16762270570b655a	G3S-8fb4021f4421ad5b	ligand_tanimoto	0.113580247	0.157894737	0.353846154
G3S-16762270570b655a	G3S-9d3d506752fabc29	exact_nonempty_scaffold;ligand_tanimoto;local_site_identity	0.281337047	0.625	1
G3S-16762270570b655a	G3S-a5f8f9b4623f1ec1	exact_nonempty_scaffold;full_sequence_identity;ligand_tanimoto;local_site_identity;shared_measurement_publication	0.503787879	0.681818182	1
G3S-16762270570b655a	G3S-aaae27c9c7a68a3a	full_sequence_identity;local_site_identity	0.595419847	0.684210526	0.307692308
G3S-16762270570b655a	G3S-adf3d9017899d822	exact_nonempty_scaffold	0.208695652	0.192307692	0.283018868
G3S-16762270570b655a	G3S-b4e4bb5af0b8b2c1	exact_nonempty_scaffold	0.208695652	0.192307692	0.278688525
G3S-16762270570b655a	G3S-b66b7652f5b1d01d	exact_target_sequence;full_sequence_identity;local_site_identity;shared_reference_structure_publication	1	1	0.307692308
G3S-16762270570b655a	G3S-bd2cdfe90c8aa7fa	exact_nonempty_scaffold;full_sequence_identity;ligand_tanimoto;local_site_identity	0.503787879	0.681818182	1
G3S-16762270570b655a	G3S-beb8359aa320987f	exact_nonempty_scaffold;exact_target_sequence;full_sequence_identity;ligand_tanimoto;local_site_identity;shared_reference_structure_publication	1	1	1
G3S-16762270570b655a	G3S-cb1dbf771699bf3f	full_sequence_identity;ligand_tanimoto;local_site_identity	0.599236641	0.608695652	0.517857143
G3S-16762270570b655a	G3S-d15243e290ebeba6	exact_nonempty_scaffold;full_sequence_identity;ligand_tanimoto;local_site_identity	0.595419847	0.608695652	1
G3S-16762270570b655a	G3S-d2858f5dc6d0d6d2	exact_nonempty_scaffold;full_sequence_identity;ligand_tanimoto;local_site_identity	0.599236641	0.555555556	1
G3S-16762270570b655a	G3S-d392e1d59c314666	exact_nonempty_scaffold;full_sequence_identity;ligand_tanimoto;local_site_identity	0.599236641	0.538461538	1
G3S-16762270570b655a	G3S-d82e40f7bc270eb2	exact_nonempty_scaffold;full_sequence_identity;ligand_tanimoto;local_site_identity	0.595419847	0.652173913	1
G3S-16762270570b655a	G3S-df91bc0fd4e2076d	full_sequence_identity;local_site_identity	0.503787879	0.681818182	0.345454545
G3S-16762270570b655a	G3S-e7f816aed727534b	exact_nonempty_scaffold;full_sequence_identity;ligand_tanimoto;local_site_identity	0.599236641	0.608695652	1
G3S-16762270570b655a	G3S-eb73c8235716ab91	exact_nonempty_scaffold;exact_target_sequence;full_sequence_identity;ligand_tanimoto;local_site_identity	1	0.904761905	1
G3S-16762270570b655a	G3S-ee6c97e67f1fb0d7	exact_nonempty_scaffold;full_sequence_identity;ligand_tanimoto;local_site_identity	0.595419847	0.652173913	1
G3S-16762270570b655a	G3S-eea0596469e3b875	exact_nonempty_scaffold;exact_target_sequence;full_sequence_identity;ligand_tanimoto;local_site_identity	1	0.904761905	1
G3S-16762270570b655a	G3S-f223745e3dee7f3b	ligand_tanimoto	0.207272727	0.105263158	0.4375
G3S-17044cfb391f4718	G3S-1d6a948c781cf9b6	exact_nonempty_scaffold;ligand_tanimoto	0.212041885	0.195121951	0.583333333
G3S-17044cfb391f4718	G3S-320a13ed3c3022cf	exact_nonempty_scaffold;ligand_tanimoto	0.128591954	0.464285714	1
G3S-17044cfb391f4718	G3S-a38e7f40310e2c16	exact_nonempty_scaffold;ligand_tanimoto	0.159010601	0.24137931	0.565217391
G3S-17044cfb391f4718	G3S-ab8ecdc323a69568	ligand_tanimoto	0.228365385	0.392857143	0.35106383
G3S-17044cfb391f4718	G3S-bd97b6205fe27668	local_site_identity	0.171428571	0.533333333	0.177083333
G3S-17044cfb391f4718	G3S-bff054f5415e507d	exact_nonempty_scaffold;ligand_tanimoto	0.213636364	0.1875	0.557142857
G3S-17044cfb391f4718	G3S-c921d4d10853942c	ligand_tanimoto	0.210242588	0.222222222	0.489130435
G3S-17044cfb391f4718	G3S-d183c9dc36c1eaef	local_site_identity	0.212890625	0.5	0.165217391
G3S-197e79eddc015708	G3S-1b71410cb988afba	exact_nonempty_scaffold	0.228615863	0.214285714	0.19047619
G3S-197e79eddc015708	G3S-1da601ed70459098	exact_nonempty_scaffold	0.188834154	0.137931034	0.1875
G3S-197e79eddc015708	G3S-1da6d0a5126035e0	exact_nonempty_scaffold	0.122957516	0.142857143	0.179487179
G3S-197e79eddc015708	G3S-1eca1a7c2461b4f9	exact_nonempty_scaffold	0.201954397	0.137931034	0.1875
G3S-197e79eddc015708	G3S-202ee41d5bfc94ab	exact_nonempty_scaffold;exact_target_sequence;full_sequence_identity	1	0.25	0.236111111
G3S-197e79eddc015708	G3S-226cff22b3a4602b	exact_nonempty_scaffold	0.215517241	0.205882353	0.220779221
G3S-197e79eddc015708	G3S-237de531113c65a9	exact_target_sequence;full_sequence_identity	1	0.272727273	0.155172414
G3S-197e79eddc015708	G3S-32c08173ec26bea9	exact_nonempty_scaffold	0.228177642	0.107142857	0.1875
G3S-197e79eddc015708	G3S-34388e65af3203f8	exact_nonempty_scaffold	0.202702703	0.162162162	0.220779221
G3S-197e79eddc015708	G3S-3a221f3683b786e1	exact_nonempty_scaffold	0.205700124	0.142857143	0.125
G3S-197e79eddc015708	G3S-496a96ccb09a0048	exact_nonempty_scaffold	0.216216216	0.170731707	0.220779221
G3S-197e79eddc015708	G3S-4be267e9de455895	exact_nonempty_scaffold	0.2191582	0.161290323	0.278481013
G3S-197e79eddc015708	G3S-517155e5e2356899	exact_nonempty_scaffold	0.2192	0.107142857	0.14084507
G3S-197e79eddc015708	G3S-51759ead81a2003d	exact_nonempty_scaffold	0.118226601	0.214285714	0.184210526
G3S-197e79eddc015708	G3S-57758481291b0ab8	exact_nonempty_scaffold	0.0903119869	0.0714285714	0.239130435
G3S-197e79eddc015708	G3S-59125c7fdb97217d	exact_nonempty_scaffold	0.201954397	0.172413793	0.216666667
G3S-197e79eddc015708	G3S-6fbd681c38d3a2a2	exact_nonempty_scaffold	0.21835443	0.107142857	0.193181818
G3S-197e79eddc015708	G3S-70ec124b3b4163f0	exact_nonempty_scaffold	0.204498978	0.107142857	0.243902439
G3S-197e79eddc015708	G3S-72740991b3279a1e	exact_nonempty_scaffold	0.109436435	0.178571429	0.183333333
G3S-197e79eddc015708	G3S-9236ab9d73532a9d	exact_nonempty_scaffold;ligand_tanimoto	0.215507412	0.142857143	0.514285714
G3S-197e79eddc015708	G3S-9589527ecb9747c1	exact_nonempty_scaffold	0.197411003	0.133333333	0.269230769
G3S-197e79eddc015708	G3S-9d3d506752fabc29	exact_nonempty_scaffold	0.201954397	0.137931034	0.1875
G3S-197e79eddc015708	G3S-a0b462ec59730874	exact_nonempty_scaffold	0.229102167	0.142857143	0.2
G3S-197e79eddc015708	G3S-adf3d9017899d822	exact_nonempty_scaffold;ligand_tanimoto	0.1898527	0.275862069	0.428571429
G3S-197e79eddc015708	G3S-b47e17893c82aca6	exact_nonempty_scaffold	0.169381107	0.178571429	0.294117647
G3S-197e79eddc015708	G3S-b4e4bb5af0b8b2c1	exact_nonempty_scaffold;ligand_tanimoto	0.1898527	0.275862069	0.428571429
G3S-197e79eddc015708	G3S-c3ad4039ad41a0e6	exact_nonempty_scaffold	0.197712418	0.212121212	0.293333333
G3S-197e79eddc015708	G3S-c8b189267b8c3242	exact_nonempty_scaffold	0.229813665	0.142857143	0.19047619
G3S-197e79eddc015708	G3S-d15243e290ebeba6	exact_nonempty_scaffold	0.188834154	0.107142857	0.216666667
G3S-197e79eddc015708	G3S-d392e1d59c314666	exact_nonempty_scaffold	0.174757282	0.133333333	0.179104478
G3S-197e79eddc015708	G3S-d5f2b3941320fd29	exact_nonempty_scaffold	0.212264151	0.142857143	0.177777778
G3S-197e79eddc015708	G3S-df91bc0fd4e2076d	exact_nonempty_scaffold	0.170771757	0.133333333	0.216666667
G3S-197e79eddc015708	G3S-e06c6b7aad2ea234	exact_nonempty_scaffold;ligand_tanimoto	0.13136289	0.181818182	0.5
G3S-197e79eddc015708	G3S-eb73c8235716ab91	exact_nonempty_scaffold	0.174836601	0.25	0.216666667
G3S-197e79eddc015708	G3S-ee6c97e67f1fb0d7	exact_nonempty_scaffold	0.188834154	0.137931034	0.1875
G3S-197e79eddc015708	G3S-f2ec313bd7b3ce78	exact_nonempty_scaffold	0.197160883	0.142857143	0.210526316
G3S-197e79eddc015708	G3S-f5c4fa2e79c47654	exact_nonempty_scaffold	0.205128205	0.137931034	0.214285714
G3S-197e79eddc015708	G3S-ff4e5bfc253b96ea	exact_nonempty_scaffold	0.207119741	0.193548387	0.224489796
G3S-1a63362a8e320bf6	G3S-1c0e277b223f8a0b	exact_nonempty_scaffold;ligand_tanimoto	0.21691974	0.333333333	1
G3S-1a63362a8e320bf6	G3S-202cfb8f48e8667e	ligand_tanimoto	0.221765914	0.172413793	0.357142857
G3S-1a63362a8e320bf6	G3S-26ebb6597af3437e	exact_nonempty_scaffold;ligand_tanimoto;local_site_identity	0.169291339	0.566666667	1
G3S-1a63362a8e320bf6	G3S-2c433f19c7979794	exact_nonempty_scaffold;ligand_tanimoto;local_site_identity	0.208333333	0.533333333	1
G3S-1a63362a8e320bf6	G3S-376e479668e27e8e	exact_nonempty_scaffold;ligand_tanimoto	0.134069401	0.366666667	1
G3S-1a63362a8e320bf6	G3S-3c0a0829e923c91d	ligand_tanimoto	0.200471698	0.433333333	0.391304348
G3S-1a63362a8e320bf6	G3S-3e5852180ea6848b	exact_nonempty_scaffold;ligand_tanimoto	0.167456556	0.483870968	1
G3S-1a63362a8e320bf6	G3S-4273fdd1b3b53cb7	exact_nonempty_scaffold;ligand_tanimoto;shared_measurement_publication	0.176194205	0.413793103	1
G3S-1a63362a8e320bf6	G3S-430a406ff1fdb9e6	ligand_tanimoto	0.252218935	0.4	0.478873239
G3S-1a63362a8e320bf6	G3S-45df1c88b560ec4f	exact_nonempty_scaffold;ligand_tanimoto	0.240677966	0.483870968	1
G3S-1a63362a8e320bf6	G3S-46586ac6273ff065	exact_nonempty_scaffold;ligand_tanimoto;shared_measurement_publication	0.214728682	0.34375	1
G3S-1a63362a8e320bf6	G3S-4c1b91d17d81423a	exact_nonempty_scaffold;ligand_tanimoto;shared_measurement_publication	0.108300395	0.310344828	1
G3S-1a63362a8e320bf6	G3S-4e6759c45d9a6b9b	exact_nonempty_scaffold;ligand_tanimoto	0.159431728	0.419354839	1
G3S-1a63362a8e320bf6	G3S-502e01631feedf35	exact_nonempty_scaffold;ligand_tanimoto;shared_measurement_publication	0.167456556	0.483870968	1
G3S-1a63362a8e320bf6	G3S-55930eb8673c0eee	exact_nonempty_scaffold;ligand_tanimoto;shared_measurement_publication	0.18273717	0.413793103	1
G3S-1a63362a8e320bf6	G3S-5dd0b4d457e8529a	exact_nonempty_scaffold;ligand_tanimoto	0.212689257	0.433333333	1
G3S-1a63362a8e320bf6	G3S-69e1fcfda0e309e8	exact_nonempty_scaffold;ligand_tanimoto;local_site_identity;shared_measurement_publication	0.202444614	0.551724138	1
G3S-1a63362a8e320bf6	G3S-6e529abe43b8b245	exact_nonempty_scaffold;ligand_tanimoto;local_site_identity;shared_measurement_publication	0.213090909	0.517241379	1
G3S-1a63362a8e320bf6	G3S-780095ecb7b0162a	exact_nonempty_scaffold;ligand_tanimoto;shared_measurement_publication	0.184980237	0.266666667	1
G3S-1a63362a8e320bf6	G3S-7a52256b4ab19efa	exact_nonempty_scaffold;ligand_tanimoto;local_site_identity;shared_measurement_publication	0.210128496	0.551724138	1
G3S-1a63362a8e320bf6	G3S-7c94d7d05a9d2f85	exact_nonempty_scaffold;ligand_tanimoto;local_site_identity;shared_measurement_publication	0.169291339	0.580645161	1
G3S-1a63362a8e320bf6	G3S-7f4093cbfc6a5ba7	exact_nonempty_scaffold;ligand_tanimoto	0.212689257	0.466666667	1
G3S-1a63362a8e320bf6	G3S-82da8121de6eeecd	exact_nonempty_scaffold;ligand_tanimoto	0.240677966	0.483870968	1
G3S-1a63362a8e320bf6	G3S-8379ede84125ecb5	exact_nonempty_scaffold;ligand_tanimoto	0.240677966	0.483870968	1
G3S-1a63362a8e320bf6	G3S-8447070a69d51ab5	exact_nonempty_scaffold;ligand_tanimoto;local_site_identity	0.210128496	0.551724138	1
G3S-1a63362a8e320bf6	G3S-8908716879facb98	exact_nonempty_scaffold;ligand_tanimoto	0.240677966	0.483870968	1
G3S-1a63362a8e320bf6	G3S-96b21ba0d0525be3	exact_nonempty_scaffold;ligand_tanimoto	0.197836167	0.314285714	1
G3S-1a63362a8e320bf6	G3S-a5df04a0e400b0db	exact_nonempty_scaffold;ligand_tanimoto;local_site_identity	0.213090909	0.517241379	1
G3S-1a63362a8e320bf6	G3S-a607f21d0b792e74	exact_nonempty_scaffold;ligand_tanimoto;local_site_identity;shared_measurement_publication	0.174901961	0.517241379	1
G3S-1a63362a8e320bf6	G3S-a8d224cda1a84a3f	exact_nonempty_scaffold;ligand_tanimoto;shared_measurement_publication	0.220159151	0.448275862	1
G3S-1a63362a8e320bf6	G3S-a96a5730efc90a42	exact_nonempty_scaffold;ligand_tanimoto;shared_measurement_publication	0.21691974	0.24137931	1
G3S-1a63362a8e320bf6	G3S-accf02b6dbaa6894	ligand_tanimoto	0.138558987	0.388888889	0.632653061
G3S-1a63362a8e320bf6	G3S-b96988cabeb69917	exact_nonempty_scaffold;ligand_tanimoto;shared_measurement_publication	0.138558987	0.24137931	1
G3S-1a63362a8e320bf6	G3S-bd97b6205fe27668	exact_nonempty_scaffold;ligand_tanimoto;shared_measurement_publication	0.221385542	0.413793103	1
G3S-1a63362a8e320bf6	G3S-c5d1969627a8c3f1	exact_nonempty_scaffold;ligand_tanimoto;shared_measurement_publication	0.200471698	0.413793103	1
G3S-1a63362a8e320bf6	G3S-c6c69878bad91dca	exact_nonempty_scaffold;ligand_tanimoto;shared_measurement_publication	0.200938233	0.363636364	1
G3S-1a63362a8e320bf6	G3S-cac62a85af1d2834	exact_nonempty_scaffold;ligand_tanimoto;shared_measurement_publication	0.218322427	0.266666667	1
G3S-1a63362a8e320bf6	G3S-d183c9dc36c1eaef	ligand_tanimoto	0.163378058	0.433333333	0.391304348
G3S-1a63362a8e320bf6	G3S-d1de2bf2f08fcf46	exact_nonempty_scaffold;ligand_tanimoto;shared_measurement_publication	0.192156863	0.483870968	1
G3S-1a63362a8e320bf6	G3S-d207c324846b2507	exact_nonempty_scaffold;ligand_tanimoto;shared_measurement_publication	0.166797797	0.333333333	1
G3S-1a63362a8e320bf6	G3S-d3c114d403b4f6e6	ligand_tanimoto	0.200938233	0.363636364	0.380952381
G3S-1a63362a8e320bf6	G3S-d587ea9877aeacf1	exact_nonempty_scaffold;ligand_tanimoto;shared_measurement_publication	0.240677966	0.483870968	1
G3S-1a63362a8e320bf6	G3S-d5eff434a516ab97	exact_nonempty_scaffold;ligand_tanimoto;shared_measurement_publication	0.197836167	0.314285714	1
G3S-1a63362a8e320bf6	G3S-da6a7a5b92d16f5d	ligand_tanimoto	0.240677966	0.483870968	0.476923077
G3S-1a63362a8e320bf6	G3S-dc79a9836344f3ec	exact_nonempty_scaffold;ligand_tanimoto;local_site_identity	0.202444614	0.551724138	1
G3S-1a63362a8e320bf6	G3S-dd8aacb779840031	exact_nonempty_scaffold;ligand_tanimoto;local_site_identity	0.131018153	0.551724138	1
G3S-1a63362a8e320bf6	G3S-de2a24cde8ae391c	exact_nonempty_scaffold;ligand_tanimoto;shared_measurement_publication	0.212144504	0.451612903	1
G3S-1a63362a8e320bf6	G3S-e3b2a2841a5b18a5	exact_nonempty_scaffold;ligand_tanimoto;shared_measurement_publication	0.213584906	0.375	1
G3S-1a63362a8e320bf6	G3S-e710b4e67d7724f9	exact_nonempty_scaffold;ligand_tanimoto	0.240677966	0.483870968	1
G3S-1a63362a8e320bf6	G3S-f2318d3b76296c29	exact_nonempty_scaffold;ligand_tanimoto	0.212689257	0.466666667	1
G3S-1a63362a8e320bf6	G3S-f4966ebce19de7c0	exact_nonempty_scaffold;ligand_tanimoto	0.213584906	0.375	1
G3S-1a63362a8e320bf6	G3S-f9b101ab9b60896c	exact_nonempty_scaffold;ligand_tanimoto	0.21691974	0.24137931	1
G3S-1a63362a8e320bf6	G3S-fc8dc45b48055767	exact_nonempty_scaffold;ligand_tanimoto;local_site_identity	0.227857684	0.5	1
G3S-1b71410cb988afba	G3S-1d6a948c781cf9b6	exact_nonempty_scaffold	0.207100592	0.166666667	0.2
G3S-1b71410cb988afba	G3S-1da601ed70459098	exact_nonempty_scaffold	0.200803213	0.217391304	0.25
G3S-1b71410cb988afba	G3S-1da6d0a5126035e0	exact_nonempty_scaffold	0.113246116	0.19047619	0.115942029
G3S-1b71410cb988afba	G3S-1eca1a7c2461b4f9	exact_nonempty_scaffold	0.213279678	0.0833333333	0.25
G3S-1b71410cb988afba	G3S-202cfb8f48e8667e	ligand_tanimoto	0.167785235	0.0952380952	0.377358491
G3S-1b71410cb988afba	G3S-202ee41d5bfc94ab	exact_nonempty_scaffold	0.228615863	0.173913043	0.170212766
G3S-1b71410cb988afba	G3S-226cff22b3a4602b	exact_nonempty_scaffold	0.22324159	0.205882353	0.212121212
G3S-1b71410cb988afba	G3S-32c08173ec26bea9	exact_nonempty_scaffold	0.207293666	0.153846154	0.25
G3S-1b71410cb988afba	G3S-34388e65af3203f8	exact_nonempty_scaffold	0.206586826	0.225806452	0.212121212
G3S-1b71410cb988afba	G3S-376e479668e27e8e	ligand_tanimoto	0.217741935	0.25	0.378378378
G3S-1b71410cb988afba	G3S-3a221f3683b786e1	exact_nonempty_scaffold	0.196969697	0.166666667	0.193548387
G3S-1b71410cb988afba	G3S-3c0a0829e923c91d	exact_nonempty_scaffold	0.199228792	0.269230769	0.197674419
G3S-1b71410cb988afba	G3S-496a96ccb09a0048	exact_nonempty_scaffold	0.218408736	0.233333333	0.212121212
G3S-1b71410cb988afba	G3S-4be267e9de455895	exact_nonempty_scaffold	0.2015625	0.193548387	0.164179104
G3S-1b71410cb988afba	G3S-517155e5e2356899	exact_nonempty_scaffold	0.212065814	0.2	0.2
G3S-1b71410cb988afba	G3S-51759ead81a2003d	exact_nonempty_scaffold	0.149193548	0.111111111	0.153846154
G3S-1b71410cb988afba	G3S-57758481291b0ab8	exact_nonempty_scaffold;ligand_tanimoto	0.127530364	0.166666667	0.615384615
G3S-1b71410cb988afba	G3S-5848d835f7a47085	ligand_tanimoto	0.222426471	0.0555555556	0.4
G3S-1b71410cb988afba	G3S-59125c7fdb97217d	exact_nonempty_scaffold	0.213279678	0.0833333333	0.3
G3S-1b71410cb988afba	G3S-6fbd681c38d3a2a2	exact_nonempty_scaffold	0.20702403	0.19047619	0.184210526
G3S-1b71410cb988afba	G3S-70ec124b3b4163f0	exact_nonempty_scaffold	0.195426195	0.181818182	0.158730159
G3S-1b71410cb988afba	G3S-72740991b3279a1e	exact_nonempty_scaffold	0.088312541	0.0555555556	0.211538462
G3S-1b71410cb988afba	G3S-8337edc867d47bcc	exact_nonempty_scaffold	0.170510708	0.2	0.225
G3S-1b71410cb988afba	G3S-9236ab9d73532a9d	exact_nonempty_scaffold	0.200918485	0.0909090909	0.2
G3S-1b71410cb988afba	G3S-929205c457d12bfd	exact_nonempty_scaffold;ligand_tanimoto	0.123481781	0.210526316	0.666666667
G3S-1b71410cb988afba	G3S-9589527ecb9747c1	exact_nonempty_scaffold	0.208333333	0.178571429	0.166666667
G3S-1b71410cb988afba	G3S-9d3d506752fabc29	exact_nonempty_scaffold	0.213279678	0.0833333333	0.25
G3S-1b71410cb988afba	G3S-a0b462ec59730874	exact_nonempty_scaffold	0.222222222	0.227272727	0.277777778
G3S-1b71410cb988afba	G3S-adf3d9017899d822	exact_nonempty_scaffold	0.204365079	0.0769230769	0.341463415
G3S-1b71410cb988afba	G3S-b28f576038c6bba6	exact_nonempty_scaffold;ligand_tanimoto	0.2015625	0.193548387	0.365384615
G3S-1b71410cb988afba	G3S-b47e17893c82aca6	exact_nonempty_scaffold;ligand_tanimoto	0.216699801	0.0555555556	0.555555556
G3S-1b71410cb988afba	G3S-b4e4bb5af0b8b2c1	exact_nonempty_scaffold	0.204365079	0.0769230769	0.170212766
G3S-1b71410cb988afba	G3S-c3ad4039ad41a0e6	exact_nonempty_scaffold	0.211132438	0.233333333	0.2
G3S-1b71410cb988afba	G3S-c8b189267b8c3242	exact_nonempty_scaffold;full_sequence_identity;ligand_tanimoto;local_site_identity;shared_measurement_publication	0.935222672	0.6	1
G3S-1b71410cb988afba	G3S-d15243e290ebeba6	exact_nonempty_scaffold	0.200803213	0.185185185	0.3
G3S-1b71410cb988afba	G3S-d183c9dc36c1eaef	exact_nonempty_scaffold	0.216457961	0.269230769	0.197674419
G3S-1b71410cb988afba	G3S-d392e1d59c314666	exact_nonempty_scaffold	0.17611336	0.153846154	0.235294118
G3S-1b71410cb988afba	G3S-d5f2b3941320fd29	exact_nonempty_scaffold	0.208261618	0.111111111	0.25
G3S-1b71410cb988afba	G3S-df91bc0fd4e2076d	exact_nonempty_scaffold	0.182539683	0.19047619	0.3
G3S-1b71410cb988afba	G3S-e06c6b7aad2ea234	exact_nonempty_scaffold;ligand_tanimoto	0.143434343	0.263157895	0.407407407
G3S-1b71410cb988afba	G3S-eb73c8235716ab91	exact_nonempty_scaffold	0.197211155	0.238095238	0.3
G3S-1b71410cb988afba	G3S-ee6c97e67f1fb0d7	exact_nonempty_scaffold	0.200803213	0.217391304	0.25
G3S-1b71410cb988afba	G3S-f2ec313bd7b3ce78	exact_nonempty_scaffold	0.213178295	0.0909090909	0.146341463
G3S-1b71410cb988afba	G3S-f42b5d20c7dcac28	ligand_tanimoto	0.143434343	0.155555556	0.350877193
G3S-1b71410cb988afba	G3S-f5c4fa2e79c47654	exact_nonempty_scaffold;ligand_tanimoto	0.219230769	0.0909090909	0.588235294
G3S-1b71410cb988afba	G3S-ff4e5bfc253b96ea	exact_nonempty_scaffold	0.229906542	0.137931034	0.321428571
G3S-1c0e277b223f8a0b	G3S-26ebb6597af3437e	exact_nonempty_scaffold;ligand_tanimoto;shared_measurement_publication	0.195100612	0.310344828	1
G3S-1c0e277b223f8a0b	G3S-2c433f19c7979794	exact_nonempty_scaffold;ligand_tanimoto;shared_measurement_publication	0.243265993	0.321428571	1
G3S-1c0e277b223f8a0b	G3S-376e479668e27e8e	exact_nonempty_scaffold;ligand_tanimoto	0.14021164	0.28	1
G3S-1c0e277b223f8a0b	G3S-3e5852180ea6848b	exact_nonempty_scaffold;ligand_tanimoto;shared_measurement_publication	0.192070485	0.333333333	1
G3S-1c0e277b223f8a0b	G3S-4273fdd1b3b53cb7	exact_nonempty_scaffold;ligand_tanimoto	0.188306105	0.413793103	1
G3S-1c0e277b223f8a0b	G3S-430a406ff1fdb9e6	exact_nonempty_scaffold;ligand_tanimoto	0.21547421	0.333333333	1
G3S-1c0e277b223f8a0b	G3S-45df1c88b560ec4f	exact_nonempty_scaffold;ligand_tanimoto	0.219928826	0.310344828	1
G3S-1c0e277b223f8a0b	G3S-46586ac6273ff065	exact_nonempty_scaffold;ligand_tanimoto;local_site_identity	0.252794497	0.5	1
G3S-1c0e277b223f8a0b	G3S-4c1b91d17d81423a	exact_nonempty_scaffold;ligand_tanimoto	0.13215859	0.259259259	1
G3S-1c0e277b223f8a0b	G3S-4e6759c45d9a6b9b	exact_nonempty_scaffold;ligand_tanimoto;shared_measurement_publication	0.170194004	0.423076923	1
G3S-1c0e277b223f8a0b	G3S-502e01631feedf35	exact_nonempty_scaffold;ligand_tanimoto	0.192070485	0.333333333	1
G3S-1c0e277b223f8a0b	G3S-55930eb8673c0eee	exact_nonempty_scaffold;ligand_tanimoto	0.223684211	0.192307692	1
G3S-1c0e277b223f8a0b	G3S-5dd0b4d457e8529a	exact_nonempty_scaffold;ligand_tanimoto;shared_measurement_publication	0.227439472	0.333333333	1
G3S-1c0e277b223f8a0b	G3S-69e1fcfda0e309e8	exact_nonempty_scaffold;ligand_tanimoto	0.242156074	0.321428571	1
G3S-1c0e277b223f8a0b	G3S-6e529abe43b8b245	exact_nonempty_scaffold;ligand_tanimoto	0.214618974	0.379310345	1
G3S-1c0e277b223f8a0b	G3S-6f45b1bb0dddfac7	exact_target_sequence;full_sequence_identity;local_site_identity;shared_reference_structure_publication	1	1	0.227272727
G3S-1c0e277b223f8a0b	G3S-780095ecb7b0162a	exact_nonempty_scaffold;ligand_tanimoto	0.228947368	0.416666667	1
G3S-1c0e277b223f8a0b	G3S-7a52256b4ab19efa	exact_nonempty_scaffold;ligand_tanimoto	0.230769231	0.148148148	1
G3S-1c0e277b223f8a0b	G3S-7ad16b5be174b17e	exact_nonempty_scaffold;ligand_tanimoto	0.170194004	0.416666667	1
G3S-1c0e277b223f8a0b	G3S-7c94d7d05a9d2f85	exact_nonempty_scaffold;ligand_tanimoto	0.195100612	0.387096774	1
G3S-1c0e277b223f8a0b	G3S-82da8121de6eeecd	exact_nonempty_scaffold;ligand_tanimoto	0.219928826	0.310344828	1
G3S-1c0e277b223f8a0b	G3S-8379ede84125ecb5	exact_nonempty_scaffold;ligand_tanimoto	0.219928826	0.310344828	1
G3S-1c0e277b223f8a0b	G3S-8447070a69d51ab5	exact_nonempty_scaffold;ligand_tanimoto;shared_measurement_publication	0.230769231	0.148148148	1
G3S-1c0e277b223f8a0b	G3S-96b21ba0d0525be3	exact_nonempty_scaffold;ligand_tanimoto;shared_measurement_publication	0.246621622	0.342857143	1
G3S-1c0e277b223f8a0b	G3S-a38e7f40310e2c16	exact_target_sequence;full_sequence_identity	1	0.285714286	0.2
G3S-1c0e277b223f8a0b	G3S-a5df04a0e400b0db	exact_nonempty_scaffold;ligand_tanimoto;shared_measurement_publication	0.214618974	0.379310345	1
G3S-1c0e277b223f8a0b	G3S-a607f21d0b792e74	exact_nonempty_scaffold;ligand_tanimoto	0.174714662	0.346153846	1
G3S-1c0e277b223f8a0b	G3S-a8d224cda1a84a3f	exact_nonempty_scaffold;ligand_tanimoto	0.222772277	0.482758621	1
G3S-1c0e277b223f8a0b	G3S-a96a5730efc90a42	exact_nonempty_scaffold;exact_target_sequence;full_sequence_identity;ligand_tanimoto;local_site_identity	1	0.642857143	1
G3S-1c0e277b223f8a0b	G3S-b96988cabeb69917	exact_nonempty_scaffold;ligand_tanimoto	0.162708883	0.222222222	1
G3S-1c0e277b223f8a0b	G3S-bd97b6205fe27668	exact_nonempty_scaffold;ligand_tanimoto	0.23242349	0.416666667	1
G3S-1c0e277b223f8a0b	G3S-c1bf0bf4ec7b8cf8	full_sequence_identity	0.391339214	0.260869565	0.219298246
G3S-1c0e277b223f8a0b	G3S-c5d1969627a8c3f1	exact_nonempty_scaffold;ligand_tanimoto	0.202046036	0.384615385	1
G3S-1c0e277b223f8a0b	G3S-c6c69878bad91dca	exact_nonempty_scaffold;ligand_tanimoto	0.215918713	0.272727273	1
G3S-1c0e277b223f8a0b	G3S-cac62a85af1d2834	exact_nonempty_scaffold;ligand_tanimoto	0.206111444	0.461538462	1
G3S-1c0e277b223f8a0b	G3S-ccdb4e9b6cf85e30	full_sequence_identity	0.391339214	0.375	0.208791209
G3S-1c0e277b223f8a0b	G3S-d1de2bf2f08fcf46	exact_nonempty_scaffold;ligand_tanimoto	0.211403509	0.48	1
G3S-1c0e277b223f8a0b	G3S-d207c324846b2507	exact_nonempty_scaffold;ligand_tanimoto	0.166666667	0.206896552	1
G3S-1c0e277b223f8a0b	G3S-d587ea9877aeacf1	exact_nonempty_scaffold;ligand_tanimoto	0.219928826	0.310344828	1
G3S-1c0e277b223f8a0b	G3S-d5eff434a516ab97	exact_nonempty_scaffold;ligand_tanimoto	0.246621622	0.342857143	1
G3S-1c0e277b223f8a0b	G3S-dc79a9836344f3ec	exact_nonempty_scaffold;ligand_tanimoto;shared_measurement_publication	0.242156074	0.321428571	1
G3S-1c0e277b223f8a0b	G3S-dd8aacb779840031	ligand_tanimoto	0.139514731	0.148148148	0.357142857
G3S-1c0e277b223f8a0b	G3S-de2a24cde8ae391c	exact_nonempty_scaffold;ligand_tanimoto	0.219648562	0.269230769	1
G3S-1c0e277b223f8a0b	G3S-e3b2a2841a5b18a5	exact_nonempty_scaffold;ligand_tanimoto	0.232824427	0.375	1
G3S-1c0e277b223f8a0b	G3S-e710b4e67d7724f9	exact_nonempty_scaffold;ligand_tanimoto;shared_measurement_publication	0.219928826	0.310344828	1
G3S-1c0e277b223f8a0b	G3S-f2318d3b76296c29	exact_nonempty_scaffold;ligand_tanimoto	0.227439472	0.333333333	1
G3S-1c0e277b223f8a0b	G3S-f4966ebce19de7c0	exact_nonempty_scaffold;ligand_tanimoto;shared_measurement_publication	0.232824427	0.375	1
G3S-1c0e277b223f8a0b	G3S-f9b101ab9b60896c	exact_target_sequence;full_sequence_identity;ligand_tanimoto;local_site_identity	1	0.642857143	0.558441558
G3S-1c0e277b223f8a0b	G3S-fc8dc45b48055767	exact_nonempty_scaffold;ligand_tanimoto;shared_measurement_publication	0.224812656	0.333333333	1
G3S-1d6a948c781cf9b6	G3S-320a13ed3c3022cf	exact_nonempty_scaffold;ligand_tanimoto	0.117985612	0.166666667	0.390243902
G3S-1d6a948c781cf9b6	G3S-3c0a0829e923c91d	exact_nonempty_scaffold	0.176240209	0.166666667	0.325581395
G3S-1d6a948c781cf9b6	G3S-8337edc867d47bcc	exact_nonempty_scaffold	0.136400986	0.131578947	0.209302326
G3S-1d6a948c781cf9b6	G3S-9236ab9d73532a9d	ligand_tanimoto	0.165509259	0.138888889	0.368421053
G3S-1d6a948c781cf9b6	G3S-929205c457d12bfd	exact_nonempty_scaffold;ligand_tanimoto	0.16828479	0.194444444	0.413793103
G3S-1d6a948c781cf9b6	G3S-a0b462ec59730874	exact_nonempty_scaffold	0.204502814	0.166666667	0.324324324
G3S-1d6a948c781cf9b6	G3S-a38e7f40310e2c16	exact_nonempty_scaffold;ligand_tanimoto	0.148898678	0.236842105	0.625
G3S-1d6a948c781cf9b6	G3S-b28f576038c6bba6	exact_nonempty_scaffold	0.19379845	0.166666667	0.285714286
G3S-1d6a948c781cf9b6	G3S-b47e17893c82aca6	exact_nonempty_scaffold	0.235649547	0.0833333333	0.268292683
G3S-1d6a948c781cf9b6	G3S-bff054f5415e507d	exact_nonempty_scaffold;ligand_tanimoto	0.19054878	0.138888889	0.614035088
G3S-1d6a948c781cf9b6	G3S-c8b189267b8c3242	exact_nonempty_scaffold	0.20758483	0.162162162	0.2
G3S-1d6a948c781cf9b6	G3S-c921d4d10853942c	ligand_tanimoto	0.25	0.217391304	0.460526316
G3S-1d6a948c781cf9b6	G3S-d183c9dc36c1eaef	exact_nonempty_scaffold	0.181451613	0.166666667	0.325581395
G3S-1d6a948c781cf9b6	G3S-e06c6b7aad2ea234	exact_nonempty_scaffold;ligand_tanimoto	0.202572347	0.138888889	0.413793103
G3S-1d6a948c781cf9b6	G3S-f5c4fa2e79c47654	exact_nonempty_scaffold	0.205567452	0.105263158	0.177777778
G3S-1da601ed70459098	G3S-1da6d0a5126035e0	exact_nonempty_scaffold	0.0716625717	0.0869565217	0.203125
G3S-1da601ed70459098	G3S-1eca1a7c2461b4f9	exact_nonempty_scaffold;full_sequence_identity;ligand_tanimoto;local_site_identity;shared_reference_structure_publication	0.30362117	0.625	1
G3S-1da601ed70459098	G3S-202ee41d5bfc94ab	exact_nonempty_scaffold	0.188834154	0.178571429	0.2
G3S-1da601ed70459098	G3S-226cff22b3a4602b	exact_nonempty_scaffold	0.193958665	0.184210526	0.196428571
G3S-1da601ed70459098	G3S-23caf31f263f2dc4	full_sequence_identity;local_site_identity	0.599236641	0.75	0.175438596
G3S-1da601ed70459098	G3S-250da33ec2756fd5	exact_nonempty_scaffold;full_sequence_identity;ligand_tanimoto;local_site_identity	0.599236641	0.592592593	1
G3S-1da601ed70459098	G3S-2a143dedddd90694	ligand_tanimoto	0.208333333	0.0434782609	0.403225806
G3S-1da601ed70459098	G3S-32c08173ec26bea9	exact_nonempty_scaffold;ligand_tanimoto	0.231101512	0.483870968	1
G3S-1da601ed70459098	G3S-34388e65af3203f8	exact_nonempty_scaffold	0.182677165	0.161290323	0.196428571
G3S-1da601ed70459098	G3S-36aa31d3bfd96971	full_sequence_identity;local_site_identity	0.599236641	0.62962963	0.188405797
G3S-1da601ed70459098	G3S-3a221f3683b786e1	exact_nonempty_scaffold	0.154533844	0.217391304	0.136363636
G3S-1da601ed70459098	G3S-3aac8f4c8810a918	ligand_tanimoto	0.194656489	0.193548387	0.396825397
G3S-1da601ed70459098	G3S-40a467bbafdc73d8	exact_nonempty_scaffold;full_sequence_identity;ligand_tanimoto;local_site_identity	0.30362117	0.625	1
G3S-1da601ed70459098	G3S-496a96ccb09a0048	exact_nonempty_scaffold	0.173419773	0.2	0.196428571
G3S-1da601ed70459098	G3S-49ed2ea8183b105c	full_sequence_identity;local_site_identity	0.599236641	0.72	0.298245614
G3S-1da601ed70459098	G3S-4be267e9de455895	exact_nonempty_scaffold	0.162420382	0.15625	0.280487805
G3S-1da601ed70459098	G3S-4f4f25ce439afb73	exact_nonempty_scaffold;full_sequence_identity;ligand_tanimoto;local_site_identity	0.599236641	0.592592593	1
G3S-1da601ed70459098	G3S-517155e5e2356899	exact_nonempty_scaffold	0.19123506	0.130434783	0.209677419
G3S-1da601ed70459098	G3S-51759ead81a2003d	exact_nonempty_scaffold	0.210526316	0.260869565	0.213114754
G3S-1da601ed70459098	G3S-57758481291b0ab8	exact_nonempty_scaffold	0.186311787	0.173913043	0.208333333
G3S-1da601ed70459098	G3S-59125c7fdb97217d	exact_nonempty_scaffold;full_sequence_identity;ligand_tanimoto;local_site_identity	0.30362117	0.538461538	1
G3S-1da601ed70459098	G3S-6fbd681c38d3a2a2	exact_nonempty_scaffold	0.197979798	0.217391304	0.209876543
G3S-1da601ed70459098	G3S-70ec124b3b4163f0	exact_nonempty_scaffold	0.131937173	0.217391304	0.179104478
G3S-1da601ed70459098	G3S-72740991b3279a1e	exact_nonempty_scaffold	0.0620485883	0.173913043	0.171875
G3S-1da601ed70459098	G3S-8468ef8a559bdade	exact_nonempty_scaffold;full_sequence_identity;ligand_tanimoto;local_site_identity;shared_reference_structure_publication	0.30362117	0.625	1
G3S-1da601ed70459098	G3S-86c78a56d4596857	exact_nonempty_scaffold;exact_target_sequence;full_sequence_identity;ligand_tanimoto;local_site_identity;shared_reference_structure_publication	1	1	1
G3S-1da601ed70459098	G3S-9236ab9d73532a9d	exact_nonempty_scaffold	0.15967366	0.0434782609	0.283333333
G3S-1da601ed70459098	G3S-9589527ecb9747c1	exact_nonempty_scaffold	0.19895288	0.214285714	0.179104478
G3S-1da601ed70459098	G3S-9d3d506752fabc29	exact_nonempty_scaffold;full_sequence_identity;ligand_tanimoto;local_site_identity;shared_measurement_publication;shared_reference_structure_publication	0.30362117	0.625	1
G3S-1da601ed70459098	G3S-a0b462ec59730874	exact_nonempty_scaffold	0.208178439	0.0869565217	0.28
G3S-1da601ed70459098	G3S-a5f8f9b4623f1ec1	exact_nonempty_scaffold;full_sequence_identity;ligand_tanimoto;local_site_identity	0.526515152	0.782608696	1
G3S-1da601ed70459098	G3S-aaae27c9c7a68a3a	exact_target_sequence;full_sequence_identity;local_site_identity	1	0.739130435	0.298245614
G3S-1da601ed70459098	G3S-adf3d9017899d822	exact_nonempty_scaffold	0.213450292	0.133333333	0.285714286
G3S-1da601ed70459098	G3S-b47e17893c82aca6	exact_nonempty_scaffold	0.216216216	0.130434783	0.271186441
G3S-1da601ed70459098	G3S-b4e4bb5af0b8b2c1	exact_nonempty_scaffold	0.213450292	0.133333333	0.189873418
G3S-1da601ed70459098	G3S-b66b7652f5b1d01d	full_sequence_identity;local_site_identity	0.595419847	0.652173913	0.298245614
G3S-1da601ed70459098	G3S-bd2cdfe90c8aa7fa	exact_nonempty_scaffold;full_sequence_identity;ligand_tanimoto;local_site_identity	0.526515152	0.782608696	1
G3S-1da601ed70459098	G3S-beb8359aa320987f	exact_nonempty_scaffold;full_sequence_identity;ligand_tanimoto;local_site_identity	0.595419847	0.652173913	1
G3S-1da601ed70459098	G3S-c3ad4039ad41a0e6	exact_nonempty_scaffold	0.221374046	0.151515152	0.203125
G3S-1da601ed70459098	G3S-c8b189267b8c3242	exact_nonempty_scaffold	0.201581028	0.173913043	0.25
G3S-1da601ed70459098	G3S-cb1dbf771699bf3f	exact_nonempty_scaffold;full_sequence_identity;ligand_tanimoto;local_site_identity	0.599236641	0.692307692	1
G3S-1da601ed70459098	G3S-d15243e290ebeba6	exact_nonempty_scaffold;exact_target_sequence;full_sequence_identity;ligand_tanimoto;local_site_identity	1	0.703703704	1
G3S-1da601ed70459098	G3S-d2858f5dc6d0d6d2	exact_nonempty_scaffold;full_sequence_identity;ligand_tanimoto;local_site_identity	0.599236641	0.533333333	1
G3S-1da601ed70459098	G3S-d392e1d59c314666	exact_nonempty_scaffold;full_sequence_identity;ligand_tanimoto;local_site_identity;shared_measurement_publication	0.599236641	0.620689655	1
G3S-1da601ed70459098	G3S-d5f2b3941320fd29	exact_nonempty_scaffold	0.185528757	0.125	0.24137931
G3S-1da601ed70459098	G3S-d82e40f7bc270eb2	exact_nonempty_scaffold;exact_target_sequence;full_sequence_identity;ligand_tanimoto;local_site_identity	1	0.869565217	1
G3S-1da601ed70459098	G3S-df91bc0fd4e2076d	exact_nonempty_scaffold;full_sequence_identity;ligand_tanimoto;local_site_identity	0.526515152	0.782608696	1
G3S-1da601ed70459098	G3S-e06c6b7aad2ea234	exact_nonempty_scaffold	0.211678832	0.217391304	0.285714286
G3S-1da601ed70459098	G3S-e7f816aed727534b	exact_nonempty_scaffold;full_sequence_identity;ligand_tanimoto;local_site_identity	0.599236641	0.692307692	1
G3S-1da601ed70459098	G3S-eb73c8235716ab91	exact_nonempty_scaffold;full_sequence_identity;ligand_tanimoto;local_site_identity	0.595419847	0.666666667	0.743589744
G3S-1da601ed70459098	G3S-ee6c97e67f1fb0d7	exact_nonempty_scaffold;exact_target_sequence;full_sequence_identity;ligand_tanimoto;local_site_identity;shared_reference_structure_publication	1	1	1
G3S-1da601ed70459098	G3S-eea0596469e3b875	exact_nonempty_scaffold;full_sequence_identity;ligand_tanimoto;local_site_identity;shared_measurement_publication	0.595419847	0.666666667	1
G3S-1da601ed70459098	G3S-f223745e3dee7f3b	ligand_tanimoto	0.21942446	0.0434782609	0.413043478
G3S-1da601ed70459098	G3S-f2ec313bd7b3ce78	exact_nonempty_scaffold	0.201044386	0.130434783	0.179104478
G3S-1da601ed70459098	G3S-f5c4fa2e79c47654	exact_nonempty_scaffold	0.189732143	0.173913043	0.18
G3S-1da601ed70459098	G3S-ff4e5bfc253b96ea	exact_nonempty_scaffold	0.230958231	0.193548387	0.215384615
G3S-1da6d0a5126035e0	G3S-1eca1a7c2461b4f9	exact_nonempty_scaffold	0.0899795501	0.16	0.202702703
G3S-1da6d0a5126035e0	G3S-202ee41d5bfc94ab	exact_nonempty_scaffold	0.122957516	0.260869565	0.2
G3S-1da6d0a5126035e0	G3S-226cff22b3a4602b	exact_nonempty_scaffold	0.124437167	0.117647059	0.220779221
G3S-1da6d0a5126035e0	G3S-32c08173ec26bea9	exact_nonempty_scaffold	0.106060606	0.115384615	0.203125
G3S-1da6d0a5126035e0	G3S-34388e65af3203f8	exact_nonempty_scaffold	0.129387755	0.205882353	0.220779221
G3S-1da6d0a5126035e0	G3S-3a221f3683b786e1	exact_nonempty_scaffold	0.138480392	0.19047619	0.131578947
G3S-1da6d0a5126035e0	G3S-496a96ccb09a0048	exact_nonempty_scaffold	0.117455139	0.129032258	0.220779221
G3S-1da6d0a5126035e0	G3S-4be267e9de455895	exact_nonempty_scaffold	0.124591503	0.193548387	0.189873418
G3S-1da6d0a5126035e0	G3S-517155e5e2356899	exact_nonempty_scaffold	0.115479115	0.0555555556	0.126984127
G3S-1da6d0a5126035e0	G3S-51759ead81a2003d	exact_nonempty_scaffold	0.0446355446	0.111111111	0.25862069
G3S-1da6d0a5126035e0	G3S-57758481291b0ab8	exact_nonempty_scaffold	0.036036036	0.277777778	0.202898551
G3S-1da6d0a5126035e0	G3S-59125c7fdb97217d	exact_nonempty_scaffold	0.0899795501	0.125	0.203125
G3S-1da6d0a5126035e0	G3S-6fbd681c38d3a2a2	exact_nonempty_scaffold	0.104422604	0.2	0.257142857
G3S-1da6d0a5126035e0	G3S-70ec124b3b4163f0	exact_nonempty_scaffold	0.17603912	0.0555555556	0.26984127
G3S-1da6d0a5126035e0	G3S-72740991b3279a1e	exact_nonempty_scaffold	0.215273413	0.333333333	0.293103448
G3S-1da6d0a5126035e0	G3S-9236ab9d73532a9d	exact_nonempty_scaffold	0.154253154	0.166666667	0.226415094
G3S-1da6d0a5126035e0	G3S-9589527ecb9747c1	exact_nonempty_scaffold	0.0872235872	0.0416666667	0.26984127
G3S-1da6d0a5126035e0	G3S-9d3d506752fabc29	exact_nonempty_scaffold	0.0899795501	0.16	0.203125
G3S-1da6d0a5126035e0	G3S-a0b462ec59730874	exact_nonempty_scaffold	0.127302497	0.142857143	0.293103448
G3S-1da6d0a5126035e0	G3S-adf3d9017899d822	exact_nonempty_scaffold	0.0883797054	0.153846154	0.274193548
G3S-1da6d0a5126035e0	G3S-b47e17893c82aca6	exact_nonempty_scaffold	0.0728910729	0.111111111	0.222222222
G3S-1da6d0a5126035e0	G3S-b4e4bb5af0b8b2c1	exact_nonempty_scaffold	0.0883797054	0.153846154	0.246153846
G3S-1da6d0a5126035e0	G3S-c3ad4039ad41a0e6	exact_nonempty_scaffold	0.0909090909	0.2	0.323943662
G3S-1da6d0a5126035e0	G3S-c8b189267b8c3242	exact_nonempty_scaffold	0.100654664	0.111111111	0.125
G3S-1da6d0a5126035e0	G3S-d15243e290ebeba6	exact_nonempty_scaffold	0.0716625717	0.130434783	0.203125
G3S-1da6d0a5126035e0	G3S-d392e1d59c314666	exact_nonempty_scaffold	0.0671580672	0.153846154	0.203125
G3S-1da6d0a5126035e0	G3S-d5f2b3941320fd29	exact_nonempty_scaffold	0.114881439	0.227272727	0.175675676
G3S-1da6d0a5126035e0	G3S-df91bc0fd4e2076d	exact_nonempty_scaffold	0.0679214403	0.142857143	0.171875
G3S-1da6d0a5126035e0	G3S-e06c6b7aad2ea234	exact_nonempty_scaffold	0.0458452722	0.222222222	0.196078431
G3S-1da6d0a5126035e0	G3S-eb73c8235716ab91	exact_nonempty_scaffold	0.0728910729	0.166666667	0.203125
G3S-1da6d0a5126035e0	G3S-ee6c97e67f1fb0d7	exact_nonempty_scaffold	0.0716625717	0.0869565217	0.203125
G3S-1da6d0a5126035e0	G3S-f2ec313bd7b3ce78	exact_nonempty_scaffold	0.0855505526	0.0454545455	0.26984127
G3S-1da6d0a5126035e0	G3S-f5c4fa2e79c47654	exact_nonempty_scaffold	0.0970118707	0.0909090909	0.155172414
G3S-1da6d0a5126035e0	G3S-fb6b9c4b9d6641a2	ligand_tanimoto	0.202989772	0.45	0.363636364
G3S-1da6d0a5126035e0	G3S-fb7593ab116f7278	ligand_tanimoto	0.065493246	0.130434783	0.350877193
G3S-1da6d0a5126035e0	G3S-ff4e5bfc253b96ea	exact_nonempty_scaffold	0.0982800983	0.0689655172	0.208333333
G3S-1eca1a7c2461b4f9	G3S-202ee41d5bfc94ab	exact_nonempty_scaffold	0.201954397	0.153846154	0.2
G3S-1eca1a7c2461b4f9	G3S-226cff22b3a4602b	exact_nonempty_scaffold	0.224880383	0.147058824	0.196428571
G3S-1eca1a7c2461b4f9	G3S-23caf31f263f2dc4	local_site_identity	0.281337047	0.64	0.175438596
G3S-1eca1a7c2461b4f9	G3S-250da33ec2756fd5	exact_nonempty_scaffold;ligand_tanimoto;local_site_identity	0.281337047	0.592592593	1
G3S-1eca1a7c2461b4f9	G3S-2a143dedddd90694	ligand_tanimoto	0.171830986	0.0833333333	0.403225806
G3S-1eca1a7c2461b4f9	G3S-32c08173ec26bea9	exact_nonempty_scaffold;full_sequence_identity;ligand_tanimoto;shared_measurement_publication	0.307368421	0.483870968	1
G3S-1eca1a7c2461b4f9	G3S-34388e65af3203f8	exact_nonempty_scaffold	0.209119497	0.193548387	0.196428571
G3S-1eca1a7c2461b4f9	G3S-36aa31d3bfd96971	local_site_identity	0.281337047	0.592592593	0.211267606
G3S-1eca1a7c2461b4f9	G3S-3a221f3683b786e1	exact_nonempty_scaffold	0.1875	0.25	0.135135135
G3S-1eca1a7c2461b4f9	G3S-3aac8f4c8810a918	ligand_tanimoto	0.19047619	0.15625	0.396825397
G3S-1eca1a7c2461b4f9	G3S-40a467bbafdc73d8	exact_nonempty_scaffold;exact_target_sequence;full_sequence_identity;ligand_tanimoto;local_site_identity	1	0.958333333	1
G3S-1eca1a7c2461b4f9	G3S-496a96ccb09a0048	exact_nonempty_scaffold	0.217948718	0.166666667	0.196428571
G3S-1eca1a7c2461b4f9	G3S-49ed2ea8183b105c	local_site_identity	0.281337047	0.64	0.298245614
G3S-1eca1a7c2461b4f9	G3S-4be267e9de455895	exact_nonempty_scaffold	0.206624606	0.15625	0.280487805
G3S-1eca1a7c2461b4f9	G3S-4f4f25ce439afb73	exact_nonempty_scaffold;ligand_tanimoto;local_site_identity	0.281337047	0.592592593	1
G3S-1eca1a7c2461b4f9	G3S-517155e5e2356899	exact_nonempty_scaffold	0.187250996	0.166666667	0.209677419
G3S-1eca1a7c2461b4f9	G3S-51759ead81a2003d	exact_nonempty_scaffold	0.166666667	0.25	0.188405797
G3S-1eca1a7c2461b4f9	G3S-57758481291b0ab8	exact_nonempty_scaffold	0.15819209	0.125	0.208333333
G3S-1eca1a7c2461b4f9	G3S-59125c7fdb97217d	exact_nonempty_scaffold;exact_target_sequence;full_sequence_identity;ligand_tanimoto;local_site_identity	1	0.730769231	1
G3S-1eca1a7c2461b4f9	G3S-6fbd681c38d3a2a2	exact_nonempty_scaffold	0.218687873	0.291666667	0.209876543
G3S-1eca1a7c2461b4f9	G3S-70ec124b3b4163f0	exact_nonempty_scaffold	0.169989507	0.125	0.179104478
G3S-1eca1a7c2461b4f9	G3S-72740991b3279a1e	exact_nonempty_scaffold	0.0738431244	0.0833333333	0.171875
G3S-1eca1a7c2461b4f9	G3S-8468ef8a559bdade	exact_nonempty_scaffold;exact_target_sequence;full_sequence_identity;ligand_tanimoto;local_site_identity;shared_reference_structure_publication	1	1	1
G3S-1eca1a7c2461b4f9	G3S-86c78a56d4596857	exact_nonempty_scaffold;full_sequence_identity;ligand_tanimoto;local_site_identity;shared_reference_structure_publication	0.30362117	0.625	1
G3S-1eca1a7c2461b4f9	G3S-9236ab9d73532a9d	exact_nonempty_scaffold	0.172653534	0.0833333333	0.283333333
G3S-1eca1a7c2461b4f9	G3S-9589527ecb9747c1	exact_nonempty_scaffold	0.216748768	0.0416666667	0.179104478
G3S-1eca1a7c2461b4f9	G3S-9d3d506752fabc29	exact_nonempty_scaffold;exact_target_sequence;full_sequence_identity;ligand_tanimoto;local_site_identity;shared_reference_structure_publication	1	1	1
G3S-1eca1a7c2461b4f9	G3S-a0b462ec59730874	exact_nonempty_scaffold	0.211009174	0.166666667	0.28
G3S-1eca1a7c2461b4f9	G3S-a5f8f9b4623f1ec1	exact_nonempty_scaffold;full_sequence_identity;ligand_tanimoto;local_site_identity	0.315789474	0.708333333	1
G3S-1eca1a7c2461b4f9	G3S-aaae27c9c7a68a3a	full_sequence_identity;local_site_identity	0.30362117	0.583333333	0.298245614
G3S-1eca1a7c2461b4f9	G3S-adf3d9017899d822	exact_nonempty_scaffold	0.22606383	0.185185185	0.285714286
G3S-1eca1a7c2461b4f9	G3S-b47e17893c82aca6	exact_nonempty_scaffold	0.21253406	0.166666667	0.271186441
G3S-1eca1a7c2461b4f9	G3S-b4e4bb5af0b8b2c1	exact_nonempty_scaffold	0.22606383	0.185185185	0.189873418
G3S-1eca1a7c2461b4f9	G3S-b66b7652f5b1d01d	local_site_identity	0.281337047	0.625	0.298245614
G3S-1eca1a7c2461b4f9	G3S-bd2cdfe90c8aa7fa	exact_nonempty_scaffold;full_sequence_identity;ligand_tanimoto;local_site_identity	0.315789474	0.708333333	1
G3S-1eca1a7c2461b4f9	G3S-beb8359aa320987f	exact_nonempty_scaffold;ligand_tanimoto;local_site_identity	0.281337047	0.625	1
G3S-1eca1a7c2461b4f9	G3S-c3ad4039ad41a0e6	exact_nonempty_scaffold	0.224343675	0.171428571	0.203125
G3S-1eca1a7c2461b4f9	G3S-c8b189267b8c3242	exact_nonempty_scaffold	0.218074656	0.0833333333	0.25
G3S-1eca1a7c2461b4f9	G3S-cb1dbf771699bf3f	exact_nonempty_scaffold;ligand_tanimoto;local_site_identity	0.281337047	0.615384615	1
G3S-1eca1a7c2461b4f9	G3S-d15243e290ebeba6	exact_nonempty_scaffold;full_sequence_identity;ligand_tanimoto;local_site_identity	0.30362117	0.555555556	1
G3S-1eca1a7c2461b4f9	G3S-d2858f5dc6d0d6d2	exact_nonempty_scaffold;ligand_tanimoto;local_site_identity;shared_measurement_publication	0.281337047	0.533333333	1
G3S-1eca1a7c2461b4f9	G3S-d392e1d59c314666	exact_nonempty_scaffold;ligand_tanimoto;local_site_identity	0.281337047	0.551724138	1
G3S-1eca1a7c2461b4f9	G3S-d5f2b3941320fd29	exact_nonempty_scaffold	0.216363636	0.0833333333	0.24137931
G3S-1eca1a7c2461b4f9	G3S-d82e40f7bc270eb2	exact_nonempty_scaffold;full_sequence_identity;ligand_tanimoto;local_site_identity	0.30362117	0.583333333	1
G3S-1eca1a7c2461b4f9	G3S-df91bc0fd4e2076d	exact_nonempty_scaffold;full_sequence_identity;ligand_tanimoto;local_site_identity	0.315789474	0.708333333	1
G3S-1eca1a7c2461b4f9	G3S-e06c6b7aad2ea234	exact_nonempty_scaffold	0.185393258	0.125	0.285714286
G3S-1eca1a7c2461b4f9	G3S-e7f816aed727534b	exact_nonempty_scaffold;ligand_tanimoto;local_site_identity	0.281337047	0.615384615	1
G3S-1eca1a7c2461b4f9	G3S-eb73c8235716ab91	exact_nonempty_scaffold;ligand_tanimoto;local_site_identity	0.281337047	0.6	1
G3S-1eca1a7c2461b4f9	G3S-ee6c97e67f1fb0d7	exact_nonempty_scaffold;full_sequence_identity;ligand_tanimoto;local_site_identity;shared_measurement_publication;shared_reference_structure_publication	0.30362117	0.625	1
G3S-1eca1a7c2461b4f9	G3S-eea0596469e3b875	exact_nonempty_scaffold;ligand_tanimoto;local_site_identity	0.281337047	0.6	1
G3S-1eca1a7c2461b4f9	G3S-f223745e3dee7f3b	ligand_tanimoto	0.209039548	0.125	0.392156863
G3S-1eca1a7c2461b4f9	G3S-f2ec313bd7b3ce78	exact_nonempty_scaffold	0.202933985	0.125	0.179104478
G3S-1eca1a7c2461b4f9	G3S-f5c4fa2e79c47654	exact_nonempty_scaffold	0.213250518	0.25	0.166666667
G3S-1eca1a7c2461b4f9	G3S-ff4e5bfc253b96ea	exact_nonempty_scaffold	0.215102975	0.242424242	0.215384615
G3S-202cfb8f48e8667e	G3S-26ebb6597af3437e	ligand_tanimoto	0.176646707	0.148148148	0.370967742
G3S-202cfb8f48e8667e	G3S-2c433f19c7979794	ligand_tanimoto	0.199259259	0.115384615	0.370967742
G3S-202cfb8f48e8667e	G3S-3e5852180ea6848b	ligand_tanimoto	0.164679583	0.107142857	0.357142857
G3S-202cfb8f48e8667e	G3S-430a406ff1fdb9e6	ligand_tanimoto	0.206545455	0.192307692	0.370967742
G3S-202cfb8f48e8667e	G3S-45df1c88b560ec4f	ligand_tanimoto	0.237400531	0.172413793	0.370967742
G3S-202cfb8f48e8667e	G3S-4e6759c45d9a6b9b	ligand_tanimoto	0.151197605	0.233333333	0.370967742
G3S-202cfb8f48e8667e	G3S-502e01631feedf35	ligand_tanimoto	0.164679583	0.107142857	0.357142857
G3S-202cfb8f48e8667e	G3S-517155e5e2356899	ligand_tanimoto	0.162182362	0.238095238	0.358490566
G3S-202cfb8f48e8667e	G3S-55930eb8673c0eee	ligand_tanimoto	0.186846039	0.115384615	0.357142857
G3S-202cfb8f48e8667e	G3S-5dd0b4d457e8529a	ligand_tanimoto	0.225401256	0.0769230769	0.357142857
G3S-202cfb8f48e8667e	G3S-69e1fcfda0e309e8	ligand_tanimoto	0.213418986	0.16	0.357142857
G3S-202cfb8f48e8667e	G3S-6e529abe43b8b245	ligand_tanimoto	0.234644582	0.148148148	0.370967742
G3S-202cfb8f48e8667e	G3S-7258bf496c1f8d25	ligand_tanimoto	0.179582712	0.148148148	0.355263158
G3S-202cfb8f48e8667e	G3S-7a52256b4ab19efa	ligand_tanimoto	0.214181287	0.222222222	0.357142857
G3S-202cfb8f48e8667e	G3S-7c94d7d05a9d2f85	ligand_tanimoto	0.176646707	0.111111111	0.370967742
G3S-202cfb8f48e8667e	G3S-7f4093cbfc6a5ba7	ligand_tanimoto	0.225401256	0.115384615	0.5
G3S-202cfb8f48e8667e	G3S-82da8121de6eeecd	ligand_tanimoto	0.237400531	0.172413793	0.370967742
G3S-202cfb8f48e8667e	G3S-8379ede84125ecb5	ligand_tanimoto	0.237400531	0.172413793	0.370967742
G3S-202cfb8f48e8667e	G3S-8447070a69d51ab5	ligand_tanimoto	0.214181287	0.222222222	0.357142857
G3S-202cfb8f48e8667e	G3S-8908716879facb98	ligand_tanimoto	0.237400531	0.172413793	0.5
G3S-202cfb8f48e8667e	G3S-929205c457d12bfd	ligand_tanimoto	0.056264066	0.142857143	0.538461538
G3S-202cfb8f48e8667e	G3S-a5df04a0e400b0db	ligand_tanimoto	0.234644582	0.148148148	0.370967742
G3S-202cfb8f48e8667e	G3S-a607f21d0b792e74	ligand_tanimoto	0.165048544	0.0869565217	0.370967742
G3S-202cfb8f48e8667e	G3S-a8d224cda1a84a3f	ligand_tanimoto	0.222513089	0.115384615	0.370967742
G3S-202cfb8f48e8667e	G3S-a96a5730efc90a42	ligand_tanimoto	0.213021939	0.15625	0.370967742
G3S-202cfb8f48e8667e	G3S-ab9150ed0ce52416	exact_target_sequence;full_sequence_identity;local_site_identity	1	0.6	0.253968254
G3S-202cfb8f48e8667e	G3S-b28f576038c6bba6	ligand_tanimoto	0.182225541	0.09375	0.446153846
G3S-202cfb8f48e8667e	G3S-b47e17893c82aca6	ligand_tanimoto	0.117029257	0.153846154	0.362068966
G3S-202cfb8f48e8667e	G3S-ba437efd56c85d19	ligand_tanimoto	0.237400531	0.172413793	0.370967742
G3S-202cfb8f48e8667e	G3S-c8b189267b8c3242	ligand_tanimoto	0.170164918	0.115384615	0.377358491
G3S-202cfb8f48e8667e	G3S-cac62a85af1d2834	ligand_tanimoto	0.221316249	0.115384615	0.370967742
G3S-202cfb8f48e8667e	G3S-d1bbafed8d4f34cf	ligand_tanimoto	0.217201166	0.129032258	0.355263158
G3S-202cfb8f48e8667e	G3S-d3c114d403b4f6e6	ligand_tanimoto	0.198529412	0.2	0.416666667
G3S-202cfb8f48e8667e	G3S-d587ea9877aeacf1	ligand_tanimoto	0.237400531	0.172413793	0.370967742
G3S-202cfb8f48e8667e	G3S-da6a7a5b92d16f5d	ligand_tanimoto	0.237400531	0.172413793	0.509803922
G3S-202cfb8f48e8667e	G3S-dc79a9836344f3ec	ligand_tanimoto	0.213418986	0.16	0.357142857
G3S-202cfb8f48e8667e	G3S-de2a24cde8ae391c	ligand_tanimoto	0.218315018	0.2	0.370967742
G3S-202cfb8f48e8667e	G3S-e710b4e67d7724f9	ligand_tanimoto	0.237400531	0.172413793	0.370967742
G3S-202cfb8f48e8667e	G3S-f2318d3b76296c29	ligand_tanimoto	0.225401256	0.115384615	0.370967742
G3S-202cfb8f48e8667e	G3S-fc8dc45b48055767	ligand_tanimoto	0.210144928	0.208333333	0.370967742
G3S-202ee41d5bfc94ab	G3S-226cff22b3a4602b	exact_nonempty_scaffold	0.215517241	0.176470588	0.25
G3S-202ee41d5bfc94ab	G3S-237de531113c65a9	exact_target_sequence;full_sequence_identity;local_site_identity	1	0.575757576	0.141304348
G3S-202ee41d5bfc94ab	G3S-32c08173ec26bea9	exact_nonempty_scaffold	0.228177642	0.137931034	0.196428571
G3S-202ee41d5bfc94ab	G3S-34388e65af3203f8	exact_nonempty_scaffold	0.202702703	0.225806452	0.25
G3S-202ee41d5bfc94ab	G3S-3a221f3683b786e1	exact_nonempty_scaffold	0.205700124	0.173913043	0.230769231
G3S-202ee41d5bfc94ab	G3S-43586287a9be2906	exact_nonempty_scaffold	0.170491803	0.192307692	0.235294118
G3S-202ee41d5bfc94ab	G3S-496a96ccb09a0048	exact_nonempty_scaffold	0.216216216	0.233333333	0.25
G3S-202ee41d5bfc94ab	G3S-4be267e9de455895	exact_nonempty_scaffold	0.2191582	0.161290323	0.235294118
G3S-202ee41d5bfc94ab	G3S-517155e5e2356899	exact_nonempty_scaffold	0.2192	0.0869565217	0.24
G3S-202ee41d5bfc94ab	G3S-51759ead81a2003d	exact_nonempty_scaffold;ligand_tanimoto	0.118226601	0.130434783	1
G3S-202ee41d5bfc94ab	G3S-57758481291b0ab8	exact_nonempty_scaffold	0.0903119869	0.0869565217	0.24137931
G3S-202ee41d5bfc94ab	G3S-59125c7fdb97217d	exact_nonempty_scaffold	0.201954397	0.137931034	0.255319149
G3S-202ee41d5bfc94ab	G3S-6fbd681c38d3a2a2	exact_nonempty_scaffold	0.21835443	0.222222222	0.231884058
G3S-202ee41d5bfc94ab	G3S-70ec124b3b4163f0	exact_nonempty_scaffold	0.204498978	0.173913043	0.230769231
G3S-202ee41d5bfc94ab	G3S-72740991b3279a1e	exact_nonempty_scaffold	0.109436435	0.130434783	0.226666667
G3S-202ee41d5bfc94ab	G3S-88577c122fa18c76	exact_nonempty_scaffold	0.210645527	0.178571429	0.233333333
G3S-202ee41d5bfc94ab	G3S-9236ab9d73532a9d	exact_nonempty_scaffold	0.215507412	0.130434783	0.282608696
G3S-202ee41d5bfc94ab	G3S-9589527ecb9747c1	exact_nonempty_scaffold	0.197411003	0.16	0.234042553
G3S-202ee41d5bfc94ab	G3S-9d3d506752fabc29	exact_nonempty_scaffold	0.201954397	0.153846154	0.2
G3S-202ee41d5bfc94ab	G3S-a0b462ec59730874	exact_nonempty_scaffold;ligand_tanimoto	0.229102167	0.173913043	0.421052632
G3S-202ee41d5bfc94ab	G3S-ab9150ed0ce52416	exact_nonempty_scaffold	0.18161435	0.130434783	0.265306122
G3S-202ee41d5bfc94ab	G3S-adf3d9017899d822	exact_nonempty_scaffold	0.1898527	0.133333333	0.224489796
G3S-202ee41d5bfc94ab	G3S-b47e17893c82aca6	exact_nonempty_scaffold	0.169381107	0.0833333333	0.24
G3S-202ee41d5bfc94ab	G3S-b4e4bb5af0b8b2c1	exact_nonempty_scaffold	0.1898527	0.133333333	0.245901639
G3S-202ee41d5bfc94ab	G3S-c3ad4039ad41a0e6	exact_nonempty_scaffold;ligand_tanimoto	0.197712418	0.2	0.432432432
G3S-202ee41d5bfc94ab	G3S-c8b189267b8c3242	exact_nonempty_scaffold	0.229813665	0.260869565	0.170212766
G3S-202ee41d5bfc94ab	G3S-d15243e290ebeba6	exact_nonempty_scaffold	0.188834154	0.172413793	0.255319149
G3S-202ee41d5bfc94ab	G3S-d392e1d59c314666	exact_nonempty_scaffold	0.174757282	0.148148148	0.2
G3S-202ee41d5bfc94ab	G3S-d5f2b3941320fd29	exact_nonempty_scaffold;ligand_tanimoto	0.212264151	0.173913043	0.386363636
G3S-202ee41d5bfc94ab	G3S-da8fc773cdc768de	exact_nonempty_scaffold	0.204918033	0.130434783	0.253968254
G3S-202ee41d5bfc94ab	G3S-df91bc0fd4e2076d	exact_nonempty_scaffold	0.170771757	0.130434783	0.255319149
G3S-202ee41d5bfc94ab	G3S-e06c6b7aad2ea234	exact_nonempty_scaffold	0.13136289	0.173913043	0.263157895
G3S-202ee41d5bfc94ab	G3S-eb73c8235716ab91	exact_nonempty_scaffold	0.174836601	0.173913043	0.255319149
G3S-202ee41d5bfc94ab	G3S-ee6c97e67f1fb0d7	exact_nonempty_scaffold	0.188834154	0.178571429	0.2
G3S-202ee41d5bfc94ab	G3S-f2ec313bd7b3ce78	exact_nonempty_scaffold	0.197160883	0.125	0.230769231
G3S-202ee41d5bfc94ab	G3S-f5c4fa2e79c47654	exact_nonempty_scaffold	0.205128205	0.0869565217	0.196721311
G3S-202ee41d5bfc94ab	G3S-fb7593ab116f7278	exact_nonempty_scaffold	0.161764706	0.0434782609	0.245283019
G3S-202ee41d5bfc94ab	G3S-ff4e5bfc253b96ea	exact_nonempty_scaffold	0.207119741	0.161290323	0.326530612
G3S-226cff22b3a4602b	G3S-32c08173ec26bea9	exact_nonempty_scaffold	0.219284603	0.189189189	0.220338983
G3S-226cff22b3a4602b	G3S-34388e65af3203f8	exact_nonempty_scaffold;full_sequence_identity;ligand_tanimoto;shared_measurement_publication	0.48085758	0.371428571	1
G3S-226cff22b3a4602b	G3S-3a221f3683b786e1	exact_nonempty_scaffold	0.207524272	0.205882353	0.2
G3S-226cff22b3a4602b	G3S-496a96ccb09a0048	exact_nonempty_scaffold;full_sequence_identity;ligand_tanimoto;local_site_identity;shared_measurement_publication	0.667721519	0.5	1
G3S-226cff22b3a4602b	G3S-4be267e9de455895	exact_nonempty_scaffold	0.218705036	0.282051282	0.237288136
G3S-226cff22b3a4602b	G3S-517155e5e2356899	exact_nonempty_scaffold	0.22943038	0.194444444	0.25
G3S-226cff22b3a4602b	G3S-51759ead81a2003d	exact_nonempty_scaffold	0.122383253	0.0882352941	0.226415094
G3S-226cff22b3a4602b	G3S-57758481291b0ab8	exact_nonempty_scaffold	0.106280193	0.147058824	0.206349206
G3S-226cff22b3a4602b	G3S-59125c7fdb97217d	exact_nonempty_scaffold	0.224880383	0.184210526	0.225806452
G3S-226cff22b3a4602b	G3S-6fbd681c38d3a2a2	exact_nonempty_scaffold	0.222222222	0.27027027	0.208333333
G3S-226cff22b3a4602b	G3S-70ec124b3b4163f0	exact_nonempty_scaffold	0.205311542	0.176470588	0.240740741
G3S-226cff22b3a4602b	G3S-72740991b3279a1e	exact_nonempty_scaffold	0.105971129	0.147058824	0.179775281
G3S-226cff22b3a4602b	G3S-9236ab9d73532a9d	exact_nonempty_scaffold	0.210045662	0.147058824	0.325581395
G3S-226cff22b3a4602b	G3S-9589527ecb9747c1	exact_nonempty_scaffold	0.199362041	0.205882353	0.240740741
G3S-226cff22b3a4602b	G3S-9d3d506752fabc29	exact_nonempty_scaffold	0.224880383	0.147058824	0.220338983
G3S-226cff22b3a4602b	G3S-a0b462ec59730874	exact_nonempty_scaffold	0.235294118	0.147058824	0.222222222
G3S-226cff22b3a4602b	G3S-adf3d9017899d822	exact_nonempty_scaffold	0.191935484	0.264705882	0.304347826
G3S-226cff22b3a4602b	G3S-b47e17893c82aca6	exact_nonempty_scaffold	0.191318328	0.138888889	0.19047619
G3S-226cff22b3a4602b	G3S-b4e4bb5af0b8b2c1	exact_nonempty_scaffold	0.191935484	0.264705882	0.304347826
G3S-226cff22b3a4602b	G3S-c3ad4039ad41a0e6	exact_nonempty_scaffold	0.2	0.2	0.245283019
G3S-226cff22b3a4602b	G3S-c8b189267b8c3242	exact_nonempty_scaffold	0.217325228	0.235294118	0.212121212
G3S-226cff22b3a4602b	G3S-d15243e290ebeba6	exact_nonempty_scaffold	0.193958665	0.176470588	0.225806452
G3S-226cff22b3a4602b	G3S-d392e1d59c314666	exact_nonempty_scaffold	0.18370607	0.176470588	0.220338983
G3S-226cff22b3a4602b	G3S-d5f2b3941320fd29	exact_nonempty_scaffold	0.232876712	0.0882352941	0.282608696
G3S-226cff22b3a4602b	G3S-df91bc0fd4e2076d	exact_nonempty_scaffold	0.166934189	0.205882353	0.225806452
G3S-226cff22b3a4602b	G3S-e06c6b7aad2ea234	exact_nonempty_scaffold	0.130645161	0.205882353	0.272727273
G3S-226cff22b3a4602b	G3S-eb73c8235716ab91	exact_nonempty_scaffold	0.179032258	0.235294118	0.225806452
G3S-226cff22b3a4602b	G3S-ee6c97e67f1fb0d7	exact_nonempty_scaffold	0.193958665	0.184210526	0.220338983
G3S-226cff22b3a4602b	G3S-f2ec313bd7b3ce78	exact_nonempty_scaffold	0.205974843	0.176470588	0.240740741
G3S-226cff22b3a4602b	G3S-f5c4fa2e79c47654	exact_nonempty_scaffold	0.212121212	0.264705882	0.325
G3S-226cff22b3a4602b	G3S-ff4e5bfc253b96ea	exact_nonempty_scaffold	0.21187801	0.230769231	0.268292683
G3S-2354cf7fdafa877f	G3S-2b9565c8dc248e0b	exact_target_sequence;full_sequence_identity	1	0.161290323	0.195121951
G3S-2354cf7fdafa877f	G3S-3c0a0829e923c91d	ligand_tanimoto	0.17408377	0.161290323	0.3875
G3S-2354cf7fdafa877f	G3S-57f29a986d5123ab	exact_target_sequence;full_sequence_identity	1	0.161290323	0.191919192
G3S-2354cf7fdafa877f	G3S-85936f03e9d82fdc	ligand_tanimoto	0.217889908	0.129032258	0.3875
G3S-2354cf7fdafa877f	G3S-8c3d32f3825ec8c3	exact_nonempty_scaffold;exact_target_sequence;full_sequence_identity;ligand_tanimoto;local_site_identity;shared_reference_structure_publication	1	1	0.823529412
G3S-2354cf7fdafa877f	G3S-d183c9dc36c1eaef	ligand_tanimoto	0.193877551	0.142857143	0.3875
G3S-237de531113c65a9	G3S-f27bb6dc0560b24d	exact_nonempty_scaffold;ligand_tanimoto	0.218461538	0.2	0.714285714
G3S-23caf31f263f2dc4	G3S-250da33ec2756fd5	exact_target_sequence;full_sequence_identity;local_site_identity	1	0.68	0.193548387
G3S-23caf31f263f2dc4	G3S-32c08173ec26bea9	local_site_identity	0.213983051	0.551724138	0.193548387
G3S-23caf31f263f2dc4	G3S-36aa31d3bfd96971	exact_target_sequence;full_sequence_identity;local_site_identity	1	0.72	0.133333333
G3S-23caf31f263f2dc4	G3S-40a467bbafdc73d8	local_site_identity	0.281337047	0.666666667	0.193548387
G3S-23caf31f263f2dc4	G3S-49ed2ea8183b105c	exact_target_sequence;full_sequence_identity;local_site_identity	1	0.826086957	0.179104478
G3S-23caf31f263f2dc4	G3S-4f4f25ce439afb73	exact_target_sequence;full_sequence_identity;local_site_identity	1	0.68	0.142857143
G3S-23caf31f263f2dc4	G3S-59125c7fdb97217d	local_site_identity	0.281337047	0.592592593	0.212121212
G3S-23caf31f263f2dc4	G3S-8468ef8a559bdade	local_site_identity	0.281337047	0.64	0.193548387
G3S-23caf31f263f2dc4	G3S-86c78a56d4596857	full_sequence_identity;local_site_identity	0.599236641	0.75	0.193548387
G3S-23caf31f263f2dc4	G3S-9d3d506752fabc29	local_site_identity	0.281337047	0.64	0.193548387
G3S-23caf31f263f2dc4	G3S-a5f8f9b4623f1ec1	full_sequence_identity;local_site_identity	0.560606061	0.782608696	0.15625
G3S-23caf31f263f2dc4	G3S-aaae27c9c7a68a3a	full_sequence_identity;local_site_identity	0.599236641	0.714285714	0.179104478
G3S-23caf31f263f2dc4	G3S-b66b7652f5b1d01d	full_sequence_identity;local_site_identity	0.599236641	0.666666667	0.179104478
G3S-23caf31f263f2dc4	G3S-bd2cdfe90c8aa7fa	full_sequence_identity;local_site_identity	0.560606061	0.782608696	0.176470588
G3S-23caf31f263f2dc4	G3S-beb8359aa320987f	full_sequence_identity;local_site_identity	0.599236641	0.666666667	0.193548387
G3S-23caf31f263f2dc4	G3S-cb1dbf771699bf3f	exact_target_sequence;full_sequence_identity;local_site_identity	1	0.791666667	0.162162162
G3S-23caf31f263f2dc4	G3S-d15243e290ebeba6	full_sequence_identity;local_site_identity	0.599236641	0.64	0.212121212
G3S-23caf31f263f2dc4	G3S-d2858f5dc6d0d6d2	exact_target_sequence;full_sequence_identity;local_site_identity	1	0.655172414	0.193548387
G3S-23caf31f263f2dc4	G3S-d392e1d59c314666	exact_target_sequence;full_sequence_identity;local_site_identity	1	0.769230769	0.193548387
G3S-23caf31f263f2dc4	G3S-d82e40f7bc270eb2	full_sequence_identity;local_site_identity	0.599236641	0.75	0.193548387
G3S-23caf31f263f2dc4	G3S-df91bc0fd4e2076d	full_sequence_identity;local_site_identity	0.560606061	0.782608696	0.212121212
G3S-23caf31f263f2dc4	G3S-e7f816aed727534b	exact_target_sequence;full_sequence_identity;local_site_identity	1	0.791666667	0.193548387
G3S-23caf31f263f2dc4	G3S-eb73c8235716ab91	full_sequence_identity;local_site_identity	0.599236641	0.714285714	0.212121212
G3S-23caf31f263f2dc4	G3S-ee6c97e67f1fb0d7	full_sequence_identity;local_site_identity	0.599236641	0.75	0.193548387
G3S-23caf31f263f2dc4	G3S-eea0596469e3b875	full_sequence_identity;local_site_identity	0.599236641	0.714285714	0.193548387
G3S-250da33ec2756fd5	G3S-32c08173ec26bea9	exact_nonempty_scaffold;ligand_tanimoto;local_site_identity	0.213983051	0.666666667	1
G3S-250da33ec2756fd5	G3S-36aa31d3bfd96971	exact_target_sequence;full_sequence_identity;local_site_identity	1	0.875	0.225806452
G3S-250da33ec2756fd5	G3S-40a467bbafdc73d8	exact_nonempty_scaffold;ligand_tanimoto;local_site_identity	0.281337047	0.615384615	1
G3S-250da33ec2756fd5	G3S-49ed2ea8183b105c	exact_nonempty_scaffold;exact_target_sequence;full_sequence_identity;ligand_tanimoto;local_site_identity	1	0.833333333	1
G3S-250da33ec2756fd5	G3S-4f4f25ce439afb73	exact_nonempty_scaffold;exact_target_sequence;full_sequence_identity;ligand_tanimoto;local_site_identity	1	1	1
G3S-250da33ec2756fd5	G3S-59125c7fdb97217d	exact_nonempty_scaffold;ligand_tanimoto;local_site_identity	0.281337047	0.615384615	1
G3S-250da33ec2756fd5	G3S-8468ef8a559bdade	exact_nonempty_scaffold;ligand_tanimoto;local_site_identity;shared_measurement_publication	0.281337047	0.592592593	1
G3S-250da33ec2756fd5	G3S-86c78a56d4596857	exact_nonempty_scaffold;full_sequence_identity;ligand_tanimoto;local_site_identity;shared_measurement_publication	0.599236641	0.592592593	1
G3S-250da33ec2756fd5	G3S-8fb4021f4421ad5b	ligand_tanimoto	0.119341564	0.136363636	0.353846154
G3S-250da33ec2756fd5	G3S-9d3d506752fabc29	exact_nonempty_scaffold;ligand_tanimoto;local_site_identity	0.281337047	0.592592593	1
G3S-250da33ec2756fd5	G3S-a5f8f9b4623f1ec1	exact_nonempty_scaffold;full_sequence_identity;ligand_tanimoto;local_site_identity;shared_measurement_publication	0.560606061	0.653846154	1
G3S-250da33ec2756fd5	G3S-aaae27c9c7a68a3a	full_sequence_identity;local_site_identity	0.599236641	0.681818182	0.307692308
G3S-250da33ec2756fd5	G3S-adf3d9017899d822	exact_nonempty_scaffold	0.238505747	0.115384615	0.291666667
G3S-250da33ec2756fd5	G3S-b4e4bb5af0b8b2c1	exact_nonempty_scaffold	0.238505747	0.115384615	0.291666667
G3S-250da33ec2756fd5	G3S-b66b7652f5b1d01d	full_sequence_identity;local_site_identity	0.599236641	0.608695652	0.307692308
G3S-250da33ec2756fd5	G3S-bd2cdfe90c8aa7fa	exact_nonempty_scaffold;full_sequence_identity;ligand_tanimoto;local_site_identity	0.560606061	0.653846154	1
G3S-250da33ec2756fd5	G3S-beb8359aa320987f	exact_nonempty_scaffold;full_sequence_identity;ligand_tanimoto;local_site_identity	0.599236641	0.608695652	1
G3S-250da33ec2756fd5	G3S-cb1dbf771699bf3f	exact_target_sequence;full_sequence_identity;ligand_tanimoto;local_site_identity	1	0.875	0.508474576
G3S-250da33ec2756fd5	G3S-d15243e290ebeba6	exact_nonempty_scaffold;full_sequence_identity;ligand_tanimoto;local_site_identity	0.599236641	0.739130435	1
G3S-250da33ec2756fd5	G3S-d2858f5dc6d0d6d2	exact_nonempty_scaffold;exact_target_sequence;full_sequence_identity;ligand_tanimoto;local_site_identity	1	0.777777778	1
G3S-250da33ec2756fd5	G3S-d392e1d59c314666	exact_nonempty_scaffold;exact_target_sequence;full_sequence_identity;ligand_tanimoto;local_site_identity	1	0.730769231	1
G3S-250da33ec2756fd5	G3S-d82e40f7bc270eb2	exact_nonempty_scaffold;full_sequence_identity;ligand_tanimoto;local_site_identity	0.599236641	0.592592593	1
G3S-250da33ec2756fd5	G3S-df91bc0fd4e2076d	exact_nonempty_scaffold;full_sequence_identity;ligand_tanimoto;local_site_identity	0.560606061	0.653846154	1
G3S-250da33ec2756fd5	G3S-e7f816aed727534b	exact_nonempty_scaffold;exact_target_sequence;full_sequence_identity;ligand_tanimoto;local_site_identity	1	0.875	1
G3S-250da33ec2756fd5	G3S-eb73c8235716ab91	exact_nonempty_scaffold;full_sequence_identity;ligand_tanimoto;local_site_identity	0.599236641	0.56	1
G3S-250da33ec2756fd5	G3S-ee6c97e67f1fb0d7	exact_nonempty_scaffold;full_sequence_identity;ligand_tanimoto;local_site_identity	0.599236641	0.592592593	1
G3S-250da33ec2756fd5	G3S-eea0596469e3b875	exact_nonempty_scaffold;full_sequence_identity;ligand_tanimoto;local_site_identity	0.599236641	0.56	1
G3S-250da33ec2756fd5	G3S-f223745e3dee7f3b	ligand_tanimoto	0.219512195	0.136363636	0.4375
G3S-26ebb6597af3437e	G3S-2c433f19c7979794	exact_nonempty_scaffold;ligand_tanimoto;local_site_identity;shared_measurement_publication	0.23655914	0.571428571	1
G3S-26ebb6597af3437e	G3S-376e479668e27e8e	exact_nonempty_scaffold;ligand_tanimoto	0.214285714	0.357142857	1
G3S-26ebb6597af3437e	G3S-3e5852180ea6848b	exact_nonempty_scaffold;full_sequence_identity;ligand_tanimoto;local_site_identity;shared_measurement_publication	0.401473297	0.6	1
G3S-26ebb6597af3437e	G3S-4273fdd1b3b53cb7	exact_nonempty_scaffold;ligand_tanimoto	0.243684993	0.433333333	1
G3S-26ebb6597af3437e	G3S-430a406ff1fdb9e6	exact_nonempty_scaffold;ligand_tanimoto	0.197969543	0.321428571	1
G3S-26ebb6597af3437e	G3S-45df1c88b560ec4f	exact_nonempty_scaffold;ligand_tanimoto	0.180988593	0.451612903	1
G3S-26ebb6597af3437e	G3S-46586ac6273ff065	exact_nonempty_scaffold;ligand_tanimoto	0.265424913	0.193548387	1
G3S-26ebb6597af3437e	G3S-4c1b91d17d81423a	exact_nonempty_scaffold;ligand_tanimoto	0.206642066	0.37037037	1
G3S-26ebb6597af3437e	G3S-4e6759c45d9a6b9b	exact_nonempty_scaffold;ligand_tanimoto;shared_measurement_publication	0.223801066	0.3125	1
G3S-26ebb6597af3437e	G3S-502e01631feedf35	exact_nonempty_scaffold;full_sequence_identity;ligand_tanimoto;local_site_identity	0.401473297	0.6	1
G3S-26ebb6597af3437e	G3S-55930eb8673c0eee	exact_nonempty_scaffold;full_sequence_identity;ligand_tanimoto;local_site_identity	0.305059524	0.535714286	1
G3S-26ebb6597af3437e	G3S-5848d835f7a47085	exact_nonempty_scaffold	0.214028777	0.148148148	0.213333333
G3S-26ebb6597af3437e	G3S-5dd0b4d457e8529a	exact_nonempty_scaffold;ligand_tanimoto;local_site_identity;shared_measurement_publication	0.203947368	0.518518519	1
G3S-26ebb6597af3437e	G3S-69e1fcfda0e309e8	exact_nonempty_scaffold;ligand_tanimoto;local_site_identity	0.254802831	0.555555556	1
G3S-26ebb6597af3437e	G3S-6e529abe43b8b245	exact_nonempty_scaffold;ligand_tanimoto;local_site_identity	0.202668891	0.714285714	1
G3S-26ebb6597af3437e	G3S-780095ecb7b0162a	exact_nonempty_scaffold;full_sequence_identity;ligand_tanimoto	0.302533532	0.285714286	1
G3S-26ebb6597af3437e	G3S-7a52256b4ab19efa	exact_nonempty_scaffold;ligand_tanimoto;local_site_identity	0.243161094	0.607142857	1
G3S-26ebb6597af3437e	G3S-7ad16b5be174b17e	exact_nonempty_scaffold;ligand_tanimoto	0.223801066	0.35483871	1
G3S-26ebb6597af3437e	G3S-7c94d7d05a9d2f85	exact_nonempty_scaffold;exact_target_sequence;full_sequence_identity;ligand_tanimoto;local_site_identity	1	0.857142857	1
G3S-26ebb6597af3437e	G3S-7f4093cbfc6a5ba7	exact_nonempty_scaffold;ligand_tanimoto;local_site_identity	0.203947368	0.555555556	1
G3S-26ebb6597af3437e	G3S-82da8121de6eeecd	exact_nonempty_scaffold;ligand_tanimoto	0.180988593	0.451612903	1
G3S-26ebb6597af3437e	G3S-8379ede84125ecb5	exact_nonempty_scaffold;ligand_tanimoto	0.180988593	0.451612903	1
G3S-26ebb6597af3437e	G3S-8447070a69d51ab5	exact_nonempty_scaffold;ligand_tanimoto;local_site_identity;shared_measurement_publication	0.243161094	0.607142857	1
G3S-26ebb6597af3437e	G3S-8908716879facb98	exact_nonempty_scaffold;ligand_tanimoto	0.180988593	0.451612903	1
G3S-26ebb6597af3437e	G3S-96b21ba0d0525be3	exact_nonempty_scaffold;ligand_tanimoto;shared_measurement_publication	0.242788462	0.457142857	1
G3S-26ebb6597af3437e	G3S-a5df04a0e400b0db	exact_nonempty_scaffold;ligand_tanimoto;local_site_identity;shared_measurement_publication	0.202668891	0.714285714	1
G3S-26ebb6597af3437e	G3S-a607f21d0b792e74	exact_nonempty_scaffold;ligand_tanimoto;local_site_identity	0.209471767	0.535714286	1
G3S-26ebb6597af3437e	G3S-a8d224cda1a84a3f	exact_nonempty_scaffold;ligand_tanimoto	0.17083947	0.481481481	1
G3S-26ebb6597af3437e	G3S-a96a5730efc90a42	exact_nonempty_scaffold;ligand_tanimoto	0.195100612	0.214285714	1
G3S-26ebb6597af3437e	G3S-accf02b6dbaa6894	ligand_tanimoto	0.209009009	0.34375	0.632653061
G3S-26ebb6597af3437e	G3S-adf3d9017899d822	ligand_tanimoto	0.227106227	0.0740740741	0.362068966
G3S-26ebb6597af3437e	G3S-b4e4bb5af0b8b2c1	ligand_tanimoto	0.227106227	0.0740740741	0.362068966
G3S-26ebb6597af3437e	G3S-b96988cabeb69917	exact_nonempty_scaffold;ligand_tanimoto	0.209009009	0.310344828	1
G3S-26ebb6597af3437e	G3S-ba437efd56c85d19	exact_nonempty_scaffold;ligand_tanimoto	0.180988593	0.451612903	1
G3S-26ebb6597af3437e	G3S-bd97b6205fe27668	exact_nonempty_scaffold;ligand_tanimoto	0.211297071	0.357142857	1
G3S-26ebb6597af3437e	G3S-c5d1969627a8c3f1	exact_nonempty_scaffold;ligand_tanimoto	0.218670077	0.296296296	1
G3S-26ebb6597af3437e	G3S-c6c69878bad91dca	exact_nonempty_scaffold;ligand_tanimoto	0.261306533	0.35483871	1
G3S-26ebb6597af3437e	G3S-cac62a85af1d2834	exact_nonempty_scaffold;ligand_tanimoto	0.164611591	0.310344828	1
G3S-26ebb6597af3437e	G3S-d1de2bf2f08fcf46	exact_nonempty_scaffold;ligand_tanimoto	0.234375	0.28125	1
G3S-26ebb6597af3437e	G3S-d207c324846b2507	exact_nonempty_scaffold;ligand_tanimoto	0.198915009	0.322580645	1
G3S-26ebb6597af3437e	G3S-d3c114d403b4f6e6	ligand_tanimoto	0.261306533	0.35483871	0.446808511
G3S-26ebb6597af3437e	G3S-d587ea9877aeacf1	exact_nonempty_scaffold;ligand_tanimoto	0.180988593	0.451612903	1
G3S-26ebb6597af3437e	G3S-d5eff434a516ab97	exact_nonempty_scaffold;ligand_tanimoto	0.242788462	0.457142857	1
G3S-26ebb6597af3437e	G3S-da6a7a5b92d16f5d	exact_nonempty_scaffold;ligand_tanimoto	0.180988593	0.451612903	1
G3S-26ebb6597af3437e	G3S-dc79a9836344f3ec	exact_nonempty_scaffold;ligand_tanimoto;local_site_identity;shared_measurement_publication	0.254802831	0.555555556	1
G3S-26ebb6597af3437e	G3S-dd8aacb779840031	exact_nonempty_scaffold;ligand_tanimoto;local_site_identity	0.26039783	0.607142857	1
G3S-26ebb6597af3437e	G3S-de2a24cde8ae391c	exact_nonempty_scaffold;ligand_tanimoto	0.243434343	0.464285714	1
G3S-26ebb6597af3437e	G3S-e3b2a2841a5b18a5	exact_nonempty_scaffold;ligand_tanimoto	0.214986619	0.419354839	1
G3S-26ebb6597af3437e	G3S-e710b4e67d7724f9	exact_nonempty_scaffold;ligand_tanimoto;shared_measurement_publication	0.180988593	0.451612903	1
G3S-26ebb6597af3437e	G3S-f2318d3b76296c29	exact_nonempty_scaffold;ligand_tanimoto;local_site_identity	0.203947368	0.555555556	1
G3S-26ebb6597af3437e	G3S-f4966ebce19de7c0	exact_nonempty_scaffold;ligand_tanimoto;shared_measurement_publication	0.214986619	0.419354839	1
G3S-26ebb6597af3437e	G3S-f9b101ab9b60896c	ligand_tanimoto	0.195100612	0.214285714	0.558441558
G3S-26ebb6597af3437e	G3S-fb6cb3a33814d85e	local_site_identity	0.216306156	0.62962963	0.337662338
G3S-26ebb6597af3437e	G3S-fb7593ab116f7278	exact_nonempty_scaffold	0.197026022	0.148148148	0.267605634
G3S-26ebb6597af3437e	G3S-fc8dc45b48055767	exact_nonempty_scaffold;ligand_tanimoto;shared_measurement_publication	0.204522097	0.464285714	1
G3S-2a143dedddd90694	G3S-32c08173ec26bea9	ligand_tanimoto	0.147826087	0.0769230769	0.360655738
G3S-2a143dedddd90694	G3S-3aac8f4c8810a918	exact_nonempty_scaffold;full_sequence_identity;ligand_tanimoto;local_site_identity	0.388888889	0.52	0.723404255
G3S-2a143dedddd90694	G3S-40a467bbafdc73d8	ligand_tanimoto	0.171830986	0.0869565217	0.483870968
G3S-2a143dedddd90694	G3S-4f4f25ce439afb73	ligand_tanimoto	0.204545455	0	0.369230769
G3S-2a143dedddd90694	G3S-9d3d506752fabc29	ligand_tanimoto	0.171830986	0.0833333333	0.403225806
G3S-2a143dedddd90694	G3S-bd2cdfe90c8aa7fa	ligand_tanimoto	0.22761194	0.0909090909	0.483870968
G3S-2a143dedddd90694	G3S-be927832aa68b7af	exact_nonempty_scaffold;exact_target_sequence;full_sequence_identity;ligand_tanimoto;local_site_identity	1	0.956521739	0.723404255
G3S-2a143dedddd90694	G3S-beb8359aa320987f	ligand_tanimoto	0.194656489	0.0869565217	0.483870968
G3S-2a143dedddd90694	G3S-cb1dbf771699bf3f	ligand_tanimoto	0.204545455	0.0434782609	0.416666667
G3S-2a143dedddd90694	G3S-d2858f5dc6d0d6d2	ligand_tanimoto	0.204545455	0.037037037	0.360655738
G3S-2a143dedddd90694	G3S-d392e1d59c314666	ligand_tanimoto	0.204545455	0.210526316	0.403225806
G3S-2a143dedddd90694	G3S-d82e40f7bc270eb2	ligand_tanimoto	0.208333333	0.0434782609	0.483870968
G3S-2a143dedddd90694	G3S-e7f816aed727534b	ligand_tanimoto	0.204545455	0.0434782609	0.483870968
G3S-2a143dedddd90694	G3S-ee6c97e67f1fb0d7	ligand_tanimoto	0.208333333	0.0434782609	0.403225806
G3S-2b9565c8dc248e0b	G3S-38a11588e38c3bdc	exact_nonempty_scaffold	0.212903226	0.19047619	0.3125
G3S-2b9565c8dc248e0b	G3S-57f29a986d5123ab	exact_target_sequence;full_sequence_identity;ligand_tanimoto;local_site_identity	1	0.95	0.492957746
G3S-2b9565c8dc248e0b	G3S-8c3d32f3825ec8c3	exact_target_sequence;full_sequence_identity	1	0.161290323	0.227848101
G3S-2b9565c8dc248e0b	G3S-d25ad64514236b8b	ligand_tanimoto	0.114537445	0.263157895	0.483333333
G3S-2b9565c8dc248e0b	G3S-de0a2a7c1887af78	ligand_tanimoto	0.141680395	0	0.491525424
G3S-2c433f19c7979794	G3S-376e479668e27e8e	exact_nonempty_scaffold;ligand_tanimoto	0.149462366	0.333333333	1
G3S-2c433f19c7979794	G3S-3e5852180ea6848b	exact_nonempty_scaffold;ligand_tanimoto;shared_measurement_publication	0.221615721	0.424242424	1
G3S-2c433f19c7979794	G3S-4273fdd1b3b53cb7	exact_nonempty_scaffold;ligand_tanimoto	0.212184874	0.366666667	1
G3S-2c433f19c7979794	G3S-430a406ff1fdb9e6	exact_nonempty_scaffold;ligand_tanimoto	0.219204656	0.392857143	1
G3S-2c433f19c7979794	G3S-449b0375368ffc0f	ligand_tanimoto	0.197183099	0.115384615	0.350649351
G3S-2c433f19c7979794	G3S-45df1c88b560ec4f	exact_nonempty_scaffold;ligand_tanimoto	0.212030075	0.366666667	1
G3S-2c433f19c7979794	G3S-46586ac6273ff065	exact_nonempty_scaffold;ligand_tanimoto	0.270050761	0.3	1
G3S-2c433f19c7979794	G3S-4c1b91d17d81423a	exact_nonempty_scaffold;ligand_tanimoto	0.146608315	0.230769231	1
G3S-2c433f19c7979794	G3S-4e6759c45d9a6b9b	exact_nonempty_scaffold;ligand_tanimoto;shared_measurement_publication	0.167386609	0.321428571	1
G3S-2c433f19c7979794	G3S-502e01631feedf35	exact_nonempty_scaffold;ligand_tanimoto	0.221615721	0.424242424	1
G3S-2c433f19c7979794	G3S-55930eb8673c0eee	exact_nonempty_scaffold;ligand_tanimoto;local_site_identity	0.232104121	0.5	1
G3S-2c433f19c7979794	G3S-5dd0b4d457e8529a	exact_nonempty_scaffold;ligand_tanimoto;local_site_identity;shared_measurement_publication	0.220668221	0.5	1
G3S-2c433f19c7979794	G3S-69e1fcfda0e309e8	exact_nonempty_scaffold;ligand_tanimoto;local_site_identity	0.248623853	0.653846154	1
G3S-2c433f19c7979794	G3S-6e529abe43b8b245	exact_nonempty_scaffold;ligand_tanimoto;local_site_identity	0.22046589	0.551724138	1
G3S-2c433f19c7979794	G3S-780095ecb7b0162a	exact_nonempty_scaffold;ligand_tanimoto	0.240478781	0.413793103	1
G3S-2c433f19c7979794	G3S-7a52256b4ab19efa	exact_nonempty_scaffold;ligand_tanimoto;local_site_identity	0.253745318	0.535714286	1
G3S-2c433f19c7979794	G3S-7ad16b5be174b17e	exact_nonempty_scaffold;ligand_tanimoto	0.167386609	0.296296296	1
G3S-2c433f19c7979794	G3S-7c94d7d05a9d2f85	exact_nonempty_scaffold;ligand_tanimoto;local_site_identity	0.23655914	0.535714286	1
G3S-2c433f19c7979794	G3S-7f4093cbfc6a5ba7	exact_nonempty_scaffold;ligand_tanimoto;local_site_identity	0.220668221	0.5	1
G3S-2c433f19c7979794	G3S-82da8121de6eeecd	exact_nonempty_scaffold;ligand_tanimoto	0.212030075	0.366666667	1
G3S-2c433f19c7979794	G3S-8379ede84125ecb5	exact_nonempty_scaffold;ligand_tanimoto	0.212030075	0.366666667	1
G3S-2c433f19c7979794	G3S-8447070a69d51ab5	exact_nonempty_scaffold;ligand_tanimoto;local_site_identity;shared_measurement_publication	0.253745318	0.535714286	1
G3S-2c433f19c7979794	G3S-8908716879facb98	exact_nonempty_scaffold;ligand_tanimoto	0.212030075	0.366666667	1
G3S-2c433f19c7979794	G3S-96b21ba0d0525be3	exact_nonempty_scaffold;ligand_tanimoto;shared_measurement_publication	0.296645702	0.393939394	1
G3S-2c433f19c7979794	G3S-a5df04a0e400b0db	exact_nonempty_scaffold;ligand_tanimoto;local_site_identity;shared_measurement_publication	0.22046589	0.551724138	1
G3S-2c433f19c7979794	G3S-a607f21d0b792e74	exact_nonempty_scaffold;ligand_tanimoto;local_site_identity	0.199566161	0.538461538	1
G3S-2c433f19c7979794	G3S-a8d224cda1a84a3f	exact_nonempty_scaffold;ligand_tanimoto	0.215959004	0.37037037	1
G3S-2c433f19c7979794	G3S-a96a5730efc90a42	exact_nonempty_scaffold;ligand_tanimoto	0.243265993	0.272727273	1
G3S-2c433f19c7979794	G3S-accf02b6dbaa6894	exact_nonempty_scaffold;ligand_tanimoto	0.166301969	0.375	1
G3S-2c433f19c7979794	G3S-adf3d9017899d822	ligand_tanimoto	0.167938931	0.0384615385	0.362068966
G3S-2c433f19c7979794	G3S-b4e4bb5af0b8b2c1	ligand_tanimoto	0.167938931	0.0384615385	0.362068966
G3S-2c433f19c7979794	G3S-b96988cabeb69917	exact_nonempty_scaffold;ligand_tanimoto	0.166301969	0.296296296	1
G3S-2c433f19c7979794	G3S-ba437efd56c85d19	exact_nonempty_scaffold;ligand_tanimoto	0.212030075	0.366666667	1
G3S-2c433f19c7979794	G3S-bd97b6205fe27668	exact_nonempty_scaffold;ligand_tanimoto	0.246212121	0.387096774	1
G3S-2c433f19c7979794	G3S-c4c2e34a716f6ae6	exact_nonempty_scaffold;ligand_tanimoto	0.166301969	0.321428571	1
G3S-2c433f19c7979794	G3S-c5d1969627a8c3f1	exact_nonempty_scaffold;ligand_tanimoto	0.213842975	0.357142857	1
G3S-2c433f19c7979794	G3S-c6c69878bad91dca	exact_nonempty_scaffold;ligand_tanimoto	0.241482966	0.322580645	1
G3S-2c433f19c7979794	G3S-cac62a85af1d2834	exact_nonempty_scaffold;ligand_tanimoto	0.210876133	0.285714286	1
G3S-2c433f19c7979794	G3S-d1de2bf2f08fcf46	exact_nonempty_scaffold;ligand_tanimoto	0.215789474	0.357142857	1
G3S-2c433f19c7979794	G3S-d207c324846b2507	exact_nonempty_scaffold;ligand_tanimoto	0.193442623	0.387096774	1
G3S-2c433f19c7979794	G3S-d3c114d403b4f6e6	ligand_tanimoto	0.241482966	0.322580645	0.472972973
G3S-2c433f19c7979794	G3S-d587ea9877aeacf1	exact_nonempty_scaffold;ligand_tanimoto	0.212030075	0.366666667	1
G3S-2c433f19c7979794	G3S-d5eff434a516ab97	exact_nonempty_scaffold;ligand_tanimoto	0.296645702	0.393939394	1
G3S-2c433f19c7979794	G3S-da6a7a5b92d16f5d	exact_nonempty_scaffold;ligand_tanimoto	0.212030075	0.366666667	1
G3S-2c433f19c7979794	G3S-dc79a9836344f3ec	exact_nonempty_scaffold;ligand_tanimoto;local_site_identity;shared_measurement_publication	0.248623853	0.653846154	1
G3S-2c433f19c7979794	G3S-dd8aacb779840031	exact_nonempty_scaffold;ligand_tanimoto;local_site_identity	0.155982906	0.535714286	1
G3S-2c433f19c7979794	G3S-de2a24cde8ae391c	exact_nonempty_scaffold;ligand_tanimoto	0.253881279	0.407407407	1
G3S-2c433f19c7979794	G3S-e3b2a2841a5b18a5	exact_nonempty_scaffold;ligand_tanimoto	0.247892074	0.466666667	1
G3S-2c433f19c7979794	G3S-e710b4e67d7724f9	exact_nonempty_scaffold;ligand_tanimoto;shared_measurement_publication	0.212030075	0.366666667	1
G3S-2c433f19c7979794	G3S-f2318d3b76296c29	exact_nonempty_scaffold;ligand_tanimoto;local_site_identity	0.220668221	0.5	1
G3S-2c433f19c7979794	G3S-f4966ebce19de7c0	exact_nonempty_scaffold;ligand_tanimoto;shared_measurement_publication	0.247892074	0.466666667	1
G3S-2c433f19c7979794	G3S-f9b101ab9b60896c	ligand_tanimoto	0.243265993	0.272727273	0.558441558
G3S-2c433f19c7979794	G3S-fb6cb3a33814d85e	local_site_identity	0.2	0.555555556	0.337662338
G3S-2c433f19c7979794	G3S-fb7593ab116f7278	exact_nonempty_scaffold	0.140197152	0.0769230769	0.267605634
G3S-2c433f19c7979794	G3S-fc8dc45b48055767	exact_nonempty_scaffold;ligand_tanimoto;shared_measurement_publication	0.212322275	0.444444444	1
G3S-2dbb6ecb3aae7915	G3S-4be267e9de455895	exact_nonempty_scaffold;exact_target_sequence;full_sequence_identity;ligand_tanimoto;local_site_identity	1	0.878787879	0.653846154
G3S-2dbb6ecb3aae7915	G3S-78b1342acf926183	exact_nonempty_scaffold;exact_target_sequence;full_sequence_identity;ligand_tanimoto;local_site_identity	1	0.75	0.692307692
G3S-2dbb6ecb3aae7915	G3S-b28f576038c6bba6	exact_nonempty_scaffold;exact_target_sequence;full_sequence_identity;ligand_tanimoto;local_site_identity	1	0.878787879	0.653846154
G3S-3021d6a688e870ed	G3S-5938ff8da5e084b3	ligand_tanimoto	0.0878186969	0.2	0.425531915
G3S-3021d6a688e870ed	G3S-8f554307cbbdbf67	ligand_tanimoto	0.119433198	0.192307692	0.458015267
G3S-3046f9edaa2c72bf	G3S-b28f576038c6bba6	exact_nonempty_scaffold	0.1664	0.161290323	0.1875
G3S-31c5deaefd112d8c	G3S-91dd2c635f86b568	ligand_tanimoto	0.22829582	0.157894737	0.368421053
G3S-31c5deaefd112d8c	G3S-9d0d3bffdbe8c8bd	ligand_tanimoto;local_site_identity	0.266871166	0.588235294	0.480519481
G3S-31c5deaefd112d8c	G3S-a0eeacac2c679281	exact_nonempty_scaffold;ligand_tanimoto	0.176	0.0588235294	0.717948718
G3S-31c5deaefd112d8c	G3S-dfc845f5fdda1698	ligand_tanimoto;local_site_identity	0.266871166	0.5	0.4
G3S-31c5deaefd112d8c	G3S-fffc85fa1583cd07	ligand_tanimoto	0.176	0.117647059	0.583333333
G3S-320a13ed3c3022cf	G3S-8337edc867d47bcc	exact_nonempty_scaffold	0.221995927	0.217391304	0.303571429
G3S-320a13ed3c3022cf	G3S-85936f03e9d82fdc	local_site_identity	0.13080772	0.5	0.183333333
G3S-320a13ed3c3022cf	G3S-a38e7f40310e2c16	exact_nonempty_scaffold;ligand_tanimoto	0.23003413	0.25	0.35106383
G3S-320a13ed3c3022cf	G3S-a607f21d0b792e74	local_site_identity	0.166427547	0.52	0.2
G3S-320a13ed3c3022cf	G3S-ab8ecdc323a69568	ligand_tanimoto	0.136200717	0.28	0.377192982
G3S-320a13ed3c3022cf	G3S-bd97b6205fe27668	local_site_identity	0.211840228	0.583333333	0.2
G3S-320a13ed3c3022cf	G3S-bff054f5415e507d	exact_nonempty_scaffold	0.191428571	0.178571429	0.347368421
G3S-320a13ed3c3022cf	G3S-c921d4d10853942c	ligand_tanimoto	0.108633094	0.186046512	0.362831858
G3S-320a13ed3c3022cf	G3S-d183c9dc36c1eaef	local_site_identity	0.15778098	0.5	0.183333333
G3S-32c08173ec26bea9	G3S-34388e65af3203f8	exact_nonempty_scaffold	0.227828746	0.142857143	0.220338983
G3S-32c08173ec26bea9	G3S-36aa31d3bfd96971	local_site_identity	0.213983051	0.666666667	0.186666667
G3S-32c08173ec26bea9	G3S-3a221f3683b786e1	exact_nonempty_scaffold	0.198221093	0.115384615	0.136363636
G3S-32c08173ec26bea9	G3S-40a467bbafdc73d8	exact_nonempty_scaffold;full_sequence_identity;ligand_tanimoto;local_site_identity	0.307368421	0.5	1
G3S-32c08173ec26bea9	G3S-496a96ccb09a0048	exact_nonempty_scaffold	0.208530806	0.133333333	0.220338983
G3S-32c08173ec26bea9	G3S-49ed2ea8183b105c	ligand_tanimoto;local_site_identity	0.213983051	0.642857143	0.35
G3S-32c08173ec26bea9	G3S-4be267e9de455895	exact_nonempty_scaffold	0.220338983	0.15625	0.288461538
G3S-32c08173ec26bea9	G3S-4f4f25ce439afb73	exact_nonempty_scaffold;ligand_tanimoto;local_site_identity	0.213983051	0.666666667	0.642857143
G3S-32c08173ec26bea9	G3S-517155e5e2356899	exact_nonempty_scaffold	0.246402878	0.153846154	0.206896552
G3S-32c08173ec26bea9	G3S-51759ead81a2003d	exact_nonempty_scaffold	0.156862745	0.230769231	0.213114754
G3S-32c08173ec26bea9	G3S-57758481291b0ab8	exact_nonempty_scaffold	0.1416122	0.137931034	0.258064516
G3S-32c08173ec26bea9	G3S-59125c7fdb97217d	exact_nonempty_scaffold;full_sequence_identity;ligand_tanimoto;local_site_identity	0.307368421	0.551724138	1
G3S-32c08173ec26bea9	G3S-6fbd681c38d3a2a2	exact_nonempty_scaffold	0.220754717	0.192307692	0.209876543
G3S-32c08173ec26bea9	G3S-70ec124b3b4163f0	exact_nonempty_scaffold	0.221875	0.153846154	0.179104478
G3S-32c08173ec26bea9	G3S-72740991b3279a1e	exact_nonempty_scaffold	0.0945502298	0.192307692	0.169491525
G3S-32c08173ec26bea9	G3S-8468ef8a559bdade	exact_nonempty_scaffold;full_sequence_identity;ligand_tanimoto	0.307368421	0.483870968	1
G3S-32c08173ec26bea9	G3S-86c78a56d4596857	exact_nonempty_scaffold;ligand_tanimoto	0.231101512	0.483870968	1
G3S-32c08173ec26bea9	G3S-9236ab9d73532a9d	exact_nonempty_scaffold	0.212471132	0.129032258	0.275862069
G3S-32c08173ec26bea9	G3S-9589527ecb9747c1	exact_nonempty_scaffold	0.208067941	0.137931034	0.179104478
G3S-32c08173ec26bea9	G3S-9d3d506752fabc29	exact_nonempty_scaffold;full_sequence_identity;ligand_tanimoto	0.307368421	0.483870968	1
G3S-32c08173ec26bea9	G3S-a0b462ec59730874	exact_nonempty_scaffold	0.244680851	0.192307692	0.28
G3S-32c08173ec26bea9	G3S-a5f8f9b4623f1ec1	exact_nonempty_scaffold;ligand_tanimoto;local_site_identity	0.248953975	0.5	1
G3S-32c08173ec26bea9	G3S-adf3d9017899d822	exact_nonempty_scaffold	0.218415418	0.0769230769	0.319148936
G3S-32c08173ec26bea9	G3S-b47e17893c82aca6	exact_nonempty_scaffold	0.207264957	0.115384615	0.271186441
G3S-32c08173ec26bea9	G3S-b4e4bb5af0b8b2c1	exact_nonempty_scaffold	0.218415418	0.0769230769	0.319148936
G3S-32c08173ec26bea9	G3S-bd2cdfe90c8aa7fa	exact_nonempty_scaffold;ligand_tanimoto;local_site_identity	0.248953975	0.5	1
G3S-32c08173ec26bea9	G3S-beb8359aa320987f	exact_nonempty_scaffold;ligand_tanimoto	0.22008547	0.481481481	1
G3S-32c08173ec26bea9	G3S-c3ad4039ad41a0e6	exact_nonempty_scaffold	0.21141649	0.176470588	0.183333333
G3S-32c08173ec26bea9	G3S-c8b189267b8c3242	exact_nonempty_scaffold	0.207224335	0.153846154	0.25
G3S-32c08173ec26bea9	G3S-cb1dbf771699bf3f	exact_nonempty_scaffold;ligand_tanimoto;local_site_identity	0.213983051	0.642857143	1
G3S-32c08173ec26bea9	G3S-d15243e290ebeba6	exact_nonempty_scaffold;ligand_tanimoto;local_site_identity	0.231101512	0.62962963	1
G3S-32c08173ec26bea9	G3S-d2858f5dc6d0d6d2	exact_nonempty_scaffold;ligand_tanimoto;local_site_identity;shared_measurement_publication	0.213983051	0.678571429	1
G3S-32c08173ec26bea9	G3S-d392e1d59c314666	exact_nonempty_scaffold;ligand_tanimoto;local_site_identity	0.213983051	0.620689655	1
G3S-32c08173ec26bea9	G3S-d5f2b3941320fd29	exact_nonempty_scaffold	0.22300885	0.0769230769	0.24137931
G3S-32c08173ec26bea9	G3S-d82e40f7bc270eb2	exact_nonempty_scaffold;ligand_tanimoto	0.231101512	0.483870968	1
G3S-32c08173ec26bea9	G3S-df91bc0fd4e2076d	exact_nonempty_scaffold;ligand_tanimoto;local_site_identity	0.248953975	0.5	1
G3S-32c08173ec26bea9	G3S-e06c6b7aad2ea234	exact_nonempty_scaffold	0.16017316	0.230769231	0.285714286
G3S-32c08173ec26bea9	G3S-e7f816aed727534b	exact_nonempty_scaffold;ligand_tanimoto;local_site_identity	0.213983051	0.642857143	1
G3S-32c08173ec26bea9	G3S-eb73c8235716ab91	exact_nonempty_scaffold;ligand_tanimoto	0.22008547	0.448275862	1
G3S-32c08173ec26bea9	G3S-ee6c97e67f1fb0d7	exact_nonempty_scaffold;ligand_tanimoto;shared_measurement_publication	0.231101512	0.483870968	1
G3S-32c08173ec26bea9	G3S-eea0596469e3b875	exact_nonempty_scaffold;ligand_tanimoto	0.22008547	0.448275862	1
G3S-32c08173ec26bea9	G3S-f223745e3dee7f3b	ligand_tanimoto	0.201298701	0.107142857	0.413043478
G3S-32c08173ec26bea9	G3S-f2ec313bd7b3ce78	exact_nonempty_scaffold	0.21686747	0.178571429	0.179104478
G3S-32c08173ec26bea9	G3S-f5c4fa2e79c47654	exact_nonempty_scaffold	0.220952381	0.115384615	0.18
G3S-32c08173ec26bea9	G3S-ff4e5bfc253b96ea	exact_nonempty_scaffold	0.243353783	0.206896552	0.215384615
G3S-34388e65af3203f8	G3S-3a221f3683b786e1	exact_nonempty_scaffold	0.200247219	0.15625	0.2
G3S-34388e65af3203f8	G3S-496a96ccb09a0048	exact_nonempty_scaffold;full_sequence_identity;ligand_tanimoto;local_site_identity;shared_measurement_publication	0.486780715	0.53125	1
G3S-34388e65af3203f8	G3S-4be267e9de455895	exact_nonempty_scaffold	0.209912536	0.212121212	0.237288136
G3S-34388e65af3203f8	G3S-517155e5e2356899	exact_nonempty_scaffold	0.222891566	0.129032258	0.25
G3S-34388e65af3203f8	G3S-51759ead81a2003d	exact_nonempty_scaffold	0.122222222	0.193548387	0.226415094
G3S-34388e65af3203f8	G3S-57758481291b0ab8	exact_nonempty_scaffold	0.103174603	0.171428571	0.206349206
G3S-34388e65af3203f8	G3S-59125c7fdb97217d	exact_nonempty_scaffold	0.209119497	0.25	0.225806452
G3S-34388e65af3203f8	G3S-6fbd681c38d3a2a2	exact_nonempty_scaffold	0.226331361	0.205882353	0.235955056
G3S-34388e65af3203f8	G3S-70ec124b3b4163f0	exact_nonempty_scaffold	0.203252033	0.193548387	0.240740741
G3S-34388e65af3203f8	G3S-72740991b3279a1e	exact_nonempty_scaffold	0.110272399	0.2	0.193877551
G3S-34388e65af3203f8	G3S-9236ab9d73532a9d	exact_nonempty_scaffold	0.202764977	0.129032258	0.325581395
G3S-34388e65af3203f8	G3S-9589527ecb9747c1	exact_nonempty_scaffold	0.206299213	0.25	0.240740741
G3S-34388e65af3203f8	G3S-9d3d506752fabc29	exact_nonempty_scaffold	0.209119497	0.193548387	0.220338983
G3S-34388e65af3203f8	G3S-a0b462ec59730874	exact_nonempty_scaffold	0.232522796	0.129032258	0.222222222
G3S-34388e65af3203f8	G3S-adf3d9017899d822	exact_nonempty_scaffold	0.196567863	0.225806452	0.304347826
G3S-34388e65af3203f8	G3S-b47e17893c82aca6	exact_nonempty_scaffold	0.173015873	0.0967741935	0.19047619
G3S-34388e65af3203f8	G3S-b4e4bb5af0b8b2c1	exact_nonempty_scaffold	0.196567863	0.225806452	0.304347826
G3S-34388e65af3203f8	G3S-c3ad4039ad41a0e6	exact_nonempty_scaffold	0.202511774	0.194444444	0.245283019
G3S-34388e65af3203f8	G3S-c8b189267b8c3242	exact_nonempty_scaffold	0.208841463	0.258064516	0.212121212
G3S-34388e65af3203f8	G3S-d15243e290ebeba6	exact_nonempty_scaffold	0.182677165	0.242424242	0.225806452
G3S-34388e65af3203f8	G3S-d392e1d59c314666	exact_nonempty_scaffold	0.166666667	0.258064516	0.220338983
G3S-34388e65af3203f8	G3S-d5f2b3941320fd29	exact_nonempty_scaffold	0.225854383	0.0967741935	0.282608696
G3S-34388e65af3203f8	G3S-df91bc0fd4e2076d	exact_nonempty_scaffold	0.170347003	0.258064516	0.225806452
G3S-34388e65af3203f8	G3S-e06c6b7aad2ea234	exact_nonempty_scaffold	0.138095238	0.161290323	0.272727273
G3S-34388e65af3203f8	G3S-eb73c8235716ab91	exact_nonempty_scaffold	0.165079365	0.193548387	0.225806452
G3S-34388e65af3203f8	G3S-ee6c97e67f1fb0d7	exact_nonempty_scaffold	0.182677165	0.161290323	0.220338983
G3S-34388e65af3203f8	G3S-f2ec313bd7b3ce78	exact_nonempty_scaffold	0.212634823	0.161290323	0.240740741
G3S-34388e65af3203f8	G3S-f5c4fa2e79c47654	exact_nonempty_scaffold	0.228395062	0.258064516	0.325
G3S-34388e65af3203f8	G3S-ff4e5bfc253b96ea	exact_nonempty_scaffold	0.215962441	0.09375	0.268292683
G3S-36aa31d3bfd96971	G3S-40a467bbafdc73d8	local_site_identity	0.281337047	0.615384615	0.225806452
G3S-36aa31d3bfd96971	G3S-49ed2ea8183b105c	exact_target_sequence;full_sequence_identity;local_site_identity	1	0.875	0.202702703
G3S-36aa31d3bfd96971	G3S-4f4f25ce439afb73	exact_target_sequence;full_sequence_identity;local_site_identity	1	0.875	0.205479452
G3S-36aa31d3bfd96971	G3S-59125c7fdb97217d	local_site_identity	0.281337047	0.615384615	0.225806452
G3S-36aa31d3bfd96971	G3S-8468ef8a559bdade	local_site_identity	0.281337047	0.592592593	0.225806452
G3S-36aa31d3bfd96971	G3S-86c78a56d4596857	full_sequence_identity;local_site_identity	0.599236641	0.62962963	0.225806452
G3S-36aa31d3bfd96971	G3S-9d3d506752fabc29	local_site_identity	0.281337047	0.592592593	0.196969697
G3S-36aa31d3bfd96971	G3S-a5f8f9b4623f1ec1	full_sequence_identity;local_site_identity	0.560606061	0.653846154	0.205479452
G3S-36aa31d3bfd96971	G3S-aaae27c9c7a68a3a	full_sequence_identity;local_site_identity	0.599236641	0.652173913	0.197530864
G3S-36aa31d3bfd96971	G3S-b66b7652f5b1d01d	full_sequence_identity;local_site_identity	0.599236641	0.608695652	0.202702703
G3S-36aa31d3bfd96971	G3S-bd2cdfe90c8aa7fa	full_sequence_identity;local_site_identity	0.560606061	0.653846154	0.205479452
G3S-36aa31d3bfd96971	G3S-beb8359aa320987f	full_sequence_identity;local_site_identity	0.599236641	0.608695652	0.225806452
G3S-36aa31d3bfd96971	G3S-cb1dbf771699bf3f	exact_target_sequence;full_sequence_identity;local_site_identity	1	0.916666667	0.191780822
G3S-36aa31d3bfd96971	G3S-d15243e290ebeba6	full_sequence_identity;local_site_identity	0.599236641	0.652173913	0.225806452
G3S-36aa31d3bfd96971	G3S-d2858f5dc6d0d6d2	exact_target_sequence;full_sequence_identity;local_site_identity	1	0.851851852	0.173333333
G3S-36aa31d3bfd96971	G3S-d392e1d59c314666	exact_target_sequence;full_sequence_identity;local_site_identity	1	0.884615385	0.188405797
G3S-36aa31d3bfd96971	G3S-d82e40f7bc270eb2	full_sequence_identity;local_site_identity	0.599236641	0.62962963	0.225806452
G3S-36aa31d3bfd96971	G3S-df91bc0fd4e2076d	full_sequence_identity;local_site_identity	0.560606061	0.653846154	0.2
G3S-36aa31d3bfd96971	G3S-e7f816aed727534b	exact_target_sequence;full_sequence_identity;local_site_identity	1	0.916666667	0.225806452
G3S-36aa31d3bfd96971	G3S-eb73c8235716ab91	full_sequence_identity;local_site_identity	0.599236641	0.56	0.225806452
G3S-36aa31d3bfd96971	G3S-ee6c97e67f1fb0d7	full_sequence_identity;local_site_identity	0.599236641	0.62962963	0.211267606
G3S-36aa31d3bfd96971	G3S-eea0596469e3b875	full_sequence_identity;local_site_identity	0.599236641	0.56	0.196969697
G3S-376e479668e27e8e	G3S-3c0a0829e923c91d	local_site_identity	0.170351105	0.5	0.228915663
G3S-376e479668e27e8e	G3S-3e5852180ea6848b	exact_nonempty_scaffold;ligand_tanimoto	0.241452991	0.321428571	1
G3S-376e479668e27e8e	G3S-4273fdd1b3b53cb7	exact_nonempty_scaffold;ligand_tanimoto	0.196620584	0.285714286	1
G3S-376e479668e27e8e	G3S-45df1c88b560ec4f	exact_nonempty_scaffold;ligand_tanimoto	0.117691724	0.379310345	1
G3S-376e479668e27e8e	G3S-46586ac6273ff065	exact_nonempty_scaffold;ligand_tanimoto	0.169902913	0.259259259	1
G3S-376e479668e27e8e	G3S-4c1b91d17d81423a	exact_nonempty_scaffold;ligand_tanimoto	0.264788732	0.357142857	1
G3S-376e479668e27e8e	G3S-4e6759c45d9a6b9b	exact_nonempty_scaffold;ligand_tanimoto	0.271662763	0.357142857	1
G3S-376e479668e27e8e	G3S-502e01631feedf35	exact_nonempty_scaffold;ligand_tanimoto	0.241452991	0.321428571	1
G3S-376e479668e27e8e	G3S-55930eb8673c0eee	exact_nonempty_scaffold;ligand_tanimoto	0.186217009	0.296296296	1
G3S-376e479668e27e8e	G3S-69e1fcfda0e309e8	exact_nonempty_scaffold;ligand_tanimoto	0.16380182	0.307692308	1
G3S-376e479668e27e8e	G3S-6e529abe43b8b245	exact_nonempty_scaffold;ligand_tanimoto	0.132825719	0.357142857	1
G3S-376e479668e27e8e	G3S-780095ecb7b0162a	exact_nonempty_scaffold;ligand_tanimoto	0.19266055	0.333333333	1
G3S-376e479668e27e8e	G3S-7a52256b4ab19efa	exact_nonempty_scaffold;ligand_tanimoto	0.153217569	0.285714286	1
G3S-376e479668e27e8e	G3S-7c94d7d05a9d2f85	exact_nonempty_scaffold;ligand_tanimoto	0.214285714	0.321428571	1
G3S-376e479668e27e8e	G3S-8447070a69d51ab5	exact_nonempty_scaffold;ligand_tanimoto	0.153217569	0.285714286	1
G3S-376e479668e27e8e	G3S-85936f03e9d82fdc	local_site_identity	0.243181818	0.5	0.228915663
G3S-376e479668e27e8e	G3S-929205c457d12bfd	ligand_tanimoto	0.169329073	0.125	0.384615385
G3S-376e479668e27e8e	G3S-96b21ba0d0525be3	exact_nonempty_scaffold;ligand_tanimoto	0.165269461	0.305555556	1
G3S-376e479668e27e8e	G3S-a5df04a0e400b0db	exact_nonempty_scaffold;ligand_tanimoto	0.132825719	0.357142857	1
G3S-376e479668e27e8e	G3S-a607f21d0b792e74	exact_nonempty_scaffold;ligand_tanimoto	0.208661417	0.25	1
G3S-376e479668e27e8e	G3S-a8d224cda1a84a3f	ligand_tanimoto	0.120535714	0.285714286	0.558441558
G3S-376e479668e27e8e	G3S-a96a5730efc90a42	exact_nonempty_scaffold;ligand_tanimoto	0.14021164	0.275862069	1
G3S-376e479668e27e8e	G3S-b47e17893c82aca6	ligand_tanimoto	0.225146199	0.0416666667	0.357142857
G3S-376e479668e27e8e	G3S-b96988cabeb69917	exact_nonempty_scaffold;ligand_tanimoto	0.245478036	0.222222222	1
G3S-376e479668e27e8e	G3S-bd97b6205fe27668	exact_nonempty_scaffold;ligand_tanimoto	0.160676533	0.36	1
G3S-376e479668e27e8e	G3S-c5d1969627a8c3f1	exact_nonempty_scaffold;ligand_tanimoto	0.170351105	0.346153846	1
G3S-376e479668e27e8e	G3S-c8b189267b8c3242	ligand_tanimoto	0.211693548	0.291666667	0.378378378
G3S-376e479668e27e8e	G3S-cac62a85af1d2834	exact_nonempty_scaffold;ligand_tanimoto	0.109259259	0.35483871	1
G3S-376e479668e27e8e	G3S-d1de2bf2f08fcf46	exact_nonempty_scaffold;ligand_tanimoto	0.175202156	0.333333333	1
G3S-376e479668e27e8e	G3S-d207c324846b2507	exact_nonempty_scaffold;ligand_tanimoto	0.221095335	0.40625	1
G3S-376e479668e27e8e	G3S-d587ea9877aeacf1	exact_nonempty_scaffold;ligand_tanimoto	0.117691724	0.379310345	1
G3S-376e479668e27e8e	G3S-d5eff434a516ab97	exact_nonempty_scaffold;ligand_tanimoto	0.165269461	0.305555556	1
G3S-376e479668e27e8e	G3S-dc79a9836344f3ec	exact_nonempty_scaffold;ligand_tanimoto	0.16380182	0.307692308	1
G3S-376e479668e27e8e	G3S-de2a24cde8ae391c	exact_nonempty_scaffold;ligand_tanimoto	0.141414141	0.37037037	1
G3S-376e479668e27e8e	G3S-e3b2a2841a5b18a5	exact_nonempty_scaffold;ligand_tanimoto	0.150807899	0.466666667	1
G3S-376e479668e27e8e	G3S-e710b4e67d7724f9	exact_nonempty_scaffold;ligand_tanimoto	0.117691724	0.379310345	1
G3S-376e479668e27e8e	G3S-f2318d3b76296c29	exact_nonempty_scaffold;ligand_tanimoto	0.129644922	0.407407407	1
G3S-376e479668e27e8e	G3S-f4966ebce19de7c0	exact_nonempty_scaffold;ligand_tanimoto	0.150807899	0.466666667	1
G3S-376e479668e27e8e	G3S-f9b101ab9b60896c	ligand_tanimoto	0.14021164	0.275862069	0.558441558
G3S-376e479668e27e8e	G3S-fc8dc45b48055767	exact_nonempty_scaffold;ligand_tanimoto	0.158762887	0.44	1
G3S-38a11588e38c3bdc	G3S-61544361ce31eac2	full_sequence_identity	0.3125	0.454545455	0.278688525
G3S-38a11588e38c3bdc	G3S-7d63354277860a98	ligand_tanimoto	0.2	0.2	0.375
G3S-38a11588e38c3bdc	G3S-a0b462ec59730874	ligand_tanimoto	0.239929947	0.2	0.433333333
G3S-38a11588e38c3bdc	G3S-ff4e5bfc253b96ea	exact_nonempty_scaffold;ligand_tanimoto	0.22851153	0.205882353	1
G3S-38a11588e38c3bdc	G3S-ff7784d287172c20	full_sequence_identity;local_site_identity	0.307070707	0.608695652	0.278688525
G3S-3a221f3683b786e1	G3S-496a96ccb09a0048	exact_nonempty_scaffold	0.202233251	0.166666667	0.2
G3S-3a221f3683b786e1	G3S-4be267e9de455895	exact_nonempty_scaffold	0.19803198	0.193548387	0.2
G3S-3a221f3683b786e1	G3S-517155e5e2356899	exact_nonempty_scaffold	0.194199243	0.176470588	0.28125
G3S-3a221f3683b786e1	G3S-51759ead81a2003d	exact_nonempty_scaffold	0.114395887	0.176470588	0.170731707
G3S-3a221f3683b786e1	G3S-57758481291b0ab8	exact_nonempty_scaffold	0.082156611	0.117647059	0.147058824
G3S-3a221f3683b786e1	G3S-59125c7fdb97217d	exact_nonempty_scaffold	0.1875	0.125	0.178571429
G3S-3a221f3683b786e1	G3S-6fbd681c38d3a2a2	exact_nonempty_scaffold	0.208386277	0.15	0.171428571
G3S-3a221f3683b786e1	G3S-70ec124b3b4163f0	exact_nonempty_scaffold	0.215827338	0.227272727	0.133333333
G3S-3a221f3683b786e1	G3S-72740991b3279a1e	exact_nonempty_scaffold	0.129836066	0.111111111	0.125
G3S-3a221f3683b786e1	G3S-9236ab9d73532a9d	exact_nonempty_scaffold	0.219326819	0.176470588	0.209302326
G3S-3a221f3683b786e1	G3S-929205c457d12bfd	ligand_tanimoto	0.0925449871	0.136363636	0.461538462
G3S-3a221f3683b786e1	G3S-9589527ecb9747c1	exact_nonempty_scaffold	0.182284981	0.125	0.133333333
G3S-3a221f3683b786e1	G3S-9d0d3bffdbe8c8bd	ligand_tanimoto	0.163239075	0.0588235294	0.470588235
G3S-3a221f3683b786e1	G3S-9d3d506752fabc29	exact_nonempty_scaffold	0.1875	0.25	0.135135135
G3S-3a221f3683b786e1	G3S-a0b462ec59730874	exact_nonempty_scaffold	0.219264892	0.176470588	0.310344828
G3S-3a221f3683b786e1	G3S-adf3d9017899d822	exact_nonempty_scaffold	0.172015404	0.192307692	0.157894737
G3S-3a221f3683b786e1	G3S-b47e17893c82aca6	exact_nonempty_scaffold	0.166240409	0.1	0.155172414
G3S-3a221f3683b786e1	G3S-b4e4bb5af0b8b2c1	exact_nonempty_scaffold	0.172015404	0.192307692	0.157894737
G3S-3a221f3683b786e1	G3S-c3ad4039ad41a0e6	exact_nonempty_scaffold	0.174904943	0.15625	0.147058824
G3S-3a221f3683b786e1	G3S-c8b189267b8c3242	exact_nonempty_scaffold	0.203324808	0.315789474	0.193548387
G3S-3a221f3683b786e1	G3S-d15243e290ebeba6	exact_nonempty_scaffold	0.154533844	0.173913043	0.178571429
G3S-3a221f3683b786e1	G3S-d392e1d59c314666	exact_nonempty_scaffold	0.151088348	0.153846154	0.136363636
G3S-3a221f3683b786e1	G3S-d5f2b3941320fd29	exact_nonempty_scaffold	0.216216216	0.117647059	0.322580645
G3S-3a221f3683b786e1	G3S-df91bc0fd4e2076d	exact_nonempty_scaffold	0.152284264	0.19047619	0.178571429
G3S-3a221f3683b786e1	G3S-dfc845f5fdda1698	ligand_tanimoto	0.163239075	0.0588235294	0.470588235
G3S-3a221f3683b786e1	G3S-e06c6b7aad2ea234	exact_nonempty_scaffold	0.108695652	0.0588235294	0.318181818
G3S-3a221f3683b786e1	G3S-eb73c8235716ab91	exact_nonempty_scaffold	0.153649168	0.19047619	0.178571429
G3S-3a221f3683b786e1	G3S-ee6c97e67f1fb0d7	exact_nonempty_scaffold	0.154533844	0.217391304	0.136363636
G3S-3a221f3683b786e1	G3S-f2ec313bd7b3ce78	exact_nonempty_scaffold	0.183879093	0.115384615	0.133333333
G3S-3a221f3683b786e1	G3S-f5c4fa2e79c47654	exact_nonempty_scaffold	0.200752823	0.0909090909	0.333333333
G3S-3a221f3683b786e1	G3S-ff4e5bfc253b96ea	exact_nonempty_scaffold	0.192405063	0.137931034	0.19047619
G3S-3a221f3683b786e1	G3S-fffc85fa1583cd07	ligand_tanimoto	0.0938303342	0.235294118	0.542372881
G3S-3a4ac119455247b0	G3S-a496fe9cc69b5d9f	exact_nonempty_scaffold;exact_target_sequence;full_sequence_identity;ligand_tanimoto;local_site_identity	1	0.833333333	1
G3S-3aac8f4c8810a918	G3S-40a467bbafdc73d8	ligand_tanimoto	0.19047619	0.12	0.409836066
G3S-3aac8f4c8810a918	G3S-4f4f25ce439afb73	ligand_tanimoto	0.200757576	0.153846154	0.402985075
G3S-3aac8f4c8810a918	G3S-7d63354277860a98	ligand_tanimoto	0.12431694	0.16	0.392156863
G3S-3aac8f4c8810a918	G3S-9d3d506752fabc29	ligand_tanimoto	0.19047619	0.15625	0.396825397
G3S-3aac8f4c8810a918	G3S-bd2cdfe90c8aa7fa	ligand_tanimoto	0.203703704	0.206896552	0.409836066
G3S-3aac8f4c8810a918	G3S-be927832aa68b7af	exact_nonempty_scaffold;full_sequence_identity;ligand_tanimoto;local_site_identity;shared_measurement_publication;shared_reference_structure_publication	0.388888889	0.5	1
G3S-3aac8f4c8810a918	G3S-beb8359aa320987f	ligand_tanimoto	0.187739464	0.178571429	0.409836066
G3S-3aac8f4c8810a918	G3S-cb1dbf771699bf3f	ligand_tanimoto	0.200757576	0.193548387	0.409836066
G3S-3aac8f4c8810a918	G3S-d392e1d59c314666	ligand_tanimoto	0.200757576	0.179487179	0.396825397
G3S-3aac8f4c8810a918	G3S-d82e40f7bc270eb2	ligand_tanimoto	0.194656489	0.193548387	0.409836066
G3S-3aac8f4c8810a918	G3S-e7f816aed727534b	ligand_tanimoto	0.200757576	0.193548387	0.409836066
G3S-3aac8f4c8810a918	G3S-ee6c97e67f1fb0d7	ligand_tanimoto	0.194656489	0.193548387	0.396825397
G3S-3aac8f4c8810a918	G3S-fb7593ab116f7278	ligand_tanimoto	0.219607843	0.08	0.363636364
G3S-3bfb2092ea669ef8	G3S-f42b5d20c7dcac28	ligand_tanimoto	0.0732600733	0.155555556	0.36
G3S-3c0a0829e923c91d	G3S-4273fdd1b3b53cb7	ligand_tanimoto	0.201765448	0.310344828	0.391304348
G3S-3c0a0829e923c91d	G3S-4c1b91d17d81423a	ligand_tanimoto	0.172727273	0.346153846	0.391304348
G3S-3c0a0829e923c91d	G3S-502e01631feedf35	ligand_tanimoto	0.187744459	0.392857143	0.391304348
G3S-3c0a0829e923c91d	G3S-517155e5e2356899	ligand_tanimoto	0.203084833	0.148148148	0.405405405
G3S-3c0a0829e923c91d	G3S-51759ead81a2003d	ligand_tanimoto	0.116644823	0.153846154	0.463414634
G3S-3c0a0829e923c91d	G3S-55930eb8673c0eee	ligand_tanimoto	0.2	0.259259259	0.391304348
G3S-3c0a0829e923c91d	G3S-69e1fcfda0e309e8	ligand_tanimoto	0.207930368	0.357142857	0.391304348
G3S-3c0a0829e923c91d	G3S-6e529abe43b8b245	ligand_tanimoto	0.21219716	0.296296296	0.391304348
G3S-3c0a0829e923c91d	G3S-780095ecb7b0162a	ligand_tanimoto	0.2	0.321428571	0.391304348
G3S-3c0a0829e923c91d	G3S-7a52256b4ab19efa	ligand_tanimoto	0.187250996	0.259259259	0.391304348
G3S-3c0a0829e923c91d	G3S-7c94d7d05a9d2f85	ligand_tanimoto	0.218670077	0.285714286	0.391304348
G3S-3c0a0829e923c91d	G3S-7d63354277860a98	ligand_tanimoto	0.213364596	0.153846154	0.551724138
G3S-3c0a0829e923c91d	G3S-8337edc867d47bcc	exact_nonempty_scaffold	0.199186992	0.269230769	0.272727273
G3S-3c0a0829e923c91d	G3S-85936f03e9d82fdc	exact_nonempty_scaffold;ligand_tanimoto;shared_measurement_publication	0.228900256	0.464285714	1
G3S-3c0a0829e923c91d	G3S-929205c457d12bfd	exact_nonempty_scaffold	0.0943643512	0.153846154	0.25862069
G3S-3c0a0829e923c91d	G3S-a0b462ec59730874	exact_nonempty_scaffold	0.209273183	0.192307692	0.235294118
G3S-3c0a0829e923c91d	G3S-a607f21d0b792e74	ligand_tanimoto	0.204398448	0.346153846	0.391304348
G3S-3c0a0829e923c91d	G3S-a96a5730efc90a42	ligand_tanimoto	0.202046036	0.393939394	0.391304348
G3S-3c0a0829e923c91d	G3S-ab8ecdc323a69568	ligand_tanimoto	0.201811125	0.321428571	0.459459459
G3S-3c0a0829e923c91d	G3S-b28f576038c6bba6	exact_nonempty_scaffold	0.215174129	0.129032258	0.285714286
G3S-3c0a0829e923c91d	G3S-b47e17893c82aca6	exact_nonempty_scaffold	0.163636364	0.137931034	0.261538462
G3S-3c0a0829e923c91d	G3S-b96988cabeb69917	ligand_tanimoto	0.179354839	0.310344828	0.391304348
G3S-3c0a0829e923c91d	G3S-ba437efd56c85d19	ligand_tanimoto	0.200598802	0.448275862	0.365384615
G3S-3c0a0829e923c91d	G3S-bd97b6205fe27668	ligand_tanimoto	0.201853759	0.37037037	0.391304348
G3S-3c0a0829e923c91d	G3S-c5d1969627a8c3f1	exact_target_sequence;full_sequence_identity;ligand_tanimoto;local_site_identity	1	0.785714286	0.391304348
G3S-3c0a0829e923c91d	G3S-c8b189267b8c3242	exact_nonempty_scaffold	0.204161248	0.269230769	0.2
G3S-3c0a0829e923c91d	G3S-d183c9dc36c1eaef	exact_nonempty_scaffold;ligand_tanimoto;local_site_identity;shared_measurement_publication	0.187969925	0.620689655	1
G3S-3c0a0829e923c91d	G3S-d587ea9877aeacf1	ligand_tanimoto	0.200598802	0.448275862	0.391304348
G3S-3c0a0829e923c91d	G3S-d5eff434a516ab97	ligand_tanimoto	0.218061674	0.303030303	0.391304348
G3S-3c0a0829e923c91d	G3S-da6a7a5b92d16f5d	ligand_tanimoto	0.200598802	0.448275862	0.365384615
G3S-3c0a0829e923c91d	G3S-da8fc773cdc768de	exact_nonempty_scaffold	0.194087404	0.115384615	0.288461538
G3S-3c0a0829e923c91d	G3S-dd8aacb779840031	ligand_tanimoto	0.166013072	0.259259259	0.402298851
G3S-3c0a0829e923c91d	G3S-de2a24cde8ae391c	ligand_tanimoto	0.197115385	0.296296296	0.391304348
G3S-3c0a0829e923c91d	G3S-e06c6b7aad2ea234	exact_nonempty_scaffold	0.116644823	0.259259259	0.228571429
G3S-3c0a0829e923c91d	G3S-e3b2a2841a5b18a5	ligand_tanimoto	0.208260105	0.3	0.391304348
G3S-3c0a0829e923c91d	G3S-e9de90d69aed4dc3	ligand_tanimoto	0.203084833	0.115384615	0.405405405
G3S-3c0a0829e923c91d	G3S-f5c4fa2e79c47654	exact_nonempty_scaffold	0.190168176	0.153846154	0.234042553
G3S-3c0a0829e923c91d	G3S-ff4e5bfc253b96ea	ligand_tanimoto	0.18961039	0.0967741935	0.452380952
G3S-3c840aaf07c196c4	G3S-91dd2c635f86b568	exact_nonempty_scaffold;ligand_tanimoto	0.181518152	0.105263158	0.368421053
G3S-3c840aaf07c196c4	G3S-9d0d3bffdbe8c8bd	exact_nonempty_scaffold	0.181818182	0.157894737	0.3125
G3S-3c840aaf07c196c4	G3S-dfc845f5fdda1698	exact_nonempty_scaffold	0.181818182	0.0526315789	0.349206349
G3S-3c840aaf07c196c4	G3S-fffc85fa1583cd07	exact_nonempty_scaffold	0.20754717	0.0526315789	0.30952381
G3S-3e5852180ea6848b	G3S-4273fdd1b3b53cb7	exact_nonempty_scaffold;ligand_tanimoto	0.224770642	0.413793103	1
G3S-3e5852180ea6848b	G3S-45df1c88b560ec4f	exact_nonempty_scaffold;ligand_tanimoto;local_site_identity	0.164643399	0.515151515	1
G3S-3e5852180ea6848b	G3S-46586ac6273ff065	exact_nonempty_scaffold;ligand_tanimoto	0.249097473	0.206896552	1
G3S-3e5852180ea6848b	G3S-4c1b91d17d81423a	exact_nonempty_scaffold;ligand_tanimoto	0.205338809	0.285714286	1
G3S-3e5852180ea6848b	G3S-4e6759c45d9a6b9b	exact_nonempty_scaffold;ligand_tanimoto;shared_measurement_publication	0.251037344	0.344827586	1
G3S-3e5852180ea6848b	G3S-502e01631feedf35	exact_nonempty_scaffold;exact_target_sequence;full_sequence_identity;ligand_tanimoto;local_site_identity;shared_reference_structure_publication	1	1	1
G3S-3e5852180ea6848b	G3S-55930eb8673c0eee	exact_nonempty_scaffold;ligand_tanimoto;local_site_identity	0.259314456	0.571428571	1
G3S-3e5852180ea6848b	G3S-5dd0b4d457e8529a	exact_nonempty_scaffold;ligand_tanimoto;shared_measurement_publication	0.165841584	0.466666667	1
G3S-3e5852180ea6848b	G3S-69e1fcfda0e309e8	exact_nonempty_scaffold;ligand_tanimoto;local_site_identity	0.217831814	0.517241379	1
G3S-3e5852180ea6848b	G3S-6e529abe43b8b245	exact_nonempty_scaffold;ligand_tanimoto	0.169477234	0.482758621	1
G3S-3e5852180ea6848b	G3S-780095ecb7b0162a	exact_nonempty_scaffold;ligand_tanimoto	0.27820711	0.214285714	1
G3S-3e5852180ea6848b	G3S-7a52256b4ab19efa	exact_nonempty_scaffold;ligand_tanimoto;local_site_identity	0.226530612	0.517241379	1
G3S-3e5852180ea6848b	G3S-7c94d7d05a9d2f85	exact_nonempty_scaffold;full_sequence_identity;ligand_tanimoto;local_site_identity	0.401473297	0.548387097	1
G3S-3e5852180ea6848b	G3S-7f4093cbfc6a5ba7	exact_nonempty_scaffold;ligand_tanimoto;local_site_identity	0.165841584	0.5	1
G3S-3e5852180ea6848b	G3S-82da8121de6eeecd	local_site_identity	0.164643399	0.515151515	0.333333333
G3S-3e5852180ea6848b	G3S-8379ede84125ecb5	ligand_tanimoto;local_site_identity	0.164643399	0.515151515	0.408163265
G3S-3e5852180ea6848b	G3S-8447070a69d51ab5	exact_nonempty_scaffold;ligand_tanimoto;local_site_identity;shared_measurement_publication	0.226530612	0.517241379	1
G3S-3e5852180ea6848b	G3S-8908716879facb98	exact_nonempty_scaffold;ligand_tanimoto;local_site_identity	0.164643399	0.515151515	1
G3S-3e5852180ea6848b	G3S-96b21ba0d0525be3	exact_nonempty_scaffold;ligand_tanimoto;shared_measurement_publication	0.232250301	0.457142857	1
G3S-3e5852180ea6848b	G3S-a5df04a0e400b0db	exact_nonempty_scaffold;ligand_tanimoto;shared_measurement_publication	0.169477234	0.482758621	1
G3S-3e5852180ea6848b	G3S-a607f21d0b792e74	exact_nonempty_scaffold;ligand_tanimoto	0.234404537	0.464285714	1
G3S-3e5852180ea6848b	G3S-a8d224cda1a84a3f	exact_nonempty_scaffold;ligand_tanimoto	0.14962963	0.413793103	1
G3S-3e5852180ea6848b	G3S-a96a5730efc90a42	exact_nonempty_scaffold;ligand_tanimoto	0.192070485	0.266666667	1
G3S-3e5852180ea6848b	G3S-accf02b6dbaa6894	ligand_tanimoto	0.22832981	0.363636364	0.666666667
G3S-3e5852180ea6848b	G3S-b96988cabeb69917	exact_nonempty_scaffold;ligand_tanimoto	0.22832981	0.333333333	1
G3S-3e5852180ea6848b	G3S-ba437efd56c85d19	local_site_identity	0.164643399	0.515151515	0.333333333
G3S-3e5852180ea6848b	G3S-bd97b6205fe27668	exact_nonempty_scaffold;ligand_tanimoto	0.187631027	0.285714286	1
G3S-3e5852180ea6848b	G3S-c5d1969627a8c3f1	exact_nonempty_scaffold;ligand_tanimoto	0.187744459	0.321428571	1
G3S-3e5852180ea6848b	G3S-c6c69878bad91dca	exact_nonempty_scaffold;ligand_tanimoto	0.223803364	0.333333333	1
G3S-3e5852180ea6848b	G3S-cac62a85af1d2834	exact_nonempty_scaffold;ligand_tanimoto	0.149538462	0.46875	1
G3S-3e5852180ea6848b	G3S-d1de2bf2f08fcf46	exact_nonempty_scaffold;ligand_tanimoto	0.229639519	0.419354839	1
G3S-3e5852180ea6848b	G3S-d207c324846b2507	exact_nonempty_scaffold;ligand_tanimoto	0.213051823	0.25	1
G3S-3e5852180ea6848b	G3S-d3c114d403b4f6e6	ligand_tanimoto	0.223803364	0.333333333	0.380952381
G3S-3e5852180ea6848b	G3S-d587ea9877aeacf1	exact_nonempty_scaffold;ligand_tanimoto;local_site_identity	0.164643399	0.515151515	1
G3S-3e5852180ea6848b	G3S-d5eff434a516ab97	exact_nonempty_scaffold;ligand_tanimoto	0.232250301	0.457142857	1
G3S-3e5852180ea6848b	G3S-da6a7a5b92d16f5d	ligand_tanimoto;local_site_identity	0.164643399	0.515151515	0.476923077
G3S-3e5852180ea6848b	G3S-dc79a9836344f3ec	exact_nonempty_scaffold;ligand_tanimoto;local_site_identity;shared_measurement_publication	0.217831814	0.517241379	1
G3S-3e5852180ea6848b	G3S-dd8aacb779840031	ligand_tanimoto;local_site_identity	0.279411765	0.517241379	0.573333333
G3S-3e5852180ea6848b	G3S-de2a24cde8ae391c	exact_nonempty_scaffold;ligand_tanimoto	0.224696356	0.4	1
G3S-3e5852180ea6848b	G3S-e3b2a2841a5b18a5	exact_nonempty_scaffold;ligand_tanimoto	0.19588551	0.424242424	1
G3S-3e5852180ea6848b	G3S-e710b4e67d7724f9	exact_nonempty_scaffold;ligand_tanimoto;local_site_identity;shared_measurement_publication	0.164643399	0.515151515	1
G3S-3e5852180ea6848b	G3S-f2318d3b76296c29	exact_nonempty_scaffold;ligand_tanimoto;local_site_identity	0.165841584	0.5	1
G3S-3e5852180ea6848b	G3S-f4966ebce19de7c0	exact_nonempty_scaffold;ligand_tanimoto;shared_measurement_publication	0.19588551	0.424242424	1
G3S-3e5852180ea6848b	G3S-f9b101ab9b60896c	ligand_tanimoto	0.192070485	0.266666667	0.558441558
G3S-3e5852180ea6848b	G3S-fb6cb3a33814d85e	local_site_identity	0.211091234	0.551724138	0.325301205
G3S-3e5852180ea6848b	G3S-fc8dc45b48055767	exact_nonempty_scaffold;ligand_tanimoto;local_site_identity;shared_measurement_publication	0.194244604	0.5	1
G3S-40a467bbafdc73d8	G3S-49ed2ea8183b105c	exact_nonempty_scaffold;ligand_tanimoto;local_site_identity	0.281337047	0.666666667	1
G3S-40a467bbafdc73d8	G3S-4f4f25ce439afb73	exact_nonempty_scaffold;ligand_tanimoto;local_site_identity	0.281337047	0.615384615	1
G3S-40a467bbafdc73d8	G3S-59125c7fdb97217d	exact_nonempty_scaffold;exact_target_sequence;full_sequence_identity;ligand_tanimoto;local_site_identity	1	0.692307692	1
G3S-40a467bbafdc73d8	G3S-8468ef8a559bdade	exact_nonempty_scaffold;exact_target_sequence;full_sequence_identity;ligand_tanimoto;local_site_identity	1	0.958333333	1
G3S-40a467bbafdc73d8	G3S-86c78a56d4596857	exact_nonempty_scaffold;full_sequence_identity;ligand_tanimoto;local_site_identity	0.30362117	0.625	1
G3S-40a467bbafdc73d8	G3S-9d3d506752fabc29	exact_nonempty_scaffold;exact_target_sequence;full_sequence_identity;ligand_tanimoto;local_site_identity	1	0.958333333	1
G3S-40a467bbafdc73d8	G3S-a5f8f9b4623f1ec1	exact_nonempty_scaffold;full_sequence_identity;ligand_tanimoto;local_site_identity	0.315789474	0.739130435	1
G3S-40a467bbafdc73d8	G3S-aaae27c9c7a68a3a	full_sequence_identity;local_site_identity	0.30362117	0.608695652	0.311688312
G3S-40a467bbafdc73d8	G3S-adf3d9017899d822	exact_nonempty_scaffold	0.22606383	0.153846154	0.291666667
G3S-40a467bbafdc73d8	G3S-b47e17893c82aca6	ligand_tanimoto	0.21253406	0.173913043	0.36
G3S-40a467bbafdc73d8	G3S-b4e4bb5af0b8b2c1	exact_nonempty_scaffold	0.22606383	0.153846154	0.291666667
G3S-40a467bbafdc73d8	G3S-b66b7652f5b1d01d	local_site_identity	0.281337047	0.652173913	0.311688312
G3S-40a467bbafdc73d8	G3S-bd2cdfe90c8aa7fa	exact_nonempty_scaffold;full_sequence_identity;ligand_tanimoto;local_site_identity;shared_measurement_publication	0.315789474	0.739130435	1
G3S-40a467bbafdc73d8	G3S-be927832aa68b7af	ligand_tanimoto	0.171830986	0	0.356164384
G3S-40a467bbafdc73d8	G3S-beb8359aa320987f	exact_nonempty_scaffold;ligand_tanimoto;local_site_identity;shared_measurement_publication	0.281337047	0.652173913	1
G3S-40a467bbafdc73d8	G3S-cb1dbf771699bf3f	exact_nonempty_scaffold;ligand_tanimoto;local_site_identity	0.281337047	0.64	1
G3S-40a467bbafdc73d8	G3S-d15243e290ebeba6	exact_nonempty_scaffold;full_sequence_identity;ligand_tanimoto;local_site_identity	0.30362117	0.576923077	1
G3S-40a467bbafdc73d8	G3S-d2858f5dc6d0d6d2	exact_nonempty_scaffold;ligand_tanimoto;local_site_identity	0.281337047	0.551724138	1
G3S-40a467bbafdc73d8	G3S-d392e1d59c314666	exact_nonempty_scaffold;ligand_tanimoto;local_site_identity	0.281337047	0.571428571	1
G3S-40a467bbafdc73d8	G3S-d82e40f7bc270eb2	exact_nonempty_scaffold;full_sequence_identity;ligand_tanimoto;local_site_identity;shared_measurement_publication	0.30362117	0.625	1
G3S-40a467bbafdc73d8	G3S-df91bc0fd4e2076d	exact_nonempty_scaffold;full_sequence_identity;ligand_tanimoto;local_site_identity	0.315789474	0.739130435	1
G3S-40a467bbafdc73d8	G3S-e7f816aed727534b	exact_nonempty_scaffold;ligand_tanimoto;local_site_identity;shared_measurement_publication	0.281337047	0.64	1
G3S-40a467bbafdc73d8	G3S-eb73c8235716ab91	exact_nonempty_scaffold;ligand_tanimoto;local_site_identity	0.281337047	0.625	1
G3S-40a467bbafdc73d8	G3S-ee6c97e67f1fb0d7	exact_nonempty_scaffold;full_sequence_identity;ligand_tanimoto;local_site_identity	0.30362117	0.625	1
G3S-40a467bbafdc73d8	G3S-eea0596469e3b875	exact_nonempty_scaffold;ligand_tanimoto;local_site_identity	0.281337047	0.625	1
G3S-40aaf3872e7ba482	G3S-7d63354277860a98	local_site_identity	0.299511002	0.64	0.191176471
G3S-40aaf3872e7ba482	G3S-82d2cb1cb942342d	local_site_identity	0.299511002	0.615384615	0.275
G3S-40aaf3872e7ba482	G3S-d51a503970da5ba2	ligand_tanimoto;local_site_identity	0.299511002	0.615384615	0.55
G3S-4273fdd1b3b53cb7	G3S-430a406ff1fdb9e6	exact_nonempty_scaffold;ligand_tanimoto	0.199594732	0.25	1
G3S-4273fdd1b3b53cb7	G3S-45df1c88b560ec4f	exact_nonempty_scaffold;ligand_tanimoto	0.194992413	0.322580645	1
G3S-4273fdd1b3b53cb7	G3S-46586ac6273ff065	exact_nonempty_scaffold;ligand_tanimoto;shared_measurement_publication	0.208624709	0.366666667	1
G3S-4273fdd1b3b53cb7	G3S-4c1b91d17d81423a	exact_nonempty_scaffold;ligand_tanimoto;shared_measurement_publication	0.178082192	0.285714286	1
G3S-4273fdd1b3b53cb7	G3S-4e6759c45d9a6b9b	exact_nonempty_scaffold;ligand_tanimoto	0.208588957	0.266666667	1
G3S-4273fdd1b3b53cb7	G3S-502e01631feedf35	exact_nonempty_scaffold;ligand_tanimoto;shared_measurement_publication	0.224770642	0.413793103	1
G3S-4273fdd1b3b53cb7	G3S-55930eb8673c0eee	exact_nonempty_scaffold;ligand_tanimoto;shared_measurement_publication	0.225	0.357142857	1
G3S-4273fdd1b3b53cb7	G3S-5dd0b4d457e8529a	exact_nonempty_scaffold;ligand_tanimoto	0.1872	0.366666667	1
G3S-4273fdd1b3b53cb7	G3S-69e1fcfda0e309e8	exact_nonempty_scaffold;ligand_tanimoto;shared_measurement_publication	0.214916585	0.448275862	1
G3S-4273fdd1b3b53cb7	G3S-6e529abe43b8b245	exact_nonempty_scaffold;ligand_tanimoto;shared_measurement_publication	0.209380235	0.344827586	1
G3S-4273fdd1b3b53cb7	G3S-780095ecb7b0162a	exact_nonempty_scaffold;ligand_tanimoto;shared_measurement_publication	0.225721785	0.275862069	1
G3S-4273fdd1b3b53cb7	G3S-7a52256b4ab19efa	exact_nonempty_scaffold;ligand_tanimoto;shared_measurement_publication	0.227048371	0.413793103	1
G3S-4273fdd1b3b53cb7	G3S-7ad16b5be174b17e	exact_nonempty_scaffold;ligand_tanimoto	0.208588957	0.214285714	1
G3S-4273fdd1b3b53cb7	G3S-7c94d7d05a9d2f85	exact_nonempty_scaffold;ligand_tanimoto;shared_measurement_publication	0.243684993	0.451612903	1
G3S-4273fdd1b3b53cb7	G3S-7f4093cbfc6a5ba7	exact_nonempty_scaffold;ligand_tanimoto	0.1872	0.333333333	1
G3S-4273fdd1b3b53cb7	G3S-82da8121de6eeecd	exact_nonempty_scaffold;ligand_tanimoto	0.194992413	0.322580645	1
G3S-4273fdd1b3b53cb7	G3S-8379ede84125ecb5	exact_nonempty_scaffold;ligand_tanimoto	0.194992413	0.322580645	1
G3S-4273fdd1b3b53cb7	G3S-8447070a69d51ab5	exact_nonempty_scaffold;ligand_tanimoto	0.227048371	0.413793103	1
G3S-4273fdd1b3b53cb7	G3S-8908716879facb98	exact_nonempty_scaffold;ligand_tanimoto	0.194992413	0.322580645	1
G3S-4273fdd1b3b53cb7	G3S-96b21ba0d0525be3	exact_nonempty_scaffold;ligand_tanimoto	0.210892236	0.272727273	1
G3S-4273fdd1b3b53cb7	G3S-a5df04a0e400b0db	exact_nonempty_scaffold;ligand_tanimoto	0.209380235	0.344827586	1
G3S-4273fdd1b3b53cb7	G3S-a607f21d0b792e74	exact_nonempty_scaffold;ligand_tanimoto;local_site_identity;shared_measurement_publication	0.224242424	0.5	1
G3S-4273fdd1b3b53cb7	G3S-a8d224cda1a84a3f	exact_nonempty_scaffold;ligand_tanimoto;shared_measurement_publication	0.199406968	0.366666667	1
G3S-4273fdd1b3b53cb7	G3S-a96a5730efc90a42	exact_nonempty_scaffold;ligand_tanimoto;shared_measurement_publication	0.188306105	0.363636364	1
G3S-4273fdd1b3b53cb7	G3S-b96988cabeb69917	exact_nonempty_scaffold;ligand_tanimoto;shared_measurement_publication	0.204172876	0.142857143	1
G3S-4273fdd1b3b53cb7	G3S-bd97b6205fe27668	exact_nonempty_scaffold;ligand_tanimoto;shared_measurement_publication	0.218623482	0.321428571	1
G3S-4273fdd1b3b53cb7	G3S-c5d1969627a8c3f1	exact_nonempty_scaffold;ligand_tanimoto;shared_measurement_publication	0.201765448	0.285714286	1
G3S-4273fdd1b3b53cb7	G3S-c6c69878bad91dca	exact_nonempty_scaffold;ligand_tanimoto;shared_measurement_publication	0.235995232	0.363636364	1
G3S-4273fdd1b3b53cb7	G3S-cac62a85af1d2834	exact_nonempty_scaffold;ligand_tanimoto;shared_measurement_publication	0.179864948	0.333333333	1
G3S-4273fdd1b3b53cb7	G3S-d183c9dc36c1eaef	ligand_tanimoto	0.217717718	0.344827586	0.391304348
G3S-4273fdd1b3b53cb7	G3S-d1de2bf2f08fcf46	exact_nonempty_scaffold;ligand_tanimoto;shared_measurement_publication	0.245	0.321428571	1
G3S-4273fdd1b3b53cb7	G3S-d207c324846b2507	exact_nonempty_scaffold;ligand_tanimoto;shared_measurement_publication	0.19515885	0.162162162	1
G3S-4273fdd1b3b53cb7	G3S-d587ea9877aeacf1	exact_nonempty_scaffold;ligand_tanimoto;shared_measurement_publication	0.194992413	0.322580645	1
G3S-4273fdd1b3b53cb7	G3S-d5eff434a516ab97	exact_nonempty_scaffold;ligand_tanimoto;shared_measurement_publication	0.210892236	0.272727273	1
G3S-4273fdd1b3b53cb7	G3S-dc79a9836344f3ec	exact_nonempty_scaffold;ligand_tanimoto	0.214916585	0.448275862	1
G3S-4273fdd1b3b53cb7	G3S-dd8aacb779840031	exact_nonempty_scaffold;ligand_tanimoto	0.188449848	0.413793103	1
G3S-4273fdd1b3b53cb7	G3S-de2a24cde8ae391c	exact_nonempty_scaffold;ligand_tanimoto;shared_measurement_publication	0.214355949	0.4	1
G3S-4273fdd1b3b53cb7	G3S-e3b2a2841a5b18a5	exact_nonempty_scaffold;ligand_tanimoto;shared_measurement_publication	0.209424084	0.375	1
G3S-4273fdd1b3b53cb7	G3S-e710b4e67d7724f9	exact_nonempty_scaffold;ligand_tanimoto	0.194992413	0.322580645	1
G3S-4273fdd1b3b53cb7	G3S-f2318d3b76296c29	exact_nonempty_scaffold;ligand_tanimoto	0.1872	0.333333333	1
G3S-4273fdd1b3b53cb7	G3S-f4966ebce19de7c0	exact_nonempty_scaffold;ligand_tanimoto	0.209424084	0.375	1
G3S-4273fdd1b3b53cb7	G3S-f9b101ab9b60896c	exact_nonempty_scaffold;ligand_tanimoto	0.188306105	0.363636364	1
G3S-4273fdd1b3b53cb7	G3S-fc8dc45b48055767	exact_nonempty_scaffold;ligand_tanimoto	0.212830957	0.392857143	1
G3S-430a406ff1fdb9e6	G3S-45df1c88b560ec4f	exact_nonempty_scaffold;ligand_tanimoto;local_site_identity	0.258788332	0.517241379	1
G3S-430a406ff1fdb9e6	G3S-46586ac6273ff065	exact_nonempty_scaffold;ligand_tanimoto	0.207207207	0.321428571	1
G3S-430a406ff1fdb9e6	G3S-4e6759c45d9a6b9b	exact_nonempty_scaffold;ligand_tanimoto	0.172020725	0.192307692	1
G3S-430a406ff1fdb9e6	G3S-502e01631feedf35	exact_nonempty_scaffold;ligand_tanimoto	0.184346035	0.285714286	1
G3S-430a406ff1fdb9e6	G3S-55930eb8673c0eee	exact_nonempty_scaffold;ligand_tanimoto	0.215885947	0.230769231	1
G3S-430a406ff1fdb9e6	G3S-5dd0b4d457e8529a	exact_nonempty_scaffold;ligand_tanimoto	0.21835443	0.387096774	1
G3S-430a406ff1fdb9e6	G3S-6e529abe43b8b245	exact_nonempty_scaffold;ligand_tanimoto	0.224655312	0.296296296	1
G3S-430a406ff1fdb9e6	G3S-7c94d7d05a9d2f85	exact_nonempty_scaffold;ligand_tanimoto	0.197969543	0.357142857	1
G3S-430a406ff1fdb9e6	G3S-7f4093cbfc6a5ba7	exact_nonempty_scaffold;ligand_tanimoto	0.21835443	0.387096774	1
G3S-430a406ff1fdb9e6	G3S-82da8121de6eeecd	exact_nonempty_scaffold;ligand_tanimoto;local_site_identity;shared_measurement_publication	0.258788332	0.517241379	1
G3S-430a406ff1fdb9e6	G3S-8379ede84125ecb5	exact_nonempty_scaffold;ligand_tanimoto;local_site_identity	0.258788332	0.517241379	1
G3S-430a406ff1fdb9e6	G3S-8908716879facb98	exact_nonempty_scaffold;ligand_tanimoto;local_site_identity	0.258788332	0.517241379	1
G3S-430a406ff1fdb9e6	G3S-96b21ba0d0525be3	exact_nonempty_scaffold;ligand_tanimoto	0.209478673	0.303030303	1
G3S-430a406ff1fdb9e6	G3S-a5df04a0e400b0db	exact_nonempty_scaffold;ligand_tanimoto	0.224655312	0.296296296	1
G3S-430a406ff1fdb9e6	G3S-a607f21d0b792e74	exact_nonempty_scaffold;ligand_tanimoto;local_site_identity	0.205154639	0.56	1
G3S-430a406ff1fdb9e6	G3S-a8d224cda1a84a3f	exact_nonempty_scaffold;ligand_tanimoto	0.207478006	0.259259259	1
G3S-430a406ff1fdb9e6	G3S-a96a5730efc90a42	exact_nonempty_scaffold;ligand_tanimoto	0.21547421	0.266666667	1
G3S-430a406ff1fdb9e6	G3S-adf3d9017899d822	ligand_tanimoto	0.16185567	0.115384615	0.362068966
G3S-430a406ff1fdb9e6	G3S-b4e4bb5af0b8b2c1	ligand_tanimoto	0.16185567	0.115384615	0.362068966
G3S-430a406ff1fdb9e6	G3S-ba437efd56c85d19	exact_nonempty_scaffold;ligand_tanimoto;local_site_identity	0.258788332	0.517241379	1
G3S-430a406ff1fdb9e6	G3S-bd97b6205fe27668	exact_nonempty_scaffold;ligand_tanimoto	0.223992502	0.384615385	1
G3S-430a406ff1fdb9e6	G3S-c5d1969627a8c3f1	exact_nonempty_scaffold;ligand_tanimoto	0.208292201	0.307692308	1
G3S-430a406ff1fdb9e6	G3S-c6c69878bad91dca	ligand_tanimoto	0.225365854	0.225806452	0.478873239
G3S-430a406ff1fdb9e6	G3S-cac62a85af1d2834	exact_nonempty_scaffold;ligand_tanimoto	0.201460743	0.321428571	1
G3S-430a406ff1fdb9e6	G3S-d1de2bf2f08fcf46	exact_nonempty_scaffold;ligand_tanimoto	0.206861756	0.333333333	1
G3S-430a406ff1fdb9e6	G3S-d3c114d403b4f6e6	ligand_tanimoto	0.225365854	0.225806452	0.410958904
G3S-430a406ff1fdb9e6	G3S-d587ea9877aeacf1	exact_nonempty_scaffold;ligand_tanimoto;local_site_identity	0.258788332	0.517241379	1
G3S-430a406ff1fdb9e6	G3S-d5eff434a516ab97	exact_nonempty_scaffold;ligand_tanimoto	0.209478673	0.303030303	1
G3S-430a406ff1fdb9e6	G3S-da6a7a5b92d16f5d	exact_nonempty_scaffold;ligand_tanimoto;local_site_identity	0.258788332	0.517241379	1
G3S-430a406ff1fdb9e6	G3S-de2a24cde8ae391c	exact_nonempty_scaffold;ligand_tanimoto	0.209090909	0.2	1
G3S-430a406ff1fdb9e6	G3S-e3b2a2841a5b18a5	ligand_tanimoto	0.215008432	0.242424242	0.597402597
G3S-430a406ff1fdb9e6	G3S-e710b4e67d7724f9	exact_nonempty_scaffold;ligand_tanimoto;local_site_identity	0.258788332	0.517241379	1
G3S-430a406ff1fdb9e6	G3S-f2318d3b76296c29	exact_nonempty_scaffold;ligand_tanimoto	0.21835443	0.387096774	1
G3S-430a406ff1fdb9e6	G3S-f4966ebce19de7c0	exact_nonempty_scaffold;ligand_tanimoto	0.215008432	0.242424242	1
G3S-430a406ff1fdb9e6	G3S-f9b101ab9b60896c	ligand_tanimoto	0.21547421	0.266666667	0.541176471
G3S-430a406ff1fdb9e6	G3S-fb7593ab116f7278	exact_nonempty_scaffold	0.139148494	0.153846154	0.285714286
G3S-430a406ff1fdb9e6	G3S-fc8dc45b48055767	exact_nonempty_scaffold;ligand_tanimoto;local_site_identity	0.239028945	0.5	1
G3S-43586287a9be2906	G3S-51759ead81a2003d	exact_nonempty_scaffold;ligand_tanimoto	0.180602007	0.19047619	0.361702128
G3S-43586287a9be2906	G3S-88577c122fa18c76	exact_nonempty_scaffold	0.155606407	0.142857143	0.112903226
G3S-43586287a9be2906	G3S-ab9150ed0ce52416	exact_nonempty_scaffold	0.123030758	0.0952380952	0.169491525
G3S-449b0375368ffc0f	G3S-45df1c88b560ec4f	ligand_tanimoto	0.162100457	0.103448276	0.350649351
G3S-449b0375368ffc0f	G3S-5848d835f7a47085	exact_target_sequence;full_sequence_identity;ligand_tanimoto	1	0.294117647	0.369565217
G3S-449b0375368ffc0f	G3S-5dd0b4d457e8529a	ligand_tanimoto	0.171052632	0.115384615	0.350649351
G3S-449b0375368ffc0f	G3S-6e529abe43b8b245	ligand_tanimoto	0.178451178	0.0740740741	0.350649351
G3S-449b0375368ffc0f	G3S-7258bf496c1f8d25	ligand_tanimoto	0.216887417	0.148148148	0.359375
G3S-449b0375368ffc0f	G3S-7d63354277860a98	exact_nonempty_scaffold	0.203504043	0.185185185	0.310344828
G3S-449b0375368ffc0f	G3S-83ba16a2ad335359	ligand_tanimoto	0.19391635	0.222222222	0.488372093
G3S-449b0375368ffc0f	G3S-8c3d32f3825ec8c3	ligand_tanimoto	0.217204301	0.0967741935	0.365079365
G3S-449b0375368ffc0f	G3S-a5df04a0e400b0db	ligand_tanimoto	0.178451178	0.0740740741	0.350649351
G3S-449b0375368ffc0f	G3S-c6c69878bad91dca	ligand_tanimoto	0.218829517	0.133333333	0.350649351
G3S-449b0375368ffc0f	G3S-d1bbafed8d4f34cf	ligand_tanimoto	0.191634241	0.129032258	0.359375
G3S-449b0375368ffc0f	G3S-d587ea9877aeacf1	ligand_tanimoto	0.162100457	0.103448276	0.350649351
G3S-449b0375368ffc0f	G3S-e710b4e67d7724f9	ligand_tanimoto	0.162100457	0.103448276	0.350649351
G3S-449b0375368ffc0f	G3S-fe0860941e1bd481	ligand_tanimoto	0.11546841	0.206896552	0.519230769
G3S-45df1c88b560ec4f	G3S-46586ac6273ff065	exact_nonempty_scaffold;ligand_tanimoto	0.212415856	0.172413793	1
G3S-45df1c88b560ec4f	G3S-4c1b91d17d81423a	exact_nonempty_scaffold;ligand_tanimoto	0.117021277	0.35483871	1
G3S-45df1c88b560ec4f	G3S-4e6759c45d9a6b9b	exact_nonempty_scaffold;ligand_tanimoto	0.148063781	0.366666667	1
G3S-45df1c88b560ec4f	G3S-502e01631feedf35	exact_nonempty_scaffold;ligand_tanimoto;local_site_identity	0.164643399	0.515151515	1
G3S-45df1c88b560ec4f	G3S-55930eb8673c0eee	exact_nonempty_scaffold;ligand_tanimoto	0.183472328	0.333333333	1
G3S-45df1c88b560ec4f	G3S-5848d835f7a47085	exact_nonempty_scaffold	0.162100457	0.166666667	0.191489362
G3S-45df1c88b560ec4f	G3S-5dd0b4d457e8529a	exact_nonempty_scaffold;ligand_tanimoto	0.217849613	0.4	1
G3S-45df1c88b560ec4f	G3S-69e1fcfda0e309e8	exact_nonempty_scaffold;ligand_tanimoto	0.222794118	0.344827586	1
G3S-45df1c88b560ec4f	G3S-6e529abe43b8b245	exact_nonempty_scaffold;ligand_tanimoto	0.234385965	0.4	1
G3S-45df1c88b560ec4f	G3S-780095ecb7b0162a	exact_nonempty_scaffold;ligand_tanimoto	0.187878788	0.275862069	1
G3S-45df1c88b560ec4f	G3S-7a52256b4ab19efa	exact_nonempty_scaffold;ligand_tanimoto	0.213352685	0.333333333	1
G3S-45df1c88b560ec4f	G3S-7c94d7d05a9d2f85	exact_nonempty_scaffold;ligand_tanimoto	0.180988593	0.419354839	1
G3S-45df1c88b560ec4f	G3S-7f4093cbfc6a5ba7	exact_nonempty_scaffold;ligand_tanimoto	0.217849613	0.433333333	1
G3S-45df1c88b560ec4f	G3S-82da8121de6eeecd	exact_nonempty_scaffold;exact_target_sequence;full_sequence_identity;ligand_tanimoto;local_site_identity;shared_reference_structure_publication	1	1	1
G3S-45df1c88b560ec4f	G3S-8379ede84125ecb5	exact_nonempty_scaffold;exact_target_sequence;full_sequence_identity;ligand_tanimoto;local_site_identity;shared_reference_structure_publication	1	1	1
G3S-45df1c88b560ec4f	G3S-8447070a69d51ab5	exact_nonempty_scaffold;ligand_tanimoto	0.213352685	0.333333333	1
G3S-45df1c88b560ec4f	G3S-8908716879facb98	exact_nonempty_scaffold;exact_target_sequence;full_sequence_identity;ligand_tanimoto;local_site_identity;shared_reference_structure_publication	1	1	1
G3S-45df1c88b560ec4f	G3S-96b21ba0d0525be3	exact_nonempty_scaffold;ligand_tanimoto	0.20045045	0.27027027	1
G3S-45df1c88b560ec4f	G3S-a5df04a0e400b0db	exact_nonempty_scaffold;ligand_tanimoto	0.234385965	0.4	1
G3S-45df1c88b560ec4f	G3S-a607f21d0b792e74	exact_nonempty_scaffold;ligand_tanimoto	0.171082513	0.482758621	1
G3S-45df1c88b560ec4f	G3S-a8d224cda1a84a3f	exact_nonempty_scaffold;ligand_tanimoto	0.219905851	0.333333333	1
G3S-45df1c88b560ec4f	G3S-a96a5730efc90a42	exact_nonempty_scaffold;ligand_tanimoto	0.219928826	0.137931034	1
G3S-45df1c88b560ec4f	G3S-accf02b6dbaa6894	ligand_tanimoto	0.148288973	0.28125	0.666666667
G3S-45df1c88b560ec4f	G3S-adf3d9017899d822	ligand_tanimoto	0.12890923	0.137931034	0.362068966
G3S-45df1c88b560ec4f	G3S-b4e4bb5af0b8b2c1	ligand_tanimoto	0.12890923	0.137931034	0.362068966
G3S-45df1c88b560ec4f	G3S-b96988cabeb69917	exact_nonempty_scaffold;ligand_tanimoto	0.148288973	0.344827586	1
G3S-45df1c88b560ec4f	G3S-ba437efd56c85d19	exact_nonempty_scaffold;exact_target_sequence;full_sequence_identity;ligand_tanimoto;local_site_identity;shared_reference_structure_publication	1	1	1
G3S-45df1c88b560ec4f	G3S-bd97b6205fe27668	exact_nonempty_scaffold;ligand_tanimoto	0.227442207	0.206896552	1
G3S-45df1c88b560ec4f	G3S-c5d1969627a8c3f1	exact_nonempty_scaffold;ligand_tanimoto	0.200598802	0.333333333	1
G3S-45df1c88b560ec4f	G3S-c6c69878bad91dca	exact_nonempty_scaffold;ligand_tanimoto	0.199091597	0.342857143	1
G3S-45df1c88b560ec4f	G3S-cac62a85af1d2834	exact_nonempty_scaffold;ligand_tanimoto	0.21398933	0.375	1
G3S-45df1c88b560ec4f	G3S-d1de2bf2f08fcf46	exact_nonempty_scaffold;ligand_tanimoto	0.201959307	0.4375	1
G3S-45df1c88b560ec4f	G3S-d207c324846b2507	exact_nonempty_scaffold;ligand_tanimoto	0.171341926	0.172413793	1
G3S-45df1c88b560ec4f	G3S-d3c114d403b4f6e6	ligand_tanimoto	0.199091597	0.342857143	0.410958904
G3S-45df1c88b560ec4f	G3S-d587ea9877aeacf1	exact_nonempty_scaffold;exact_target_sequence;full_sequence_identity;ligand_tanimoto;local_site_identity;shared_reference_structure_publication	1	1	1
G3S-45df1c88b560ec4f	G3S-d5eff434a516ab97	exact_nonempty_scaffold;ligand_tanimoto	0.20045045	0.27027027	1
G3S-45df1c88b560ec4f	G3S-da6a7a5b92d16f5d	exact_nonempty_scaffold;exact_target_sequence;full_sequence_identity;ligand_tanimoto;local_site_identity;shared_reference_structure_publication	1	1	1
G3S-45df1c88b560ec4f	G3S-dc79a9836344f3ec	exact_nonempty_scaffold;ligand_tanimoto	0.222794118	0.344827586	1
G3S-45df1c88b560ec4f	G3S-dd8aacb779840031	ligand_tanimoto	0.119755912	0.333333333	0.573333333
G3S-45df1c88b560ec4f	G3S-de2a24cde8ae391c	exact_nonempty_scaffold;ligand_tanimoto	0.216196137	0.366666667	1
G3S-45df1c88b560ec4f	G3S-e3b2a2841a5b18a5	exact_nonempty_scaffold;ligand_tanimoto	0.227140784	0.266666667	1
G3S-45df1c88b560ec4f	G3S-e710b4e67d7724f9	exact_nonempty_scaffold;exact_target_sequence;full_sequence_identity;ligand_tanimoto;local_site_identity;shared_reference_structure_publication	1	1	1
G3S-45df1c88b560ec4f	G3S-f2318d3b76296c29	exact_nonempty_scaffold;ligand_tanimoto;shared_measurement_publication	0.217849613	0.433333333	1
G3S-45df1c88b560ec4f	G3S-f4966ebce19de7c0	exact_nonempty_scaffold;ligand_tanimoto	0.227140784	0.266666667	1
G3S-45df1c88b560ec4f	G3S-f9b101ab9b60896c	ligand_tanimoto	0.219928826	0.137931034	0.558441558
G3S-45df1c88b560ec4f	G3S-fb7593ab116f7278	exact_nonempty_scaffold	0.111195735	0.103448276	0.267605634
G3S-45df1c88b560ec4f	G3S-fc8dc45b48055767	exact_nonempty_scaffold;ligand_tanimoto	0.215859031	0.413793103	1
G3S-46586ac6273ff065	G3S-4c1b91d17d81423a	exact_nonempty_scaffold;ligand_tanimoto;shared_measurement_publication	0.165249089	0.321428571	1
G3S-46586ac6273ff065	G3S-4e6759c45d9a6b9b	exact_nonempty_scaffold;ligand_tanimoto	0.188457008	0.259259259	1
G3S-46586ac6273ff065	G3S-502e01631feedf35	exact_nonempty_scaffold;ligand_tanimoto;shared_measurement_publication	0.249097473	0.206896552	1
G3S-46586ac6273ff065	G3S-55930eb8673c0eee	exact_nonempty_scaffold;ligand_tanimoto;shared_measurement_publication	0.27014218	0.206896552	1
G3S-46586ac6273ff065	G3S-5dd0b4d457e8529a	exact_nonempty_scaffold;ligand_tanimoto	0.195826645	0.275862069	1
G3S-46586ac6273ff065	G3S-69e1fcfda0e309e8	exact_nonempty_scaffold;ligand_tanimoto;shared_measurement_publication	0.261655566	0.285714286	1
G3S-46586ac6273ff065	G3S-6e529abe43b8b245	exact_nonempty_scaffold;ligand_tanimoto;shared_measurement_publication	0.221854305	0.233333333	1
G3S-46586ac6273ff065	G3S-6f45b1bb0dddfac7	local_site_identity	0.252794497	0.5	0.227272727
G3S-46586ac6273ff065	G3S-72740991b3279a1e	exact_nonempty_scaffold;ligand_tanimoto	0.131976362	0.111111111	1
G3S-46586ac6273ff065	G3S-780095ecb7b0162a	exact_nonempty_scaffold;ligand_tanimoto;shared_measurement_publication	0.26439483	0.444444444	1
G3S-46586ac6273ff065	G3S-7a52256b4ab19efa	exact_nonempty_scaffold;ligand_tanimoto;shared_measurement_publication	0.266090298	0.258064516	1
G3S-46586ac6273ff065	G3S-7ad16b5be174b17e	exact_nonempty_scaffold;ligand_tanimoto	0.188457008	0.333333333	1
G3S-46586ac6273ff065	G3S-7c94d7d05a9d2f85	exact_nonempty_scaffold;ligand_tanimoto;shared_measurement_publication	0.265424913	0.25	1
G3S-46586ac6273ff065	G3S-7f4093cbfc6a5ba7	exact_nonempty_scaffold;ligand_tanimoto	0.195826645	0.275862069	1
G3S-46586ac6273ff065	G3S-82da8121de6eeecd	exact_nonempty_scaffold;ligand_tanimoto	0.212415856	0.172413793	1
G3S-46586ac6273ff065	G3S-8379ede84125ecb5	ligand_tanimoto	0.212415856	0.172413793	0.75
G3S-46586ac6273ff065	G3S-8447070a69d51ab5	exact_nonempty_scaffold;ligand_tanimoto	0.266090298	0.258064516	1
G3S-46586ac6273ff065	G3S-8908716879facb98	exact_nonempty_scaffold;ligand_tanimoto	0.212415856	0.172413793	1
G3S-46586ac6273ff065	G3S-96b21ba0d0525be3	exact_nonempty_scaffold;ligand_tanimoto	0.274157303	0.25	1
G3S-46586ac6273ff065	G3S-a5df04a0e400b0db	exact_nonempty_scaffold;ligand_tanimoto	0.221854305	0.233333333	1
G3S-46586ac6273ff065	G3S-a607f21d0b792e74	exact_nonempty_scaffold;ligand_tanimoto;shared_measurement_publication	0.215990453	0.357142857	1
G3S-46586ac6273ff065	G3S-a8d224cda1a84a3f	exact_nonempty_scaffold;ligand_tanimoto;shared_measurement_publication	0.199264706	0.266666667	1
G3S-46586ac6273ff065	G3S-a96a5730efc90a42	exact_nonempty_scaffold;ligand_tanimoto;shared_measurement_publication	0.252794497	0.464285714	1
G3S-46586ac6273ff065	G3S-b96988cabeb69917	exact_nonempty_scaffold;ligand_tanimoto;shared_measurement_publication	0.193195626	0.212121212	1
G3S-46586ac6273ff065	G3S-bd97b6205fe27668	exact_nonempty_scaffold;ligand_tanimoto;local_site_identity;shared_measurement_publication	0.24248497	0.555555556	1
G3S-46586ac6273ff065	G3S-c5d1969627a8c3f1	exact_nonempty_scaffold;ligand_tanimoto;shared_measurement_publication	0.203160271	0.37037037	1
G3S-46586ac6273ff065	G3S-c6c69878bad91dca	exact_nonempty_scaffold;ligand_tanimoto;shared_measurement_publication	0.245575221	0.297297297	1
G3S-46586ac6273ff065	G3S-cac62a85af1d2834	exact_nonempty_scaffold;ligand_tanimoto;local_site_identity;shared_measurement_publication	0.219076923	0.571428571	1
G3S-46586ac6273ff065	G3S-d1de2bf2f08fcf46	exact_nonempty_scaffold;ligand_tanimoto;local_site_identity;shared_measurement_publication	0.237179487	0.592592593	1
G3S-46586ac6273ff065	G3S-d207c324846b2507	exact_nonempty_scaffold;ligand_tanimoto;shared_measurement_publication	0.190082645	0.228571429	1
G3S-46586ac6273ff065	G3S-d3c114d403b4f6e6	ligand_tanimoto	0.245575221	0.297297297	0.410714286
G3S-46586ac6273ff065	G3S-d587ea9877aeacf1	exact_nonempty_scaffold;ligand_tanimoto;shared_measurement_publication	0.212415856	0.172413793	1
G3S-46586ac6273ff065	G3S-d5eff434a516ab97	exact_nonempty_scaffold;ligand_tanimoto;shared_measurement_publication	0.274157303	0.25	1
G3S-46586ac6273ff065	G3S-da6a7a5b92d16f5d	exact_nonempty_scaffold;ligand_tanimoto	0.212415856	0.172413793	1
G3S-46586ac6273ff065	G3S-dc79a9836344f3ec	exact_nonempty_scaffold;ligand_tanimoto	0.261655566	0.285714286	1
G3S-46586ac6273ff065	G3S-dd8aacb779840031	exact_nonempty_scaffold;ligand_tanimoto	0.1678487	0.258064516	1
G3S-46586ac6273ff065	G3S-de2a24cde8ae391c	exact_nonempty_scaffold;ligand_tanimoto;shared_measurement_publication	0.259402122	0.357142857	1
G3S-46586ac6273ff065	G3S-e3b2a2841a5b18a5	exact_nonempty_scaffold;ligand_tanimoto;shared_measurement_publication	0.239647577	0.285714286	1
G3S-46586ac6273ff065	G3S-e710b4e67d7724f9	exact_nonempty_scaffold;ligand_tanimoto	0.212415856	0.172413793	1
G3S-46586ac6273ff065	G3S-f2318d3b76296c29	exact_nonempty_scaffold;ligand_tanimoto	0.195826645	0.275862069	1
G3S-46586ac6273ff065	G3S-f4966ebce19de7c0	exact_nonempty_scaffold;ligand_tanimoto	0.239647577	0.285714286	1
G3S-46586ac6273ff065	G3S-f9b101ab9b60896c	exact_nonempty_scaffold;ligand_tanimoto	0.252794497	0.464285714	1
G3S-46586ac6273ff065	G3S-fc8dc45b48055767	exact_nonempty_scaffold;ligand_tanimoto	0.222222222	0.321428571	1
G3S-471c43af0ba04cbb	G3S-6fbd681c38d3a2a2	ligand_tanimoto	0.147314949	0.16	0.430232558
G3S-471c43af0ba04cbb	G3S-743b25bd8ed06539	exact_target_sequence;full_sequence_identity	1	0.173913043	0.198019802
G3S-471c43af0ba04cbb	G3S-9838f6e0d45906f5	exact_target_sequence;full_sequence_identity;ligand_tanimoto;local_site_identity	1	0.75	0.432098765
G3S-471c43af0ba04cbb	G3S-d25ad64514236b8b	exact_target_sequence;full_sequence_identity;ligand_tanimoto;local_site_identity	1	0.736842105	0.432098765
G3S-471c43af0ba04cbb	G3S-da8fc773cdc768de	exact_nonempty_scaffold	0.140762463	0.105263158	0.311688312
G3S-471c43af0ba04cbb	G3S-fb6b9c4b9d6641a2	exact_target_sequence;full_sequence_identity;local_site_identity	1	0.8	0.204081633
G3S-496a96ccb09a0048	G3S-4be267e9de455895	exact_nonempty_scaffold	0.215208034	0.257142857	0.237288136
G3S-496a96ccb09a0048	G3S-517155e5e2356899	exact_nonempty_scaffold	0.23943662	0.129032258	0.25
G3S-496a96ccb09a0048	G3S-51759ead81a2003d	exact_nonempty_scaffold	0.132901135	0.133333333	0.226415094
G3S-496a96ccb09a0048	G3S-57758481291b0ab8	exact_nonempty_scaffold	0.106796117	0.133333333	0.206349206
G3S-496a96ccb09a0048	G3S-59125c7fdb97217d	exact_nonempty_scaffold	0.217948718	0.157894737	0.225806452
G3S-496a96ccb09a0048	G3S-6fbd681c38d3a2a2	exact_nonempty_scaffold	0.206022187	0.2	0.235955056
G3S-496a96ccb09a0048	G3S-70ec124b3b4163f0	exact_nonempty_scaffold	0.211018711	0.166666667	0.240740741
G3S-496a96ccb09a0048	G3S-72740991b3279a1e	exact_nonempty_scaffold	0.103934426	0.205882353	0.193877551
G3S-496a96ccb09a0048	G3S-9236ab9d73532a9d	exact_nonempty_scaffold	0.217587373	0.1	0.325581395
G3S-496a96ccb09a0048	G3S-9589527ecb9747c1	exact_nonempty_scaffold	0.20096463	0.2	0.240740741
G3S-496a96ccb09a0048	G3S-9d3d506752fabc29	exact_nonempty_scaffold	0.217948718	0.166666667	0.220338983
G3S-496a96ccb09a0048	G3S-a0b462ec59730874	exact_nonempty_scaffold	0.235905045	0.133333333	0.222222222
G3S-496a96ccb09a0048	G3S-adf3d9017899d822	exact_nonempty_scaffold	0.215210356	0.2	0.304347826
G3S-496a96ccb09a0048	G3S-b47e17893c82aca6	exact_nonempty_scaffold	0.186795491	0.133333333	0.19047619
G3S-496a96ccb09a0048	G3S-b4e4bb5af0b8b2c1	exact_nonempty_scaffold	0.215210356	0.2	0.304347826
G3S-496a96ccb09a0048	G3S-c3ad4039ad41a0e6	exact_nonempty_scaffold	0.217806041	0.205882353	0.245283019
G3S-496a96ccb09a0048	G3S-c8b189267b8c3242	exact_nonempty_scaffold	0.218009479	0.233333333	0.212121212
G3S-496a96ccb09a0048	G3S-d15243e290ebeba6	exact_nonempty_scaffold	0.173419773	0.166666667	0.225806452
G3S-496a96ccb09a0048	G3S-d392e1d59c314666	exact_nonempty_scaffold	0.186084142	0.166666667	0.220338983
G3S-496a96ccb09a0048	G3S-d5f2b3941320fd29	exact_nonempty_scaffold	0.229850746	0.0666666667	0.282608696
G3S-496a96ccb09a0048	G3S-df91bc0fd4e2076d	exact_nonempty_scaffold	0.183574879	0.151515152	0.225806452
G3S-496a96ccb09a0048	G3S-e06c6b7aad2ea234	exact_nonempty_scaffold	0.1414791	0.133333333	0.272727273
G3S-496a96ccb09a0048	G3S-eb73c8235716ab91	exact_nonempty_scaffold	0.171474359	0.166666667	0.225806452
G3S-496a96ccb09a0048	G3S-ee6c97e67f1fb0d7	exact_nonempty_scaffold	0.173419773	0.2	0.220338983
G3S-496a96ccb09a0048	G3S-f2ec313bd7b3ce78	exact_nonempty_scaffold	0.202492212	0.233333333	0.240740741
G3S-496a96ccb09a0048	G3S-f5c4fa2e79c47654	exact_nonempty_scaffold	0.222047244	0.233333333	0.325
G3S-496a96ccb09a0048	G3S-ff4e5bfc253b96ea	exact_nonempty_scaffold	0.214285714	0.117647059	0.268292683
G3S-49ed2ea8183b105c	G3S-4f4f25ce439afb73	exact_target_sequence;full_sequence_identity;local_site_identity	1	0.833333333	0.236842105
G3S-49ed2ea8183b105c	G3S-59125c7fdb97217d	exact_nonempty_scaffold;ligand_tanimoto;local_site_identity	0.281337047	0.615384615	1
G3S-49ed2ea8183b105c	G3S-5938ff8da5e084b3	exact_nonempty_scaffold	0.160337553	0.0454545455	0.267857143
G3S-49ed2ea8183b105c	G3S-8468ef8a559bdade	exact_nonempty_scaffold;ligand_tanimoto;local_site_identity	0.281337047	0.64	1
G3S-49ed2ea8183b105c	G3S-86c78a56d4596857	exact_nonempty_scaffold;full_sequence_identity;ligand_tanimoto;local_site_identity	0.599236641	0.72	1
G3S-49ed2ea8183b105c	G3S-9d3d506752fabc29	ligand_tanimoto;local_site_identity	0.281337047	0.64	0.35
G3S-49ed2ea8183b105c	G3S-a5f8f9b4623f1ec1	exact_nonempty_scaffold;full_sequence_identity;ligand_tanimoto;local_site_identity	0.560606061	0.75	1
G3S-49ed2ea8183b105c	G3S-aaae27c9c7a68a3a	exact_nonempty_scaffold;full_sequence_identity;ligand_tanimoto;local_site_identity;shared_measurement_publication	0.599236641	0.681818182	1
G3S-49ed2ea8183b105c	G3S-ab9150ed0ce52416	ligand_tanimoto	0.109527382	0.173913043	0.408163265
G3S-49ed2ea8183b105c	G3S-b66b7652f5b1d01d	exact_nonempty_scaffold;full_sequence_identity;ligand_tanimoto;local_site_identity;shared_measurement_publication	0.599236641	0.636363636	1
G3S-49ed2ea8183b105c	G3S-bd2cdfe90c8aa7fa	exact_nonempty_scaffold;full_sequence_identity;ligand_tanimoto;local_site_identity	0.560606061	0.75	1
G3S-49ed2ea8183b105c	G3S-beb8359aa320987f	full_sequence_identity;local_site_identity	0.599236641	0.636363636	0.311688312
G3S-49ed2ea8183b105c	G3S-cb1dbf771699bf3f	exact_target_sequence;full_sequence_identity;local_site_identity	1	0.956521739	0.31147541
G3S-49ed2ea8183b105c	G3S-d15243e290ebeba6	exact_nonempty_scaffold;full_sequence_identity;ligand_tanimoto;local_site_identity	0.599236641	0.666666667	1
G3S-49ed2ea8183b105c	G3S-d2858f5dc6d0d6d2	exact_target_sequence;full_sequence_identity;ligand_tanimoto;local_site_identity	1	0.75	0.35
G3S-49ed2ea8183b105c	G3S-d392e1d59c314666	exact_target_sequence;full_sequence_identity;ligand_tanimoto;local_site_identity	1	0.846153846	0.35
G3S-49ed2ea8183b105c	G3S-d82e40f7bc270eb2	exact_nonempty_scaffold;full_sequence_identity;ligand_tanimoto;local_site_identity	0.599236641	0.72	1
G3S-49ed2ea8183b105c	G3S-df91bc0fd4e2076d	exact_nonempty_scaffold;full_sequence_identity;ligand_tanimoto;local_site_identity	0.560606061	0.75	1
G3S-49ed2ea8183b105c	G3S-e7f816aed727534b	exact_nonempty_scaffold;exact_target_sequence;full_sequence_identity;ligand_tanimoto;local_site_identity	1	0.956521739	1
G3S-49ed2ea8183b105c	G3S-eb73c8235716ab91	exact_nonempty_scaffold;full_sequence_identity;ligand_tanimoto;local_site_identity	0.599236641	0.652173913	1
G3S-49ed2ea8183b105c	G3S-ee6c97e67f1fb0d7	full_sequence_identity;ligand_tanimoto;local_site_identity	0.599236641	0.72	0.35
G3S-49ed2ea8183b105c	G3S-eea0596469e3b875	full_sequence_identity;ligand_tanimoto;local_site_identity	0.599236641	0.652173913	0.35
G3S-49ed2ea8183b105c	G3S-fb7593ab116f7278	exact_nonempty_scaffold	0.212765957	0.136363636	0.275362319
G3S-4be267e9de455895	G3S-517155e5e2356899	exact_nonempty_scaffold	0.210445469	0.181818182	0.189873418
G3S-4be267e9de455895	G3S-51759ead81a2003d	exact_nonempty_scaffold	0.131410256	0.0967741935	0.220779221
G3S-4be267e9de455895	G3S-57758481291b0ab8	exact_nonempty_scaffold	0.112	0.147058824	0.224137931
G3S-4be267e9de455895	G3S-59125c7fdb97217d	exact_nonempty_scaffold	0.206624606	0.161290323	0.243243243
G3S-4be267e9de455895	G3S-5938ff8da5e084b3	ligand_tanimoto	0.207253886	0.125	0.361538462
G3S-4be267e9de455895	G3S-6fbd681c38d3a2a2	exact_nonempty_scaffold	0.219512195	0.0967741935	0.189473684
G3S-4be267e9de455895	G3S-70ec124b3b4163f0	exact_nonempty_scaffold	0.21377184	0.0967741935	0.197530864
G3S-4be267e9de455895	G3S-72740991b3279a1e	exact_nonempty_scaffold	0.108781127	0.225806452	0.181818182
G3S-4be267e9de455895	G3S-78b1342acf926183	exact_nonempty_scaffold;exact_target_sequence;full_sequence_identity;ligand_tanimoto;local_site_identity	1	0.806451613	1
G3S-4be267e9de455895	G3S-8f554307cbbdbf67	ligand_tanimoto	0.204368175	0.161290323	0.549450549
G3S-4be267e9de455895	G3S-9236ab9d73532a9d	exact_nonempty_scaffold;ligand_tanimoto	0.217633929	0.193548387	0.405063291
G3S-4be267e9de455895	G3S-9589527ecb9747c1	exact_nonempty_scaffold	0.195859873	0.129032258	0.197530864
G3S-4be267e9de455895	G3S-9d3d506752fabc29	exact_nonempty_scaffold	0.206624606	0.15625	0.288461538
G3S-4be267e9de455895	G3S-a0b462ec59730874	exact_nonempty_scaffold	0.208655332	0.129032258	0.18
G3S-4be267e9de455895	G3S-adf3d9017899d822	exact_nonempty_scaffold	0.2	0.193548387	0.340425532
G3S-4be267e9de455895	G3S-b28f576038c6bba6	exact_nonempty_scaffold;exact_target_sequence;full_sequence_identity;ligand_tanimoto;local_site_identity;shared_reference_structure_publication	1	1	1
G3S-4be267e9de455895	G3S-b47e17893c82aca6	exact_nonempty_scaffold	0.1875	0.129032258	0.232142857
G3S-4be267e9de455895	G3S-b4e4bb5af0b8b2c1	exact_nonempty_scaffold	0.2	0.193548387	0.340425532
G3S-4be267e9de455895	G3S-c3ad4039ad41a0e6	exact_nonempty_scaffold	0.20124805	0.111111111	0.211764706
G3S-4be267e9de455895	G3S-c8b189267b8c3242	exact_nonempty_scaffold	0.203703704	0.225806452	0.164179104
G3S-4be267e9de455895	G3S-d15243e290ebeba6	exact_nonempty_scaffold	0.165341812	0.161290323	0.243243243
G3S-4be267e9de455895	G3S-d25ad64514236b8b	ligand_tanimoto	0.156182213	0.129032258	0.388888889
G3S-4be267e9de455895	G3S-d392e1d59c314666	exact_nonempty_scaffold	0.165064103	0.064516129	0.288461538
G3S-4be267e9de455895	G3S-d5f2b3941320fd29	exact_nonempty_scaffold	0.215542522	0.064516129	0.288888889
G3S-4be267e9de455895	G3S-df91bc0fd4e2076d	exact_nonempty_scaffold	0.1664	0.1875	0.243243243
G3S-4be267e9de455895	G3S-e06c6b7aad2ea234	exact_nonempty_scaffold	0.134615385	0.161290323	0.258064516
G3S-4be267e9de455895	G3S-eb73c8235716ab91	exact_nonempty_scaffold	0.168789809	0.0967741935	0.243243243
G3S-4be267e9de455895	G3S-ee6c97e67f1fb0d7	exact_nonempty_scaffold	0.165341812	0.15625	0.288461538
G3S-4be267e9de455895	G3S-f2ec313bd7b3ce78	exact_nonempty_scaffold	0.218210361	0.225806452	0.197530864
G3S-4be267e9de455895	G3S-f5c4fa2e79c47654	exact_nonempty_scaffold	0.211093991	0.161290323	0.210526316
G3S-4be267e9de455895	G3S-ff4e5bfc253b96ea	exact_nonempty_scaffold	0.1952	0.129032258	0.202702703
G3S-4c1b91d17d81423a	G3S-4e6759c45d9a6b9b	exact_nonempty_scaffold;ligand_tanimoto	0.230941704	0.357142857	1
G3S-4c1b91d17d81423a	G3S-502e01631feedf35	exact_nonempty_scaffold;ligand_tanimoto;shared_measurement_publication	0.205338809	0.285714286	1
G3S-4c1b91d17d81423a	G3S-55930eb8673c0eee	exact_nonempty_scaffold;ligand_tanimoto;shared_measurement_publication	0.179758308	0.230769231	1
G3S-4c1b91d17d81423a	G3S-5dd0b4d457e8529a	exact_nonempty_scaffold;ligand_tanimoto	0.132231405	0.269230769	1
G3S-4c1b91d17d81423a	G3S-69e1fcfda0e309e8	exact_nonempty_scaffold;ligand_tanimoto;shared_measurement_publication	0.132056452	0.16	1
G3S-4c1b91d17d81423a	G3S-6e529abe43b8b245	exact_nonempty_scaffold;ligand_tanimoto;shared_measurement_publication	0.144670051	0.296296296	1
G3S-4c1b91d17d81423a	G3S-780095ecb7b0162a	exact_nonempty_scaffold;ligand_tanimoto;shared_measurement_publication	0.19375	0.25	1
G3S-4c1b91d17d81423a	G3S-7a52256b4ab19efa	exact_nonempty_scaffold;ligand_tanimoto;shared_measurement_publication	0.136040609	0.259259259	1
G3S-4c1b91d17d81423a	G3S-7c94d7d05a9d2f85	exact_nonempty_scaffold;ligand_tanimoto;shared_measurement_publication	0.206642066	0.296296296	1
G3S-4c1b91d17d81423a	G3S-8447070a69d51ab5	exact_nonempty_scaffold;ligand_tanimoto	0.136040609	0.259259259	1
G3S-4c1b91d17d81423a	G3S-96b21ba0d0525be3	exact_nonempty_scaffold;ligand_tanimoto	0.15776699	0.375	1
G3S-4c1b91d17d81423a	G3S-a5df04a0e400b0db	exact_nonempty_scaffold;ligand_tanimoto	0.144670051	0.296296296	1
G3S-4c1b91d17d81423a	G3S-a607f21d0b792e74	exact_nonempty_scaffold;ligand_tanimoto;shared_measurement_publication	0.246376812	0.4	1
G3S-4c1b91d17d81423a	G3S-a8d224cda1a84a3f	exact_nonempty_scaffold;ligand_tanimoto;shared_measurement_publication	0.121661721	0.269230769	1
G3S-4c1b91d17d81423a	G3S-a96a5730efc90a42	exact_nonempty_scaffold;ligand_tanimoto;shared_measurement_publication	0.13215859	0.322580645	1
G3S-4c1b91d17d81423a	G3S-accf02b6dbaa6894	full_sequence_identity	0.343243243	0.3125	0.242424242
G3S-4c1b91d17d81423a	G3S-b96988cabeb69917	exact_nonempty_scaffold;full_sequence_identity;ligand_tanimoto;shared_measurement_publication	0.343243243	0.222222222	1
G3S-4c1b91d17d81423a	G3S-bd97b6205fe27668	exact_nonempty_scaffold;ligand_tanimoto;shared_measurement_publication	0.148691099	0.36	1
G3S-4c1b91d17d81423a	G3S-c4c2e34a716f6ae6	full_sequence_identity	0.343243243	0.222222222	0.290322581
G3S-4c1b91d17d81423a	G3S-c5d1969627a8c3f1	exact_nonempty_scaffold;ligand_tanimoto;shared_measurement_publication	0.172727273	0.32	1
G3S-4c1b91d17d81423a	G3S-c6c69878bad91dca	exact_nonempty_scaffold;ligand_tanimoto;shared_measurement_publication	0.177922078	0.290322581	1
G3S-4c1b91d17d81423a	G3S-cac62a85af1d2834	exact_nonempty_scaffold;ligand_tanimoto;shared_measurement_publication	0.112345679	0.346153846	1
G3S-4c1b91d17d81423a	G3S-d183c9dc36c1eaef	ligand_tanimoto	0.231536926	0.357142857	0.391304348
G3S-4c1b91d17d81423a	G3S-d1bbafed8d4f34cf	ligand_tanimoto	0.140748031	0.0967741935	0.376623377
G3S-4c1b91d17d81423a	G3S-d1de2bf2f08fcf46	exact_nonempty_scaffold;ligand_tanimoto;shared_measurement_publication	0.173333333	0.346153846	1
G3S-4c1b91d17d81423a	G3S-d207c324846b2507	exact_nonempty_scaffold;ligand_tanimoto;shared_measurement_publication	0.29787234	0.35483871	1
G3S-4c1b91d17d81423a	G3S-d3c114d403b4f6e6	ligand_tanimoto	0.177922078	0.290322581	0.472972973
G3S-4c1b91d17d81423a	G3S-d587ea9877aeacf1	exact_nonempty_scaffold;ligand_tanimoto;shared_measurement_publication	0.117021277	0.35483871	1
G3S-4c1b91d17d81423a	G3S-d5eff434a516ab97	exact_nonempty_scaffold;ligand_tanimoto;shared_measurement_publication	0.15776699	0.375	1
G3S-4c1b91d17d81423a	G3S-dc79a9836344f3ec	exact_nonempty_scaffold;ligand_tanimoto	0.132056452	0.16	1
G3S-4c1b91d17d81423a	G3S-dd8aacb779840031	exact_nonempty_scaffold;ligand_tanimoto	0.266055046	0.259259259	0.830508475
G3S-4c1b91d17d81423a	G3S-de2a24cde8ae391c	exact_nonempty_scaffold;ligand_tanimoto;shared_measurement_publication	0.146022155	0.28	1
G3S-4c1b91d17d81423a	G3S-e3b2a2841a5b18a5	exact_nonempty_scaffold;ligand_tanimoto;shared_measurement_publication	0.143621766	0.285714286	1
G3S-4c1b91d17d81423a	G3S-e710b4e67d7724f9	exact_nonempty_scaffold;ligand_tanimoto	0.117021277	0.35483871	1
G3S-4c1b91d17d81423a	G3S-f2318d3b76296c29	exact_nonempty_scaffold;ligand_tanimoto	0.132231405	0.307692308	1
G3S-4c1b91d17d81423a	G3S-f4966ebce19de7c0	exact_nonempty_scaffold;ligand_tanimoto	0.143621766	0.285714286	1
G3S-4c1b91d17d81423a	G3S-f9b101ab9b60896c	exact_nonempty_scaffold;ligand_tanimoto	0.13215859	0.322580645	1
G3S-4c1b91d17d81423a	G3S-fc8dc45b48055767	exact_nonempty_scaffold;ligand_tanimoto	0.142857143	0.407407407	1
G3S-4e6759c45d9a6b9b	G3S-502e01631feedf35	exact_nonempty_scaffold;ligand_tanimoto	0.251037344	0.344827586	1
G3S-4e6759c45d9a6b9b	G3S-55930eb8673c0eee	exact_nonempty_scaffold;ligand_tanimoto	0.213864307	0.275862069	1
G3S-4e6759c45d9a6b9b	G3S-5dd0b4d457e8529a	exact_nonempty_scaffold;ligand_tanimoto;shared_measurement_publication	0.1552436	0.25	1
G3S-4e6759c45d9a6b9b	G3S-69e1fcfda0e309e8	exact_nonempty_scaffold;ligand_tanimoto	0.172032193	0.178571429	1
G3S-4e6759c45d9a6b9b	G3S-6e529abe43b8b245	exact_nonempty_scaffold;ligand_tanimoto	0.141659681	0.4375	1
G3S-4e6759c45d9a6b9b	G3S-780095ecb7b0162a	exact_nonempty_scaffold;ligand_tanimoto	0.209090909	0.346153846	1
G3S-4e6759c45d9a6b9b	G3S-7a52256b4ab19efa	exact_nonempty_scaffold;ligand_tanimoto	0.167517875	0.322580645	1
G3S-4e6759c45d9a6b9b	G3S-7ad16b5be174b17e	exact_nonempty_scaffold;exact_target_sequence;full_sequence_identity;ligand_tanimoto;local_site_identity	1	0.923076923	1
G3S-4e6759c45d9a6b9b	G3S-7c94d7d05a9d2f85	exact_nonempty_scaffold;ligand_tanimoto	0.223801066	0.303030303	1
G3S-4e6759c45d9a6b9b	G3S-7f4093cbfc6a5ba7	exact_nonempty_scaffold;ligand_tanimoto	0.1552436	0.25	1
G3S-4e6759c45d9a6b9b	G3S-82da8121de6eeecd	exact_nonempty_scaffold;ligand_tanimoto	0.148063781	0.366666667	1
G3S-4e6759c45d9a6b9b	G3S-8379ede84125ecb5	exact_nonempty_scaffold;ligand_tanimoto	0.148063781	0.366666667	1
G3S-4e6759c45d9a6b9b	G3S-8447070a69d51ab5	exact_nonempty_scaffold;ligand_tanimoto;shared_measurement_publication	0.167517875	0.322580645	1
G3S-4e6759c45d9a6b9b	G3S-8908716879facb98	exact_nonempty_scaffold;ligand_tanimoto	0.148063781	0.366666667	1
G3S-4e6759c45d9a6b9b	G3S-96b21ba0d0525be3	exact_nonempty_scaffold;ligand_tanimoto;shared_measurement_publication	0.193816885	0.314285714	1
G3S-4e6759c45d9a6b9b	G3S-a5df04a0e400b0db	exact_nonempty_scaffold;ligand_tanimoto;shared_measurement_publication	0.141659681	0.4375	1
G3S-4e6759c45d9a6b9b	G3S-a607f21d0b792e74	exact_nonempty_scaffold;ligand_tanimoto	0.194256757	0.379310345	1
G3S-4e6759c45d9a6b9b	G3S-a8d224cda1a84a3f	exact_nonempty_scaffold;ligand_tanimoto	0.139156181	0.451612903	1
G3S-4e6759c45d9a6b9b	G3S-a96a5730efc90a42	exact_nonempty_scaffold;ligand_tanimoto	0.170194004	0.413793103	1
G3S-4e6759c45d9a6b9b	G3S-adf3d9017899d822	ligand_tanimoto	0.229357798	0.161290323	0.362068966
G3S-4e6759c45d9a6b9b	G3S-b4e4bb5af0b8b2c1	ligand_tanimoto	0.229357798	0.161290323	0.362068966
G3S-4e6759c45d9a6b9b	G3S-b96988cabeb69917	exact_nonempty_scaffold;ligand_tanimoto	0.241525424	0.233333333	1
G3S-4e6759c45d9a6b9b	G3S-ba437efd56c85d19	exact_nonempty_scaffold;ligand_tanimoto	0.148063781	0.366666667	1
G3S-4e6759c45d9a6b9b	G3S-bd97b6205fe27668	exact_nonempty_scaffold;ligand_tanimoto	0.184016824	0.461538462	1
G3S-4e6759c45d9a6b9b	G3S-c5d1969627a8c3f1	exact_nonempty_scaffold;ligand_tanimoto	0.182284981	0.230769231	1
G3S-4e6759c45d9a6b9b	G3S-c6c69878bad91dca	exact_nonempty_scaffold;ligand_tanimoto	0.207161125	0.235294118	1
G3S-4e6759c45d9a6b9b	G3S-cac62a85af1d2834	exact_nonempty_scaffold;ligand_tanimoto	0.133086876	0.384615385	1
G3S-4e6759c45d9a6b9b	G3S-d1de2bf2f08fcf46	exact_nonempty_scaffold;ligand_tanimoto	0.222520107	0.423076923	1
G3S-4e6759c45d9a6b9b	G3S-d207c324846b2507	exact_nonempty_scaffold;ligand_tanimoto	0.193684211	0.28125	1
G3S-4e6759c45d9a6b9b	G3S-d3c114d403b4f6e6	ligand_tanimoto	0.207161125	0.235294118	0.410958904
G3S-4e6759c45d9a6b9b	G3S-d587ea9877aeacf1	exact_nonempty_scaffold;ligand_tanimoto	0.148063781	0.366666667	1
G3S-4e6759c45d9a6b9b	G3S-d5eff434a516ab97	exact_nonempty_scaffold;ligand_tanimoto	0.193816885	0.314285714	1
G3S-4e6759c45d9a6b9b	G3S-da6a7a5b92d16f5d	exact_nonempty_scaffold;ligand_tanimoto	0.148063781	0.366666667	1
G3S-4e6759c45d9a6b9b	G3S-dc79a9836344f3ec	exact_nonempty_scaffold;ligand_tanimoto;shared_measurement_publication	0.172032193	0.178571429	1
G3S-4e6759c45d9a6b9b	G3S-dd8aacb779840031	exact_nonempty_scaffold;ligand_tanimoto	0.214452214	0.322580645	1
G3S-4e6759c45d9a6b9b	G3S-de2a24cde8ae391c	exact_nonempty_scaffold;ligand_tanimoto	0.166666667	0.296296296	1
G3S-4e6759c45d9a6b9b	G3S-e3b2a2841a5b18a5	exact_nonempty_scaffold;ligand_tanimoto	0.157989228	0.333333333	1
G3S-4e6759c45d9a6b9b	G3S-e710b4e67d7724f9	exact_nonempty_scaffold;ligand_tanimoto;shared_measurement_publication	0.148063781	0.366666667	1
G3S-4e6759c45d9a6b9b	G3S-f2318d3b76296c29	exact_nonempty_scaffold;ligand_tanimoto	0.1552436	0.25	1
G3S-4e6759c45d9a6b9b	G3S-f4966ebce19de7c0	exact_nonempty_scaffold;ligand_tanimoto;shared_measurement_publication	0.157989228	0.333333333	1
G3S-4e6759c45d9a6b9b	G3S-f9b101ab9b60896c	ligand_tanimoto	0.170194004	0.413793103	0.558441558
G3S-4e6759c45d9a6b9b	G3S-fb7593ab116f7278	exact_nonempty_scaffold	0.207920792	0.0769230769	0.267605634
G3S-4e6759c45d9a6b9b	G3S-fc8dc45b48055767	exact_nonempty_scaffold;ligand_tanimoto;shared_measurement_publication	0.171779141	0.392857143	1
G3S-4f4f25ce439afb73	G3S-59125c7fdb97217d	local_site_identity	0.281337047	0.615384615	0.295774648
G3S-4f4f25ce439afb73	G3S-8468ef8a559bdade	exact_nonempty_scaffold;ligand_tanimoto;local_site_identity	0.281337047	0.592592593	1
G3S-4f4f25ce439afb73	G3S-86c78a56d4596857	exact_nonempty_scaffold;full_sequence_identity;ligand_tanimoto;local_site_identity	0.599236641	0.592592593	1
G3S-4f4f25ce439afb73	G3S-9d3d506752fabc29	exact_nonempty_scaffold;ligand_tanimoto;local_site_identity	0.281337047	0.592592593	1
G3S-4f4f25ce439afb73	G3S-a5f8f9b4623f1ec1	exact_nonempty_scaffold;full_sequence_identity;ligand_tanimoto;local_site_identity	0.560606061	0.653846154	1
G3S-4f4f25ce439afb73	G3S-aaae27c9c7a68a3a	full_sequence_identity;local_site_identity	0.599236641	0.681818182	0.230769231
G3S-4f4f25ce439afb73	G3S-b66b7652f5b1d01d	full_sequence_identity;local_site_identity	0.599236641	0.608695652	0.230769231
G3S-4f4f25ce439afb73	G3S-bd2cdfe90c8aa7fa	exact_nonempty_scaffold;full_sequence_identity;ligand_tanimoto;local_site_identity	0.560606061	0.653846154	1
G3S-4f4f25ce439afb73	G3S-beb8359aa320987f	exact_nonempty_scaffold;full_sequence_identity;ligand_tanimoto;local_site_identity	0.599236641	0.608695652	1
G3S-4f4f25ce439afb73	G3S-cb1dbf771699bf3f	exact_target_sequence;full_sequence_identity;ligand_tanimoto;local_site_identity	1	0.875	0.655172414
G3S-4f4f25ce439afb73	G3S-d15243e290ebeba6	full_sequence_identity;local_site_identity	0.599236641	0.739130435	0.295774648
G3S-4f4f25ce439afb73	G3S-d2858f5dc6d0d6d2	exact_nonempty_scaffold;exact_target_sequence;full_sequence_identity;ligand_tanimoto;local_site_identity	1	0.777777778	1
G3S-4f4f25ce439afb73	G3S-d392e1d59c314666	exact_nonempty_scaffold;exact_target_sequence;full_sequence_identity;ligand_tanimoto;local_site_identity	1	0.730769231	1
G3S-4f4f25ce439afb73	G3S-d82e40f7bc270eb2	exact_nonempty_scaffold;full_sequence_identity;ligand_tanimoto;local_site_identity	0.599236641	0.592592593	1
G3S-4f4f25ce439afb73	G3S-df91bc0fd4e2076d	full_sequence_identity;local_site_identity	0.560606061	0.653846154	0.295774648
G3S-4f4f25ce439afb73	G3S-e7f816aed727534b	exact_nonempty_scaffold;exact_target_sequence;full_sequence_identity;ligand_tanimoto;local_site_identity	1	0.875	1
G3S-4f4f25ce439afb73	G3S-eb73c8235716ab91	full_sequence_identity;local_site_identity	0.599236641	0.56	0.295774648
G3S-4f4f25ce439afb73	G3S-ee6c97e67f1fb0d7	exact_nonempty_scaffold;full_sequence_identity;ligand_tanimoto;local_site_identity	0.599236641	0.592592593	1
G3S-4f4f25ce439afb73	G3S-eea0596469e3b875	exact_nonempty_scaffold;full_sequence_identity;ligand_tanimoto;local_site_identity	0.599236641	0.56	1
G3S-4f4f25ce439afb73	G3S-f223745e3dee7f3b	ligand_tanimoto	0.219512195	0.136363636	0.41509434
G3S-502e01631feedf35	G3S-55930eb8673c0eee	exact_nonempty_scaffold;ligand_tanimoto;local_site_identity;shared_measurement_publication	0.259314456	0.571428571	1
G3S-502e01631feedf35	G3S-5dd0b4d457e8529a	exact_nonempty_scaffold;ligand_tanimoto	0.165841584	0.466666667	1
G3S-502e01631feedf35	G3S-69e1fcfda0e309e8	exact_nonempty_scaffold;ligand_tanimoto;local_site_identity;shared_measurement_publication	0.217831814	0.517241379	1
G3S-502e01631feedf35	G3S-6e529abe43b8b245	exact_nonempty_scaffold;ligand_tanimoto;shared_measurement_publication	0.169477234	0.482758621	1
G3S-502e01631feedf35	G3S-780095ecb7b0162a	exact_nonempty_scaffold;ligand_tanimoto;shared_measurement_publication	0.27820711	0.214285714	1
G3S-502e01631feedf35	G3S-7a52256b4ab19efa	exact_nonempty_scaffold;ligand_tanimoto;local_site_identity;shared_measurement_publication	0.226530612	0.517241379	1
G3S-502e01631feedf35	G3S-7c94d7d05a9d2f85	exact_nonempty_scaffold;full_sequence_identity;ligand_tanimoto;local_site_identity;shared_measurement_publication	0.401473297	0.548387097	1
G3S-502e01631feedf35	G3S-7f4093cbfc6a5ba7	exact_nonempty_scaffold;ligand_tanimoto;local_site_identity	0.165841584	0.5	1
G3S-502e01631feedf35	G3S-82da8121de6eeecd	exact_nonempty_scaffold;ligand_tanimoto;local_site_identity	0.164643399	0.515151515	1
G3S-502e01631feedf35	G3S-8379ede84125ecb5	ligand_tanimoto;local_site_identity	0.164643399	0.515151515	0.408163265
G3S-502e01631feedf35	G3S-8447070a69d51ab5	exact_nonempty_scaffold;ligand_tanimoto;local_site_identity	0.226530612	0.517241379	1
G3S-502e01631feedf35	G3S-8908716879facb98	exact_nonempty_scaffold;ligand_tanimoto;local_site_identity	0.164643399	0.515151515	1
G3S-502e01631feedf35	G3S-96b21ba0d0525be3	exact_nonempty_scaffold;ligand_tanimoto	0.232250301	0.457142857	1
G3S-502e01631feedf35	G3S-a5df04a0e400b0db	exact_nonempty_scaffold;ligand_tanimoto	0.169477234	0.482758621	1
G3S-502e01631feedf35	G3S-a607f21d0b792e74	exact_nonempty_scaffold;ligand_tanimoto;shared_measurement_publication	0.234404537	0.464285714	1
G3S-502e01631feedf35	G3S-a8d224cda1a84a3f	exact_nonempty_scaffold;ligand_tanimoto;shared_measurement_publication	0.14962963	0.413793103	1
G3S-502e01631feedf35	G3S-a96a5730efc90a42	exact_nonempty_scaffold;ligand_tanimoto;shared_measurement_publication	0.192070485	0.266666667	1
G3S-502e01631feedf35	G3S-accf02b6dbaa6894	ligand_tanimoto	0.22832981	0.363636364	0.632653061
G3S-502e01631feedf35	G3S-b96988cabeb69917	exact_nonempty_scaffold;ligand_tanimoto;shared_measurement_publication	0.22832981	0.333333333	1
G3S-502e01631feedf35	G3S-ba437efd56c85d19	local_site_identity	0.164643399	0.515151515	0.333333333
G3S-502e01631feedf35	G3S-bd97b6205fe27668	exact_nonempty_scaffold;ligand_tanimoto;shared_measurement_publication	0.187631027	0.285714286	1
G3S-502e01631feedf35	G3S-c5d1969627a8c3f1	exact_nonempty_scaffold;ligand_tanimoto;shared_measurement_publication	0.187744459	0.321428571	1
G3S-502e01631feedf35	G3S-c6c69878bad91dca	exact_nonempty_scaffold;ligand_tanimoto;shared_measurement_publication	0.223803364	0.333333333	1
G3S-502e01631feedf35	G3S-cac62a85af1d2834	exact_nonempty_scaffold;ligand_tanimoto;shared_measurement_publication	0.149538462	0.46875	1
G3S-502e01631feedf35	G3S-d183c9dc36c1eaef	ligand_tanimoto	0.25093633	0.379310345	0.391304348
G3S-502e01631feedf35	G3S-d1de2bf2f08fcf46	exact_nonempty_scaffold;ligand_tanimoto;shared_measurement_publication	0.229639519	0.419354839	1
G3S-502e01631feedf35	G3S-d207c324846b2507	exact_nonempty_scaffold;ligand_tanimoto;shared_measurement_publication	0.213051823	0.25	1
G3S-502e01631feedf35	G3S-d3c114d403b4f6e6	ligand_tanimoto	0.223803364	0.333333333	0.414893617
G3S-502e01631feedf35	G3S-d587ea9877aeacf1	exact_nonempty_scaffold;ligand_tanimoto;local_site_identity;shared_measurement_publication	0.164643399	0.515151515	1
G3S-502e01631feedf35	G3S-d5eff434a516ab97	exact_nonempty_scaffold;ligand_tanimoto;shared_measurement_publication	0.232250301	0.457142857	1
G3S-502e01631feedf35	G3S-da6a7a5b92d16f5d	ligand_tanimoto;local_site_identity	0.164643399	0.515151515	0.476923077
G3S-502e01631feedf35	G3S-dc79a9836344f3ec	exact_nonempty_scaffold;ligand_tanimoto;local_site_identity	0.217831814	0.517241379	1
G3S-502e01631feedf35	G3S-dd8aacb779840031	exact_nonempty_scaffold;ligand_tanimoto;local_site_identity	0.279411765	0.517241379	1
G3S-502e01631feedf35	G3S-de2a24cde8ae391c	exact_nonempty_scaffold;ligand_tanimoto;shared_measurement_publication	0.224696356	0.4	1
G3S-502e01631feedf35	G3S-e3b2a2841a5b18a5	exact_nonempty_scaffold;ligand_tanimoto;shared_measurement_publication	0.19588551	0.424242424	1
G3S-502e01631feedf35	G3S-e710b4e67d7724f9	exact_nonempty_scaffold;ligand_tanimoto;local_site_identity	0.164643399	0.515151515	1
G3S-502e01631feedf35	G3S-f2318d3b76296c29	exact_nonempty_scaffold;ligand_tanimoto;local_site_identity	0.165841584	0.5	1
G3S-502e01631feedf35	G3S-f4966ebce19de7c0	exact_nonempty_scaffold;ligand_tanimoto	0.19588551	0.424242424	1
G3S-502e01631feedf35	G3S-f9b101ab9b60896c	exact_nonempty_scaffold;ligand_tanimoto	0.192070485	0.266666667	1
G3S-502e01631feedf35	G3S-fb6cb3a33814d85e	local_site_identity	0.211091234	0.551724138	0.325301205
G3S-502e01631feedf35	G3S-fc8dc45b48055767	exact_nonempty_scaffold;ligand_tanimoto;local_site_identity	0.194244604	0.5	1
G3S-517155e5e2356899	G3S-51759ead81a2003d	exact_nonempty_scaffold	0.153692615	0.142857143	0.24
G3S-517155e5e2356899	G3S-57758481291b0ab8	exact_nonempty_scaffold	0.111776447	0.0769230769	0.192307692
G3S-517155e5e2356899	G3S-59125c7fdb97217d	exact_nonempty_scaffold	0.187250996	0.166666667	0.22
G3S-517155e5e2356899	G3S-6fbd681c38d3a2a2	exact_nonempty_scaffold	0.222030981	0.1	0.166666667
G3S-517155e5e2356899	G3S-70ec124b3b4163f0	exact_nonempty_scaffold	0.200832466	0.294117647	0.230769231
G3S-517155e5e2356899	G3S-72740991b3279a1e	exact_nonempty_scaffold	0.101344703	0.157894737	0.166666667
G3S-517155e5e2356899	G3S-7d63354277860a98	ligand_tanimoto	0.201884253	0.173913043	0.355555556
G3S-517155e5e2356899	G3S-85936f03e9d82fdc	ligand_tanimoto	0.214953271	0.208333333	0.405405405
G3S-517155e5e2356899	G3S-9236ab9d73532a9d	exact_nonempty_scaffold	0.207568807	0.142857143	0.266666667
G3S-517155e5e2356899	G3S-9589527ecb9747c1	exact_nonempty_scaffold	0.222007722	0.166666667	0.230769231
G3S-517155e5e2356899	G3S-9d3d506752fabc29	exact_nonempty_scaffold	0.187250996	0.166666667	0.209677419
G3S-517155e5e2356899	G3S-a0b462ec59730874	exact_nonempty_scaffold	0.223613596	0.235294118	0.285714286
G3S-517155e5e2356899	G3S-adf3d9017899d822	exact_nonempty_scaffold	0.212890625	0.192307692	0.244444444
G3S-517155e5e2356899	G3S-b47e17893c82aca6	exact_nonempty_scaffold	0.203960396	0.1	0.274509804
G3S-517155e5e2356899	G3S-b4e4bb5af0b8b2c1	exact_nonempty_scaffold	0.212890625	0.192307692	0.244444444
G3S-517155e5e2356899	G3S-c3ad4039ad41a0e6	exact_nonempty_scaffold	0.223659889	0.1	0.25
G3S-517155e5e2356899	G3S-c8b189267b8c3242	exact_nonempty_scaffold	0.215613383	0.0555555556	0.2
G3S-517155e5e2356899	G3S-d15243e290ebeba6	exact_nonempty_scaffold	0.19123506	0.173913043	0.22
G3S-517155e5e2356899	G3S-d183c9dc36c1eaef	ligand_tanimoto	0.209219858	0.153846154	0.405405405
G3S-517155e5e2356899	G3S-d392e1d59c314666	exact_nonempty_scaffold	0.195266272	0.115384615	0.209677419
G3S-517155e5e2356899	G3S-d5f2b3941320fd29	exact_nonempty_scaffold	0.211243612	0.2	0.211538462
G3S-517155e5e2356899	G3S-df91bc0fd4e2076d	exact_nonempty_scaffold	0.176817289	0.142857143	0.22
G3S-517155e5e2356899	G3S-e06c6b7aad2ea234	exact_nonempty_scaffold	0.179640719	0.0588235294	0.296296296
G3S-517155e5e2356899	G3S-e9de90d69aed4dc3	exact_nonempty_scaffold;exact_target_sequence;full_sequence_identity;ligand_tanimoto;local_site_identity	1	0.590909091	1
G3S-517155e5e2356899	G3S-eb73c8235716ab91	exact_nonempty_scaffold	0.197628458	0.0952380952	0.22
G3S-517155e5e2356899	G3S-ee6c97e67f1fb0d7	exact_nonempty_scaffold	0.19123506	0.130434783	0.209677419
G3S-517155e5e2356899	G3S-f2ec313bd7b3ce78	exact_nonempty_scaffold	0.210116732	0.181818182	0.230769231
G3S-517155e5e2356899	G3S-f5c4fa2e79c47654	exact_nonempty_scaffold	0.209174312	0.227272727	0.156862745
G3S-517155e5e2356899	G3S-fe0860941e1bd481	ligand_tanimoto	0.121513944	0.172413793	0.405405405
G3S-517155e5e2356899	G3S-ff4e5bfc253b96ea	exact_nonempty_scaffold	0.214285714	0.206896552	0.2
G3S-51759ead81a2003d	G3S-57758481291b0ab8	exact_nonempty_scaffold	0.223684211	0.153846154	0.31372549
G3S-51759ead81a2003d	G3S-59125c7fdb97217d	exact_nonempty_scaffold	0.166666667	0.291666667	0.192307692
G3S-51759ead81a2003d	G3S-6454ff7a6533168a	exact_target_sequence;full_sequence_identity;local_site_identity	1	0.583333333	0.25
G3S-51759ead81a2003d	G3S-6fbd681c38d3a2a2	exact_nonempty_scaffold	0.162271805	0.15	0.231884058
G3S-51759ead81a2003d	G3S-70ec124b3b4163f0	exact_nonempty_scaffold	0.093389297	0	0.275862069
G3S-51759ead81a2003d	G3S-72740991b3279a1e	exact_nonempty_scaffold	0.0384110309	0.166666667	0.202380952
G3S-51759ead81a2003d	G3S-7ad16b5be174b17e	ligand_tanimoto	0.17037037	0.25	0.365384615
G3S-51759ead81a2003d	G3S-88577c122fa18c76	exact_nonempty_scaffold;ligand_tanimoto	0.0951834862	0.178571429	0.360655738
G3S-51759ead81a2003d	G3S-9236ab9d73532a9d	exact_nonempty_scaffold	0.106060606	0.0714285714	0.344827586
G3S-51759ead81a2003d	G3S-9589527ecb9747c1	exact_nonempty_scaffold	0.175202156	0.0833333333	0.285714286
G3S-51759ead81a2003d	G3S-9d3d506752fabc29	exact_nonempty_scaffold	0.166666667	0.25	0.213114754
G3S-51759ead81a2003d	G3S-a0b462ec59730874	exact_nonempty_scaffold;ligand_tanimoto	0.144465291	0.266666667	0.421052632
G3S-51759ead81a2003d	G3S-ab9150ed0ce52416	exact_nonempty_scaffold	0.07951988	0.157894737	0.265306122
G3S-51759ead81a2003d	G3S-adf3d9017899d822	exact_nonempty_scaffold	0.183976261	0.148148148	0.206349206
G3S-51759ead81a2003d	G3S-b47e17893c82aca6	exact_nonempty_scaffold	0.205882353	0.0555555556	0.24
G3S-51759ead81a2003d	G3S-b4e4bb5af0b8b2c1	exact_nonempty_scaffold	0.183976261	0.148148148	0.204081633
G3S-51759ead81a2003d	G3S-c3ad4039ad41a0e6	exact_nonempty_scaffold;ligand_tanimoto	0.150127226	0.1	0.432432432
G3S-51759ead81a2003d	G3S-c8b189267b8c3242	exact_nonempty_scaffold	0.147773279	0.166666667	0.169811321
G3S-51759ead81a2003d	G3S-d15243e290ebeba6	exact_nonempty_scaffold	0.210526316	0.217391304	0.192307692
G3S-51759ead81a2003d	G3S-d183c9dc36c1eaef	ligand_tanimoto	0.128099174	0.192307692	0.463414634
G3S-51759ead81a2003d	G3S-d392e1d59c314666	exact_nonempty_scaffold	0.200757576	0.111111111	0.213114754
G3S-51759ead81a2003d	G3S-d5f2b3941320fd29	exact_nonempty_scaffold	0.146567718	0	0.196428571
G3S-51759ead81a2003d	G3S-da6a7a5b92d16f5d	ligand_tanimoto	0.0708301599	0.172413793	0.35
G3S-51759ead81a2003d	G3S-df91bc0fd4e2076d	exact_nonempty_scaffold	0.191881919	0.333333333	0.192307692
G3S-51759ead81a2003d	G3S-e06c6b7aad2ea234	exact_nonempty_scaffold	0.19760479	0.176470588	0.235294118
G3S-51759ead81a2003d	G3S-eb73c8235716ab91	exact_nonempty_scaffold	0.214559387	0.333333333	0.192307692
G3S-51759ead81a2003d	G3S-ee6c97e67f1fb0d7	exact_nonempty_scaffold	0.210526316	0.260869565	0.213114754
G3S-51759ead81a2003d	G3S-f2ec313bd7b3ce78	exact_nonempty_scaffold	0.171503958	0.0454545455	0.275862069
G3S-51759ead81a2003d	G3S-f5c4fa2e79c47654	exact_nonempty_scaffold	0.165548098	0.181818182	0.189655172
G3S-51759ead81a2003d	G3S-fb7593ab116f7278	exact_nonempty_scaffold	0.20703125	0.142857143	0.264705882
G3S-51759ead81a2003d	G3S-ff4e5bfc253b96ea	exact_nonempty_scaffold;ligand_tanimoto	0.161290323	0.0689655172	0.513513514
G3S-55930eb8673c0eee	G3S-5dd0b4d457e8529a	exact_nonempty_scaffold;ligand_tanimoto	0.201303993	0.464285714	1
G3S-55930eb8673c0eee	G3S-69e1fcfda0e309e8	exact_nonempty_scaffold;ligand_tanimoto;local_site_identity;shared_measurement_publication	0.24120603	0.666666667	1
G3S-55930eb8673c0eee	G3S-6e529abe43b8b245	exact_nonempty_scaffold;ligand_tanimoto;local_site_identity;shared_measurement_publication	0.191391238	0.592592593	1
G3S-55930eb8673c0eee	G3S-780095ecb7b0162a	exact_nonempty_scaffold;ligand_tanimoto;shared_measurement_publication	0.277401894	0.379310345	1
G3S-55930eb8673c0eee	G3S-7a52256b4ab19efa	exact_nonempty_scaffold;ligand_tanimoto;local_site_identity;shared_measurement_publication	0.246015936	0.666666667	1
G3S-55930eb8673c0eee	G3S-7ad16b5be174b17e	exact_nonempty_scaffold;ligand_tanimoto	0.213864307	0.192307692	1
G3S-55930eb8673c0eee	G3S-7c94d7d05a9d2f85	exact_nonempty_scaffold;full_sequence_identity;ligand_tanimoto;shared_measurement_publication	0.305059524	0.482758621	1
G3S-55930eb8673c0eee	G3S-7f4093cbfc6a5ba7	exact_nonempty_scaffold;ligand_tanimoto	0.201303993	0.464285714	1
G3S-55930eb8673c0eee	G3S-82da8121de6eeecd	exact_nonempty_scaffold;ligand_tanimoto	0.183472328	0.333333333	1
G3S-55930eb8673c0eee	G3S-8379ede84125ecb5	ligand_tanimoto	0.183472328	0.333333333	0.75
G3S-55930eb8673c0eee	G3S-8447070a69d51ab5	exact_nonempty_scaffold;ligand_tanimoto;local_site_identity	0.246015936	0.666666667	1
G3S-55930eb8673c0eee	G3S-8908716879facb98	exact_nonempty_scaffold;ligand_tanimoto	0.183472328	0.333333333	1
G3S-55930eb8673c0eee	G3S-96b21ba0d0525be3	exact_nonempty_scaffold;ligand_tanimoto	0.26713948	0.393939394	1
G3S-55930eb8673c0eee	G3S-a5df04a0e400b0db	exact_nonempty_scaffold;ligand_tanimoto;local_site_identity	0.191391238	0.592592593	1
G3S-55930eb8673c0eee	G3S-a607f21d0b792e74	exact_nonempty_scaffold;ligand_tanimoto;shared_measurement_publication	0.228070175	0.461538462	1
G3S-55930eb8673c0eee	G3S-a8d224cda1a84a3f	exact_nonempty_scaffold;ligand_tanimoto;shared_measurement_publication	0.175295858	0.259259259	1
G3S-55930eb8673c0eee	G3S-a96a5730efc90a42	exact_nonempty_scaffold;ligand_tanimoto;shared_measurement_publication	0.223684211	0.21875	1
G3S-55930eb8673c0eee	G3S-b96988cabeb69917	exact_nonempty_scaffold;ligand_tanimoto;shared_measurement_publication	0.190193165	0.344827586	1
G3S-55930eb8673c0eee	G3S-bd97b6205fe27668	exact_nonempty_scaffold;ligand_tanimoto;shared_measurement_publication	0.236308316	0.357142857	1
G3S-55930eb8673c0eee	G3S-c5d1969627a8c3f1	exact_nonempty_scaffold;ligand_tanimoto;shared_measurement_publication	0.2	0.392857143	1
G3S-55930eb8673c0eee	G3S-c6c69878bad91dca	exact_nonempty_scaffold;ligand_tanimoto;shared_measurement_publication	0.241935484	0.258064516	1
G3S-55930eb8673c0eee	G3S-cac62a85af1d2834	exact_nonempty_scaffold;ligand_tanimoto;shared_measurement_publication	0.179534314	0.222222222	1
G3S-55930eb8673c0eee	G3S-d183c9dc36c1eaef	ligand_tanimoto	0.217821782	0.192307692	0.391304348
G3S-55930eb8673c0eee	G3S-d1de2bf2f08fcf46	exact_nonempty_scaffold;ligand_tanimoto;shared_measurement_publication	0.232843137	0.153846154	1
G3S-55930eb8673c0eee	G3S-d207c324846b2507	exact_nonempty_scaffold;ligand_tanimoto;shared_measurement_publication	0.192082111	0.258064516	1
G3S-55930eb8673c0eee	G3S-d3c114d403b4f6e6	ligand_tanimoto	0.241935484	0.258064516	0.414893617
G3S-55930eb8673c0eee	G3S-d587ea9877aeacf1	exact_nonempty_scaffold;ligand_tanimoto;shared_measurement_publication	0.183472328	0.333333333	1
G3S-55930eb8673c0eee	G3S-d5eff434a516ab97	exact_nonempty_scaffold;ligand_tanimoto;shared_measurement_publication	0.26713948	0.393939394	1
G3S-55930eb8673c0eee	G3S-da6a7a5b92d16f5d	exact_nonempty_scaffold;ligand_tanimoto	0.183472328	0.333333333	1
G3S-55930eb8673c0eee	G3S-dc79a9836344f3ec	exact_nonempty_scaffold;ligand_tanimoto;local_site_identity	0.24120603	0.666666667	1
G3S-55930eb8673c0eee	G3S-dd8aacb779840031	exact_nonempty_scaffold;ligand_tanimoto;local_site_identity	0.206140351	0.666666667	1
G3S-55930eb8673c0eee	G3S-de2a24cde8ae391c	exact_nonempty_scaffold;ligand_tanimoto;shared_measurement_publication	0.241516966	0.482758621	1
G3S-55930eb8673c0eee	G3S-e3b2a2841a5b18a5	exact_nonempty_scaffold;ligand_tanimoto;shared_measurement_publication	0.237288136	0.310344828	1
G3S-55930eb8673c0eee	G3S-e710b4e67d7724f9	exact_nonempty_scaffold;ligand_tanimoto	0.183472328	0.333333333	1
G3S-55930eb8673c0eee	G3S-f2318d3b76296c29	exact_nonempty_scaffold;ligand_tanimoto	0.201303993	0.464285714	1
G3S-55930eb8673c0eee	G3S-f4966ebce19de7c0	exact_nonempty_scaffold;ligand_tanimoto	0.237288136	0.310344828	1
G3S-55930eb8673c0eee	G3S-f9b101ab9b60896c	exact_nonempty_scaffold;ligand_tanimoto	0.223684211	0.21875	1
G3S-55930eb8673c0eee	G3S-fc8dc45b48055767	exact_nonempty_scaffold;ligand_tanimoto	0.222668004	0.384615385	1
G3S-57758481291b0ab8	G3S-59125c7fdb97217d	exact_nonempty_scaffold	0.15819209	0.166666667	0.292682927
G3S-57758481291b0ab8	G3S-6fbd681c38d3a2a2	exact_nonempty_scaffold	0.133874239	0.15	0.244444444
G3S-57758481291b0ab8	G3S-70ec124b3b4163f0	exact_nonempty_scaffold	0.0797481637	0.117647059	0.316666667
G3S-57758481291b0ab8	G3S-72740991b3279a1e	exact_nonempty_scaffold	0.0302035456	0.111111111	0.213114754
G3S-57758481291b0ab8	G3S-7ad1fcb7cf793248	exact_nonempty_scaffold;exact_target_sequence;full_sequence_identity;ligand_tanimoto;local_site_identity	1	0.8	0.613636364
G3S-57758481291b0ab8	G3S-7b63d80d43bd8871	exact_nonempty_scaffold;ligand_tanimoto	0.152866242	0.193548387	0.438596491
G3S-57758481291b0ab8	G3S-9236ab9d73532a9d	exact_nonempty_scaffold	0.0897435897	0.1875	0.258064516
G3S-57758481291b0ab8	G3S-9589527ecb9747c1	exact_nonempty_scaffold	0.138211382	0.111111111	0.316666667
G3S-57758481291b0ab8	G3S-9d3d506752fabc29	exact_nonempty_scaffold	0.15819209	0.125	0.258064516
G3S-57758481291b0ab8	G3S-a0b462ec59730874	exact_nonempty_scaffold	0.121722846	0.133333333	0.294117647
G3S-57758481291b0ab8	G3S-adf3d9017899d822	exact_nonempty_scaffold	0.180722892	0.153846154	0.270833333
G3S-57758481291b0ab8	G3S-b47e17893c82aca6	exact_nonempty_scaffold	0.191729323	0.210526316	0.20754717
G3S-57758481291b0ab8	G3S-b4e4bb5af0b8b2c1	exact_nonempty_scaffold	0.180722892	0.153846154	0.270833333
G3S-57758481291b0ab8	G3S-c3ad4039ad41a0e6	exact_nonempty_scaffold	0.145780051	0.166666667	0.211538462
G3S-57758481291b0ab8	G3S-c8b189267b8c3242	exact_nonempty_scaffold;ligand_tanimoto	0.114688129	0.166666667	0.615384615
G3S-57758481291b0ab8	G3S-d15243e290ebeba6	exact_nonempty_scaffold	0.186311787	0.130434783	0.292682927
G3S-57758481291b0ab8	G3S-d392e1d59c314666	exact_nonempty_scaffold	0.167938931	0.0769230769	0.258064516
G3S-57758481291b0ab8	G3S-d5f2b3941320fd29	exact_nonempty_scaffold	0.119402985	0.214285714	0.264705882
G3S-57758481291b0ab8	G3S-df91bc0fd4e2076d	exact_nonempty_scaffold	0.171641791	0.130434783	0.292682927
G3S-57758481291b0ab8	G3S-e06c6b7aad2ea234	exact_nonempty_scaffold;ligand_tanimoto	0.173652695	0.294117647	0.36
G3S-57758481291b0ab8	G3S-eb73c8235716ab91	exact_nonempty_scaffold	0.195488722	0.142857143	0.292682927
G3S-57758481291b0ab8	G3S-ee6c97e67f1fb0d7	exact_nonempty_scaffold	0.186311787	0.173913043	0.258064516
G3S-57758481291b0ab8	G3S-f2ec313bd7b3ce78	exact_nonempty_scaffold	0.137931034	0.0909090909	0.183333333
G3S-57758481291b0ab8	G3S-f5c4fa2e79c47654	exact_nonempty_scaffold	0.132286996	0.227272727	0.176470588
G3S-57758481291b0ab8	G3S-ff4e5bfc253b96ea	exact_nonempty_scaffold;ligand_tanimoto	0.146039604	0.137931034	0.452380952
G3S-57f29a986d5123ab	G3S-8c3d32f3825ec8c3	exact_target_sequence;full_sequence_identity	1	0.161290323	0.1875
G3S-5848d835f7a47085	G3S-5dd0b4d457e8529a	exact_nonempty_scaffold	0.171052632	0.192307692	0.181818182
G3S-5848d835f7a47085	G3S-7f4093cbfc6a5ba7	exact_nonempty_scaffold	0.171052632	0.192307692	0.237288136
G3S-5848d835f7a47085	G3S-82da8121de6eeecd	exact_nonempty_scaffold;ligand_tanimoto	0.162100457	0.166666667	0.350877193
G3S-5848d835f7a47085	G3S-8379ede84125ecb5	exact_nonempty_scaffold	0.162100457	0.166666667	0.245901639
G3S-5848d835f7a47085	G3S-83ba16a2ad335359	ligand_tanimoto	0.19391635	0.125	0.375
G3S-5848d835f7a47085	G3S-8908716879facb98	exact_nonempty_scaffold	0.162100457	0.166666667	0.237288136
G3S-5848d835f7a47085	G3S-a0b462ec59730874	ligand_tanimoto	0.2	0.0666666667	0.405405405
G3S-5848d835f7a47085	G3S-a5df04a0e400b0db	exact_nonempty_scaffold	0.178451178	0.148148148	0.213333333
G3S-5848d835f7a47085	G3S-b47e17893c82aca6	ligand_tanimoto	0.195652174	0.105263158	0.408163265
G3S-5848d835f7a47085	G3S-b6b157cccce7111a	exact_nonempty_scaffold	0.144122859	0.178571429	0.246575342
G3S-5848d835f7a47085	G3S-ba437efd56c85d19	exact_nonempty_scaffold	0.162100457	0.166666667	0.303571429
G3S-5848d835f7a47085	G3S-c8b189267b8c3242	ligand_tanimoto	0.241071429	0.1	0.4
G3S-5848d835f7a47085	G3S-da6a7a5b92d16f5d	exact_nonempty_scaffold;ligand_tanimoto	0.162100457	0.166666667	0.377358491
G3S-5848d835f7a47085	G3S-e710b4e67d7724f9	exact_nonempty_scaffold	0.162100457	0.166666667	0.213333333
G3S-5848d835f7a47085	G3S-f2318d3b76296c29	exact_nonempty_scaffold	0.171052632	0.192307692	0.191489362
G3S-5848d835f7a47085	G3S-fc8dc45b48055767	exact_nonempty_scaffold	0.178207739	0.25	0.213333333
G3S-59125c7fdb97217d	G3S-6454ff7a6533168a	exact_nonempty_scaffold	0.166666667	0.25	0.302325581
G3S-59125c7fdb97217d	G3S-6fbd681c38d3a2a2	exact_nonempty_scaffold	0.218687873	0.291666667	0.166666667
G3S-59125c7fdb97217d	G3S-70ec124b3b4163f0	exact_nonempty_scaffold	0.169989507	0.166666667	0.204081633
G3S-59125c7fdb97217d	G3S-72740991b3279a1e	exact_nonempty_scaffold	0.0738431244	0.125	0.210526316
G3S-59125c7fdb97217d	G3S-8468ef8a559bdade	exact_nonempty_scaffold;exact_target_sequence;full_sequence_identity;ligand_tanimoto;local_site_identity	1	0.730769231	1
G3S-59125c7fdb97217d	G3S-86c78a56d4596857	exact_nonempty_scaffold;full_sequence_identity;ligand_tanimoto;local_site_identity	0.30362117	0.538461538	1
G3S-59125c7fdb97217d	G3S-9236ab9d73532a9d	exact_nonempty_scaffold	0.172653534	0.0833333333	0.24137931
G3S-59125c7fdb97217d	G3S-9589527ecb9747c1	exact_nonempty_scaffold	0.216748768	0.0833333333	0.22
G3S-59125c7fdb97217d	G3S-9d3d506752fabc29	exact_nonempty_scaffold;exact_target_sequence;full_sequence_identity;ligand_tanimoto;local_site_identity	1	0.730769231	1
G3S-59125c7fdb97217d	G3S-a0b462ec59730874	exact_nonempty_scaffold	0.211009174	0.166666667	0.235294118
G3S-59125c7fdb97217d	G3S-a5f8f9b4623f1ec1	exact_nonempty_scaffold;full_sequence_identity;ligand_tanimoto;local_site_identity	0.315789474	0.615384615	1
G3S-59125c7fdb97217d	G3S-aaae27c9c7a68a3a	full_sequence_identity;ligand_tanimoto;local_site_identity	0.30362117	0.52	0.392156863
G3S-59125c7fdb97217d	G3S-ab9150ed0ce52416	exact_nonempty_scaffold;ligand_tanimoto	0.136329588	0.142857143	0.428571429
G3S-59125c7fdb97217d	G3S-adf3d9017899d822	exact_nonempty_scaffold;ligand_tanimoto	0.22606383	0.192307692	0.392857143
G3S-59125c7fdb97217d	G3S-b47e17893c82aca6	exact_nonempty_scaffold	0.21253406	0.166666667	0.24
G3S-59125c7fdb97217d	G3S-b4e4bb5af0b8b2c1	exact_nonempty_scaffold	0.22606383	0.192307692	0.291666667
G3S-59125c7fdb97217d	G3S-b66b7652f5b1d01d	ligand_tanimoto;local_site_identity	0.281337047	0.56	0.392156863
G3S-59125c7fdb97217d	G3S-bd2cdfe90c8aa7fa	exact_nonempty_scaffold;full_sequence_identity;ligand_tanimoto;local_site_identity	0.315789474	0.615384615	1
G3S-59125c7fdb97217d	G3S-beb8359aa320987f	exact_nonempty_scaffold;ligand_tanimoto;local_site_identity	0.281337047	0.56	1
G3S-59125c7fdb97217d	G3S-c3ad4039ad41a0e6	exact_nonempty_scaffold	0.224343675	0.1	0.204081633
G3S-59125c7fdb97217d	G3S-c8b189267b8c3242	exact_nonempty_scaffold	0.218074656	0.0833333333	0.3
G3S-59125c7fdb97217d	G3S-cb1dbf771699bf3f	ligand_tanimoto;local_site_identity	0.281337047	0.615384615	0.4
G3S-59125c7fdb97217d	G3S-d15243e290ebeba6	exact_nonempty_scaffold;full_sequence_identity;ligand_tanimoto;local_site_identity;shared_measurement_publication	0.30362117	0.615384615	1
G3S-59125c7fdb97217d	G3S-d2858f5dc6d0d6d2	exact_nonempty_scaffold;ligand_tanimoto;local_site_identity	0.281337047	0.586206897	0.743589744
G3S-59125c7fdb97217d	G3S-d392e1d59c314666	exact_nonempty_scaffold;ligand_tanimoto;local_site_identity;shared_reference_structure_publication	0.281337047	0.551724138	1
G3S-59125c7fdb97217d	G3S-d5f2b3941320fd29	exact_nonempty_scaffold;ligand_tanimoto	0.216363636	0.125	0.375
G3S-59125c7fdb97217d	G3S-d82e40f7bc270eb2	exact_nonempty_scaffold;full_sequence_identity;ligand_tanimoto;local_site_identity	0.30362117	0.5	1
G3S-59125c7fdb97217d	G3S-df91bc0fd4e2076d	exact_nonempty_scaffold;full_sequence_identity;ligand_tanimoto;local_site_identity;shared_measurement_publication	0.315789474	0.615384615	1
G3S-59125c7fdb97217d	G3S-e06c6b7aad2ea234	exact_nonempty_scaffold	0.185393258	0.166666667	0.323529412
G3S-59125c7fdb97217d	G3S-e7f816aed727534b	exact_nonempty_scaffold;ligand_tanimoto;local_site_identity	0.281337047	0.615384615	1
G3S-59125c7fdb97217d	G3S-eb73c8235716ab91	exact_nonempty_scaffold;ligand_tanimoto;local_site_identity;shared_measurement_publication	0.281337047	0.518518519	1
G3S-59125c7fdb97217d	G3S-ee6c97e67f1fb0d7	exact_nonempty_scaffold;full_sequence_identity;ligand_tanimoto;local_site_identity	0.30362117	0.538461538	1
G3S-59125c7fdb97217d	G3S-eea0596469e3b875	exact_nonempty_scaffold;ligand_tanimoto;local_site_identity	0.281337047	0.518518519	0.743589744
G3S-59125c7fdb97217d	G3S-f2ec313bd7b3ce78	exact_nonempty_scaffold	0.202933985	0.0833333333	0.204081633
G3S-59125c7fdb97217d	G3S-f5c4fa2e79c47654	exact_nonempty_scaffold	0.213250518	0.208333333	0.20754717
G3S-59125c7fdb97217d	G3S-ff4e5bfc253b96ea	exact_nonempty_scaffold	0.215102975	0.206896552	0.295454545
G3S-5938ff8da5e084b3	G3S-7ad16b5be174b17e	ligand_tanimoto	0.195020747	0.208333333	0.5
G3S-5938ff8da5e084b3	G3S-7d63354277860a98	ligand_tanimoto	0.207240949	0.173913043	0.484848485
G3S-5938ff8da5e084b3	G3S-8f554307cbbdbf67	ligand_tanimoto	0.222375691	0.208333333	0.613138686
G3S-5938ff8da5e084b3	G3S-aaae27c9c7a68a3a	exact_nonempty_scaffold	0.164305949	0.0588235294	0.267857143
G3S-5938ff8da5e084b3	G3S-b28f576038c6bba6	ligand_tanimoto	0.207253886	0.125	0.389312977
G3S-5938ff8da5e084b3	G3S-b66b7652f5b1d01d	exact_nonempty_scaffold	0.164305949	0.157894737	0.267857143
G3S-5938ff8da5e084b3	G3S-d63ca398425bbdff	ligand_tanimoto	0.210328638	0.142857143	0.460674157
G3S-5938ff8da5e084b3	G3S-e1d12f0e7fc3ce7f	exact_nonempty_scaffold;ligand_tanimoto	0.207930368	0.185185185	0.813333333
G3S-5938ff8da5e084b3	G3S-fb7593ab116f7278	exact_nonempty_scaffold	0.164305949	0.0952380952	0.345454545
G3S-5938ff8da5e084b3	G3S-fffc85fa1583cd07	ligand_tanimoto	0.100566572	0.0666666667	0.389534884
G3S-5dd0b4d457e8529a	G3S-69e1fcfda0e309e8	exact_nonempty_scaffold;ligand_tanimoto;local_site_identity	0.259433962	0.5	1
G3S-5dd0b4d457e8529a	G3S-6e529abe43b8b245	exact_nonempty_scaffold;ligand_tanimoto	0.221732746	0.464285714	1
G3S-5dd0b4d457e8529a	G3S-780095ecb7b0162a	ligand_tanimoto	0.214109926	0.379310345	0.75
G3S-5dd0b4d457e8529a	G3S-7a52256b4ab19efa	exact_nonempty_scaffold;ligand_tanimoto	0.252755906	0.464285714	1
G3S-5dd0b4d457e8529a	G3S-7ad16b5be174b17e	ligand_tanimoto	0.1552436	0.321428571	0.4
G3S-5dd0b4d457e8529a	G3S-7c94d7d05a9d2f85	exact_nonempty_scaffold;ligand_tanimoto	0.203947368	0.481481481	1
G3S-5dd0b4d457e8529a	G3S-7f4093cbfc6a5ba7	exact_nonempty_scaffold;exact_target_sequence;full_sequence_identity;ligand_tanimoto;local_site_identity	1	0.961538462	1
G3S-5dd0b4d457e8529a	G3S-82da8121de6eeecd	exact_nonempty_scaffold;ligand_tanimoto	0.217849613	0.4	1
G3S-5dd0b4d457e8529a	G3S-8379ede84125ecb5	exact_nonempty_scaffold;ligand_tanimoto	0.217849613	0.4	1
G3S-5dd0b4d457e8529a	G3S-8447070a69d51ab5	exact_nonempty_scaffold;ligand_tanimoto;shared_measurement_publication	0.252755906	0.464285714	1
G3S-5dd0b4d457e8529a	G3S-8908716879facb98	exact_nonempty_scaffold;ligand_tanimoto	0.217849613	0.4	1
G3S-5dd0b4d457e8529a	G3S-96b21ba0d0525be3	exact_nonempty_scaffold;ligand_tanimoto;shared_measurement_publication	0.208366854	0.351351351	1
G3S-5dd0b4d457e8529a	G3S-a5df04a0e400b0db	exact_nonempty_scaffold;ligand_tanimoto;shared_measurement_publication	0.221732746	0.464285714	1
G3S-5dd0b4d457e8529a	G3S-a607f21d0b792e74	exact_nonempty_scaffold;ligand_tanimoto	0.173267327	0.413793103	1
G3S-5dd0b4d457e8529a	G3S-a8d224cda1a84a3f	exact_nonempty_scaffold;full_sequence_identity;ligand_tanimoto	0.414831131	0.444444444	1
G3S-5dd0b4d457e8529a	G3S-a96a5730efc90a42	exact_nonempty_scaffold;ligand_tanimoto	0.227439472	0.371428571	1
G3S-5dd0b4d457e8529a	G3S-accf02b6dbaa6894	exact_nonempty_scaffold;ligand_tanimoto	0.153212521	0.34375	1
G3S-5dd0b4d457e8529a	G3S-b96988cabeb69917	exact_nonempty_scaffold;ligand_tanimoto	0.153212521	0.333333333	1
G3S-5dd0b4d457e8529a	G3S-ba437efd56c85d19	exact_nonempty_scaffold	0.217849613	0.4	0.333333333
G3S-5dd0b4d457e8529a	G3S-bd97b6205fe27668	exact_nonempty_scaffold;ligand_tanimoto	0.22745411	0.310344828	1
G3S-5dd0b4d457e8529a	G3S-c4c2e34a716f6ae6	exact_nonempty_scaffold;ligand_tanimoto	0.153212521	0.285714286	1
G3S-5dd0b4d457e8529a	G3S-c5d1969627a8c3f1	exact_nonempty_scaffold;ligand_tanimoto	0.203733766	0.285714286	1
G3S-5dd0b4d457e8529a	G3S-c6c69878bad91dca	exact_nonempty_scaffold;ligand_tanimoto	0.217035217	0.290322581	1
G3S-5dd0b4d457e8529a	G3S-cac62a85af1d2834	exact_nonempty_scaffold;ligand_tanimoto	0.238123515	0.333333333	1
G3S-5dd0b4d457e8529a	G3S-d1de2bf2f08fcf46	exact_nonempty_scaffold;ligand_tanimoto	0.217073171	0.266666667	1
G3S-5dd0b4d457e8529a	G3S-d207c324846b2507	exact_nonempty_scaffold;ligand_tanimoto	0.173267327	0.28125	1
G3S-5dd0b4d457e8529a	G3S-d3c114d403b4f6e6	ligand_tanimoto	0.217035217	0.290322581	0.37254902
G3S-5dd0b4d457e8529a	G3S-d587ea9877aeacf1	exact_nonempty_scaffold;ligand_tanimoto	0.217849613	0.4	1
G3S-5dd0b4d457e8529a	G3S-d5eff434a516ab97	exact_nonempty_scaffold;ligand_tanimoto	0.208366854	0.351351351	1
G3S-5dd0b4d457e8529a	G3S-da6a7a5b92d16f5d	exact_nonempty_scaffold;ligand_tanimoto	0.217849613	0.4	0.476923077
G3S-5dd0b4d457e8529a	G3S-dc79a9836344f3ec	exact_nonempty_scaffold;ligand_tanimoto;local_site_identity;shared_measurement_publication	0.259433962	0.5	1
G3S-5dd0b4d457e8529a	G3S-dd8aacb779840031	exact_nonempty_scaffold;ligand_tanimoto	0.140740741	0.464285714	1
G3S-5dd0b4d457e8529a	G3S-de2a24cde8ae391c	exact_nonempty_scaffold;ligand_tanimoto	0.249607535	0.407407407	1
G3S-5dd0b4d457e8529a	G3S-e3b2a2841a5b18a5	exact_nonempty_scaffold;ligand_tanimoto	0.248875562	0.4	1
G3S-5dd0b4d457e8529a	G3S-e710b4e67d7724f9	exact_nonempty_scaffold;ligand_tanimoto;shared_measurement_publication	0.217849613	0.4	1
G3S-5dd0b4d457e8529a	G3S-f2318d3b76296c29	exact_nonempty_scaffold;exact_target_sequence;full_sequence_identity;ligand_tanimoto;local_site_identity	1	0.961538462	1
G3S-5dd0b4d457e8529a	G3S-f4966ebce19de7c0	exact_nonempty_scaffold;ligand_tanimoto;shared_measurement_publication	0.248875562	0.4	1
G3S-5dd0b4d457e8529a	G3S-f9b101ab9b60896c	ligand_tanimoto	0.227439472	0.371428571	0.379310345
G3S-5dd0b4d457e8529a	G3S-fb6cb3a33814d85e	local_site_identity	0.190827191	0.5	0.325301205
G3S-5dd0b4d457e8529a	G3S-fc8dc45b48055767	exact_nonempty_scaffold;ligand_tanimoto;shared_measurement_publication	0.217979316	0.428571429	1
G3S-61544361ce31eac2	G3S-a0b462ec59730874	ligand_tanimoto	0.212765957	0.142857143	0.37254902
G3S-61544361ce31eac2	G3S-ff7784d287172c20	exact_nonempty_scaffold;full_sequence_identity;ligand_tanimoto;local_site_identity;shared_measurement_publication;shared_reference_structure_publication	0.838174274	0.863636364	1
G3S-641793e1a215b11a	G3S-6454ff7a6533168a	ligand_tanimoto	0.138195777	0.193548387	0.4
G3S-641793e1a215b11a	G3S-7c62eb923238b778	exact_nonempty_scaffold;full_sequence_identity;ligand_tanimoto;local_site_identity;shared_measurement_publication	0.650190114	0.848484848	1
G3S-641793e1a215b11a	G3S-d0f17450d1ab6af6	exact_nonempty_scaffold;full_sequence_identity;ligand_tanimoto;local_site_identity	0.650190114	0.848484848	1
G3S-641793e1a215b11a	G3S-fd168e6ca4c62f5c	full_sequence_identity;local_site_identity	0.650190114	0.848484848	0.253968254
G3S-6454ff7a6533168a	G3S-7c62eb923238b778	ligand_tanimoto	0.136363636	0.193548387	0.4
G3S-6454ff7a6533168a	G3S-9236ab9d73532a9d	exact_nonempty_scaffold	0.106060606	0.0714285714	0.326086957
G3S-6454ff7a6533168a	G3S-a0b462ec59730874	ligand_tanimoto	0.144465291	0.333333333	0.4
G3S-6454ff7a6533168a	G3S-ab9150ed0ce52416	exact_nonempty_scaffold	0.07951988	0.157894737	0.25
G3S-6454ff7a6533168a	G3S-d15243e290ebeba6	exact_nonempty_scaffold	0.210526316	0.173913043	0.302325581
G3S-6454ff7a6533168a	G3S-df91bc0fd4e2076d	exact_nonempty_scaffold	0.191881919	0.285714286	0.302325581
G3S-6454ff7a6533168a	G3S-eb73c8235716ab91	exact_nonempty_scaffold	0.214559387	0.285714286	0.302325581
G3S-69e1fcfda0e309e8	G3S-6e529abe43b8b245	exact_nonempty_scaffold;ligand_tanimoto;shared_measurement_publication	0.216876972	0.481481481	1
G3S-69e1fcfda0e309e8	G3S-780095ecb7b0162a	exact_nonempty_scaffold;ligand_tanimoto;shared_measurement_publication	0.224674022	0.357142857	1
G3S-69e1fcfda0e309e8	G3S-7a52256b4ab19efa	exact_nonempty_scaffold;full_sequence_identity;ligand_tanimoto;local_site_identity;shared_measurement_publication	0.520958084	0.821428571	1
G3S-69e1fcfda0e309e8	G3S-7ad16b5be174b17e	exact_nonempty_scaffold;ligand_tanimoto	0.172032193	0.259259259	1
G3S-69e1fcfda0e309e8	G3S-7c94d7d05a9d2f85	exact_nonempty_scaffold;ligand_tanimoto;local_site_identity;shared_measurement_publication	0.254802831	0.555555556	1
G3S-69e1fcfda0e309e8	G3S-7f4093cbfc6a5ba7	exact_nonempty_scaffold;ligand_tanimoto;local_site_identity	0.259433962	0.5	1
G3S-69e1fcfda0e309e8	G3S-8379ede84125ecb5	ligand_tanimoto	0.222794118	0.344827586	0.408163265
G3S-69e1fcfda0e309e8	G3S-8447070a69d51ab5	exact_nonempty_scaffold;full_sequence_identity;ligand_tanimoto;local_site_identity	0.520958084	0.821428571	1
G3S-69e1fcfda0e309e8	G3S-8908716879facb98	exact_nonempty_scaffold;ligand_tanimoto	0.222794118	0.344827586	1
G3S-69e1fcfda0e309e8	G3S-96b21ba0d0525be3	exact_nonempty_scaffold;ligand_tanimoto	0.263849765	0.333333333	1
G3S-69e1fcfda0e309e8	G3S-a5df04a0e400b0db	exact_nonempty_scaffold;ligand_tanimoto	0.216876972	0.481481481	1
G3S-69e1fcfda0e309e8	G3S-a607f21d0b792e74	exact_nonempty_scaffold;ligand_tanimoto;shared_measurement_publication	0.197183099	0.44	1
G3S-69e1fcfda0e309e8	G3S-a8d224cda1a84a3f	exact_nonempty_scaffold;ligand_tanimoto;shared_measurement_publication	0.226723525	0.307692308	1
G3S-69e1fcfda0e309e8	G3S-a96a5730efc90a42	exact_nonempty_scaffold;ligand_tanimoto;shared_measurement_publication	0.242156074	0.303030303	1
G3S-69e1fcfda0e309e8	G3S-accf02b6dbaa6894	exact_nonempty_scaffold;ligand_tanimoto	0.16514691	0.28125	1
G3S-69e1fcfda0e309e8	G3S-b96988cabeb69917	exact_nonempty_scaffold;ligand_tanimoto;shared_measurement_publication	0.16514691	0.333333333	1
G3S-69e1fcfda0e309e8	G3S-bd97b6205fe27668	exact_nonempty_scaffold;ligand_tanimoto;shared_measurement_publication	0.232142857	0.259259259	1
G3S-69e1fcfda0e309e8	G3S-c4c2e34a716f6ae6	exact_nonempty_scaffold;ligand_tanimoto	0.16514691	0.333333333	1
G3S-69e1fcfda0e309e8	G3S-c5d1969627a8c3f1	exact_nonempty_scaffold;ligand_tanimoto;shared_measurement_publication	0.207930368	0.379310345	1
G3S-69e1fcfda0e309e8	G3S-c6c69878bad91dca	exact_nonempty_scaffold;ligand_tanimoto;shared_measurement_publication	0.245526839	0.322580645	1
G3S-69e1fcfda0e309e8	G3S-cac62a85af1d2834	exact_nonempty_scaffold;ligand_tanimoto;shared_measurement_publication	0.223507917	0.275862069	1
G3S-69e1fcfda0e309e8	G3S-d183c9dc36c1eaef	ligand_tanimoto	0.191532258	0.25	0.391304348
G3S-69e1fcfda0e309e8	G3S-d1de2bf2f08fcf46	exact_nonempty_scaffold;ligand_tanimoto;shared_measurement_publication	0.236043095	0.321428571	1
G3S-69e1fcfda0e309e8	G3S-d207c324846b2507	exact_nonempty_scaffold;ligand_tanimoto;shared_measurement_publication	0.171717172	0.290322581	1
G3S-69e1fcfda0e309e8	G3S-d3c114d403b4f6e6	ligand_tanimoto	0.245526839	0.322580645	0.472972973
G3S-69e1fcfda0e309e8	G3S-d587ea9877aeacf1	exact_nonempty_scaffold;ligand_tanimoto;shared_measurement_publication	0.222794118	0.344827586	1
G3S-69e1fcfda0e309e8	G3S-d5eff434a516ab97	exact_nonempty_scaffold;ligand_tanimoto;shared_measurement_publication	0.263849765	0.333333333	1
G3S-69e1fcfda0e309e8	G3S-da6a7a5b92d16f5d	exact_nonempty_scaffold;ligand_tanimoto	0.222794118	0.344827586	1
G3S-69e1fcfda0e309e8	G3S-dc79a9836344f3ec	exact_nonempty_scaffold;exact_target_sequence;full_sequence_identity;ligand_tanimoto;local_site_identity;shared_reference_structure_publication	1	1	1
G3S-69e1fcfda0e309e8	G3S-dd8aacb779840031	exact_nonempty_scaffold;ligand_tanimoto;local_site_identity	0.229989868	0.821428571	1
G3S-69e1fcfda0e309e8	G3S-de2a24cde8ae391c	exact_nonempty_scaffold;full_sequence_identity;ligand_tanimoto;local_site_identity;shared_measurement_publication	0.512745098	0.62962963	1
G3S-69e1fcfda0e309e8	G3S-e3b2a2841a5b18a5	exact_nonempty_scaffold;ligand_tanimoto;local_site_identity;shared_measurement_publication	0.254022015	0.5	1
G3S-69e1fcfda0e309e8	G3S-e710b4e67d7724f9	exact_nonempty_scaffold;ligand_tanimoto	0.222794118	0.344827586	1
G3S-69e1fcfda0e309e8	G3S-f2318d3b76296c29	exact_nonempty_scaffold;ligand_tanimoto;local_site_identity	0.259433962	0.5	1
G3S-69e1fcfda0e309e8	G3S-f4966ebce19de7c0	exact_nonempty_scaffold;ligand_tanimoto;local_site_identity	0.254022015	0.5	1
G3S-69e1fcfda0e309e8	G3S-f9b101ab9b60896c	exact_nonempty_scaffold;ligand_tanimoto	0.242156074	0.303030303	1
G3S-69e1fcfda0e309e8	G3S-fb6cb3a33814d85e	local_site_identity	0.204843592	0.538461538	0.325301205
G3S-69e1fcfda0e309e8	G3S-fc8dc45b48055767	exact_nonempty_scaffold;ligand_tanimoto	0.224954463	0.444444444	1
G3S-6e529abe43b8b245	G3S-780095ecb7b0162a	exact_nonempty_scaffold;ligand_tanimoto;shared_measurement_publication	0.216080402	0.333333333	1
G3S-6e529abe43b8b245	G3S-7a52256b4ab19efa	exact_nonempty_scaffold;ligand_tanimoto;local_site_identity;shared_measurement_publication	0.219319082	0.666666667	1
G3S-6e529abe43b8b245	G3S-7ad16b5be174b17e	exact_nonempty_scaffold;ligand_tanimoto	0.141659681	0.4	1
G3S-6e529abe43b8b245	G3S-7c94d7d05a9d2f85	exact_nonempty_scaffold;ligand_tanimoto;local_site_identity;shared_measurement_publication	0.202668891	0.655172414	1
G3S-6e529abe43b8b245	G3S-7f4093cbfc6a5ba7	exact_nonempty_scaffold;ligand_tanimoto;local_site_identity	0.221732746	0.5	1
G3S-6e529abe43b8b245	G3S-82da8121de6eeecd	exact_nonempty_scaffold;ligand_tanimoto	0.233146067	0.4	1
G3S-6e529abe43b8b245	G3S-8379ede84125ecb5	exact_nonempty_scaffold;ligand_tanimoto	0.233146067	0.4	1
G3S-6e529abe43b8b245	G3S-8447070a69d51ab5	exact_nonempty_scaffold;ligand_tanimoto;local_site_identity	0.219319082	0.666666667	1
G3S-6e529abe43b8b245	G3S-8908716879facb98	exact_nonempty_scaffold;ligand_tanimoto	0.233146067	0.4	1
G3S-6e529abe43b8b245	G3S-96b21ba0d0525be3	exact_nonempty_scaffold;ligand_tanimoto	0.206467662	0.424242424	1
G3S-6e529abe43b8b245	G3S-a5df04a0e400b0db	exact_nonempty_scaffold;exact_target_sequence;full_sequence_identity;ligand_tanimoto;local_site_identity;shared_reference_structure_publication	1	1	1
G3S-6e529abe43b8b245	G3S-a607f21d0b792e74	exact_nonempty_scaffold;ligand_tanimoto;shared_measurement_publication	0.179443976	0.428571429	1
G3S-6e529abe43b8b245	G3S-a8d224cda1a84a3f	exact_nonempty_scaffold;ligand_tanimoto;shared_measurement_publication	0.223522167	0.444444444	1
G3S-6e529abe43b8b245	G3S-a96a5730efc90a42	exact_nonempty_scaffold;ligand_tanimoto;shared_measurement_publication	0.214618974	0.25	1
G3S-6e529abe43b8b245	G3S-accf02b6dbaa6894	exact_nonempty_scaffold;ligand_tanimoto	0.147182506	0.375	1
G3S-6e529abe43b8b245	G3S-adf3d9017899d822	ligand_tanimoto	0.146959459	0.0740740741	0.362068966
G3S-6e529abe43b8b245	G3S-b4e4bb5af0b8b2c1	ligand_tanimoto	0.146959459	0.0740740741	0.362068966
G3S-6e529abe43b8b245	G3S-b96988cabeb69917	exact_nonempty_scaffold;ligand_tanimoto;shared_measurement_publication	0.147182506	0.344827586	1
G3S-6e529abe43b8b245	G3S-ba437efd56c85d19	exact_nonempty_scaffold;ligand_tanimoto	0.233146067	0.4	1
G3S-6e529abe43b8b245	G3S-bd97b6205fe27668	exact_nonempty_scaffold;ligand_tanimoto;shared_measurement_publication	0.219492219	0.37037037	1
G3S-6e529abe43b8b245	G3S-c4c2e34a716f6ae6	exact_nonempty_scaffold;ligand_tanimoto	0.147182506	0.222222222	1
G3S-6e529abe43b8b245	G3S-c5d1969627a8c3f1	exact_nonempty_scaffold;ligand_tanimoto;shared_measurement_publication	0.21219716	0.357142857	1
G3S-6e529abe43b8b245	G3S-c6c69878bad91dca	exact_nonempty_scaffold;ligand_tanimoto;shared_measurement_publication	0.21547421	0.35483871	1
G3S-6e529abe43b8b245	G3S-cac62a85af1d2834	exact_nonempty_scaffold;ligand_tanimoto;shared_measurement_publication	0.229527794	0.357142857	1
G3S-6e529abe43b8b245	G3S-d183c9dc36c1eaef	ligand_tanimoto	0.166244726	0.321428571	0.391304348
G3S-6e529abe43b8b245	G3S-d1de2bf2f08fcf46	exact_nonempty_scaffold;ligand_tanimoto;shared_measurement_publication	0.20661157	0.259259259	1
G3S-6e529abe43b8b245	G3S-d207c324846b2507	exact_nonempty_scaffold;ligand_tanimoto;shared_measurement_publication	0.188235294	0.322580645	1
G3S-6e529abe43b8b245	G3S-d3c114d403b4f6e6	ligand_tanimoto	0.21547421	0.35483871	0.472972973
G3S-6e529abe43b8b245	G3S-d587ea9877aeacf1	exact_nonempty_scaffold;ligand_tanimoto;shared_measurement_publication	0.233146067	0.4	1
G3S-6e529abe43b8b245	G3S-d5eff434a516ab97	exact_nonempty_scaffold;ligand_tanimoto;shared_measurement_publication	0.206467662	0.424242424	1
G3S-6e529abe43b8b245	G3S-da6a7a5b92d16f5d	exact_nonempty_scaffold;ligand_tanimoto	0.233146067	0.4	1
G3S-6e529abe43b8b245	G3S-dc79a9836344f3ec	exact_nonempty_scaffold;ligand_tanimoto	0.216876972	0.481481481	1
G3S-6e529abe43b8b245	G3S-dd8aacb779840031	exact_nonempty_scaffold;ligand_tanimoto;local_site_identity	0.130142737	0.666666667	1
G3S-6e529abe43b8b245	G3S-de2a24cde8ae391c	exact_nonempty_scaffold;ligand_tanimoto;shared_measurement_publication	0.212469237	0.448275862	1
G3S-6e529abe43b8b245	G3S-e3b2a2841a5b18a5	exact_nonempty_scaffold;ligand_tanimoto;shared_measurement_publication	0.217767296	0.40625	1
G3S-6e529abe43b8b245	G3S-e710b4e67d7724f9	exact_nonempty_scaffold;ligand_tanimoto	0.233146067	0.4	1
G3S-6e529abe43b8b245	G3S-f2318d3b76296c29	exact_nonempty_scaffold;ligand_tanimoto;local_site_identity	0.221732746	0.5	1
G3S-6e529abe43b8b245	G3S-f4966ebce19de7c0	exact_nonempty_scaffold;ligand_tanimoto	0.217767296	0.40625	1
G3S-6e529abe43b8b245	G3S-f9b101ab9b60896c	exact_nonempty_scaffold;ligand_tanimoto	0.214618974	0.25	1
G3S-6e529abe43b8b245	G3S-fb6cb3a33814d85e	local_site_identity	0.194794291	0.666666667	0.337662338
G3S-6e529abe43b8b245	G3S-fb7593ab116f7278	exact_nonempty_scaffold	0.125211506	0.111111111	0.267605634
G3S-6e529abe43b8b245	G3S-fc8dc45b48055767	exact_nonempty_scaffold;ligand_tanimoto;local_site_identity	0.214285714	0.535714286	1
G3S-6f45b1bb0dddfac7	G3S-929205c457d12bfd	ligand_tanimoto	0.0609540636	0.130434783	0.38028169
G3S-6f45b1bb0dddfac7	G3S-a38e7f40310e2c16	exact_target_sequence;full_sequence_identity	1	0.285714286	0.253164557
G3S-6f45b1bb0dddfac7	G3S-a96a5730efc90a42	exact_target_sequence;full_sequence_identity;local_site_identity	1	0.642857143	0.227272727
G3S-6f45b1bb0dddfac7	G3S-adf3d9017899d822	ligand_tanimoto	0.148861646	0.153846154	0.35483871
G3S-6f45b1bb0dddfac7	G3S-b28f576038c6bba6	ligand_tanimoto	0.198071867	0.193548387	0.44
G3S-6f45b1bb0dddfac7	G3S-c1bf0bf4ec7b8cf8	full_sequence_identity	0.391339214	0.260869565	0.12987013
G3S-6f45b1bb0dddfac7	G3S-ccdb4e9b6cf85e30	full_sequence_identity	0.391339214	0.375	0.12195122
G3S-6f45b1bb0dddfac7	G3S-f9b101ab9b60896c	exact_target_sequence;full_sequence_identity;local_site_identity	1	0.642857143	0.182926829
G3S-6fbd681c38d3a2a2	G3S-70ec124b3b4163f0	exact_nonempty_scaffold	0.187891441	0.15	0.263888889
G3S-6fbd681c38d3a2a2	G3S-72740991b3279a1e	exact_nonempty_scaffold	0.0971766251	0.142857143	0.265822785
G3S-6fbd681c38d3a2a2	G3S-9236ab9d73532a9d	exact_nonempty_scaffold	0.208285386	0.148148148	0.285714286
G3S-6fbd681c38d3a2a2	G3S-9589527ecb9747c1	exact_nonempty_scaffold	0.228571429	0.192307692	0.263888889
G3S-6fbd681c38d3a2a2	G3S-9d3d506752fabc29	exact_nonempty_scaffold	0.218687873	0.291666667	0.209876543
G3S-6fbd681c38d3a2a2	G3S-a0b462ec59730874	exact_nonempty_scaffold	0.225473322	0.15	0.282051282
G3S-6fbd681c38d3a2a2	G3S-adf3d9017899d822	exact_nonempty_scaffold	0.230314961	0.230769231	0.206349206
G3S-6fbd681c38d3a2a2	G3S-b47e17893c82aca6	exact_nonempty_scaffold	0.210953347	0.12	0.244897959
G3S-6fbd681c38d3a2a2	G3S-b4e4bb5af0b8b2c1	exact_nonempty_scaffold	0.230314961	0.230769231	0.206349206
G3S-6fbd681c38d3a2a2	G3S-c3ad4039ad41a0e6	exact_nonempty_scaffold	0.20776699	0.151515152	0.233766234
G3S-6fbd681c38d3a2a2	G3S-c8b189267b8c3242	exact_nonempty_scaffold	0.222627737	0.15	0.184210526
G3S-6fbd681c38d3a2a2	G3S-d15243e290ebeba6	exact_nonempty_scaffold	0.197979798	0.153846154	0.166666667
G3S-6fbd681c38d3a2a2	G3S-d392e1d59c314666	exact_nonempty_scaffold	0.200803213	0.153846154	0.209876543
G3S-6fbd681c38d3a2a2	G3S-d5f2b3941320fd29	exact_nonempty_scaffold	0.223385689	0.130434783	0.218181818
G3S-6fbd681c38d3a2a2	G3S-df91bc0fd4e2076d	exact_nonempty_scaffold	0.206412826	0.142857143	0.166666667
G3S-6fbd681c38d3a2a2	G3S-e06c6b7aad2ea234	exact_nonempty_scaffold	0.165322581	0.347826087	0.20754717
G3S-6fbd681c38d3a2a2	G3S-eb73c8235716ab91	exact_nonempty_scaffold	0.203187251	0.2	0.166666667
G3S-6fbd681c38d3a2a2	G3S-ee6c97e67f1fb0d7	exact_nonempty_scaffold	0.197979798	0.217391304	0.195402299
G3S-6fbd681c38d3a2a2	G3S-f2ec313bd7b3ce78	exact_nonempty_scaffold	0.203125	0.0454545455	0.263888889
G3S-6fbd681c38d3a2a2	G3S-f5c4fa2e79c47654	exact_nonempty_scaffold	0.230347349	0.192307692	0.162790698
G3S-6fbd681c38d3a2a2	G3S-ff4e5bfc253b96ea	exact_nonempty_scaffold	0.22326454	0.137931034	0.205882353
G3S-70ec124b3b4163f0	G3S-72740991b3279a1e	exact_nonempty_scaffold	0.147771953	0.111111111	0.202380952
G3S-70ec124b3b4163f0	G3S-9236ab9d73532a9d	exact_nonempty_scaffold	0.225216554	0.0588235294	0.291666667
G3S-70ec124b3b4163f0	G3S-9589527ecb9747c1	exact_nonempty_scaffold;ligand_tanimoto;local_site_identity;shared_measurement_publication	0.179460581	0.666666667	1
G3S-70ec124b3b4163f0	G3S-9d3d506752fabc29	exact_nonempty_scaffold	0.169989507	0.125	0.169230769
G3S-70ec124b3b4163f0	G3S-a0b462ec59730874	exact_nonempty_scaffold	0.202492212	0.222222222	0.333333333
G3S-70ec124b3b4163f0	G3S-adf3d9017899d822	exact_nonempty_scaffold	0.162303665	0.115384615	0.3125
G3S-70ec124b3b4163f0	G3S-b47e17893c82aca6	exact_nonempty_scaffold	0.144351464	0.166666667	0.196969697
G3S-70ec124b3b4163f0	G3S-b4e4bb5af0b8b2c1	exact_nonempty_scaffold	0.162303665	0.115384615	0.3
G3S-70ec124b3b4163f0	G3S-c3ad4039ad41a0e6	exact_nonempty_scaffold	0.165445026	0.1	0.275362319
G3S-70ec124b3b4163f0	G3S-c8b189267b8c3242	exact_nonempty_scaffold	0.196242171	0.0555555556	0.158730159
G3S-70ec124b3b4163f0	G3S-d15243e290ebeba6	exact_nonempty_scaffold	0.131937173	0.173913043	0.204081633
G3S-70ec124b3b4163f0	G3S-d392e1d59c314666	exact_nonempty_scaffold	0.140608604	0.192307692	0.179104478
G3S-70ec124b3b4163f0	G3S-d5f2b3941320fd29	exact_nonempty_scaffold	0.214435146	0.176470588	0.204081633
G3S-70ec124b3b4163f0	G3S-df91bc0fd4e2076d	exact_nonempty_scaffold	0.141806723	0.19047619	0.204081633
G3S-70ec124b3b4163f0	G3S-e06c6b7aad2ea234	exact_nonempty_scaffold	0.108079748	0.0588235294	0.325581395
G3S-70ec124b3b4163f0	G3S-eb73c8235716ab91	exact_nonempty_scaffold	0.139705882	0.238095238	0.204081633
G3S-70ec124b3b4163f0	G3S-ee6c97e67f1fb0d7	exact_nonempty_scaffold	0.131937173	0.217391304	0.179104478
G3S-70ec124b3b4163f0	G3S-f2ec313bd7b3ce78	exact_nonempty_scaffold;ligand_tanimoto;local_site_identity;shared_measurement_publication	0.166493236	0.545454545	1
G3S-70ec124b3b4163f0	G3S-f5c4fa2e79c47654	exact_nonempty_scaffold	0.189727463	0.0909090909	0.142857143
G3S-70ec124b3b4163f0	G3S-fb7593ab116f7278	exact_nonempty_scaffold;ligand_tanimoto	0.141361257	0.142857143	0.392156863
G3S-70ec124b3b4163f0	G3S-ff4e5bfc253b96ea	exact_nonempty_scaffold	0.192872117	0.137931034	0.203389831
G3S-7258bf496c1f8d25	G3S-a0b462ec59730874	exact_nonempty_scaffold	0.244648318	0.148148148	0.222222222
G3S-7258bf496c1f8d25	G3S-d1bbafed8d4f34cf	exact_nonempty_scaffold;ligand_tanimoto;local_site_identity;shared_measurement_publication	0.259438529	0.515151515	1
G3S-72740991b3279a1e	G3S-780095ecb7b0162a	exact_nonempty_scaffold;ligand_tanimoto	0.108010506	0.142857143	1
G3S-72740991b3279a1e	G3S-8337edc867d47bcc	ligand_tanimoto	0.165134603	0.421052632	0.35443038
G3S-72740991b3279a1e	G3S-8afbd56096fe1b47	ligand_tanimoto	0.179503916	0.260869565	0.479452055
G3S-72740991b3279a1e	G3S-9236ab9d73532a9d	exact_nonempty_scaffold	0.140327869	0.166666667	0.254545455
G3S-72740991b3279a1e	G3S-9589527ecb9747c1	exact_nonempty_scaffold	0.0718739744	0.0833333333	0.202380952
G3S-72740991b3279a1e	G3S-9d3d506752fabc29	exact_nonempty_scaffold	0.0738431244	0.0833333333	0.171875
G3S-72740991b3279a1e	G3S-a0b462ec59730874	exact_nonempty_scaffold	0.104727511	0.111111111	0.24
G3S-72740991b3279a1e	G3S-adf3d9017899d822	exact_nonempty_scaffold	0.0705380577	0.115384615	0.208333333
G3S-72740991b3279a1e	G3S-b47e17893c82aca6	exact_nonempty_scaffold	0.0577427822	0.210526316	0.176470588
G3S-72740991b3279a1e	G3S-b4e4bb5af0b8b2c1	exact_nonempty_scaffold	0.0705380577	0.115384615	0.208333333
G3S-72740991b3279a1e	G3S-c3ad4039ad41a0e6	exact_nonempty_scaffold	0.0823761076	0.133333333	0.192307692
G3S-72740991b3279a1e	G3S-c8b189267b8c3242	exact_nonempty_scaffold	0.0925500492	0.111111111	0.211538462
G3S-72740991b3279a1e	G3S-cac62a85af1d2834	exact_nonempty_scaffold;ligand_tanimoto	0.191454664	0.115384615	1
G3S-72740991b3279a1e	G3S-d15243e290ebeba6	exact_nonempty_scaffold	0.0620485883	0.130434783	0.210526316
G3S-72740991b3279a1e	G3S-d1de2bf2f08fcf46	exact_nonempty_scaffold;ligand_tanimoto	0.128356254	0.08	1
G3S-72740991b3279a1e	G3S-d392e1d59c314666	exact_nonempty_scaffold	0.0613919895	0.153846154	0.171875
G3S-72740991b3279a1e	G3S-d587ea9877aeacf1	exact_nonempty_scaffold;ligand_tanimoto	0.181669394	0.206896552	1
G3S-72740991b3279a1e	G3S-d5f2b3941320fd29	exact_nonempty_scaffold	0.101444517	0.2	0.191489362
G3S-72740991b3279a1e	G3S-df91bc0fd4e2076d	exact_nonempty_scaffold	0.0597112861	0.181818182	0.142857143
G3S-72740991b3279a1e	G3S-e06c6b7aad2ea234	exact_nonempty_scaffold	0.0410374261	0.157894737	0.272727273
G3S-72740991b3279a1e	G3S-eb73c8235716ab91	exact_nonempty_scaffold	0.0590938936	0.0952380952	0.210526316
G3S-72740991b3279a1e	G3S-ee6c97e67f1fb0d7	exact_nonempty_scaffold	0.0620485883	0.173913043	0.169491525
G3S-72740991b3279a1e	G3S-f2ec313bd7b3ce78	exact_nonempty_scaffold	0.0727868852	0.192307692	0.202380952
G3S-72740991b3279a1e	G3S-f5c4fa2e79c47654	exact_nonempty_scaffold	0.0919238345	0.178571429	0.197368421
G3S-72740991b3279a1e	G3S-fb6b9c4b9d6641a2	local_site_identity	0.187459177	0.5	0.256097561
G3S-72740991b3279a1e	G3S-ff4e5bfc253b96ea	exact_nonempty_scaffold	0.0863427446	0.103448276	0.238095238
G3S-743b25bd8ed06539	G3S-9838f6e0d45906f5	exact_target_sequence;full_sequence_identity	1	0.15	0.154471545
G3S-743b25bd8ed06539	G3S-d25ad64514236b8b	exact_target_sequence;full_sequence_identity	1	0.15	0.217821782
G3S-743b25bd8ed06539	G3S-fb6b9c4b9d6641a2	exact_nonempty_scaffold;exact_target_sequence;full_sequence_identity;ligand_tanimoto	1	0.217391304	1
G3S-743b25bd8ed06539	G3S-fb7593ab116f7278	ligand_tanimoto	0.0994879298	0.192307692	0.362318841
G3S-780095ecb7b0162a	G3S-7a52256b4ab19efa	exact_nonempty_scaffold;ligand_tanimoto;shared_measurement_publication	0.246478873	0.3	1
G3S-780095ecb7b0162a	G3S-7ad16b5be174b17e	exact_nonempty_scaffold;ligand_tanimoto	0.209090909	0.4	1
G3S-780095ecb7b0162a	G3S-7c94d7d05a9d2f85	exact_nonempty_scaffold;full_sequence_identity;ligand_tanimoto;shared_measurement_publication	0.302533532	0.285714286	1
G3S-780095ecb7b0162a	G3S-7f4093cbfc6a5ba7	exact_nonempty_scaffold;ligand_tanimoto	0.214109926	0.344827586	1
G3S-780095ecb7b0162a	G3S-82da8121de6eeecd	exact_nonempty_scaffold;ligand_tanimoto	0.187878788	0.275862069	1
G3S-780095ecb7b0162a	G3S-8379ede84125ecb5	exact_nonempty_scaffold;ligand_tanimoto	0.187878788	0.275862069	1
G3S-780095ecb7b0162a	G3S-8447070a69d51ab5	exact_nonempty_scaffold;ligand_tanimoto	0.246478873	0.3	1
G3S-780095ecb7b0162a	G3S-8908716879facb98	exact_nonempty_scaffold;ligand_tanimoto	0.187878788	0.275862069	1
G3S-780095ecb7b0162a	G3S-96b21ba0d0525be3	exact_nonempty_scaffold;ligand_tanimoto	0.25443787	0.21875	1
G3S-780095ecb7b0162a	G3S-a5df04a0e400b0db	exact_nonempty_scaffold;ligand_tanimoto	0.216080402	0.333333333	1
G3S-780095ecb7b0162a	G3S-a607f21d0b792e74	exact_nonempty_scaffold;ligand_tanimoto;shared_measurement_publication	0.219284603	0.391304348	1
G3S-780095ecb7b0162a	G3S-a8d224cda1a84a3f	exact_nonempty_scaffold;ligand_tanimoto;shared_measurement_publication	0.186080586	0.333333333	1
G3S-780095ecb7b0162a	G3S-a96a5730efc90a42	exact_nonempty_scaffold;ligand_tanimoto;shared_measurement_publication	0.228947368	0.428571429	1
G3S-780095ecb7b0162a	G3S-b96988cabeb69917	exact_nonempty_scaffold;ligand_tanimoto;shared_measurement_publication	0.216510903	0.233333333	1
G3S-780095ecb7b0162a	G3S-bd97b6205fe27668	exact_nonempty_scaffold;ligand_tanimoto;local_site_identity;shared_measurement_publication	0.226943005	0.5	1
G3S-780095ecb7b0162a	G3S-c1bf0bf4ec7b8cf8	local_site_identity	0.224369748	0.5	0.230769231
G3S-780095ecb7b0162a	G3S-c5d1969627a8c3f1	exact_nonempty_scaffold;ligand_tanimoto;shared_measurement_publication	0.2	0.384615385	1
G3S-780095ecb7b0162a	G3S-c6c69878bad91dca	exact_nonempty_scaffold;ligand_tanimoto;shared_measurement_publication	0.237977805	0.166666667	1
G3S-780095ecb7b0162a	G3S-cac62a85af1d2834	exact_nonempty_scaffold;ligand_tanimoto;shared_measurement_publication	0.180368098	0.444444444	1
G3S-780095ecb7b0162a	G3S-d183c9dc36c1eaef	ligand_tanimoto	0.208206687	0.407407407	0.391304348
G3S-780095ecb7b0162a	G3S-d1de2bf2f08fcf46	exact_nonempty_scaffold;ligand_tanimoto;shared_measurement_publication	0.232704403	0.32	1
G3S-780095ecb7b0162a	G3S-d207c324846b2507	exact_nonempty_scaffold;ligand_tanimoto;shared_measurement_publication	0.210526316	0.258064516	1
G3S-780095ecb7b0162a	G3S-d3c114d403b4f6e6	ligand_tanimoto	0.237977805	0.166666667	0.410714286
G3S-780095ecb7b0162a	G3S-d587ea9877aeacf1	exact_nonempty_scaffold;ligand_tanimoto;shared_measurement_publication	0.187878788	0.275862069	1
G3S-780095ecb7b0162a	G3S-d5eff434a516ab97	exact_nonempty_scaffold;ligand_tanimoto;shared_measurement_publication	0.25443787	0.21875	1
G3S-780095ecb7b0162a	G3S-da6a7a5b92d16f5d	exact_nonempty_scaffold;ligand_tanimoto	0.187878788	0.275862069	1
G3S-780095ecb7b0162a	G3S-dc79a9836344f3ec	exact_nonempty_scaffold;ligand_tanimoto	0.224674022	0.357142857	1
G3S-780095ecb7b0162a	G3S-dd8aacb779840031	exact_nonempty_scaffold;ligand_tanimoto	0.197901049	0.3	1
G3S-780095ecb7b0162a	G3S-de2a24cde8ae391c	exact_nonempty_scaffold;ligand_tanimoto;shared_measurement_publication	0.24749499	0.321428571	1
G3S-780095ecb7b0162a	G3S-e3b2a2841a5b18a5	exact_nonempty_scaffold;ligand_tanimoto;shared_measurement_publication	0.221727516	0.379310345	1
G3S-780095ecb7b0162a	G3S-e710b4e67d7724f9	exact_nonempty_scaffold;ligand_tanimoto	0.187878788	0.275862069	1
G3S-780095ecb7b0162a	G3S-f2318d3b76296c29	exact_nonempty_scaffold;ligand_tanimoto	0.214109926	0.344827586	1
G3S-780095ecb7b0162a	G3S-f4966ebce19de7c0	exact_nonempty_scaffold;ligand_tanimoto	0.221727516	0.379310345	1
G3S-780095ecb7b0162a	G3S-f9b101ab9b60896c	exact_nonempty_scaffold;ligand_tanimoto	0.228947368	0.428571429	1
G3S-780095ecb7b0162a	G3S-fc8dc45b48055767	exact_nonempty_scaffold;ligand_tanimoto	0.216463415	0.321428571	1
G3S-78b1342acf926183	G3S-b28f576038c6bba6	exact_nonempty_scaffold;exact_target_sequence;full_sequence_identity;ligand_tanimoto;local_site_identity	1	0.806451613	1
G3S-78b1342acf926183	G3S-d25ad64514236b8b	ligand_tanimoto	0.156182213	0.107142857	0.388888889
G3S-7a52256b4ab19efa	G3S-7ad16b5be174b17e	exact_nonempty_scaffold;ligand_tanimoto	0.167517875	0.24137931	1
G3S-7a52256b4ab19efa	G3S-7c94d7d05a9d2f85	exact_nonempty_scaffold;ligand_tanimoto;local_site_identity;shared_measurement_publication	0.243161094	0.551724138	1
G3S-7a52256b4ab19efa	G3S-7f4093cbfc6a5ba7	exact_nonempty_scaffold;ligand_tanimoto;local_site_identity	0.252755906	0.5	1
G3S-7a52256b4ab19efa	G3S-8447070a69d51ab5	exact_nonempty_scaffold;exact_target_sequence;full_sequence_identity;ligand_tanimoto;local_site_identity;shared_reference_structure_publication	1	1	1
G3S-7a52256b4ab19efa	G3S-8908716879facb98	exact_nonempty_scaffold;ligand_tanimoto	0.213352685	0.333333333	1
G3S-7a52256b4ab19efa	G3S-96b21ba0d0525be3	exact_nonempty_scaffold;ligand_tanimoto	0.257849667	0.363636364	1
G3S-7a52256b4ab19efa	G3S-a5df04a0e400b0db	exact_nonempty_scaffold;ligand_tanimoto;local_site_identity	0.219319082	0.666666667	1
G3S-7a52256b4ab19efa	G3S-a607f21d0b792e74	exact_nonempty_scaffold;ligand_tanimoto;shared_measurement_publication	0.199592668	0.321428571	1
G3S-7a52256b4ab19efa	G3S-a8d224cda1a84a3f	exact_nonempty_scaffold;ligand_tanimoto;shared_measurement_publication	0.222701149	0.333333333	1
G3S-7a52256b4ab19efa	G3S-a96a5730efc90a42	exact_nonempty_scaffold;ligand_tanimoto;shared_measurement_publication	0.230769231	0.212121212	1
G3S-7a52256b4ab19efa	G3S-accf02b6dbaa6894	exact_nonempty_scaffold;ligand_tanimoto	0.158316633	0.3125	1
G3S-7a52256b4ab19efa	G3S-b96988cabeb69917	exact_nonempty_scaffold;ligand_tanimoto;shared_measurement_publication	0.158316633	0.310344828	1
G3S-7a52256b4ab19efa	G3S-bd97b6205fe27668	exact_nonempty_scaffold;ligand_tanimoto;shared_measurement_publication	0.245300752	0.285714286	1
G3S-7a52256b4ab19efa	G3S-c4c2e34a716f6ae6	exact_nonempty_scaffold;ligand_tanimoto	0.158316633	0.185185185	1
G3S-7a52256b4ab19efa	G3S-c5d1969627a8c3f1	exact_nonempty_scaffold;ligand_tanimoto;shared_measurement_publication	0.187250996	0.357142857	1
G3S-7a52256b4ab19efa	G3S-c6c69878bad91dca	exact_nonempty_scaffold;ligand_tanimoto;shared_measurement_publication	0.257171118	0.387096774	1
G3S-7a52256b4ab19efa	G3S-cac62a85af1d2834	exact_nonempty_scaffold;ligand_tanimoto;shared_measurement_publication	0.22713507	0.25	1
G3S-7a52256b4ab19efa	G3S-d183c9dc36c1eaef	ligand_tanimoto	0.19979716	0.27027027	0.391304348
G3S-7a52256b4ab19efa	G3S-d1de2bf2f08fcf46	exact_nonempty_scaffold;ligand_tanimoto;shared_measurement_publication	0.222551929	0.3	1
G3S-7a52256b4ab19efa	G3S-d207c324846b2507	exact_nonempty_scaffold;ligand_tanimoto;shared_measurement_publication	0.182281059	0.290322581	1
G3S-7a52256b4ab19efa	G3S-d3c114d403b4f6e6	ligand_tanimoto	0.257171118	0.387096774	0.472972973
G3S-7a52256b4ab19efa	G3S-d587ea9877aeacf1	exact_nonempty_scaffold;ligand_tanimoto;shared_measurement_publication	0.213352685	0.333333333	1
G3S-7a52256b4ab19efa	G3S-d5eff434a516ab97	exact_nonempty_scaffold;ligand_tanimoto;shared_measurement_publication	0.257849667	0.363636364	1
G3S-7a52256b4ab19efa	G3S-da6a7a5b92d16f5d	exact_nonempty_scaffold;ligand_tanimoto	0.213352685	0.333333333	1
G3S-7a52256b4ab19efa	G3S-dc79a9836344f3ec	exact_nonempty_scaffold;full_sequence_identity;ligand_tanimoto;local_site_identity	0.520958084	0.821428571	1
G3S-7a52256b4ab19efa	G3S-dd8aacb779840031	exact_nonempty_scaffold;full_sequence_identity;ligand_tanimoto;local_site_identity;shared_reference_structure_publication	0.3125	1	1
G3S-7a52256b4ab19efa	G3S-de2a24cde8ae391c	exact_nonempty_scaffold;full_sequence_identity;ligand_tanimoto;local_site_identity;shared_measurement_publication	0.465875371	0.689655172	1
G3S-7a52256b4ab19efa	G3S-e3b2a2841a5b18a5	exact_nonempty_scaffold;ligand_tanimoto;shared_measurement_publication	0.259195894	0.40625	1
G3S-7a52256b4ab19efa	G3S-e710b4e67d7724f9	exact_nonempty_scaffold;ligand_tanimoto	0.213352685	0.333333333	1
G3S-7a52256b4ab19efa	G3S-f2318d3b76296c29	exact_nonempty_scaffold;ligand_tanimoto;local_site_identity	0.252755906	0.5	1
G3S-7a52256b4ab19efa	G3S-f4966ebce19de7c0	exact_nonempty_scaffold;ligand_tanimoto	0.259195894	0.40625	1
G3S-7a52256b4ab19efa	G3S-f9b101ab9b60896c	exact_nonempty_scaffold;ligand_tanimoto	0.230769231	0.212121212	1
G3S-7a52256b4ab19efa	G3S-fb6cb3a33814d85e	local_site_identity	0.200811359	0.518518519	0.325301205
G3S-7a52256b4ab19efa	G3S-fc8dc45b48055767	exact_nonempty_scaffold;ligand_tanimoto	0.214221422	0.407407407	1
G3S-7ad16b5be174b17e	G3S-7c94d7d05a9d2f85	exact_nonempty_scaffold;ligand_tanimoto	0.223801066	0.290322581	1
G3S-7ad16b5be174b17e	G3S-8447070a69d51ab5	exact_nonempty_scaffold;ligand_tanimoto	0.167517875	0.24137931	1
G3S-7ad16b5be174b17e	G3S-96b21ba0d0525be3	exact_nonempty_scaffold;ligand_tanimoto	0.193816885	0.294117647	1
G3S-7ad16b5be174b17e	G3S-a5df04a0e400b0db	exact_nonempty_scaffold;ligand_tanimoto	0.141659681	0.4	1
G3S-7ad16b5be174b17e	G3S-a607f21d0b792e74	exact_nonempty_scaffold;ligand_tanimoto	0.194256757	0.307692308	1
G3S-7ad16b5be174b17e	G3S-a8d224cda1a84a3f	exact_nonempty_scaffold;ligand_tanimoto	0.139156181	0.413793103	1
G3S-7ad16b5be174b17e	G3S-a96a5730efc90a42	exact_nonempty_scaffold;ligand_tanimoto	0.170194004	0.464285714	1
G3S-7ad16b5be174b17e	G3S-b96988cabeb69917	exact_nonempty_scaffold;ligand_tanimoto	0.241525424	0.275862069	1
G3S-7ad16b5be174b17e	G3S-bd97b6205fe27668	exact_nonempty_scaffold;ligand_tanimoto;local_site_identity	0.184016824	0.5	1
G3S-7ad16b5be174b17e	G3S-cac62a85af1d2834	exact_nonempty_scaffold;ligand_tanimoto	0.133086876	0.423076923	1
G3S-7ad16b5be174b17e	G3S-d587ea9877aeacf1	exact_nonempty_scaffold;ligand_tanimoto	0.148063781	0.275862069	1
G3S-7ad16b5be174b17e	G3S-d5eff434a516ab97	exact_nonempty_scaffold;ligand_tanimoto	0.193816885	0.294117647	1
G3S-7ad16b5be174b17e	G3S-dc79a9836344f3ec	exact_nonempty_scaffold;ligand_tanimoto	0.172032193	0.259259259	1
G3S-7ad16b5be174b17e	G3S-dd8aacb779840031	ligand_tanimoto	0.214452214	0.24137931	0.4
G3S-7ad16b5be174b17e	G3S-de2a24cde8ae391c	exact_nonempty_scaffold;ligand_tanimoto	0.166666667	0.296296296	1
G3S-7ad16b5be174b17e	G3S-e710b4e67d7724f9	exact_nonempty_scaffold;ligand_tanimoto	0.148063781	0.275862069	1
G3S-7ad16b5be174b17e	G3S-f4966ebce19de7c0	exact_nonempty_scaffold;ligand_tanimoto	0.157989228	0.393939394	1
G3S-7ad16b5be174b17e	G3S-fb7593ab116f7278	ligand_tanimoto	0.207920792	0.0740740741	0.413793103
G3S-7ad16b5be174b17e	G3S-fc8dc45b48055767	exact_nonempty_scaffold;ligand_tanimoto	0.171779141	0.428571429	1
G3S-7ad1fcb7cf793248	G3S-7b63d80d43bd8871	exact_nonempty_scaffold;ligand_tanimoto	0.152866242	0.193548387	0.362068966
G3S-7c62eb923238b778	G3S-d0f17450d1ab6af6	exact_nonempty_scaffold;exact_target_sequence;full_sequence_identity;ligand_tanimoto;local_site_identity;shared_reference_structure_publication	1	1	1
G3S-7c62eb923238b778	G3S-fd168e6ca4c62f5c	exact_target_sequence;full_sequence_identity;local_site_identity;shared_reference_structure_publication	1	1	0.253968254
G3S-7c94d7d05a9d2f85	G3S-7f4093cbfc6a5ba7	exact_nonempty_scaffold;ligand_tanimoto;local_site_identity	0.203947368	0.518518519	1
G3S-7c94d7d05a9d2f85	G3S-82da8121de6eeecd	exact_nonempty_scaffold;ligand_tanimoto	0.180988593	0.419354839	1
G3S-7c94d7d05a9d2f85	G3S-8379ede84125ecb5	exact_nonempty_scaffold;ligand_tanimoto	0.180988593	0.419354839	1
G3S-7c94d7d05a9d2f85	G3S-8447070a69d51ab5	exact_nonempty_scaffold;ligand_tanimoto;local_site_identity	0.243161094	0.551724138	1
G3S-7c94d7d05a9d2f85	G3S-8908716879facb98	exact_nonempty_scaffold;ligand_tanimoto	0.180988593	0.419354839	1
G3S-7c94d7d05a9d2f85	G3S-96b21ba0d0525be3	exact_nonempty_scaffold;ligand_tanimoto	0.242788462	0.382352941	1
G3S-7c94d7d05a9d2f85	G3S-a5df04a0e400b0db	exact_nonempty_scaffold;ligand_tanimoto;local_site_identity	0.202668891	0.655172414	1
G3S-7c94d7d05a9d2f85	G3S-a607f21d0b792e74	exact_nonempty_scaffold;ligand_tanimoto;local_site_identity;shared_measurement_publication	0.209471767	0.535714286	1
G3S-7c94d7d05a9d2f85	G3S-a8d224cda1a84a3f	exact_nonempty_scaffold;ligand_tanimoto;local_site_identity;shared_measurement_publication	0.17083947	0.5	1
G3S-7c94d7d05a9d2f85	G3S-a96a5730efc90a42	exact_nonempty_scaffold;ligand_tanimoto;shared_measurement_publication	0.195100612	0.275862069	1
G3S-7c94d7d05a9d2f85	G3S-accf02b6dbaa6894	ligand_tanimoto	0.209009009	0.34375	0.632653061
G3S-7c94d7d05a9d2f85	G3S-adf3d9017899d822	ligand_tanimoto	0.227106227	0.148148148	0.362068966
G3S-7c94d7d05a9d2f85	G3S-b4e4bb5af0b8b2c1	ligand_tanimoto	0.227106227	0.148148148	0.362068966
G3S-7c94d7d05a9d2f85	G3S-b96988cabeb69917	exact_nonempty_scaffold;ligand_tanimoto;shared_measurement_publication	0.209009009	0.259259259	1
G3S-7c94d7d05a9d2f85	G3S-ba437efd56c85d19	exact_nonempty_scaffold;ligand_tanimoto	0.180988593	0.419354839	1
G3S-7c94d7d05a9d2f85	G3S-bd97b6205fe27668	exact_nonempty_scaffold;ligand_tanimoto;shared_measurement_publication	0.211297071	0.321428571	1
G3S-7c94d7d05a9d2f85	G3S-c5d1969627a8c3f1	exact_nonempty_scaffold;ligand_tanimoto;shared_measurement_publication	0.218670077	0.357142857	1
G3S-7c94d7d05a9d2f85	G3S-c6c69878bad91dca	exact_nonempty_scaffold;ligand_tanimoto;shared_measurement_publication	0.261306533	0.322580645	1
G3S-7c94d7d05a9d2f85	G3S-cac62a85af1d2834	exact_nonempty_scaffold;ligand_tanimoto;shared_measurement_publication	0.164611591	0.366666667	1
G3S-7c94d7d05a9d2f85	G3S-d183c9dc36c1eaef	ligand_tanimoto	0.231666667	0.37037037	0.391304348
G3S-7c94d7d05a9d2f85	G3S-d1de2bf2f08fcf46	exact_nonempty_scaffold;ligand_tanimoto;shared_measurement_publication	0.234375	0.275862069	1
G3S-7c94d7d05a9d2f85	G3S-d207c324846b2507	exact_nonempty_scaffold;ligand_tanimoto;shared_measurement_publication	0.198915009	0.290322581	1
G3S-7c94d7d05a9d2f85	G3S-d3c114d403b4f6e6	ligand_tanimoto	0.261306533	0.322580645	0.446808511
G3S-7c94d7d05a9d2f85	G3S-d587ea9877aeacf1	exact_nonempty_scaffold;ligand_tanimoto;shared_measurement_publication	0.180988593	0.419354839	1
G3S-7c94d7d05a9d2f85	G3S-d5eff434a516ab97	exact_nonempty_scaffold;ligand_tanimoto;shared_measurement_publication	0.242788462	0.382352941	1
G3S-7c94d7d05a9d2f85	G3S-da6a7a5b92d16f5d	exact_nonempty_scaffold;ligand_tanimoto	0.180988593	0.419354839	1
G3S-7c94d7d05a9d2f85	G3S-dc79a9836344f3ec	exact_nonempty_scaffold;ligand_tanimoto;local_site_identity	0.254802831	0.555555556	1
G3S-7c94d7d05a9d2f85	G3S-dd8aacb779840031	exact_nonempty_scaffold;ligand_tanimoto;local_site_identity	0.26039783	0.551724138	1
G3S-7c94d7d05a9d2f85	G3S-de2a24cde8ae391c	exact_nonempty_scaffold;ligand_tanimoto;local_site_identity;shared_measurement_publication	0.243434343	0.535714286	1
G3S-7c94d7d05a9d2f85	G3S-e3b2a2841a5b18a5	exact_nonempty_scaffold;ligand_tanimoto;shared_measurement_publication	0.214986619	0.451612903	1
G3S-7c94d7d05a9d2f85	G3S-e710b4e67d7724f9	exact_nonempty_scaffold;ligand_tanimoto	0.180988593	0.419354839	1
G3S-7c94d7d05a9d2f85	G3S-f2318d3b76296c29	exact_nonempty_scaffold;ligand_tanimoto;local_site_identity	0.203947368	0.518518519	1
G3S-7c94d7d05a9d2f85	G3S-f4966ebce19de7c0	exact_nonempty_scaffold;ligand_tanimoto	0.214986619	0.451612903	1
G3S-7c94d7d05a9d2f85	G3S-f9b101ab9b60896c	exact_nonempty_scaffold;ligand_tanimoto	0.195100612	0.275862069	1
G3S-7c94d7d05a9d2f85	G3S-fb6cb3a33814d85e	local_site_identity	0.216306156	0.607142857	0.337662338
G3S-7c94d7d05a9d2f85	G3S-fb7593ab116f7278	exact_nonempty_scaffold	0.197026022	0.148148148	0.267605634
G3S-7c94d7d05a9d2f85	G3S-fc8dc45b48055767	exact_nonempty_scaffold;ligand_tanimoto;local_site_identity	0.204522097	0.517241379	1
G3S-7d63354277860a98	G3S-82d2cb1cb942342d	exact_target_sequence;full_sequence_identity;local_site_identity	1	0.689655172	0.194029851
G3S-7d63354277860a98	G3S-85936f03e9d82fdc	ligand_tanimoto	0.19840213	0.185185185	0.551724138
G3S-7d63354277860a98	G3S-929205c457d12bfd	ligand_tanimoto	0.0969945355	0.130434783	0.384615385
G3S-7d63354277860a98	G3S-be927832aa68b7af	ligand_tanimoto	0.12568306	0.130434783	0.392156863
G3S-7d63354277860a98	G3S-d183c9dc36c1eaef	ligand_tanimoto	0.195710456	0.242424242	0.551724138
G3S-7d63354277860a98	G3S-d51a503970da5ba2	exact_target_sequence;full_sequence_identity;local_site_identity	1	0.689655172	0.212121212
G3S-7d63354277860a98	G3S-e06c6b7aad2ea234	ligand_tanimoto	0.120218579	0.130434783	0.384615385
G3S-7d63354277860a98	G3S-e9de90d69aed4dc3	ligand_tanimoto	0.201884253	0.0869565217	0.355555556
G3S-7f4093cbfc6a5ba7	G3S-82da8121de6eeecd	exact_nonempty_scaffold;ligand_tanimoto	0.217849613	0.433333333	1
G3S-7f4093cbfc6a5ba7	G3S-8379ede84125ecb5	exact_nonempty_scaffold;ligand_tanimoto	0.217849613	0.433333333	1
G3S-7f4093cbfc6a5ba7	G3S-8447070a69d51ab5	exact_nonempty_scaffold;ligand_tanimoto;local_site_identity	0.252755906	0.5	1
G3S-7f4093cbfc6a5ba7	G3S-8908716879facb98	exact_nonempty_scaffold;ligand_tanimoto;shared_measurement_publication	0.217849613	0.433333333	1
G3S-7f4093cbfc6a5ba7	G3S-a5df04a0e400b0db	exact_nonempty_scaffold;ligand_tanimoto;local_site_identity	0.221732746	0.5	1
G3S-7f4093cbfc6a5ba7	G3S-a607f21d0b792e74	exact_nonempty_scaffold;ligand_tanimoto	0.173267327	0.413793103	1
G3S-7f4093cbfc6a5ba7	G3S-a8d224cda1a84a3f	exact_nonempty_scaffold;full_sequence_identity;ligand_tanimoto	0.414831131	0.481481481	1
G3S-7f4093cbfc6a5ba7	G3S-a96a5730efc90a42	exact_nonempty_scaffold;ligand_tanimoto	0.227439472	0.342857143	1
G3S-7f4093cbfc6a5ba7	G3S-adf3d9017899d822	ligand_tanimoto	0.15004122	0.0384615385	0.362068966
G3S-7f4093cbfc6a5ba7	G3S-b4e4bb5af0b8b2c1	ligand_tanimoto	0.15004122	0.0384615385	0.362068966
G3S-7f4093cbfc6a5ba7	G3S-b96988cabeb69917	exact_nonempty_scaffold;ligand_tanimoto	0.153212521	0.333333333	1
G3S-7f4093cbfc6a5ba7	G3S-ba437efd56c85d19	exact_nonempty_scaffold;ligand_tanimoto	0.217849613	0.433333333	1
G3S-7f4093cbfc6a5ba7	G3S-bd97b6205fe27668	exact_nonempty_scaffold;ligand_tanimoto	0.22745411	0.310344828	1
G3S-7f4093cbfc6a5ba7	G3S-c5d1969627a8c3f1	exact_nonempty_scaffold;ligand_tanimoto	0.203733766	0.285714286	1
G3S-7f4093cbfc6a5ba7	G3S-c6c69878bad91dca	ligand_tanimoto	0.217035217	0.322580645	0.36036036
G3S-7f4093cbfc6a5ba7	G3S-cac62a85af1d2834	exact_nonempty_scaffold;ligand_tanimoto	0.238123515	0.333333333	1
G3S-7f4093cbfc6a5ba7	G3S-d207c324846b2507	ligand_tanimoto	0.173267327	0.3125	0.36036036
G3S-7f4093cbfc6a5ba7	G3S-d3c114d403b4f6e6	ligand_tanimoto	0.217035217	0.322580645	0.507692308
G3S-7f4093cbfc6a5ba7	G3S-d587ea9877aeacf1	exact_nonempty_scaffold;ligand_tanimoto	0.217849613	0.433333333	1
G3S-7f4093cbfc6a5ba7	G3S-d5eff434a516ab97	exact_nonempty_scaffold;ligand_tanimoto	0.208366854	0.378378378	1
G3S-7f4093cbfc6a5ba7	G3S-da6a7a5b92d16f5d	exact_nonempty_scaffold;ligand_tanimoto	0.217849613	0.433333333	1
G3S-7f4093cbfc6a5ba7	G3S-dc79a9836344f3ec	exact_nonempty_scaffold;ligand_tanimoto;local_site_identity	0.259433962	0.5	1
G3S-7f4093cbfc6a5ba7	G3S-dd8aacb779840031	exact_nonempty_scaffold;ligand_tanimoto;local_site_identity	0.140740741	0.5	1
G3S-7f4093cbfc6a5ba7	G3S-de2a24cde8ae391c	exact_nonempty_scaffold;ligand_tanimoto	0.249607535	0.407407407	1
G3S-7f4093cbfc6a5ba7	G3S-e3b2a2841a5b18a5	exact_nonempty_scaffold;ligand_tanimoto	0.248875562	0.433333333	1
G3S-7f4093cbfc6a5ba7	G3S-e710b4e67d7724f9	exact_nonempty_scaffold;ligand_tanimoto	0.217849613	0.433333333	1
G3S-7f4093cbfc6a5ba7	G3S-f2318d3b76296c29	exact_nonempty_scaffold;exact_target_sequence;full_sequence_identity;ligand_tanimoto;local_site_identity	1	1	1
G3S-7f4093cbfc6a5ba7	G3S-fb6cb3a33814d85e	ligand_tanimoto;local_site_identity	0.190827191	0.535714286	0.359375
G3S-7f4093cbfc6a5ba7	G3S-fb7593ab116f7278	exact_nonempty_scaffold	0.116968699	0.0769230769	0.283783784
G3S-7f4093cbfc6a5ba7	G3S-fc8dc45b48055767	exact_nonempty_scaffold;ligand_tanimoto	0.217979316	0.428571429	1
G3S-82d2cb1cb942342d	G3S-d51a503970da5ba2	exact_target_sequence;full_sequence_identity;ligand_tanimoto;local_site_identity;shared_reference_structure_publication	1	1	0.364864865
G3S-82da8121de6eeecd	G3S-8379ede84125ecb5	exact_nonempty_scaffold;exact_target_sequence;full_sequence_identity;ligand_tanimoto;local_site_identity;shared_reference_structure_publication	1	1	1
G3S-82da8121de6eeecd	G3S-8908716879facb98	exact_nonempty_scaffold;exact_target_sequence;full_sequence_identity;ligand_tanimoto;local_site_identity;shared_reference_structure_publication	1	1	1
G3S-82da8121de6eeecd	G3S-96b21ba0d0525be3	exact_nonempty_scaffold;ligand_tanimoto	0.20045045	0.27027027	1
G3S-82da8121de6eeecd	G3S-a5df04a0e400b0db	exact_nonempty_scaffold;ligand_tanimoto	0.234385965	0.4	1
G3S-82da8121de6eeecd	G3S-a607f21d0b792e74	exact_nonempty_scaffold;ligand_tanimoto	0.171082513	0.482758621	1
G3S-82da8121de6eeecd	G3S-a8d224cda1a84a3f	exact_nonempty_scaffold;ligand_tanimoto	0.219905851	0.333333333	1
G3S-82da8121de6eeecd	G3S-a96a5730efc90a42	exact_nonempty_scaffold;ligand_tanimoto	0.219928826	0.137931034	1
G3S-82da8121de6eeecd	G3S-adf3d9017899d822	ligand_tanimoto	0.12890923	0.137931034	0.362068966
G3S-82da8121de6eeecd	G3S-b4e4bb5af0b8b2c1	ligand_tanimoto	0.12890923	0.137931034	0.362068966
G3S-82da8121de6eeecd	G3S-ba437efd56c85d19	exact_nonempty_scaffold;exact_target_sequence;full_sequence_identity;ligand_tanimoto;local_site_identity;shared_reference_structure_publication	1	1	1
G3S-82da8121de6eeecd	G3S-bd97b6205fe27668	exact_nonempty_scaffold;ligand_tanimoto	0.227442207	0.206896552	1
G3S-82da8121de6eeecd	G3S-c5d1969627a8c3f1	exact_nonempty_scaffold;ligand_tanimoto	0.200598802	0.333333333	1
G3S-82da8121de6eeecd	G3S-c6c69878bad91dca	exact_nonempty_scaffold;ligand_tanimoto	0.199091597	0.342857143	1
G3S-82da8121de6eeecd	G3S-cac62a85af1d2834	exact_nonempty_scaffold;ligand_tanimoto	0.21398933	0.375	1
G3S-82da8121de6eeecd	G3S-d1de2bf2f08fcf46	exact_nonempty_scaffold;ligand_tanimoto	0.201959307	0.4375	1
G3S-82da8121de6eeecd	G3S-d3c114d403b4f6e6	ligand_tanimoto	0.199091597	0.342857143	0.410958904
G3S-82da8121de6eeecd	G3S-d587ea9877aeacf1	exact_nonempty_scaffold;exact_target_sequence;full_sequence_identity;ligand_tanimoto;local_site_identity;shared_reference_structure_publication	1	1	1
G3S-82da8121de6eeecd	G3S-d5eff434a516ab97	exact_nonempty_scaffold;ligand_tanimoto	0.20045045	0.27027027	1
G3S-82da8121de6eeecd	G3S-da6a7a5b92d16f5d	exact_nonempty_scaffold;exact_target_sequence;full_sequence_identity;ligand_tanimoto;local_site_identity;shared_reference_structure_publication	1	1	1
G3S-82da8121de6eeecd	G3S-de2a24cde8ae391c	exact_nonempty_scaffold;ligand_tanimoto	0.216196137	0.366666667	1
G3S-82da8121de6eeecd	G3S-e3b2a2841a5b18a5	ligand_tanimoto	0.227140784	0.266666667	0.597402597
G3S-82da8121de6eeecd	G3S-e710b4e67d7724f9	exact_nonempty_scaffold;exact_target_sequence;full_sequence_identity;ligand_tanimoto;local_site_identity;shared_reference_structure_publication	1	1	1
G3S-82da8121de6eeecd	G3S-f2318d3b76296c29	exact_nonempty_scaffold;ligand_tanimoto	0.217849613	0.433333333	1
G3S-82da8121de6eeecd	G3S-f4966ebce19de7c0	exact_nonempty_scaffold;ligand_tanimoto	0.227140784	0.266666667	1
G3S-82da8121de6eeecd	G3S-f9b101ab9b60896c	ligand_tanimoto	0.219928826	0.137931034	0.541176471
G3S-82da8121de6eeecd	G3S-fb7593ab116f7278	exact_nonempty_scaffold	0.111195735	0.103448276	0.267605634
G3S-82da8121de6eeecd	G3S-fc8dc45b48055767	exact_nonempty_scaffold;ligand_tanimoto	0.215859031	0.413793103	1
G3S-8337edc867d47bcc	G3S-8afbd56096fe1b47	exact_nonempty_scaffold;ligand_tanimoto	0.222963952	0.47826087	0.721311475
G3S-8337edc867d47bcc	G3S-929205c457d12bfd	exact_nonempty_scaffold	0.0691927512	0.117647059	0.285714286
G3S-8337edc867d47bcc	G3S-a0b462ec59730874	exact_nonempty_scaffold;ligand_tanimoto	0.171171171	0.0588235294	0.361111111
G3S-8337edc867d47bcc	G3S-b28f576038c6bba6	exact_nonempty_scaffold	0.185397867	0.193548387	0.25
G3S-8337edc867d47bcc	G3S-b47e17893c82aca6	exact_nonempty_scaffold	0.127467105	0.2	0.255319149
G3S-8337edc867d47bcc	G3S-c8b189267b8c3242	exact_nonempty_scaffold	0.168585526	0.217391304	0.225
G3S-8337edc867d47bcc	G3S-d183c9dc36c1eaef	exact_nonempty_scaffold	0.167763158	0.230769231	0.254901961
G3S-8337edc867d47bcc	G3S-de0a2a7c1887af78	exact_target_sequence;full_sequence_identity;local_site_identity	1	0.894736842	0.209876543
G3S-8337edc867d47bcc	G3S-e06c6b7aad2ea234	exact_nonempty_scaffold	0.0838815789	0.0588235294	0.25
G3S-8337edc867d47bcc	G3S-f223745e3dee7f3b	ligand_tanimoto	0.114497529	0.294117647	0.4
G3S-8337edc867d47bcc	G3S-f5c4fa2e79c47654	exact_nonempty_scaffold	0.158456486	0.136363636	0.179487179
G3S-8379ede84125ecb5	G3S-8908716879facb98	exact_nonempty_scaffold;exact_target_sequence;full_sequence_identity;ligand_tanimoto;local_site_identity;shared_reference_structure_publication	1	1	1
G3S-8379ede84125ecb5	G3S-a5df04a0e400b0db	exact_nonempty_scaffold;ligand_tanimoto	0.234385965	0.4	1
G3S-8379ede84125ecb5	G3S-a607f21d0b792e74	exact_nonempty_scaffold;ligand_tanimoto	0.171082513	0.482758621	1
G3S-8379ede84125ecb5	G3S-a8d224cda1a84a3f	exact_nonempty_scaffold;ligand_tanimoto	0.219905851	0.333333333	1
G3S-8379ede84125ecb5	G3S-a96a5730efc90a42	exact_nonempty_scaffold;ligand_tanimoto	0.219928826	0.137931034	1
G3S-8379ede84125ecb5	G3S-adf3d9017899d822	ligand_tanimoto	0.12890923	0.137931034	0.362068966
G3S-8379ede84125ecb5	G3S-b4e4bb5af0b8b2c1	ligand_tanimoto	0.12890923	0.137931034	0.362068966
G3S-8379ede84125ecb5	G3S-b96988cabeb69917	ligand_tanimoto	0.148288973	0.344827586	0.537634409
G3S-8379ede84125ecb5	G3S-ba437efd56c85d19	exact_nonempty_scaffold;exact_target_sequence;full_sequence_identity;ligand_tanimoto;local_site_identity;shared_reference_structure_publication	1	1	1
G3S-8379ede84125ecb5	G3S-c5d1969627a8c3f1	ligand_tanimoto	0.200598802	0.333333333	0.537634409
G3S-8379ede84125ecb5	G3S-c6c69878bad91dca	exact_nonempty_scaffold;ligand_tanimoto	0.199091597	0.342857143	1
G3S-8379ede84125ecb5	G3S-cac62a85af1d2834	exact_nonempty_scaffold;ligand_tanimoto	0.21398933	0.375	1
G3S-8379ede84125ecb5	G3S-d3c114d403b4f6e6	ligand_tanimoto	0.199091597	0.342857143	0.410958904
G3S-8379ede84125ecb5	G3S-d587ea9877aeacf1	exact_nonempty_scaffold;exact_target_sequence;full_sequence_identity;ligand_tanimoto;local_site_identity;shared_reference_structure_publication	1	1	1
G3S-8379ede84125ecb5	G3S-da6a7a5b92d16f5d	exact_nonempty_scaffold;exact_target_sequence;full_sequence_identity;ligand_tanimoto;local_site_identity;shared_reference_structure_publication	1	1	1
G3S-8379ede84125ecb5	G3S-dc79a9836344f3ec	ligand_tanimoto	0.222794118	0.344827586	0.408163265
G3S-8379ede84125ecb5	G3S-de2a24cde8ae391c	exact_nonempty_scaffold;ligand_tanimoto	0.216196137	0.366666667	1
G3S-8379ede84125ecb5	G3S-e710b4e67d7724f9	exact_nonempty_scaffold;exact_target_sequence;full_sequence_identity;ligand_tanimoto;local_site_identity;shared_reference_structure_publication	1	1	1
G3S-8379ede84125ecb5	G3S-f2318d3b76296c29	exact_nonempty_scaffold;ligand_tanimoto	0.217849613	0.433333333	1
G3S-8379ede84125ecb5	G3S-f4966ebce19de7c0	exact_nonempty_scaffold;ligand_tanimoto	0.227140784	0.266666667	1
G3S-8379ede84125ecb5	G3S-fb7593ab116f7278	exact_nonempty_scaffold	0.111195735	0.103448276	0.267605634
G3S-8379ede84125ecb5	G3S-fc8dc45b48055767	exact_nonempty_scaffold;ligand_tanimoto	0.215859031	0.413793103	1
G3S-8447070a69d51ab5	G3S-8908716879facb98	exact_nonempty_scaffold;ligand_tanimoto	0.213352685	0.333333333	1
G3S-8447070a69d51ab5	G3S-96b21ba0d0525be3	exact_nonempty_scaffold;ligand_tanimoto;shared_measurement_publication	0.257849667	0.363636364	1
G3S-8447070a69d51ab5	G3S-a5df04a0e400b0db	exact_nonempty_scaffold;ligand_tanimoto;local_site_identity;shared_measurement_publication	0.219319082	0.666666667	1
G3S-8447070a69d51ab5	G3S-a607f21d0b792e74	exact_nonempty_scaffold;ligand_tanimoto	0.199592668	0.321428571	1
G3S-8447070a69d51ab5	G3S-a8d224cda1a84a3f	exact_nonempty_scaffold;ligand_tanimoto	0.222701149	0.333333333	1
G3S-8447070a69d51ab5	G3S-a96a5730efc90a42	exact_nonempty_scaffold;ligand_tanimoto	0.230769231	0.212121212	1
G3S-8447070a69d51ab5	G3S-accf02b6dbaa6894	exact_nonempty_scaffold;ligand_tanimoto	0.158316633	0.3125	1
G3S-8447070a69d51ab5	G3S-b96988cabeb69917	exact_nonempty_scaffold;ligand_tanimoto	0.158316633	0.310344828	1
G3S-8447070a69d51ab5	G3S-bd97b6205fe27668	exact_nonempty_scaffold;ligand_tanimoto	0.245300752	0.285714286	1
G3S-8447070a69d51ab5	G3S-c4c2e34a716f6ae6	exact_nonempty_scaffold;ligand_tanimoto	0.158316633	0.185185185	1
G3S-8447070a69d51ab5	G3S-c5d1969627a8c3f1	exact_nonempty_scaffold;ligand_tanimoto	0.187250996	0.357142857	1
G3S-8447070a69d51ab5	G3S-c6c69878bad91dca	exact_nonempty_scaffold;ligand_tanimoto	0.257171118	0.387096774	1
G3S-8447070a69d51ab5	G3S-cac62a85af1d2834	exact_nonempty_scaffold;ligand_tanimoto	0.22713507	0.25	1
G3S-8447070a69d51ab5	G3S-d1de2bf2f08fcf46	exact_nonempty_scaffold;ligand_tanimoto	0.222551929	0.3	1
G3S-8447070a69d51ab5	G3S-d207c324846b2507	exact_nonempty_scaffold;ligand_tanimoto	0.182281059	0.290322581	1
G3S-8447070a69d51ab5	G3S-d3c114d403b4f6e6	ligand_tanimoto	0.257171118	0.387096774	0.472972973
G3S-8447070a69d51ab5	G3S-d587ea9877aeacf1	exact_nonempty_scaffold;ligand_tanimoto	0.213352685	0.333333333	1
G3S-8447070a69d51ab5	G3S-d5eff434a516ab97	exact_nonempty_scaffold;ligand_tanimoto	0.257849667	0.363636364	1
G3S-8447070a69d51ab5	G3S-da6a7a5b92d16f5d	ligand_tanimoto	0.213352685	0.333333333	0.476923077
G3S-8447070a69d51ab5	G3S-dc79a9836344f3ec	exact_nonempty_scaffold;full_sequence_identity;ligand_tanimoto;local_site_identity;shared_measurement_publication	0.520958084	0.821428571	1
G3S-8447070a69d51ab5	G3S-dd8aacb779840031	exact_nonempty_scaffold;full_sequence_identity;ligand_tanimoto;local_site_identity;shared_reference_structure_publication	0.3125	1	1
G3S-8447070a69d51ab5	G3S-de2a24cde8ae391c	exact_nonempty_scaffold;full_sequence_identity;ligand_tanimoto;local_site_identity	0.465875371	0.689655172	1
G3S-8447070a69d51ab5	G3S-e3b2a2841a5b18a5	exact_nonempty_scaffold;ligand_tanimoto	0.259195894	0.40625	1
G3S-8447070a69d51ab5	G3S-e710b4e67d7724f9	exact_nonempty_scaffold;ligand_tanimoto;shared_measurement_publication	0.213352685	0.333333333	1
G3S-8447070a69d51ab5	G3S-f2318d3b76296c29	exact_nonempty_scaffold;ligand_tanimoto;local_site_identity	0.252755906	0.5	1
G3S-8447070a69d51ab5	G3S-f4966ebce19de7c0	exact_nonempty_scaffold;ligand_tanimoto;shared_measurement_publication	0.259195894	0.40625	1
G3S-8447070a69d51ab5	G3S-f9b101ab9b60896c	ligand_tanimoto	0.230769231	0.212121212	0.558441558
G3S-8447070a69d51ab5	G3S-fb6cb3a33814d85e	local_site_identity	0.200811359	0.518518519	0.325301205
G3S-8447070a69d51ab5	G3S-fc8dc45b48055767	exact_nonempty_scaffold;ligand_tanimoto;shared_measurement_publication	0.214221422	0.407407407	1
G3S-8468ef8a559bdade	G3S-86c78a56d4596857	exact_nonempty_scaffold;full_sequence_identity;ligand_tanimoto;local_site_identity;shared_measurement_publication;shared_reference_structure_publication	0.30362117	0.625	1
G3S-8468ef8a559bdade	G3S-8fb4021f4421ad5b	ligand_tanimoto	0.138271605	0.166666667	0.353846154
G3S-8468ef8a559bdade	G3S-9d3d506752fabc29	exact_nonempty_scaffold;exact_target_sequence;full_sequence_identity;ligand_tanimoto;local_site_identity;shared_reference_structure_publication	1	1	1
G3S-8468ef8a559bdade	G3S-a5f8f9b4623f1ec1	exact_nonempty_scaffold;full_sequence_identity;ligand_tanimoto;local_site_identity;shared_measurement_publication	0.315789474	0.708333333	1
G3S-8468ef8a559bdade	G3S-aaae27c9c7a68a3a	full_sequence_identity;local_site_identity	0.30362117	0.583333333	0.307692308
G3S-8468ef8a559bdade	G3S-adf3d9017899d822	exact_nonempty_scaffold	0.22606383	0.185185185	0.291666667
G3S-8468ef8a559bdade	G3S-b4e4bb5af0b8b2c1	exact_nonempty_scaffold	0.22606383	0.185185185	0.291666667
G3S-8468ef8a559bdade	G3S-b66b7652f5b1d01d	local_site_identity	0.281337047	0.625	0.307692308
G3S-8468ef8a559bdade	G3S-bd2cdfe90c8aa7fa	exact_nonempty_scaffold;full_sequence_identity;ligand_tanimoto;local_site_identity	0.315789474	0.708333333	1
G3S-8468ef8a559bdade	G3S-beb8359aa320987f	exact_nonempty_scaffold;ligand_tanimoto;local_site_identity	0.281337047	0.625	1
G3S-8468ef8a559bdade	G3S-cb1dbf771699bf3f	ligand_tanimoto;local_site_identity	0.281337047	0.615384615	0.517857143
G3S-8468ef8a559bdade	G3S-d15243e290ebeba6	exact_nonempty_scaffold;full_sequence_identity;ligand_tanimoto;local_site_identity	0.30362117	0.555555556	1
G3S-8468ef8a559bdade	G3S-d2858f5dc6d0d6d2	exact_nonempty_scaffold;ligand_tanimoto;local_site_identity	0.281337047	0.533333333	1
G3S-8468ef8a559bdade	G3S-d392e1d59c314666	exact_nonempty_scaffold;ligand_tanimoto;local_site_identity	0.281337047	0.551724138	1
G3S-8468ef8a559bdade	G3S-d82e40f7bc270eb2	exact_nonempty_scaffold;full_sequence_identity;ligand_tanimoto;local_site_identity	0.30362117	0.583333333	1
G3S-8468ef8a559bdade	G3S-df91bc0fd4e2076d	exact_nonempty_scaffold;full_sequence_identity;ligand_tanimoto;local_site_identity	0.315789474	0.708333333	1
G3S-8468ef8a559bdade	G3S-e7f816aed727534b	exact_nonempty_scaffold;ligand_tanimoto;local_site_identity	0.281337047	0.615384615	1
G3S-8468ef8a559bdade	G3S-eb73c8235716ab91	exact_nonempty_scaffold;ligand_tanimoto;local_site_identity	0.281337047	0.6	1
G3S-8468ef8a559bdade	G3S-ee6c97e67f1fb0d7	exact_nonempty_scaffold;full_sequence_identity;ligand_tanimoto;local_site_identity;shared_reference_structure_publication	0.30362117	0.625	1
G3S-8468ef8a559bdade	G3S-eea0596469e3b875	exact_nonempty_scaffold;ligand_tanimoto;local_site_identity	0.281337047	0.6	1
G3S-8468ef8a559bdade	G3S-f223745e3dee7f3b	ligand_tanimoto	0.209039548	0.125	0.4375
G3S-85936f03e9d82fdc	G3S-ab8ecdc323a69568	full_sequence_identity	0.306818182	0.260869565	0.211764706
G3S-85936f03e9d82fdc	G3S-b39cee93fb2ff4e0	full_sequence_identity	0.306818182	0.161290323	0.23364486
G3S-85936f03e9d82fdc	G3S-c3ad4039ad41a0e6	full_sequence_identity	0.306818182	0.225806452	0.209302326
G3S-85936f03e9d82fdc	G3S-d183c9dc36c1eaef	exact_nonempty_scaffold;ligand_tanimoto;shared_measurement_publication	0.210157618	0.444444444	1
G3S-85936f03e9d82fdc	G3S-da8fc773cdc768de	exact_nonempty_scaffold	0.223577236	0.217391304	0.288461538
G3S-85936f03e9d82fdc	G3S-dd8aacb779840031	ligand_tanimoto	0.243735763	0.35483871	0.375
G3S-85936f03e9d82fdc	G3S-e9de90d69aed4dc3	ligand_tanimoto	0.214953271	0.192307692	0.405405405
G3S-86c78a56d4596857	G3S-8fb4021f4421ad5b	ligand_tanimoto	0.129218107	0.173913043	0.353846154
G3S-86c78a56d4596857	G3S-9d3d506752fabc29	exact_nonempty_scaffold;full_sequence_identity;ligand_tanimoto;local_site_identity;shared_reference_structure_publication	0.30362117	0.625	1
G3S-86c78a56d4596857	G3S-a5f8f9b4623f1ec1	exact_nonempty_scaffold;full_sequence_identity;ligand_tanimoto;local_site_identity;shared_measurement_publication	0.526515152	0.782608696	1
G3S-86c78a56d4596857	G3S-aaae27c9c7a68a3a	exact_target_sequence;full_sequence_identity;local_site_identity	1	0.739130435	0.307692308
G3S-86c78a56d4596857	G3S-adf3d9017899d822	exact_nonempty_scaffold	0.213450292	0.133333333	0.291666667
G3S-86c78a56d4596857	G3S-b4e4bb5af0b8b2c1	exact_nonempty_scaffold	0.213450292	0.133333333	0.291666667
G3S-86c78a56d4596857	G3S-b66b7652f5b1d01d	full_sequence_identity;local_site_identity	0.595419847	0.652173913	0.307692308
G3S-86c78a56d4596857	G3S-bd2cdfe90c8aa7fa	exact_nonempty_scaffold;full_sequence_identity;ligand_tanimoto;local_site_identity	0.526515152	0.782608696	1
G3S-86c78a56d4596857	G3S-beb8359aa320987f	exact_nonempty_scaffold;full_sequence_identity;ligand_tanimoto;local_site_identity	0.595419847	0.652173913	1
G3S-86c78a56d4596857	G3S-cb1dbf771699bf3f	full_sequence_identity;ligand_tanimoto;local_site_identity	0.599236641	0.692307692	0.517857143
G3S-86c78a56d4596857	G3S-d15243e290ebeba6	exact_nonempty_scaffold;exact_target_sequence;full_sequence_identity;ligand_tanimoto;local_site_identity	1	0.703703704	1
G3S-86c78a56d4596857	G3S-d2858f5dc6d0d6d2	exact_nonempty_scaffold;full_sequence_identity;ligand_tanimoto;local_site_identity	0.599236641	0.533333333	1
G3S-86c78a56d4596857	G3S-d392e1d59c314666	exact_nonempty_scaffold;full_sequence_identity;ligand_tanimoto;local_site_identity	0.599236641	0.620689655	1
G3S-86c78a56d4596857	G3S-d82e40f7bc270eb2	exact_nonempty_scaffold;exact_target_sequence;full_sequence_identity;ligand_tanimoto;local_site_identity	1	0.869565217	1
G3S-86c78a56d4596857	G3S-df91bc0fd4e2076d	exact_nonempty_scaffold;full_sequence_identity;ligand_tanimoto;local_site_identity	0.526515152	0.782608696	1
G3S-86c78a56d4596857	G3S-e7f816aed727534b	exact_nonempty_scaffold;full_sequence_identity;ligand_tanimoto;local_site_identity	0.599236641	0.692307692	1
G3S-86c78a56d4596857	G3S-eb73c8235716ab91	exact_nonempty_scaffold;full_sequence_identity;ligand_tanimoto;local_site_identity	0.595419847	0.666666667	1
G3S-86c78a56d4596857	G3S-ee6c97e67f1fb0d7	exact_nonempty_scaffold;exact_target_sequence;full_sequence_identity;ligand_tanimoto;local_site_identity;shared_reference_structure_publication	1	1	1
G3S-86c78a56d4596857	G3S-eea0596469e3b875	exact_nonempty_scaffold;full_sequence_identity;ligand_tanimoto;local_site_identity	0.595419847	0.666666667	1
G3S-86c78a56d4596857	G3S-f223745e3dee7f3b	ligand_tanimoto	0.21942446	0.0434782609	0.4375
G3S-88577c122fa18c76	G3S-a620d876229e4fc4	exact_target_sequence;full_sequence_identity;local_site_identity	1	0.794117647	0.17721519
G3S-88577c122fa18c76	G3S-ab9150ed0ce52416	exact_nonempty_scaffold;ligand_tanimoto	0.2228739	0.225806452	0.388888889
G3S-88577c122fa18c76	G3S-da6a7a5b92d16f5d	ligand_tanimoto	0.220149254	0.147058824	0.353846154
G3S-8908716879facb98	G3S-a5df04a0e400b0db	exact_nonempty_scaffold;ligand_tanimoto	0.234385965	0.4	1
G3S-8908716879facb98	G3S-a607f21d0b792e74	exact_nonempty_scaffold;ligand_tanimoto	0.171082513	0.482758621	1
G3S-8908716879facb98	G3S-a8d224cda1a84a3f	exact_nonempty_scaffold;ligand_tanimoto	0.219905851	0.333333333	1
G3S-8908716879facb98	G3S-a96a5730efc90a42	exact_nonempty_scaffold;ligand_tanimoto	0.219928826	0.137931034	1
G3S-8908716879facb98	G3S-adf3d9017899d822	ligand_tanimoto	0.12890923	0.137931034	0.362068966
G3S-8908716879facb98	G3S-b4e4bb5af0b8b2c1	ligand_tanimoto	0.12890923	0.137931034	0.362068966
G3S-8908716879facb98	G3S-b96988cabeb69917	exact_nonempty_scaffold;ligand_tanimoto	0.148288973	0.344827586	1
G3S-8908716879facb98	G3S-ba437efd56c85d19	exact_nonempty_scaffold;exact_target_sequence;full_sequence_identity;ligand_tanimoto;local_site_identity;shared_reference_structure_publication	1	1	1
G3S-8908716879facb98	G3S-bd97b6205fe27668	exact_nonempty_scaffold;ligand_tanimoto	0.227442207	0.206896552	1
G3S-8908716879facb98	G3S-c5d1969627a8c3f1	exact_nonempty_scaffold;ligand_tanimoto	0.200598802	0.333333333	1
G3S-8908716879facb98	G3S-c6c69878bad91dca	ligand_tanimoto	0.199091597	0.342857143	0.36036036
G3S-8908716879facb98	G3S-cac62a85af1d2834	exact_nonempty_scaffold;ligand_tanimoto	0.21398933	0.375	1
G3S-8908716879facb98	G3S-d207c324846b2507	ligand_tanimoto	0.171341926	0.172413793	0.36036036
G3S-8908716879facb98	G3S-d3c114d403b4f6e6	ligand_tanimoto	0.199091597	0.342857143	0.507692308
G3S-8908716879facb98	G3S-d587ea9877aeacf1	exact_nonempty_scaffold;exact_target_sequence;full_sequence_identity;ligand_tanimoto;local_site_identity;shared_reference_structure_publication	1	1	1
G3S-8908716879facb98	G3S-d5eff434a516ab97	exact_nonempty_scaffold;ligand_tanimoto	0.20045045	0.27027027	1
G3S-8908716879facb98	G3S-da6a7a5b92d16f5d	exact_nonempty_scaffold;exact_target_sequence;full_sequence_identity;ligand_tanimoto;local_site_identity;shared_reference_structure_publication	1	1	1
G3S-8908716879facb98	G3S-dc79a9836344f3ec	exact_nonempty_scaffold;ligand_tanimoto	0.222794118	0.344827586	1
G3S-8908716879facb98	G3S-dd8aacb779840031	exact_nonempty_scaffold;ligand_tanimoto	0.119755912	0.333333333	1
G3S-8908716879facb98	G3S-de2a24cde8ae391c	exact_nonempty_scaffold;ligand_tanimoto	0.216196137	0.366666667	1
G3S-8908716879facb98	G3S-e3b2a2841a5b18a5	exact_nonempty_scaffold;ligand_tanimoto	0.227140784	0.266666667	1
G3S-8908716879facb98	G3S-e710b4e67d7724f9	exact_nonempty_scaffold;exact_target_sequence;full_sequence_identity;ligand_tanimoto;local_site_identity;shared_reference_structure_publication	1	1	1
G3S-8908716879facb98	G3S-f2318d3b76296c29	exact_nonempty_scaffold;ligand_tanimoto	0.217849613	0.433333333	1
G3S-8908716879facb98	G3S-fb6cb3a33814d85e	ligand_tanimoto	0.177978884	0.4	0.359375
G3S-8908716879facb98	G3S-fb7593ab116f7278	exact_nonempty_scaffold	0.111195735	0.103448276	0.283783784
G3S-8908716879facb98	G3S-fc8dc45b48055767	exact_nonempty_scaffold;ligand_tanimoto	0.215859031	0.413793103	1
G3S-8afbd56096fe1b47	G3S-b39cee93fb2ff4e0	ligand_tanimoto	0.135811294	0.1	0.378378378
G3S-8afbd56096fe1b47	G3S-c3ad4039ad41a0e6	ligand_tanimoto	0.135811294	0.242424242	0.378378378
G3S-8afbd56096fe1b47	G3S-fb6b9c4b9d6641a2	ligand_tanimoto	0.217700258	0.434782609	0.376470588
G3S-8f554307cbbdbf67	G3S-9236ab9d73532a9d	ligand_tanimoto	0.190311419	0.125	0.35
G3S-8f554307cbbdbf67	G3S-b28f576038c6bba6	ligand_tanimoto	0.204368175	0.161290323	0.446280992
G3S-8f554307cbbdbf67	G3S-fffc85fa1583cd07	ligand_tanimoto	0.111336032	0.166666667	0.423312883
G3S-8fb4021f4421ad5b	G3S-9236ab9d73532a9d	exact_nonempty_scaffold;ligand_tanimoto	0.209807074	0.352941176	0.373134328
G3S-8fb4021f4421ad5b	G3S-a0b462ec59730874	exact_nonempty_scaffold	0.192465192	0.117647059	0.22972973
G3S-8fb4021f4421ad5b	G3S-a5f8f9b4623f1ec1	ligand_tanimoto	0.117021277	0.19047619	0.353846154
G3S-91dd2c635f86b568	G3S-9d0d3bffdbe8c8bd	exact_nonempty_scaffold;ligand_tanimoto	0.211309524	0.2	0.542857143
G3S-91dd2c635f86b568	G3S-a0eeacac2c679281	ligand_tanimoto	0.183333333	0.210526316	0.408163265
G3S-91dd2c635f86b568	G3S-dfc845f5fdda1698	exact_nonempty_scaffold;ligand_tanimoto	0.211309524	0.136363636	0.43902439
G3S-91dd2c635f86b568	G3S-fffc85fa1583cd07	exact_nonempty_scaffold;ligand_tanimoto	0.183333333	0.315789474	0.542857143
G3S-9236ab9d73532a9d	G3S-9589527ecb9747c1	exact_nonempty_scaffold	0.179723502	0.0740740741	0.305555556
G3S-9236ab9d73532a9d	G3S-9d0d3bffdbe8c8bd	ligand_tanimoto	0.167824074	0.235294118	0.37037037
G3S-9236ab9d73532a9d	G3S-9d3d506752fabc29	exact_nonempty_scaffold	0.172653534	0.0833333333	0.283333333
G3S-9236ab9d73532a9d	G3S-a0b462ec59730874	exact_nonempty_scaffold	0.219101124	0	0.291666667
G3S-9236ab9d73532a9d	G3S-adf3d9017899d822	exact_nonempty_scaffold;ligand_tanimoto	0.170533643	0.192307692	0.358974359
G3S-9236ab9d73532a9d	G3S-b47e17893c82aca6	exact_nonempty_scaffold;ligand_tanimoto	0.160839161	0.166666667	0.617647059
G3S-9236ab9d73532a9d	G3S-b4e4bb5af0b8b2c1	exact_nonempty_scaffold;ligand_tanimoto	0.170533643	0.192307692	0.358974359
G3S-9236ab9d73532a9d	G3S-c3ad4039ad41a0e6	exact_nonempty_scaffold	0.197916667	0.1875	0.220338983
G3S-9236ab9d73532a9d	G3S-c8b189267b8c3242	exact_nonempty_scaffold	0.205510907	0.0555555556	0.206896552
G3S-9236ab9d73532a9d	G3S-d15243e290ebeba6	exact_nonempty_scaffold	0.15967366	0.0869565217	0.24137931
G3S-9236ab9d73532a9d	G3S-d392e1d59c314666	exact_nonempty_scaffold	0.152148664	0.0769230769	0.283333333
G3S-9236ab9d73532a9d	G3S-d5f2b3941320fd29	exact_nonempty_scaffold	0.205747126	0	0.229166667
G3S-9236ab9d73532a9d	G3S-da8fc773cdc768de	ligand_tanimoto	0.19047619	0.0714285714	0.361702128
G3S-9236ab9d73532a9d	G3S-df91bc0fd4e2076d	exact_nonempty_scaffold	0.154113557	0.0952380952	0.24137931
G3S-9236ab9d73532a9d	G3S-e06c6b7aad2ea234	exact_nonempty_scaffold;ligand_tanimoto	0.104651163	0.157894737	0.451612903
G3S-9236ab9d73532a9d	G3S-eb73c8235716ab91	exact_nonempty_scaffold	0.148837209	0.142857143	0.24137931
G3S-9236ab9d73532a9d	G3S-ee6c97e67f1fb0d7	exact_nonempty_scaffold	0.15967366	0.0434782609	0.275862069
G3S-9236ab9d73532a9d	G3S-f2ec313bd7b3ce78	exact_nonempty_scaffold	0.169177289	0.181818182	0.291666667
G3S-9236ab9d73532a9d	G3S-f5c4fa2e79c47654	exact_nonempty_scaffold	0.196347032	0.0454545455	0.209302326
G3S-9236ab9d73532a9d	G3S-ff4e5bfc253b96ea	exact_nonempty_scaffold	0.18424102	0.137931034	0.27027027
G3S-929205c457d12bfd	G3S-a0b462ec59730874	exact_nonempty_scaffold;ligand_tanimoto	0.116322702	0.133333333	0.407407407
G3S-929205c457d12bfd	G3S-b28f576038c6bba6	exact_nonempty_scaffold;ligand_tanimoto	0.104166667	0.161290323	0.529411765
G3S-929205c457d12bfd	G3S-b47e17893c82aca6	exact_nonempty_scaffold;ligand_tanimoto	0.165413534	0.111111111	0.75
G3S-929205c457d12bfd	G3S-c8b189267b8c3242	exact_nonempty_scaffold;ligand_tanimoto	0.123481781	0.111111111	0.666666667
G3S-929205c457d12bfd	G3S-d183c9dc36c1eaef	exact_nonempty_scaffold	0.128099174	0.153846154	0.25862069
G3S-929205c457d12bfd	G3S-e06c6b7aad2ea234	exact_nonempty_scaffold;ligand_tanimoto	0.227777778	0.117647059	1
G3S-929205c457d12bfd	G3S-f42b5d20c7dcac28	ligand_tanimoto	0.245283019	0.2	0.413793103
G3S-929205c457d12bfd	G3S-f5c4fa2e79c47654	exact_nonempty_scaffold;ligand_tanimoto	0.13363029	0.208333333	0.511627907
G3S-9589527ecb9747c1	G3S-9d3d506752fabc29	exact_nonempty_scaffold	0.216748768	0.0416666667	0.169230769
G3S-9589527ecb9747c1	G3S-a0b462ec59730874	exact_nonempty_scaffold	0.211111111	0.208333333	0.333333333
G3S-9589527ecb9747c1	G3S-adf3d9017899d822	exact_nonempty_scaffold	0.22962963	0.178571429	0.3125
G3S-9589527ecb9747c1	G3S-b47e17893c82aca6	exact_nonempty_scaffold	0.230569948	0.208333333	0.260869565
G3S-9589527ecb9747c1	G3S-b4e4bb5af0b8b2c1	exact_nonempty_scaffold	0.22962963	0.178571429	0.3
G3S-9589527ecb9747c1	G3S-c3ad4039ad41a0e6	exact_nonempty_scaffold	0.194647202	0.176470588	0.295081967
G3S-9589527ecb9747c1	G3S-c8b189267b8c3242	exact_nonempty_scaffold	0.207920792	0.12	0.166666667
G3S-9589527ecb9747c1	G3S-d15243e290ebeba6	exact_nonempty_scaffold	0.19895288	0.16	0.22
G3S-9589527ecb9747c1	G3S-d392e1d59c314666	exact_nonempty_scaffold	0.198412698	0.296296296	0.179104478
G3S-9589527ecb9747c1	G3S-d5f2b3941320fd29	exact_nonempty_scaffold	0.220614828	0.166666667	0.204081633
G3S-9589527ecb9747c1	G3S-df91bc0fd4e2076d	exact_nonempty_scaffold	0.207792208	0.208333333	0.22
G3S-9589527ecb9747c1	G3S-e06c6b7aad2ea234	exact_nonempty_scaffold	0.186486486	0.24137931	0.325581395
G3S-9589527ecb9747c1	G3S-eb73c8235716ab91	exact_nonempty_scaffold	0.204787234	0.166666667	0.22
G3S-9589527ecb9747c1	G3S-ee6c97e67f1fb0d7	exact_nonempty_scaffold	0.19895288	0.214285714	0.179104478
G3S-9589527ecb9747c1	G3S-f2ec313bd7b3ce78	exact_nonempty_scaffold;ligand_tanimoto;local_site_identity;shared_measurement_publication	0.268292683	0.541666667	1
G3S-9589527ecb9747c1	G3S-f5c4fa2e79c47654	exact_nonempty_scaffold	0.214893617	0.125	0.142857143
G3S-9589527ecb9747c1	G3S-fb7593ab116f7278	exact_nonempty_scaffold;ligand_tanimoto	0.235294118	0.208333333	0.392156863
G3S-9589527ecb9747c1	G3S-ff4e5bfc253b96ea	exact_nonempty_scaffold	0.225733634	0.0689655172	0.203389831
G3S-96b21ba0d0525be3	G3S-a5df04a0e400b0db	exact_nonempty_scaffold;ligand_tanimoto;shared_measurement_publication	0.206467662	0.424242424	1
G3S-96b21ba0d0525be3	G3S-a607f21d0b792e74	exact_nonempty_scaffold;ligand_tanimoto	0.210084034	0.333333333	1
G3S-96b21ba0d0525be3	G3S-a8d224cda1a84a3f	exact_nonempty_scaffold;ligand_tanimoto	0.189481268	0.342857143	1
G3S-96b21ba0d0525be3	G3S-a96a5730efc90a42	exact_nonempty_scaffold;ligand_tanimoto	0.246621622	0.303030303	1
G3S-96b21ba0d0525be3	G3S-accf02b6dbaa6894	exact_nonempty_scaffold;ligand_tanimoto	0.190765492	0.405405405	1
G3S-96b21ba0d0525be3	G3S-b96988cabeb69917	exact_nonempty_scaffold;ligand_tanimoto	0.190765492	0.4	1
G3S-96b21ba0d0525be3	G3S-bd97b6205fe27668	exact_nonempty_scaffold;ligand_tanimoto	0.233432245	0.314285714	1
G3S-96b21ba0d0525be3	G3S-c4c2e34a716f6ae6	exact_nonempty_scaffold;ligand_tanimoto	0.190765492	0.333333333	1
G3S-96b21ba0d0525be3	G3S-c5d1969627a8c3f1	exact_nonempty_scaffold;ligand_tanimoto	0.218061674	0.228571429	1
G3S-96b21ba0d0525be3	G3S-c6c69878bad91dca	exact_nonempty_scaffold;ligand_tanimoto	0.248618785	0.388888889	1
G3S-96b21ba0d0525be3	G3S-cac62a85af1d2834	exact_nonempty_scaffold;ligand_tanimoto	0.215243902	0.424242424	1
G3S-96b21ba0d0525be3	G3S-d1de2bf2f08fcf46	exact_nonempty_scaffold;ligand_tanimoto	0.235294118	0.333333333	1
G3S-96b21ba0d0525be3	G3S-d207c324846b2507	exact_nonempty_scaffold;ligand_tanimoto	0.200477327	0.34375	1
G3S-96b21ba0d0525be3	G3S-d3c114d403b4f6e6	ligand_tanimoto	0.248618785	0.388888889	0.472972973
G3S-96b21ba0d0525be3	G3S-d587ea9877aeacf1	exact_nonempty_scaffold;ligand_tanimoto	0.20045045	0.27027027	1
G3S-96b21ba0d0525be3	G3S-d5eff434a516ab97	exact_nonempty_scaffold;exact_target_sequence;full_sequence_identity;ligand_tanimoto;local_site_identity;shared_reference_structure_publication	1	1	1
G3S-96b21ba0d0525be3	G3S-dc79a9836344f3ec	exact_nonempty_scaffold;ligand_tanimoto;shared_measurement_publication	0.263849765	0.333333333	1
G3S-96b21ba0d0525be3	G3S-dd8aacb779840031	exact_nonempty_scaffold;ligand_tanimoto	0.193816885	0.363636364	0.830508475
G3S-96b21ba0d0525be3	G3S-de2a24cde8ae391c	exact_nonempty_scaffold;ligand_tanimoto	0.244549763	0.235294118	1
G3S-96b21ba0d0525be3	G3S-e3b2a2841a5b18a5	exact_nonempty_scaffold;ligand_tanimoto	0.255834054	0.405405405	1
G3S-96b21ba0d0525be3	G3S-e710b4e67d7724f9	exact_nonempty_scaffold;ligand_tanimoto;shared_measurement_publication	0.20045045	0.27027027	1
G3S-96b21ba0d0525be3	G3S-f2318d3b76296c29	exact_nonempty_scaffold;ligand_tanimoto	0.208366854	0.378378378	1
G3S-96b21ba0d0525be3	G3S-f4966ebce19de7c0	exact_nonempty_scaffold;ligand_tanimoto;shared_measurement_publication	0.255834054	0.405405405	1
G3S-96b21ba0d0525be3	G3S-f9b101ab9b60896c	ligand_tanimoto	0.246621622	0.303030303	0.558441558
G3S-96b21ba0d0525be3	G3S-fc8dc45b48055767	exact_nonempty_scaffold;ligand_tanimoto;shared_measurement_publication	0.213935231	0.333333333	1
G3S-9838f6e0d45906f5	G3S-d25ad64514236b8b	exact_nonempty_scaffold;exact_target_sequence;full_sequence_identity;ligand_tanimoto;local_site_identity	1	0.875	1
G3S-9838f6e0d45906f5	G3S-fb6b9c4b9d6641a2	exact_target_sequence;full_sequence_identity;local_site_identity	1	0.571428571	0.165137615
G3S-9d0d3bffdbe8c8bd	G3S-a0eeacac2c679281	ligand_tanimoto	0.181538462	0.117647059	0.414634146
G3S-9d0d3bffdbe8c8bd	G3S-bff054f5415e507d	ligand_tanimoto	0.202435312	0.148148148	0.391891892
G3S-9d0d3bffdbe8c8bd	G3S-dfc845f5fdda1698	exact_nonempty_scaffold;exact_target_sequence;full_sequence_identity;ligand_tanimoto;local_site_identity	1	0.7	1
G3S-9d0d3bffdbe8c8bd	G3S-fffc85fa1583cd07	exact_nonempty_scaffold;ligand_tanimoto	0.181538462	0.117647059	1
G3S-9d3d506752fabc29	G3S-a0b462ec59730874	exact_nonempty_scaffold	0.211009174	0.166666667	0.28
G3S-9d3d506752fabc29	G3S-a5f8f9b4623f1ec1	exact_nonempty_scaffold;full_sequence_identity;ligand_tanimoto;local_site_identity	0.315789474	0.708333333	1
G3S-9d3d506752fabc29	G3S-aaae27c9c7a68a3a	full_sequence_identity;local_site_identity	0.30362117	0.583333333	0.298245614
G3S-9d3d506752fabc29	G3S-adf3d9017899d822	exact_nonempty_scaffold	0.22606383	0.185185185	0.319148936
G3S-9d3d506752fabc29	G3S-b47e17893c82aca6	exact_nonempty_scaffold	0.21253406	0.166666667	0.271186441
G3S-9d3d506752fabc29	G3S-b4e4bb5af0b8b2c1	exact_nonempty_scaffold	0.22606383	0.185185185	0.319148936
G3S-9d3d506752fabc29	G3S-b66b7652f5b1d01d	local_site_identity	0.281337047	0.625	0.298245614
G3S-9d3d506752fabc29	G3S-bd2cdfe90c8aa7fa	exact_nonempty_scaffold;full_sequence_identity;ligand_tanimoto;local_site_identity	0.315789474	0.708333333	1
G3S-9d3d506752fabc29	G3S-beb8359aa320987f	exact_nonempty_scaffold;ligand_tanimoto;local_site_identity	0.281337047	0.625	1
G3S-9d3d506752fabc29	G3S-c3ad4039ad41a0e6	exact_nonempty_scaffold	0.224343675	0.171428571	0.203125
G3S-9d3d506752fabc29	G3S-c8b189267b8c3242	exact_nonempty_scaffold	0.218074656	0.0833333333	0.25
G3S-9d3d506752fabc29	G3S-cb1dbf771699bf3f	exact_nonempty_scaffold;ligand_tanimoto;local_site_identity	0.281337047	0.615384615	1
G3S-9d3d506752fabc29	G3S-d15243e290ebeba6	exact_nonempty_scaffold;full_sequence_identity;ligand_tanimoto;local_site_identity	0.30362117	0.555555556	1
G3S-9d3d506752fabc29	G3S-d2858f5dc6d0d6d2	exact_nonempty_scaffold;ligand_tanimoto;local_site_identity	0.281337047	0.533333333	1
G3S-9d3d506752fabc29	G3S-d392e1d59c314666	exact_nonempty_scaffold;ligand_tanimoto;local_site_identity;shared_measurement_publication	0.281337047	0.551724138	1
G3S-9d3d506752fabc29	G3S-d5f2b3941320fd29	exact_nonempty_scaffold	0.216363636	0.0833333333	0.24137931
G3S-9d3d506752fabc29	G3S-d82e40f7bc270eb2	exact_nonempty_scaffold;full_sequence_identity;ligand_tanimoto;local_site_identity	0.30362117	0.583333333	1
G3S-9d3d506752fabc29	G3S-df91bc0fd4e2076d	exact_nonempty_scaffold;full_sequence_identity;ligand_tanimoto;local_site_identity	0.315789474	0.708333333	1
G3S-9d3d506752fabc29	G3S-e06c6b7aad2ea234	exact_nonempty_scaffold	0.185393258	0.125	0.285714286
G3S-9d3d506752fabc29	G3S-e7f816aed727534b	exact_nonempty_scaffold;ligand_tanimoto;local_site_identity	0.281337047	0.615384615	1
G3S-9d3d506752fabc29	G3S-eb73c8235716ab91	exact_nonempty_scaffold;ligand_tanimoto;local_site_identity	0.281337047	0.6	0.743589744
G3S-9d3d506752fabc29	G3S-ee6c97e67f1fb0d7	exact_nonempty_scaffold;full_sequence_identity;ligand_tanimoto;local_site_identity;shared_reference_structure_publication	0.30362117	0.625	1
G3S-9d3d506752fabc29	G3S-eea0596469e3b875	exact_nonempty_scaffold;ligand_tanimoto;local_site_identity;shared_measurement_publication	0.281337047	0.6	1
G3S-9d3d506752fabc29	G3S-f223745e3dee7f3b	ligand_tanimoto	0.209039548	0.125	0.392156863
G3S-9d3d506752fabc29	G3S-f2ec313bd7b3ce78	exact_nonempty_scaffold	0.202933985	0.125	0.169230769
G3S-9d3d506752fabc29	G3S-f5c4fa2e79c47654	exact_nonempty_scaffold	0.213250518	0.25	0.18
G3S-9d3d506752fabc29	G3S-ff4e5bfc253b96ea	exact_nonempty_scaffold	0.215102975	0.242424242	0.217391304
G3S-a0b462ec59730874	G3S-ab9150ed0ce52416	exact_nonempty_scaffold;ligand_tanimoto	0.161676647	0.157894737	0.375
G3S-a0b462ec59730874	G3S-adf3d9017899d822	exact_nonempty_scaffold;ligand_tanimoto	0.232600733	0.115384615	0.386363636
G3S-a0b462ec59730874	G3S-b28f576038c6bba6	exact_nonempty_scaffold	0.205882353	0.129032258	0.211538462
G3S-a0b462ec59730874	G3S-b47e17893c82aca6	exact_nonempty_scaffold	0.211111111	0.111111111	0.263157895
G3S-a0b462ec59730874	G3S-b4e4bb5af0b8b2c1	exact_nonempty_scaffold;ligand_tanimoto	0.232600733	0.115384615	0.369565217
G3S-a0b462ec59730874	G3S-c3ad4039ad41a0e6	exact_nonempty_scaffold;ligand_tanimoto	0.211111111	0.266666667	0.40625
G3S-a0b462ec59730874	G3S-c8b189267b8c3242	exact_nonempty_scaffold	0.236797274	0.166666667	0.277777778
G3S-a0b462ec59730874	G3S-d15243e290ebeba6	exact_nonempty_scaffold	0.208178439	0.166666667	0.235294118
G3S-a0b462ec59730874	G3S-d183c9dc36c1eaef	exact_nonempty_scaffold	0.199300699	0.192307692	0.235294118
G3S-a0b462ec59730874	G3S-d1bbafed8d4f34cf	exact_nonempty_scaffold	0.206660137	0.125	0.244897959
G3S-a0b462ec59730874	G3S-d392e1d59c314666	exact_nonempty_scaffold	0.182156134	0.153846154	0.277777778
G3S-a0b462ec59730874	G3S-d5f2b3941320fd29	exact_nonempty_scaffold	0.243243243	0.133333333	0.25
G3S-a0b462ec59730874	G3S-df91bc0fd4e2076d	exact_nonempty_scaffold	0.183864916	0.19047619	0.235294118
G3S-a0b462ec59730874	G3S-e06c6b7aad2ea234	exact_nonempty_scaffold;ligand_tanimoto	0.151685393	0.235294118	0.407407407
G3S-a0b462ec59730874	G3S-eb73c8235716ab91	exact_nonempty_scaffold	0.190298507	0.238095238	0.235294118
G3S-a0b462ec59730874	G3S-ee6c97e67f1fb0d7	exact_nonempty_scaffold	0.208178439	0.0869565217	0.28
G3S-a0b462ec59730874	G3S-f223745e3dee7f3b	ligand_tanimoto	0.196261682	0.2	0.388888889
G3S-a0b462ec59730874	G3S-f2ec313bd7b3ce78	exact_nonempty_scaffold	0.216911765	0.166666667	0.333333333
G3S-a0b462ec59730874	G3S-f5c4fa2e79c47654	exact_nonempty_scaffold	0.223801066	0.136363636	0.2
G3S-a0b462ec59730874	G3S-fb7593ab116f7278	ligand_tanimoto	0.181146026	0.0476190476	0.355555556
G3S-a0b462ec59730874	G3S-ff4e5bfc253b96ea	exact_nonempty_scaffold;ligand_tanimoto	0.237318841	0.206896552	0.372093023
G3S-a0b462ec59730874	G3S-ff7784d287172c20	ligand_tanimoto	0.222024867	0.142857143	0.37254902
G3S-a0eeacac2c679281	G3S-dfc845f5fdda1698	ligand_tanimoto	0.181538462	0.0588235294	0.410714286
G3S-a0eeacac2c679281	G3S-fffc85fa1583cd07	exact_target_sequence;full_sequence_identity;ligand_tanimoto;local_site_identity	1	0.882352941	0.887323944
G3S-a38e7f40310e2c16	G3S-a96a5730efc90a42	exact_target_sequence;full_sequence_identity	1	0.258064516	0.283950617
G3S-a38e7f40310e2c16	G3S-ab9150ed0ce52416	ligand_tanimoto	0.213021939	0.178571429	0.411764706
G3S-a38e7f40310e2c16	G3S-bff054f5415e507d	exact_nonempty_scaffold;ligand_tanimoto	0.200346921	0.137931034	0.842105263
G3S-a38e7f40310e2c16	G3S-c1bf0bf4ec7b8cf8	full_sequence_identity	0.391339214	0.321428571	0.183673469
G3S-a38e7f40310e2c16	G3S-c921d4d10853942c	ligand_tanimoto	0.124338624	0.162790698	0.409090909
G3S-a38e7f40310e2c16	G3S-ccdb4e9b6cf85e30	full_sequence_identity	0.391339214	0.344827586	0.175257732
G3S-a38e7f40310e2c16	G3S-e710b4e67d7724f9	ligand_tanimoto	0.219928826	0.333333333	0.641509434
G3S-a38e7f40310e2c16	G3S-f9b101ab9b60896c	exact_target_sequence;full_sequence_identity	1	0.258064516	0.270588235
G3S-a38e7f40310e2c16	G3S-fc8dc45b48055767	ligand_tanimoto	0.224812656	0.285714286	0.641509434
G3S-a5df04a0e400b0db	G3S-a607f21d0b792e74	exact_nonempty_scaffold;ligand_tanimoto	0.179443976	0.428571429	1
G3S-a5df04a0e400b0db	G3S-a8d224cda1a84a3f	exact_nonempty_scaffold;ligand_tanimoto	0.223522167	0.444444444	1
G3S-a5df04a0e400b0db	G3S-a96a5730efc90a42	exact_nonempty_scaffold;ligand_tanimoto	0.214618974	0.25	1
G3S-a5df04a0e400b0db	G3S-adf3d9017899d822	ligand_tanimoto	0.146959459	0.0740740741	0.362068966
G3S-a5df04a0e400b0db	G3S-b4e4bb5af0b8b2c1	ligand_tanimoto	0.146959459	0.0740740741	0.362068966
G3S-a5df04a0e400b0db	G3S-b96988cabeb69917	exact_nonempty_scaffold;ligand_tanimoto	0.147182506	0.344827586	1
G3S-a5df04a0e400b0db	G3S-ba437efd56c85d19	exact_nonempty_scaffold;ligand_tanimoto	0.233146067	0.4	1
G3S-a5df04a0e400b0db	G3S-bd97b6205fe27668	exact_nonempty_scaffold;ligand_tanimoto	0.219492219	0.37037037	1
G3S-a5df04a0e400b0db	G3S-c5d1969627a8c3f1	exact_nonempty_scaffold;ligand_tanimoto	0.21219716	0.357142857	1
G3S-a5df04a0e400b0db	G3S-c6c69878bad91dca	exact_nonempty_scaffold;ligand_tanimoto	0.21547421	0.35483871	1
G3S-a5df04a0e400b0db	G3S-cac62a85af1d2834	exact_nonempty_scaffold;ligand_tanimoto	0.229527794	0.357142857	1
G3S-a5df04a0e400b0db	G3S-d1de2bf2f08fcf46	exact_nonempty_scaffold;ligand_tanimoto	0.20661157	0.259259259	1
G3S-a5df04a0e400b0db	G3S-d207c324846b2507	exact_nonempty_scaffold;ligand_tanimoto	0.188235294	0.322580645	1
G3S-a5df04a0e400b0db	G3S-d3c114d403b4f6e6	ligand_tanimoto	0.21547421	0.35483871	0.472972973
G3S-a5df04a0e400b0db	G3S-d587ea9877aeacf1	exact_nonempty_scaffold;ligand_tanimoto	0.233146067	0.4	1
G3S-a5df04a0e400b0db	G3S-d5eff434a516ab97	exact_nonempty_scaffold;ligand_tanimoto	0.206467662	0.424242424	1
G3S-a5df04a0e400b0db	G3S-da6a7a5b92d16f5d	exact_nonempty_scaffold;ligand_tanimoto	0.233146067	0.4	1
G3S-a5df04a0e400b0db	G3S-dc79a9836344f3ec	exact_nonempty_scaffold;ligand_tanimoto;shared_measurement_publication	0.216876972	0.481481481	1
G3S-a5df04a0e400b0db	G3S-dd8aacb779840031	exact_nonempty_scaffold;ligand_tanimoto;local_site_identity	0.130142737	0.666666667	1
G3S-a5df04a0e400b0db	G3S-de2a24cde8ae391c	exact_nonempty_scaffold;ligand_tanimoto	0.212469237	0.448275862	1
G3S-a5df04a0e400b0db	G3S-e3b2a2841a5b18a5	exact_nonempty_scaffold;ligand_tanimoto	0.217767296	0.40625	1
G3S-a5df04a0e400b0db	G3S-e710b4e67d7724f9	exact_nonempty_scaffold;ligand_tanimoto;shared_measurement_publication	0.233146067	0.4	1
G3S-a5df04a0e400b0db	G3S-f2318d3b76296c29	exact_nonempty_scaffold;ligand_tanimoto;local_site_identity	0.221732746	0.5	1
G3S-a5df04a0e400b0db	G3S-f4966ebce19de7c0	exact_nonempty_scaffold;ligand_tanimoto;shared_measurement_publication	0.217767296	0.40625	1
G3S-a5df04a0e400b0db	G3S-f9b101ab9b60896c	ligand_tanimoto	0.214618974	0.25	0.558441558
G3S-a5df04a0e400b0db	G3S-fb6cb3a33814d85e	local_site_identity	0.194794291	0.666666667	0.337662338
G3S-a5df04a0e400b0db	G3S-fb7593ab116f7278	exact_nonempty_scaffold	0.125211506	0.111111111	0.267605634
G3S-a5df04a0e400b0db	G3S-fc8dc45b48055767	exact_nonempty_scaffold;ligand_tanimoto;local_site_identity;shared_measurement_publication	0.214285714	0.535714286	1
G3S-a5f8f9b4623f1ec1	G3S-aaae27c9c7a68a3a	full_sequence_identity;local_site_identity	0.526515152	0.681818182	0.307692308
G3S-a5f8f9b4623f1ec1	G3S-b66b7652f5b1d01d	full_sequence_identity;local_site_identity	0.503787879	0.681818182	0.307692308
G3S-a5f8f9b4623f1ec1	G3S-bd2cdfe90c8aa7fa	exact_nonempty_scaffold;exact_target_sequence;full_sequence_identity;ligand_tanimoto;local_site_identity	1	1	1
G3S-a5f8f9b4623f1ec1	G3S-beb8359aa320987f	exact_nonempty_scaffold;full_sequence_identity;ligand_tanimoto;local_site_identity	0.503787879	0.681818182	1
G3S-a5f8f9b4623f1ec1	G3S-cb1dbf771699bf3f	full_sequence_identity;ligand_tanimoto;local_site_identity	0.560606061	0.72	0.517857143
G3S-a5f8f9b4623f1ec1	G3S-d15243e290ebeba6	exact_nonempty_scaffold;full_sequence_identity;ligand_tanimoto;local_site_identity	0.526515152	0.576923077	1
G3S-a5f8f9b4623f1ec1	G3S-d2858f5dc6d0d6d2	exact_nonempty_scaffold;full_sequence_identity;ligand_tanimoto;local_site_identity	0.560606061	0.620689655	1
G3S-a5f8f9b4623f1ec1	G3S-d392e1d59c314666	exact_nonempty_scaffold;full_sequence_identity;ligand_tanimoto;local_site_identity	0.560606061	0.642857143	1
G3S-a5f8f9b4623f1ec1	G3S-d82e40f7bc270eb2	exact_nonempty_scaffold;full_sequence_identity;ligand_tanimoto;local_site_identity	0.526515152	0.782608696	1
G3S-a5f8f9b4623f1ec1	G3S-df91bc0fd4e2076d	exact_nonempty_scaffold;exact_target_sequence;full_sequence_identity;ligand_tanimoto;local_site_identity	1	1	1
G3S-a5f8f9b4623f1ec1	G3S-e7f816aed727534b	exact_nonempty_scaffold;full_sequence_identity;ligand_tanimoto;local_site_identity	0.560606061	0.72	1
G3S-a5f8f9b4623f1ec1	G3S-eb73c8235716ab91	exact_nonempty_scaffold;full_sequence_identity;ligand_tanimoto;local_site_identity	0.503787879	0.695652174	1
G3S-a5f8f9b4623f1ec1	G3S-ee6c97e67f1fb0d7	exact_nonempty_scaffold;full_sequence_identity;ligand_tanimoto;local_site_identity	0.526515152	0.782608696	1
G3S-a5f8f9b4623f1ec1	G3S-eea0596469e3b875	exact_nonempty_scaffold;full_sequence_identity;ligand_tanimoto;local_site_identity	0.503787879	0.695652174	1
G3S-a5f8f9b4623f1ec1	G3S-f223745e3dee7f3b	ligand_tanimoto	0.202205882	0.0952380952	0.4375
G3S-a607f21d0b792e74	G3S-a8d224cda1a84a3f	exact_nonempty_scaffold;ligand_tanimoto;shared_measurement_publication	0.160502959	0.407407407	1
G3S-a607f21d0b792e74	G3S-a96a5730efc90a42	exact_nonempty_scaffold;ligand_tanimoto;shared_measurement_publication	0.174714662	0.25	1
G3S-a607f21d0b792e74	G3S-adf3d9017899d822	ligand_tanimoto	0.254098361	0.178571429	0.362068966
G3S-a607f21d0b792e74	G3S-b4e4bb5af0b8b2c1	ligand_tanimoto	0.254098361	0.178571429	0.362068966
G3S-a607f21d0b792e74	G3S-b96988cabeb69917	exact_nonempty_scaffold;ligand_tanimoto;shared_measurement_publication	0.255060729	0.296296296	1
G3S-a607f21d0b792e74	G3S-ba437efd56c85d19	exact_nonempty_scaffold;ligand_tanimoto	0.171082513	0.482758621	1
G3S-a607f21d0b792e74	G3S-bd97b6205fe27668	exact_nonempty_scaffold;ligand_tanimoto;shared_measurement_publication	0.211678832	0.375	1
G3S-a607f21d0b792e74	G3S-c5d1969627a8c3f1	exact_nonempty_scaffold;ligand_tanimoto;shared_measurement_publication	0.204398448	0.36	1
G3S-a607f21d0b792e74	G3S-c6c69878bad91dca	exact_nonempty_scaffold;ligand_tanimoto;shared_measurement_publication	0.224489796	0.290322581	1
G3S-a607f21d0b792e74	G3S-cac62a85af1d2834	exact_nonempty_scaffold;ligand_tanimoto;shared_measurement_publication	0.144793592	0.357142857	1
G3S-a607f21d0b792e74	G3S-d183c9dc36c1eaef	ligand_tanimoto	0.191570881	0.392857143	0.391304348
G3S-a607f21d0b792e74	G3S-d1de2bf2f08fcf46	exact_nonempty_scaffold;ligand_tanimoto;shared_measurement_publication	0.202099738	0.32	1
G3S-a607f21d0b792e74	G3S-d207c324846b2507	exact_nonempty_scaffold;ligand_tanimoto;shared_measurement_publication	0.239845261	0.24137931	1
G3S-a607f21d0b792e74	G3S-d3c114d403b4f6e6	ligand_tanimoto	0.224489796	0.290322581	0.410958904
G3S-a607f21d0b792e74	G3S-d587ea9877aeacf1	exact_nonempty_scaffold;ligand_tanimoto;shared_measurement_publication	0.171082513	0.482758621	1
G3S-a607f21d0b792e74	G3S-d5eff434a516ab97	exact_nonempty_scaffold;ligand_tanimoto;shared_measurement_publication	0.210084034	0.333333333	1
G3S-a607f21d0b792e74	G3S-da6a7a5b92d16f5d	exact_nonempty_scaffold;ligand_tanimoto	0.171082513	0.482758621	1
G3S-a607f21d0b792e74	G3S-dc79a9836344f3ec	exact_nonempty_scaffold;ligand_tanimoto	0.197183099	0.44	1
G3S-a607f21d0b792e74	G3S-dd8aacb779840031	exact_nonempty_scaffold;ligand_tanimoto	0.206060606	0.321428571	1
G3S-a607f21d0b792e74	G3S-de2a24cde8ae391c	exact_nonempty_scaffold;ligand_tanimoto;shared_measurement_publication	0.191089109	0.407407407	1
G3S-a607f21d0b792e74	G3S-e3b2a2841a5b18a5	exact_nonempty_scaffold;ligand_tanimoto;shared_measurement_publication	0.180679785	0.344827586	1
G3S-a607f21d0b792e74	G3S-e710b4e67d7724f9	exact_nonempty_scaffold;ligand_tanimoto	0.171082513	0.482758621	1
G3S-a607f21d0b792e74	G3S-f2318d3b76296c29	exact_nonempty_scaffold;ligand_tanimoto	0.173267327	0.413793103	1
G3S-a607f21d0b792e74	G3S-f4966ebce19de7c0	exact_nonempty_scaffold;ligand_tanimoto	0.180679785	0.344827586	1
G3S-a607f21d0b792e74	G3S-f9b101ab9b60896c	exact_nonempty_scaffold;ligand_tanimoto	0.174714662	0.25	1
G3S-a607f21d0b792e74	G3S-fb7593ab116f7278	exact_nonempty_scaffold	0.20083682	0.172413793	0.267605634
G3S-a607f21d0b792e74	G3S-fc8dc45b48055767	exact_nonempty_scaffold;ligand_tanimoto;local_site_identity	0.203684749	0.68	1
G3S-a8d224cda1a84a3f	G3S-a96a5730efc90a42	exact_nonempty_scaffold;ligand_tanimoto;shared_measurement_publication	0.222772277	0.379310345	1
G3S-a8d224cda1a84a3f	G3S-adf3d9017899d822	ligand_tanimoto	0.128071482	0.185185185	0.362068966
G3S-a8d224cda1a84a3f	G3S-b4e4bb5af0b8b2c1	ligand_tanimoto	0.128071482	0.185185185	0.362068966
G3S-a8d224cda1a84a3f	G3S-b96988cabeb69917	exact_nonempty_scaffold;ligand_tanimoto;shared_measurement_publication	0.142218913	0.25	1
G3S-a8d224cda1a84a3f	G3S-ba437efd56c85d19	exact_nonempty_scaffold;ligand_tanimoto	0.219905851	0.333333333	1
G3S-a8d224cda1a84a3f	G3S-bd97b6205fe27668	exact_nonempty_scaffold;ligand_tanimoto;shared_measurement_publication	0.221105528	0.307692308	1
G3S-a8d224cda1a84a3f	G3S-c5d1969627a8c3f1	exact_nonempty_scaffold;ligand_tanimoto;shared_measurement_publication	0.195014663	0.259259259	1
G3S-a8d224cda1a84a3f	G3S-c6c69878bad91dca	exact_nonempty_scaffold;ligand_tanimoto;shared_measurement_publication	0.208727273	0.233333333	1
G3S-a8d224cda1a84a3f	G3S-cac62a85af1d2834	exact_nonempty_scaffold;ligand_tanimoto;shared_measurement_publication	0.223029625	0.192307692	1
G3S-a8d224cda1a84a3f	G3S-d1de2bf2f08fcf46	exact_nonempty_scaffold;ligand_tanimoto;shared_measurement_publication	0.204005935	0.25	1
G3S-a8d224cda1a84a3f	G3S-d207c324846b2507	exact_nonempty_scaffold;ligand_tanimoto;shared_measurement_publication	0.160089352	0.258064516	1
G3S-a8d224cda1a84a3f	G3S-d3c114d403b4f6e6	ligand_tanimoto	0.208727273	0.233333333	0.446808511
G3S-a8d224cda1a84a3f	G3S-d587ea9877aeacf1	exact_nonempty_scaffold;ligand_tanimoto;shared_measurement_publication	0.219905851	0.333333333	1
G3S-a8d224cda1a84a3f	G3S-d5eff434a516ab97	exact_nonempty_scaffold;ligand_tanimoto;shared_measurement_publication	0.189481268	0.342857143	1
G3S-a8d224cda1a84a3f	G3S-da6a7a5b92d16f5d	exact_nonempty_scaffold;ligand_tanimoto	0.219905851	0.333333333	1
G3S-a8d224cda1a84a3f	G3S-dc79a9836344f3ec	exact_nonempty_scaffold;ligand_tanimoto	0.226723525	0.307692308	1
G3S-a8d224cda1a84a3f	G3S-dd8aacb779840031	exact_nonempty_scaffold;ligand_tanimoto	0.129464286	0.333333333	1
G3S-a8d224cda1a84a3f	G3S-de2a24cde8ae391c	exact_nonempty_scaffold;ligand_tanimoto;shared_measurement_publication	0.235421166	0.285714286	1
G3S-a8d224cda1a84a3f	G3S-e3b2a2841a5b18a5	ligand_tanimoto;shared_measurement_publication	0.22946368	0.35483871	0.558441558
G3S-a8d224cda1a84a3f	G3S-e710b4e67d7724f9	exact_nonempty_scaffold;ligand_tanimoto	0.219905851	0.333333333	1
G3S-a8d224cda1a84a3f	G3S-f2318d3b76296c29	exact_nonempty_scaffold;full_sequence_identity;ligand_tanimoto	0.414831131	0.481481481	1
G3S-a8d224cda1a84a3f	G3S-f4966ebce19de7c0	exact_nonempty_scaffold;ligand_tanimoto	0.22946368	0.35483871	1
G3S-a8d224cda1a84a3f	G3S-f9b101ab9b60896c	exact_nonempty_scaffold;ligand_tanimoto	0.222772277	0.379310345	1
G3S-a8d224cda1a84a3f	G3S-fb6cb3a33814d85e	local_site_identity	0.173105498	0.5	0.337662338
G3S-a8d224cda1a84a3f	G3S-fb7593ab116f7278	exact_nonempty_scaffold	0.113754647	0.214285714	0.267605634
G3S-a8d224cda1a84a3f	G3S-fc8dc45b48055767	exact_nonempty_scaffold;ligand_tanimoto	0.195139912	0.407407407	1
G3S-a96a5730efc90a42	G3S-adf3d9017899d822	ligand_tanimoto	0.148861646	0.142857143	0.362068966
G3S-a96a5730efc90a42	G3S-b4e4bb5af0b8b2c1	ligand_tanimoto	0.148861646	0.142857143	0.362068966
G3S-a96a5730efc90a42	G3S-b96988cabeb69917	exact_nonempty_scaffold;ligand_tanimoto;shared_measurement_publication	0.162708883	0.242424242	1
G3S-a96a5730efc90a42	G3S-ba437efd56c85d19	exact_nonempty_scaffold;ligand_tanimoto	0.219928826	0.137931034	1
G3S-a96a5730efc90a42	G3S-bd97b6205fe27668	exact_nonempty_scaffold;ligand_tanimoto;local_site_identity;shared_measurement_publication	0.23242349	0.535714286	1
G3S-a96a5730efc90a42	G3S-c1bf0bf4ec7b8cf8	full_sequence_identity	0.391339214	0.464285714	0.219512195
G3S-a96a5730efc90a42	G3S-c5d1969627a8c3f1	exact_nonempty_scaffold;ligand_tanimoto;shared_measurement_publication	0.202046036	0.379310345	1
G3S-a96a5730efc90a42	G3S-c6c69878bad91dca	exact_nonempty_scaffold;ligand_tanimoto;shared_measurement_publication	0.215918713	0.210526316	1
G3S-a96a5730efc90a42	G3S-cac62a85af1d2834	exact_nonempty_scaffold;ligand_tanimoto;shared_measurement_publication	0.206111444	0.482758621	1
G3S-a96a5730efc90a42	G3S-ccdb4e9b6cf85e30	full_sequence_identity	0.391339214	0.413793103	0.227272727
G3S-a96a5730efc90a42	G3S-d183c9dc36c1eaef	ligand_tanimoto	0.175284838	0.466666667	0.391304348
G3S-a96a5730efc90a42	G3S-d1de2bf2f08fcf46	exact_nonempty_scaffold;ligand_tanimoto;shared_measurement_publication	0.211403509	0.428571429	1
G3S-a96a5730efc90a42	G3S-d207c324846b2507	exact_nonempty_scaffold;ligand_tanimoto;shared_measurement_publication	0.166666667	0.189189189	1
G3S-a96a5730efc90a42	G3S-d3c114d403b4f6e6	ligand_tanimoto	0.215918713	0.210526316	0.410958904
G3S-a96a5730efc90a42	G3S-d587ea9877aeacf1	exact_nonempty_scaffold;ligand_tanimoto;shared_measurement_publication	0.219928826	0.137931034	1
G3S-a96a5730efc90a42	G3S-d5eff434a516ab97	exact_nonempty_scaffold;ligand_tanimoto;shared_measurement_publication	0.246621622	0.303030303	1
G3S-a96a5730efc90a42	G3S-da6a7a5b92d16f5d	exact_nonempty_scaffold;ligand_tanimoto	0.219928826	0.137931034	1
G3S-a96a5730efc90a42	G3S-dc79a9836344f3ec	exact_nonempty_scaffold;ligand_tanimoto	0.242156074	0.303030303	1
G3S-a96a5730efc90a42	G3S-dd8aacb779840031	exact_nonempty_scaffold;ligand_tanimoto	0.139514731	0.212121212	1
G3S-a96a5730efc90a42	G3S-de2a24cde8ae391c	exact_nonempty_scaffold;ligand_tanimoto;shared_measurement_publication	0.219648562	0.206896552	1
G3S-a96a5730efc90a42	G3S-e1d12f0e7fc3ce7f	local_site_identity	0.229304636	0.655172414	0.271604938
G3S-a96a5730efc90a42	G3S-e3b2a2841a5b18a5	exact_nonempty_scaffold;ligand_tanimoto;shared_measurement_publication	0.232824427	0.303030303	1
G3S-a96a5730efc90a42	G3S-e710b4e67d7724f9	exact_nonempty_scaffold;ligand_tanimoto	0.219928826	0.137931034	1
G3S-a96a5730efc90a42	G3S-f2318d3b76296c29	exact_nonempty_scaffold;ligand_tanimoto	0.227439472	0.342857143	1
G3S-a96a5730efc90a42	G3S-f4966ebce19de7c0	exact_nonempty_scaffold;ligand_tanimoto	0.232824427	0.303030303	1
G3S-a96a5730efc90a42	G3S-f9b101ab9b60896c	exact_nonempty_scaffold;exact_target_sequence;full_sequence_identity;ligand_tanimoto;local_site_identity;shared_reference_structure_publication	1	1	1
G3S-a96a5730efc90a42	G3S-fb7593ab116f7278	exact_nonempty_scaffold	0.120704846	0.178571429	0.267605634
G3S-a96a5730efc90a42	G3S-fc8dc45b48055767	exact_nonempty_scaffold;ligand_tanimoto	0.224812656	0.214285714	1
G3S-aaae27c9c7a68a3a	G3S-ab9150ed0ce52416	ligand_tanimoto	0.112528132	0.105263158	0.37037037
G3S-aaae27c9c7a68a3a	G3S-b66b7652f5b1d01d	exact_nonempty_scaffold;full_sequence_identity;ligand_tanimoto;local_site_identity;shared_measurement_publication	0.595419847	0.684210526	1
G3S-aaae27c9c7a68a3a	G3S-bd2cdfe90c8aa7fa	full_sequence_identity;local_site_identity	0.526515152	0.681818182	0.311688312
G3S-aaae27c9c7a68a3a	G3S-beb8359aa320987f	full_sequence_identity;local_site_identity	0.595419847	0.684210526	0.311688312
G3S-aaae27c9c7a68a3a	G3S-cb1dbf771699bf3f	full_sequence_identity;local_site_identity	0.599236641	0.652173913	0.31147541
G3S-aaae27c9c7a68a3a	G3S-d15243e290ebeba6	exact_target_sequence;full_sequence_identity;ligand_tanimoto;local_site_identity	1	0.739130435	0.392156863
G3S-aaae27c9c7a68a3a	G3S-d2858f5dc6d0d6d2	full_sequence_identity;local_site_identity	0.599236641	0.555555556	0.298245614
G3S-aaae27c9c7a68a3a	G3S-d392e1d59c314666	full_sequence_identity;local_site_identity	0.599236641	0.576923077	0.298245614
G3S-aaae27c9c7a68a3a	G3S-d82e40f7bc270eb2	exact_target_sequence;full_sequence_identity;local_site_identity	1	0.739130435	0.311688312
G3S-aaae27c9c7a68a3a	G3S-df91bc0fd4e2076d	full_sequence_identity;ligand_tanimoto;local_site_identity	0.526515152	0.681818182	0.392156863
G3S-aaae27c9c7a68a3a	G3S-e7f816aed727534b	full_sequence_identity;local_site_identity	0.599236641	0.652173913	0.311688312
G3S-aaae27c9c7a68a3a	G3S-eb73c8235716ab91	full_sequence_identity;ligand_tanimoto;local_site_identity	0.595419847	0.619047619	0.392156863
G3S-aaae27c9c7a68a3a	G3S-ee6c97e67f1fb0d7	exact_target_sequence;full_sequence_identity;local_site_identity	1	0.739130435	0.298245614
G3S-aaae27c9c7a68a3a	G3S-eea0596469e3b875	full_sequence_identity;local_site_identity	0.595419847	0.619047619	0.298245614
G3S-aaae27c9c7a68a3a	G3S-fb7593ab116f7278	exact_nonempty_scaffold	0.207119741	0.19047619	0.275362319
G3S-ab8ecdc323a69568	G3S-b39cee93fb2ff4e0	exact_target_sequence;full_sequence_identity	1	0.233333333	0.189473684
G3S-ab8ecdc323a69568	G3S-c3ad4039ad41a0e6	exact_target_sequence;full_sequence_identity	1	0.314285714	0.189473684
G3S-ab9150ed0ce52416	G3S-b66b7652f5b1d01d	ligand_tanimoto	0.117691154	0.0526315789	0.408163265
G3S-ab9150ed0ce52416	G3S-d15243e290ebeba6	exact_nonempty_scaffold;ligand_tanimoto	0.112528132	0.0869565217	0.428571429
G3S-ab9150ed0ce52416	G3S-df91bc0fd4e2076d	exact_nonempty_scaffold;ligand_tanimoto	0.111027757	0.173913043	0.428571429
G3S-ab9150ed0ce52416	G3S-e710b4e67d7724f9	ligand_tanimoto	0.237400531	0.166666667	0.411764706
G3S-ab9150ed0ce52416	G3S-eb73c8235716ab91	exact_nonempty_scaffold;ligand_tanimoto	0.117691154	0.142857143	0.428571429
G3S-ab9150ed0ce52416	G3S-f223745e3dee7f3b	exact_nonempty_scaffold;ligand_tanimoto	0.0990247562	0.157894737	0.512820513
G3S-ab9150ed0ce52416	G3S-fc8dc45b48055767	ligand_tanimoto	0.210144928	0.125	0.411764706
G3S-accf02b6dbaa6894	G3S-b96988cabeb69917	exact_nonempty_scaffold;exact_target_sequence;full_sequence_identity;ligand_tanimoto;local_site_identity	1	0.53125	1
G3S-accf02b6dbaa6894	G3S-c4c2e34a716f6ae6	exact_nonempty_scaffold;exact_target_sequence;full_sequence_identity;ligand_tanimoto;local_site_identity	1	0.5	1
G3S-accf02b6dbaa6894	G3S-c6c69878bad91dca	exact_nonempty_scaffold;ligand_tanimoto	0.184041184	0.393939394	1
G3S-accf02b6dbaa6894	G3S-d207c324846b2507	exact_nonempty_scaffold;ligand_tanimoto	0.286307054	0.382352941	1
G3S-accf02b6dbaa6894	G3S-d3c114d403b4f6e6	ligand_tanimoto	0.184041184	0.393939394	0.37254902
G3S-accf02b6dbaa6894	G3S-d587ea9877aeacf1	ligand_tanimoto	0.148288973	0.28125	0.632653061
G3S-accf02b6dbaa6894	G3S-d5eff434a516ab97	exact_nonempty_scaffold;ligand_tanimoto	0.190765492	0.405405405	1
G3S-accf02b6dbaa6894	G3S-dc79a9836344f3ec	exact_nonempty_scaffold;ligand_tanimoto	0.16514691	0.28125	1
G3S-accf02b6dbaa6894	G3S-e3b2a2841a5b18a5	exact_nonempty_scaffold;ligand_tanimoto	0.148312611	0.371428571	1
G3S-accf02b6dbaa6894	G3S-e710b4e67d7724f9	ligand_tanimoto	0.148288973	0.28125	0.666666667
G3S-accf02b6dbaa6894	G3S-f2318d3b76296c29	ligand_tanimoto	0.153212521	0.375	0.666666667
G3S-accf02b6dbaa6894	G3S-f4966ebce19de7c0	exact_nonempty_scaffold;ligand_tanimoto	0.148312611	0.371428571	1
G3S-accf02b6dbaa6894	G3S-fc8dc45b48055767	exact_nonempty_scaffold;ligand_tanimoto	0.150559512	0.40625	1
G3S-adf3d9017899d822	G3S-b47e17893c82aca6	exact_nonempty_scaffold	0.239193084	0.0769230769	0.268292683
G3S-adf3d9017899d822	G3S-b4e4bb5af0b8b2c1	exact_nonempty_scaffold;exact_target_sequence;full_sequence_identity;ligand_tanimoto;local_site_identity;shared_measurement_publication;shared_reference_structure_publication	1	1	1
G3S-adf3d9017899d822	G3S-ba437efd56c85d19	ligand_tanimoto	0.12890923	0.137931034	0.362068966
G3S-adf3d9017899d822	G3S-beb8359aa320987f	exact_nonempty_scaffold	0.208695652	0.192307692	0.285714286
G3S-adf3d9017899d822	G3S-c3ad4039ad41a0e6	exact_nonempty_scaffold	0.202933985	0.133333333	0.25
G3S-adf3d9017899d822	G3S-c8b189267b8c3242	exact_nonempty_scaffold	0.198412698	0.178571429	0.341463415
G3S-adf3d9017899d822	G3S-cac62a85af1d2834	ligand_tanimoto	0.117755857	0.0769230769	0.362068966
G3S-adf3d9017899d822	G3S-d15243e290ebeba6	exact_nonempty_scaffold;ligand_tanimoto	0.213450292	0.115384615	0.392857143
G3S-adf3d9017899d822	G3S-d392e1d59c314666	exact_nonempty_scaffold	0.238505747	0.172413793	0.319148936
G3S-adf3d9017899d822	G3S-d587ea9877aeacf1	ligand_tanimoto	0.12890923	0.137931034	0.362068966
G3S-adf3d9017899d822	G3S-d5f2b3941320fd29	exact_nonempty_scaffold	0.20260223	0.0769230769	0.244444444
G3S-adf3d9017899d822	G3S-d82e40f7bc270eb2	exact_nonempty_scaffold	0.213450292	0.133333333	0.291666667
G3S-adf3d9017899d822	G3S-da6a7a5b92d16f5d	ligand_tanimoto	0.12890923	0.137931034	0.362068966
G3S-adf3d9017899d822	G3S-da8fc773cdc768de	ligand_tanimoto	0.213080169	0.153846154	0.452380952
G3S-adf3d9017899d822	G3S-de2a24cde8ae391c	ligand_tanimoto	0.173076923	0.148148148	0.362068966
G3S-adf3d9017899d822	G3S-df91bc0fd4e2076d	exact_nonempty_scaffold;ligand_tanimoto	0.212034384	0.178571429	0.392857143
G3S-adf3d9017899d822	G3S-e06c6b7aad2ea234	exact_nonempty_scaffold	0.186186186	0.115384615	0.3125
G3S-adf3d9017899d822	G3S-e710b4e67d7724f9	ligand_tanimoto	0.12890923	0.137931034	0.362068966
G3S-adf3d9017899d822	G3S-e7f816aed727534b	exact_nonempty_scaffold	0.238505747	0.111111111	0.291666667
G3S-adf3d9017899d822	G3S-eb73c8235716ab91	exact_nonempty_scaffold;ligand_tanimoto	0.208695652	0.230769231	0.392857143
G3S-adf3d9017899d822	G3S-ee6c97e67f1fb0d7	exact_nonempty_scaffold	0.213450292	0.133333333	0.319148936
G3S-adf3d9017899d822	G3S-f2318d3b76296c29	ligand_tanimoto	0.15004122	0.0384615385	0.362068966
G3S-adf3d9017899d822	G3S-f2ec313bd7b3ce78	exact_nonempty_scaffold	0.230392157	0.115384615	0.3125
G3S-adf3d9017899d822	G3S-f5c4fa2e79c47654	exact_nonempty_scaffold	0.220524017	0.153846154	0.210526316
G3S-adf3d9017899d822	G3S-fc8dc45b48055767	ligand_tanimoto	0.155509784	0.15625	0.362068966
G3S-adf3d9017899d822	G3S-ff4e5bfc253b96ea	exact_nonempty_scaffold	0.214634146	0.161290323	0.239130435
G3S-b28f576038c6bba6	G3S-b47e17893c82aca6	exact_nonempty_scaffold;ligand_tanimoto	0.1875	0.129032258	0.480769231
G3S-b28f576038c6bba6	G3S-c8b189267b8c3242	exact_nonempty_scaffold;ligand_tanimoto	0.203703704	0.225806452	0.365384615
G3S-b28f576038c6bba6	G3S-d183c9dc36c1eaef	exact_nonempty_scaffold	0.206153846	0.161290323	0.285714286
G3S-b28f576038c6bba6	G3S-e06c6b7aad2ea234	exact_nonempty_scaffold	0.134615385	0.161290323	0.3
G3S-b28f576038c6bba6	G3S-f5c4fa2e79c47654	exact_nonempty_scaffold	0.211093991	0.161290323	0.25
G3S-b39cee93fb2ff4e0	G3S-c3ad4039ad41a0e6	exact_nonempty_scaffold;exact_target_sequence;full_sequence_identity;ligand_tanimoto	1	0.179487179	1
G3S-b39cee93fb2ff4e0	G3S-fb7593ab116f7278	ligand_tanimoto	0.2	0.2	0.369230769
G3S-b47e17893c82aca6	G3S-b4e4bb5af0b8b2c1	exact_nonempty_scaffold	0.239193084	0.0769230769	0.268292683
G3S-b47e17893c82aca6	G3S-bd2cdfe90c8aa7fa	ligand_tanimoto	0.233333333	0.0952380952	0.36
G3S-b47e17893c82aca6	G3S-beb8359aa320987f	ligand_tanimoto	0.213286713	0.157894737	0.36
G3S-b47e17893c82aca6	G3S-c3ad4039ad41a0e6	exact_nonempty_scaffold	0.193627451	0.133333333	0.219512195
G3S-b47e17893c82aca6	G3S-c8b189267b8c3242	exact_nonempty_scaffold;ligand_tanimoto	0.211576846	0.0555555556	0.555555556
G3S-b47e17893c82aca6	G3S-cb1dbf771699bf3f	ligand_tanimoto	0.225589226	0.130434783	0.36
G3S-b47e17893c82aca6	G3S-d15243e290ebeba6	exact_nonempty_scaffold	0.216216216	0.185185185	0.24
G3S-b47e17893c82aca6	G3S-d183c9dc36c1eaef	exact_nonempty_scaffold	0.193089431	0.1	0.240740741
G3S-b47e17893c82aca6	G3S-d392e1d59c314666	exact_nonempty_scaffold	0.225589226	0.137931034	0.271186441
G3S-b47e17893c82aca6	G3S-d5f2b3941320fd29	exact_nonempty_scaffold	0.194805195	0.111111111	0.173913043
G3S-b47e17893c82aca6	G3S-d82e40f7bc270eb2	ligand_tanimoto	0.216216216	0.130434783	0.36
G3S-b47e17893c82aca6	G3S-df91bc0fd4e2076d	exact_nonempty_scaffold	0.233333333	0.0952380952	0.24
G3S-b47e17893c82aca6	G3S-e06c6b7aad2ea234	exact_nonempty_scaffold;ligand_tanimoto	0.226765799	0	0.433333333
G3S-b47e17893c82aca6	G3S-e7f816aed727534b	ligand_tanimoto	0.225589226	0.130434783	0.36
G3S-b47e17893c82aca6	G3S-e9de90d69aed4dc3	exact_nonempty_scaffold	0.203960396	0.0869565217	0.192307692
G3S-b47e17893c82aca6	G3S-eb73c8235716ab91	exact_nonempty_scaffold	0.213286713	0.142857143	0.24
G3S-b47e17893c82aca6	G3S-ee6c97e67f1fb0d7	exact_nonempty_scaffold	0.216216216	0.130434783	0.271186441
G3S-b47e17893c82aca6	G3S-f2ec313bd7b3ce78	exact_nonempty_scaffold	0.203166227	0.363636364	0.196969697
G3S-b47e17893c82aca6	G3S-f42b5d20c7dcac28	ligand_tanimoto	0.181818182	0.0731707317	0.406779661
G3S-b47e17893c82aca6	G3S-f5c4fa2e79c47654	exact_nonempty_scaffold;ligand_tanimoto	0.214912281	0.0909090909	0.363636364
G3S-b47e17893c82aca6	G3S-ff4e5bfc253b96ea	exact_nonempty_scaffold	0.219211823	0.172413793	0.324324324
G3S-b4e4bb5af0b8b2c1	G3S-ba437efd56c85d19	ligand_tanimoto	0.12890923	0.137931034	0.362068966
G3S-b4e4bb5af0b8b2c1	G3S-beb8359aa320987f	exact_nonempty_scaffold	0.208695652	0.192307692	0.278688525
G3S-b4e4bb5af0b8b2c1	G3S-c3ad4039ad41a0e6	exact_nonempty_scaffold	0.202933985	0.133333333	0.320987654
G3S-b4e4bb5af0b8b2c1	G3S-c8b189267b8c3242	exact_nonempty_scaffold	0.198412698	0.178571429	0.170212766
G3S-b4e4bb5af0b8b2c1	G3S-cac62a85af1d2834	ligand_tanimoto	0.117755857	0.0769230769	0.362068966
G3S-b4e4bb5af0b8b2c1	G3S-d15243e290ebeba6	exact_nonempty_scaffold	0.213450292	0.115384615	0.291666667
G3S-b4e4bb5af0b8b2c1	G3S-d392e1d59c314666	exact_nonempty_scaffold	0.238505747	0.172413793	0.319148936
G3S-b4e4bb5af0b8b2c1	G3S-d587ea9877aeacf1	ligand_tanimoto	0.12890923	0.137931034	0.362068966
G3S-b4e4bb5af0b8b2c1	G3S-d5f2b3941320fd29	exact_nonempty_scaffold	0.20260223	0.0769230769	0.166666667
G3S-b4e4bb5af0b8b2c1	G3S-d82e40f7bc270eb2	exact_nonempty_scaffold	0.213450292	0.133333333	0.291666667
G3S-b4e4bb5af0b8b2c1	G3S-da6a7a5b92d16f5d	ligand_tanimoto	0.12890923	0.137931034	0.362068966
G3S-b4e4bb5af0b8b2c1	G3S-da8fc773cdc768de	ligand_tanimoto	0.213080169	0.153846154	0.452380952
G3S-b4e4bb5af0b8b2c1	G3S-de2a24cde8ae391c	ligand_tanimoto	0.173076923	0.148148148	0.362068966
G3S-b4e4bb5af0b8b2c1	G3S-df91bc0fd4e2076d	exact_nonempty_scaffold	0.212034384	0.178571429	0.291666667
G3S-b4e4bb5af0b8b2c1	G3S-e06c6b7aad2ea234	exact_nonempty_scaffold	0.186186186	0.115384615	0.3125
G3S-b4e4bb5af0b8b2c1	G3S-e710b4e67d7724f9	ligand_tanimoto	0.12890923	0.137931034	0.362068966
G3S-b4e4bb5af0b8b2c1	G3S-e7f816aed727534b	exact_nonempty_scaffold	0.238505747	0.111111111	0.291666667
G3S-b4e4bb5af0b8b2c1	G3S-eb73c8235716ab91	exact_nonempty_scaffold	0.208695652	0.230769231	0.291666667
G3S-b4e4bb5af0b8b2c1	G3S-ee6c97e67f1fb0d7	exact_nonempty_scaffold	0.213450292	0.133333333	0.319148936
G3S-b4e4bb5af0b8b2c1	G3S-f2318d3b76296c29	ligand_tanimoto	0.15004122	0.0384615385	0.362068966
G3S-b4e4bb5af0b8b2c1	G3S-f2ec313bd7b3ce78	exact_nonempty_scaffold	0.230392157	0.115384615	0.3
G3S-b4e4bb5af0b8b2c1	G3S-f5c4fa2e79c47654	exact_nonempty_scaffold	0.220524017	0.153846154	0.159090909
G3S-b4e4bb5af0b8b2c1	G3S-fc8dc45b48055767	ligand_tanimoto	0.155509784	0.15625	0.362068966
G3S-b4e4bb5af0b8b2c1	G3S-ff4e5bfc253b96ea	exact_nonempty_scaffold	0.214634146	0.161290323	0.239130435
G3S-b66b7652f5b1d01d	G3S-bd2cdfe90c8aa7fa	full_sequence_identity;local_site_identity	0.503787879	0.681818182	0.311688312
G3S-b66b7652f5b1d01d	G3S-beb8359aa320987f	exact_target_sequence;full_sequence_identity;local_site_identity;shared_reference_structure_publication	1	1	0.311688312
G3S-b66b7652f5b1d01d	G3S-cb1dbf771699bf3f	full_sequence_identity;local_site_identity	0.599236641	0.608695652	0.3
G3S-b66b7652f5b1d01d	G3S-d15243e290ebeba6	full_sequence_identity;ligand_tanimoto;local_site_identity	0.595419847	0.608695652	0.392156863
G3S-b66b7652f5b1d01d	G3S-d2858f5dc6d0d6d2	full_sequence_identity;local_site_identity	0.599236641	0.555555556	0.298245614
G3S-b66b7652f5b1d01d	G3S-d392e1d59c314666	full_sequence_identity;local_site_identity	0.599236641	0.538461538	0.298245614
G3S-b66b7652f5b1d01d	G3S-d82e40f7bc270eb2	full_sequence_identity;local_site_identity	0.595419847	0.652173913	0.311688312
G3S-b66b7652f5b1d01d	G3S-df91bc0fd4e2076d	full_sequence_identity;ligand_tanimoto;local_site_identity	0.503787879	0.681818182	0.392156863
G3S-b66b7652f5b1d01d	G3S-e7f816aed727534b	full_sequence_identity;local_site_identity	0.599236641	0.608695652	0.311688312
G3S-b66b7652f5b1d01d	G3S-eb73c8235716ab91	exact_target_sequence;full_sequence_identity;ligand_tanimoto;local_site_identity	1	0.904761905	0.392156863
G3S-b66b7652f5b1d01d	G3S-ee6c97e67f1fb0d7	full_sequence_identity;local_site_identity	0.595419847	0.652173913	0.298245614
G3S-b66b7652f5b1d01d	G3S-eea0596469e3b875	exact_target_sequence;full_sequence_identity;local_site_identity	1	0.904761905	0.298245614
G3S-b66b7652f5b1d01d	G3S-fb7593ab116f7278	exact_nonempty_scaffold	0.225694444	0.166666667	0.275362319
G3S-b96988cabeb69917	G3S-bd97b6205fe27668	exact_nonempty_scaffold;ligand_tanimoto;shared_measurement_publication	0.174553102	0.206896552	1
G3S-b96988cabeb69917	G3S-c4c2e34a716f6ae6	exact_nonempty_scaffold;exact_target_sequence;full_sequence_identity;ligand_tanimoto;local_site_identity	1	0.75862069	1
G3S-b96988cabeb69917	G3S-c5d1969627a8c3f1	exact_nonempty_scaffold;ligand_tanimoto;shared_measurement_publication	0.179354839	0.266666667	1
G3S-b96988cabeb69917	G3S-c6c69878bad91dca	exact_nonempty_scaffold;ligand_tanimoto;shared_measurement_publication	0.184041184	0.4	1
G3S-b96988cabeb69917	G3S-cac62a85af1d2834	exact_nonempty_scaffold;ligand_tanimoto;shared_measurement_publication	0.118696187	0.233333333	1
G3S-b96988cabeb69917	G3S-d183c9dc36c1eaef	ligand_tanimoto	0.239776952	0.322580645	0.391304348
G3S-b96988cabeb69917	G3S-d1de2bf2f08fcf46	exact_nonempty_scaffold;ligand_tanimoto;shared_measurement_publication	0.192256342	0.266666667	1
G3S-b96988cabeb69917	G3S-d207c324846b2507	exact_nonempty_scaffold;ligand_tanimoto;shared_measurement_publication	0.286307054	0.483870968	1
G3S-b96988cabeb69917	G3S-d3c114d403b4f6e6	ligand_tanimoto	0.184041184	0.4	0.414893617
G3S-b96988cabeb69917	G3S-d587ea9877aeacf1	exact_nonempty_scaffold;ligand_tanimoto;shared_measurement_publication	0.148288973	0.344827586	1
G3S-b96988cabeb69917	G3S-d5eff434a516ab97	exact_nonempty_scaffold;ligand_tanimoto;shared_measurement_publication	0.190765492	0.4	1
G3S-b96988cabeb69917	G3S-dc79a9836344f3ec	exact_nonempty_scaffold;ligand_tanimoto	0.16514691	0.333333333	1
G3S-b96988cabeb69917	G3S-dd8aacb779840031	exact_nonempty_scaffold;ligand_tanimoto	0.244094488	0.310344828	1
G3S-b96988cabeb69917	G3S-de2a24cde8ae391c	exact_nonempty_scaffold;ligand_tanimoto;shared_measurement_publication	0.161094225	0.296296296	1
G3S-b96988cabeb69917	G3S-e3b2a2841a5b18a5	exact_nonempty_scaffold;ligand_tanimoto;shared_measurement_publication	0.148312611	0.3125	1
G3S-b96988cabeb69917	G3S-e710b4e67d7724f9	exact_nonempty_scaffold;ligand_tanimoto	0.148288973	0.344827586	1
G3S-b96988cabeb69917	G3S-f2318d3b76296c29	exact_nonempty_scaffold;ligand_tanimoto	0.153212521	0.333333333	1
G3S-b96988cabeb69917	G3S-f4966ebce19de7c0	exact_nonempty_scaffold;ligand_tanimoto	0.148312611	0.3125	1
G3S-b96988cabeb69917	G3S-f9b101ab9b60896c	exact_nonempty_scaffold;ligand_tanimoto	0.162708883	0.242424242	1
G3S-b96988cabeb69917	G3S-fc8dc45b48055767	exact_nonempty_scaffold;ligand_tanimoto	0.150559512	0.285714286	1
G3S-ba437efd56c85d19	G3S-cac62a85af1d2834	exact_nonempty_scaffold;ligand_tanimoto	0.21398933	0.375	1
G3S-ba437efd56c85d19	G3S-d183c9dc36c1eaef	ligand_tanimoto	0.165019011	0.344827586	0.365384615
G3S-ba437efd56c85d19	G3S-d3c114d403b4f6e6	ligand_tanimoto	0.199091597	0.342857143	0.410958904
G3S-ba437efd56c85d19	G3S-d587ea9877aeacf1	exact_nonempty_scaffold;exact_target_sequence;full_sequence_identity;ligand_tanimoto;local_site_identity;shared_reference_structure_publication	1	1	1
G3S-ba437efd56c85d19	G3S-da6a7a5b92d16f5d	exact_nonempty_scaffold;exact_target_sequence;full_sequence_identity;ligand_tanimoto;local_site_identity;shared_reference_structure_publication	1	1	1
G3S-ba437efd56c85d19	G3S-de2a24cde8ae391c	exact_nonempty_scaffold;ligand_tanimoto	0.216196137	0.366666667	1
G3S-ba437efd56c85d19	G3S-e710b4e67d7724f9	exact_nonempty_scaffold;exact_target_sequence;full_sequence_identity;ligand_tanimoto;local_site_identity;shared_reference_structure_publication	1	1	1
G3S-ba437efd56c85d19	G3S-f2318d3b76296c29	exact_nonempty_scaffold;ligand_tanimoto	0.217849613	0.433333333	1
G3S-ba437efd56c85d19	G3S-fb7593ab116f7278	exact_nonempty_scaffold	0.111195735	0.103448276	0.267605634
G3S-ba437efd56c85d19	G3S-fc8dc45b48055767	exact_nonempty_scaffold;ligand_tanimoto	0.215859031	0.413793103	1
G3S-bd2cdfe90c8aa7fa	G3S-be927832aa68b7af	ligand_tanimoto	0.22761194	0.166666667	0.356164384
G3S-bd2cdfe90c8aa7fa	G3S-beb8359aa320987f	exact_nonempty_scaffold;full_sequence_identity;ligand_tanimoto;local_site_identity;shared_measurement_publication	0.503787879	0.681818182	1
G3S-bd2cdfe90c8aa7fa	G3S-cb1dbf771699bf3f	exact_nonempty_scaffold;full_sequence_identity;ligand_tanimoto;local_site_identity	0.560606061	0.72	1
G3S-bd2cdfe90c8aa7fa	G3S-d15243e290ebeba6	exact_nonempty_scaffold;full_sequence_identity;ligand_tanimoto;local_site_identity	0.526515152	0.576923077	1
G3S-bd2cdfe90c8aa7fa	G3S-d2858f5dc6d0d6d2	exact_nonempty_scaffold;full_sequence_identity;ligand_tanimoto;local_site_identity	0.560606061	0.620689655	1
G3S-bd2cdfe90c8aa7fa	G3S-d392e1d59c314666	exact_nonempty_scaffold;full_sequence_identity;ligand_tanimoto;local_site_identity	0.560606061	0.642857143	1
G3S-bd2cdfe90c8aa7fa	G3S-d82e40f7bc270eb2	exact_nonempty_scaffold;full_sequence_identity;ligand_tanimoto;local_site_identity;shared_measurement_publication	0.526515152	0.782608696	1
G3S-bd2cdfe90c8aa7fa	G3S-df91bc0fd4e2076d	exact_nonempty_scaffold;exact_target_sequence;full_sequence_identity;ligand_tanimoto;local_site_identity	1	1	1
G3S-bd2cdfe90c8aa7fa	G3S-e7f816aed727534b	exact_nonempty_scaffold;full_sequence_identity;ligand_tanimoto;local_site_identity;shared_measurement_publication	0.560606061	0.72	1
G3S-bd2cdfe90c8aa7fa	G3S-eb73c8235716ab91	exact_nonempty_scaffold;full_sequence_identity;ligand_tanimoto;local_site_identity	0.503787879	0.695652174	1
G3S-bd2cdfe90c8aa7fa	G3S-ee6c97e67f1fb0d7	exact_nonempty_scaffold;full_sequence_identity;ligand_tanimoto;local_site_identity	0.526515152	0.782608696	1
G3S-bd2cdfe90c8aa7fa	G3S-eea0596469e3b875	exact_nonempty_scaffold;full_sequence_identity;ligand_tanimoto;local_site_identity	0.503787879	0.695652174	1
G3S-bd97b6205fe27668	G3S-c5d1969627a8c3f1	exact_nonempty_scaffold;ligand_tanimoto;shared_measurement_publication	0.201853759	0.44	1
G3S-bd97b6205fe27668	G3S-c6c69878bad91dca	exact_nonempty_scaffold;ligand_tanimoto;shared_measurement_publication	0.233097881	0.171428571	1
G3S-bd97b6205fe27668	G3S-cac62a85af1d2834	exact_nonempty_scaffold;ligand_tanimoto;local_site_identity;shared_measurement_publication	0.224390244	0.576923077	1
G3S-bd97b6205fe27668	G3S-d183c9dc36c1eaef	ligand_tanimoto	0.18086225	0.481481481	0.391304348
G3S-bd97b6205fe27668	G3S-d1bbafed8d4f34cf	ligand_tanimoto	0.23297491	0.212121212	0.376623377
G3S-bd97b6205fe27668	G3S-d1de2bf2f08fcf46	exact_nonempty_scaffold;ligand_tanimoto;local_site_identity;shared_measurement_publication	0.244466801	0.56	1
G3S-bd97b6205fe27668	G3S-d207c324846b2507	exact_nonempty_scaffold;ligand_tanimoto;shared_measurement_publication	0.196617336	0.303030303	1
G3S-bd97b6205fe27668	G3S-d587ea9877aeacf1	exact_nonempty_scaffold;ligand_tanimoto;shared_measurement_publication	0.227442207	0.206896552	1
G3S-bd97b6205fe27668	G3S-d5eff434a516ab97	exact_nonempty_scaffold;ligand_tanimoto;shared_measurement_publication	0.233432245	0.314285714	1
G3S-bd97b6205fe27668	G3S-da6a7a5b92d16f5d	exact_nonempty_scaffold;ligand_tanimoto	0.227442207	0.206896552	1
G3S-bd97b6205fe27668	G3S-dc79a9836344f3ec	exact_nonempty_scaffold;ligand_tanimoto	0.232142857	0.259259259	1
G3S-bd97b6205fe27668	G3S-dd8aacb779840031	exact_nonempty_scaffold;ligand_tanimoto	0.146469968	0.285714286	1
G3S-bd97b6205fe27668	G3S-de2a24cde8ae391c	exact_nonempty_scaffold;ligand_tanimoto;shared_measurement_publication	0.239622642	0.24	1
G3S-bd97b6205fe27668	G3S-e1d12f0e7fc3ce7f	local_site_identity	0.225746269	0.538461538	0.306122449
G3S-bd97b6205fe27668	G3S-e3b2a2841a5b18a5	exact_nonempty_scaffold;ligand_tanimoto;shared_measurement_publication	0.250213493	0.322580645	1
G3S-bd97b6205fe27668	G3S-e710b4e67d7724f9	exact_nonempty_scaffold;ligand_tanimoto	0.227442207	0.206896552	1
G3S-bd97b6205fe27668	G3S-f2318d3b76296c29	exact_nonempty_scaffold;ligand_tanimoto	0.22745411	0.310344828	1
G3S-bd97b6205fe27668	G3S-f4966ebce19de7c0	exact_nonempty_scaffold;ligand_tanimoto	0.250213493	0.322580645	1
G3S-bd97b6205fe27668	G3S-f9b101ab9b60896c	exact_nonempty_scaffold;ligand_tanimoto;local_site_identity	0.23242349	0.535714286	1
G3S-bd97b6205fe27668	G3S-fc8dc45b48055767	exact_nonempty_scaffold;ligand_tanimoto	0.221821461	0.36	1
G3S-be927832aa68b7af	G3S-beb8359aa320987f	ligand_tanimoto	0.194656489	0.0434782609	0.356164384
G3S-be927832aa68b7af	G3S-d82e40f7bc270eb2	ligand_tanimoto	0.208333333	0	0.356164384
G3S-be927832aa68b7af	G3S-e7f816aed727534b	ligand_tanimoto	0.204545455	0	0.356164384
G3S-be927832aa68b7af	G3S-fb7593ab116f7278	ligand_tanimoto	0.213178295	0.130434783	0.363636364
G3S-beb8359aa320987f	G3S-cb1dbf771699bf3f	exact_nonempty_scaffold;full_sequence_identity;ligand_tanimoto;local_site_identity	0.599236641	0.608695652	1
G3S-beb8359aa320987f	G3S-d15243e290ebeba6	exact_nonempty_scaffold;full_sequence_identity;ligand_tanimoto;local_site_identity	0.595419847	0.608695652	1
G3S-beb8359aa320987f	G3S-d2858f5dc6d0d6d2	exact_nonempty_scaffold;full_sequence_identity;ligand_tanimoto;local_site_identity	0.599236641	0.555555556	1
G3S-beb8359aa320987f	G3S-d392e1d59c314666	exact_nonempty_scaffold;full_sequence_identity;ligand_tanimoto;local_site_identity	0.599236641	0.538461538	1
G3S-beb8359aa320987f	G3S-d82e40f7bc270eb2	exact_nonempty_scaffold;full_sequence_identity;ligand_tanimoto;local_site_identity;shared_measurement_publication	0.595419847	0.652173913	1
G3S-beb8359aa320987f	G3S-df91bc0fd4e2076d	full_sequence_identity;ligand_tanimoto;local_site_identity	0.503787879	0.681818182	0.4
G3S-beb8359aa320987f	G3S-e7f816aed727534b	exact_nonempty_scaffold;full_sequence_identity;ligand_tanimoto;local_site_identity;shared_measurement_publication	0.599236641	0.608695652	1
G3S-beb8359aa320987f	G3S-eb73c8235716ab91	exact_nonempty_scaffold;exact_target_sequence;full_sequence_identity;ligand_tanimoto;local_site_identity	1	0.904761905	1
G3S-beb8359aa320987f	G3S-ee6c97e67f1fb0d7	exact_nonempty_scaffold;full_sequence_identity;ligand_tanimoto;local_site_identity	0.595419847	0.652173913	1
G3S-beb8359aa320987f	G3S-eea0596469e3b875	exact_nonempty_scaffold;exact_target_sequence;full_sequence_identity;ligand_tanimoto;local_site_identity	1	0.904761905	1
G3S-bff054f5415e507d	G3S-c921d4d10853942c	ligand_tanimoto	0.179487179	0.186046512	0.404494382
G3S-c1bf0bf4ec7b8cf8	G3S-ccdb4e9b6cf85e30	exact_nonempty_scaffold;exact_target_sequence;full_sequence_identity;ligand_tanimoto;local_site_identity;shared_reference_structure_publication	1	0.875	1
G3S-c1bf0bf4ec7b8cf8	G3S-f9b101ab9b60896c	full_sequence_identity	0.391339214	0.464285714	0.205607477
G3S-c3ad4039ad41a0e6	G3S-c8b189267b8c3242	exact_nonempty_scaffold	0.216165414	0.166666667	0.2
G3S-c3ad4039ad41a0e6	G3S-d15243e290ebeba6	exact_nonempty_scaffold	0.221374046	0.171428571	0.204081633
G3S-c3ad4039ad41a0e6	G3S-d392e1d59c314666	exact_nonempty_scaffold	0.199488491	0.157894737	0.203125
G3S-c3ad4039ad41a0e6	G3S-d5f2b3941320fd29	exact_nonempty_scaffold	0.202166065	0.266666667	0.209302326
G3S-c3ad4039ad41a0e6	G3S-df91bc0fd4e2076d	exact_nonempty_scaffold	0.205583756	0.129032258	0.204081633
G3S-c3ad4039ad41a0e6	G3S-e06c6b7aad2ea234	exact_nonempty_scaffold	0.171355499	0.233333333	0.307692308
G3S-c3ad4039ad41a0e6	G3S-eb73c8235716ab91	exact_nonempty_scaffold	0.241293532	0.133333333	0.204081633
G3S-c3ad4039ad41a0e6	G3S-ee6c97e67f1fb0d7	exact_nonempty_scaffold	0.221374046	0.151515152	0.203125
G3S-c3ad4039ad41a0e6	G3S-f2ec313bd7b3ce78	exact_nonempty_scaffold	0.197590361	0.1	0.275362319
G3S-c3ad4039ad41a0e6	G3S-f5c4fa2e79c47654	exact_nonempty_scaffold	0.202586207	0.151515152	0.230769231
G3S-c3ad4039ad41a0e6	G3S-fb7593ab116f7278	exact_nonempty_scaffold;ligand_tanimoto	0.2	0.166666667	0.369230769
G3S-c3ad4039ad41a0e6	G3S-ff4e5bfc253b96ea	exact_nonempty_scaffold	0.203233256	0.205882353	0.279069767
G3S-c4c2e34a716f6ae6	G3S-c6c69878bad91dca	exact_nonempty_scaffold;ligand_tanimoto	0.184041184	0.40625	1
G3S-c4c2e34a716f6ae6	G3S-d207c324846b2507	exact_nonempty_scaffold;ligand_tanimoto	0.286307054	0.413793103	1
G3S-c4c2e34a716f6ae6	G3S-d3c114d403b4f6e6	ligand_tanimoto	0.184041184	0.40625	0.4
G3S-c4c2e34a716f6ae6	G3S-d5eff434a516ab97	exact_nonempty_scaffold;ligand_tanimoto	0.190765492	0.333333333	1
G3S-c4c2e34a716f6ae6	G3S-dc79a9836344f3ec	exact_nonempty_scaffold;ligand_tanimoto	0.16514691	0.333333333	1
G3S-c4c2e34a716f6ae6	G3S-e3b2a2841a5b18a5	exact_nonempty_scaffold;ligand_tanimoto	0.148312611	0.266666667	1
G3S-c4c2e34a716f6ae6	G3S-f4966ebce19de7c0	exact_nonempty_scaffold;ligand_tanimoto	0.148312611	0.266666667	1
G3S-c4c2e34a716f6ae6	G3S-fc8dc45b48055767	exact_nonempty_scaffold;ligand_tanimoto	0.150559512	0.230769231	1
G3S-c5d1969627a8c3f1	G3S-c6c69878bad91dca	exact_nonempty_scaffold;ligand_tanimoto;shared_measurement_publication	0.207302709	0.3125	1
G3S-c5d1969627a8c3f1	G3S-cac62a85af1d2834	exact_nonempty_scaffold;ligand_tanimoto;shared_measurement_publication	0.182709994	0.269230769	1
G3S-c5d1969627a8c3f1	G3S-d183c9dc36c1eaef	ligand_tanimoto;local_site_identity	0.187969925	0.607142857	0.391304348
G3S-c5d1969627a8c3f1	G3S-d1bbafed8d4f34cf	ligand_tanimoto	0.2	0.125	0.376623377
G3S-c5d1969627a8c3f1	G3S-d1de2bf2f08fcf46	exact_nonempty_scaffold;ligand_tanimoto;shared_measurement_publication	0.206979543	0.346153846	1
G3S-c5d1969627a8c3f1	G3S-d207c324846b2507	exact_nonempty_scaffold;ligand_tanimoto;shared_measurement_publication	0.223938224	0.303030303	1
G3S-c5d1969627a8c3f1	G3S-d3c114d403b4f6e6	ligand_tanimoto	0.207302709	0.3125	0.380952381
G3S-c5d1969627a8c3f1	G3S-d587ea9877aeacf1	exact_nonempty_scaffold;ligand_tanimoto;shared_measurement_publication	0.200598802	0.333333333	1
G3S-c5d1969627a8c3f1	G3S-d5eff434a516ab97	exact_nonempty_scaffold;ligand_tanimoto;shared_measurement_publication	0.218061674	0.228571429	1
G3S-c5d1969627a8c3f1	G3S-dc79a9836344f3ec	exact_nonempty_scaffold;ligand_tanimoto	0.207930368	0.379310345	1
G3S-c5d1969627a8c3f1	G3S-dd8aacb779840031	ligand_tanimoto	0.166013072	0.357142857	0.808219178
G3S-c5d1969627a8c3f1	G3S-de2a24cde8ae391c	exact_nonempty_scaffold;ligand_tanimoto;shared_measurement_publication	0.197115385	0.333333333	1
G3S-c5d1969627a8c3f1	G3S-e3b2a2841a5b18a5	exact_nonempty_scaffold;ligand_tanimoto;shared_measurement_publication	0.208260105	0.25	1
G3S-c5d1969627a8c3f1	G3S-e710b4e67d7724f9	exact_nonempty_scaffold;ligand_tanimoto	0.200598802	0.333333333	1
G3S-c5d1969627a8c3f1	G3S-f2318d3b76296c29	exact_nonempty_scaffold;ligand_tanimoto	0.203733766	0.285714286	1
G3S-c5d1969627a8c3f1	G3S-f4966ebce19de7c0	exact_nonempty_scaffold;ligand_tanimoto	0.208260105	0.25	1
G3S-c5d1969627a8c3f1	G3S-f9b101ab9b60896c	exact_nonempty_scaffold;ligand_tanimoto	0.202046036	0.379310345	1
G3S-c5d1969627a8c3f1	G3S-fc8dc45b48055767	exact_nonempty_scaffold;ligand_tanimoto	0.196177062	0.384615385	1
G3S-c6c69878bad91dca	G3S-cac62a85af1d2834	exact_nonempty_scaffold;ligand_tanimoto;shared_measurement_publication	0.198659354	0.193548387	1
G3S-c6c69878bad91dca	G3S-d1de2bf2f08fcf46	exact_nonempty_scaffold;ligand_tanimoto;shared_measurement_publication	0.244094488	0.258064516	1
G3S-c6c69878bad91dca	G3S-d207c324846b2507	exact_nonempty_scaffold;ligand_tanimoto;shared_measurement_publication	0.20516129	0.35483871	1
G3S-c6c69878bad91dca	G3S-d3c114d403b4f6e6	exact_target_sequence;full_sequence_identity;ligand_tanimoto;local_site_identity;shared_reference_structure_publication	1	1	0.410714286
G3S-c6c69878bad91dca	G3S-d587ea9877aeacf1	exact_nonempty_scaffold;ligand_tanimoto;shared_measurement_publication	0.199091597	0.342857143	1
G3S-c6c69878bad91dca	G3S-d5eff434a516ab97	exact_nonempty_scaffold;ligand_tanimoto;shared_measurement_publication	0.248618785	0.388888889	1
G3S-c6c69878bad91dca	G3S-dc79a9836344f3ec	exact_nonempty_scaffold;ligand_tanimoto	0.245526839	0.322580645	1
G3S-c6c69878bad91dca	G3S-dd8aacb779840031	exact_nonempty_scaffold;ligand_tanimoto	0.185233161	0.387096774	1
G3S-c6c69878bad91dca	G3S-de2a24cde8ae391c	exact_nonempty_scaffold;ligand_tanimoto;shared_measurement_publication	0.24877571	0.363636364	1
G3S-c6c69878bad91dca	G3S-e3b2a2841a5b18a5	exact_nonempty_scaffold;ligand_tanimoto;shared_measurement_publication	0.240707965	0.352941176	1
G3S-c6c69878bad91dca	G3S-e710b4e67d7724f9	exact_nonempty_scaffold;ligand_tanimoto	0.199091597	0.342857143	1
G3S-c6c69878bad91dca	G3S-f2318d3b76296c29	exact_nonempty_scaffold;ligand_tanimoto	0.217035217	0.322580645	1
G3S-c6c69878bad91dca	G3S-f4966ebce19de7c0	exact_nonempty_scaffold;ligand_tanimoto	0.240707965	0.352941176	1
G3S-c6c69878bad91dca	G3S-f9b101ab9b60896c	exact_nonempty_scaffold;ligand_tanimoto	0.215918713	0.210526316	1
G3S-c6c69878bad91dca	G3S-fc8dc45b48055767	exact_nonempty_scaffold;ligand_tanimoto	0.221793635	0.322580645	1
G3S-c8b189267b8c3242	G3S-d15243e290ebeba6	exact_nonempty_scaffold	0.201581028	0.115384615	0.3
G3S-c8b189267b8c3242	G3S-d183c9dc36c1eaef	exact_nonempty_scaffold	0.198501873	0.230769231	0.2
G3S-c8b189267b8c3242	G3S-d392e1d59c314666	exact_nonempty_scaffold	0.181451613	0.192307692	0.235294118
G3S-c8b189267b8c3242	G3S-d5f2b3941320fd29	exact_nonempty_scaffold	0.21886121	0.111111111	0.25
G3S-c8b189267b8c3242	G3S-df91bc0fd4e2076d	exact_nonempty_scaffold	0.177419355	0.19047619	0.3
G3S-c8b189267b8c3242	G3S-e06c6b7aad2ea234	exact_nonempty_scaffold;ligand_tanimoto	0.14889336	0.222222222	0.407407407
G3S-c8b189267b8c3242	G3S-eb73c8235716ab91	exact_nonempty_scaffold	0.190763052	0.19047619	0.3
G3S-c8b189267b8c3242	G3S-ee6c97e67f1fb0d7	exact_nonempty_scaffold	0.201581028	0.173913043	0.25
G3S-c8b189267b8c3242	G3S-f2ec313bd7b3ce78	exact_nonempty_scaffold	0.216374269	0.136363636	0.146341463
G3S-c8b189267b8c3242	G3S-f42b5d20c7dcac28	ligand_tanimoto	0.145748988	0.175	0.350877193
G3S-c8b189267b8c3242	G3S-f5c4fa2e79c47654	exact_nonempty_scaffold;ligand_tanimoto	0.212765957	0.136363636	0.588235294
G3S-c8b189267b8c3242	G3S-ff4e5bfc253b96ea	exact_nonempty_scaffold	0.230912477	0.172413793	0.321428571
G3S-cac62a85af1d2834	G3S-d1de2bf2f08fcf46	exact_nonempty_scaffold;ligand_tanimoto;local_site_identity;shared_measurement_publication	0.184935701	0.615384615	1
G3S-cac62a85af1d2834	G3S-d207c324846b2507	exact_nonempty_scaffold;ligand_tanimoto;shared_measurement_publication	0.143209877	0.235294118	1
G3S-cac62a85af1d2834	G3S-d3c114d403b4f6e6	ligand_tanimoto	0.198659354	0.193548387	0.414893617
G3S-cac62a85af1d2834	G3S-d587ea9877aeacf1	exact_nonempty_scaffold;ligand_tanimoto;shared_measurement_publication	0.21398933	0.375	1
G3S-cac62a85af1d2834	G3S-d5eff434a516ab97	exact_nonempty_scaffold;ligand_tanimoto;shared_measurement_publication	0.215243902	0.424242424	1
G3S-cac62a85af1d2834	G3S-da6a7a5b92d16f5d	exact_nonempty_scaffold;ligand_tanimoto	0.21398933	0.375	1
G3S-cac62a85af1d2834	G3S-dc79a9836344f3ec	exact_nonempty_scaffold;ligand_tanimoto	0.223507917	0.275862069	1
G3S-cac62a85af1d2834	G3S-dd8aacb779840031	exact_nonempty_scaffold;ligand_tanimoto	0.0948860136	0.25	1
G3S-cac62a85af1d2834	G3S-de2a24cde8ae391c	exact_nonempty_scaffold;ligand_tanimoto;shared_measurement_publication	0.219035998	0.296296296	1
G3S-cac62a85af1d2834	G3S-e1d12f0e7fc3ce7f	local_site_identity	0.214947856	0.571428571	0.306122449
G3S-cac62a85af1d2834	G3S-e3b2a2841a5b18a5	exact_nonempty_scaffold;ligand_tanimoto;shared_measurement_publication	0.24475105	0.28125	1
G3S-cac62a85af1d2834	G3S-e710b4e67d7724f9	exact_nonempty_scaffold;ligand_tanimoto	0.21398933	0.375	1
G3S-cac62a85af1d2834	G3S-f2318d3b76296c29	exact_nonempty_scaffold;ligand_tanimoto	0.238123515	0.333333333	1
G3S-cac62a85af1d2834	G3S-f4966ebce19de7c0	exact_nonempty_scaffold;ligand_tanimoto	0.24475105	0.28125	1
G3S-cac62a85af1d2834	G3S-f9b101ab9b60896c	exact_nonempty_scaffold;ligand_tanimoto	0.206111444	0.482758621	1
G3S-cac62a85af1d2834	G3S-fb7593ab116f7278	exact_nonempty_scaffold	0.0987654321	0.178571429	0.267605634
G3S-cac62a85af1d2834	G3S-fc8dc45b48055767	exact_nonempty_scaffold;ligand_tanimoto	0.205882353	0.307692308	1
G3S-cb1dbf771699bf3f	G3S-d15243e290ebeba6	full_sequence_identity;ligand_tanimoto;local_site_identity	0.599236641	0.666666667	0.4
G3S-cb1dbf771699bf3f	G3S-d2858f5dc6d0d6d2	exact_nonempty_scaffold;exact_target_sequence;full_sequence_identity;ligand_tanimoto;local_site_identity	1	0.785714286	1
G3S-cb1dbf771699bf3f	G3S-d392e1d59c314666	exact_nonempty_scaffold;exact_target_sequence;full_sequence_identity;ligand_tanimoto;local_site_identity	1	0.884615385	1
G3S-cb1dbf771699bf3f	G3S-d82e40f7bc270eb2	exact_nonempty_scaffold;full_sequence_identity;ligand_tanimoto;local_site_identity	0.599236641	0.692307692	1
G3S-cb1dbf771699bf3f	G3S-df91bc0fd4e2076d	full_sequence_identity;ligand_tanimoto;local_site_identity	0.560606061	0.72	0.4
G3S-cb1dbf771699bf3f	G3S-e7f816aed727534b	exact_nonempty_scaffold;exact_target_sequence;full_sequence_identity;ligand_tanimoto;local_site_identity;shared_reference_structure_publication	1	1	1
G3S-cb1dbf771699bf3f	G3S-eb73c8235716ab91	full_sequence_identity;ligand_tanimoto;local_site_identity	0.599236641	0.625	0.4
G3S-cb1dbf771699bf3f	G3S-ee6c97e67f1fb0d7	exact_nonempty_scaffold;full_sequence_identity;ligand_tanimoto;local_site_identity	0.599236641	0.692307692	1
G3S-cb1dbf771699bf3f	G3S-eea0596469e3b875	exact_nonempty_scaffold;full_sequence_identity;ligand_tanimoto;local_site_identity	0.599236641	0.625	1
G3S-ccdb4e9b6cf85e30	G3S-f9b101ab9b60896c	full_sequence_identity	0.391339214	0.413793103	0.238095238
G3S-cf9073a054dd1e8c	G3S-f27bb6dc0560b24d	exact_target_sequence;full_sequence_identity	1	0.487179487	0.162393162
G3S-d0f17450d1ab6af6	G3S-fd168e6ca4c62f5c	exact_target_sequence;full_sequence_identity;local_site_identity;shared_reference_structure_publication	1	1	0.203389831
G3S-d15243e290ebeba6	G3S-d2858f5dc6d0d6d2	exact_nonempty_scaffold;full_sequence_identity;ligand_tanimoto;local_site_identity	0.599236641	0.592592593	0.743589744
G3S-d15243e290ebeba6	G3S-d392e1d59c314666	exact_nonempty_scaffold;full_sequence_identity;ligand_tanimoto;local_site_identity	0.599236641	0.576923077	1
G3S-d15243e290ebeba6	G3S-d5f2b3941320fd29	exact_nonempty_scaffold;ligand_tanimoto	0.185528757	0.0869565217	0.375
G3S-d15243e290ebeba6	G3S-d82e40f7bc270eb2	exact_nonempty_scaffold;exact_target_sequence;full_sequence_identity;ligand_tanimoto;local_site_identity	1	0.666666667	1
G3S-d15243e290ebeba6	G3S-df91bc0fd4e2076d	exact_nonempty_scaffold;full_sequence_identity;ligand_tanimoto;local_site_identity;shared_measurement_publication	0.526515152	0.576923077	1
G3S-d15243e290ebeba6	G3S-e06c6b7aad2ea234	exact_nonempty_scaffold	0.211678832	0.217391304	0.323529412
G3S-d15243e290ebeba6	G3S-e7f816aed727534b	exact_nonempty_scaffold;full_sequence_identity;ligand_tanimoto;local_site_identity	0.599236641	0.666666667	1
G3S-d15243e290ebeba6	G3S-eb73c8235716ab91	exact_nonempty_scaffold;full_sequence_identity;ligand_tanimoto;local_site_identity;shared_measurement_publication	0.595419847	0.56	1
G3S-d15243e290ebeba6	G3S-ee6c97e67f1fb0d7	exact_nonempty_scaffold;exact_target_sequence;full_sequence_identity;ligand_tanimoto;local_site_identity	1	0.703703704	1
G3S-d15243e290ebeba6	G3S-eea0596469e3b875	exact_nonempty_scaffold;full_sequence_identity;ligand_tanimoto;local_site_identity	0.595419847	0.56	0.743589744
G3S-d15243e290ebeba6	G3S-f2ec313bd7b3ce78	exact_nonempty_scaffold	0.201044386	0.130434783	0.204081633
G3S-d15243e290ebeba6	G3S-f5c4fa2e79c47654	exact_nonempty_scaffold	0.189732143	0.130434783	0.20754717
G3S-d15243e290ebeba6	G3S-ff4e5bfc253b96ea	exact_nonempty_scaffold	0.230958231	0.206896552	0.295454545
G3S-d183c9dc36c1eaef	G3S-d587ea9877aeacf1	ligand_tanimoto	0.165019011	0.344827586	0.391304348
G3S-d183c9dc36c1eaef	G3S-d5eff434a516ab97	ligand_tanimoto	0.190132371	0.351351351	0.391304348
G3S-d183c9dc36c1eaef	G3S-da6a7a5b92d16f5d	ligand_tanimoto	0.165019011	0.344827586	0.365384615
G3S-d183c9dc36c1eaef	G3S-da8fc773cdc768de	exact_nonempty_scaffold	0.21194605	0.153846154	0.288461538
G3S-d183c9dc36c1eaef	G3S-dd8aacb779840031	ligand_tanimoto	0.212851406	0.27027027	0.402298851
G3S-d183c9dc36c1eaef	G3S-de2a24cde8ae391c	ligand_tanimoto	0.185222672	0.285714286	0.391304348
G3S-d183c9dc36c1eaef	G3S-e06c6b7aad2ea234	exact_nonempty_scaffold	0.160824742	0.275862069	0.228571429
G3S-d183c9dc36c1eaef	G3S-e3b2a2841a5b18a5	ligand_tanimoto	0.167844523	0.352941176	0.391304348
G3S-d183c9dc36c1eaef	G3S-e9de90d69aed4dc3	ligand_tanimoto	0.209219858	0.153846154	0.405405405
G3S-d183c9dc36c1eaef	G3S-f5c4fa2e79c47654	exact_nonempty_scaffold	0.197368421	0.137931034	0.234042553
G3S-d183c9dc36c1eaef	G3S-ff4e5bfc253b96ea	ligand_tanimoto	0.205479452	0.137931034	0.452380952
G3S-d1bbafed8d4f34cf	G3S-fe0860941e1bd481	ligand_tanimoto	0.0857988166	0.1875	0.358208955
G3S-d1de2bf2f08fcf46	G3S-d207c324846b2507	exact_nonempty_scaffold;ligand_tanimoto;shared_measurement_publication	0.209959623	0.294117647	1
G3S-d1de2bf2f08fcf46	G3S-d587ea9877aeacf1	exact_nonempty_scaffold;ligand_tanimoto;shared_measurement_publication	0.201959307	0.4375	1
G3S-d1de2bf2f08fcf46	G3S-d5eff434a516ab97	exact_nonempty_scaffold;ligand_tanimoto;shared_measurement_publication	0.235294118	0.333333333	1
G3S-d1de2bf2f08fcf46	G3S-d63ca398425bbdff	local_site_identity	0.231261426	0.535714286	0.301204819
G3S-d1de2bf2f08fcf46	G3S-dc79a9836344f3ec	exact_nonempty_scaffold;ligand_tanimoto	0.236043095	0.321428571	1
G3S-d1de2bf2f08fcf46	G3S-dd8aacb779840031	exact_nonempty_scaffold;ligand_tanimoto	0.177419355	0.3	1
G3S-d1de2bf2f08fcf46	G3S-de2a24cde8ae391c	exact_nonempty_scaffold;ligand_tanimoto;shared_measurement_publication	0.233009709	0.37037037	1
G3S-d1de2bf2f08fcf46	G3S-e3b2a2841a5b18a5	exact_nonempty_scaffold;ligand_tanimoto;shared_measurement_publication	0.217391304	0.3125	1
G3S-d1de2bf2f08fcf46	G3S-e710b4e67d7724f9	exact_nonempty_scaffold;ligand_tanimoto	0.201959307	0.4375	1
G3S-d1de2bf2f08fcf46	G3S-f2318d3b76296c29	exact_nonempty_scaffold;ligand_tanimoto	0.217073171	0.266666667	1
G3S-d1de2bf2f08fcf46	G3S-f4966ebce19de7c0	exact_nonempty_scaffold;ligand_tanimoto	0.217391304	0.3125	1
G3S-d1de2bf2f08fcf46	G3S-f9b101ab9b60896c	exact_nonempty_scaffold;ligand_tanimoto	0.211403509	0.428571429	1
G3S-d1de2bf2f08fcf46	G3S-fc8dc45b48055767	exact_nonempty_scaffold;ligand_tanimoto	0.215784216	0.307692308	1
G3S-d207c324846b2507	G3S-d3c114d403b4f6e6	ligand_tanimoto	0.20516129	0.35483871	0.410714286
G3S-d207c324846b2507	G3S-d587ea9877aeacf1	exact_nonempty_scaffold;ligand_tanimoto;shared_measurement_publication	0.171341926	0.172413793	1
G3S-d207c324846b2507	G3S-d5eff434a516ab97	exact_nonempty_scaffold;ligand_tanimoto;shared_measurement_publication	0.200477327	0.34375	1
G3S-d207c324846b2507	G3S-dc79a9836344f3ec	exact_nonempty_scaffold;ligand_tanimoto	0.171717172	0.290322581	1
G3S-d207c324846b2507	G3S-dd8aacb779840031	ligand_tanimoto	0.229299363	0.290322581	0.790697674
G3S-d207c324846b2507	G3S-de2a24cde8ae391c	exact_nonempty_scaffold;ligand_tanimoto;shared_measurement_publication	0.178894472	0.21875	1
G3S-d207c324846b2507	G3S-e3b2a2841a5b18a5	exact_nonempty_scaffold;ligand_tanimoto;shared_measurement_publication	0.1769437	0.342857143	1
G3S-d207c324846b2507	G3S-e710b4e67d7724f9	exact_nonempty_scaffold;ligand_tanimoto	0.171341926	0.172413793	1
G3S-d207c324846b2507	G3S-f2318d3b76296c29	exact_nonempty_scaffold;ligand_tanimoto	0.171758877	0.3125	1
G3S-d207c324846b2507	G3S-f4966ebce19de7c0	exact_nonempty_scaffold;ligand_tanimoto	0.1769437	0.342857143	1
G3S-d207c324846b2507	G3S-f9b101ab9b60896c	exact_nonempty_scaffold;ligand_tanimoto	0.166666667	0.189189189	1
G3S-d207c324846b2507	G3S-fc8dc45b48055767	exact_nonempty_scaffold;ligand_tanimoto	0.194949495	0.266666667	1
G3S-d25ad64514236b8b	G3S-de0a2a7c1887af78	ligand_tanimoto	0.210199862	0.35	0.438356164
G3S-d25ad64514236b8b	G3S-fb6b9c4b9d6641a2	exact_target_sequence;full_sequence_identity;local_site_identity	1	0.631578947	0.230769231
G3S-d2858f5dc6d0d6d2	G3S-d392e1d59c314666	exact_nonempty_scaffold;exact_target_sequence;full_sequence_identity;ligand_tanimoto;local_site_identity	1	0.827586207	1
G3S-d2858f5dc6d0d6d2	G3S-d82e40f7bc270eb2	exact_nonempty_scaffold;full_sequence_identity;ligand_tanimoto;local_site_identity	0.599236641	0.533333333	1
G3S-d2858f5dc6d0d6d2	G3S-df91bc0fd4e2076d	exact_nonempty_scaffold;full_sequence_identity;ligand_tanimoto;local_site_identity	0.560606061	0.620689655	0.743589744
G3S-d2858f5dc6d0d6d2	G3S-e7f816aed727534b	exact_nonempty_scaffold;exact_target_sequence;full_sequence_identity;ligand_tanimoto;local_site_identity	1	0.785714286	1
G3S-d2858f5dc6d0d6d2	G3S-eb73c8235716ab91	exact_nonempty_scaffold;full_sequence_identity;ligand_tanimoto;local_site_identity	0.599236641	0.517241379	0.743589744
G3S-d2858f5dc6d0d6d2	G3S-ee6c97e67f1fb0d7	exact_nonempty_scaffold;full_sequence_identity;ligand_tanimoto;local_site_identity;shared_measurement_publication	0.599236641	0.533333333	1
G3S-d2858f5dc6d0d6d2	G3S-eea0596469e3b875	exact_nonempty_scaffold;full_sequence_identity;ligand_tanimoto;local_site_identity	0.599236641	0.517241379	1
G3S-d2858f5dc6d0d6d2	G3S-f223745e3dee7f3b	ligand_tanimoto	0.219512195	0.111111111	0.392156863
G3S-d392e1d59c314666	G3S-d5f2b3941320fd29	exact_nonempty_scaffold	0.195895522	0.153846154	0.233333333
G3S-d392e1d59c314666	G3S-d82e40f7bc270eb2	exact_nonempty_scaffold;full_sequence_identity;ligand_tanimoto;local_site_identity	0.599236641	0.620689655	1
G3S-d392e1d59c314666	G3S-df91bc0fd4e2076d	exact_nonempty_scaffold;full_sequence_identity;ligand_tanimoto;local_site_identity	0.560606061	0.642857143	1
G3S-d392e1d59c314666	G3S-e06c6b7aad2ea234	exact_nonempty_scaffold	0.218181818	0.153846154	0.266666667
G3S-d392e1d59c314666	G3S-e7f816aed727534b	exact_nonempty_scaffold;exact_target_sequence;full_sequence_identity;ligand_tanimoto;local_site_identity	1	0.884615385	1
G3S-d392e1d59c314666	G3S-eb73c8235716ab91	exact_nonempty_scaffold;full_sequence_identity;ligand_tanimoto;local_site_identity	0.599236641	0.576923077	0.69047619
G3S-d392e1d59c314666	G3S-ee6c97e67f1fb0d7	exact_nonempty_scaffold;full_sequence_identity;ligand_tanimoto;local_site_identity	0.599236641	0.620689655	1
G3S-d392e1d59c314666	G3S-eea0596469e3b875	exact_nonempty_scaffold;full_sequence_identity;ligand_tanimoto;local_site_identity;shared_measurement_publication	0.599236641	0.576923077	1
G3S-d392e1d59c314666	G3S-f223745e3dee7f3b	ligand_tanimoto	0.219512195	0.0769230769	0.413043478
G3S-d392e1d59c314666	G3S-f2ec313bd7b3ce78	exact_nonempty_scaffold	0.214659686	0.115384615	0.179104478
G3S-d392e1d59c314666	G3S-f5c4fa2e79c47654	exact_nonempty_scaffold	0.195121951	0.153846154	0.18
G3S-d392e1d59c314666	G3S-ff4e5bfc253b96ea	exact_nonempty_scaffold	0.216216216	0.21875	0.215384615
G3S-d3c114d403b4f6e6	G3S-d587ea9877aeacf1	ligand_tanimoto	0.199091597	0.342857143	0.424242424
G3S-d3c114d403b4f6e6	G3S-d5eff434a516ab97	ligand_tanimoto	0.248618785	0.388888889	0.472972973
G3S-d3c114d403b4f6e6	G3S-da6a7a5b92d16f5d	ligand_tanimoto	0.199091597	0.342857143	0.532258065
G3S-d3c114d403b4f6e6	G3S-dc79a9836344f3ec	ligand_tanimoto	0.245526839	0.322580645	0.472972973
G3S-d3c114d403b4f6e6	G3S-dd8aacb779840031	exact_nonempty_scaffold;ligand_tanimoto	0.185233161	0.387096774	0.846153846
G3S-d3c114d403b4f6e6	G3S-de2a24cde8ae391c	ligand_tanimoto	0.24877571	0.363636364	0.472972973
G3S-d3c114d403b4f6e6	G3S-e3b2a2841a5b18a5	ligand_tanimoto	0.240707965	0.352941176	0.373333333
G3S-d3c114d403b4f6e6	G3S-e710b4e67d7724f9	ligand_tanimoto	0.199091597	0.342857143	0.410958904
G3S-d3c114d403b4f6e6	G3S-f2318d3b76296c29	ligand_tanimoto	0.217035217	0.322580645	0.410958904
G3S-d3c114d403b4f6e6	G3S-f4966ebce19de7c0	ligand_tanimoto	0.240707965	0.352941176	0.472972973
G3S-d3c114d403b4f6e6	G3S-fc8dc45b48055767	ligand_tanimoto	0.221793635	0.322580645	0.472972973
G3S-d587ea9877aeacf1	G3S-d5eff434a516ab97	exact_nonempty_scaffold;ligand_tanimoto;shared_measurement_publication	0.20045045	0.27027027	1
G3S-d587ea9877aeacf1	G3S-da6a7a5b92d16f5d	exact_nonempty_scaffold;exact_target_sequence;full_sequence_identity;ligand_tanimoto;local_site_identity;shared_reference_structure_publication	1	1	1
G3S-d587ea9877aeacf1	G3S-dc79a9836344f3ec	exact_nonempty_scaffold;ligand_tanimoto	0.222794118	0.344827586	1
G3S-d587ea9877aeacf1	G3S-dd8aacb779840031	exact_nonempty_scaffold;ligand_tanimoto	0.119755912	0.333333333	1
G3S-d587ea9877aeacf1	G3S-de2a24cde8ae391c	exact_nonempty_scaffold;ligand_tanimoto;shared_measurement_publication	0.216196137	0.366666667	1
G3S-d587ea9877aeacf1	G3S-e3b2a2841a5b18a5	exact_nonempty_scaffold;ligand_tanimoto;shared_measurement_publication	0.227140784	0.266666667	1
G3S-d587ea9877aeacf1	G3S-e710b4e67d7724f9	exact_nonempty_scaffold;exact_target_sequence;full_sequence_identity;ligand_tanimoto;local_site_identity;shared_reference_structure_publication	1	1	1
G3S-d587ea9877aeacf1	G3S-f2318d3b76296c29	exact_nonempty_scaffold;ligand_tanimoto	0.217849613	0.433333333	1
G3S-d587ea9877aeacf1	G3S-f4966ebce19de7c0	exact_nonempty_scaffold;ligand_tanimoto	0.227140784	0.266666667	1
G3S-d587ea9877aeacf1	G3S-f9b101ab9b60896c	exact_nonempty_scaffold;ligand_tanimoto	0.219928826	0.137931034	1
G3S-d587ea9877aeacf1	G3S-fb7593ab116f7278	exact_nonempty_scaffold	0.111195735	0.103448276	0.267605634
G3S-d587ea9877aeacf1	G3S-fc8dc45b48055767	exact_nonempty_scaffold;ligand_tanimoto	0.215859031	0.413793103	1
G3S-d5eff434a516ab97	G3S-da6a7a5b92d16f5d	exact_nonempty_scaffold;ligand_tanimoto	0.20045045	0.27027027	1
G3S-d5eff434a516ab97	G3S-dc79a9836344f3ec	exact_nonempty_scaffold;ligand_tanimoto	0.263849765	0.333333333	1
G3S-d5eff434a516ab97	G3S-dd8aacb779840031	exact_nonempty_scaffold;ligand_tanimoto	0.193816885	0.363636364	1
G3S-d5eff434a516ab97	G3S-de2a24cde8ae391c	exact_nonempty_scaffold;ligand_tanimoto;shared_measurement_publication	0.244549763	0.235294118	1
G3S-d5eff434a516ab97	G3S-e3b2a2841a5b18a5	exact_nonempty_scaffold;ligand_tanimoto;shared_measurement_publication	0.255834054	0.405405405	1
G3S-d5eff434a516ab97	G3S-e710b4e67d7724f9	exact_nonempty_scaffold;ligand_tanimoto	0.20045045	0.27027027	1
G3S-d5eff434a516ab97	G3S-f2318d3b76296c29	exact_nonempty_scaffold;ligand_tanimoto	0.208366854	0.378378378	1
G3S-d5eff434a516ab97	G3S-f4966ebce19de7c0	exact_nonempty_scaffold;ligand_tanimoto	0.255834054	0.405405405	1
G3S-d5eff434a516ab97	G3S-f9b101ab9b60896c	exact_nonempty_scaffold;ligand_tanimoto	0.246621622	0.303030303	1
G3S-d5eff434a516ab97	G3S-fc8dc45b48055767	exact_nonempty_scaffold;ligand_tanimoto	0.213935231	0.333333333	1
G3S-d5f2b3941320fd29	G3S-df91bc0fd4e2076d	exact_nonempty_scaffold;ligand_tanimoto	0.182495345	0.166666667	0.375
G3S-d5f2b3941320fd29	G3S-e06c6b7aad2ea234	exact_nonempty_scaffold	0.164179104	0.0588235294	0.321428571
G3S-d5f2b3941320fd29	G3S-eb73c8235716ab91	exact_nonempty_scaffold;ligand_tanimoto	0.185185185	0.0952380952	0.375
G3S-d5f2b3941320fd29	G3S-ee6c97e67f1fb0d7	exact_nonempty_scaffold	0.185528757	0.125	0.24137931
G3S-d5f2b3941320fd29	G3S-f2ec313bd7b3ce78	exact_nonempty_scaffold	0.205175601	0.0909090909	0.204081633
G3S-d5f2b3941320fd29	G3S-f5c4fa2e79c47654	exact_nonempty_scaffold	0.215619694	0.136363636	0.244444444
G3S-d5f2b3941320fd29	G3S-ff4e5bfc253b96ea	exact_nonempty_scaffold	0.236983842	0.137931034	0.204081633
G3S-d63ca398425bbdff	G3S-e1d12f0e7fc3ce7f	full_sequence_identity;ligand_tanimoto;local_site_identity	0.459684893	0.5	0.519480519
G3S-d82e40f7bc270eb2	G3S-df91bc0fd4e2076d	exact_nonempty_scaffold;full_sequence_identity;ligand_tanimoto;local_site_identity	0.526515152	0.782608696	1
G3S-d82e40f7bc270eb2	G3S-e7f816aed727534b	exact_nonempty_scaffold;full_sequence_identity;ligand_tanimoto;local_site_identity;shared_measurement_publication	0.599236641	0.692307692	1
G3S-d82e40f7bc270eb2	G3S-eb73c8235716ab91	exact_nonempty_scaffold;full_sequence_identity;ligand_tanimoto;local_site_identity	0.595419847	0.666666667	1
G3S-d82e40f7bc270eb2	G3S-ee6c97e67f1fb0d7	exact_nonempty_scaffold;exact_target_sequence;full_sequence_identity;ligand_tanimoto;local_site_identity	1	0.869565217	1
G3S-d82e40f7bc270eb2	G3S-eea0596469e3b875	exact_nonempty_scaffold;full_sequence_identity;ligand_tanimoto;local_site_identity	0.595419847	0.666666667	1
G3S-da6a7a5b92d16f5d	G3S-dc79a9836344f3ec	ligand_tanimoto	0.222794118	0.344827586	0.476923077
G3S-da6a7a5b92d16f5d	G3S-dd8aacb779840031	exact_nonempty_scaffold;ligand_tanimoto	0.119755912	0.333333333	1
G3S-da6a7a5b92d16f5d	G3S-de2a24cde8ae391c	exact_nonempty_scaffold;ligand_tanimoto	0.216196137	0.366666667	1
G3S-da6a7a5b92d16f5d	G3S-e3b2a2841a5b18a5	exact_nonempty_scaffold;ligand_tanimoto	0.227140784	0.266666667	1
G3S-da6a7a5b92d16f5d	G3S-e710b4e67d7724f9	exact_nonempty_scaffold;exact_target_sequence;full_sequence_identity;ligand_tanimoto;local_site_identity;shared_reference_structure_publication	1	1	1
G3S-da6a7a5b92d16f5d	G3S-f2318d3b76296c29	exact_nonempty_scaffold;ligand_tanimoto	0.217849613	0.433333333	1
G3S-da6a7a5b92d16f5d	G3S-fb6cb3a33814d85e	ligand_tanimoto	0.177978884	0.4	0.373134328
G3S-da6a7a5b92d16f5d	G3S-fb7593ab116f7278	exact_nonempty_scaffold	0.111195735	0.103448276	0.28125
G3S-da6a7a5b92d16f5d	G3S-fc8dc45b48055767	exact_nonempty_scaffold;ligand_tanimoto	0.215859031	0.413793103	1
G3S-dc79a9836344f3ec	G3S-dd8aacb779840031	exact_nonempty_scaffold;ligand_tanimoto;local_site_identity	0.229989868	0.821428571	1
G3S-dc79a9836344f3ec	G3S-de2a24cde8ae391c	exact_nonempty_scaffold;full_sequence_identity;ligand_tanimoto;local_site_identity	0.512745098	0.62962963	1
G3S-dc79a9836344f3ec	G3S-e3b2a2841a5b18a5	exact_nonempty_scaffold;ligand_tanimoto;local_site_identity	0.254022015	0.5	1
G3S-dc79a9836344f3ec	G3S-e710b4e67d7724f9	exact_nonempty_scaffold;ligand_tanimoto;shared_measurement_publication	0.222794118	0.344827586	1
G3S-dc79a9836344f3ec	G3S-f2318d3b76296c29	exact_nonempty_scaffold;ligand_tanimoto;local_site_identity	0.259433962	0.5	1
G3S-dc79a9836344f3ec	G3S-f4966ebce19de7c0	exact_nonempty_scaffold;ligand_tanimoto;local_site_identity;shared_measurement_publication	0.254022015	0.5	1
G3S-dc79a9836344f3ec	G3S-f9b101ab9b60896c	ligand_tanimoto	0.242156074	0.303030303	0.558441558
G3S-dc79a9836344f3ec	G3S-fb6cb3a33814d85e	local_site_identity	0.204843592	0.538461538	0.325301205
G3S-dc79a9836344f3ec	G3S-fc8dc45b48055767	exact_nonempty_scaffold;ligand_tanimoto;shared_measurement_publication	0.224954463	0.444444444	1
G3S-dd8aacb779840031	G3S-de2a24cde8ae391c	exact_nonempty_scaffold;ligand_tanimoto;local_site_identity	0.213131313	0.689655172	1
G3S-dd8aacb779840031	G3S-e3b2a2841a5b18a5	exact_nonempty_scaffold;ligand_tanimoto	0.141577061	0.40625	1
G3S-dd8aacb779840031	G3S-e710b4e67d7724f9	ligand_tanimoto	0.119755912	0.333333333	0.573333333
G3S-dd8aacb779840031	G3S-f2318d3b76296c29	ligand_tanimoto;local_site_identity	0.140740741	0.5	0.573333333
G3S-dd8aacb779840031	G3S-f4966ebce19de7c0	exact_nonempty_scaffold;ligand_tanimoto	0.141577061	0.40625	0.830508475
G3S-dd8aacb779840031	G3S-fb6cb3a33814d85e	local_site_identity	0.217785844	0.518518519	0.280898876
G3S-dd8aacb779840031	G3S-fc8dc45b48055767	exact_nonempty_scaffold;ligand_tanimoto	0.152106886	0.407407407	1
G3S-de2a24cde8ae391c	G3S-e3b2a2841a5b18a5	exact_nonempty_scaffold;ligand_tanimoto;shared_measurement_publication	0.251895535	0.392857143	1
G3S-de2a24cde8ae391c	G3S-e710b4e67d7724f9	exact_nonempty_scaffold;ligand_tanimoto	0.216196137	0.366666667	1
G3S-de2a24cde8ae391c	G3S-f2318d3b76296c29	exact_nonempty_scaffold;ligand_tanimoto	0.249607535	0.407407407	1
G3S-de2a24cde8ae391c	G3S-f4966ebce19de7c0	exact_nonempty_scaffold;ligand_tanimoto	0.251895535	0.392857143	1
G3S-de2a24cde8ae391c	G3S-f9b101ab9b60896c	exact_nonempty_scaffold;ligand_tanimoto	0.219648562	0.206896552	1
G3S-de2a24cde8ae391c	G3S-fb7593ab116f7278	exact_nonempty_scaffold	0.142857143	0.12	0.267605634
G3S-de2a24cde8ae391c	G3S-fc8dc45b48055767	exact_nonempty_scaffold;ligand_tanimoto	0.227586207	0.448275862	1
G3S-df91bc0fd4e2076d	G3S-e06c6b7aad2ea234	exact_nonempty_scaffold	0.189393939	0.142857143	0.323529412
G3S-df91bc0fd4e2076d	G3S-e7f816aed727534b	exact_nonempty_scaffold;full_sequence_identity;ligand_tanimoto;local_site_identity	0.560606061	0.72	1
G3S-df91bc0fd4e2076d	G3S-eb73c8235716ab91	exact_nonempty_scaffold;full_sequence_identity;ligand_tanimoto;local_site_identity;shared_measurement_publication	0.503787879	0.695652174	1
G3S-df91bc0fd4e2076d	G3S-ee6c97e67f1fb0d7	exact_nonempty_scaffold;full_sequence_identity;ligand_tanimoto;local_site_identity	0.526515152	0.782608696	1
G3S-df91bc0fd4e2076d	G3S-eea0596469e3b875	exact_nonempty_scaffold;full_sequence_identity;ligand_tanimoto;local_site_identity	0.503787879	0.695652174	0.743589744
G3S-df91bc0fd4e2076d	G3S-f2ec313bd7b3ce78	exact_nonempty_scaffold	0.195876289	0.0909090909	0.204081633
G3S-df91bc0fd4e2076d	G3S-f5c4fa2e79c47654	exact_nonempty_scaffold	0.16	0.217391304	0.20754717
G3S-df91bc0fd4e2076d	G3S-ff4e5bfc253b96ea	exact_nonempty_scaffold	0.204938272	0.1875	0.295454545
G3S-dfc845f5fdda1698	G3S-fffc85fa1583cd07	exact_nonempty_scaffold;ligand_tanimoto	0.181538462	0.0588235294	0.607142857
G3S-e06c6b7aad2ea234	G3S-eb73c8235716ab91	exact_nonempty_scaffold	0.2	0.142857143	0.323529412
G3S-e06c6b7aad2ea234	G3S-ee6c97e67f1fb0d7	exact_nonempty_scaffold	0.211678832	0.217391304	0.285714286
G3S-e06c6b7aad2ea234	G3S-f2ec313bd7b3ce78	exact_nonempty_scaffold	0.189473684	0.125	0.325581395
G3S-e06c6b7aad2ea234	G3S-f5c4fa2e79c47654	exact_nonempty_scaffold	0.16367713	0.181818182	0.162790698
G3S-e06c6b7aad2ea234	G3S-ff4e5bfc253b96ea	exact_nonempty_scaffold;ligand_tanimoto	0.157635468	0.206896552	0.481481481
G3S-e1d12f0e7fc3ce7f	G3S-f9b101ab9b60896c	local_site_identity	0.229304636	0.655172414	0.345238095
G3S-e3b2a2841a5b18a5	G3S-e710b4e67d7724f9	exact_nonempty_scaffold;ligand_tanimoto	0.227140784	0.266666667	1
G3S-e3b2a2841a5b18a5	G3S-f2318d3b76296c29	exact_nonempty_scaffold;ligand_tanimoto	0.248875562	0.433333333	1
G3S-e3b2a2841a5b18a5	G3S-f4966ebce19de7c0	exact_nonempty_scaffold;exact_target_sequence;full_sequence_identity;ligand_tanimoto;local_site_identity;shared_reference_structure_publication	1	1	1
G3S-e3b2a2841a5b18a5	G3S-f9b101ab9b60896c	ligand_tanimoto	0.232824427	0.303030303	0.558441558
G3S-e3b2a2841a5b18a5	G3S-fb6cb3a33814d85e	local_site_identity	0.198391421	0.5	0.252427184
G3S-e3b2a2841a5b18a5	G3S-fc8dc45b48055767	exact_nonempty_scaffold;ligand_tanimoto	0.218537415	0.25	1
G3S-e710b4e67d7724f9	G3S-f2318d3b76296c29	exact_nonempty_scaffold;ligand_tanimoto	0.217849613	0.433333333	1
G3S-e710b4e67d7724f9	G3S-f4966ebce19de7c0	exact_nonempty_scaffold;ligand_tanimoto;shared_measurement_publication	0.227140784	0.266666667	1
G3S-e710b4e67d7724f9	G3S-f9b101ab9b60896c	ligand_tanimoto	0.219928826	0.137931034	0.558441558
G3S-e710b4e67d7724f9	G3S-fb7593ab116f7278	exact_nonempty_scaffold	0.111195735	0.103448276	0.267605634
G3S-e710b4e67d7724f9	G3S-fc8dc45b48055767	exact_nonempty_scaffold;ligand_tanimoto;shared_measurement_publication	0.215859031	0.413793103	1
G3S-e7f816aed727534b	G3S-eb73c8235716ab91	exact_nonempty_scaffold;full_sequence_identity;ligand_tanimoto;local_site_identity	0.599236641	0.625	1
G3S-e7f816aed727534b	G3S-ee6c97e67f1fb0d7	exact_nonempty_scaffold;full_sequence_identity;ligand_tanimoto;local_site_identity	0.599236641	0.692307692	1
G3S-e7f816aed727534b	G3S-eea0596469e3b875	exact_nonempty_scaffold;full_sequence_identity;ligand_tanimoto;local_site_identity	0.599236641	0.625	1
G3S-eb73c8235716ab91	G3S-ee6c97e67f1fb0d7	exact_nonempty_scaffold;full_sequence_identity;ligand_tanimoto;local_site_identity	0.595419847	0.666666667	1
G3S-eb73c8235716ab91	G3S-eea0596469e3b875	exact_nonempty_scaffold;exact_target_sequence;full_sequence_identity;ligand_tanimoto;local_site_identity;shared_reference_structure_publication	1	1	0.743589744
G3S-eb73c8235716ab91	G3S-f2ec313bd7b3ce78	exact_nonempty_scaffold	0.206266319	0.130434783	0.204081633
G3S-eb73c8235716ab91	G3S-f5c4fa2e79c47654	exact_nonempty_scaffold	0.201773836	0.181818182	0.20754717
G3S-eb73c8235716ab91	G3S-ff4e5bfc253b96ea	exact_nonempty_scaffold	0.229116945	0.1875	0.295454545
G3S-ee6c97e67f1fb0d7	G3S-eea0596469e3b875	exact_nonempty_scaffold;full_sequence_identity;ligand_tanimoto;local_site_identity	0.595419847	0.666666667	1
G3S-ee6c97e67f1fb0d7	G3S-f223745e3dee7f3b	ligand_tanimoto	0.21942446	0.0434782609	0.413043478
G3S-ee6c97e67f1fb0d7	G3S-f2ec313bd7b3ce78	exact_nonempty_scaffold	0.201044386	0.130434783	0.179104478
G3S-ee6c97e67f1fb0d7	G3S-f5c4fa2e79c47654	exact_nonempty_scaffold	0.189732143	0.173913043	0.18
G3S-ee6c97e67f1fb0d7	G3S-ff4e5bfc253b96ea	exact_nonempty_scaffold	0.230958231	0.193548387	0.213114754
G3S-eea0596469e3b875	G3S-f223745e3dee7f3b	ligand_tanimoto	0.207272727	0.142857143	0.413043478
G3S-f223745e3dee7f3b	G3S-f42b5d20c7dcac28	ligand_tanimoto	0.222222222	0.15	0.37704918
G3S-f223745e3dee7f3b	G3S-fe0860941e1bd481	ligand_tanimoto	0.17167382	0.24137931	0.352941176
G3S-f2318d3b76296c29	G3S-f4966ebce19de7c0	exact_nonempty_scaffold;ligand_tanimoto	0.248875562	0.433333333	1
G3S-f2318d3b76296c29	G3S-f9b101ab9b60896c	ligand_tanimoto	0.227439472	0.342857143	0.558441558
G3S-f2318d3b76296c29	G3S-fb6cb3a33814d85e	local_site_identity	0.190827191	0.535714286	0.337662338
G3S-f2318d3b76296c29	G3S-fb7593ab116f7278	exact_nonempty_scaffold	0.116968699	0.0769230769	0.267605634
G3S-f2318d3b76296c29	G3S-fc8dc45b48055767	exact_nonempty_scaffold;ligand_tanimoto	0.217979316	0.428571429	1
G3S-f2ec313bd7b3ce78	G3S-f5c4fa2e79c47654	exact_nonempty_scaffold	0.218813906	0	0.142857143
G3S-f2ec313bd7b3ce78	G3S-fb7593ab116f7278	exact_nonempty_scaffold;ligand_tanimoto	0.197368421	0.181818182	0.392156863
G3S-f2ec313bd7b3ce78	G3S-ff4e5bfc253b96ea	exact_nonempty_scaffold	0.22972973	0.206896552	0.203389831
G3S-f4966ebce19de7c0	G3S-f9b101ab9b60896c	ligand_tanimoto	0.232824427	0.303030303	0.558441558
G3S-f4966ebce19de7c0	G3S-fb6cb3a33814d85e	local_site_identity	0.198391421	0.5	0.252427184
G3S-f4966ebce19de7c0	G3S-fc8dc45b48055767	exact_nonempty_scaffold;ligand_tanimoto;shared_measurement_publication	0.218537415	0.25	1
G3S-f5c4fa2e79c47654	G3S-ff4e5bfc253b96ea	exact_nonempty_scaffold	0.213552361	0.137931034	0.259259259
G3S-f9b101ab9b60896c	G3S-fc8dc45b48055767	ligand_tanimoto	0.224812656	0.214285714	0.558441558
G3S-fb6cb3a33814d85e	G3S-fc8dc45b48055767	local_site_identity	0.210794297	0.518518519	0.337662338
G3S-fb7593ab116f7278	G3S-fc8dc45b48055767	exact_nonempty_scaffold	0.130927835	0.148148148	0.267605634
