series_id	view	source_structure_id	source_structure_sha256	protein_entity_id	protein_asym_id	source_site_positions	target_site_positions	present_source_positions	site_mean_plddt	query_ligand_coordinates_read	affinity_labels_read	pocket_residue_count	pocket_atom_count	pocket_position_coverage	pocket_missing_fraction	aa_fraction_A	aa_fraction_C	aa_fraction_D	aa_fraction_E	aa_fraction_F	aa_fraction_G	aa_fraction_H	aa_fraction_I	aa_fraction_K	aa_fraction_L	aa_fraction_M	aa_fraction_N	aa_fraction_P	aa_fraction_Q	aa_fraction_R	aa_fraction_S	aa_fraction_T	aa_fraction_V	aa_fraction_W	aa_fraction_Y	aa_fraction_X	element_fraction_C	element_fraction_N	element_fraction_O	element_fraction_S	element_fraction_P	element_fraction_SE	element_fraction_OTHER	coord_radius_of_gyration	coord_max_radius	bbox_extent_large	bbox_extent_mid	bbox_extent_small	coord_std_large	coord_std_mid	coord_std_small	residue_pair_distance_bin_0	residue_pair_distance_bin_1	residue_pair_distance_bin_2	residue_pair_distance_bin_3	residue_pair_distance_bin_4	residue_pair_distance_bin_5	residue_pair_distance_bin_6	residue_pair_distance_bin_7	residue_pair_distance_bin_8	residue_contact_edge_density_8A	residue_contact_mean_degree_8A	residue_contact_degree_std_8A	chem_fraction_hydrophobic	chem_fraction_aromatic	chem_fraction_positive	chem_fraction_negative	chem_fraction_polar_uncharged	chem_fraction_small	chem_fraction_gly_pro	radial_shell_0_all_fraction	radial_shell_0_hydrophobic_fraction	radial_shell_0_aromatic_fraction	radial_shell_0_positive_fraction	radial_shell_0_negative_fraction	radial_shell_0_polar_uncharged_fraction	radial_shell_0_small_fraction	radial_shell_0_gly_pro_fraction	radial_shell_1_all_fraction	radial_shell_1_hydrophobic_fraction	radial_shell_1_aromatic_fraction	radial_shell_1_positive_fraction	radial_shell_1_negative_fraction	radial_shell_1_polar_uncharged_fraction	radial_shell_1_small_fraction	radial_shell_1_gly_pro_fraction	radial_shell_2_all_fraction	radial_shell_2_hydrophobic_fraction	radial_shell_2_aromatic_fraction	radial_shell_2_positive_fraction	radial_shell_2_negative_fraction	radial_shell_2_polar_uncharged_fraction	radial_shell_2_small_fraction	radial_shell_2_gly_pro_fraction	centroid_distance_quantile_10	centroid_distance_quantile_25	centroid_distance_quantile_50	centroid_distance_quantile_75	centroid_distance_quantile_90	contact_density_6A	contact_mean_degree_6A	contact_degree_std_6A	contact_maximum_degree_6A	contact_density_8A	contact_mean_degree_8A	contact_degree_std_8A	contact_maximum_degree_8A	contact_density_10A	contact_mean_degree_10A	contact_degree_std_10A	contact_maximum_degree_10A	contact_density_12A	contact_mean_degree_12A	contact_degree_std_12A	contact_maximum_degree_12A	shape_linearity	shape_planarity	shape_sphericity	shape_anisotropy	shape_convex_hull_volume	shape_residues_per_hull_volume	exposure_low_contact_fraction_8A	exposure_high_contact_fraction_8A	quality_ca_bfactor_mean	quality_ca_bfactor_std	quality_ca_bfactor_min	quality_ca_bfactor_q10
G3S-014e4407ee50fa22	S1	8CK4	b11adcc382853bb102df944de93856012bb65608e2a1601800f9de40ba321e83	1	A	11;13;15;16;17;18;19;20;21;24;28;32;44;47;48;56;59;60;63;69;70;71;72;74;75;76;86;88;89;90;91;104;105;106;108	244;246;248;249;250;251;252;253;254;257;261;265;277;280;281;289;292;293;296;302;303;304;305;307;308;309;319;321;322;323;324;337;338;339;341	11;13;15;16;17;18;19;20;21;24;28;32;44;47;48;56;59;60;63;69;70;71;72;74;75;76;86;88;89;90;91;104;105;106;108		False	False	35.0	279.0	1.0	0.0	0.02857142857142857	0.05714285714285714	0.02857142857142857	0.0	0.08571428571428572	0.05714285714285714	0.05714285714285714	0.08571428571428572	0.02857142857142857	0.05714285714285714	0.14285714285714285	0.02857142857142857	0.0	0.02857142857142857	0.02857142857142857	0.11428571428571428	0.05714285714285714	0.05714285714285714	0.0	0.05714285714285714	0.0	0.6451612903225806	0.16129032258064516	0.16845878136200718	0.025089605734767026	0.0	0.0	0.0	9.506118322500933	16.582443850503438	26.544999999999998	26.358	19.058	6.138264204840314	5.521865072107365	4.711369677535905	0.0067226890756302525	0.06722689075630252	0.11428571428571428	0.09747899159663866	0.16974789915966387	0.3142857142857143	0.1915966386554622	0.03865546218487395	0.0	0.18823529411764706	6.4	2.0866925298868817	0.5142857142857142	0.2	0.11428571428571428	0.02857142857142857	0.34285714285714286	0.3142857142857143	0.05714285714285714	0.0	0.0	0.0	0.0	0.0	0.0	0.0	0.0	0.42857142857142855	0.2	0.14285714285714285	0.05714285714285714	0.0	0.2	0.17142857142857143	0.02857142857142857	0.5714285714285714	0.3142857142857143	0.05714285714285714	0.05714285714285714	0.02857142857142857	0.14285714285714285	0.14285714285714285	0.02857142857142857	6.28858833	9.492186145	12.62380161	15.675818435	18.356054472	0.07394957983193277	2.5142857142857142	1.130649082137679	5.0	0.18823529411764706	6.4	2.0866925298868817	11.0	0.2857142857142857	9.714285714285714	2.6139344026246127	15.0	0.45546218487394957	15.485714285714286	3.9306228410224437	23.0	0.09500306345611119	0.32506352660878757	0.5799334099351012	0.42006659006489877	2838.8408140914657	0.012328975906738645	0.02857142857142857	0.7428571428571429	47.624571428571436	5.7147510096277	36.18	40.67
G3S-014e4407ee50fa22	S2	AF-Q99814-F1	777b3347eb44630b1b961734bc8be0ccde8d53166d3fbc2a323752fa8ecbc378	1	A	244;246;248;249;250;251;252;253;254;257;261;265;277;280;281;289;292;293;296;302;303;304;305;307;308;309;319;321;322;323;324;337;338;339;341	244;246;248;249;250;251;252;253;254;257;261;265;277;280;281;289;292;293;296;302;303;304;305;307;308;309;319;321;322;323;324;337;338;339;341	244;246;248;249;250;251;252;253;254;257;261;265;277;280;281;289;292;293;296;302;303;304;305;307;308;309;319;321;322;323;324;337;338;339;341	96.80828571428573	False	False	35.0	279.0	1.0	0.0	0.02857142857142857	0.05714285714285714	0.02857142857142857	0.0	0.08571428571428572	0.05714285714285714	0.05714285714285714	0.08571428571428572	0.02857142857142857	0.05714285714285714	0.14285714285714285	0.02857142857142857	0.0	0.02857142857142857	0.02857142857142857	0.11428571428571428	0.05714285714285714	0.05714285714285714	0.0	0.05714285714285714	0.0	0.6451612903225806	0.16129032258064516	0.16845878136200718	0.025089605734767026	0.0	0.0	0.0	9.438405989154889	16.951744649653	25.852	22.868000000000002	19.079	6.172683288902235	5.4575168590849295	4.604019804890693	0.0067226890756302525	0.07394957983193277	0.11092436974789915	0.10756302521008404	0.16974789915966387	0.3142857142857143	0.17983193277310924	0.03697478991596639	0.0	0.1915966386554622	6.514285714285714	2.1826776291182033	0.5142857142857142	0.2	0.11428571428571428	0.02857142857142857	0.34285714285714286	0.3142857142857143	0.05714285714285714	0.0	0.0	0.0	0.0	0.0	0.0	0.0	0.0	0.4857142857142857	0.2571428571428571	0.14285714285714285	0.05714285714285714	0.0	0.2	0.17142857142857143	0.02857142857142857	0.5142857142857142	0.2571428571428571	0.05714285714285714	0.05714285714285714	0.02857142857142857	0.14285714285714285	0.14285714285714285	0.02857142857142857	6.24133564	9.47149885	12.44742606	15.677447	18.310024682	0.08067226890756303	2.742857142857143	1.4008743625292872	6.0	0.1915966386554622	6.514285714285714	2.1826776291182033	11.0	0.2991596638655462	10.17142857142857	2.8232272747510003	15.0	0.4689075630252101	15.942857142857143	4.2016517646064395	24.0	0.1291381993182469	0.32483211770577486	0.5460296829759782	0.4539703170240218	2790.1494732301016	0.012544130820160392	0.05714285714285714	0.7142857142857143	96.80828571428573	1.079141155110425	94.0	95.14
G3S-03ecbf7361b64421	S1	5X74	64572158e539175206a974ce669a9f3f5c5255bc783f4181e98d9148a90eb1c6	1	A	17;20;22;32;38;39;47;49;53;54;55;56;57;58;59;61;63;76;78;80;87;88;90;92;109;110;111;117;123;127;129;131;133;143;145;146;147;149	17;20;22;32;38;39;47;49;53;54;55;56;57;58;59;61;63;76;78;80;87;88;90;92;109;110;111;117;123;127;129;131;133;143;145;146;147;149	17;20;22;32;38;39;47;49;53;54;55;56;57;58;59;61;63;76;78;80;87;88;90;92;109;110;111;117;123;127;129;131;133;143;145;146;147;149		False	False	38.0	313.0	1.0	0.0	0.07894736842105263	0.02631578947368421	0.0	0.02631578947368421	0.05263157894736842	0.0	0.0	0.07894736842105263	0.05263157894736842	0.23684210526315788	0.05263157894736842	0.0	0.0	0.02631578947368421	0.05263157894736842	0.07894736842105263	0.02631578947368421	0.13157894736842105	0.05263157894736842	0.02631578947368421	0.0	0.6869009584664537	0.15654952076677317	0.14696485623003194	0.009584664536741214	0.0	0.0	0.0	10.65931064548857	17.25540555052631	28.695	25.275000000000002	23.89	7.422629728332034	5.769776868684877	5.023459588639728	0.001422475106685633	0.059743954480796585	0.07823613086770982	0.06970128022759602	0.13513513513513514	0.2887624466571835	0.23470839260312945	0.13229018492176386	0.0	0.13940256045519203	5.157894736842105	1.4423357480047074	0.7105263157894737	0.13157894736842105	0.10526315789473684	0.02631578947368421	0.18421052631578946	0.21052631578947367	0.0	0.0	0.0	0.0	0.0	0.0	0.0	0.0	0.0	0.3684210526315789	0.2894736842105263	0.02631578947368421	0.02631578947368421	0.02631578947368421	0.02631578947368421	0.0	0.0	0.631578947368421	0.42105263157894735	0.10526315789473684	0.07894736842105263	0.0	0.15789473684210525	0.21052631578947367	0.0	6.866175582	10.54905197	14.01141581	17.441534145	20.683513350000002	0.06116642958748222	2.263157894736842	0.9916549306008827	5.0	0.13940256045519203	5.157894736842105	1.4423357480047074	7.0	0.20910384068278806	7.7368421052631575	2.0860969665901488	13.0	0.3442389758179232	12.736842105263158	2.530697953720275	20.0	0.4363010937934305	0.1635886719473041	0.4001102342592654	0.5998897657407346	4018.5972258857546	0.0094560359906744	0.07894736842105263	0.5	36.81184210526316	8.299080435827358	25.03	27.361
G3S-03ecbf7361b64421	S2	AF-O43924-F1	10eeab254aa16a935b95a2974482e93a47d5cca41a20df90ea3b0957f9691ee6	1	A	17;20;22;32;38;39;47;49;53;54;55;56;57;58;59;61;63;76;78;80;87;88;90;92;109;110;111;117;123;127;129;131;133;143;145;146;147;149	17;20;22;32;38;39;47;49;53;54;55;56;57;58;59;61;63;76;78;80;87;88;90;92;109;110;111;117;123;127;129;131;133;143;145;146;147;149	17;20;22;32;38;39;47;49;53;54;55;56;57;58;59;61;63;76;78;80;87;88;90;92;109;110;111;117;123;127;129;131;133;143;145;146;147;149	96.20815789473684	False	False	38.0	316.0	1.0	0.0	0.07894736842105263	0.02631578947368421	0.0	0.05263157894736842	0.05263157894736842	0.0	0.0	0.07894736842105263	0.05263157894736842	0.23684210526315788	0.05263157894736842	0.0	0.0	0.02631578947368421	0.05263157894736842	0.05263157894736842	0.02631578947368421	0.13157894736842105	0.05263157894736842	0.02631578947368421	0.0	0.6867088607594937	0.1550632911392405	0.14873417721518986	0.00949367088607595	0.0	0.0	0.0	10.704790703955512	19.164919740632563	31.465000000000003	29.394000000000002	27.906000000000002	7.577411744588266	5.582242956026697	5.10038614698519	0.0	0.06258890469416785	0.07539118065433854	0.08392603129445235	0.12091038406827881	0.3015647226173542	0.22617354196301565	0.12944523470839261	0.0	0.1379800853485064	5.105263157894737	1.6825649855942926	0.7105263157894737	0.13157894736842105	0.10526315789473684	0.05263157894736842	0.15789473684210525	0.18421052631578946	0.0	0.0	0.0	0.0	0.0	0.0	0.0	0.0	0.0	0.47368421052631576	0.39473684210526316	0.07894736842105263	0.02631578947368421	0.02631578947368421	0.05263157894736842	0.02631578947368421	0.0	0.5263157894736842	0.3157894736842105	0.05263157894736842	0.07894736842105263	0.02631578947368421	0.10526315789473684	0.15789473684210525	0.0	6.753000658	10.532301905	13.85609985	17.603710715	21.036758498	0.06258890469416785	2.3157894736842106	0.8616160812497318	4.0	0.1379800853485064	5.105263157894737	1.6825649855942926	8.0	0.22190611664295876	8.210526315789474	2.3300993285451215	12.0	0.34281650071123754	12.68421052631579	2.6567219924471503	22.0	0.5180902247180341	0.08707006472938185	0.39483971055258404	0.605160289447416	4073.102225079581	0.009329498230125454	0.05263157894736842	0.631578947368421	96.20815789473684	3.039357493791945	83.31	93.326
G3S-0adfbd2895adde2d	S1	1R5L	4acc8d51cccc12cf0794238c1b5b6ed0286ceb463ab0ab5ba03c768b4548d90c	1	A	60;84;99;101;103;106;112;113;114;116;117;120;121;124;138;140;142;144;147;155;159;162;163;164;166;167;171;173;175;178;180;187;190;191;194;206	76;100;115;117;119;122;128;129;130;132;133;136;137;140;154;156;158;160;163;171;175;178;179;180;182;183;187;189;191;194;196;203;206;207;210;222	60;84;99;101;103;106;112;113;114;116;117;120;121;124;138;140;142;144;147;155;159;162;163;164;166;167;171;173;175;178;180;187;190;191;194;206		False	False	36.0	315.0	1.0	0.0	0.08333333333333333	0.0	0.0	0.0	0.1388888888888889	0.0	0.0	0.19444444444444445	0.027777777777777776	0.16666666666666666	0.0	0.0	0.0	0.0	0.0	0.05555555555555555	0.027777777777777776	0.1388888888888889	0.08333333333333333	0.08333333333333333	0.0	0.7396825396825397	0.12698412698412698	0.13333333333333333	0.0	0.0	0.0	0.0	10.376148483710566	16.20963392327321	27.822000000000003	27.637	24.272	6.889652902007973	5.906895681195888	5.030479465948705	0.0015873015873015873	0.05873015873015873	0.0761904761904762	0.08253968253968254	0.15555555555555556	0.30317460317460315	0.23333333333333334	0.08888888888888889	0.0	0.1365079365079365	4.777777777777778	1.376612410373763	0.8888888888888888	0.3055555555555556	0.027777777777777776	0.0	0.16666666666666666	0.16666666666666666	0.0	0.0	0.0	0.0	0.0	0.0	0.0	0.0	0.0	0.2222222222222222	0.19444444444444445	0.08333333333333333	0.0	0.0	0.05555555555555555	0.027777777777777776	0.0	0.7777777777777778	0.6944444444444444	0.2222222222222222	0.027777777777777776	0.0	0.1111111111111111	0.1388888888888889	0.0	6.739687989000001	10.3895649875	13.702503135	17.1866186425	19.848431693000002	0.06031746031746032	2.111111111111111	0.8425417160057279	4.0	0.1365079365079365	4.777777777777778	1.376612410373763	9.0	0.21904761904761905	7.666666666666667	1.5811388300841898	12.0	0.3746031746031746	13.11111111111111	3.0711722135745005	20.0	0.20934796673807324	0.24733199582639445	0.5433200374355323	0.45667996256446775	3686.7767301753724	0.009764627107833447	0.027777777777777776	0.5	16.85055555555555	3.0948173024917756	12.08	13.18
G3S-0adfbd2895adde2d	S2	AF-P49638-F1	da9889eb5fa5e21d99cae4c1c112a3e0cf51c9ecc908a71187df7900d5806f8e	1	A	76;100;115;117;119;122;128;129;130;132;133;136;137;140;154;156;158;160;163;171;175;178;179;180;182;183;187;189;191;194;196;203;206;207;210;222	76;100;115;117;119;122;128;129;130;132;133;136;137;140;154;156;158;160;163;171;175;178;179;180;182;183;187;189;191;194;196;203;206;207;210;222	76;100;115;117;119;122;128;129;130;132;133;136;137;140;154;156;158;160;163;171;175;178;179;180;182;183;187;189;191;194;196;203;206;207;210;222	97.35666666666667	False	False	36.0	315.0	1.0	0.0	0.08333333333333333	0.0	0.0	0.0	0.1388888888888889	0.0	0.0	0.19444444444444445	0.027777777777777776	0.16666666666666666	0.0	0.0	0.0	0.0	0.0	0.05555555555555555	0.027777777777777776	0.1388888888888889	0.08333333333333333	0.08333333333333333	0.0	0.7396825396825397	0.12698412698412698	0.13333333333333333	0.0	0.0	0.0	0.0	10.422650166273742	16.421263009843617	27.345	26.631999999999998	26.085	6.930736785447845	5.927452503797465	5.0459717512676665	0.0015873015873015873	0.05873015873015873	0.0761904761904762	0.08253968253968254	0.15079365079365079	0.30317460317460315	0.23492063492063492	0.09206349206349207	0.0	0.1365079365079365	4.777777777777778	1.3966450099973926	0.8888888888888888	0.3055555555555556	0.027777777777777776	0.0	0.16666666666666666	0.16666666666666666	0.0	0.0	0.0	0.0	0.0	0.0	0.0	0.0	0.0	0.2222222222222222	0.19444444444444445	0.08333333333333333	0.0	0.0	0.05555555555555555	0.027777777777777776	0.0	0.7777777777777778	0.6944444444444444	0.2222222222222222	0.027777777777777776	0.0	0.1111111111111111	0.1388888888888889	0.0	6.779624256	10.3882378775	13.72209261	17.2218012025	19.876137527	0.06031746031746032	2.111111111111111	0.773799348732451	3.0	0.1365079365079365	4.777777777777778	1.3966450099973926	9.0	0.21904761904761905	7.666666666666667	1.699673171197595	12.0	0.36984126984126986	12.944444444444445	3.054545287531394	20.0	0.20356880426596224	0.25372846852798103	0.5427027272060567	0.4572972727939433	3730.3899981772	0.009650465505641734	0.027777777777777776	0.5277777777777778	97.35666666666667	1.3365066404623658	94.12	95.44
G3S-0c2b41bb223d8483	S1	6D55	98cdb3298e72b7ee0f9e35ef0786c803f64bc8b74d687e4e47e193939d57e266	2	B	275;288;292;310;311;312;314;315;319;320;321;322;323;325;326;327;329;333;334;337;338;341;345	839;852;856;874;875;876;878;879;883;884;885;886;887;889;890;891;893;897;898;901;902;905;909	275;288;292;310;311;312;314;315;319;320;321;322;323;325;326;327;329;333;334;337;338;341;345		False	False	23.0	194.0	1.0	0.0	0.0	0.0	0.043478260869565216	0.13043478260869565	0.043478260869565216	0.0	0.043478260869565216	0.13043478260869565	0.043478260869565216	0.08695652173913043	0.043478260869565216	0.043478260869565216	0.0	0.043478260869565216	0.043478260869565216	0.043478260869565216	0.043478260869565216	0.17391304347826086	0.0	0.043478260869565216	0.0	0.6494845360824743	0.15979381443298968	0.18556701030927836	0.005154639175257732	0.0	0.0	0.0	9.073749216353129	17.80647858395345	29.079	20.514000000000003	18.854999999999997	6.4430333749908355	4.841372306383138	4.169095820559849	0.0	0.09090909090909091	0.1383399209486166	0.11462450592885376	0.16996047430830039	0.3241106719367589	0.1225296442687747	0.039525691699604744	0.0	0.22924901185770752	5.043478260869565	1.6279691501607874	0.5217391304347826	0.13043478260869565	0.13043478260869565	0.17391304347826086	0.21739130434782608	0.08695652173913043	0.0	0.043478260869565216	0.043478260869565216	0.0	0.0	0.0	0.0	0.0	0.0	0.6521739130434783	0.43478260869565216	0.08695652173913043	0.043478260869565216	0.043478260869565216	0.17391304347826086	0.043478260869565216	0.0	0.30434782608695654	0.043478260869565216	0.043478260869565216	0.08695652173913043	0.13043478260869565	0.043478260869565216	0.043478260869565216	0.0	6.156582278	8.42582407	11.92328297	14.9648054	17.556581098000002	0.09090909090909091	2.0	1.103354568734741	4.0	0.22924901185770752	5.043478260869565	1.6279691501607874	8.0	0.3438735177865613	7.565217391304348	2.4991491935999854	13.0	0.5138339920948617	11.304347826086957	3.1955782304370364	19.0	0.45538236549423644	0.13884344851775854	0.405774185988005	0.5942258140119949	1930.935458418642	0.011911325103965966	0.08695652173913043	0.6521739130434783	14.38869565217391	2.3580137263085126	10.06	12.038
G3S-0c2b41bb223d8483	S2	AF-Q07889-F1	ea20a647bd0eeae0c06d8a086d00ed254e52c65400ab6e917f575a690b79289d	1	A	839;852;856;874;875;876;878;879;883;884;885;886;887;889;890;891;893;897;898;901;902;905;909	839;852;856;874;875;876;878;879;883;884;885;886;887;889;890;891;893;897;898;901;902;905;909	839;852;856;874;875;876;878;879;883;884;885;886;887;889;890;891;893;897;898;901;902;905;909	97.00739130434783	False	False	23.0	194.0	1.0	0.0	0.0	0.0	0.043478260869565216	0.13043478260869565	0.043478260869565216	0.0	0.043478260869565216	0.13043478260869565	0.043478260869565216	0.08695652173913043	0.043478260869565216	0.043478260869565216	0.0	0.043478260869565216	0.043478260869565216	0.043478260869565216	0.043478260869565216	0.17391304347826086	0.0	0.043478260869565216	0.0	0.6494845360824743	0.15979381443298968	0.18556701030927836	0.005154639175257732	0.0	0.0	0.0	8.871101960377741	17.820005951938946	25.236999999999995	24.638	20.646	6.19571439298559	4.888039770696837	4.051745346397646	0.0	0.09090909090909091	0.15810276679841898	0.11857707509881422	0.15810276679841898	0.32806324110671936	0.11067193675889328	0.03557312252964427	0.0	0.2490118577075099	5.478260869565218	1.9971624483227568	0.5217391304347826	0.13043478260869565	0.13043478260869565	0.17391304347826086	0.21739130434782608	0.08695652173913043	0.0	0.08695652173913043	0.08695652173913043	0.043478260869565216	0.0	0.0	0.0	0.0	0.0	0.782608695652174	0.43478260869565216	0.08695652173913043	0.08695652173913043	0.08695652173913043	0.21739130434782608	0.08695652173913043	0.0	0.13043478260869565	0.0	0.0	0.043478260869565216	0.08695652173913043	0.0	0.0	0.0	6.233469368	8.03788336	11.70233927	14.64508301	16.932449364	0.09090909090909091	2.0	1.4142135623730951	5.0	0.2490118577075099	5.478260869565218	1.9971624483227568	10.0	0.3675889328063241	8.08695652173913	3.005980176946714	15.0	0.525691699604743	11.565217391304348	3.241391099063618	19.0	0.40658511460799235	0.17302387714615372	0.4203910082458539	0.579608991754146	1895.5686079368832	0.012133562406392115	0.043478260869565216	0.5217391304347826	97.00739130434783	1.8055210434069324	90.38	95.514
G3S-0d6ea790d633fb5e	S1	7Q6Q	11c660899712701a12dc8359e1fd047736be0ef2c2bf5c9e1a2da3e52a78249e	1	A	19;20;49;50;51;66;68;73;100;101;148;169;194;195;211;216;241;242;258;263;288;289;290	333;334;363;364;365;380;382;387;414;415;462;483;508;509;525;530;555;556;572;577;602;603;604	19;20;49;50;51;66;68;73;100;101;148;169;194;195;211;216;241;242;258;263;288;289;290		False	False	23.0	177.0	1.0	0.0	0.043478260869565216	0.0	0.0	0.0	0.043478260869565216	0.21739130434782608	0.0	0.0	0.0	0.043478260869565216	0.0	0.13043478260869565	0.0	0.043478260869565216	0.13043478260869565	0.17391304347826086	0.0	0.043478260869565216	0.0	0.13043478260869565	0.0	0.6045197740112994	0.2033898305084746	0.192090395480226	0.0	0.0	0.0	0.0	9.11752707018272	16.15211252717697	25.186	24.308	19.687	6.630423947399258	4.931361687855802	3.853368663496539	0.023715415019762844	0.13043478260869565	0.09881422924901186	0.15019762845849802	0.1541501976284585	0.2766798418972332	0.14624505928853754	0.019762845849802372	0.0	0.25296442687747034	5.565217391304348	2.183457309476473	0.30434782608695654	0.17391304347826086	0.13043478260869565	0.0	0.4782608695652174	0.43478260869565216	0.21739130434782608	0.08695652173913043	0.043478260869565216	0.0	0.0	0.0	0.0	0.08695652173913043	0.043478260869565216	0.5652173913043478	0.17391304347826086	0.08695652173913043	0.043478260869565216	0.0	0.2608695652173913	0.30434782608695654	0.17391304347826086	0.34782608695652173	0.08695652173913043	0.08695652173913043	0.08695652173913043	0.0	0.21739130434782608	0.043478260869565216	0.0	5.395334556	7.96988722	11.30471908	14.73460106	17.661351572	0.1541501976284585	3.391304347826087	1.342908279259174	7.0	0.25296442687747034	5.565217391304348	2.183457309476473	11.0	0.4031620553359684	8.869565217391305	2.982621371503043	16.0	0.5573122529644269	12.26086956521739	3.403545354918422	18.0	0.4852884947073983	0.19389007070242786	0.3208214345901738	0.6791785654098261	1602.4397205671175	0.014353114007845547	0.08695652173913043	0.7391304347826086	57.926956521739115	8.571658778527116	45.62	49.286
G3S-0d6ea790d633fb5e	S2	AF-Q14145-F1	58abc29b5d9d8d6553a5df25ad40512bead265f22e24c6f5858b8bcd69c28738	1	A	333;334;363;364;365;380;382;387;414;415;462;483;508;509;525;530;555;556;572;577;602;603;604	333;334;363;364;365;380;382;387;414;415;462;483;508;509;525;530;555;556;572;577;602;603;604	333;334;363;364;365;380;382;387;414;415;462;483;508;509;525;530;555;556;572;577;602;603;604	97.80434782608695	False	False	23.0	177.0	1.0	0.0	0.043478260869565216	0.0	0.0	0.0	0.043478260869565216	0.21739130434782608	0.0	0.0	0.0	0.043478260869565216	0.0	0.13043478260869565	0.0	0.043478260869565216	0.13043478260869565	0.17391304347826086	0.0	0.043478260869565216	0.0	0.13043478260869565	0.0	0.6045197740112994	0.2033898305084746	0.192090395480226	0.0	0.0	0.0	0.0	9.139248711739603	16.461297906441857	25.418	21.404999999999998	19.042	6.7396391471513555	4.872415310676992	3.7898153281524625	0.023715415019762844	0.13043478260869565	0.11462450592885376	0.14624505928853754	0.1541501976284585	0.25691699604743085	0.14624505928853754	0.02766798418972332	0.0	0.26877470355731226	5.913043478260869	2.4121620011617733	0.30434782608695654	0.17391304347826086	0.13043478260869565	0.0	0.4782608695652174	0.43478260869565216	0.21739130434782608	0.13043478260869565	0.043478260869565216	0.0	0.043478260869565216	0.0	0.0	0.08695652173913043	0.043478260869565216	0.43478260869565216	0.08695652173913043	0.043478260869565216	0.0	0.0	0.21739130434782608	0.30434782608695654	0.17391304347826086	0.43478260869565216	0.17391304347826086	0.13043478260869565	0.08695652173913043	0.0	0.2608695652173913	0.043478260869565216	0.0	5.479952366	7.55436182	11.25281678	14.7013088	17.656255570000003	0.1541501976284585	3.391304347826087	1.4667067646463479	7.0	0.26877470355731226	5.913043478260869	2.4121620011617733	11.0	0.4150197628458498	9.130434782608695	3.1110510991301425	15.0	0.5691699604743083	12.521739130434783	3.4874877617661704	18.0	0.5200169377523789	0.1720583332530025	0.30792472899461865	0.6920752710053814	1632.1481488633156	0.01409185803140358	0.08695652173913043	0.5652173913043478	97.80434782608695	0.958657694210601	94.06	97.476
G3S-1d6a948c781cf9b6	S1	3LE8	9b44904ffa01efce4607ee168dd886f45ee0d617f5ae1cca8a450376324839ef	1	A	38;39;40;41;42;43;44;45;46;47;49;50;65;67;72;82;139;142;143;146;157;158;159;160;161;164;168;184;185;186;187;194;195;196;197;198	38;39;40;41;42;43;44;45;46;47;49;50;65;67;72;82;139;142;143;146;157;158;159;160;161;164;168;184;185;186;187;194;195;196;197;198	38;39;40;41;42;43;44;45;46;47;49;50;65;67;72;82;139;142;143;146;157;158;159;160;161;164;168;184;185;186;187;194;195;196;197;198		False	False	36.0	274.0	1.0	0.0	0.08333333333333333	0.0	0.027777777777777776	0.05555555555555555	0.05555555555555555	0.08333333333333333	0.05555555555555555	0.027777777777777776	0.027777777777777776	0.08333333333333333	0.05555555555555555	0.0	0.05555555555555555	0.05555555555555555	0.027777777777777776	0.08333333333333333	0.05555555555555555	0.1388888888888889	0.0	0.027777777777777776	0.0	0.6423357664233577	0.1678832116788321	0.18248175182481752	0.0072992700729927005	0.0	0.0	0.0	9.928414827233597	15.228668373763877	25.817999999999998	22.006	20.973	6.9675174217820395	5.504040797199481	4.442145524581494	0.007936507936507936	0.07301587301587302	0.09206349206349207	0.10317460317460317	0.173015873015873	0.2761904761904762	0.20476190476190476	0.06984126984126984	0.0	0.173015873015873	6.055555555555555	2.0130745479992713	0.4722222222222222	0.1388888888888889	0.1111111111111111	0.08333333333333333	0.2222222222222222	0.3055555555555556	0.1388888888888889	0.0	0.0	0.0	0.0	0.0	0.0	0.0	0.0	0.4444444444444444	0.1111111111111111	0.08333333333333333	0.08333333333333333	0.027777777777777776	0.1111111111111111	0.16666666666666666	0.1111111111111111	0.5555555555555556	0.3611111111111111	0.05555555555555555	0.027777777777777776	0.05555555555555555	0.1111111111111111	0.1388888888888889	0.027777777777777776	6.5878027690000005	9.463029555	13.01550616	16.42867296	19.297528339000003	0.08095238095238096	2.8333333333333335	1.2583057392117918	6.0	0.173015873015873	6.055555555555555	2.0130745479992713	10.0	0.2761904761904762	9.666666666666666	3.1797973380564852	17.0	0.4492063492063492	15.722222222222221	4.018091801887441	24.0	0.420693197443101	0.20384770378099162	0.37545909877590733	0.6245409012240927	3145.642512197647	0.011444402808140217	0.027777777777777776	0.5555555555555556	18.613888888888887	3.164343250956909	13.46	15.115
G3S-1d6a948c781cf9b6	S2	AF-P9WIL5-F1	bd9b4841aebf74ebfef267d53b7097feaaf38a630a5b236b0ec5265779bace8f	1	A	38;39;40;41;42;43;44;45;46;47;49;50;65;67;72;82;139;142;143;146;157;158;159;160;161;164;168;184;185;186;187;194;195;196;197;198	38;39;40;41;42;43;44;45;46;47;49;50;65;67;72;82;139;142;143;146;157;158;159;160;161;164;168;184;185;186;187;194;195;196;197;198	38;39;40;41;42;43;44;45;46;47;49;50;65;67;72;82;139;142;143;146;157;158;159;160;161;164;168;184;185;186;187;194;195;196;197;198	96.78222222222222	False	False	36.0	274.0	1.0	0.0	0.08333333333333333	0.0	0.027777777777777776	0.05555555555555555	0.05555555555555555	0.08333333333333333	0.05555555555555555	0.027777777777777776	0.027777777777777776	0.08333333333333333	0.05555555555555555	0.0	0.05555555555555555	0.05555555555555555	0.027777777777777776	0.08333333333333333	0.05555555555555555	0.1388888888888889	0.0	0.027777777777777776	0.0	0.6423357664233577	0.1678832116788321	0.18248175182481752	0.0072992700729927005	0.0	0.0	0.0	9.927873280895565	15.34027014977621	27.186	25.496000000000002	20.217	6.978121206703715	5.580690237258398	4.327168679614969	0.009523809523809525	0.07301587301587302	0.08888888888888889	0.10634920634920635	0.17142857142857143	0.2746031746031746	0.19682539682539682	0.07936507936507936	0.0	0.17142857142857143	6.0	1.9436506316151	0.4722222222222222	0.1388888888888889	0.1111111111111111	0.08333333333333333	0.2222222222222222	0.3055555555555556	0.1388888888888889	0.0	0.0	0.0	0.0	0.0	0.0	0.0	0.0	0.4166666666666667	0.1111111111111111	0.08333333333333333	0.08333333333333333	0.027777777777777776	0.08333333333333333	0.1388888888888889	0.1111111111111111	0.5833333333333334	0.3611111111111111	0.05555555555555555	0.027777777777777776	0.05555555555555555	0.1388888888888889	0.16666666666666666	0.027777777777777776	6.596974912	9.4072063	13.013924745	16.4813959375	19.397579549000003	0.08253968253968254	2.888888888888889	1.3899995559107559	7.0	0.17142857142857143	6.0	1.9436506316151	10.0	0.2777777777777778	9.722222222222221	3.141223320717151	17.0	0.4492063492063492	15.722222222222221	4.004241578287198	24.0	0.40496151542265546	0.23914970915771322	0.3558887754196313	0.6441112245803686	3126.4434836448295	0.01151468119872455	0.027777777777777776	0.5833333333333334	96.78222222222222	3.2990201500774874	85.25	92.25
G3S-1f6e9ae98fcbd583	S1	4NBL	2d2a1823509facac86b3c10eb7ced1e90450b0ee09367986de1f361c00e946c2	1	B	105;174;175;176;177;178;179;180;181;192;193;194;195	125;194;195;196;197;198;199;200;201;212;213;214;215	105;174;175;176;177;178;179;180;181;192;193;194;195		False	False	13.0	90.0	1.0	0.0	0.23076923076923078	0.0	0.0	0.07692307692307693	0.0	0.07692307692307693	0.0	0.0	0.0	0.07692307692307693	0.0	0.07692307692307693	0.07692307692307693	0.0	0.0	0.07692307692307693	0.07692307692307693	0.15384615384615385	0.0	0.07692307692307693	0.0	0.6333333333333333	0.15555555555555556	0.2111111111111111	0.0	0.0	0.0	0.0	7.07310736155084	11.414971965545842	20.46	13.052999999999999	12.122	5.654985379136267	3.4295304968326312	2.5076500316181796	0.038461538461538464	0.1282051282051282	0.23076923076923078	0.23076923076923078	0.1282051282051282	0.1794871794871795	0.05128205128205128	0.01282051282051282	0.0	0.3974358974358974	4.769230769230769	1.4225570776082253	0.5384615384615384	0.07692307692307693	0.0	0.07692307692307693	0.3076923076923077	0.46153846153846156	0.15384615384615385	0.07692307692307693	0.07692307692307693	0.0	0.0	0.0	0.0	0.0	0.0	0.5384615384615384	0.3076923076923077	0.07692307692307693	0.0	0.07692307692307693	0.23076923076923078	0.3076923076923077	0.0	0.38461538461538464	0.15384615384615385	0.0	0.0	0.0	0.07692307692307693	0.15384615384615385	0.15384615384615385	5.039579665	6.6707444775	8.950787475	11.981803355	14.932182753	0.16666666666666666	2.0	0.8770580193070292	4.0	0.3974358974358974	4.769230769230769	1.4225570776082253	7.0	0.6282051282051282	7.538461538461538	2.0981817995362855	10.0	0.7564102564102564	9.076923076923077	2.0925339244208376	12.0	0.680296662962576	0.19439051980360775	0.12531281723381632	0.8746871827661837	423.4358021495118	0.030701230113295435	0.07692307692307693	0.6923076923076923	14.114615384615385	2.2575603421004837	10.79	11.418000000000001
G3S-237de531113c65a9	S1	3B9M	041818ff7f1a05d4c4c443998615f3f40caa9c673d1107a81b024b09d5a2f73c	1	A	342;343;344;345;348;380;383;384;387;388;391;392;395;403;407;410;430;431;432;433;434;435;438;446;449;450;453;481;482;485;486;489	366;367;368;369;372;404;407;408;411;412;415;416;419;427;431;434;454;455;456;457;458;459;462;470;473;474;477;505;506;509;510;513	342;343;344;345;348;380;383;384;387;388;391;392;395;403;407;410;430;431;432;433;434;435;438;446;449;450;453;481;482;485;486;489		False	False	32.0	247.0	1.0	0.0	0.03125	0.0625	0.0	0.0625	0.0625	0.0625	0.0	0.03125	0.03125	0.21875	0.03125	0.03125	0.0625	0.0	0.09375	0.09375	0.0	0.125	0.0	0.0	0.0	0.6518218623481782	0.17408906882591094	0.16194331983805668	0.012145748987854251	0.0	0.0	0.0	10.584117400469099	17.1801885196201	31.18	22.834000000000003	19.892	8.592819786966617	4.547037117180785	4.184667574683564	0.008064516129032258	0.08266129032258064	0.07258064516129033	0.125	0.14717741935483872	0.24596774193548387	0.16129032258064516	0.15725806451612903	0.0	0.16330645161290322	5.0625	1.5599979967935855	0.5	0.0625	0.125	0.0625	0.1875	0.25	0.125	0.03125	0.03125	0.0	0.0	0.0	0.0	0.03125	0.0	0.46875	0.1875	0.0	0.03125	0.0625	0.09375	0.09375	0.09375	0.5	0.28125	0.0625	0.09375	0.0	0.09375	0.125	0.03125	6.40141667	9.50424516	12.932447885	17.6875189725	21.775500015	0.0907258064516129	2.8125	1.2854352375751958	5.0	0.16330645161290322	5.0625	1.5599979967935855	8.0	0.28830645161290325	8.9375	2.276750700010873	14.0	0.43548387096774194	13.5	2.9895651857753496	20.0	0.723519553276733	0.0473858120888314	0.22909463463443563	0.7709053653655644	2783.6393515159352	0.011495742069666172	0.0625	0.625	56.78031250000001	15.503691593531642	28.71	42.782000000000004
G3S-237de531113c65a9	S2	AF-P02768-F1	8ac73784130a34b8c1464aedff4cc559b137283a7c4cd415d6835a3201f7df9f	1	A	366;367;368;369;372;404;407;408;411;412;415;416;419;427;431;434;454;455;456;457;458;459;462;470;473;474;477;505;506;509;510;513	366;367;368;369;372;404;407;408;411;412;415;416;419;427;431;434;454;455;456;457;458;459;462;470;473;474;477;505;506;509;510;513	366;367;368;369;372;404;407;408;411;412;415;416;419;427;431;434;454;455;456;457;458;459;462;470;473;474;477;505;506;509;510;513	96.46187499999999	False	False	32.0	247.0	1.0	0.0	0.03125	0.0625	0.0	0.0625	0.0625	0.0625	0.0	0.03125	0.03125	0.21875	0.03125	0.03125	0.0625	0.0	0.09375	0.09375	0.0	0.125	0.0	0.0	0.0	0.6518218623481782	0.17408906882591094	0.16194331983805668	0.012145748987854251	0.0	0.0	0.0	10.23186185723215	16.521342639833396	27.165	26.334	17.872	8.166454883616947	4.478105945862416	4.2363402645399875	0.008064516129032258	0.08266129032258064	0.0846774193548387	0.13709677419354838	0.13709677419354838	0.24596774193548387	0.16330645161290322	0.14112903225806453	0.0	0.17540322580645162	5.4375	1.8529958850466992	0.5	0.0625	0.125	0.0625	0.1875	0.25	0.125	0.09375	0.0625	0.0	0.0	0.03125	0.0	0.03125	0.0	0.3125	0.15625	0.0	0.03125	0.03125	0.0625	0.03125	0.03125	0.59375	0.28125	0.0625	0.09375	0.0	0.125	0.1875	0.09375	6.123683185	9.265270665	12.588227945	17.117717825	21.07217013	0.0907258064516129	2.8125	1.3095204274848102	6.0	0.17540322580645162	5.4375	1.8529958850466992	8.0	0.3125	9.6875	3.0149367737980843	16.0	0.4495967741935484	13.9375	3.543810625583709	21.0	0.7044321990365278	0.04012631817254315	0.2554414827909291	0.744558517209071	2847.9325498203557	0.011236221167533804	0.0625	0.75	96.46187499999999	1.038389490689788	93.06	94.942
G3S-2a143dedddd90694	S1	4M5I	b5195c8ecf90ea20872435e1e91f5bb4e4f58603484e85fa27c2fbcfa9abc190	1	A	11;12;13;46;47;48;49;50;51;54;57;58;59;93;94;96;99;120;121;124;125;127	8;9;10;43;44;45;46;47;48;51;54;55;56;90;91;93;96;117;118;121;122;124	11;12;13;46;47;48;49;50;51;54;57;58;59;93;94;96;99;120;121;124;125;127		False	False	22.0	182.0	1.0	0.0	0.0	0.0	0.09090909090909091	0.0	0.045454545454545456	0.13636363636363635	0.0	0.045454545454545456	0.0	0.09090909090909091	0.0	0.09090909090909091	0.13636363636363635	0.045454545454545456	0.09090909090909091	0.045454545454545456	0.045454545454545456	0.0	0.045454545454545456	0.09090909090909091	0.0	0.6428571428571429	0.17582417582417584	0.1813186813186813	0.0	0.0	0.0	0.0	8.569887820936419	13.882570783566731	22.318	21.424999999999997	18.171	5.928886608926722	4.694752683176598	4.031200576221666	0.012987012987012988	0.09956709956709957	0.1341991341991342	0.11255411255411256	0.18614718614718614	0.33766233766233766	0.11255411255411256	0.004329004329004329	0.0	0.24675324675324675	5.181818181818182	1.824987263625885	0.3181818181818182	0.18181818181818182	0.09090909090909091	0.09090909090909091	0.3181818181818182	0.22727272727272727	0.2727272727272727	0.0	0.0	0.0	0.0	0.0	0.0	0.0	0.0	0.5	0.13636363636363635	0.09090909090909091	0.09090909090909091	0.045454545454545456	0.13636363636363635	0.09090909090909091	0.13636363636363635	0.5	0.18181818181818182	0.09090909090909091	0.0	0.045454545454545456	0.18181818181818182	0.13636363636363635	0.13636363636363635	5.79872122	8.13797167	11.31533988	14.55531718	16.30621628	0.11255411255411256	2.3636363636363638	1.1096868741576094	5.0	0.24675324675324675	5.181818181818182	1.824987263625885	10.0	0.3593073593073593	7.545454545454546	2.517705895295678	14.0	0.5454545454545454	11.454545454545455	3.2575405213034396	18.0	0.2963496138051974	0.22915722772258693	0.4744931584722156	0.5255068415277844	1592.2598731264454	0.01381684005940714	0.09090909090909091	0.6818181818181818	8.45590909090909	1.9473540535602034	6.2	6.424
G3S-2a143dedddd90694	S2	AF-P26281-F1	11d7b693271f7dc625673d2440854912142ddeb885f31041a4cecbec8fa93e6e	1	A	8;9;10;43;44;45;46;47;48;51;54;55;56;90;91;93;96;117;118;121;122;124	8;9;10;43;44;45;46;47;48;51;54;55;56;90;91;93;96;117;118;121;122;124	8;9;10;43;44;45;46;47;48;51;54;55;56;90;91;93;96;117;118;121;122;124	92.30636363636364	False	False	22.0	182.0	1.0	0.0	0.0	0.0	0.09090909090909091	0.0	0.045454545454545456	0.13636363636363635	0.0	0.045454545454545456	0.0	0.09090909090909091	0.0	0.09090909090909091	0.13636363636363635	0.045454545454545456	0.09090909090909091	0.045454545454545456	0.045454545454545456	0.0	0.045454545454545456	0.09090909090909091	0.0	0.6428571428571429	0.17582417582417584	0.1813186813186813	0.0	0.0	0.0	0.0	8.593940725555452	13.88453186075975	23.419	19.871000000000002	17.070999999999998	5.934332609077709	4.943143040785441	3.7689322834898453	0.012987012987012988	0.11255411255411256	0.12554112554112554	0.12121212121212122	0.19047619047619047	0.2987012987012987	0.12987012987012986	0.008658008658008658	0.0	0.2510822510822511	5.2727272727272725	1.8873217720024267	0.3181818181818182	0.18181818181818182	0.09090909090909091	0.09090909090909091	0.3181818181818182	0.22727272727272727	0.2727272727272727	0.045454545454545456	0.045454545454545456	0.045454545454545456	0.0	0.0	0.045454545454545456	0.0	0.0	0.5454545454545454	0.13636363636363635	0.09090909090909091	0.09090909090909091	0.045454545454545456	0.09090909090909091	0.13636363636363635	0.18181818181818182	0.4090909090909091	0.13636363636363635	0.045454545454545456	0.0	0.045454545454545456	0.18181818181818182	0.09090909090909091	0.09090909090909091	5.6407828	7.955403305000001	11.40779519	14.73273892	16.68385139	0.12554112554112554	2.6363636363636362	1.1096868741576094	5.0	0.2510822510822511	5.2727272727272725	1.8873217720024267	10.0	0.3722943722943723	7.818181818181818	2.516064091472372	14.0	0.5627705627705628	11.818181818181818	3.5883189738164636	18.0	0.15823889870162453	0.4249318614659641	0.4168292398324114	0.5831707601675886	1590.1819761394104	0.013834894578173279	0.09090909090909091	0.6363636363636364	92.30636363636364	6.405999705854267	77.94	82.081
G3S-3021d6a688e870ed	S1	1HVI	84fcdf10828e45920e512970028a8e643af56f98cf563a4c35deef9dab1f38ab	1	A	8;10;23;25;26;27;28;29;30;31;32;47;48;49;50;76;80;81;82;84	8;10;23;25;26;27;28;29;30;31;32;47;48;49;50;76;80;81;82;84	8;10;23;25;26;27;28;29;30;31;32;47;48;49;50;76;80;81;82;84		False	False	20.0	142.0	1.0	0.0	0.05	0.0	0.15	0.0	0.0	0.15	0.0	0.15	0.0	0.15	0.0	0.0	0.05	0.0	0.05	0.0	0.15	0.1	0.0	0.0	0.0	0.6338028169014085	0.1619718309859155	0.20422535211267606	0.0	0.0	0.0	0.0	8.611771316647124	13.77405214170651	24.282000000000004	19.311999999999998	18.451	6.119961307100694	4.503740687256769	4.05277665702965	0.021052631578947368	0.12105263157894737	0.07894736842105263	0.14736842105263157	0.2	0.3157894736842105	0.08947368421052632	0.02631578947368421	0.0	0.22105263157894736	4.2	1.661324772583615	0.45	0.0	0.05	0.15	0.15	0.35	0.2	0.05	0.05	0.0	0.0	0.0	0.0	0.0	0.0	0.45	0.2	0.0	0.0	0.1	0.1	0.2	0.05	0.5	0.2	0.0	0.05	0.05	0.05	0.15	0.15	5.413713768	8.745629427499999	11.255788975	13.8881877625	16.285894132	0.14210526315789473	2.7	1.3820274961085255	5.0	0.22105263157894736	4.2	1.661324772583615	7.0	0.3684210526315789	7.0	2.8635642126552705	12.0	0.5684210526315789	10.8	3.1080540535840107	17.0	0.3939309583891265	0.12569262609764772	0.4803764155132258	0.5196235844867743	1566.8271923623195	0.012764649539842247	0.2	0.6	17.612999999999996	3.4453709524520004	12.62	13.66
G3S-3a4ac119455247b0	S1	5T9Z	f533d475d13b3c5561d26626e04ea5c8cfef2f3eccea1a64eb823cd0f40b066a	1	A	53;54;56;59;60;62;70;71;72;73;81;99;100;101;102;103;110;111;112;121;125;147;148;149	54;55;57;60;61;63;71;72;73;74;82;100;101;102;103;104;111;112;113;122;126;148;149;150	53;54;56;59;60;62;70;71;72;73;81;99;100;101;102;103;110;111;112;121;125;147;148;149		False	False	24.0	191.0	1.0	0.0	0.08333333333333333	0.0	0.0	0.0	0.125	0.16666666666666666	0.08333333333333333	0.041666666666666664	0.041666666666666664	0.041666666666666664	0.08333333333333333	0.125	0.0	0.08333333333333333	0.08333333333333333	0.0	0.041666666666666664	0.0	0.0	0.0	0.0	0.6230366492146597	0.2094240837696335	0.15706806282722513	0.010471204188481676	0.0	0.0	0.0	9.607097979332575	19.511361687148028	28.245	24.927	18.110999999999997	7.2104120734322	5.332838400179129	3.4448692157140157	0.018115942028985508	0.09057971014492754	0.09420289855072464	0.11594202898550725	0.17028985507246377	0.2572463768115942	0.17753623188405798	0.07608695652173914	0.0	0.2028985507246377	4.666666666666667	2.034425935955617	0.375	0.20833333333333334	0.20833333333333334	0.0	0.25	0.2916666666666667	0.16666666666666666	0.16666666666666666	0.041666666666666664	0.0	0.041666666666666664	0.0	0.08333333333333333	0.041666666666666664	0.0	0.5833333333333334	0.2916666666666667	0.20833333333333334	0.08333333333333333	0.0	0.08333333333333333	0.20833333333333334	0.125	0.25	0.041666666666666664	0.0	0.08333333333333333	0.0	0.08333333333333333	0.041666666666666664	0.041666666666666664	5.87627624	9.194451035	12.194776575	16.109437659999998	19.104941065	0.10869565217391304	2.5	1.0	4.0	0.2028985507246377	4.666666666666667	2.034425935955617	8.0	0.3188405797101449	7.333333333333333	2.560381915956203	13.0	0.4891304347826087	11.25	3.418698582794336	17.0	0.42531692012788497	0.3659664295257996	0.2087166503463154	0.7912833496536846	2088.8410717216725	0.011489624713391253	0.125	0.5833333333333334	11.015416666666667	4.350702988375046	5.01	6.851999999999999
G3S-3a4ac119455247b0	S2	AF-V9HWF5-F1	2fba26291faeca27f92a37f368da28afc6b419ff535e957bda01e543e824130a	1	A	54;55;57;60;61;63;71;72;73;74;82;100;101;102;103;104;111;112;113;122;126;148;149;150	54;55;57;60;61;63;71;72;73;74;82;100;101;102;103;104;111;112;113;122;126;148;149;150	54;55;57;60;61;63;71;72;73;74;82;100;101;102;103;104;111;112;113;122;126;148;149;150	97.99833333333333	False	False	24.0	191.0	1.0	0.0	0.08333333333333333	0.0	0.0	0.0	0.125	0.16666666666666666	0.08333333333333333	0.041666666666666664	0.041666666666666664	0.041666666666666664	0.08333333333333333	0.125	0.0	0.08333333333333333	0.08333333333333333	0.0	0.041666666666666664	0.0	0.0	0.0	0.0	0.6230366492146597	0.2094240837696335	0.15706806282722513	0.010471204188481676	0.0	0.0	0.0	9.480475065499538	18.590790107480633	34.518	20.374000000000002	17.321	7.050301339026715	5.212538393252687	3.605842757989213	0.018115942028985508	0.08333333333333333	0.10507246376811594	0.12681159420289856	0.16304347826086957	0.2608695652173913	0.17391304347826086	0.06884057971014493	0.0	0.20652173913043478	4.75	2.1065374432940898	0.375	0.20833333333333334	0.20833333333333334	0.0	0.25	0.2916666666666667	0.16666666666666666	0.125	0.041666666666666664	0.0	0.041666666666666664	0.0	0.041666666666666664	0.041666666666666664	0.0	0.6666666666666666	0.2916666666666667	0.20833333333333334	0.08333333333333333	0.0	0.16666666666666666	0.20833333333333334	0.125	0.20833333333333334	0.041666666666666664	0.0	0.08333333333333333	0.0	0.041666666666666664	0.041666666666666664	0.041666666666666664	5.999431015	8.96512753	12.140074845000001	15.9266368225	18.7879646	0.10144927536231885	2.3333333333333335	1.2801909579781015	5.0	0.20652173913043478	4.75	2.1065374432940898	8.0	0.3333333333333333	7.666666666666667	2.733536577809454	13.0	0.4963768115942029	11.416666666666666	3.226410113767656	18.0	0.4392981447032584	0.3349072996572487	0.22579455563949297	0.7742054443605071	2089.2467073842413	0.011487393956479295	0.125	0.5416666666666666	97.99833333333333	0.8250336693466249	96.44	96.898
G3S-3bfb2092ea669ef8	S1	6UE6	b8850b511ed8aed7e6234d0ae5c5baf1f7509d5af7f10fb8fd911eb6e689d205	1	G	19;21;24;25;27;57;58;59;60;61;62;63;64;65;67;109;112;113;115;116	228;230;233;234;236;266;267;268;269;270;271;272;273;274;276;318;321;322;324;325	19;21;24;25;27;57;58;59;60;61;62;63;64;65;67;109;112;113;115;116		False	False	20.0	168.0	1.0	0.0	0.1	0.0	0.05	0.05	0.1	0.1	0.0	0.05	0.0	0.05	0.05	0.0	0.1	0.05	0.05	0.05	0.0	0.05	0.1	0.05	0.0	0.6785714285714286	0.15476190476190477	0.16071428571428573	0.005952380952380952	0.0	0.0	0.0	8.173265595889848	14.721987750923079	22.692	18.177	14.918000000000006	5.661181078819656	4.839665430019833	3.3661458404593634	0.010526315789473684	0.11052631578947368	0.14736842105263157	0.16842105263157894	0.1631578947368421	0.29473684210526313	0.09473684210526316	0.010526315789473684	0.0	0.26842105263157895	5.1	1.6703293088490065	0.55	0.25	0.05	0.1	0.15	0.25	0.2	0.1	0.1	0.1	0.0	0.0	0.0	0.0	0.0	0.35	0.1	0.05	0.0	0.05	0.05	0.15	0.15	0.55	0.35	0.1	0.05	0.05	0.1	0.1	0.05	5.61541579	7.81226032	10.621626915	13.718107245	16.419270098	0.12105263157894737	2.3	1.3453624047073711	6.0	0.26842105263157895	5.1	1.6703293088490065	9.0	0.4368421052631579	8.3	2.628687885618983	14.0	0.6	11.4	3.1368774282716245	18.0	0.3729391585640428	0.35278721009809527	0.2742736313378619	0.725726368662138	1248.636530524963	0.01601747146672973	0.05	0.65	40.6725	3.683693628683037	35.12	35.83
G3S-3bfb2092ea669ef8	S2	AF-O96028-F1	29722f6ab20708de7b6aab4f5ad7d7db15c09716d1c03e8c2c317723c7d8515b	1	A	228;230;233;234;236;266;267;268;269;270;271;272;273;274;276;318;321;322;324;325	228;230;233;234;236;266;267;268;269;270;271;272;273;274;276;318;321;322;324;325	228;230;233;234;236;266;267;268;269;270;271;272;273;274;276;318;321;322;324;325	87.92750000000001	False	False	20.0	168.0	1.0	0.0	0.1	0.0	0.05	0.05	0.1	0.1	0.0	0.05	0.0	0.05	0.05	0.0	0.1	0.05	0.05	0.05	0.0	0.05	0.1	0.05	0.0	0.6785714285714286	0.15476190476190477	0.16071428571428573	0.005952380952380952	0.0	0.0	0.0	8.163706601352493	14.380500946126917	23.345	18.793	17.644	5.408733180529602	5.089596462931855	3.3893537288568707	0.010526315789473684	0.1	0.17894736842105263	0.12631578947368421	0.17894736842105263	0.2894736842105263	0.11052631578947368	0.005263157894736842	0.0	0.2894736842105263	5.5	1.5968719422671311	0.55	0.25	0.05	0.1	0.15	0.25	0.2	0.1	0.1	0.1	0.0	0.0	0.0	0.0	0.0	0.3	0.1	0.05	0.0	0.05	0.05	0.15	0.1	0.6	0.35	0.1	0.05	0.05	0.1	0.1	0.1	5.836462769000001	7.7881279175	10.82311884	13.74158157	16.226765775	0.11052631578947368	2.1	1.1357816691600549	5.0	0.2894736842105263	5.5	1.5968719422671311	9.0	0.41578947368421054	7.9	2.4269322199023193	13.0	0.5947368421052631	11.3	2.9681644159311658	18.0	0.21342916366796844	0.4847780919412252	0.3017927443908064	0.6982072556091936	1273.1074571672575	0.015709593002071663	0.0	0.7	87.92750000000001	5.582452753942482	75.81	78.402
G3S-3c840aaf07c196c4	S1	1RML	73a064df1a66ff38502546b9e99658d157c7d888e9c15735679322a8a0d9cb2f	1	A	33;123;124;125;126;127;128;129;133;137;138;139;140;141;142;143;144;145;146	33;123;124;125;126;127;128;129;133;137;138;139;140;141;142;143;144;145;146	33;123;124;125;126;127;128;129;133;137;138;139;140;141;142;143;144;145;146		False	False	19.0	156.0	1.0	0.0	0.05263157894736842	0.0	0.0	0.0	0.05263157894736842	0.10526315789473684	0.05263157894736842	0.05263157894736842	0.21052631578947367	0.10526315789473684	0.0	0.10526315789473684	0.0	0.05263157894736842	0.05263157894736842	0.0	0.05263157894736842	0.05263157894736842	0.0	0.05263157894736842	0.0	0.6474358974358975	0.1987179487179487	0.15384615384615385	0.0	0.0	0.0	0.0	7.962559482594011	12.287262854961696	23.099	20.693	17.237000000000002	5.183746893193042	4.866732750103008	3.5841364371678246	0.023391812865497075	0.08771929824561403	0.15789473684210525	0.18128654970760233	0.21052631578947367	0.2982456140350877	0.04093567251461988	0.0	0.0	0.26900584795321636	4.842105263157895	1.6626914735717173	0.3684210526315789	0.15789473684210525	0.3157894736842105	0.0	0.2631578947368421	0.21052631578947367	0.10526315789473684	0.05263157894736842	0.05263157894736842	0.0	0.0	0.0	0.0	0.05263157894736842	0.0	0.21052631578947367	0.10526315789473684	0.0	0.0	0.0	0.05263157894736842	0.10526315789473684	0.05263157894736842	0.7368421052631579	0.21052631578947367	0.15789473684210525	0.3157894736842105	0.0	0.21052631578947367	0.05263157894736842	0.05263157894736842	5.86537185	7.546358165	10.3418061	12.995613485	14.68220613	0.1111111111111111	2.0	1.0760551736979407	4.0	0.26900584795321636	4.842105263157895	1.6626914735717173	9.0	0.4502923976608187	8.105263157894736	2.593407367316825	14.0	0.6608187134502924	11.894736842105264	2.4038288940356285	17.0	0.09455070161976777	0.4255370296852575	0.4799122686949748	0.5200877313050252	1135.1582124378788	0.016737754959456605	0.05263157894736842	0.5263157894736842	0.0	0.0	0.0	0.0
G3S-3c840aaf07c196c4	S2	AF-P05230-F1	d076e446185c9bd0e8a2aeaf1cc13fef3d39e6ff0c63c1da54ea5b665151a31e	1	A	33;123;124;125;126;127;128;129;133;137;138;139;140;141;142;143;144;145;146	33;123;124;125;126;127;128;129;133;137;138;139;140;141;142;143;144;145;146	33;123;124;125;126;127;128;129;133;137;138;139;140;141;142;143;144;145;146	97.44421052631579	False	False	19.0	156.0	1.0	0.0	0.05263157894736842	0.0	0.0	0.0	0.05263157894736842	0.10526315789473684	0.05263157894736842	0.05263157894736842	0.21052631578947367	0.10526315789473684	0.0	0.10526315789473684	0.0	0.05263157894736842	0.05263157894736842	0.0	0.05263157894736842	0.05263157894736842	0.0	0.05263157894736842	0.0	0.6474358974358975	0.1987179487179487	0.15384615384615385	0.0	0.0	0.0	0.0	7.744097355374824	13.195741111092984	21.192	17.271	15.576	5.628788566566129	4.193369191461602	3.2716109100133544	0.005847953216374269	0.15204678362573099	0.21052631578947367	0.15789473684210525	0.19298245614035087	0.23391812865497075	0.04093567251461988	0.005847953216374269	0.0	0.3684210526315789	6.631578947368421	2.388801203770572	0.3684210526315789	0.15789473684210525	0.3157894736842105	0.0	0.2631578947368421	0.21052631578947367	0.10526315789473684	0.05263157894736842	0.05263157894736842	0.0	0.0	0.0	0.0	0.05263157894736842	0.0	0.6842105263157895	0.2631578947368421	0.10526315789473684	0.21052631578947367	0.0	0.15789473684210525	0.10526315789473684	0.05263157894736842	0.2631578947368421	0.05263157894736842	0.05263157894736842	0.10526315789473684	0.0	0.10526315789473684	0.05263157894736842	0.05263157894736842	5.31081519	6.996800025000001	9.34452417	12.266220415	14.46698211	0.15789473684210525	2.8421052631578947	1.4960705687949363	7.0	0.3684210526315789	6.631578947368421	2.388801203770572	11.0	0.5263157894736842	9.473684210526315	2.9445475222524977	15.0	0.7192982456140351	12.947368421052632	2.9642374400692053	18.0	0.46310487100396786	0.20878065813295466	0.3281144708630775	0.6718855291369226	965.8547926656522	0.01967169407273127	0.05263157894736842	0.7894736842105263	97.44421052631579	1.4074101477890957	93.38	95.524
G3S-441b618a57261680	S1	4UG7	08f019adc8f8e502f00ecad6c4a82e6a0705b7c46df033058bc6bbefc74989ac	1	A	65;128;129;132;213;216;218;221;235;236;237;238;239;240;243;248;254;329;357	65;128;129;132;213;216;218;221;235;236;237;238;239;240;243;248;254;329;357	65;128;129;132;213;216;218;221;235;236;237;238;239;240;243;248;254;329;357		False	False	19.0	187.0	1.0	0.0	0.0	0.0	0.0	0.05263157894736842	0.05263157894736842	0.05263157894736842	0.05263157894736842	0.05263157894736842	0.0	0.0	0.10526315789473684	0.10526315789473684	0.05263157894736842	0.05263157894736842	0.15789473684210525	0.0	0.0	0.0	0.10526315789473684	0.15789473684210525	0.0	0.6577540106951871	0.18716577540106952	0.1443850267379679	0.0106951871657754	0.0	0.0	0.0	9.55319565653117	16.05077521890184	24.627999999999997	23.311	21.239	6.038473058551566	5.436893095466062	5.024000780412595	0.011695906432748537	0.08187134502923976	0.0935672514619883	0.1111111111111111	0.14035087719298245	0.3391812865497076	0.19883040935672514	0.023391812865497075	0.0	0.1871345029239766	3.3684210526315788	1.723232162499463	0.47368421052631576	0.3684210526315789	0.21052631578947367	0.05263157894736842	0.3157894736842105	0.05263157894736842	0.10526315789473684	0.0	0.0	0.0	0.0	0.0	0.0	0.0	0.0	0.3684210526315789	0.10526315789473684	0.10526315789473684	0.05263157894736842	0.05263157894736842	0.10526315789473684	0.05263157894736842	0.10526315789473684	0.631578947368421	0.3684210526315789	0.2631578947368421	0.15789473684210525	0.0	0.21052631578947367	0.0	0.0	6.22582448	9.2199877	12.3759761	15.634095325	17.61051768	0.0935672514619883	1.6842105263157894	0.9206766149755738	3.0	0.1871345029239766	3.3684210526315788	1.723232162499463	6.0	0.2982456140350877	5.368421052631579	2.6199744136112932	11.0	0.43859649122807015	7.894736842105263	3.193657148690119	13.0	0.15282253066988905	0.158827375597869	0.688350093732242	0.311649906267758	2016.1935926335382	0.00942369823484179	0.3157894736842105	0.6842105263157895	17.935263157894738	3.93189571048322	14.72	15.116
G3S-441b618a57261680	S2	AF-O34453-F1	ec3ab1272d6f2a54586bc635a3c657af3fd2367d1c7a706c24d95b2825203683	1	A	65;128;129;132;213;216;218;221;235;236;237;238;239;240;243;248;254;329;357	65;128;129;132;213;216;218;221;235;236;237;238;239;240;243;248;254;329;357	65;128;129;132;213;216;218;221;235;236;237;238;239;240;243;248;254;329;357	98.64473684210526	False	False	19.0	187.0	1.0	0.0	0.0	0.0	0.0	0.05263157894736842	0.05263157894736842	0.05263157894736842	0.05263157894736842	0.05263157894736842	0.0	0.0	0.10526315789473684	0.10526315789473684	0.05263157894736842	0.05263157894736842	0.15789473684210525	0.0	0.0	0.0	0.10526315789473684	0.15789473684210525	0.0	0.6577540106951871	0.18716577540106952	0.1443850267379679	0.0106951871657754	0.0	0.0	0.0	9.527958321657009	16.227311331177102	23.591	22.873	19.789	6.043729149155579	5.416457351932526	4.9917249028343225	0.011695906432748537	0.08771929824561403	0.08771929824561403	0.1111111111111111	0.16374269005847952	0.3157894736842105	0.2046783625730994	0.017543859649122806	0.0	0.1871345029239766	3.3684210526315788	1.723232162499463	0.47368421052631576	0.3684210526315789	0.21052631578947367	0.05263157894736842	0.3157894736842105	0.05263157894736842	0.10526315789473684	0.0	0.0	0.0	0.0	0.0	0.0	0.0	0.0	0.42105263157894735	0.15789473684210525	0.15789473684210525	0.05263157894736842	0.05263157894736842	0.10526315789473684	0.05263157894736842	0.10526315789473684	0.5789473684210527	0.3157894736842105	0.21052631578947367	0.15789473684210525	0.0	0.21052631578947367	0.0	0.0	6.17240619	9.15861937	12.58268167	15.664129535	17.73482756	0.09941520467836257	1.7894736842105263	0.8321783316232577	3.0	0.1871345029239766	3.3684210526315788	1.723232162499463	6.0	0.2982456140350877	5.368421052631579	2.5175285774950313	11.0	0.4619883040935672	8.31578947368421	2.9567519800396083	13.0	0.15701790429515783	0.1742034841098988	0.6687786115949433	0.33122138840505666	1951.444387803338	0.009736377894625801	0.3157894736842105	0.6842105263157895	98.64473684210526	0.24329683886264208	97.88	98.366
G3S-532f119ff68b2182	S1	6DYZ	0eb7184229695cb822a7bb75b885cda945916185c601a88fdea97177489fac7c	1	A	32;75;79;83;107;108;109;110;111;186;190;191;192;208;209;210;211;231;233;234;235;236;237;245;246;247;250;251;254	18;61;65;69;93;94;95;96;97;172;176;177;178;194;195;196;197;217;219;220;221;222;223;231;232;233;236;237;240	32;75;79;83;107;108;109;110;111;186;190;191;192;208;209;210;211;231;233;234;235;236;237;245;246;247;250;251;254		False	False	29.0	221.0	1.0	0.0	0.034482758620689655	0.06896551724137931	0.06896551724137931	0.0	0.034482758620689655	0.034482758620689655	0.06896551724137931	0.06896551724137931	0.0	0.06896551724137931	0.06896551724137931	0.034482758620689655	0.034482758620689655	0.0	0.034482758620689655	0.10344827586206896	0.13793103448275862	0.10344827586206896	0.0	0.034482758620689655	0.0	0.6244343891402715	0.167420814479638	0.19004524886877827	0.01809954751131222	0.0	0.0	0.0	9.04327739358025	15.022630788155585	28.056000000000004	24.493	18.105000000000004	6.090677279529139	5.270084919228109	4.112264733451824	0.014778325123152709	0.08374384236453201	0.11083743842364532	0.15024630541871922	0.1748768472906404	0.3251231527093596	0.11822660098522167	0.022167487684729065	0.0	0.20935960591133004	5.862068965517241	2.1928431855978823	0.41379310344827586	0.13793103448275862	0.10344827586206896	0.06896551724137931	0.3793103448275862	0.3793103448275862	0.06896551724137931	0.0	0.0	0.0	0.0	0.0	0.0	0.0	0.0	0.41379310344827586	0.20689655172413793	0.034482758620689655	0.0	0.06896551724137931	0.10344827586206896	0.13793103448275862	0.034482758620689655	0.5862068965517241	0.20689655172413793	0.10344827586206896	0.10344827586206896	0.0	0.27586206896551724	0.2413793103448276	0.034482758620689655	6.0117607799999995	8.52305582	11.763308474999999	14.64858792	16.744470030000002	0.09852216748768473	2.7586206896551726	1.3301587256542007	6.0	0.20935960591133004	5.862068965517241	2.1928431855978823	9.0	0.35960591133004927	10.068965517241379	3.4534444023598017	17.0	0.5344827586206896	14.96551724137931	4.26277195407652	23.0	0.27335700417528935	0.23081632633360802	0.4958266694911026	0.5041733305088973	2253.578690804332	0.012868421288474962	0.034482758620689655	0.5172413793103449	15.713448275862069	3.0391086214286345	12.09	12.597999999999999
G3S-532f119ff68b2182	S2	AF-Q13126-F1	09ccf88b884ec41cf42ecd89b70c598e56ab4748bc0e99c7fc79d04d1bc41f37	1	A	18;61;65;69;93;94;95;96;97;172;176;177;178;194;195;196;197;217;219;220;221;222;223;231;232;233;236;237;240	18;61;65;69;93;94;95;96;97;172;176;177;178;194;195;196;197;217;219;220;221;222;223;231;232;233;236;237;240	18;61;65;69;93;94;95;96;97;172;176;177;178;194;195;196;197;217;219;220;221;222;223;231;232;233;236;237;240	89.70206896551724	False	False	29.0	221.0	1.0	0.0	0.034482758620689655	0.06896551724137931	0.06896551724137931	0.0	0.034482758620689655	0.034482758620689655	0.06896551724137931	0.06896551724137931	0.0	0.06896551724137931	0.06896551724137931	0.034482758620689655	0.034482758620689655	0.0	0.034482758620689655	0.10344827586206896	0.13793103448275862	0.10344827586206896	0.0	0.034482758620689655	0.0	0.6244343891402715	0.167420814479638	0.19004524886877827	0.01809954751131222	0.0	0.0	0.0	9.104490916706908	14.89344992376731	26.628	22.366	18.212999999999997	6.126249489383107	5.1794221729135765	4.305160624293013	0.014778325123152709	0.08620689655172414	0.10098522167487685	0.1477832512315271	0.16748768472906403	0.31773399014778325	0.1477832512315271	0.017241379310344827	0.0	0.2019704433497537	5.655172413793103	2.072410924319547	0.41379310344827586	0.13793103448275862	0.10344827586206896	0.06896551724137931	0.3793103448275862	0.3793103448275862	0.06896551724137931	0.0	0.0	0.0	0.0	0.0	0.0	0.0	0.0	0.3793103448275862	0.1724137931034483	0.034482758620689655	0.0	0.06896551724137931	0.10344827586206896	0.13793103448275862	0.034482758620689655	0.6206896551724138	0.2413793103448276	0.10344827586206896	0.10344827586206896	0.0	0.27586206896551724	0.2413793103448276	0.034482758620689655	5.984897505	8.6680227375	11.817527035000001	14.911750455	17.11236116	0.10098522167487685	2.8275862068965516	1.3408429031188678	6.0	0.2019704433497537	5.655172413793103	2.072410924319547	9.0	0.3497536945812808	9.793103448275861	3.546531188648575	17.0	0.5172413793103449	14.482758620689655	3.8562147748811775	21.0	0.26954321480017457	0.20560232530581185	0.5248544598940136	0.4751455401059864	2320.785614576726	0.012495768595708542	0.034482758620689655	0.6551724137931034	89.70206896551724	9.310004770290396	61.09	76.214
G3S-5fea584126042c2e	S1	5J89	a004721d59d1bd155834a1e727064417fda0bc9deddca1d5ce56ff4d3c48f189	1	A	18;19;20;21;53;54;55;113;114;115;116;120;121;122;123	19;20;21;22;54;55;56;114;115;116;117;121;122;123;124	18;19;20;21;53;54;55;113;114;115;116;120;121;122;123		False	False	15.0	121.0	1.0	0.0	0.06666666666666667	0.06666666666666667	0.06666666666666667	0.0	0.06666666666666667	0.0	0.0	0.13333333333333333	0.06666666666666667	0.0	0.06666666666666667	0.0	0.0	0.0	0.0	0.06666666666666667	0.13333333333333333	0.13333333333333333	0.0	0.13333333333333333	0.0	0.6694214876033058	0.1322314049586777	0.18181818181818182	0.01652892561983471	0.0	0.0	0.0	6.949544638870805	11.763182602529026	17.802999999999997	17.274	14.177000000000003	5.292828762203264	3.6915879597298815	2.5795954561188856	0.0	0.20952380952380953	0.21904761904761905	0.17142857142857143	0.21904761904761905	0.1523809523809524	0.02857142857142857	0.0	0.0	0.42857142857142855	6.0	1.96638416050035	0.6	0.2	0.06666666666666667	0.06666666666666667	0.4	0.3333333333333333	0.0	0.06666666666666667	0.06666666666666667	0.0	0.0	0.0	0.0	0.0	0.0	0.3333333333333333	0.2	0.0	0.0	0.06666666666666667	0.06666666666666667	0.13333333333333333	0.0	0.6	0.3333333333333333	0.2	0.06666666666666667	0.0	0.3333333333333333	0.2	0.0	4.806306878	6.17667114	8.6023787	11.4109349	13.09872283	0.20952380952380953	2.933333333333333	1.0624918300339485	5.0	0.42857142857142855	6.0	1.96638416050035	9.0	0.6	8.4	2.2150996967781533	14.0	0.819047619047619	11.466666666666667	1.9275776393067947	14.0	0.5260601270058541	0.25984286614977586	0.21409700684436997	0.7859029931556301	543.7993819001844	0.027583701819567874	0.0	0.5333333333333333	28.154	6.917627531651778	18.08	21.09
G3S-5fea584126042c2e	S2	AF-Q9NZQ7-F1	92c627e14f344407707d3410f72a97f3b0e022efc48bc89f79850fc20e03f1c9	1	A	19;20;21;22;54;55;56;114;115;116;117;121;122;123;124	19;20;21;22;54;55;56;114;115;116;117;121;122;123;124	19;20;21;22;54;55;56;114;115;116;117;121;122;123;124	97.00866666666667	False	False	15.0	121.0	1.0	0.0	0.06666666666666667	0.06666666666666667	0.06666666666666667	0.0	0.06666666666666667	0.0	0.0	0.13333333333333333	0.06666666666666667	0.0	0.06666666666666667	0.0	0.0	0.0	0.0	0.06666666666666667	0.13333333333333333	0.13333333333333333	0.0	0.13333333333333333	0.0	0.6694214876033058	0.1322314049586777	0.18181818181818182	0.01652892561983471	0.0	0.0	0.0	6.898554262043523	11.71915369879392	17.329	17.272000000000002	14.0	5.190437113789385	3.710937926969792	2.6226614681147264	0.0	0.20952380952380953	0.21904761904761905	0.19047619047619047	0.19047619047619047	0.17142857142857143	0.01904761904761905	0.0	0.0	0.42857142857142855	6.0	1.9321835661585918	0.6	0.2	0.06666666666666667	0.06666666666666667	0.4	0.3333333333333333	0.0	0.06666666666666667	0.06666666666666667	0.0	0.0	0.0	0.0	0.0	0.0	0.3333333333333333	0.2	0.0	0.0	0.06666666666666667	0.06666666666666667	0.13333333333333333	0.0	0.6	0.3333333333333333	0.2	0.06666666666666667	0.0	0.3333333333333333	0.2	0.0	4.92048741	6.29355752	8.46627686	11.3402763	13.027493911999999	0.20952380952380953	2.933333333333333	1.1234866364235145	6.0	0.42857142857142855	6.0	1.9321835661585918	10.0	0.6190476190476191	8.666666666666666	2.2110831935702664	14.0	0.8095238095238095	11.333333333333334	1.9550504398153572	14.0	0.49754618169875237	0.2699985021306259	0.23245531617062173	0.7675446838293782	550.8893507930418	0.02722869842810812	0.0	0.5333333333333333	97.00866666666667	1.72296204897909	91.44	95.276
G3S-61544361ce31eac2	S1	2WX2	c31227e49f7d2bb51ab9d44f9e4220611ceeb1723d98467d05dae2b56634a1e5	1	A	89;92;96;101;102;113;116;194;270;273;274;276;277;278;281;342;344;345;408;446;447	103;106;110;115;116;127;130;208;284;287;288;290;291;292;295;356;358;359;422;460;461	89;92;96;101;102;113;116;194;270;273;274;276;277;278;281;342;344;345;408;446;447		False	False	21.0	161.0	1.0	0.0	0.19047619047619047	0.047619047619047616	0.0	0.0	0.09523809523809523	0.047619047619047616	0.0	0.0	0.0	0.19047619047619047	0.19047619047619047	0.0	0.0	0.0	0.0	0.0	0.047619047619047616	0.09523809523809523	0.0	0.09523809523809523	0.0	0.6894409937888198	0.13043478260869565	0.14906832298136646	0.031055900621118012	0.0	0.0	0.0	9.23777410475478	15.412845016698787	23.432000000000002	22.42	19.498	6.505673514405225	4.837347014272465	4.4286291781942655	0.009523809523809525	0.06666666666666667	0.10952380952380952	0.11428571428571428	0.14761904761904762	0.3380952380952381	0.19523809523809524	0.01904761904761905	0.0	0.18571428571428572	3.7142857142857144	1.5474358865973257	0.8571428571428571	0.19047619047619047	0.0	0.0	0.19047619047619047	0.3333333333333333	0.047619047619047616	0.0	0.0	0.0	0.0	0.0	0.0	0.0	0.0	0.38095238095238093	0.38095238095238093	0.19047619047619047	0.0	0.0	0.09523809523809523	0.14285714285714285	0.0	0.6190476190476191	0.47619047619047616	0.0	0.0	0.0	0.09523809523809523	0.19047619047619047	0.047619047619047616	6.5586085910000005	9.2364044825	12.453550985	15.503887149999999	18.039046205	0.0761904761904762	1.5238095238095237	1.1388819755334667	5.0	0.18571428571428572	3.7142857142857144	1.5474358865973257	6.0	0.3	6.0	2.246690688016276	11.0	0.44761904761904764	8.952380952380953	2.148669366224472	14.0	0.45189868928514604	0.10776445040275152	0.4403368603121024	0.5596631396878976	2065.9432576176787	0.010164848391923375	0.23809523809523808	0.5714285714285714	21.59380952380952	6.062138139374728	14.59	15.35
G3S-61544361ce31eac2	S2	AF-Q7Z1V1-F1	5bafb110f3411e6bb503bf3e8f46e96a5730a7bc00dff5319bae70a99a0f0df8	1	A	103;106;110;115;116;127;130;208;284;287;288;290;291;292;295;356;358;359;422;460;461	103;106;110;115;116;127;130;208;284;287;288;290;291;292;295;356;358;359;422;460;461	103;106;110;115;116;127;130;208;284;287;288;290;291;292;295;356;358;359;422;460;461	93.05047619047619	False	False	21.0	161.0	1.0	0.0	0.19047619047619047	0.047619047619047616	0.0	0.0	0.09523809523809523	0.047619047619047616	0.0	0.0	0.0	0.19047619047619047	0.19047619047619047	0.0	0.0	0.0	0.0	0.0	0.047619047619047616	0.09523809523809523	0.0	0.09523809523809523	0.0	0.6894409937888198	0.13043478260869565	0.14906832298136646	0.031055900621118012	0.0	0.0	0.0	9.275929452528556	15.612659025932652	24.448	23.732	21.561	6.533663374192926	4.787244671967585	4.520663510120451	0.009523809523809525	0.05714285714285714	0.11904761904761904	0.10476190476190476	0.1761904761904762	0.319047619047619	0.17142857142857143	0.04285714285714286	0.0	0.18571428571428572	3.7142857142857144	1.6078040967746792	0.8571428571428571	0.19047619047619047	0.0	0.0	0.19047619047619047	0.3333333333333333	0.047619047619047616	0.0	0.0	0.0	0.0	0.0	0.0	0.0	0.0	0.42857142857142855	0.38095238095238093	0.19047619047619047	0.0	0.0	0.09523809523809523	0.19047619047619047	0.047619047619047616	0.5714285714285714	0.47619047619047616	0.0	0.0	0.0	0.09523809523809523	0.14285714285714285	0.0	6.675260395	9.30402138	12.24133549	15.61488868	18.507217944	0.06666666666666667	1.3333333333333333	1.0389249632986395	4.0	0.18571428571428572	3.7142857142857144	1.6078040967746792	6.0	0.2904761904761905	5.809523809523809	2.3425474049997796	11.0	0.4666666666666667	9.333333333333334	2.4559613253766908	14.0	0.47241536406481477	0.0639233705659867	0.4636612653691985	0.5363387346308015	2099.966038632128	0.010000161723414796	0.23809523809523808	0.5238095238095238	93.05047619047619	3.344205331173933	84.5	89.38
G3S-6454ff7a6533168a	S1	4ABV	045f6fc622afee8b0497a49b1e95dfd70dfba224c0047ac8d22a3386eb360755	1	A	15;16;17;54;108;109;110;111;117;118;119	35;36;37;74;128;129;130;131;137;138;139	15;16;17;54;108;109;110;111;117;118;119		False	False	11.0	79.0	1.0	0.0	0.18181818181818182	0.0	0.0	0.09090909090909091	0.0	0.0	0.0	0.0	0.09090909090909091	0.2727272727272727	0.0	0.0	0.0	0.0	0.0	0.09090909090909091	0.18181818181818182	0.09090909090909091	0.0	0.0	0.0	0.6455696202531646	0.1518987341772152	0.20253164556962025	0.0	0.0	0.0	0.0	6.303146407256386	10.861894490050744	18.002	14.62	9.341	4.8269355169710755	3.4850344612023973	2.069995881769809	0.01818181818181818	0.32727272727272727	0.23636363636363636	0.14545454545454545	0.16363636363636364	0.10909090909090909	0.0	0.0	0.0	0.5818181818181818	5.818181818181818	1.8497263590341642	0.5454545454545454	0.0	0.09090909090909091	0.09090909090909091	0.2727272727272727	0.45454545454545453	0.0	0.09090909090909091	0.09090909090909091	0.0	0.0	0.0	0.0	0.09090909090909091	0.0	0.6363636363636364	0.36363636363636365	0.0	0.09090909090909091	0.0	0.18181818181818182	0.2727272727272727	0.0	0.2727272727272727	0.09090909090909091	0.0	0.0	0.09090909090909091	0.09090909090909091	0.09090909090909091	0.0	4.477249607999999	5.470274835	7.27647732	10.05251693	11.741505162000001	0.34545454545454546	3.4545454545454546	1.4993111365882401	7.0	0.5818181818181818	5.818181818181818	1.8497263590341642	9.0	0.7272727272727273	7.2727272727272725	1.7104443383842527	9.0	0.8909090909090909	8.909090909090908	1.443137078762504	10.0	0.46323116742031895	0.4446912550317897	0.09207757754789138	0.9079224224521086	226.47640226512962	0.048570181661233766	0.09090909090909091	0.5454545454545454	19.761818181818178	2.3475860645732487	15.91	17.68
G3S-6454ff7a6533168a	S2	AF-P02766-F1	043613789f0ecec3340293ccfa5d299febcd59d4a1f64bdb04bc6053738c1e30	1	A	35;36;37;74;128;129;130;131;137;138;139	35;36;37;74;128;129;130;131;137;138;139	35;36;37;74;128;129;130;131;137;138;139	98.77999999999999	False	False	11.0	79.0	1.0	0.0	0.18181818181818182	0.0	0.0	0.09090909090909091	0.0	0.0	0.0	0.0	0.09090909090909091	0.2727272727272727	0.0	0.0	0.0	0.0	0.0	0.09090909090909091	0.18181818181818182	0.09090909090909091	0.0	0.0	0.0	0.6455696202531646	0.1518987341772152	0.20253164556962025	0.0	0.0	0.0	0.0	6.369099842750305	11.276305546381598	18.409	13.777	11.836	4.914321988132287	3.477134655583566	2.079520807979868	0.01818181818181818	0.32727272727272727	0.23636363636363636	0.14545454545454545	0.16363636363636364	0.09090909090909091	0.01818181818181818	0.0	0.0	0.5818181818181818	5.818181818181818	1.8497263590341642	0.5454545454545454	0.0	0.09090909090909091	0.09090909090909091	0.2727272727272727	0.45454545454545453	0.0	0.18181818181818182	0.18181818181818182	0.0	0.0	0.0	0.0	0.18181818181818182	0.0	0.6363636363636364	0.36363636363636365	0.0	0.09090909090909091	0.0	0.18181818181818182	0.18181818181818182	0.0	0.18181818181818182	0.0	0.0	0.0	0.09090909090909091	0.09090909090909091	0.09090909090909091	0.0	4.545457924	5.543658730000001	7.33237693	10.258020165000001	11.821426268000002	0.34545454545454546	3.4545454545454546	1.4993111365882401	7.0	0.5818181818181818	5.818181818181818	1.8497263590341642	9.0	0.7272727272727273	7.2727272727272725	1.7104443383842527	9.0	0.8909090909090909	8.909090909090908	1.443137078762504	10.0	0.48473096277935057	0.4261171468277162	0.0891518903929333	0.9108481096070667	230.4858538952777	0.047725271699311754	0.09090909090909091	0.5454545454545454	98.77999999999999	0.10090499582189942	98.62	98.62
G3S-7258bf496c1f8d25	S1	4ZZY	e1f3cce4e6ff09e4ada677690eaa8678f848dcc4f60aeb90d8d2353171e39380	1	A	66;104;107;108;109;111;112;207;208;209;210;231;233;234;235;236;242;243;244;245;249;250;251;253;337;338;339	286;324;327;328;329;331;332;427;428;429;430;451;453;454;455;456;462;463;464;465;469;470;471;473;557;558;559	66;104;107;108;109;111;112;207;208;209;210;231;233;234;235;236;242;243;244;245;249;250;251;253;337;338;339		False	False	27.0	227.0	1.0	0.0	0.07407407407407407	0.0	0.037037037037037035	0.1111111111111111	0.037037037037037035	0.07407407407407407	0.037037037037037035	0.037037037037037035	0.037037037037037035	0.037037037037037035	0.037037037037037035	0.037037037037037035	0.037037037037037035	0.07407407407407407	0.0	0.1111111111111111	0.037037037037037035	0.0	0.037037037037037035	0.14814814814814814	0.0	0.6431718061674009	0.14977973568281938	0.2026431718061674	0.004405286343612335	0.0	0.0	0.0	11.112313833772125	18.673860083269783	24.847	24.712000000000003	23.143	9.361673615599093	5.050642761409203	3.214590728516455	0.011396011396011397	0.06837606837606838	0.11396011396011396	0.1168091168091168	0.09971509971509972	0.16809116809116809	0.18518518518518517	0.2336182336182336	0.002849002849002849	0.19373219373219372	5.037037037037037	1.4524941889724132	0.4074074074074074	0.25925925925925924	0.07407407407407407	0.14814814814814814	0.4074074074074074	0.2962962962962963	0.1111111111111111	0.037037037037037035	0.037037037037037035	0.037037037037037035	0.0	0.0	0.037037037037037035	0.0	0.0	0.5185185185185185	0.18518518518518517	0.14814814814814814	0.07407407407407407	0.037037037037037035	0.2222222222222222	0.2222222222222222	0.07407407407407407	0.4444444444444444	0.18518518518518517	0.07407407407407407	0.0	0.1111111111111111	0.14814814814814814	0.07407407407407407	0.037037037037037035	6.17970445	8.883000205	13.79182425	19.796084175	22.83783785	0.07977207977207977	2.074074074074074	1.3588100983588252	5.0	0.19373219373219372	5.037037037037037	1.4524941889724132	9.0	0.31054131054131057	8.074074074074074	2.053469077870979	13.0	0.41025641025641024	10.666666666666666	2.160246899469287	14.0	0.7075472814805008	0.19316560174021463	0.09928711677928463	0.9007128832207154	2615.8516304562554	0.010321686324117195	0.037037037037037035	0.6666666666666666	21.200370370370372	6.6652362251386	13.96	14.962
G3S-7258bf496c1f8d25	S2	AF-Q9UGN5-F1	0250ef668c80e831333b08617485de0a0e29ed9a31895d5e0c99fa631a111298	1	A	286;324;327;328;329;331;332;427;428;429;430;451;453;454;455;456;462;463;464;465;469;470;471;473;557;558;559	286;324;327;328;329;331;332;427;428;429;430;451;453;454;455;456;462;463;464;465;469;470;471;473;557;558;559	286;324;327;328;329;331;332;427;428;429;430;451;453;454;455;456;462;463;464;465;469;470;471;473;557;558;559	94.42814814814814	False	False	27.0	227.0	1.0	0.0	0.07407407407407407	0.0	0.037037037037037035	0.1111111111111111	0.037037037037037035	0.07407407407407407	0.037037037037037035	0.037037037037037035	0.037037037037037035	0.037037037037037035	0.037037037037037035	0.037037037037037035	0.037037037037037035	0.07407407407407407	0.0	0.1111111111111111	0.037037037037037035	0.0	0.037037037037037035	0.14814814814814814	0.0	0.6431718061674009	0.14977973568281938	0.2026431718061674	0.004405286343612335	0.0	0.0	0.0	10.55549716859409	18.634520902096583	30.602	26.186	19.61	8.825570614062638	4.833087547594043	3.1889008403654255	0.008547008547008548	0.08831908831908832	0.1168091168091168	0.1225071225071225	0.08831908831908832	0.23646723646723647	0.16524216524216523	0.1737891737891738	0.0	0.21367521367521367	5.555555555555555	1.594744454934147	0.4074074074074074	0.25925925925925924	0.07407407407407407	0.14814814814814814	0.4074074074074074	0.2962962962962963	0.1111111111111111	0.07407407407407407	0.07407407407407407	0.07407407407407407	0.0	0.0	0.07407407407407407	0.0	0.0	0.5185185185185185	0.18518518518518517	0.1111111111111111	0.07407407407407407	0.037037037037037035	0.18518518518518517	0.2222222222222222	0.07407407407407407	0.4074074074074074	0.14814814814814814	0.07407407407407407	0.0	0.1111111111111111	0.14814814814814814	0.07407407407407407	0.037037037037037035	6.12905431	8.510443795	13.19496626	18.214784235	21.61163787	0.09686609686609686	2.5185185185185186	1.3708707795053146	5.0	0.21367521367521367	5.555555555555555	1.594744454934147	9.0	0.33618233618233617	8.74074074074074	2.029278152859663	13.0	0.42450142450142453	11.037037037037036	2.1166269721821553	15.0	0.7028249933616895	0.1884934801126007	0.10868152652570993	0.89131847347429	2271.2157449062074	0.011887906316497906	0.0	0.6666666666666666	94.42814814814814	5.189199636450792	79.69	88.588
G3S-7b63d80d43bd8871	S1	6MAE	2f44371b354e97c00065d11ff87d04962a9d1101923bea8c254b23735aef72a5	1	A	18;19;62;63;64;75;77;78;190;191;192;193;194;197;200;201;205;206;209;210;211;213;214;215;216;234;237;238;241;263;264	18;19;62;63;64;75;77;78;190;191;192;193;194;197;200;201;205;206;209;210;211;213;214;215;216;234;237;238;241;263;264	18;19;62;63;64;75;77;78;190;191;192;193;194;197;200;201;205;206;209;210;211;213;214;215;216;234;237;238;241;263;264		False	False	31.0	243.0	1.0	0.0	0.06451612903225806	0.0	0.03225806451612903	0.03225806451612903	0.0967741935483871	0.0967741935483871	0.12903225806451613	0.06451612903225806	0.03225806451612903	0.0967741935483871	0.06451612903225806	0.03225806451612903	0.0	0.0	0.03225806451612903	0.06451612903225806	0.0967741935483871	0.06451612903225806	0.0	0.0	0.0	0.6419753086419753	0.18106995884773663	0.16872427983539096	0.00823045267489712	0.0	0.0	0.0	9.468488867506638	14.167459205066363	25.115000000000002	23.878	20.792	6.693977004560394	5.402938460906889	3.956160927485996	0.008602150537634409	0.0967741935483871	0.08172043010752689	0.12688172043010754	0.15268817204301074	0.3096774193548387	0.17849462365591398	0.04516129032258064	0.0	0.1870967741935484	5.612903225806452	1.3837168122275623	0.45161290322580644	0.22580645161290322	0.1935483870967742	0.06451612903225806	0.1935483870967742	0.3225806451612903	0.0967741935483871	0.0	0.0	0.0	0.0	0.0	0.0	0.0	0.0	0.3225806451612903	0.16129032258064516	0.06451612903225806	0.03225806451612903	0.0	0.06451612903225806	0.16129032258064516	0.06451612903225806	0.6774193548387096	0.2903225806451613	0.16129032258064516	0.16129032258064516	0.06451612903225806	0.12903225806451613	0.16129032258064516	0.03225806451612903	5.830489844	9.03631834	12.33874778	15.62678239	18.420528738000005	0.1053763440860215	3.161290322580645	1.3463636615941423	6.0	0.1870967741935484	5.612903225806452	1.3837168122275623	9.0	0.3139784946236559	9.419354838709678	2.2969010476023097	15.0	0.4666666666666667	14.0	3.4734012335220155	22.0	0.42060497487013454	0.24138933214451108	0.3380056929853544	0.6619943070146457	2398.0953835347505	0.01292692534785941	0.0	0.6129032258064516	14.328709677419354	4.643146001008426	8.97	9.5
G3S-7b63d80d43bd8871	S2	AF-P47205-F1	3d210f193ea517d3465ce9033169ec45ea9a0b8b2d706abf85aed294da0dc200	1	A	18;19;62;63;64;75;77;78;190;191;192;193;194;197;200;201;205;206;209;210;211;213;214;215;216;234;237;238;241;263;264	18;19;62;63;64;75;77;78;190;191;192;193;194;197;200;201;205;206;209;210;211;213;214;215;216;234;237;238;241;263;264	18;19;62;63;64;75;77;78;190;191;192;193;194;197;200;201;205;206;209;210;211;213;214;215;216;234;237;238;241;263;264	96.58290322580646	False	False	31.0	243.0	1.0	0.0	0.06451612903225806	0.0	0.03225806451612903	0.03225806451612903	0.0967741935483871	0.0967741935483871	0.12903225806451613	0.06451612903225806	0.03225806451612903	0.0967741935483871	0.06451612903225806	0.03225806451612903	0.0	0.0	0.03225806451612903	0.06451612903225806	0.0967741935483871	0.06451612903225806	0.0	0.0	0.0	0.6419753086419753	0.18106995884773663	0.16872427983539096	0.00823045267489712	0.0	0.0	0.0	9.467653719220927	14.536600469197408	26.022	22.136000000000003	21.426000000000002	6.749036217746671	5.348221674482982	3.9349081309748555	0.0064516129032258064	0.0989247311827957	0.08602150537634409	0.12688172043010754	0.15698924731182795	0.3010752688172043	0.17634408602150536	0.047311827956989246	0.0	0.1913978494623656	5.741935483870968	1.4803605039462926	0.45161290322580644	0.22580645161290322	0.1935483870967742	0.06451612903225806	0.1935483870967742	0.3225806451612903	0.0967741935483871	0.03225806451612903	0.0	0.0	0.0	0.0	0.03225806451612903	0.03225806451612903	0.0	0.3548387096774194	0.1935483870967742	0.0967741935483871	0.06451612903225806	0.0	0.03225806451612903	0.12903225806451613	0.06451612903225806	0.6129032258064516	0.25806451612903225	0.12903225806451613	0.12903225806451613	0.06451612903225806	0.12903225806451613	0.16129032258064516	0.03225806451612903	5.901531904	9.04613851	12.26962195	15.78948747	18.351073332000002	0.1053763440860215	3.161290322580645	1.3463636615941423	6.0	0.1913978494623656	5.741935483870968	1.4803605039462926	9.0	0.31827956989247314	9.548387096774194	2.473585743571718	15.0	0.4752688172043011	14.258064516129032	3.546627129518646	22.0	0.44558401872108605	0.22526170548477256	0.3291542757941414	0.6708457242058585	2443.058355837365	0.012689013312322072	0.03225806451612903	0.6129032258064516	96.58290322580646	1.6496474570556705	92.81	94.31
G3S-7e32e8326784c5b1	S1	8VW5	a4a6a77c87fd798d0425ebef2db6128aa49bfe563c93d06b0d85a6e400d1e68a	2	B	231;232;233;234;253;254;255;256;257;258;261;262;263;264;275;276;277;279	264;265;266;267;286;287;288;289;290;291;294;295;296;297;308;309;310;312	231;232;233;234;253;254;255;256;257;258;261;262;263;264;275;276;277;279		False	False	18.0	154.0	1.0	0.0	0.05555555555555555	0.05555555555555555	0.05555555555555555	0.0	0.0	0.0	0.05555555555555555	0.1111111111111111	0.0	0.1111111111111111	0.0	0.0	0.0	0.1111111111111111	0.1111111111111111	0.05555555555555555	0.16666666666666666	0.0	0.05555555555555555	0.05555555555555555	0.0	0.6298701298701299	0.18831168831168832	0.17532467532467533	0.006493506493506494	0.0	0.0	0.0	7.884562447524305	13.691679751118684	24.111	17.646	16.53	5.372774155163537	4.544764698523779	3.5559438552329876	0.026143790849673203	0.11764705882352941	0.13725490196078433	0.1895424836601307	0.17647058823529413	0.29411764705882354	0.05228758169934641	0.006535947712418301	0.0	0.28104575163398693	4.777777777777778	2.096440251568134	0.3888888888888889	0.16666666666666666	0.16666666666666666	0.05555555555555555	0.4444444444444444	0.3333333333333333	0.0	0.1111111111111111	0.05555555555555555	0.0	0.05555555555555555	0.0	0.0	0.05555555555555555	0.0	0.5555555555555556	0.2777777777777778	0.05555555555555555	0.05555555555555555	0.0	0.2222222222222222	0.1111111111111111	0.0	0.3333333333333333	0.05555555555555555	0.1111111111111111	0.05555555555555555	0.05555555555555555	0.2222222222222222	0.16666666666666666	0.0	5.2397630820000005	7.53443408	10.27874008	12.93674768	14.499555820000001	0.1437908496732026	2.4444444444444446	1.11665284679121	5.0	0.28104575163398693	4.777777777777778	2.096440251568134	9.0	0.47058823529411764	8.0	2.494438257849294	14.0	0.6470588235294118	11.0	2.7284509239574835	16.0	0.26736804716224055	0.40082402507243253	0.3318079277653269	0.668192072234673	1023.4999993998638	0.017586712272158692	0.1111111111111111	0.7777777777777778	31.770555555555557	8.246629259024711	22.14	25.434
G3S-7e32e8326784c5b1	S2	AF-Q13191-F1	3230c710d8c7ae5ff8192939806eb896406409bf07d283aac92799f4238a7964	1	A	264;265;266;267;286;287;288;289;290;291;294;295;296;297;308;309;310;312	264;265;266;267;286;287;288;289;290;291;294;295;296;297;308;309;310;312	264;265;266;267;286;287;288;289;290;291;294;295;296;297;308;309;310;312	90.12444444444446	False	False	18.0	154.0	1.0	0.0	0.05555555555555555	0.05555555555555555	0.05555555555555555	0.0	0.0	0.0	0.05555555555555555	0.1111111111111111	0.0	0.1111111111111111	0.0	0.0	0.0	0.1111111111111111	0.1111111111111111	0.05555555555555555	0.16666666666666666	0.0	0.05555555555555555	0.05555555555555555	0.0	0.6298701298701299	0.18831168831168832	0.17532467532467533	0.006493506493506494	0.0	0.0	0.0	7.816960999039155	13.215061151315465	21.839	19.404	17.097	5.754918599805969	3.926282313134247	3.5454334527213645	0.006535947712418301	0.16339869281045752	0.1437908496732026	0.17647058823529413	0.2222222222222222	0.24183006535947713	0.032679738562091505	0.013071895424836602	0.0	0.3137254901960784	5.333333333333333	2.309401076758503	0.3888888888888889	0.16666666666666666	0.16666666666666666	0.05555555555555555	0.4444444444444444	0.3333333333333333	0.0	0.16666666666666666	0.05555555555555555	0.0	0.05555555555555555	0.0	0.05555555555555555	0.1111111111111111	0.0	0.5555555555555556	0.2222222222222222	0.05555555555555555	0.05555555555555555	0.0	0.2777777777777778	0.16666666666666666	0.0	0.2777777777777778	0.1111111111111111	0.1111111111111111	0.05555555555555555	0.05555555555555555	0.1111111111111111	0.05555555555555555	0.0	5.46793909	7.32853213	10.04200958	12.43355322	14.663836954	0.16993464052287582	2.888888888888889	1.4865653511399612	7.0	0.3137254901960784	5.333333333333333	2.309401076758503	9.0	0.49019607843137253	8.333333333333334	2.70801280154532	14.0	0.7124183006535948	12.11111111111111	2.601044424604361	16.0	0.5387755251179788	0.13058951207744576	0.33063496280457544	0.6693650371954245	968.0131976824666	0.018594787801544485	0.16666666666666666	0.5	90.12444444444446	4.846638264729049	82.38	83.743
G3S-82d2cb1cb942342d	S1	5VYY	816193b1c397153eb9a6cfd232f6e39de35a8bfede1f2babcc88fdfd492761de	1	A	67;68;69;71;72;75;76;78;113;115;116;117;118;122;123;126;127;155;158;159;170;172;182;203;204;206	47;48;49;51;52;55;56;58;93;95;96;97;98;102;103;106;107;135;138;139;150;152;162;183;184;186	67;68;69;71;72;75;76;78;113;115;116;117;118;122;123;126;127;155;158;159;170;172;182;203;204;206		False	False	26.0	198.0	1.0	0.0	0.038461538461538464	0.0	0.07692307692307693	0.038461538461538464	0.038461538461538464	0.15384615384615385	0.0	0.07692307692307693	0.038461538461538464	0.15384615384615385	0.038461538461538464	0.07692307692307693	0.0	0.0	0.0	0.038461538461538464	0.07692307692307693	0.07692307692307693	0.038461538461538464	0.038461538461538464	0.0	0.6515151515151515	0.15151515151515152	0.1919191919191919	0.005050505050505051	0.0	0.0	0.0	9.045645289498319	13.52771787358399	23.785	20.676000000000002	19.561	6.049740155367573	5.450744228719587	3.938747276614273	0.012307692307692308	0.09846153846153846	0.09538461538461539	0.15692307692307692	0.15692307692307692	0.30153846153846153	0.1723076923076923	0.006153846153846154	0.0	0.20615384615384616	5.153846153846154	2.4446536280108773	0.5	0.11538461538461539	0.038461538461538464	0.11538461538461539	0.23076923076923078	0.3076923076923077	0.15384615384615385	0.0	0.0	0.0	0.0	0.0	0.0	0.0	0.0	0.3076923076923077	0.11538461538461539	0.0	0.0	0.038461538461538464	0.11538461538461539	0.15384615384615385	0.038461538461538464	0.6923076923076923	0.38461538461538464	0.11538461538461539	0.038461538461538464	0.07692307692307693	0.11538461538461539	0.15384615384615385	0.11538461538461539	5.58444945	8.80604915	11.69348195	15.06346897	17.184840840000003	0.11076923076923077	2.769230769230769	1.6006655420526779	6.0	0.20615384615384616	5.153846153846154	2.4446536280108773	9.0	0.3630769230769231	9.076923076923077	3.037244157292251	14.0	0.52	13.0	3.3512339862756866	20.0	0.17103082110079434	0.377462572189621	0.45150660670958465	0.5484933932904154	2211.131313602314	0.011758686533022554	0.15384615384615385	0.5384615384615384	22.895	10.298514922812155	15.7	16.535
G3S-82d2cb1cb942342d	S2	AF-P07900-F1	3dea704bce2421f815c76178379596cb71d41d3ae819c71f921779bbedd31cbd	1	A	47;48;49;51;52;55;56;58;93;95;96;97;98;102;103;106;107;135;138;139;150;152;162;183;184;186	47;48;49;51;52;55;56;58;93;95;96;97;98;102;103;106;107;135;138;139;150;152;162;183;184;186	47;48;49;51;52;55;56;58;93;95;96;97;98;102;103;106;107;135;138;139;150;152;162;183;184;186	94.72423076923077	False	False	26.0	198.0	1.0	0.0	0.038461538461538464	0.0	0.07692307692307693	0.038461538461538464	0.038461538461538464	0.15384615384615385	0.0	0.07692307692307693	0.038461538461538464	0.15384615384615385	0.038461538461538464	0.07692307692307693	0.0	0.0	0.0	0.038461538461538464	0.07692307692307693	0.07692307692307693	0.038461538461538464	0.038461538461538464	0.0	0.6515151515151515	0.15151515151515152	0.1919191919191919	0.005050505050505051	0.0	0.0	0.0	8.863913684743356	13.576716810445578	23.067	22.843	19.061999999999998	5.947294938632197	5.286131189262758	3.9058245958317017	0.009230769230769232	0.1076923076923077	0.11076923076923077	0.13846153846153847	0.16	0.3230769230769231	0.1476923076923077	0.003076923076923077	0.0	0.2276923076923077	5.6923076923076925	2.16207220347003	0.5	0.11538461538461539	0.038461538461538464	0.11538461538461539	0.23076923076923078	0.3076923076923077	0.15384615384615385	0.0	0.0	0.0	0.0	0.0	0.0	0.0	0.0	0.3076923076923077	0.11538461538461539	0.0	0.0	0.038461538461538464	0.11538461538461539	0.15384615384615385	0.038461538461538464	0.6923076923076923	0.38461538461538464	0.11538461538461539	0.038461538461538464	0.07692307692307693	0.11538461538461539	0.15384615384615385	0.11538461538461539	5.513134476	8.29045268	11.59233175	14.66823245	16.796422648000004	0.11692307692307692	2.923076923076923	1.517160224870463	6.0	0.2276923076923077	5.6923076923076925	2.16207220347003	9.0	0.36615384615384616	9.153846153846153	3.034320449740926	14.0	0.5261538461538462	13.153846153846153	3.4383840982503093	20.0	0.20534784455025448	0.3414296896798449	0.4532224657699006	0.5467775342300993	2039.3330249126764	0.012749266393659914	0.038461538461538464	0.6153846153846154	94.72423076923077	3.4740457163159575	82.62	91.345
G3S-83ba16a2ad335359	S1	4L59	d02ecebdcea683ffa27e170086f696648d8bd3cd08c553c8a62ef7e3ed8972cf	1	A	47;50;53;55;71;74;78;103;183	274;277;280;282;298;301;305;330;410	47;50;53;55;71;74;78;103;183		False	False	9.0	85.0	1.0	0.0	0.0	0.1111111111111111	0.1111111111111111	0.1111111111111111	0.1111111111111111	0.0	0.2222222222222222	0.0	0.0	0.0	0.0	0.0	0.0	0.0	0.0	0.0	0.0	0.1111111111111111	0.0	0.2222222222222222	0.0	0.6588235294117647	0.15294117647058825	0.17647058823529413	0.011764705882352941	0.0	0.0	0.0	6.997501379313533	12.636300410257348	19.52	15.325	12.998999999999995	5.31480738284703	3.7121140113144895	2.634019286894491	0.0	0.16666666666666666	0.19444444444444445	0.2777777777777778	0.16666666666666666	0.19444444444444445	0.0	0.0	0.0	0.3611111111111111	2.888888888888889	1.0999438818457405	0.4444444444444444	0.5555555555555556	0.2222222222222222	0.2222222222222222	0.3333333333333333	0.1111111111111111	0.0	0.0	0.0	0.0	0.0	0.0	0.0	0.0	0.0	0.5555555555555556	0.2222222222222222	0.2222222222222222	0.1111111111111111	0.1111111111111111	0.1111111111111111	0.1111111111111111	0.0	0.4444444444444444	0.2222222222222222	0.3333333333333333	0.1111111111111111	0.1111111111111111	0.2222222222222222	0.0	0.0	5.4664508099999995	6.374556645	9.301621095000002	11.505627180000001	13.258792745000001	0.16666666666666666	1.3333333333333333	0.816496580927726	3.0	0.3611111111111111	2.888888888888889	1.0999438818457405	4.0	0.6388888888888888	5.111111111111111	1.1967032904743342	7.0	0.8055555555555556	6.444444444444445	1.4989708403591155	8.0	0.48468834661616	0.31824420316801577	0.19706745021582422	0.8029325497841757	364.05604628854337	0.024721468278724273	0.4444444444444444	0.5555555555555556	37.678888888888885	2.6721919610206166	33.77	34.186
G3S-83ba16a2ad335359	S2	AF-Q96JM7-F1	71118bdad6d9739cef104ad020ae35381121eab05b0e4532057b9f8a3cf06743	1	A	274;277;280;282;298;301;305;330;410	274;277;280;282;298;301;305;330;410	274;277;280;282;298;301;305;330;410	95.25555555555555	False	False	9.0	85.0	1.0	0.0	0.0	0.1111111111111111	0.1111111111111111	0.1111111111111111	0.1111111111111111	0.0	0.2222222222222222	0.0	0.0	0.0	0.0	0.0	0.0	0.0	0.0	0.0	0.0	0.1111111111111111	0.0	0.2222222222222222	0.0	0.6588235294117647	0.15294117647058825	0.17647058823529413	0.011764705882352941	0.0	0.0	0.0	7.293706242705343	12.373584396673087	21.122	14.732	13.753	5.727796426270039	3.656184976982233	2.6500585405187715	0.0	0.1388888888888889	0.25	0.16666666666666666	0.19444444444444445	0.16666666666666666	0.08333333333333333	0.0	0.0	0.3888888888888889	3.111111111111111	1.0999438818457405	0.4444444444444444	0.5555555555555556	0.2222222222222222	0.2222222222222222	0.3333333333333333	0.1111111111111111	0.0	0.0	0.0	0.0	0.0	0.0	0.0	0.0	0.0	0.6666666666666666	0.2222222222222222	0.3333333333333333	0.2222222222222222	0.1111111111111111	0.1111111111111111	0.1111111111111111	0.0	0.3333333333333333	0.2222222222222222	0.2222222222222222	0.0	0.1111111111111111	0.2222222222222222	0.0	0.0	5.64699896	6.674816760000001	9.375806615	11.8289570525	13.357770425	0.1388888888888889	1.1111111111111112	0.7370277311900889	2.0	0.3888888888888889	3.111111111111111	1.0999438818457405	5.0	0.5555555555555556	4.444444444444445	1.4229164972072998	6.0	0.75	6.0	1.4142135623730951	8.0	0.6011929858885333	0.23105673740847005	0.16775027670299666	0.8322497232970033	371.61742860529284	0.024218455075634242	0.4444444444444444	0.5555555555555556	95.25555555555555	2.126510501638835	92.06	92.364
G3S-8468ef8a559bdade	S1	5LL5	24fc261b66566b655a2cef62073418249190cfc29afd40fdf1bdceba0ed581ed	1	C	69;88;89;91;93;104;117;118;119;129;130;131;133;139;141;196;197;198;199;200;201;203;206;208	97;116;117;119;121;132;145;146;147;157;158;159;161;167;169;224;225;226;227;228;229;231;234;236	69;88;89;91;93;104;117;118;119;129;130;131;133;139;141;196;197;198;199;200;201;203;206;208		False	False	24.0	189.0	1.0	0.0	0.041666666666666664	0.0	0.0	0.041666666666666664	0.0	0.0	0.125	0.041666666666666664	0.041666666666666664	0.08333333333333333	0.0	0.041666666666666664	0.08333333333333333	0.041666666666666664	0.0	0.125	0.16666666666666666	0.125	0.041666666666666664	0.0	0.0	0.6349206349206349	0.17989417989417988	0.18518518518518517	0.0	0.0	0.0	0.0	8.699339589588426	15.36636449505761	21.128999999999998	20.705	20.383000000000003	5.841620903584685	4.996040707459154	4.073518351891153	0.007246376811594203	0.10144927536231885	0.10869565217391304	0.14130434782608695	0.18840579710144928	0.33695652173913043	0.09782608695652174	0.018115942028985508	0.0	0.21739130434782608	5.0	1.632993161855452	0.3333333333333333	0.16666666666666666	0.16666666666666666	0.041666666666666664	0.375	0.3333333333333333	0.08333333333333333	0.041666666666666664	0.041666666666666664	0.0	0.0	0.0	0.0	0.0	0.0	0.5	0.16666666666666666	0.08333333333333333	0.08333333333333333	0.0	0.25	0.16666666666666666	0.0	0.4583333333333333	0.125	0.08333333333333333	0.08333333333333333	0.041666666666666664	0.125	0.16666666666666666	0.08333333333333333	5.85142758	8.5693351725	11.676073795	14.464947255	16.372923725	0.10869565217391304	2.5	0.9128709291752769	4.0	0.21739130434782608	5.0	1.632993161855452	9.0	0.358695652173913	8.25	2.7118566825454966	13.0	0.5471014492753623	12.583333333333334	3.522743564641375	19.0	0.28575339940365446	0.2903683944172883	0.4238782061790572	0.5761217938209429	1850.1105512170243	0.012972197787971384	0.041666666666666664	0.6666666666666666	13.144583333333335	4.932006842356928	8.74	9.296
G3S-8468ef8a559bdade	S2	AF-O43570-F1	0f6192f3508ce3788f36f6f7c675c41ceb8875e7e2e63383292efb92658dd472	1	A	97;116;117;119;121;132;145;146;147;157;158;159;161;167;169;224;225;226;227;228;229;231;234;236	97;116;117;119;121;132;145;146;147;157;158;159;161;167;169;224;225;226;227;228;229;231;234;236	97;116;117;119;121;132;145;146;147;157;158;159;161;167;169;224;225;226;227;228;229;231;234;236	98.32958333333333	False	False	24.0	189.0	1.0	0.0	0.041666666666666664	0.0	0.0	0.041666666666666664	0.0	0.0	0.125	0.041666666666666664	0.041666666666666664	0.08333333333333333	0.0	0.041666666666666664	0.08333333333333333	0.041666666666666664	0.0	0.125	0.16666666666666666	0.125	0.041666666666666664	0.0	0.0	0.6349206349206349	0.17989417989417988	0.18518518518518517	0.0	0.0	0.0	0.0	8.720172774023043	15.403076672932764	24.309	22.123	21.955	5.825828543088328	5.057771537107717	4.064490383033661	0.007246376811594203	0.09782608695652174	0.11231884057971014	0.14492753623188406	0.17028985507246377	0.3442028985507246	0.10869565217391304	0.014492753623188406	0.0	0.21739130434782608	5.0	1.707825127659933	0.3333333333333333	0.16666666666666666	0.16666666666666666	0.041666666666666664	0.375	0.3333333333333333	0.08333333333333333	0.041666666666666664	0.041666666666666664	0.0	0.0	0.0	0.0	0.0	0.0	0.5	0.20833333333333334	0.125	0.08333333333333333	0.0	0.20833333333333334	0.16666666666666666	0.0	0.4583333333333333	0.08333333333333333	0.041666666666666664	0.08333333333333333	0.041666666666666664	0.16666666666666666	0.16666666666666666	0.08333333333333333	5.891366509999999	8.627651685	11.761839745	14.6103031325	16.489951255	0.10507246376811594	2.4166666666666665	0.9090593428863095	4.0	0.21739130434782608	5.0	1.707825127659933	9.0	0.36231884057971014	8.333333333333334	2.7028791233711424	13.0	0.532608695652174	12.25	3.3819373146171707	19.0	0.2555458858897104	0.3230766486982626	0.42137746541202703	0.578622534587973	1882.0374051437293	0.012752137621923164	0.041666666666666664	0.625	98.32958333333333	0.7059301143802323	96.25	97.361
G3S-95eff58067253a12	S1	4PX3	577e4c36688e9a0978ce0527cdf07fd554a414040c84f0d1ac378a2987ea00e0	1	A	21;22;23;36;39;40;41;43;44;193;194;195;221;225;226;227;228;229;239;525;526;527;529;530;532;533;536	9;10;11;24;27;28;29;31;32;181;182;183;209;213;214;215;216;217;227;513;514;515;517;518;520;521;524	21;22;23;36;39;40;41;43;44;193;194;195;221;225;226;227;228;229;239;525;526;527;529;530;532;533;536		False	False	27.0	219.0	1.0	0.0	0.1111111111111111	0.0	0.037037037037037035	0.037037037037037035	0.0	0.037037037037037035	0.037037037037037035	0.037037037037037035	0.037037037037037035	0.1111111111111111	0.037037037037037035	0.07407407407407407	0.037037037037037035	0.037037037037037035	0.1111111111111111	0.07407407407407407	0.037037037037037035	0.07407407407407407	0.037037037037037035	0.037037037037037035	0.0	0.6255707762557078	0.1963470319634703	0.1735159817351598	0.0045662100456621	0.0	0.0	0.0	8.831593771069095	14.394869525603946	24.680999999999997	19.673	18.296	5.874060275474361	4.839278568448456	4.480384732836682	0.008547008547008548	0.09401709401709402	0.10541310541310542	0.12535612535612536	0.1794871794871795	0.32763532763532766	0.150997150997151	0.008547008547008548	0.0	0.20797720797720798	5.407407407407407	1.6613082586670966	0.4444444444444444	0.1111111111111111	0.18518518518518517	0.07407407407407407	0.25925925925925924	0.25925925925925924	0.07407407407407407	0.0	0.0	0.0	0.0	0.0	0.0	0.0	0.0	0.2962962962962963	0.14814814814814814	0.037037037037037035	0.07407407407407407	0.037037037037037035	0.0	0.037037037037037035	0.037037037037037035	0.7037037037037037	0.2962962962962963	0.07407407407407407	0.1111111111111111	0.037037037037037035	0.25925925925925924	0.2222222222222222	0.037037037037037035	5.99536337	8.817564475	11.79468173	14.45806722	16.88317195	0.10256410256410256	2.6666666666666665	0.9026709338484399	5.0	0.20797720797720798	5.407407407407407	1.6613082586670966	9.0	0.3333333333333333	8.666666666666666	2.160246899469287	13.0	0.5128205128205128	13.333333333333334	2.748737083745107	19.0	0.36157204960279066	0.10106320573612515	0.5373647446610842	0.4626352553389158	1932.871466328943	0.013968854354956392	0.0	0.6666666666666666	38.39333333333334	8.029237314455955	30.16	30.812
G3S-95eff58067253a12	S2	AF-Q14397-F1	c2ed66ad01cbcab0f24bdb7d0452727c9a0e4e0ed0651a4a4f5b7aa445f50dc9	1	A	9;10;11;24;27;28;29;31;32;181;182;183;209;213;214;215;216;217;227;513;514;515;517;518;520;521;524	9;10;11;24;27;28;29;31;32;181;182;183;209;213;214;215;216;217;227;513;514;515;517;518;520;521;524	9;10;11;24;27;28;29;31;32;181;182;183;209;213;214;215;216;217;227;513;514;515;517;518;520;521;524	90.96962962962964	False	False	27.0	219.0	1.0	0.0	0.1111111111111111	0.0	0.037037037037037035	0.037037037037037035	0.0	0.037037037037037035	0.037037037037037035	0.037037037037037035	0.037037037037037035	0.1111111111111111	0.037037037037037035	0.07407407407407407	0.037037037037037035	0.037037037037037035	0.1111111111111111	0.07407407407407407	0.037037037037037035	0.07407407407407407	0.037037037037037035	0.037037037037037035	0.0	0.6255707762557078	0.1963470319634703	0.1735159817351598	0.0045662100456621	0.0	0.0	0.0	13.14915849627303	30.825681434615255	38.504	29.884	25.048	10.971217017477121	5.600398763891902	4.600902085561884	0.011396011396011397	0.08547008547008547	0.07692307692307693	0.09686609686609686	0.15954415954415954	0.23076923076923078	0.10826210826210826	0.10256410256410256	0.1282051282051282	0.1737891737891738	4.518518518518518	2.3312748121268467	0.4444444444444444	0.1111111111111111	0.18518518518518517	0.07407407407407407	0.25925925925925924	0.25925925925925924	0.07407407407407407	0.5185185185185185	0.18518518518518517	0.0	0.1111111111111111	0.037037037037037035	0.1111111111111111	0.18518518518518517	0.07407407407407407	0.37037037037037035	0.18518518518518517	0.07407407407407407	0.037037037037037035	0.037037037037037035	0.14814814814814814	0.07407407407407407	0.0	0.1111111111111111	0.07407407407407407	0.037037037037037035	0.037037037037037035	0.0	0.0	0.0	0.0	6.17332785	9.681300145	13.1693663	19.023827365000002	32.23569196	0.09686609686609686	2.5185185185185186	1.0317324649766013	4.0	0.1737891737891738	4.518518518518518	2.3312748121268467	10.0	0.2706552706552707	7.037037037037037	3.1561988563540293	12.0	0.4301994301994302	11.185185185185185	4.730022606139989	18.0	0.7501218121002942	0.08016697647672427	0.1697112114229816	0.8302887885770184	4191.687341935298	0.006441320117051986	0.18518518518518517	0.6296296296296297	90.96962962962964	10.039073840077554	62.5	74.264
G3S-a0eeacac2c679281	S1	7Z63	1fdf12b22d18218a50923ed29d49a0eb9b48504f11a4670259603e6ba4aca463	1	C	36;37;38;40;49;50;51;52;53;55;62;100;101;104;105;107;108	37;38;39;41;50;51;52;53;54;56;63;101;102;105;106;108;109	36;37;38;40;49;50;51;52;53;55;62;100;101;104;105;107;108		False	False	17.0	139.0	1.0	0.0	0.0	0.058823529411764705	0.11764705882352941	0.058823529411764705	0.0	0.058823529411764705	0.058823529411764705	0.0	0.0	0.058823529411764705	0.0	0.11764705882352941	0.11764705882352941	0.11764705882352941	0.0	0.0	0.058823529411764705	0.058823529411764705	0.0	0.11764705882352941	0.0	0.6115107913669064	0.16546762589928057	0.2158273381294964	0.007194244604316547	0.0	0.0	0.0	7.964557056786779	14.038725860065805	21.647	19.974	13.312999999999999	5.507714063724319	5.276123731087459	2.2938555484862535	0.022058823529411766	0.13970588235294118	0.15441176470588236	0.16176470588235295	0.15441176470588236	0.27205882352941174	0.09558823529411764	0.0	0.0	0.3161764705882353	5.0588235294117645	1.3490994048446725	0.23529411764705882	0.17647058823529413	0.058823529411764705	0.17647058823529413	0.47058823529411764	0.17647058823529413	0.17647058823529413	0.058823529411764705	0.058823529411764705	0.058823529411764705	0.0	0.0	0.058823529411764705	0.0	0.0	0.4117647058823529	0.058823529411764705	0.058823529411764705	0.058823529411764705	0.058823529411764705	0.17647058823529413	0.17647058823529413	0.058823529411764705	0.5294117647058824	0.11764705882352941	0.058823529411764705	0.0	0.11764705882352941	0.23529411764705882	0.0	0.11764705882352941	5.305574785	7.3570779925	10.29371931	13.263359417499998	15.835661255	0.16176470588235295	2.588235294117647	0.973702668073344	4.0	0.3161764705882353	5.0588235294117645	1.3490994048446725	7.0	0.47794117647058826	7.647058823529412	2.349998159463315	12.0	0.6323529411764706	10.117647058823529	2.928206697565563	16.0	0.1291573815524234	0.7284012065422292	0.1424414119053475	0.8575585880946525	813.1861220859112	0.020905423172241484	0.11764705882352941	0.8235294117647058	9.335235294117648	2.2058327366969004	6.729	7.0022
G3S-a0eeacac2c679281	S2	AF-Q05097-F1	76c86d3029eed2804c63b4a3789e3145a3e0150de2d1052047e0fc3144d8aa10	1	A	37;38;39;41;50;51;52;53;54;56;63;101;102;105;106;108;109	37;38;39;41;50;51;52;53;54;56;63;101;102;105;106;108;109	37;38;39;41;50;51;52;53;54;56;63;101;102;105;106;108;109	90.84588235294119	False	False	17.0	139.0	1.0	0.0	0.0	0.058823529411764705	0.11764705882352941	0.058823529411764705	0.0	0.058823529411764705	0.058823529411764705	0.0	0.0	0.058823529411764705	0.0	0.11764705882352941	0.11764705882352941	0.11764705882352941	0.0	0.0	0.058823529411764705	0.058823529411764705	0.0	0.11764705882352941	0.0	0.6115107913669064	0.16546762589928057	0.2158273381294964	0.007194244604316547	0.0	0.0	0.0	8.129343436830442	14.015030978275899	21.109	20.669	13.045000000000002	5.885363178891813	5.070892859510615	2.3947381013060514	0.029411764705882353	0.125	0.16911764705882354	0.1323529411764706	0.16911764705882354	0.25735294117647056	0.11764705882352941	0.0	0.0	0.3235294117647059	5.176470588235294	1.4239668749306122	0.23529411764705882	0.17647058823529413	0.058823529411764705	0.17647058823529413	0.47058823529411764	0.17647058823529413	0.17647058823529413	0.058823529411764705	0.058823529411764705	0.058823529411764705	0.0	0.0	0.058823529411764705	0.0	0.0	0.29411764705882354	0.058823529411764705	0.058823529411764705	0.058823529411764705	0.058823529411764705	0.11764705882352941	0.11764705882352941	0.0	0.6470588235294118	0.11764705882352941	0.058823529411764705	0.0	0.11764705882352941	0.29411764705882354	0.058823529411764705	0.17647058823529413	5.425796395	7.31865244	10.34221471	13.9259054425	16.347877015	0.15441176470588236	2.4705882352941178	1.1939872429520257	4.0	0.3235294117647059	5.176470588235294	1.4239668749306122	8.0	0.45588235294117646	7.294117647058823	2.1078203373139903	11.0	0.625	10.0	2.7224556389190906	15.0	0.33049073356406566	0.5324306828735528	0.1370785835623815	0.8629214164376184	943.6578515872452	0.018015004030757304	0.058823529411764705	0.7647058823529411	90.84588235294119	7.125562977819021	72.94	80.704
G3S-b6b157cccce7111a	S1	5V9T	88079036fa5ab6345d0cccf1d4d751910344b2b4c2530bf7bb03ecee13922960	1	B	399;400;401;402;460;462;463;464;465;468;469;470;473;475;480;481;482;483;491;493;555;561;564;565;571;573;574;575	409;410;411;412;470;472;473;474;475;478;479;480;483;485;490;491;492;493;501;503;565;571;574;575;581;583;584;585	399;400;401;402;460;462;463;464;465;468;469;470;473;475;480;481;482;483;491;493;555;561;564;565;571;573;574;575		False	False	28.0	234.0	1.0	0.0	0.10714285714285714	0.0	0.03571428571428571	0.03571428571428571	0.07142857142857142	0.07142857142857142	0.07142857142857142	0.03571428571428571	0.03571428571428571	0.0	0.03571428571428571	0.10714285714285714	0.0	0.0	0.0	0.10714285714285714	0.03571428571428571	0.07142857142857142	0.07142857142857142	0.10714285714285714	0.0	0.6538461538461539	0.1623931623931624	0.1794871794871795	0.004273504273504274	0.0	0.0	0.0	9.587452857728353	18.171901409880277	33.489	22.886	18.270999999999994	7.325440618772755	5.055861897885257	3.563065044243495	0.018518518518518517	0.06878306878306878	0.12169312169312169	0.11904761904761904	0.14814814814814814	0.2804232804232804	0.19047619047619047	0.05291005291005291	0.0	0.20899470899470898	5.642857142857143	1.368374575762001	0.5	0.32142857142857145	0.10714285714285714	0.07142857142857142	0.35714285714285715	0.32142857142857145	0.07142857142857142	0.03571428571428571	0.03571428571428571	0.03571428571428571	0.0	0.0	0.03571428571428571	0.0	0.0	0.6071428571428571	0.25	0.17857142857142858	0.10714285714285714	0.03571428571428571	0.14285714285714285	0.25	0.07142857142857142	0.35714285714285715	0.21428571428571427	0.10714285714285714	0.0	0.03571428571428571	0.17857142857142858	0.07142857142857142	0.0	6.369588462	8.738937935000001	12.256141325	15.825866187499999	18.809076873	0.0873015873015873	2.357142857142857	1.076179940951383	5.0	0.20899470899470898	5.642857142857143	1.368374575762001	8.0	0.328042328042328	8.857142857142858	1.7670452681218545	12.0	0.47619047619047616	12.857142857142858	2.799416848895061	21.0	0.5985923003259898	0.18844293800549103	0.21296476166851927	0.7870352383314807	2095.818253624216	0.013359937080221866	0.0	0.5714285714285714	53.730714285714285	25.778771433733084	35.84	40.403999999999996
G3S-b6b157cccce7111a	S2	AF-P29375-F1	7254a9e2557d8b5e43e892efa9550265a37d825721cfcc7452f9ec811ad147bb	1	A	409;410;411;412;470;472;473;474;475;478;479;480;483;485;490;491;492;493;501;503;565;571;574;575;581;583;584;585	409;410;411;412;470;472;473;474;475;478;479;480;483;485;490;491;492;493;501;503;565;571;574;575;581;583;584;585	409;410;411;412;470;472;473;474;475;478;479;480;483;485;490;491;492;493;501;503;565;571;574;575;581;583;584;585	95.5882142857143	False	False	28.0	234.0	1.0	0.0	0.10714285714285714	0.0	0.03571428571428571	0.03571428571428571	0.07142857142857142	0.07142857142857142	0.07142857142857142	0.03571428571428571	0.03571428571428571	0.0	0.03571428571428571	0.10714285714285714	0.0	0.0	0.0	0.10714285714285714	0.03571428571428571	0.07142857142857142	0.07142857142857142	0.10714285714285714	0.0	0.6538461538461539	0.1623931623931624	0.1794871794871795	0.004273504273504274	0.0	0.0	0.0	9.431128485115536	18.57156489723698	34.047	19.628	17.106	7.301602332266135	4.800879240220041	3.547442234205885	0.015873015873015872	0.06878306878306878	0.13756613756613756	0.1111111111111111	0.15608465608465608	0.2830687830687831	0.1693121693121693	0.0582010582010582	0.0	0.2222222222222222	6.0	1.625686668105863	0.5	0.32142857142857145	0.10714285714285714	0.07142857142857142	0.35714285714285715	0.32142857142857145	0.07142857142857142	0.03571428571428571	0.03571428571428571	0.03571428571428571	0.0	0.0	0.03571428571428571	0.0	0.0	0.7142857142857143	0.32142857142857145	0.21428571428571427	0.10714285714285714	0.03571428571428571	0.21428571428571427	0.2857142857142857	0.07142857142857142	0.25	0.14285714285714285	0.07142857142857142	0.0	0.03571428571428571	0.10714285714285714	0.03571428571428571	0.0	6.1513966	8.6141822475	12.13766988	15.572428515	18.647097666	0.08465608465608465	2.2857142857142856	1.4846149779161806	6.0	0.2222222222222222	6.0	1.625686668105863	9.0	0.3333333333333333	9.0	2.0873770280289223	13.0	0.4894179894179894	13.214285714285714	2.90759034814966	19.0	0.6369819329278892	0.15335790496522123	0.20966016210688965	0.7903398378931104	1964.1110010894647	0.014255813436444678	0.0	0.5714285714285714	95.5882142857143	2.9290991467044076	86.19	91.381
G3S-c6c69878bad91dca	S1	1UWH	3db0ec6c19b3686cb2842b0893be62505d82e251d4f64f42ee4a4a2170898982	1	B	16;24;25;34;35;36;54;57;58;61;66;67;80;81;82;83;84;85;86;87;88;120;125;126;127;136;145;146;147;148	463;471;472;481;482;483;501;504;505;508;513;514;527;528;529;530;531;532;533;534;535;567;572;573;574;583;592;593;594;595	16;24;25;34;35;36;54;57;58;61;66;67;80;81;82;83;84;85;86;87;88;120;125;126;127;136;145;146;147;148		False	False	30.0	241.0	1.0	0.0	0.03333333333333333	0.03333333333333333	0.03333333333333333	0.06666666666666667	0.06666666666666667	0.06666666666666667	0.03333333333333333	0.2	0.03333333333333333	0.1	0.0	0.0	0.0	0.03333333333333333	0.0	0.03333333333333333	0.06666666666666667	0.13333333333333333	0.03333333333333333	0.03333333333333333	0.0	0.6804979253112033	0.14522821576763487	0.17012448132780084	0.004149377593360996	0.0	0.0	0.0	10.169157221567549	19.119953870794262	30.78	22.979000000000003	19.937999999999988	7.8527065034137715	5.228359628738881	3.796184236937918	0.0022988505747126436	0.08275862068965517	0.08045977011494253	0.11264367816091954	0.16551724137931034	0.271264367816092	0.16091954022988506	0.12413793103448276	0.0	0.16551724137931034	4.8	1.4	0.6	0.16666666666666666	0.06666666666666667	0.1	0.2	0.23333333333333334	0.06666666666666667	0.13333333333333333	0.06666666666666667	0.03333333333333333	0.0	0.0	0.03333333333333333	0.06666666666666667	0.03333333333333333	0.5	0.3333333333333333	0.06666666666666667	0.03333333333333333	0.06666666666666667	0.06666666666666667	0.06666666666666667	0.0	0.36666666666666664	0.2	0.06666666666666667	0.03333333333333333	0.03333333333333333	0.1	0.1	0.03333333333333333	6.410646554	9.53353854	12.80527633	16.498613605	21.00036791	0.08505747126436781	2.466666666666667	1.1756794725698931	5.0	0.16551724137931034	4.8	1.4	8.0	0.27816091954022987	8.066666666666666	2.365492666561356	13.0	0.4436781609195402	12.866666666666667	3.7034518432883066	20.0	0.5377273654008491	0.24425950971666976	0.21801312488248117	0.7819868751175189	2502.0699376972398	0.011990072518760312	0.03333333333333333	0.5333333333333333	52.81366666666667	7.905930889036547	37.58	45.87800000000001
G3S-c6c69878bad91dca	S2	AF-P15056-F1	6fb4416ea651ffe4cf093c28695f4f9ae231bf2121cbc0b72a26132e98d87d42	1	A	463;471;472;481;482;483;501;504;505;508;513;514;527;528;529;530;531;532;533;534;535;567;572;573;574;583;592;593;594;595	463;471;472;481;482;483;501;504;505;508;513;514;527;528;529;530;531;532;533;534;535;567;572;573;574;583;592;593;594;595	463;471;472;481;482;483;501;504;505;508;513;514;527;528;529;530;531;532;533;534;535;567;572;573;574;583;592;593;594;595	87.41633333333333	False	False	30.0	241.0	1.0	0.0	0.03333333333333333	0.03333333333333333	0.03333333333333333	0.06666666666666667	0.06666666666666667	0.06666666666666667	0.03333333333333333	0.2	0.03333333333333333	0.1	0.0	0.0	0.0	0.03333333333333333	0.0	0.03333333333333333	0.06666666666666667	0.13333333333333333	0.03333333333333333	0.03333333333333333	0.0	0.6804979253112033	0.14522821576763487	0.17012448132780084	0.004149377593360996	0.0	0.0	0.0	10.275276775947903	18.486307909469748	28.792	25.917	23.425	8.054421609087063	5.2123643378214455	3.679519448951575	0.004597701149425287	0.08275862068965517	0.09655172413793103	0.09655172413793103	0.14482758620689656	0.2827586206896552	0.16091954022988506	0.1310344827586207	0.0	0.1839080459770115	5.333333333333333	1.8135294011647256	0.6	0.16666666666666666	0.06666666666666667	0.1	0.2	0.23333333333333334	0.06666666666666667	0.13333333333333333	0.03333333333333333	0.0	0.0	0.03333333333333333	0.03333333333333333	0.06666666666666667	0.03333333333333333	0.43333333333333335	0.3333333333333333	0.1	0.03333333333333333	0.0	0.06666666666666667	0.06666666666666667	0.0	0.43333333333333335	0.23333333333333334	0.06666666666666667	0.03333333333333333	0.06666666666666667	0.1	0.1	0.03333333333333333	6.332673906	9.3767976	12.65248066	16.95144433	21.02320336	0.08735632183908046	2.533333333333333	1.1756794725698931	5.0	0.1839080459770115	5.333333333333333	1.8135294011647256	10.0	0.28045977011494255	8.133333333333333	2.717024516308644	14.0	0.42528735632183906	12.333333333333334	3.608631627393162	19.0	0.569019292768964	0.23696388408956862	0.1940168231414674	0.8059831768585326	2629.7589500768136	0.011407889684765107	0.06666666666666667	0.7	87.41633333333333	6.811312395974477	67.25	78.113
G3S-cf9073a054dd1e8c	S1	6NAD	cec1d3073d24620e49d03157f75b0cc360b7522adad29ac8c25157a08e1e31ed	1	B	17;21;22;23;28;55;56;57;59;60;62;63;94;96;97;98;99;100;101;102;103;104;112;113;114;115;116;124;127;132;133;136;137;211;212;215	281;285;286;287;292;319;320;321;323;324;326;327;358;360;361;362;363;364;365;366;367;368;376;377;378;379;380;388;391;396;397;400;401;475;476;479	17;21;22;23;28;55;56;57;59;60;62;63;94;96;97;98;99;100;101;102;103;104;112;113;114;115;116;124;127;132;133;136;137;211;212;215		False	False	36.0	295.0	1.0	0.0	0.08333333333333333	0.1111111111111111	0.0	0.05555555555555555	0.1111111111111111	0.027777777777777776	0.05555555555555555	0.05555555555555555	0.0	0.19444444444444445	0.05555555555555555	0.0	0.0	0.027777777777777776	0.08333333333333333	0.0	0.0	0.1111111111111111	0.0	0.027777777777777776	0.0	0.6677966101694915	0.1694915254237288	0.1423728813559322	0.020338983050847456	0.0	0.0	0.0	10.331144345473955	17.397915866755472	30.06585000000001	28.18554	21.059910000000002	6.948988665659324	5.999361195730326	4.738329373811188	0.0015873015873015873	0.06349206349206349	0.07936507936507936	0.09365079365079365	0.13968253968253969	0.3126984126984127	0.20476190476190476	0.10476190476190476	0.0	0.14444444444444443	5.055555555555555	2.0268262607727445	0.6388888888888888	0.19444444444444445	0.1388888888888889	0.05555555555555555	0.16666666666666666	0.2222222222222222	0.027777777777777776	0.027777777777777776	0.027777777777777776	0.0	0.0	0.0	0.0	0.0	0.0	0.4166666666666667	0.3055555555555556	0.08333333333333333	0.05555555555555555	0.0	0.05555555555555555	0.1111111111111111	0.0	0.5555555555555556	0.3055555555555556	0.1111111111111111	0.08333333333333333	0.05555555555555555	0.1111111111111111	0.1111111111111111	0.027777777777777776	6.590343777	10.20995663	13.61460714	16.8221427275	20.037445041	0.06507936507936508	2.2777777777777777	1.238527600533775	6.0	0.14444444444444443	5.055555555555555	2.0268262607727445	10.0	0.23809523809523808	8.333333333333334	2.6034165586355513	15.0	0.37777777777777777	13.222222222222221	3.8809442659051068	24.0	0.22423345845088305	0.2916261251530006	0.48414041639611627	0.5158595836038837	3812.273567374218	0.009443183801942036	0.08333333333333333	0.5555555555555556	84.90791666666668	24.65443809250961	69.04884	71.551385
G3S-cf9073a054dd1e8c	S2	AF-Q6I9R9-F1	b93c02179615fbee702a0fa760fc117664753256321f0e89872c003ddf8ee62d	1	A	281;285;286;287;292;319;320;321;323;324;326;327;358;360;361;362;363;364;365;366;367;368;376;377;378;379;380;388;391;396;397;400;401;475;476;479	281;285;286;287;292;319;320;321;323;324;326;327;358;360;361;362;363;364;365;366;367;368;376;377;378;379;380;388;391;396;397;400;401;475;476;479	281;285;286;287;292;319;320;321;323;324;326;327;358;360;361;362;363;364;365;366;367;368;376;377;378;379;380;388;391;396;397;400;401;475;476;479	95.06805555555555	False	False	36.0	295.0	1.0	0.0	0.08333333333333333	0.1111111111111111	0.0	0.05555555555555555	0.1111111111111111	0.027777777777777776	0.05555555555555555	0.05555555555555555	0.0	0.19444444444444445	0.05555555555555555	0.0	0.0	0.027777777777777776	0.08333333333333333	0.0	0.0	0.1111111111111111	0.0	0.027777777777777776	0.0	0.6677966101694915	0.1694915254237288	0.1423728813559322	0.020338983050847456	0.0	0.0	0.0	10.224628377918881	17.539203332058342	28.186999999999998	25.742	19.427	6.934446893013813	5.896522472034955	4.656983411104443	0.0015873015873015873	0.06666666666666667	0.08095238095238096	0.09206349206349207	0.14761904761904762	0.31587301587301586	0.20476190476190476	0.09047619047619047	0.0	0.1492063492063492	5.222222222222222	1.6685174908534672	0.6388888888888888	0.19444444444444445	0.1388888888888889	0.05555555555555555	0.16666666666666666	0.2222222222222222	0.027777777777777776	0.027777777777777776	0.027777777777777776	0.0	0.0	0.0	0.0	0.0	0.0	0.4166666666666667	0.3055555555555556	0.08333333333333333	0.05555555555555555	0.0	0.05555555555555555	0.1111111111111111	0.0	0.5555555555555556	0.3055555555555556	0.1111111111111111	0.08333333333333333	0.05555555555555555	0.1111111111111111	0.1111111111111111	0.027777777777777776	6.750321265	10.072127365	13.413230845000001	16.6819830875	19.729378272	0.06825396825396825	2.388888888888889	1.3182011686338524	5.0	0.1492063492063492	5.222222222222222	1.6685174908534672	8.0	0.24126984126984127	8.444444444444445	2.6399120823370494	16.0	0.3888888888888889	13.61111111111111	3.7213929424475944	25.0	0.24297920374976384	0.28688257876655154	0.4701382174836846	0.5298617825163154	3604.103952781403	0.009988613112065661	0.027777777777777776	0.6388888888888888	95.06805555555555	3.002612584108532	84.44	91.095
G3S-da8fc773cdc768de	S1	6HUP	4f4b5930e823407f183d68b375abd4d980ee8c8d5aadae1eddee6dfae220b844	1	D	135;137;138;193;194;195;196;238;239;240;241;242;245;247	127;129;130;185;186;187;188;230;231;232;233;234;237;239	135;137;138;193;194;195;196;238;239;240;241;242;245;247		False	False	14.0	110.0	1.0	0.0	0.07142857142857142	0.0	0.0	0.0	0.07142857142857142	0.07142857142857142	0.07142857142857142	0.0	0.0	0.0	0.0	0.07142857142857142	0.0	0.07142857142857142	0.0	0.21428571428571427	0.07142857142857142	0.14285714285714285	0.0	0.14285714285714285	0.0	0.6363636363636364	0.16363636363636364	0.2	0.0	0.0	0.0	0.0	7.582589537598779	13.092306640116643	19.081999999999994	18.564999999999998	15.804999999999993	5.662993747635222	4.127427738207437	2.896637045924583	0.03296703296703297	0.15384615384615385	0.13186813186813187	0.18681318681318682	0.15384615384615385	0.2857142857142857	0.054945054945054944	0.0	0.0	0.31868131868131866	4.142857142857143	1.8461211404742979	0.42857142857142855	0.2857142857142857	0.07142857142857142	0.0	0.5714285714285714	0.42857142857142855	0.07142857142857142	0.07142857142857142	0.07142857142857142	0.07142857142857142	0.0	0.0	0.07142857142857142	0.0	0.0	0.5714285714285714	0.2857142857142857	0.21428571428571427	0.07142857142857142	0.0	0.21428571428571427	0.21428571428571427	0.07142857142857142	0.35714285714285715	0.07142857142857142	0.0	0.0	0.0	0.2857142857142857	0.21428571428571427	0.0	5.54638959	7.2161857650000005	9.8133303	13.167649195	15.13693579	0.18681318681318682	2.4285714285714284	0.9035079029052512	4.0	0.31868131868131866	4.142857142857143	1.8461211404742979	9.0	0.5054945054945055	6.571428571428571	2.258769757263128	12.0	0.6593406593406593	8.571428571428571	2.094696899802168	12.0	0.49242099526722305	0.2876995497691365	0.21987945496364047	0.7801205450363595	709.1679942527957	0.01974144365433594	0.14285714285714285	0.6428571428571429	69.47571428571428	6.488542334966541	58.97	62.848
G3S-da8fc773cdc768de	S2	AF-P14867-F1	573679e4beec753bc714a5b813554009a531a85abbc277fe7bce30c8ae45f8a6	1	A	127;129;130;185;186;187;188;230;231;232;233;234;237;239	127;129;130;185;186;187;188;230;231;232;233;234;237;239	127;129;130;185;186;187;188;230;231;232;233;234;237;239	96.34357142857142	False	False	14.0	110.0	1.0	0.0	0.07142857142857142	0.0	0.0	0.0	0.07142857142857142	0.07142857142857142	0.07142857142857142	0.0	0.0	0.0	0.0	0.07142857142857142	0.0	0.07142857142857142	0.0	0.21428571428571427	0.07142857142857142	0.14285714285714285	0.0	0.14285714285714285	0.0	0.6363636363636364	0.16363636363636364	0.2	0.0	0.0	0.0	0.0	7.504694732500219	13.154302485194096	18.757	17.725	13.228	5.5925497357651075	4.036575373604999	2.9580212531717573	0.03296703296703297	0.14285714285714285	0.15384615384615385	0.17582417582417584	0.15384615384615385	0.2857142857142857	0.054945054945054944	0.0	0.0	0.32967032967032966	4.285714285714286	1.5319721849662298	0.42857142857142855	0.2857142857142857	0.07142857142857142	0.0	0.5714285714285714	0.42857142857142855	0.07142857142857142	0.07142857142857142	0.07142857142857142	0.07142857142857142	0.0	0.0	0.07142857142857142	0.0	0.0	0.6428571428571429	0.35714285714285715	0.21428571428571427	0.07142857142857142	0.0	0.21428571428571427	0.2857142857142857	0.07142857142857142	0.2857142857142857	0.0	0.0	0.0	0.0	0.2857142857142857	0.14285714285714285	0.0	5.42667757	6.9271084300000005	9.99376487	12.98534282	15.02920404	0.17582417582417584	2.2857142857142856	1.1605769149479943	5.0	0.32967032967032966	4.285714285714286	1.5319721849662298	8.0	0.5054945054945055	6.571428571428571	2.1618208500602223	12.0	0.6593406593406593	8.571428571428571	1.8789923482808437	12.0	0.49470629856669346	0.26114323273004847	0.24415046870325802	0.7558495312967419	715.4792250103758	0.01956730469678833	0.07142857142857142	0.7857142857142857	96.34357142857142	1.2906565723518795	93.19	94.65
G3S-de0a2a7c1887af78	S1	5MWH	45c315db1b902a49ad11c9853b90f4933ee87dfdfc95b94c4acab7984db33224	1	B	26;27;28;29;30;31;32;33;34;37;38;41;76;79;80;83;84;89;90	650;651;652;653;654;655;656;657;658;661;662;665;700;703;704;707;708;713;714	26;27;28;29;30;31;32;33;34;37;38;41;76;79;80;83;84;89;90		False	False	19.0	156.0	1.0	0.0	0.0	0.05263157894736842	0.0	0.10526315789473684	0.10526315789473684	0.05263157894736842	0.0	0.15789473684210525	0.0	0.0	0.0	0.15789473684210525	0.10526315789473684	0.0	0.0	0.05263157894736842	0.0	0.10526315789473684	0.0	0.10526315789473684	0.0	0.6666666666666666	0.14102564102564102	0.1858974358974359	0.00641025641025641	0.0	0.0	0.0	8.317711805545054	12.89939923936627	21.739	19.481	18.814	5.620156030226482	4.8003521344566416	3.8150747386165365	0.017543859649122806	0.10526315789473684	0.10526315789473684	0.16374269005847952	0.15789473684210525	0.3333333333333333	0.11695906432748537	0.0	0.0	0.22807017543859648	4.105263157894737	1.372463664253189	0.47368421052631576	0.21052631578947367	0.0	0.10526315789473684	0.3684210526315789	0.15789473684210525	0.15789473684210525	0.0	0.0	0.0	0.0	0.0	0.0	0.0	0.0	0.21052631578947367	0.21052631578947367	0.10526315789473684	0.0	0.0	0.0	0.0	0.0	0.7894736842105263	0.2631578947368421	0.10526315789473684	0.0	0.10526315789473684	0.3684210526315789	0.15789473684210525	0.15789473684210525	5.69741457	8.288456105000002	11.39283015	13.883576685000001	16.42248332	0.12280701754385964	2.210526315789474	0.7663273567663704	3.0	0.22807017543859648	4.105263157894737	1.372463664253189	7.0	0.391812865497076	7.052631578947368	2.5644058347536487	13.0	0.5497076023391813	9.894736842105264	2.7317766889181008	15.0	0.29073802691942724	0.2618526583747309	0.4474093147058419	0.5525906852941581	1382.9603545119182	0.013738644016809565	0.10526315789473684	0.6842105263157895	36.74684210526316	9.077312987901895	26.37	26.916
G3S-de0a2a7c1887af78	S2	AF-P55201-F1	856d5172c9c5c0fe58f0bf6338e07bddd4e4fb54b59d55fbeac9fe1fbe1958fd	1	A	650;651;652;653;654;655;656;657;658;661;662;665;700;703;704;707;708;713;714	650;651;652;653;654;655;656;657;658;661;662;665;700;703;704;707;708;713;714	650;651;652;653;654;655;656;657;658;661;662;665;700;703;704;707;708;713;714	93.65368421052632	False	False	19.0	156.0	1.0	0.0	0.0	0.05263157894736842	0.0	0.10526315789473684	0.10526315789473684	0.05263157894736842	0.0	0.15789473684210525	0.0	0.0	0.0	0.15789473684210525	0.10526315789473684	0.0	0.0	0.05263157894736842	0.0	0.10526315789473684	0.0	0.10526315789473684	0.0	0.6666666666666666	0.14102564102564102	0.1858974358974359	0.00641025641025641	0.0	0.0	0.0	8.30598969892801	12.542140539030378	19.758	18.048000000000002	17.401999999999997	5.531593624692071	4.795900534526501	3.923044087554037	0.017543859649122806	0.1111111111111111	0.10526315789473684	0.14035087719298245	0.16374269005847952	0.36257309941520466	0.09941520467836257	0.0	0.0	0.23391812865497075	4.2105263157894735	1.2388002416778758	0.47368421052631576	0.21052631578947367	0.0	0.10526315789473684	0.3684210526315789	0.15789473684210525	0.15789473684210525	0.0	0.0	0.0	0.0	0.0	0.0	0.0	0.0	0.21052631578947367	0.21052631578947367	0.10526315789473684	0.0	0.0	0.0	0.0	0.0	0.7894736842105263	0.2631578947368421	0.10526315789473684	0.0	0.10526315789473684	0.3684210526315789	0.15789473684210525	0.15789473684210525	5.76671475	8.230174940000001	11.60261806	14.029198805	15.98053135	0.1286549707602339	2.3157894736842106	0.7292845505553168	3.0	0.23391812865497075	4.2105263157894735	1.2388002416778758	6.0	0.3742690058479532	6.7368421052631575	1.9958405500903726	11.0	0.5380116959064327	9.68421052631579	2.5966097649566335	15.0	0.2559468379760215	0.25614561275342795	0.4879075492705505	0.5120924507294495	1376.2163819428645	0.013805968486712006	0.05263157894736842	0.7368421052631579	93.65368421052632	2.370945204646219	88.69	89.824
G3S-e36179cfc1b7610c	S1	8WX7	13cacbc09ca9cd0e2303183cf40226614333108722844aba64f41486a612cd62	1	B	108;109;110;111;112;113;114;115;116;117;118;217;218;219;220;247;250;251;252;254;255;258;490;492;493;494;496;497;512	107;108;109;110;111;112;113;114;115;116;117;216;217;218;219;246;249;250;251;253;254;257;489;491;492;493;495;496;511	108;109;110;111;112;113;114;115;116;117;118;217;218;219;220;247;250;251;252;254;255;258;490;492;493;494;496;497;512		False	False	29.0	239.0	1.0	0.0	0.0	0.0	0.034482758620689655	0.10344827586206896	0.06896551724137931	0.06896551724137931	0.06896551724137931	0.0	0.034482758620689655	0.10344827586206896	0.034482758620689655	0.034482758620689655	0.06896551724137931	0.06896551724137931	0.034482758620689655	0.034482758620689655	0.1724137931034483	0.0	0.034482758620689655	0.034482758620689655	0.0	0.6359832635983264	0.16317991631799164	0.19665271966527198	0.0041841004184100415	0.0	0.0	0.0	9.652888627639813	16.91432440703931	27.412	23.944	20.735	7.3983871760426165	4.585777425192633	4.172861303419971	0.0024630541871921183	0.08620689655172414	0.09852216748768473	0.10837438423645321	0.1477832512315271	0.32019704433497537	0.15024630541871922	0.08620689655172414	0.0	0.18719211822660098	5.241379310344827	1.6537350080388689	0.27586206896551724	0.20689655172413793	0.13793103448275862	0.13793103448275862	0.3448275862068966	0.27586206896551724	0.13793103448275862	0.10344827586206896	0.0	0.0	0.034482758620689655	0.034482758620689655	0.034482758620689655	0.034482758620689655	0.0	0.5862068965517241	0.1724137931034483	0.13793103448275862	0.034482758620689655	0.10344827586206896	0.20689655172413793	0.1724137931034483	0.06896551724137931	0.3103448275862069	0.10344827586206896	0.06896551724137931	0.06896551724137931	0.0	0.10344827586206896	0.06896551724137931	0.06896551724137931	6.32531433	9.229061475	12.65873938	15.71590638	19.661114910000002	0.08866995073891626	2.4827586206896552	1.102370162975571	5.0	0.18719211822660098	5.241379310344827	1.6537350080388689	9.0	0.2955665024630542	8.275862068965518	2.969924551742686	14.0	0.4433497536945813	12.413793103448276	3.7921628927921436	20.0	0.6513460036109812	0.07233689862078409	0.27631709776823477	0.7236829022317652	2419.0589066293655	0.011988133038234944	0.034482758620689655	0.6551724137931034	40.49620689655172	7.0493445103895525	32.74	33.262
G3S-e36179cfc1b7610c	S2	AF-Q06124-F1	d91ccc298386ce16a1b8d9255827b0c0d68a795220c4d74de309bf6c973cf319	1	A	107;108;109;110;111;112;113;114;115;116;117;216;217;218;219;246;249;250;251;253;254;257;489;491;492;493;495;496;511	107;108;109;110;111;112;113;114;115;116;117;216;217;218;219;246;249;250;251;253;254;257;489;491;492;493;495;496;511	107;108;109;110;111;112;113;114;115;116;117;216;217;218;219;246;249;250;251;253;254;257;489;491;492;493;495;496;511	85.18034482758621	False	False	29.0	244.0	1.0	0.0	0.0	0.0	0.034482758620689655	0.10344827586206896	0.06896551724137931	0.06896551724137931	0.06896551724137931	0.0	0.034482758620689655	0.10344827586206896	0.034482758620689655	0.034482758620689655	0.06896551724137931	0.06896551724137931	0.034482758620689655	0.034482758620689655	0.1724137931034483	0.0	0.034482758620689655	0.034482758620689655	0.0	0.6352459016393442	0.1680327868852459	0.19262295081967212	0.004098360655737705	0.0	0.0	0.0	10.105835508294874	19.177086547272534	32.856	24.897	17.012	8.013561999160212	4.555593596855858	4.142137417640176	0.0	0.09359605911330049	0.09359605911330049	0.0960591133004926	0.16009852216748768	0.2857142857142857	0.16502463054187191	0.10344827586206896	0.0024630541871921183	0.18719211822660098	5.241379310344827	1.6327504278278229	0.27586206896551724	0.20689655172413793	0.13793103448275862	0.13793103448275862	0.3448275862068966	0.27586206896551724	0.13793103448275862	0.10344827586206896	0.0	0.0	0.034482758620689655	0.034482758620689655	0.034482758620689655	0.034482758620689655	0.0	0.5862068965517241	0.1724137931034483	0.13793103448275862	0.034482758620689655	0.10344827586206896	0.20689655172413793	0.1724137931034483	0.06896551724137931	0.3103448275862069	0.10344827586206896	0.06896551724137931	0.06896551724137931	0.0	0.10344827586206896	0.06896551724137931	0.06896551724137931	6.117150385	9.3857198925	12.867153349999999	16.3589070175	20.29757575	0.09359605911330049	2.6206896551724137	1.2707259153578123	5.0	0.18719211822660098	5.241379310344827	1.6327504278278229	8.0	0.2832512315270936	7.931034482758621	2.7783775280667156	14.0	0.4433497536945813	12.413793103448276	3.95245224080121	20.0	0.6809763994945571	0.07678026466356337	0.2422433358418795	0.7577566641581205	2511.0967518077005	0.011548738605600656	0.06896551724137931	0.6896551724137931	85.18034482758621	7.445656212370947	69.62	75.1
G3S-fe0860941e1bd481	S1	5L8N	2750ab1fdb2e18eb71215407ab47c723b5a1041d386b18084c8f5cd6d1195924	1	B	15;18;19;24;50;52;54;62;64;72;73;74;75;76;77;78;80;84;91;92;93;98;100;101;102;111;113;120;122	15;18;19;24;50;52;54;62;64;72;73;74;75;76;77;78;80;84;91;92;93;98;100;101;102;111;113;120;122	15;18;19;24;50;52;54;62;64;72;73;74;75;76;77;78;80;84;91;92;93;98;100;101;102;111;113;120;122		False	False	29.0	247.0	1.0	0.0	0.0	0.0	0.0	0.034482758620689655	0.10344827586206896	0.06896551724137931	0.0	0.06896551724137931	0.034482758620689655	0.034482758620689655	0.06896551724137931	0.034482758620689655	0.0	0.10344827586206896	0.034482758620689655	0.06896551724137931	0.06896551724137931	0.10344827586206896	0.034482758620689655	0.13793103448275862	0.0	0.6761133603238867	0.14979757085020243	0.1700404858299595	0.004048582995951417	0.0	0.0	0.0	9.941136443497191	17.13035423509593	28.116999999999997	27.595	20.909	6.862049538879899	5.562674471069438	4.560166953423795	0.007389162561576354	0.07635467980295567	0.0812807881773399	0.09359605911330049	0.12315270935960591	0.3472906403940887	0.19458128078817735	0.07635467980295567	0.0	0.16502463054187191	4.620689655172414	1.7697417131525988	0.5517241379310345	0.27586206896551724	0.06896551724137931	0.034482758620689655	0.41379310344827586	0.20689655172413793	0.06896551724137931	0.0	0.0	0.0	0.0	0.0	0.0	0.0	0.0	0.6206896551724138	0.27586206896551724	0.1724137931034483	0.06896551724137931	0.034482758620689655	0.3103448275862069	0.10344827586206896	0.0	0.3793103448275862	0.27586206896551724	0.10344827586206896	0.0	0.0	0.10344827586206896	0.10344827586206896	0.06896551724137931	6.318022409999999	9.7226668725	13.33489419	16.2550296225	19.111442305	0.08374384236453201	2.3448275862068964	1.211321935879331	5.0	0.16502463054187191	4.620689655172414	1.7697417131525988	8.0	0.25862068965517243	7.241379310344827	1.9591548567367987	11.0	0.3817733990147783	10.689655172413794	2.3795602067704995	15.0	0.3973315710804725	0.25539881577587015	0.3472696131436574	0.6527303868563425	2792.6070521365527	0.010384561615216446	0.10344827586206896	0.5172413793103449	49.83310344827586	12.674735419519244	31.96	36.44
G3S-fe0860941e1bd481	S2	AF-P51161-F1	3052872cd9137e8dceb4469ebbb3378bbd7ef33732f6e7281230cdef7ff62774	1	A	15;18;19;24;50;52;54;62;64;72;73;74;75;76;77;78;80;84;91;92;93;98;100;101;102;111;113;120;122	15;18;19;24;50;52;54;62;64;72;73;74;75;76;77;78;80;84;91;92;93;98;100;101;102;111;113;120;122	15;18;19;24;50;52;54;62;64;72;73;74;75;76;77;78;80;84;91;92;93;98;100;101;102;111;113;120;122	89.78965517241382	False	False	29.0	254.0	1.0	0.0	0.0	0.0	0.0	0.034482758620689655	0.10344827586206896	0.06896551724137931	0.0	0.06896551724137931	0.034482758620689655	0.034482758620689655	0.06896551724137931	0.034482758620689655	0.0	0.10344827586206896	0.034482758620689655	0.06896551724137931	0.06896551724137931	0.10344827586206896	0.034482758620689655	0.13793103448275862	0.0	0.6732283464566929	0.14960629921259844	0.16929133858267717	0.007874015748031496	0.0	0.0	0.0	9.559393638247457	15.605016035551564	25.451	24.064999999999998	20.163	6.623898740515925	5.203136450122721	4.520325573203974	0.0024630541871921183	0.08374384236453201	0.0960591133004926	0.11330049261083744	0.16502463054187191	0.31527093596059114	0.17980295566502463	0.04433497536945813	0.0	0.18226600985221675	5.103448275862069	1.6680533272341826	0.5517241379310345	0.27586206896551724	0.06896551724137931	0.034482758620689655	0.41379310344827586	0.20689655172413793	0.06896551724137931	0.0	0.0	0.0	0.0	0.0	0.0	0.0	0.0	0.3448275862068966	0.13793103448275862	0.034482758620689655	0.0	0.034482758620689655	0.20689655172413793	0.06896551724137931	0.0	0.6551724137931034	0.41379310344827586	0.2413793103448276	0.06896551724137931	0.0	0.20689655172413793	0.13793103448275862	0.06896551724137931	6.30118202	9.385959535	12.628694854999999	15.5589711775	18.241531985	0.08620689655172414	2.413793103448276	1.2181739125969444	5.0	0.18226600985221675	5.103448275862069	1.6680533272341826	8.0	0.2955665024630542	8.275862068965518	2.2727251107978046	14.0	0.4605911330049261	12.89655172413793	3.066446079367684	21.0	0.4218145822063117	0.22129377287483323	0.3568916449188551	0.643108355081145	2501.5877026726457	0.011592637735233903	0.10344827586206896	0.6551724137931034	89.78965517241382	5.500420349302857	76.19	81.862
G3S-ff4e5bfc253b96ea	S1	1F5F	5f019a1489ad9188a1a39694d99f4074c6ffe8d5fdccce1843b964521ba80d6e	1	A	39;40;41;42;56;57;58;59;60;65;66;67;80;81;82;83;84;105;106;107;112;127;128;131;139;140;141;170;171	68;69;70;71;85;86;87;88;89;94;95;96;109;110;111;112;113;134;135;136;141;156;157;160;168;169;170;199;200	39;40;41;42;56;57;58;59;60;65;66;67;80;81;82;83;84;105;106;107;112;127;128;131;139;140;141;170;171		False	False	29.0	254.0	1.0	0.0	0.0	0.0	0.06896551724137931	0.0	0.06896551724137931	0.034482758620689655	0.06896551724137931	0.034482758620689655	0.06896551724137931	0.10344827586206896	0.06896551724137931	0.034482758620689655	0.0	0.0	0.034482758620689655	0.10344827586206896	0.06896551724137931	0.10344827586206896	0.10344827586206896	0.034482758620689655	0.0	0.6692913385826772	0.16535433070866143	0.15748031496062992	0.007874015748031496	0.0	0.0	0.0	9.495300237641315	15.514546577813958	24.685000000000002	22.647	22.026000000000003	6.9098826061202825	5.315949678667953	3.7623035478889366	0.007389162561576354	0.0812807881773399	0.12561576354679804	0.09359605911330049	0.1625615763546798	0.33004926108374383	0.1625615763546798	0.03694581280788178	0.0	0.21428571428571427	6.0	1.4621665549733924	0.5172413793103449	0.27586206896551724	0.1724137931034483	0.06896551724137931	0.2413793103448276	0.20689655172413793	0.034482758620689655	0.0	0.0	0.0	0.0	0.0	0.0	0.0	0.0	0.20689655172413793	0.10344827586206896	0.034482758620689655	0.0	0.034482758620689655	0.034482758620689655	0.06896551724137931	0.034482758620689655	0.7931034482758621	0.41379310344827586	0.2413793103448276	0.1724137931034483	0.034482758620689655	0.20689655172413793	0.13793103448275862	0.0	6.17937598	9.1741718075	12.387425215	15.50054176	18.000348995	0.08866995073891626	2.4827586206896552	1.354957427888862	5.0	0.21428571428571427	6.0	1.4621665549733924	9.0	0.3078817733990148	8.620689655172415	1.7697417131525985	12.0	0.47044334975369456	13.172413793103448	2.506116180773327	20.0	0.4022808019669384	0.30765869301605986	0.2900605050170017	0.7099394949829982	2138.5187196578613	0.013560788471676166	0.0	0.6206896551724138	27.18758620689655	10.821803551378917	17.87	18.892
G3S-ff4e5bfc253b96ea	S2	AF-P04278-F1	1865157ce167bbc7f85e99013526d8f41dbb392cccf3194e8918168d0d36cba9	1	A	68;69;70;71;85;86;87;88;89;94;95;96;109;110;111;112;113;134;135;136;141;156;157;160;168;169;170;199;200	68;69;70;71;85;86;87;88;89;94;95;96;109;110;111;112;113;134;135;136;141;156;157;160;168;169;170;199;200	68;69;70;71;85;86;87;88;89;94;95;96;109;110;111;112;113;134;135;136;141;156;157;160;168;169;170;199;200	94.04482758620689	False	False	29.0	254.0	1.0	0.0	0.0	0.0	0.06896551724137931	0.0	0.06896551724137931	0.034482758620689655	0.06896551724137931	0.034482758620689655	0.06896551724137931	0.10344827586206896	0.06896551724137931	0.034482758620689655	0.0	0.0	0.034482758620689655	0.10344827586206896	0.06896551724137931	0.10344827586206896	0.10344827586206896	0.034482758620689655	0.0	0.6692913385826772	0.16535433070866143	0.15748031496062992	0.007874015748031496	0.0	0.0	0.0	9.53379926739513	15.41694233402301	26.662	24.516	20.961	6.901779850283347	5.380971979616619	3.782050227560123	0.007389162561576354	0.08866995073891626	0.11822660098522167	0.09359605911330049	0.14532019704433496	0.33251231527093594	0.17980295566502463	0.034482758620689655	0.0	0.21428571428571427	6.0	1.6609095970747993	0.5172413793103449	0.27586206896551724	0.1724137931034483	0.06896551724137931	0.2413793103448276	0.20689655172413793	0.034482758620689655	0.0	0.0	0.0	0.0	0.0	0.0	0.0	0.0	0.3103448275862069	0.20689655172413793	0.034482758620689655	0.0	0.06896551724137931	0.0	0.034482758620689655	0.034482758620689655	0.6896551724137931	0.3103448275862069	0.2413793103448276	0.1724137931034483	0.0	0.2413793103448276	0.1724137931034483	0.0	6.0712158899999995	9.03542671	12.490545755	15.629160005	18.119859400000003	0.0960591133004926	2.689655172413793	1.3671881104551042	5.0	0.21428571428571427	6.0	1.6609095970747993	10.0	0.3078817733990148	8.620689655172415	1.9192993172518271	13.0	0.45320197044334976	12.689655172413794	2.4509456060574983	20.0	0.3881581033868218	0.3238405965140372	0.28800130009914104	0.711998699900859	2171.703712116514	0.013353571133208121	0.034482758620689655	0.5862068965517241	94.04482758620689	5.122848494188699	69.38	92.238
