view_id	observation_id	mapping_tier	construct_group_id	construct_sha256	uniprot_accession	query_pdb_id	query_ligand_comp_id	inchikey	canonical_smiles	pKd	feature_structure_pdb_id	feature_structure_sha256	feature_protein_entity_id	feature_protein_asym_id	site_reference_pdb_id	site_reference_ligand_comp_id	pocket_positions_label_seq_id	present_positions_label_seq_id	missing_positions_label_seq_id	receptor_conformation_source	query_holo_receptor_privilege	historical_reference_ligand_used_only_for_site	query_ligand_coordinates_read	pocket_residue_count	pocket_atom_count	pocket_position_coverage	pocket_missing_fraction	aa_fraction_A	aa_fraction_C	aa_fraction_D	aa_fraction_E	aa_fraction_F	aa_fraction_G	aa_fraction_H	aa_fraction_I	aa_fraction_K	aa_fraction_L	aa_fraction_M	aa_fraction_N	aa_fraction_P	aa_fraction_Q	aa_fraction_R	aa_fraction_S	aa_fraction_T	aa_fraction_V	aa_fraction_W	aa_fraction_Y	aa_fraction_X	element_fraction_C	element_fraction_N	element_fraction_O	element_fraction_S	element_fraction_P	element_fraction_SE	element_fraction_OTHER	coord_radius_of_gyration	coord_max_radius	bbox_extent_large	bbox_extent_mid	bbox_extent_small	coord_std_large	coord_std_mid	coord_std_small	residue_pair_distance_bin_0	residue_pair_distance_bin_1	residue_pair_distance_bin_2	residue_pair_distance_bin_3	residue_pair_distance_bin_4	residue_pair_distance_bin_5	residue_pair_distance_bin_6	residue_pair_distance_bin_7	residue_pair_distance_bin_8	residue_contact_edge_density_8A	residue_contact_mean_degree_8A	residue_contact_degree_std_8A
RCSB-4UGY-EXI-KD:S0	RCSB-4UGY-EXI-KD	S0	construct-001-c5158f5b655d	c5158f5b655d67de07d6eb63e3de8d56dae628bbf9d60ddb27d479d5686cb629	O34453	4UGY	EXI	BAILAIZRWKFZJT-UHFFFAOYSA-N	CNCCN(C)c1cncc(CCc2cc(C)cc(N)n2)c1	4.239577516576788	4UGY	0af2b6cff7ed309f030b938b1ccf4344990489c7490d59e4057db6819a13c247	1	A	4UGK	7S9	128;129;132;216;217;218;235;236;237;238;239;240;243;248;254;329;357	128;129;132;216;217;218;235;236;237;238;239;240;243;248;254;329;357		query_holo_receptor	True	True	False	17.0	164.0	1.0	0.0	0.0	0.0	0.0	0.058823529411764705	0.058823529411764705	0.058823529411764705	0.058823529411764705	0.11764705882352941	0.0	0.0	0.058823529411764705	0.11764705882352941	0.058823529411764705	0.058823529411764705	0.11764705882352941	0.0	0.0	0.0	0.11764705882352941	0.11764705882352941	0.0	0.6646341463414634	0.18292682926829268	0.14634146341463414	0.006097560975609756	0.0	0.0	0.0	9.262929437033701	16.154185049592744	23.48	22.653	21.236	5.890985112401878	5.312776049413032	4.782527240874658	0.007352941176470588	0.125	0.08823529411764706	0.1323529411764706	0.16176470588235295	0.29411764705882354	0.16911764705882354	0.022058823529411766	0.0	0.22058823529411764	3.5294117647058822	2.0896846668625426
RCSB-4UGY-EXI-KD:S1	RCSB-4UGY-EXI-KD	S1	construct-001-c5158f5b655d	c5158f5b655d67de07d6eb63e3de8d56dae628bbf9d60ddb27d479d5686cb629	O34453	4UGY	EXI	BAILAIZRWKFZJT-UHFFFAOYSA-N	CNCCN(C)c1cncc(CCc2cc(C)cc(N)n2)c1	4.239577516576788	4UGK	af615401a6f202a7ed5c757dfb8a0c327890e05b460e0f1d3bb0cb52e4bd06c9	1	A	4UGK	7S9	128;129;132;216;217;218;235;236;237;238;239;240;243;248;254;329;357	128;129;132;216;217;218;235;236;237;238;239;240;243;248;254;329;357		fixed_historical_reference_receptor	False	True	False	17.0	164.0	1.0	0.0	0.0	0.0	0.0	0.058823529411764705	0.058823529411764705	0.058823529411764705	0.058823529411764705	0.11764705882352941	0.0	0.0	0.058823529411764705	0.11764705882352941	0.058823529411764705	0.058823529411764705	0.11764705882352941	0.0	0.0	0.0	0.11764705882352941	0.11764705882352941	0.0	0.6646341463414634	0.18292682926829268	0.14634146341463414	0.006097560975609756	0.0	0.0	0.0	9.23482341487595	16.167067683907902	23.477	22.57	21.189	5.868797469455951	5.329172397279162	4.7369928569216135	0.007352941176470588	0.125	0.08823529411764706	0.13970588235294118	0.14705882352941177	0.3088235294117647	0.16176470588235295	0.022058823529411766	0.0	0.22058823529411764	3.5294117647058822	2.0896846668625426
RCSB-4UGR-6E5-KD:S0	RCSB-4UGR-6E5-KD	S0	construct-001-c5158f5b655d	c5158f5b655d67de07d6eb63e3de8d56dae628bbf9d60ddb27d479d5686cb629	O34453	4UGR	6E5	GPVRORSBZUBDJB-DQEYMECFSA-N	[H]/N=C(\Nc1cccc(COC[C@@H]2C[C@H](OCc3cccc(N/C(=N\[H])c4cccs4)c3)CN2)c1)c1cccs1	4.958607314841775	4UGR	db3ccdecda8dce7e19a47e4cc8c9d203df93f16ed99921ffc76a2364b26487b0	1	A	4UGK	7S9	128;129;132;216;217;218;235;236;237;238;239;240;243;248;254;329;357	128;129;132;216;217;218;235;236;237;238;239;240;243;248;254;329;357		query_holo_receptor	True	True	False	17.0	164.0	1.0	0.0	0.0	0.0	0.0	0.058823529411764705	0.058823529411764705	0.058823529411764705	0.058823529411764705	0.11764705882352941	0.0	0.0	0.058823529411764705	0.11764705882352941	0.058823529411764705	0.058823529411764705	0.11764705882352941	0.0	0.0	0.0	0.11764705882352941	0.11764705882352941	0.0	0.6646341463414634	0.18292682926829268	0.14634146341463414	0.006097560975609756	0.0	0.0	0.0	9.310229891731874	16.22889036179915	23.508	22.690999999999995	21.493000000000002	5.90094924094177	5.329834901938727	4.8427304912417135	0.014705882352941176	0.125	0.08088235294117647	0.125	0.16176470588235295	0.3014705882352941	0.16911764705882354	0.022058823529411766	0.0	0.22058823529411764	3.5294117647058822	2.0896846668625426
RCSB-4UGR-6E5-KD:S1	RCSB-4UGR-6E5-KD	S1	construct-001-c5158f5b655d	c5158f5b655d67de07d6eb63e3de8d56dae628bbf9d60ddb27d479d5686cb629	O34453	4UGR	6E5	GPVRORSBZUBDJB-DQEYMECFSA-N	[H]/N=C(\Nc1cccc(COC[C@@H]2C[C@H](OCc3cccc(N/C(=N\[H])c4cccs4)c3)CN2)c1)c1cccs1	4.958607314841775	4UGK	af615401a6f202a7ed5c757dfb8a0c327890e05b460e0f1d3bb0cb52e4bd06c9	1	A	4UGK	7S9	128;129;132;216;217;218;235;236;237;238;239;240;243;248;254;329;357	128;129;132;216;217;218;235;236;237;238;239;240;243;248;254;329;357		fixed_historical_reference_receptor	False	True	False	17.0	164.0	1.0	0.0	0.0	0.0	0.0	0.058823529411764705	0.058823529411764705	0.058823529411764705	0.058823529411764705	0.11764705882352941	0.0	0.0	0.058823529411764705	0.11764705882352941	0.058823529411764705	0.058823529411764705	0.11764705882352941	0.0	0.0	0.0	0.11764705882352941	0.11764705882352941	0.0	0.6646341463414634	0.18292682926829268	0.14634146341463414	0.006097560975609756	0.0	0.0	0.0	9.23482341487595	16.167067683907902	23.477	22.57	21.189	5.868797469455951	5.329172397279162	4.7369928569216135	0.007352941176470588	0.125	0.08823529411764706	0.13970588235294118	0.14705882352941177	0.3088235294117647	0.16176470588235295	0.022058823529411766	0.0	0.22058823529411764	3.5294117647058822	2.0896846668625426
RCSB-4UGA-Q05-KD:S0	RCSB-4UGA-Q05-KD	S0	construct-001-c5158f5b655d	c5158f5b655d67de07d6eb63e3de8d56dae628bbf9d60ddb27d479d5686cb629	O34453	4UGA	Q05	DDZKIKXHCIUETL-UHFFFAOYSA-N	Cc1cc(N)nc(COc2cccc(CNCCc3cccc(F)c3)c2)c1	4.214670164989233	4UGA	a201e1add1547982dcc1d6fe01b14c50f95cfa9fea608281bb249e003f372566	1	A	4UGK	7S9	128;129;132;216;217;218;235;236;237;238;239;240;243;248;254;329;357	128;129;132;216;217;218;235;236;237;238;239;240;243;248;254;329;357		query_holo_receptor	True	True	False	17.0	164.0	1.0	0.0	0.0	0.0	0.0	0.058823529411764705	0.058823529411764705	0.058823529411764705	0.058823529411764705	0.11764705882352941	0.0	0.0	0.058823529411764705	0.11764705882352941	0.058823529411764705	0.058823529411764705	0.11764705882352941	0.0	0.0	0.0	0.11764705882352941	0.11764705882352941	0.0	0.6646341463414634	0.18292682926829268	0.14634146341463414	0.006097560975609756	0.0	0.0	0.0	9.244806333982774	16.16753562905195	23.405	22.741999999999997	21.158	5.873463377028451	5.293269725126063	4.79063333272516	0.007352941176470588	0.1323529411764706	0.08088235294117647	0.13970588235294118	0.16176470588235295	0.2867647058823529	0.16911764705882354	0.022058823529411766	0.0	0.22058823529411764	3.5294117647058822	2.0896846668625426
RCSB-4UGA-Q05-KD:S1	RCSB-4UGA-Q05-KD	S1	construct-001-c5158f5b655d	c5158f5b655d67de07d6eb63e3de8d56dae628bbf9d60ddb27d479d5686cb629	O34453	4UGA	Q05	DDZKIKXHCIUETL-UHFFFAOYSA-N	Cc1cc(N)nc(COc2cccc(CNCCc3cccc(F)c3)c2)c1	4.214670164989233	4UGK	af615401a6f202a7ed5c757dfb8a0c327890e05b460e0f1d3bb0cb52e4bd06c9	1	A	4UGK	7S9	128;129;132;216;217;218;235;236;237;238;239;240;243;248;254;329;357	128;129;132;216;217;218;235;236;237;238;239;240;243;248;254;329;357		fixed_historical_reference_receptor	False	True	False	17.0	164.0	1.0	0.0	0.0	0.0	0.0	0.058823529411764705	0.058823529411764705	0.058823529411764705	0.058823529411764705	0.11764705882352941	0.0	0.0	0.058823529411764705	0.11764705882352941	0.058823529411764705	0.058823529411764705	0.11764705882352941	0.0	0.0	0.0	0.11764705882352941	0.11764705882352941	0.0	0.6646341463414634	0.18292682926829268	0.14634146341463414	0.006097560975609756	0.0	0.0	0.0	9.23482341487595	16.167067683907902	23.477	22.57	21.189	5.868797469455951	5.329172397279162	4.7369928569216135	0.007352941176470588	0.125	0.08823529411764706	0.13970588235294118	0.14705882352941177	0.3088235294117647	0.16176470588235295	0.022058823529411766	0.0	0.22058823529411764	3.5294117647058822	2.0896846668625426
RCSB-4UG5-XFK-KD:S0	RCSB-4UG5-XFK-KD	S0	construct-001-c5158f5b655d	c5158f5b655d67de07d6eb63e3de8d56dae628bbf9d60ddb27d479d5686cb629	O34453	4UG5	XFK	RDXKSGCNYFTVRW-UHFFFAOYSA-N	Cc1cc(N)nc(CCc2cncc(CCc3cc(C)nc(N)c3)c2)c1	5.298432014944073	4UG5	916d80f490024770351d1b750ee73f917c4d59118ba8bedec9acc413318ab22b	1	A	4UGK	7S9	128;129;132;216;217;218;235;236;237;238;239;240;243;248;254;329;357	128;129;132;216;217;218;235;236;237;238;239;240;243;248;254;329;357		query_holo_receptor	True	True	False	17.0	164.0	1.0	0.0	0.0	0.0	0.0	0.058823529411764705	0.058823529411764705	0.058823529411764705	0.058823529411764705	0.11764705882352941	0.0	0.0	0.058823529411764705	0.11764705882352941	0.058823529411764705	0.058823529411764705	0.11764705882352941	0.0	0.0	0.0	0.11764705882352941	0.11764705882352941	0.0	0.6646341463414634	0.18292682926829268	0.14634146341463414	0.006097560975609756	0.0	0.0	0.0	9.37520768948214	16.181129504307563	23.487	22.057000000000002	21.291999999999998	6.073819480312121	5.373198622010606	4.704463062872254	0.007352941176470588	0.11764705882352941	0.09558823529411764	0.1323529411764706	0.15441176470588236	0.3014705882352941	0.16911764705882354	0.022058823529411766	0.0	0.22058823529411764	3.5294117647058822	2.0896846668625426
RCSB-4UG5-XFK-KD:S1	RCSB-4UG5-XFK-KD	S1	construct-001-c5158f5b655d	c5158f5b655d67de07d6eb63e3de8d56dae628bbf9d60ddb27d479d5686cb629	O34453	4UG5	XFK	RDXKSGCNYFTVRW-UHFFFAOYSA-N	Cc1cc(N)nc(CCc2cncc(CCc3cc(C)nc(N)c3)c2)c1	5.298432014944073	4UGK	af615401a6f202a7ed5c757dfb8a0c327890e05b460e0f1d3bb0cb52e4bd06c9	1	A	4UGK	7S9	128;129;132;216;217;218;235;236;237;238;239;240;243;248;254;329;357	128;129;132;216;217;218;235;236;237;238;239;240;243;248;254;329;357		fixed_historical_reference_receptor	False	True	False	17.0	164.0	1.0	0.0	0.0	0.0	0.0	0.058823529411764705	0.058823529411764705	0.058823529411764705	0.058823529411764705	0.11764705882352941	0.0	0.0	0.058823529411764705	0.11764705882352941	0.058823529411764705	0.058823529411764705	0.11764705882352941	0.0	0.0	0.0	0.11764705882352941	0.11764705882352941	0.0	0.6646341463414634	0.18292682926829268	0.14634146341463414	0.006097560975609756	0.0	0.0	0.0	9.23482341487595	16.167067683907902	23.477	22.57	21.189	5.868797469455951	5.329172397279162	4.7369928569216135	0.007352941176470588	0.125	0.08823529411764706	0.13970588235294118	0.14705882352941177	0.3088235294117647	0.16176470588235295	0.022058823529411766	0.0	0.22058823529411764	3.5294117647058822	2.0896846668625426
RCSB-4UG6-XFJ-KD:S0	RCSB-4UG6-XFJ-KD	S0	construct-001-c5158f5b655d	c5158f5b655d67de07d6eb63e3de8d56dae628bbf9d60ddb27d479d5686cb629	O34453	4UG6	XFJ	KZHFSPGMRFCRCE-UHFFFAOYSA-N	Cc1cc(N)nc(CCc2cncc(CCc3cc(C)cc(N)n3)c2)c1	5.571865205971211	4UG6	19399534d84e68fe6cca37d607a6a6b69e2172631efa9df128d38a31e30d4aac	1	A	4UGK	7S9	128;129;132;216;217;218;235;236;237;238;239;240;243;248;254;329;357	128;129;132;216;217;218;235;236;237;238;239;240;243;248;254;329;357		query_holo_receptor	True	True	False	17.0	164.0	1.0	0.0	0.0	0.0	0.0	0.058823529411764705	0.058823529411764705	0.058823529411764705	0.058823529411764705	0.11764705882352941	0.0	0.0	0.058823529411764705	0.11764705882352941	0.058823529411764705	0.058823529411764705	0.11764705882352941	0.0	0.0	0.0	0.11764705882352941	0.11764705882352941	0.0	0.6646341463414634	0.18292682926829268	0.14634146341463414	0.006097560975609756	0.0	0.0	0.0	9.437961727162932	16.132865348261728	23.524	22.202999999999996	21.432000000000002	6.136480205547673	5.400009016924	4.717905771362267	0.007352941176470588	0.11764705882352941	0.09558823529411764	0.11029411764705882	0.15441176470588236	0.3235294117647059	0.16911764705882354	0.022058823529411766	0.0	0.22058823529411764	3.5294117647058822	2.0896846668625426
RCSB-4UG6-XFJ-KD:S1	RCSB-4UG6-XFJ-KD	S1	construct-001-c5158f5b655d	c5158f5b655d67de07d6eb63e3de8d56dae628bbf9d60ddb27d479d5686cb629	O34453	4UG6	XFJ	KZHFSPGMRFCRCE-UHFFFAOYSA-N	Cc1cc(N)nc(CCc2cncc(CCc3cc(C)cc(N)n3)c2)c1	5.571865205971211	4UGK	af615401a6f202a7ed5c757dfb8a0c327890e05b460e0f1d3bb0cb52e4bd06c9	1	A	4UGK	7S9	128;129;132;216;217;218;235;236;237;238;239;240;243;248;254;329;357	128;129;132;216;217;218;235;236;237;238;239;240;243;248;254;329;357		fixed_historical_reference_receptor	False	True	False	17.0	164.0	1.0	0.0	0.0	0.0	0.0	0.058823529411764705	0.058823529411764705	0.058823529411764705	0.058823529411764705	0.11764705882352941	0.0	0.0	0.058823529411764705	0.11764705882352941	0.058823529411764705	0.058823529411764705	0.11764705882352941	0.0	0.0	0.0	0.11764705882352941	0.11764705882352941	0.0	0.6646341463414634	0.18292682926829268	0.14634146341463414	0.006097560975609756	0.0	0.0	0.0	9.23482341487595	16.167067683907902	23.477	22.57	21.189	5.868797469455951	5.329172397279162	4.7369928569216135	0.007352941176470588	0.125	0.08823529411764706	0.13970588235294118	0.14705882352941177	0.3088235294117647	0.16176470588235295	0.022058823529411766	0.0	0.22058823529411764	3.5294117647058822	2.0896846668625426
RCSB-4UG8-HW1-KD:S0	RCSB-4UG8-HW1-KD	S0	construct-001-c5158f5b655d	c5158f5b655d67de07d6eb63e3de8d56dae628bbf9d60ddb27d479d5686cb629	O34453	4UG8	HW1	WKAYHKZPKWNKSL-XLIONFOSSA-N	Cc1cc(N)nc(CCCCCO[C@H]2CNC[C@H]2Cc2cc(C)cc(N)n2)c1	6.346787486224656	4UG8	70d3844de7a9a2a7ebe588d007837dcb6c85b955b3649a6b556f96b6ce1257b8	1	A	4UGK	7S9	128;129;132;216;217;218;235;236;237;238;239;240;243;248;254;329;357	128;129;132;216;217;218;235;236;237;238;239;240;243;248;254;329;357		query_holo_receptor	True	True	False	17.0	164.0	1.0	0.0	0.0	0.0	0.0	0.058823529411764705	0.058823529411764705	0.058823529411764705	0.058823529411764705	0.11764705882352941	0.0	0.0	0.058823529411764705	0.11764705882352941	0.058823529411764705	0.058823529411764705	0.11764705882352941	0.0	0.0	0.0	0.11764705882352941	0.11764705882352941	0.0	0.6646341463414634	0.18292682926829268	0.14634146341463414	0.006097560975609756	0.0	0.0	0.0	9.265785603415035	16.127557844937055	23.481	22.707	21.268	5.875535386149885	5.331535128637224	4.786188457077416	0.014705882352941176	0.125	0.08088235294117647	0.1323529411764706	0.15441176470588236	0.3014705882352941	0.16911764705882354	0.022058823529411766	0.0	0.22058823529411764	3.5294117647058822	2.0896846668625426
RCSB-4UG8-HW1-KD:S1	RCSB-4UG8-HW1-KD	S1	construct-001-c5158f5b655d	c5158f5b655d67de07d6eb63e3de8d56dae628bbf9d60ddb27d479d5686cb629	O34453	4UG8	HW1	WKAYHKZPKWNKSL-XLIONFOSSA-N	Cc1cc(N)nc(CCCCCO[C@H]2CNC[C@H]2Cc2cc(C)cc(N)n2)c1	6.346787486224656	4UGK	af615401a6f202a7ed5c757dfb8a0c327890e05b460e0f1d3bb0cb52e4bd06c9	1	A	4UGK	7S9	128;129;132;216;217;218;235;236;237;238;239;240;243;248;254;329;357	128;129;132;216;217;218;235;236;237;238;239;240;243;248;254;329;357		fixed_historical_reference_receptor	False	True	False	17.0	164.0	1.0	0.0	0.0	0.0	0.0	0.058823529411764705	0.058823529411764705	0.058823529411764705	0.058823529411764705	0.11764705882352941	0.0	0.0	0.058823529411764705	0.11764705882352941	0.058823529411764705	0.058823529411764705	0.11764705882352941	0.0	0.0	0.0	0.11764705882352941	0.11764705882352941	0.0	0.6646341463414634	0.18292682926829268	0.14634146341463414	0.006097560975609756	0.0	0.0	0.0	9.23482341487595	16.167067683907902	23.477	22.57	21.189	5.868797469455951	5.329172397279162	4.7369928569216135	0.007352941176470588	0.125	0.08823529411764706	0.13970588235294118	0.14705882352941177	0.3088235294117647	0.16176470588235295	0.022058823529411766	0.0	0.22058823529411764	3.5294117647058822	2.0896846668625426
RCSB-4UGS-H36-KD:S0	RCSB-4UGS-H36-KD	S0	construct-001-c5158f5b655d	c5158f5b655d67de07d6eb63e3de8d56dae628bbf9d60ddb27d479d5686cb629	O34453	4UGS	H36	FJVFGYSUSVNZDG-UHFFFAOYSA-N	[H]/N=C(\Nc1cccc(OCCOc2cccc(N/C(=N/[H])c3cccs3)c2)c1)c1cccs1	3.8961962790440428	4UGS	7b5ef71b51e79269238aeb15d7ab882a45765b3044987e5f98b8c3fa13795fdc	1	A	4UGK	7S9	128;129;132;216;217;218;235;236;237;238;239;240;243;248;254;329;357	128;129;132;216;217;218;235;236;237;238;239;240;243;248;254;329;357		query_holo_receptor	True	True	False	17.0	164.0	1.0	0.0	0.0	0.0	0.0	0.058823529411764705	0.058823529411764705	0.058823529411764705	0.058823529411764705	0.11764705882352941	0.0	0.0	0.058823529411764705	0.11764705882352941	0.058823529411764705	0.058823529411764705	0.11764705882352941	0.0	0.0	0.0	0.11764705882352941	0.11764705882352941	0.0	0.6646341463414634	0.18292682926829268	0.14634146341463414	0.006097560975609756	0.0	0.0	0.0	9.236509461586813	16.130759837702232	23.363	22.665	21.163	5.8583146978158105	5.298608710461132	4.787274973172466	0.007352941176470588	0.1323529411764706	0.08088235294117647	0.13970588235294118	0.16176470588235295	0.2867647058823529	0.16911764705882354	0.022058823529411766	0.0	0.22058823529411764	3.5294117647058822	2.0896846668625426
RCSB-4UGS-H36-KD:S1	RCSB-4UGS-H36-KD	S1	construct-001-c5158f5b655d	c5158f5b655d67de07d6eb63e3de8d56dae628bbf9d60ddb27d479d5686cb629	O34453	4UGS	H36	FJVFGYSUSVNZDG-UHFFFAOYSA-N	[H]/N=C(\Nc1cccc(OCCOc2cccc(N/C(=N/[H])c3cccs3)c2)c1)c1cccs1	3.8961962790440428	4UGK	af615401a6f202a7ed5c757dfb8a0c327890e05b460e0f1d3bb0cb52e4bd06c9	1	A	4UGK	7S9	128;129;132;216;217;218;235;236;237;238;239;240;243;248;254;329;357	128;129;132;216;217;218;235;236;237;238;239;240;243;248;254;329;357		fixed_historical_reference_receptor	False	True	False	17.0	164.0	1.0	0.0	0.0	0.0	0.0	0.058823529411764705	0.058823529411764705	0.058823529411764705	0.058823529411764705	0.11764705882352941	0.0	0.0	0.058823529411764705	0.11764705882352941	0.058823529411764705	0.058823529411764705	0.11764705882352941	0.0	0.0	0.0	0.11764705882352941	0.11764705882352941	0.0	0.6646341463414634	0.18292682926829268	0.14634146341463414	0.006097560975609756	0.0	0.0	0.0	9.23482341487595	16.167067683907902	23.477	22.57	21.189	5.868797469455951	5.329172397279162	4.7369928569216135	0.007352941176470588	0.125	0.08823529411764706	0.13970588235294118	0.14705882352941177	0.3088235294117647	0.16176470588235295	0.022058823529411766	0.0	0.22058823529411764	3.5294117647058822	2.0896846668625426
RCSB-4UGM-1QE-KD:S0	RCSB-4UGM-1QE-KD	S0	construct-001-c5158f5b655d	c5158f5b655d67de07d6eb63e3de8d56dae628bbf9d60ddb27d479d5686cb629	O34453	4UGM	1QE	MNMWXAHXXVXJBB-UHFFFAOYSA-N	[H]/N=C(\Nc1cccc(CCc2cccc(N/C(=N/[H])c3cccs3)c2)c1)c1cccs1	4.00436480540245	4UGM	2d118b59719d25e837eac9454648d40e528dc429a41ee8ed8d87cacf5e448129	1	A	4UGK	7S9	128;129;132;216;217;218;235;236;237;238;239;240;243;248;254;329;357	128;129;132;216;217;218;235;236;237;238;239;240;243;248;254;329;357		query_holo_receptor	True	True	False	17.0	164.0	1.0	0.0	0.0	0.0	0.0	0.058823529411764705	0.058823529411764705	0.058823529411764705	0.058823529411764705	0.11764705882352941	0.0	0.0	0.058823529411764705	0.11764705882352941	0.058823529411764705	0.058823529411764705	0.11764705882352941	0.0	0.0	0.0	0.11764705882352941	0.11764705882352941	0.0	0.6646341463414634	0.18292682926829268	0.14634146341463414	0.006097560975609756	0.0	0.0	0.0	9.270093719348882	16.143857893656836	23.377	22.831000000000003	21.321	5.865875980339268	5.307082411370346	4.833323166074656	0.007352941176470588	0.1323529411764706	0.08088235294117647	0.13970588235294118	0.15441176470588236	0.29411764705882354	0.16911764705882354	0.022058823529411766	0.0	0.22058823529411764	3.5294117647058822	2.0896846668625426
RCSB-4UGM-1QE-KD:S1	RCSB-4UGM-1QE-KD	S1	construct-001-c5158f5b655d	c5158f5b655d67de07d6eb63e3de8d56dae628bbf9d60ddb27d479d5686cb629	O34453	4UGM	1QE	MNMWXAHXXVXJBB-UHFFFAOYSA-N	[H]/N=C(\Nc1cccc(CCc2cccc(N/C(=N/[H])c3cccs3)c2)c1)c1cccs1	4.00436480540245	4UGK	af615401a6f202a7ed5c757dfb8a0c327890e05b460e0f1d3bb0cb52e4bd06c9	1	A	4UGK	7S9	128;129;132;216;217;218;235;236;237;238;239;240;243;248;254;329;357	128;129;132;216;217;218;235;236;237;238;239;240;243;248;254;329;357		fixed_historical_reference_receptor	False	True	False	17.0	164.0	1.0	0.0	0.0	0.0	0.0	0.058823529411764705	0.058823529411764705	0.058823529411764705	0.058823529411764705	0.11764705882352941	0.0	0.0	0.058823529411764705	0.11764705882352941	0.058823529411764705	0.058823529411764705	0.11764705882352941	0.0	0.0	0.0	0.11764705882352941	0.11764705882352941	0.0	0.6646341463414634	0.18292682926829268	0.14634146341463414	0.006097560975609756	0.0	0.0	0.0	9.23482341487595	16.167067683907902	23.477	22.57	21.189	5.868797469455951	5.329172397279162	4.7369928569216135	0.007352941176470588	0.125	0.08823529411764706	0.13970588235294118	0.14705882352941177	0.3088235294117647	0.16176470588235295	0.022058823529411766	0.0	0.22058823529411764	3.5294117647058822	2.0896846668625426
RCSB-4UGI-SKO-KD:S0	RCSB-4UGI-SKO-KD	S0	construct-001-c5158f5b655d	c5158f5b655d67de07d6eb63e3de8d56dae628bbf9d60ddb27d479d5686cb629	O34453	4UGI	SKO	AVQUEPVPLWZPMB-UHFFFAOYSA-N	CNCCN(C)c1cccc(CCc2cc(C)cc(N)n2)n1	4.73754891026957	4UGI	3cd4f3b4833061e1eb6e47069aebd12ae1b4bc3bc538ccd714ef360911d27a2a	1	A	4UGK	7S9	128;129;132;216;217;218;235;236;237;238;239;240;243;248;254;329;357	128;129;132;216;217;218;235;236;237;238;239;240;243;248;254;329;357		query_holo_receptor	True	True	False	17.0	164.0	1.0	0.0	0.0	0.0	0.0	0.058823529411764705	0.058823529411764705	0.058823529411764705	0.058823529411764705	0.11764705882352941	0.0	0.0	0.058823529411764705	0.11764705882352941	0.058823529411764705	0.058823529411764705	0.11764705882352941	0.0	0.0	0.0	0.11764705882352941	0.11764705882352941	0.0	0.6646341463414634	0.18292682926829268	0.14634146341463414	0.006097560975609756	0.0	0.0	0.0	9.352682962454425	16.101785833623033	23.48	23.064	21.366999999999997	5.902765624253445	5.384465423445622	4.861848278693579	0.007352941176470588	0.125	0.08823529411764706	0.13970588235294118	0.1323529411764706	0.3014705882352941	0.18382352941176472	0.022058823529411766	0.0	0.22058823529411764	3.5294117647058822	2.0896846668625426
RCSB-4UGI-SKO-KD:S1	RCSB-4UGI-SKO-KD	S1	construct-001-c5158f5b655d	c5158f5b655d67de07d6eb63e3de8d56dae628bbf9d60ddb27d479d5686cb629	O34453	4UGI	SKO	AVQUEPVPLWZPMB-UHFFFAOYSA-N	CNCCN(C)c1cccc(CCc2cc(C)cc(N)n2)n1	4.73754891026957	4UGK	af615401a6f202a7ed5c757dfb8a0c327890e05b460e0f1d3bb0cb52e4bd06c9	1	A	4UGK	7S9	128;129;132;216;217;218;235;236;237;238;239;240;243;248;254;329;357	128;129;132;216;217;218;235;236;237;238;239;240;243;248;254;329;357		fixed_historical_reference_receptor	False	True	False	17.0	164.0	1.0	0.0	0.0	0.0	0.0	0.058823529411764705	0.058823529411764705	0.058823529411764705	0.058823529411764705	0.11764705882352941	0.0	0.0	0.058823529411764705	0.11764705882352941	0.058823529411764705	0.058823529411764705	0.11764705882352941	0.0	0.0	0.0	0.11764705882352941	0.11764705882352941	0.0	0.6646341463414634	0.18292682926829268	0.14634146341463414	0.006097560975609756	0.0	0.0	0.0	9.23482341487595	16.167067683907902	23.477	22.57	21.189	5.868797469455951	5.329172397279162	4.7369928569216135	0.007352941176470588	0.125	0.08823529411764706	0.13970588235294118	0.14705882352941177	0.3088235294117647	0.16176470588235295	0.022058823529411766	0.0	0.22058823529411764	3.5294117647058822	2.0896846668625426
RCSB-4UG7-1EV-KD:S0	RCSB-4UG7-1EV-KD	S0	construct-001-c5158f5b655d	c5158f5b655d67de07d6eb63e3de8d56dae628bbf9d60ddb27d479d5686cb629	O34453	4UG7	1EV	IXUSJKAERUMZME-UHFFFAOYSA-N	Cc1cc(N)nc(CCc2cc(C#N)cc(CCc3cc(C)cc(N)n3)c2)c1	5.349692476868063	4UG7	08f019adc8f8e502f00ecad6c4a82e6a0705b7c46df033058bc6bbefc74989ac	1	A	4UGK	7S9	128;129;132;216;217;218;235;236;237;238;239;240;243;248;254;329;357	128;129;132;216;217;218;235;236;237;238;239;240;243;248;254;329;357		query_holo_receptor	True	True	False	17.0	164.0	1.0	0.0	0.0	0.0	0.0	0.058823529411764705	0.058823529411764705	0.058823529411764705	0.058823529411764705	0.11764705882352941	0.0	0.0	0.058823529411764705	0.11764705882352941	0.058823529411764705	0.058823529411764705	0.11764705882352941	0.0	0.0	0.0	0.11764705882352941	0.11764705882352941	0.0	0.6646341463414634	0.18292682926829268	0.14634146341463414	0.006097560975609756	0.0	0.0	0.0	9.260266345889297	16.041583604449897	23.311	22.233	21.239	5.9644335214632624	5.336537462642653	4.658265071318593	0.007352941176470588	0.125	0.08823529411764706	0.14705882352941177	0.125	0.3235294117647059	0.16176470588235295	0.022058823529411766	0.0	0.22058823529411764	3.5294117647058822	2.0896846668625426
RCSB-4UG7-1EV-KD:S1	RCSB-4UG7-1EV-KD	S1	construct-001-c5158f5b655d	c5158f5b655d67de07d6eb63e3de8d56dae628bbf9d60ddb27d479d5686cb629	O34453	4UG7	1EV	IXUSJKAERUMZME-UHFFFAOYSA-N	Cc1cc(N)nc(CCc2cc(C#N)cc(CCc3cc(C)cc(N)n3)c2)c1	5.349692476868063	4UGK	af615401a6f202a7ed5c757dfb8a0c327890e05b460e0f1d3bb0cb52e4bd06c9	1	A	4UGK	7S9	128;129;132;216;217;218;235;236;237;238;239;240;243;248;254;329;357	128;129;132;216;217;218;235;236;237;238;239;240;243;248;254;329;357		fixed_historical_reference_receptor	False	True	False	17.0	164.0	1.0	0.0	0.0	0.0	0.0	0.058823529411764705	0.058823529411764705	0.058823529411764705	0.058823529411764705	0.11764705882352941	0.0	0.0	0.058823529411764705	0.11764705882352941	0.058823529411764705	0.058823529411764705	0.11764705882352941	0.0	0.0	0.0	0.11764705882352941	0.11764705882352941	0.0	0.6646341463414634	0.18292682926829268	0.14634146341463414	0.006097560975609756	0.0	0.0	0.0	9.23482341487595	16.167067683907902	23.477	22.57	21.189	5.868797469455951	5.329172397279162	4.7369928569216135	0.007352941176470588	0.125	0.08823529411764706	0.13970588235294118	0.14705882352941177	0.3088235294117647	0.16176470588235295	0.022058823529411766	0.0	0.22058823529411764	3.5294117647058822	2.0896846668625426
RCSB-4UGH-4V4-KD:S0	RCSB-4UGH-4V4-KD	S0	construct-001-c5158f5b655d	c5158f5b655d67de07d6eb63e3de8d56dae628bbf9d60ddb27d479d5686cb629	O34453	4UGH	4V4	MIKRWQRFDGLBCF-UHFFFAOYSA-N	CNCCN(C)c1cccc(CCc2cc(C)cc(N)n2)c1	4.297052753818444	4UGH	9e3fb726f343659aec662a5dd81b671baeea53286589315d7a5fde2ca0c0640d	1	A	4UGK	7S9	128;129;132;216;217;218;235;236;237;238;239;240;243;248;254;329;357	128;129;132;216;217;218;235;236;237;238;239;240;243;248;254;329;357		query_holo_receptor	True	True	False	17.0	164.0	1.0	0.0	0.0	0.0	0.0	0.058823529411764705	0.058823529411764705	0.058823529411764705	0.058823529411764705	0.11764705882352941	0.0	0.0	0.058823529411764705	0.11764705882352941	0.058823529411764705	0.058823529411764705	0.11764705882352941	0.0	0.0	0.0	0.11764705882352941	0.11764705882352941	0.0	0.6646341463414634	0.18292682926829268	0.14634146341463414	0.006097560975609756	0.0	0.0	0.0	9.248847451567634	16.13467520686565	23.503	22.732000000000003	21.225	5.872060863067365	5.323101464947771	4.767040087588165	0.007352941176470588	0.1323529411764706	0.08088235294117647	0.1323529411764706	0.14705882352941177	0.3161764705882353	0.16176470588235295	0.022058823529411766	0.0	0.22058823529411764	3.5294117647058822	2.0896846668625426
RCSB-4UGH-4V4-KD:S1	RCSB-4UGH-4V4-KD	S1	construct-001-c5158f5b655d	c5158f5b655d67de07d6eb63e3de8d56dae628bbf9d60ddb27d479d5686cb629	O34453	4UGH	4V4	MIKRWQRFDGLBCF-UHFFFAOYSA-N	CNCCN(C)c1cccc(CCc2cc(C)cc(N)n2)c1	4.297052753818444	4UGK	af615401a6f202a7ed5c757dfb8a0c327890e05b460e0f1d3bb0cb52e4bd06c9	1	A	4UGK	7S9	128;129;132;216;217;218;235;236;237;238;239;240;243;248;254;329;357	128;129;132;216;217;218;235;236;237;238;239;240;243;248;254;329;357		fixed_historical_reference_receptor	False	True	False	17.0	164.0	1.0	0.0	0.0	0.0	0.0	0.058823529411764705	0.058823529411764705	0.058823529411764705	0.058823529411764705	0.11764705882352941	0.0	0.0	0.058823529411764705	0.11764705882352941	0.058823529411764705	0.058823529411764705	0.11764705882352941	0.0	0.0	0.0	0.11764705882352941	0.11764705882352941	0.0	0.6646341463414634	0.18292682926829268	0.14634146341463414	0.006097560975609756	0.0	0.0	0.0	9.23482341487595	16.167067683907902	23.477	22.57	21.189	5.868797469455951	5.329172397279162	4.7369928569216135	0.007352941176470588	0.125	0.08823529411764706	0.13970588235294118	0.14705882352941177	0.3088235294117647	0.16176470588235295	0.022058823529411766	0.0	0.22058823529411764	3.5294117647058822	2.0896846668625426
RCSB-4UGL-S90-KD:S0	RCSB-4UGL-S90-KD	S0	construct-001-c5158f5b655d	c5158f5b655d67de07d6eb63e3de8d56dae628bbf9d60ddb27d479d5686cb629	O34453	4UGL	S90	CZBLKBKVAIKTJH-UHFFFAOYSA-N	CNCCN(c1cc(F)cc(CCc2cc(C)cc(N)n2)c1)C1CC1	4.206628751081045	4UGL	3603f88423d103f8abf1d55393a77ecf77bafbdb54b3c48db13be2c8c4fcce90	1	A	4UGK	7S9	128;129;132;216;217;218;235;236;237;238;239;240;243;248;254;329;357	128;129;132;216;217;218;235;236;237;238;239;240;243;248;254;329;357		query_holo_receptor	True	True	False	17.0	164.0	1.0	0.0	0.0	0.0	0.0	0.058823529411764705	0.058823529411764705	0.058823529411764705	0.058823529411764705	0.11764705882352941	0.0	0.0	0.058823529411764705	0.11764705882352941	0.058823529411764705	0.058823529411764705	0.11764705882352941	0.0	0.0	0.0	0.11764705882352941	0.11764705882352941	0.0	0.6646341463414634	0.18292682926829268	0.14634146341463414	0.006097560975609756	0.0	0.0	0.0	9.255531425026843	16.117852885288542	23.45	22.762	21.205	5.878181877882265	5.304569431841784	4.793055696835337	0.014705882352941176	0.125	0.08088235294117647	0.1323529411764706	0.16911764705882354	0.2867647058823529	0.16911764705882354	0.022058823529411766	0.0	0.22058823529411764	3.5294117647058822	2.0896846668625426
RCSB-4UGL-S90-KD:S1	RCSB-4UGL-S90-KD	S1	construct-001-c5158f5b655d	c5158f5b655d67de07d6eb63e3de8d56dae628bbf9d60ddb27d479d5686cb629	O34453	4UGL	S90	CZBLKBKVAIKTJH-UHFFFAOYSA-N	CNCCN(c1cc(F)cc(CCc2cc(C)cc(N)n2)c1)C1CC1	4.206628751081045	4UGK	af615401a6f202a7ed5c757dfb8a0c327890e05b460e0f1d3bb0cb52e4bd06c9	1	A	4UGK	7S9	128;129;132;216;217;218;235;236;237;238;239;240;243;248;254;329;357	128;129;132;216;217;218;235;236;237;238;239;240;243;248;254;329;357		fixed_historical_reference_receptor	False	True	False	17.0	164.0	1.0	0.0	0.0	0.0	0.0	0.058823529411764705	0.058823529411764705	0.058823529411764705	0.058823529411764705	0.11764705882352941	0.0	0.0	0.058823529411764705	0.11764705882352941	0.058823529411764705	0.058823529411764705	0.11764705882352941	0.0	0.0	0.0	0.11764705882352941	0.11764705882352941	0.0	0.6646341463414634	0.18292682926829268	0.14634146341463414	0.006097560975609756	0.0	0.0	0.0	9.23482341487595	16.167067683907902	23.477	22.57	21.189	5.868797469455951	5.329172397279162	4.7369928569216135	0.007352941176470588	0.125	0.08823529411764706	0.13970588235294118	0.14705882352941177	0.3088235294117647	0.16176470588235295	0.022058823529411766	0.0	0.22058823529411764	3.5294117647058822	2.0896846668625426
RCSB-4UGD-Q14-KD:S0	RCSB-4UGD-Q14-KD	S0	construct-001-c5158f5b655d	c5158f5b655d67de07d6eb63e3de8d56dae628bbf9d60ddb27d479d5686cb629	O34453	4UGD	Q14	ZLWWYKPNQBCOKF-INIZCTEOSA-N	Cc1cc(N)nc(COCC[C@@H](CN)OCc2cc(C)cc(N)n2)c1	4.421360790031928	4UGD	bee0ac6ad1bc4ff391c3bb8a894159976b2ff777335808f5250ecd2697b70003	1	A	4UGK	7S9	128;129;132;216;217;218;235;236;237;238;239;240;243;248;254;329;357	128;129;132;216;217;218;235;236;237;238;239;240;243;248;254;329;357		query_holo_receptor	True	True	False	17.0	164.0	1.0	0.0	0.0	0.0	0.0	0.058823529411764705	0.058823529411764705	0.058823529411764705	0.058823529411764705	0.11764705882352941	0.0	0.0	0.058823529411764705	0.11764705882352941	0.058823529411764705	0.058823529411764705	0.11764705882352941	0.0	0.0	0.0	0.11764705882352941	0.11764705882352941	0.0	0.6646341463414634	0.18292682926829268	0.14634146341463414	0.006097560975609756	0.0	0.0	0.0	9.277797182255277	16.27368536370564	23.543	22.930999999999997	21.279999999999998	5.881639039599626	5.3187265027860775	4.816117850663802	0.014705882352941176	0.125	0.08088235294117647	0.13970588235294118	0.15441176470588236	0.29411764705882354	0.16911764705882354	0.022058823529411766	0.0	0.22058823529411764	3.5294117647058822	2.0896846668625426
RCSB-4UGD-Q14-KD:S1	RCSB-4UGD-Q14-KD	S1	construct-001-c5158f5b655d	c5158f5b655d67de07d6eb63e3de8d56dae628bbf9d60ddb27d479d5686cb629	O34453	4UGD	Q14	ZLWWYKPNQBCOKF-INIZCTEOSA-N	Cc1cc(N)nc(COCC[C@@H](CN)OCc2cc(C)cc(N)n2)c1	4.421360790031928	4UGK	af615401a6f202a7ed5c757dfb8a0c327890e05b460e0f1d3bb0cb52e4bd06c9	1	A	4UGK	7S9	128;129;132;216;217;218;235;236;237;238;239;240;243;248;254;329;357	128;129;132;216;217;218;235;236;237;238;239;240;243;248;254;329;357		fixed_historical_reference_receptor	False	True	False	17.0	164.0	1.0	0.0	0.0	0.0	0.0	0.058823529411764705	0.058823529411764705	0.058823529411764705	0.058823529411764705	0.11764705882352941	0.0	0.0	0.058823529411764705	0.11764705882352941	0.058823529411764705	0.058823529411764705	0.11764705882352941	0.0	0.0	0.0	0.11764705882352941	0.11764705882352941	0.0	0.6646341463414634	0.18292682926829268	0.14634146341463414	0.006097560975609756	0.0	0.0	0.0	9.23482341487595	16.167067683907902	23.477	22.57	21.189	5.868797469455951	5.329172397279162	4.7369928569216135	0.007352941176470588	0.125	0.08823529411764706	0.13970588235294118	0.14705882352941177	0.3088235294117647	0.16176470588235295	0.022058823529411766	0.0	0.22058823529411764	3.5294117647058822	2.0896846668625426
RCSB-4UGG-S5D-KD:S0	RCSB-4UGG-S5D-KD	S0	construct-001-c5158f5b655d	c5158f5b655d67de07d6eb63e3de8d56dae628bbf9d60ddb27d479d5686cb629	O34453	4UGG	S5D	HPGDXHOKQNTRIC-HXUWFJFHSA-N	Cc1cc(N)nc(CCc2cccc([C@H](N)Cc3cc(C)cc(N)n3)c2)c1	4.59176003468815	4UGG	f454f958ad1c78c0d8838638aae789fc5e879640ea2b84b1eb126dca117ed90c	1	A	4UGK	7S9	128;129;132;216;217;218;235;236;237;238;239;240;243;248;254;329;357	128;129;132;216;217;218;235;236;237;238;239;240;243;248;254;329;357		query_holo_receptor	True	True	False	17.0	164.0	1.0	0.0	0.0	0.0	0.0	0.058823529411764705	0.058823529411764705	0.058823529411764705	0.058823529411764705	0.11764705882352941	0.0	0.0	0.058823529411764705	0.11764705882352941	0.058823529411764705	0.058823529411764705	0.11764705882352941	0.0	0.0	0.0	0.11764705882352941	0.11764705882352941	0.0	0.6646341463414634	0.18292682926829268	0.14634146341463414	0.006097560975609756	0.0	0.0	0.0	9.303331788031347	16.175248635940296	23.311999999999998	22.327999999999996	21.154	5.995136599031729	5.407265700892331	4.622964109432194	0.014705882352941176	0.125	0.08088235294117647	0.125	0.13970588235294118	0.3235294117647059	0.16176470588235295	0.029411764705882353	0.0	0.22058823529411764	3.5294117647058822	2.0896846668625426
RCSB-4UGG-S5D-KD:S1	RCSB-4UGG-S5D-KD	S1	construct-001-c5158f5b655d	c5158f5b655d67de07d6eb63e3de8d56dae628bbf9d60ddb27d479d5686cb629	O34453	4UGG	S5D	HPGDXHOKQNTRIC-HXUWFJFHSA-N	Cc1cc(N)nc(CCc2cccc([C@H](N)Cc3cc(C)cc(N)n3)c2)c1	4.59176003468815	4UGK	af615401a6f202a7ed5c757dfb8a0c327890e05b460e0f1d3bb0cb52e4bd06c9	1	A	4UGK	7S9	128;129;132;216;217;218;235;236;237;238;239;240;243;248;254;329;357	128;129;132;216;217;218;235;236;237;238;239;240;243;248;254;329;357		fixed_historical_reference_receptor	False	True	False	17.0	164.0	1.0	0.0	0.0	0.0	0.0	0.058823529411764705	0.058823529411764705	0.058823529411764705	0.058823529411764705	0.11764705882352941	0.0	0.0	0.058823529411764705	0.11764705882352941	0.058823529411764705	0.058823529411764705	0.11764705882352941	0.0	0.0	0.0	0.11764705882352941	0.11764705882352941	0.0	0.6646341463414634	0.18292682926829268	0.14634146341463414	0.006097560975609756	0.0	0.0	0.0	9.23482341487595	16.167067683907902	23.477	22.57	21.189	5.868797469455951	5.329172397279162	4.7369928569216135	0.007352941176470588	0.125	0.08823529411764706	0.13970588235294118	0.14705882352941177	0.3088235294117647	0.16176470588235295	0.022058823529411766	0.0	0.22058823529411764	3.5294117647058822	2.0896846668625426
RCSB-4UG9-1EW-KD:S0	RCSB-4UG9-1EW-KD	S0	construct-001-c5158f5b655d	c5158f5b655d67de07d6eb63e3de8d56dae628bbf9d60ddb27d479d5686cb629	O34453	4UG9	1EW	KSYDDSWEHNSQGZ-UHFFFAOYSA-N	Cc1cc(N)nc(CCc2ccc(CCCN)c(CCc3cc(C)cc(N)n3)c2)c1	5.064996848546345	4UG9	eaf60595f07c0961379c8aeebb4c25d035d3d34736056c38db20dd5a213ddebd	1	A	4UGK	7S9	128;129;132;216;217;218;235;236;237;238;239;240;243;248;254;329;357	128;129;132;216;217;218;235;236;237;238;239;240;243;248;254;329;357		query_holo_receptor	True	True	False	17.0	164.0	1.0	0.0	0.0	0.0	0.0	0.058823529411764705	0.058823529411764705	0.058823529411764705	0.058823529411764705	0.11764705882352941	0.0	0.0	0.058823529411764705	0.11764705882352941	0.058823529411764705	0.058823529411764705	0.11764705882352941	0.0	0.0	0.0	0.11764705882352941	0.11764705882352941	0.0	0.6646341463414634	0.18292682926829268	0.14634146341463414	0.006097560975609756	0.0	0.0	0.0	9.252469082510158	16.142701977655072	23.444	22.732	21.155	5.847729608405651	5.314452316935033	4.813402031911124	0.014705882352941176	0.125	0.08088235294117647	0.1323529411764706	0.16911764705882354	0.29411764705882354	0.16176470588235295	0.022058823529411766	0.0	0.22058823529411764	3.5294117647058822	2.0896846668625426
RCSB-4UG9-1EW-KD:S1	RCSB-4UG9-1EW-KD	S1	construct-001-c5158f5b655d	c5158f5b655d67de07d6eb63e3de8d56dae628bbf9d60ddb27d479d5686cb629	O34453	4UG9	1EW	KSYDDSWEHNSQGZ-UHFFFAOYSA-N	Cc1cc(N)nc(CCc2ccc(CCCN)c(CCc3cc(C)cc(N)n3)c2)c1	5.064996848546345	4UGK	af615401a6f202a7ed5c757dfb8a0c327890e05b460e0f1d3bb0cb52e4bd06c9	1	A	4UGK	7S9	128;129;132;216;217;218;235;236;237;238;239;240;243;248;254;329;357	128;129;132;216;217;218;235;236;237;238;239;240;243;248;254;329;357		fixed_historical_reference_receptor	False	True	False	17.0	164.0	1.0	0.0	0.0	0.0	0.0	0.058823529411764705	0.058823529411764705	0.058823529411764705	0.058823529411764705	0.11764705882352941	0.0	0.0	0.058823529411764705	0.11764705882352941	0.058823529411764705	0.058823529411764705	0.11764705882352941	0.0	0.0	0.0	0.11764705882352941	0.11764705882352941	0.0	0.6646341463414634	0.18292682926829268	0.14634146341463414	0.006097560975609756	0.0	0.0	0.0	9.23482341487595	16.167067683907902	23.477	22.57	21.189	5.868797469455951	5.329172397279162	4.7369928569216135	0.007352941176470588	0.125	0.08823529411764706	0.13970588235294118	0.14705882352941177	0.3088235294117647	0.16176470588235295	0.022058823529411766	0.0	0.22058823529411764	3.5294117647058822	2.0896846668625426
RCSB-4UGC-1Q6-KD:S0	RCSB-4UGC-1Q6-KD	S0	construct-001-c5158f5b655d	c5158f5b655d67de07d6eb63e3de8d56dae628bbf9d60ddb27d479d5686cb629	O34453	4UGC	1Q6	FVCUZJIKIIWHJD-HNNXBMFYSA-N	Cc1cc(N)nc(COC[C@H](CN)OCc2cc(C)cc(N)n2)c1	4.728158393463501	4UGC	58da9a8142317354a205c8063301f8f9ee5f9e3d3582a03eebb8724e627fee3f	1	A	4UGK	7S9	128;129;132;216;217;218;235;236;237;238;239;240;243;248;254;329;357	128;129;132;216;217;218;235;236;237;238;239;240;243;248;254;329;357		query_holo_receptor	True	True	False	17.0	164.0	1.0	0.0	0.0	0.0	0.0	0.058823529411764705	0.058823529411764705	0.058823529411764705	0.058823529411764705	0.11764705882352941	0.0	0.0	0.058823529411764705	0.11764705882352941	0.058823529411764705	0.058823529411764705	0.11764705882352941	0.0	0.0	0.0	0.11764705882352941	0.11764705882352941	0.0	0.6646341463414634	0.18292682926829268	0.14634146341463414	0.006097560975609756	0.0	0.0	0.0	9.246107763579696	16.15461107071978	23.448999999999998	22.715	21.163	5.8729639158417015	5.3164131515763575	4.76807663746043	0.007352941176470588	0.1323529411764706	0.08088235294117647	0.13970588235294118	0.14705882352941177	0.3088235294117647	0.16176470588235295	0.022058823529411766	0.0	0.22058823529411764	3.5294117647058822	2.0896846668625426
RCSB-4UGC-1Q6-KD:S1	RCSB-4UGC-1Q6-KD	S1	construct-001-c5158f5b655d	c5158f5b655d67de07d6eb63e3de8d56dae628bbf9d60ddb27d479d5686cb629	O34453	4UGC	1Q6	FVCUZJIKIIWHJD-HNNXBMFYSA-N	Cc1cc(N)nc(COC[C@H](CN)OCc2cc(C)cc(N)n2)c1	4.728158393463501	4UGK	af615401a6f202a7ed5c757dfb8a0c327890e05b460e0f1d3bb0cb52e4bd06c9	1	A	4UGK	7S9	128;129;132;216;217;218;235;236;237;238;239;240;243;248;254;329;357	128;129;132;216;217;218;235;236;237;238;239;240;243;248;254;329;357		fixed_historical_reference_receptor	False	True	False	17.0	164.0	1.0	0.0	0.0	0.0	0.0	0.058823529411764705	0.058823529411764705	0.058823529411764705	0.058823529411764705	0.11764705882352941	0.0	0.0	0.058823529411764705	0.11764705882352941	0.058823529411764705	0.058823529411764705	0.11764705882352941	0.0	0.0	0.0	0.11764705882352941	0.11764705882352941	0.0	0.6646341463414634	0.18292682926829268	0.14634146341463414	0.006097560975609756	0.0	0.0	0.0	9.23482341487595	16.167067683907902	23.477	22.57	21.189	5.868797469455951	5.329172397279162	4.7369928569216135	0.007352941176470588	0.125	0.08823529411764706	0.13970588235294118	0.14705882352941177	0.3088235294117647	0.16176470588235295	0.022058823529411766	0.0	0.22058823529411764	3.5294117647058822	2.0896846668625426
RCSB-4UGO-1QF-KD:S0	RCSB-4UGO-1QF-KD	S0	construct-001-c5158f5b655d	c5158f5b655d67de07d6eb63e3de8d56dae628bbf9d60ddb27d479d5686cb629	O34453	4UGO	1QF	ZAOJVZLLICOZMJ-UHFFFAOYSA-N	[H]/N=C(/Nc1ccc(CCN(CC)Cc2cccc(N/C(=N/[H])c3cccs3)c2)cc1)c1cccs1	4.205511953340831	4UGO	d8c87a3a0ebb994fa812699eae8290882a0a19b8f7b24b7627d0fbbc77afb492	1	A	4UGK	7S9	128;129;132;216;217;218;235;236;237;238;239;240;243;248;254;329;357	128;129;132;216;217;218;235;236;237;238;239;240;243;248;254;329;357		query_holo_receptor	True	True	False	17.0	164.0	1.0	0.0	0.0	0.0	0.0	0.058823529411764705	0.058823529411764705	0.058823529411764705	0.058823529411764705	0.11764705882352941	0.0	0.0	0.058823529411764705	0.11764705882352941	0.058823529411764705	0.058823529411764705	0.11764705882352941	0.0	0.0	0.0	0.11764705882352941	0.11764705882352941	0.0	0.6646341463414634	0.18292682926829268	0.14634146341463414	0.006097560975609756	0.0	0.0	0.0	9.28448233418663	16.13719739130475	23.365	22.743999999999996	21.482999999999997	5.867567167471858	5.351822389174197	4.809497360823031	0.014705882352941176	0.125	0.08088235294117647	0.1323529411764706	0.15441176470588236	0.29411764705882354	0.17647058823529413	0.022058823529411766	0.0	0.22058823529411764	3.5294117647058822	2.0896846668625426
RCSB-4UGO-1QF-KD:S1	RCSB-4UGO-1QF-KD	S1	construct-001-c5158f5b655d	c5158f5b655d67de07d6eb63e3de8d56dae628bbf9d60ddb27d479d5686cb629	O34453	4UGO	1QF	ZAOJVZLLICOZMJ-UHFFFAOYSA-N	[H]/N=C(/Nc1ccc(CCN(CC)Cc2cccc(N/C(=N/[H])c3cccs3)c2)cc1)c1cccs1	4.205511953340831	4UGK	af615401a6f202a7ed5c757dfb8a0c327890e05b460e0f1d3bb0cb52e4bd06c9	1	A	4UGK	7S9	128;129;132;216;217;218;235;236;237;238;239;240;243;248;254;329;357	128;129;132;216;217;218;235;236;237;238;239;240;243;248;254;329;357		fixed_historical_reference_receptor	False	True	False	17.0	164.0	1.0	0.0	0.0	0.0	0.0	0.058823529411764705	0.058823529411764705	0.058823529411764705	0.058823529411764705	0.11764705882352941	0.0	0.0	0.058823529411764705	0.11764705882352941	0.058823529411764705	0.058823529411764705	0.11764705882352941	0.0	0.0	0.0	0.11764705882352941	0.11764705882352941	0.0	0.6646341463414634	0.18292682926829268	0.14634146341463414	0.006097560975609756	0.0	0.0	0.0	9.23482341487595	16.167067683907902	23.477	22.57	21.189	5.868797469455951	5.329172397279162	4.7369928569216135	0.007352941176470588	0.125	0.08823529411764706	0.13970588235294118	0.14705882352941177	0.3088235294117647	0.16176470588235295	0.022058823529411766	0.0	0.22058823529411764	3.5294117647058822	2.0896846668625426
RCSB-4UGB-QJ7-KD:S0	RCSB-4UGB-QJ7-KD	S0	construct-001-c5158f5b655d	c5158f5b655d67de07d6eb63e3de8d56dae628bbf9d60ddb27d479d5686cb629	O34453	4UGB	QJ7	IGLNPZZNPBQOMM-UHFFFAOYSA-N	Cc1cc(N)nc(COc2cncc(CNCCc3cccc(F)c3)c2)c1	3.6252516539898965	4UGB	32a09b2a9526fe491bcc99148b6a51eb798ff2a886c31ccc8b285d264eb9bd97	1	A	4UGK	7S9	128;129;132;216;217;218;235;236;237;238;239;240;243;248;254;329;357	128;129;132;216;217;218;235;236;237;238;239;240;243;248;254;329;357		query_holo_receptor	True	True	False	17.0	164.0	1.0	0.0	0.0	0.0	0.0	0.058823529411764705	0.058823529411764705	0.058823529411764705	0.058823529411764705	0.11764705882352941	0.0	0.0	0.058823529411764705	0.11764705882352941	0.058823529411764705	0.058823529411764705	0.11764705882352941	0.0	0.0	0.0	0.11764705882352941	0.11764705882352941	0.0	0.6646341463414634	0.18292682926829268	0.14634146341463414	0.006097560975609756	0.0	0.0	0.0	9.297482486540233	16.213587697429393	23.465	22.755000000000003	21.251	5.888274798933555	5.33573636563966	4.827143867356429	0.007352941176470588	0.125	0.08823529411764706	0.1323529411764706	0.13970588235294118	0.3161764705882353	0.16911764705882354	0.022058823529411766	0.0	0.22058823529411764	3.5294117647058822	2.0896846668625426
RCSB-4UGB-QJ7-KD:S1	RCSB-4UGB-QJ7-KD	S1	construct-001-c5158f5b655d	c5158f5b655d67de07d6eb63e3de8d56dae628bbf9d60ddb27d479d5686cb629	O34453	4UGB	QJ7	IGLNPZZNPBQOMM-UHFFFAOYSA-N	Cc1cc(N)nc(COc2cncc(CNCCc3cccc(F)c3)c2)c1	3.6252516539898965	4UGK	af615401a6f202a7ed5c757dfb8a0c327890e05b460e0f1d3bb0cb52e4bd06c9	1	A	4UGK	7S9	128;129;132;216;217;218;235;236;237;238;239;240;243;248;254;329;357	128;129;132;216;217;218;235;236;237;238;239;240;243;248;254;329;357		fixed_historical_reference_receptor	False	True	False	17.0	164.0	1.0	0.0	0.0	0.0	0.0	0.058823529411764705	0.058823529411764705	0.058823529411764705	0.058823529411764705	0.11764705882352941	0.0	0.0	0.058823529411764705	0.11764705882352941	0.058823529411764705	0.058823529411764705	0.11764705882352941	0.0	0.0	0.0	0.11764705882352941	0.11764705882352941	0.0	0.6646341463414634	0.18292682926829268	0.14634146341463414	0.006097560975609756	0.0	0.0	0.0	9.23482341487595	16.167067683907902	23.477	22.57	21.189	5.868797469455951	5.329172397279162	4.7369928569216135	0.007352941176470588	0.125	0.08823529411764706	0.13970588235294118	0.14705882352941177	0.3088235294117647	0.16176470588235295	0.022058823529411766	0.0	0.22058823529411764	3.5294117647058822	2.0896846668625426
RCSB-4UGN-H49-KD:S0	RCSB-4UGN-H49-KD	S0	construct-001-c5158f5b655d	c5158f5b655d67de07d6eb63e3de8d56dae628bbf9d60ddb27d479d5686cb629	O34453	4UGN	H49	MRTCFHYZEYSLIF-HNNXBMFYSA-N	N=C(Nc1cccc(CNC[C@@H]2CCCN2)c1)c1cccs1	4.749579997691106	4UGN	afe63e29f1233e9e9644caa023cfbdd6c88393148a3912b43eb03b856d24d9e1	1	A	4UGK	7S9	128;129;132;216;217;218;235;236;237;238;239;240;243;248;254;329;357	128;129;132;216;217;218;235;236;237;238;239;240;243;248;254;329;357		query_holo_receptor	True	True	False	17.0	164.0	1.0	0.0	0.0	0.0	0.0	0.058823529411764705	0.058823529411764705	0.058823529411764705	0.058823529411764705	0.11764705882352941	0.0	0.0	0.058823529411764705	0.11764705882352941	0.058823529411764705	0.058823529411764705	0.11764705882352941	0.0	0.0	0.0	0.11764705882352941	0.11764705882352941	0.0	0.6646341463414634	0.18292682926829268	0.14634146341463414	0.006097560975609756	0.0	0.0	0.0	9.289254186605058	16.182376103961225	23.424	22.405	21.472	5.894285553530803	5.314542151955417	4.827347394986893	0.014705882352941176	0.125	0.08088235294117647	0.1323529411764706	0.16176470588235295	0.2867647058823529	0.17647058823529413	0.022058823529411766	0.0	0.22058823529411764	3.5294117647058822	2.0896846668625426
RCSB-4UGN-H49-KD:S1	RCSB-4UGN-H49-KD	S1	construct-001-c5158f5b655d	c5158f5b655d67de07d6eb63e3de8d56dae628bbf9d60ddb27d479d5686cb629	O34453	4UGN	H49	MRTCFHYZEYSLIF-HNNXBMFYSA-N	N=C(Nc1cccc(CNC[C@@H]2CCCN2)c1)c1cccs1	4.749579997691106	4UGK	af615401a6f202a7ed5c757dfb8a0c327890e05b460e0f1d3bb0cb52e4bd06c9	1	A	4UGK	7S9	128;129;132;216;217;218;235;236;237;238;239;240;243;248;254;329;357	128;129;132;216;217;218;235;236;237;238;239;240;243;248;254;329;357		fixed_historical_reference_receptor	False	True	False	17.0	164.0	1.0	0.0	0.0	0.0	0.0	0.058823529411764705	0.058823529411764705	0.058823529411764705	0.058823529411764705	0.11764705882352941	0.0	0.0	0.058823529411764705	0.11764705882352941	0.058823529411764705	0.058823529411764705	0.11764705882352941	0.0	0.0	0.0	0.11764705882352941	0.11764705882352941	0.0	0.6646341463414634	0.18292682926829268	0.14634146341463414	0.006097560975609756	0.0	0.0	0.0	9.23482341487595	16.167067683907902	23.477	22.57	21.189	5.868797469455951	5.329172397279162	4.7369928569216135	0.007352941176470588	0.125	0.08823529411764706	0.13970588235294118	0.14705882352941177	0.3088235294117647	0.16176470588235295	0.022058823529411766	0.0	0.22058823529411764	3.5294117647058822	2.0896846668625426
RCSB-5MYG-LS8-KD:S0	RCSB-5MYG-LS8-KD	S0	construct-002-cb5cf2af5e4a	cb5cf2af5e4a32c1730465cc84d1a4fc938ebaf2c2deaea72f5d7152c64279e9	P55201	5MYG	LS8	UEMQPCYDWCSVCU-UHFFFAOYSA-N	COc1cc(C#N)ccc1S(=O)(=O)Nc1ccc2c(c1)cc(C)c(=O)n2C	7.508638306165727	5MYG	e263f0930fbc5b0564799d8a3e0872e24d53168002cc46030cdfa4c5f1a90eb5	1	A	5ETB	5RO	28;29;33;34;37;38;41;76;79;80;83;84;90	28;29;33;34;37;38;41;76;79;80;83;84;90		query_holo_receptor	True	True	False	13.0	114.0	1.0	0.0	0.0	0.07692307692307693	0.0	0.07692307692307693	0.15384615384615385	0.0	0.0	0.15384615384615385	0.0	0.0	0.0	0.15384615384615385	0.07692307692307693	0.0	0.0	0.0	0.0	0.15384615384615385	0.0	0.15384615384615385	0.0	0.6929824561403509	0.13157894736842105	0.16666666666666666	0.008771929824561403	0.0	0.0	0.0	7.3099478105785805	12.5657056331608	19.601	16.329	15.186	5.077985017227929	4.062802676181257	3.3381191669270387	0.01282051282051282	0.14102564102564102	0.14102564102564102	0.21794871794871795	0.20512820512820512	0.2564102564102564	0.02564102564102564	0.0	0.0	0.2948717948717949	3.5384615384615383	1.1512791959304434
RCSB-5MYG-LS8-KD:S1	RCSB-5MYG-LS8-KD	S1	construct-002-cb5cf2af5e4a	cb5cf2af5e4a32c1730465cc84d1a4fc938ebaf2c2deaea72f5d7152c64279e9	P55201	5MYG	LS8	UEMQPCYDWCSVCU-UHFFFAOYSA-N	COc1cc(C#N)ccc1S(=O)(=O)Nc1ccc2c(c1)cc(C)c(=O)n2C	7.508638306165727	5ETB	5d7376a3d2bfee40234d6380156f171c8de9de50f546105e3cbe547384d2c9f7	1	A	5ETB	5RO	28;29;33;34;37;38;41;76;79;80;83;84;90	28;29;33;34;37;38;41;76;79;80;83;84;90		fixed_historical_reference_receptor	False	True	False	13.0	114.0	1.0	0.0	0.0	0.07692307692307693	0.0	0.07692307692307693	0.15384615384615385	0.0	0.0	0.15384615384615385	0.0	0.0	0.0	0.15384615384615385	0.07692307692307693	0.0	0.0	0.0	0.0	0.15384615384615385	0.0	0.15384615384615385	0.0	0.6929824561403509	0.13157894736842105	0.16666666666666666	0.008771929824561403	0.0	0.0	0.0	7.344306675745451	10.775206480537387	18.146	17.257	14.212	5.139191889788182	4.046741092603404	3.3393762586401636	0.02564102564102564	0.15384615384615385	0.1282051282051282	0.1794871794871795	0.24358974358974358	0.24358974358974358	0.02564102564102564	0.0	0.0	0.3076923076923077	3.6923076923076925	1.065877420042386
RCSB-5EWH-5SG-KD:S0	RCSB-5EWH-5SG-KD	S0	construct-002-cb5cf2af5e4a	cb5cf2af5e4a32c1730465cc84d1a4fc938ebaf2c2deaea72f5d7152c64279e9	P55201	5EWH	5SG	CSNXUYRHPXGSJD-UHFFFAOYSA-N	Oc1cccc2cnccc12	3.769551078621726	5EWH	3d43a27c5992111783252ce7bf55eb79f08703a7d770bd56649e5b6e82d114bb	1	A	5ETB	5RO	28;29;33;34;37;38;41;76;79;80;83;84;90	28;29;33;34;37;38;41;76;79;80;83;84;90		query_holo_receptor	True	True	False	13.0	114.0	1.0	0.0	0.0	0.07692307692307693	0.0	0.07692307692307693	0.15384615384615385	0.0	0.0	0.15384615384615385	0.0	0.0	0.0	0.15384615384615385	0.07692307692307693	0.0	0.0	0.0	0.0	0.15384615384615385	0.0	0.15384615384615385	0.0	0.6929824561403509	0.13157894736842105	0.16666666666666666	0.008771929824561403	0.0	0.0	0.0	7.331385405784096	11.462410370665506	18.822	17.248	14.120999999999999	5.073327871363679	4.104839512315809	3.340785664468681	0.02564102564102564	0.14102564102564102	0.1282051282051282	0.19230769230769232	0.23076923076923078	0.2564102564102564	0.02564102564102564	0.0	0.0	0.2948717948717949	3.5384615384615383	1.1512791959304434
RCSB-5EWH-5SG-KD:S1	RCSB-5EWH-5SG-KD	S1	construct-002-cb5cf2af5e4a	cb5cf2af5e4a32c1730465cc84d1a4fc938ebaf2c2deaea72f5d7152c64279e9	P55201	5EWH	5SG	CSNXUYRHPXGSJD-UHFFFAOYSA-N	Oc1cccc2cnccc12	3.769551078621726	5ETB	5d7376a3d2bfee40234d6380156f171c8de9de50f546105e3cbe547384d2c9f7	1	A	5ETB	5RO	28;29;33;34;37;38;41;76;79;80;83;84;90	28;29;33;34;37;38;41;76;79;80;83;84;90		fixed_historical_reference_receptor	False	True	False	13.0	114.0	1.0	0.0	0.0	0.07692307692307693	0.0	0.07692307692307693	0.15384615384615385	0.0	0.0	0.15384615384615385	0.0	0.0	0.0	0.15384615384615385	0.07692307692307693	0.0	0.0	0.0	0.0	0.15384615384615385	0.0	0.15384615384615385	0.0	0.6929824561403509	0.13157894736842105	0.16666666666666666	0.008771929824561403	0.0	0.0	0.0	7.344306675745451	10.775206480537387	18.146	17.257	14.212	5.139191889788182	4.046741092603404	3.3393762586401636	0.02564102564102564	0.15384615384615385	0.1282051282051282	0.1794871794871795	0.24358974358974358	0.24358974358974358	0.02564102564102564	0.0	0.0	0.3076923076923077	3.6923076923076925	1.065877420042386
RCSB-5C85-4YO-KD:S0	RCSB-5C85-4YO-KD	S0	construct-002-cb5cf2af5e4a	cb5cf2af5e4a32c1730465cc84d1a4fc938ebaf2c2deaea72f5d7152c64279e9	P55201	5C85	4YO	AFHCUZXZHPMRQJ-UHFFFAOYSA-N	O=C1CNc2cc(Br)ccc2N1	3.9788107009300617	5C85	2ef92e2d8af29ced133521f783c9fb819906d9949e25790b22cd95154a4e3c57	1	A	5ETB	5RO	28;29;33;34;37;38;41;76;79;80;83;84;90	28;29;33;34;37;38;41;76;79;80;83;84;90		query_holo_receptor	True	True	False	13.0	114.0	1.0	0.0	0.0	0.07692307692307693	0.0	0.07692307692307693	0.15384615384615385	0.0	0.0	0.15384615384615385	0.0	0.0	0.0	0.15384615384615385	0.07692307692307693	0.0	0.0	0.0	0.0	0.15384615384615385	0.0	0.15384615384615385	0.0	0.6929824561403509	0.13157894736842105	0.16666666666666666	0.008771929824561403	0.0	0.0	0.0	7.284031160315313	11.530763979472148	18.751	17.613999999999997	15.648	5.028979028503832	4.079351110654941	3.335472139189803	0.02564102564102564	0.14102564102564102	0.14102564102564102	0.1794871794871795	0.24358974358974358	0.24358974358974358	0.02564102564102564	0.0	0.0	0.3076923076923077	3.6923076923076925	1.065877420042386
RCSB-5C85-4YO-KD:S1	RCSB-5C85-4YO-KD	S1	construct-002-cb5cf2af5e4a	cb5cf2af5e4a32c1730465cc84d1a4fc938ebaf2c2deaea72f5d7152c64279e9	P55201	5C85	4YO	AFHCUZXZHPMRQJ-UHFFFAOYSA-N	O=C1CNc2cc(Br)ccc2N1	3.9788107009300617	5ETB	5d7376a3d2bfee40234d6380156f171c8de9de50f546105e3cbe547384d2c9f7	1	A	5ETB	5RO	28;29;33;34;37;38;41;76;79;80;83;84;90	28;29;33;34;37;38;41;76;79;80;83;84;90		fixed_historical_reference_receptor	False	True	False	13.0	114.0	1.0	0.0	0.0	0.07692307692307693	0.0	0.07692307692307693	0.15384615384615385	0.0	0.0	0.15384615384615385	0.0	0.0	0.0	0.15384615384615385	0.07692307692307693	0.0	0.0	0.0	0.0	0.15384615384615385	0.0	0.15384615384615385	0.0	0.6929824561403509	0.13157894736842105	0.16666666666666666	0.008771929824561403	0.0	0.0	0.0	7.344306675745451	10.775206480537387	18.146	17.257	14.212	5.139191889788182	4.046741092603404	3.3393762586401636	0.02564102564102564	0.15384615384615385	0.1282051282051282	0.1794871794871795	0.24358974358974358	0.24358974358974358	0.02564102564102564	0.0	0.0	0.3076923076923077	3.6923076923076925	1.065877420042386
RCSB-5O4S-9KW-KD:S0	RCSB-5O4S-9KW-KD	S0	construct-002-cb5cf2af5e4a	cb5cf2af5e4a32c1730465cc84d1a4fc938ebaf2c2deaea72f5d7152c64279e9	P55201	5O4S	9KW	HKFDPIBCGYGLOO-UHFFFAOYSA-N	Cn1c(=O)c(=O)n(C)c2cc(N3CCOCC3)c(NS(=O)(=O)c3ccc4c(c3)CCCC4)cc21	5.6020599913279625	5O4S	da2253268557b9e546c150e27c39ec138f8b49ef9f0401c614063e6246f58e75	1	A	5ETB	5RO	28;29;33;34;37;38;41;76;79;80;83;84;90	28;29;33;34;37;38;41;76;79;80;83;84;90		query_holo_receptor	True	True	False	13.0	114.0	1.0	0.0	0.0	0.07692307692307693	0.0	0.07692307692307693	0.15384615384615385	0.0	0.0	0.15384615384615385	0.0	0.0	0.0	0.15384615384615385	0.07692307692307693	0.0	0.0	0.0	0.0	0.15384615384615385	0.0	0.15384615384615385	0.0	0.6929824561403509	0.13157894736842105	0.16666666666666666	0.008771929824561403	0.0	0.0	0.0	7.4162397485883025	11.891457477853555	20.095	16.576999999999998	15.457	5.167881304493871	4.15521101523178	3.32081861144211	0.02564102564102564	0.1282051282051282	0.16666666666666666	0.19230769230769232	0.19230769230769232	0.2692307692307692	0.02564102564102564	0.0	0.0	0.32051282051282054	3.8461538461538463	1.166596222161777
RCSB-5O4S-9KW-KD:S1	RCSB-5O4S-9KW-KD	S1	construct-002-cb5cf2af5e4a	cb5cf2af5e4a32c1730465cc84d1a4fc938ebaf2c2deaea72f5d7152c64279e9	P55201	5O4S	9KW	HKFDPIBCGYGLOO-UHFFFAOYSA-N	Cn1c(=O)c(=O)n(C)c2cc(N3CCOCC3)c(NS(=O)(=O)c3ccc4c(c3)CCCC4)cc21	5.6020599913279625	5ETB	5d7376a3d2bfee40234d6380156f171c8de9de50f546105e3cbe547384d2c9f7	1	A	5ETB	5RO	28;29;33;34;37;38;41;76;79;80;83;84;90	28;29;33;34;37;38;41;76;79;80;83;84;90		fixed_historical_reference_receptor	False	True	False	13.0	114.0	1.0	0.0	0.0	0.07692307692307693	0.0	0.07692307692307693	0.15384615384615385	0.0	0.0	0.15384615384615385	0.0	0.0	0.0	0.15384615384615385	0.07692307692307693	0.0	0.0	0.0	0.0	0.15384615384615385	0.0	0.15384615384615385	0.0	0.6929824561403509	0.13157894736842105	0.16666666666666666	0.008771929824561403	0.0	0.0	0.0	7.344306675745451	10.775206480537387	18.146	17.257	14.212	5.139191889788182	4.046741092603404	3.3393762586401636	0.02564102564102564	0.15384615384615385	0.1282051282051282	0.1794871794871795	0.24358974358974358	0.24358974358974358	0.02564102564102564	0.0	0.0	0.3076923076923077	3.6923076923076925	1.065877420042386
RCSB-5EPR-5QY-KD:S0	RCSB-5EPR-5QY-KD	S0	construct-002-cb5cf2af5e4a	cb5cf2af5e4a32c1730465cc84d1a4fc938ebaf2c2deaea72f5d7152c64279e9	P55201	5EPR	5QY	BEAJCHFCYQOFGS-LURJTMIESA-N	C[C@@H]1Nc2ccccc2NC1=O	4.040958607678906	5EPR	b3ef4be2a1fb148f5119fd16751a41f0474f2cc2af745ec5157f1d0ef6735cb1	1	A	5ETB	5RO	28;29;33;34;37;38;41;76;79;80;83;84;90	28;29;33;34;37;38;41;76;79;80;83;84;90		query_holo_receptor	True	True	False	13.0	114.0	1.0	0.0	0.0	0.07692307692307693	0.0	0.07692307692307693	0.15384615384615385	0.0	0.0	0.15384615384615385	0.0	0.0	0.0	0.15384615384615385	0.07692307692307693	0.0	0.0	0.0	0.0	0.15384615384615385	0.0	0.15384615384615385	0.0	0.6929824561403509	0.13157894736842105	0.16666666666666666	0.008771929824561403	0.0	0.0	0.0	7.337457907813723	10.513743234544917	17.839	17.719	16.654	5.082843844337751	4.114263619201066	3.3280357381997123	0.02564102564102564	0.14102564102564102	0.14102564102564102	0.1794871794871795	0.24358974358974358	0.2564102564102564	0.01282051282051282	0.0	0.0	0.3076923076923077	3.6923076923076925	1.065877420042386
RCSB-5EPR-5QY-KD:S1	RCSB-5EPR-5QY-KD	S1	construct-002-cb5cf2af5e4a	cb5cf2af5e4a32c1730465cc84d1a4fc938ebaf2c2deaea72f5d7152c64279e9	P55201	5EPR	5QY	BEAJCHFCYQOFGS-LURJTMIESA-N	C[C@@H]1Nc2ccccc2NC1=O	4.040958607678906	5ETB	5d7376a3d2bfee40234d6380156f171c8de9de50f546105e3cbe547384d2c9f7	1	A	5ETB	5RO	28;29;33;34;37;38;41;76;79;80;83;84;90	28;29;33;34;37;38;41;76;79;80;83;84;90		fixed_historical_reference_receptor	False	True	False	13.0	114.0	1.0	0.0	0.0	0.07692307692307693	0.0	0.07692307692307693	0.15384615384615385	0.0	0.0	0.15384615384615385	0.0	0.0	0.0	0.15384615384615385	0.07692307692307693	0.0	0.0	0.0	0.0	0.15384615384615385	0.0	0.15384615384615385	0.0	0.6929824561403509	0.13157894736842105	0.16666666666666666	0.008771929824561403	0.0	0.0	0.0	7.344306675745451	10.775206480537387	18.146	17.257	14.212	5.139191889788182	4.046741092603404	3.3393762586401636	0.02564102564102564	0.15384615384615385	0.1282051282051282	0.1794871794871795	0.24358974358974358	0.24358974358974358	0.02564102564102564	0.0	0.0	0.3076923076923077	3.6923076923076925	1.065877420042386
RCSB-5OV8-AXN-KD:S0	RCSB-5OV8-AXN-KD	S0	construct-002-cb5cf2af5e4a	cb5cf2af5e4a32c1730465cc84d1a4fc938ebaf2c2deaea72f5d7152c64279e9	P55201	5OV8	AXN	SSZHAOLXDMZGQV-UHFFFAOYSA-N	CC(C)Cc1ccc(S(=O)(=O)Nc2cc3c(cc2N2CCCC2)n(C)c(=O)c(=O)n3C)cc1	4.7447274948966935	5OV8	7af4a749ce653ab43e1aaaa6e419e03dfbbb8ebc622377e889a930c223101731	1	A	5ETB	5RO	28;29;33;34;37;38;41;76;79;80;83;84;90	28;29;33;34;37;38;41;76;79;80;83;84;90		query_holo_receptor	True	True	False	13.0	114.0	1.0	0.0	0.0	0.07692307692307693	0.0	0.07692307692307693	0.15384615384615385	0.0	0.0	0.15384615384615385	0.0	0.0	0.0	0.15384615384615385	0.07692307692307693	0.0	0.0	0.0	0.0	0.15384615384615385	0.0	0.15384615384615385	0.0	0.6929824561403509	0.13157894736842105	0.16666666666666666	0.008771929824561403	0.0	0.0	0.0	7.407468359157573	11.704027416341143	19.842	16.663999999999998	15.587	5.159690814948083	4.161032978647994	3.306657335840043	0.02564102564102564	0.1282051282051282	0.15384615384615385	0.19230769230769232	0.20512820512820512	0.2692307692307692	0.02564102564102564	0.0	0.0	0.3076923076923077	3.6923076923076925	1.135755620017954
RCSB-5OV8-AXN-KD:S1	RCSB-5OV8-AXN-KD	S1	construct-002-cb5cf2af5e4a	cb5cf2af5e4a32c1730465cc84d1a4fc938ebaf2c2deaea72f5d7152c64279e9	P55201	5OV8	AXN	SSZHAOLXDMZGQV-UHFFFAOYSA-N	CC(C)Cc1ccc(S(=O)(=O)Nc2cc3c(cc2N2CCCC2)n(C)c(=O)c(=O)n3C)cc1	4.7447274948966935	5ETB	5d7376a3d2bfee40234d6380156f171c8de9de50f546105e3cbe547384d2c9f7	1	A	5ETB	5RO	28;29;33;34;37;38;41;76;79;80;83;84;90	28;29;33;34;37;38;41;76;79;80;83;84;90		fixed_historical_reference_receptor	False	True	False	13.0	114.0	1.0	0.0	0.0	0.07692307692307693	0.0	0.07692307692307693	0.15384615384615385	0.0	0.0	0.15384615384615385	0.0	0.0	0.0	0.15384615384615385	0.07692307692307693	0.0	0.0	0.0	0.0	0.15384615384615385	0.0	0.15384615384615385	0.0	0.6929824561403509	0.13157894736842105	0.16666666666666666	0.008771929824561403	0.0	0.0	0.0	7.344306675745451	10.775206480537387	18.146	17.257	14.212	5.139191889788182	4.046741092603404	3.3393762586401636	0.02564102564102564	0.15384615384615385	0.1282051282051282	0.1794871794871795	0.24358974358974358	0.24358974358974358	0.02564102564102564	0.0	0.0	0.3076923076923077	3.6923076923076925	1.065877420042386
RCSB-5O55-9L5-KD:S0	RCSB-5O55-9L5-KD	S0	construct-002-cb5cf2af5e4a	cb5cf2af5e4a32c1730465cc84d1a4fc938ebaf2c2deaea72f5d7152c64279e9	P55201	5O55	9L5	ZHMKNBFQCHDNKP-NSHDSACASA-N	CCn1c(=O)c(C)nc2cc(C(=O)N[C@@H](C)c3cnn(C)c3C)ccc21	4.698970004336019	5O55	702c65c41755ee43bd5d0a90d479dd67aa45930e03234dd96d6a6ea660536516	1	A	5ETB	5RO	28;29;33;34;37;38;41;76;79;80;83;84;90	28;29;33;34;37;38;41;76;79;80;83;84;90		query_holo_receptor	True	True	False	13.0	114.0	1.0	0.0	0.0	0.07692307692307693	0.0	0.07692307692307693	0.15384615384615385	0.0	0.0	0.15384615384615385	0.0	0.0	0.0	0.15384615384615385	0.07692307692307693	0.0	0.0	0.0	0.0	0.15384615384615385	0.0	0.15384615384615385	0.0	0.6929824561403509	0.13157894736842105	0.16666666666666666	0.008771929824561403	0.0	0.0	0.0	7.431934184610137	12.90086862280954	19.305	17.309	15.463000000000001	5.19224425361584	4.126981724248582	3.3529490277796112	0.01282051282051282	0.15384615384615385	0.14102564102564102	0.1794871794871795	0.20512820512820512	0.28205128205128205	0.02564102564102564	0.0	0.0	0.3076923076923077	3.6923076923076925	1.2015768732164083
RCSB-5O55-9L5-KD:S1	RCSB-5O55-9L5-KD	S1	construct-002-cb5cf2af5e4a	cb5cf2af5e4a32c1730465cc84d1a4fc938ebaf2c2deaea72f5d7152c64279e9	P55201	5O55	9L5	ZHMKNBFQCHDNKP-NSHDSACASA-N	CCn1c(=O)c(C)nc2cc(C(=O)N[C@@H](C)c3cnn(C)c3C)ccc21	4.698970004336019	5ETB	5d7376a3d2bfee40234d6380156f171c8de9de50f546105e3cbe547384d2c9f7	1	A	5ETB	5RO	28;29;33;34;37;38;41;76;79;80;83;84;90	28;29;33;34;37;38;41;76;79;80;83;84;90		fixed_historical_reference_receptor	False	True	False	13.0	114.0	1.0	0.0	0.0	0.07692307692307693	0.0	0.07692307692307693	0.15384615384615385	0.0	0.0	0.15384615384615385	0.0	0.0	0.0	0.15384615384615385	0.07692307692307693	0.0	0.0	0.0	0.0	0.15384615384615385	0.0	0.15384615384615385	0.0	0.6929824561403509	0.13157894736842105	0.16666666666666666	0.008771929824561403	0.0	0.0	0.0	7.344306675745451	10.775206480537387	18.146	17.257	14.212	5.139191889788182	4.046741092603404	3.3393762586401636	0.02564102564102564	0.15384615384615385	0.1282051282051282	0.1794871794871795	0.24358974358974358	0.24358974358974358	0.02564102564102564	0.0	0.0	0.3076923076923077	3.6923076923076925	1.065877420042386
RCSB-5D7X-XZ8-KD:S0	RCSB-5D7X-XZ8-KD	S0	construct-002-cb5cf2af5e4a	cb5cf2af5e4a32c1730465cc84d1a4fc938ebaf2c2deaea72f5d7152c64279e9	P55201	5D7X	XZ8	HCHHWOYUIPSLJH-UHFFFAOYSA-N	CC(=O)n1cc(-c2c(C)[nH][nH]c2=O)c2ccccc21	4.823908740944319	5D7X	e0284f9075d8f2c486760d3842d54c11fbefb6f6cfbc590de0bdccaf676212ca	1	A	5ETB	5RO	28;29;33;34;37;38;41;76;79;80;83;84;90	28;29;33;34;37;38;41;76;79;80;83;84;90		query_holo_receptor	True	True	False	13.0	114.0	1.0	0.0	0.0	0.07692307692307693	0.0	0.07692307692307693	0.15384615384615385	0.0	0.0	0.15384615384615385	0.0	0.0	0.0	0.15384615384615385	0.07692307692307693	0.0	0.0	0.0	0.0	0.15384615384615385	0.0	0.15384615384615385	0.0	0.6929824561403509	0.13157894736842105	0.16666666666666666	0.008771929824561403	0.0	0.0	0.0	7.350819997521699	10.546408930897728	17.663	17.255	14.325	5.176607078773481	3.9987974998120674	3.353641654001505	0.02564102564102564	0.14102564102564102	0.14102564102564102	0.19230769230769232	0.21794871794871795	0.2692307692307692	0.01282051282051282	0.0	0.0	0.3076923076923077	3.6923076923076925	1.065877420042386
RCSB-5D7X-XZ8-KD:S1	RCSB-5D7X-XZ8-KD	S1	construct-002-cb5cf2af5e4a	cb5cf2af5e4a32c1730465cc84d1a4fc938ebaf2c2deaea72f5d7152c64279e9	P55201	5D7X	XZ8	HCHHWOYUIPSLJH-UHFFFAOYSA-N	CC(=O)n1cc(-c2c(C)[nH][nH]c2=O)c2ccccc21	4.823908740944319	5ETB	5d7376a3d2bfee40234d6380156f171c8de9de50f546105e3cbe547384d2c9f7	1	A	5ETB	5RO	28;29;33;34;37;38;41;76;79;80;83;84;90	28;29;33;34;37;38;41;76;79;80;83;84;90		fixed_historical_reference_receptor	False	True	False	13.0	114.0	1.0	0.0	0.0	0.07692307692307693	0.0	0.07692307692307693	0.15384615384615385	0.0	0.0	0.15384615384615385	0.0	0.0	0.0	0.15384615384615385	0.07692307692307693	0.0	0.0	0.0	0.0	0.15384615384615385	0.0	0.15384615384615385	0.0	0.6929824561403509	0.13157894736842105	0.16666666666666666	0.008771929824561403	0.0	0.0	0.0	7.344306675745451	10.775206480537387	18.146	17.257	14.212	5.139191889788182	4.046741092603404	3.3393762586401636	0.02564102564102564	0.15384615384615385	0.1282051282051282	0.1794871794871795	0.24358974358974358	0.24358974358974358	0.02564102564102564	0.0	0.0	0.3076923076923077	3.6923076923076925	1.065877420042386
RCSB-5O5A-9LN-KD:S0	RCSB-5O5A-9LN-KD	S0	construct-002-cb5cf2af5e4a	cb5cf2af5e4a32c1730465cc84d1a4fc938ebaf2c2deaea72f5d7152c64279e9	P55201	5O5A	9LN	WOECCYJDFDPEPV-UHFFFAOYSA-N	CCn1c(=O)c(=O)[nH]c2cc(C(=O)N(C)Cc3cnn(-c4ccccc4)c3)ccc21	4.769551078621726	5O5A	b70f1fdeee919658f59a83047f36136852839e724355dd4af0c8bffc17214a80	1	A	5ETB	5RO	28;29;33;34;37;38;41;76;79;80;83;84;90	28;29;33;34;37;38;41;76;79;80;83;84;90		query_holo_receptor	True	True	False	13.0	114.0	1.0	0.0	0.0	0.07692307692307693	0.0	0.07692307692307693	0.15384615384615385	0.0	0.0	0.15384615384615385	0.0	0.0	0.0	0.15384615384615385	0.07692307692307693	0.0	0.0	0.0	0.0	0.15384615384615385	0.0	0.15384615384615385	0.0	0.6929824561403509	0.13157894736842105	0.16666666666666666	0.008771929824561403	0.0	0.0	0.0	7.447226550743016	12.51042330542239	20.011000000000003	16.885	14.355	5.303153153769726	4.034845176771011	3.325323191096116	0.02564102564102564	0.14102564102564102	0.1282051282051282	0.1794871794871795	0.23076923076923078	0.2564102564102564	0.038461538461538464	0.0	0.0	0.2948717948717949	3.5384615384615383	1.1512791959304434
RCSB-5O5A-9LN-KD:S1	RCSB-5O5A-9LN-KD	S1	construct-002-cb5cf2af5e4a	cb5cf2af5e4a32c1730465cc84d1a4fc938ebaf2c2deaea72f5d7152c64279e9	P55201	5O5A	9LN	WOECCYJDFDPEPV-UHFFFAOYSA-N	CCn1c(=O)c(=O)[nH]c2cc(C(=O)N(C)Cc3cnn(-c4ccccc4)c3)ccc21	4.769551078621726	5ETB	5d7376a3d2bfee40234d6380156f171c8de9de50f546105e3cbe547384d2c9f7	1	A	5ETB	5RO	28;29;33;34;37;38;41;76;79;80;83;84;90	28;29;33;34;37;38;41;76;79;80;83;84;90		fixed_historical_reference_receptor	False	True	False	13.0	114.0	1.0	0.0	0.0	0.07692307692307693	0.0	0.07692307692307693	0.15384615384615385	0.0	0.0	0.15384615384615385	0.0	0.0	0.0	0.15384615384615385	0.07692307692307693	0.0	0.0	0.0	0.0	0.15384615384615385	0.0	0.15384615384615385	0.0	0.6929824561403509	0.13157894736842105	0.16666666666666666	0.008771929824561403	0.0	0.0	0.0	7.344306675745451	10.775206480537387	18.146	17.257	14.212	5.139191889788182	4.046741092603404	3.3393762586401636	0.02564102564102564	0.15384615384615385	0.1282051282051282	0.1794871794871795	0.24358974358974358	0.24358974358974358	0.02564102564102564	0.0	0.0	0.3076923076923077	3.6923076923076925	1.065877420042386
RCSB-5EPS-5QX-KD:S0	RCSB-5EPS-5QX-KD	S0	construct-002-cb5cf2af5e4a	cb5cf2af5e4a32c1730465cc84d1a4fc938ebaf2c2deaea72f5d7152c64279e9	P55201	5EPS	5QX	JFWAVAHCZRTHLM-UHFFFAOYSA-N	CN1C(=O)CNc2ccccc21	4.42021640338319	5EPS	f3f181ba67e04fc4b70e83c0488d8f3310b3618497a9018fe01e650634bf13a6	1	A	5ETB	5RO	28;29;33;34;37;38;41;76;79;80;83;84;90	28;29;33;34;37;38;41;76;79;80;83;84;90		query_holo_receptor	True	True	False	13.0	114.0	1.0	0.0	0.0	0.07692307692307693	0.0	0.07692307692307693	0.15384615384615385	0.0	0.0	0.15384615384615385	0.0	0.0	0.0	0.15384615384615385	0.07692307692307693	0.0	0.0	0.0	0.0	0.15384615384615385	0.0	0.15384615384615385	0.0	0.6929824561403509	0.13157894736842105	0.16666666666666666	0.008771929824561403	0.0	0.0	0.0	7.246622150982306	10.512706960935727	17.558	17.064	16.317999999999998	5.028344672156056	4.017998777321842	3.3294095996959285	0.02564102564102564	0.14102564102564102	0.15384615384615385	0.1794871794871795	0.23076923076923078	0.2564102564102564	0.01282051282051282	0.0	0.0	0.32051282051282054	3.8461538461538463	1.0986812966989001
RCSB-5EPS-5QX-KD:S1	RCSB-5EPS-5QX-KD	S1	construct-002-cb5cf2af5e4a	cb5cf2af5e4a32c1730465cc84d1a4fc938ebaf2c2deaea72f5d7152c64279e9	P55201	5EPS	5QX	JFWAVAHCZRTHLM-UHFFFAOYSA-N	CN1C(=O)CNc2ccccc21	4.42021640338319	5ETB	5d7376a3d2bfee40234d6380156f171c8de9de50f546105e3cbe547384d2c9f7	1	A	5ETB	5RO	28;29;33;34;37;38;41;76;79;80;83;84;90	28;29;33;34;37;38;41;76;79;80;83;84;90		fixed_historical_reference_receptor	False	True	False	13.0	114.0	1.0	0.0	0.0	0.07692307692307693	0.0	0.07692307692307693	0.15384615384615385	0.0	0.0	0.15384615384615385	0.0	0.0	0.0	0.15384615384615385	0.07692307692307693	0.0	0.0	0.0	0.0	0.15384615384615385	0.0	0.15384615384615385	0.0	0.6929824561403509	0.13157894736842105	0.16666666666666666	0.008771929824561403	0.0	0.0	0.0	7.344306675745451	10.775206480537387	18.146	17.257	14.212	5.139191889788182	4.046741092603404	3.3393762586401636	0.02564102564102564	0.15384615384615385	0.1282051282051282	0.1794871794871795	0.24358974358974358	0.24358974358974358	0.02564102564102564	0.0	0.0	0.3076923076923077	3.6923076923076925	1.065877420042386
RCSB-4O76-1M3-KD:S0	RCSB-4O76-1M3-KD	S0	construct-003-fbf3f5c695a3	fbf3f5c695a3b8c47960f7f87595ade0ba42d8f497f2c0c835fe377069f49978	O60885	4O76	1M3	JVDOKQYTTYUYDV-UHFFFAOYSA-N	Cc1cnc(Nc2ccc(N3CCN(C)CC3)cc2)nc1Nc1cccc(S(=O)(=O)NC(C)(C)C)c1	6.910094888560602	4O76	d61dd09191415accfef93a505171ddbf990a73dfa845c7896b4f9e71454ae0e0	1	A	4E96	0NS	40;41;42;46;51;53;56;91;94;95;98;99;104;105;108	40;41;42;46;51;53;56;91;94;95;98;99;104;105;108		query_holo_receptor	True	True	False	15.0	133.0	1.0	0.0	0.0	0.06666666666666667	0.06666666666666667	0.0	0.06666666666666667	0.0	0.0	0.06666666666666667	0.0	0.13333333333333333	0.13333333333333333	0.13333333333333333	0.06666666666666667	0.0	0.0	0.0	0.0	0.06666666666666667	0.06666666666666667	0.13333333333333333	0.0	0.6842105263157895	0.13533834586466165	0.15789473684210525	0.022556390977443608	0.0	0.0	0.0	8.110196616552429	12.175052703050861	20.253	19.899	17.372	5.570227766888729	4.38134230999416	3.9435632804324654	0.01904761904761905	0.08571428571428572	0.1619047619047619	0.1619047619047619	0.17142857142857143	0.3333333333333333	0.06666666666666667	0.0	0.0	0.26666666666666666	3.7333333333333334	1.1813363431112902
RCSB-4O76-1M3-KD:S1	RCSB-4O76-1M3-KD	S1	construct-003-fbf3f5c695a3	fbf3f5c695a3b8c47960f7f87595ade0ba42d8f497f2c0c835fe377069f49978	O60885	4O76	1M3	JVDOKQYTTYUYDV-UHFFFAOYSA-N	Cc1cnc(Nc2ccc(N3CCN(C)CC3)cc2)nc1Nc1cccc(S(=O)(=O)NC(C)(C)C)c1	6.910094888560602	4E96	cac2652a577f953822137c3cc974f1f9dfe2179e3eafaf7876496661de863663	1	A	4E96	0NS	40;41;42;46;51;53;56;91;94;95;98;99;104;105;108	40;41;42;46;51;53;56;91;94;95;98;99;104;105;108		fixed_historical_reference_receptor	False	True	False	15.0	133.0	1.0	0.0	0.0	0.06666666666666667	0.06666666666666667	0.0	0.06666666666666667	0.0	0.0	0.06666666666666667	0.0	0.13333333333333333	0.13333333333333333	0.13333333333333333	0.06666666666666667	0.0	0.0	0.0	0.0	0.06666666666666667	0.06666666666666667	0.13333333333333333	0.0	0.6842105263157895	0.13533834586466165	0.15789473684210525	0.022556390977443608	0.0	0.0	0.0	7.904528132984564	11.737534185114658	18.805	18.562	17.998	5.434596537646252	4.217409270506145	3.893608162514126	0.01904761904761905	0.08571428571428572	0.17142857142857143	0.14285714285714285	0.24761904761904763	0.3142857142857143	0.01904761904761905	0.0	0.0	0.2761904761904762	3.8666666666666667	1.1469767022723503
RCSB-7MRA-ZMJ-KD:S0	RCSB-7MRA-ZMJ-KD	S0	construct-003-fbf3f5c695a3	fbf3f5c695a3b8c47960f7f87595ade0ba42d8f497f2c0c835fe377069f49978	O60885	7MRA	ZMJ	QIEVBHRUPLMWFP-UHFFFAOYSA-N	CCS(=O)(=O)Nc1cccc(-c2cn(C)c(=O)c3ccccc23)c1	7.086186147616283	7MRA	7a6c9629634dd3affe9cc85287defffe3ffc9aa4b2a9fa648b28c6ac9c25f478	1	A	4E96	0NS	40;41;42;46;51;53;56;91;94;95;98;99;104;105;108	40;41;42;46;51;53;56;91;94;95;98;99;104;105;108		query_holo_receptor	True	True	False	15.0	133.0	1.0	0.0	0.0	0.06666666666666667	0.06666666666666667	0.0	0.06666666666666667	0.0	0.0	0.06666666666666667	0.0	0.13333333333333333	0.13333333333333333	0.13333333333333333	0.06666666666666667	0.0	0.0	0.0	0.0	0.06666666666666667	0.06666666666666667	0.13333333333333333	0.0	0.6842105263157895	0.13533834586466165	0.15789473684210525	0.022556390977443608	0.0	0.0	0.0	8.035743279613525	11.573843732037329	19.089	18.983	17.549	5.662105911665256	4.201093459749703	3.8554559319732284	0.01904761904761905	0.08571428571428572	0.1619047619047619	0.14285714285714285	0.21904761904761905	0.3238095238095238	0.047619047619047616	0.0	0.0	0.26666666666666666	3.7333333333333334	1.1813363431112902
RCSB-7MRA-ZMJ-KD:S1	RCSB-7MRA-ZMJ-KD	S1	construct-003-fbf3f5c695a3	fbf3f5c695a3b8c47960f7f87595ade0ba42d8f497f2c0c835fe377069f49978	O60885	7MRA	ZMJ	QIEVBHRUPLMWFP-UHFFFAOYSA-N	CCS(=O)(=O)Nc1cccc(-c2cn(C)c(=O)c3ccccc23)c1	7.086186147616283	4E96	cac2652a577f953822137c3cc974f1f9dfe2179e3eafaf7876496661de863663	1	A	4E96	0NS	40;41;42;46;51;53;56;91;94;95;98;99;104;105;108	40;41;42;46;51;53;56;91;94;95;98;99;104;105;108		fixed_historical_reference_receptor	False	True	False	15.0	133.0	1.0	0.0	0.0	0.06666666666666667	0.06666666666666667	0.0	0.06666666666666667	0.0	0.0	0.06666666666666667	0.0	0.13333333333333333	0.13333333333333333	0.13333333333333333	0.06666666666666667	0.0	0.0	0.0	0.0	0.06666666666666667	0.06666666666666667	0.13333333333333333	0.0	0.6842105263157895	0.13533834586466165	0.15789473684210525	0.022556390977443608	0.0	0.0	0.0	7.904528132984564	11.737534185114658	18.805	18.562	17.998	5.434596537646252	4.217409270506145	3.893608162514126	0.01904761904761905	0.08571428571428572	0.17142857142857143	0.14285714285714285	0.24761904761904763	0.3142857142857143	0.01904761904761905	0.0	0.0	0.2761904761904762	3.8666666666666667	1.1469767022723503
RCSB-5D26-L28-KD:S0	RCSB-5D26-L28-KD	S0	construct-003-fbf3f5c695a3	fbf3f5c695a3b8c47960f7f87595ade0ba42d8f497f2c0c835fe377069f49978	O60885	5D26	L28	BXFSSYQFFSWQEA-UHFFFAOYSA-N	CCc1c(C(=O)Nc2cc(S(=O)(=O)N(CC)CC)ccc2O)[nH]c(C)c1C(N)=O	6.0915149811213505	5D26	8b28b23011f793c541f5732bf87373c316855b1a77e899023a034866a80a3266	1	A	4E96	0NS	40;41;42;46;51;53;56;91;94;95;98;99;104;105;108	40;41;42;46;51;53;56;91;94;95;98;99;104;105;108		query_holo_receptor	True	True	False	15.0	133.0	1.0	0.0	0.0	0.06666666666666667	0.06666666666666667	0.0	0.06666666666666667	0.0	0.0	0.06666666666666667	0.0	0.13333333333333333	0.13333333333333333	0.13333333333333333	0.06666666666666667	0.0	0.0	0.0	0.0	0.06666666666666667	0.06666666666666667	0.13333333333333333	0.0	0.6842105263157895	0.13533834586466165	0.15789473684210525	0.022556390977443608	0.0	0.0	0.0	8.007559281312465	11.404838217277867	19.44	19.146	19.027	5.520539116847951	4.36430347835951	3.8206686131964034	0.01904761904761905	0.08571428571428572	0.17142857142857143	0.13333333333333333	0.22857142857142856	0.3142857142857143	0.047619047619047616	0.0	0.0	0.2761904761904762	3.8666666666666667	1.1469767022723503
RCSB-5D26-L28-KD:S1	RCSB-5D26-L28-KD	S1	construct-003-fbf3f5c695a3	fbf3f5c695a3b8c47960f7f87595ade0ba42d8f497f2c0c835fe377069f49978	O60885	5D26	L28	BXFSSYQFFSWQEA-UHFFFAOYSA-N	CCc1c(C(=O)Nc2cc(S(=O)(=O)N(CC)CC)ccc2O)[nH]c(C)c1C(N)=O	6.0915149811213505	4E96	cac2652a577f953822137c3cc974f1f9dfe2179e3eafaf7876496661de863663	1	A	4E96	0NS	40;41;42;46;51;53;56;91;94;95;98;99;104;105;108	40;41;42;46;51;53;56;91;94;95;98;99;104;105;108		fixed_historical_reference_receptor	False	True	False	15.0	133.0	1.0	0.0	0.0	0.06666666666666667	0.06666666666666667	0.0	0.06666666666666667	0.0	0.0	0.06666666666666667	0.0	0.13333333333333333	0.13333333333333333	0.13333333333333333	0.06666666666666667	0.0	0.0	0.0	0.0	0.06666666666666667	0.06666666666666667	0.13333333333333333	0.0	0.6842105263157895	0.13533834586466165	0.15789473684210525	0.022556390977443608	0.0	0.0	0.0	7.904528132984564	11.737534185114658	18.805	18.562	17.998	5.434596537646252	4.217409270506145	3.893608162514126	0.01904761904761905	0.08571428571428572	0.17142857142857143	0.14285714285714285	0.24761904761904763	0.3142857142857143	0.01904761904761905	0.0	0.0	0.2761904761904762	3.8666666666666667	1.1469767022723503
RCSB-5EGU-5NQ-KD:S0	RCSB-5EGU-5NQ-KD	S0	construct-003-fbf3f5c695a3	fbf3f5c695a3b8c47960f7f87595ade0ba42d8f497f2c0c835fe377069f49978	O60885	5EGU	5NQ	FTDVJTZJKKOHSY-UHFFFAOYSA-N	CCCCc1c(C)nc2nc(SCc3nc4c(c(=O)[nH]c(=O)n4CCCC)n3CC)nn2c1C	5.853871964321762	5EGU	340bdc892b7977bb994743103e7433efd210d0e8781f8aa1596ee30badecf601	1	A	4E96	0NS	40;41;42;46;51;53;56;91;94;95;98;99;104;105;108	40;41;42;46;51;53;56;91;94;95;98;99;104;105;108		query_holo_receptor	True	True	False	15.0	133.0	1.0	0.0	0.0	0.06666666666666667	0.06666666666666667	0.0	0.06666666666666667	0.0	0.0	0.06666666666666667	0.0	0.13333333333333333	0.13333333333333333	0.13333333333333333	0.06666666666666667	0.0	0.0	0.0	0.0	0.06666666666666667	0.06666666666666667	0.13333333333333333	0.0	0.6842105263157895	0.13533834586466165	0.15789473684210525	0.022556390977443608	0.0	0.0	0.0	7.823597061334511	11.933046418513143	18.242999999999995	18.047	15.366999999999997	5.334144403543742	4.147959444908981	3.943349705980357	0.01904761904761905	0.09523809523809523	0.1523809523809524	0.18095238095238095	0.21904761904761905	0.3142857142857143	0.01904761904761905	0.0	0.0	0.26666666666666666	3.7333333333333334	1.1813363431112902
RCSB-5EGU-5NQ-KD:S1	RCSB-5EGU-5NQ-KD	S1	construct-003-fbf3f5c695a3	fbf3f5c695a3b8c47960f7f87595ade0ba42d8f497f2c0c835fe377069f49978	O60885	5EGU	5NQ	FTDVJTZJKKOHSY-UHFFFAOYSA-N	CCCCc1c(C)nc2nc(SCc3nc4c(c(=O)[nH]c(=O)n4CCCC)n3CC)nn2c1C	5.853871964321762	4E96	cac2652a577f953822137c3cc974f1f9dfe2179e3eafaf7876496661de863663	1	A	4E96	0NS	40;41;42;46;51;53;56;91;94;95;98;99;104;105;108	40;41;42;46;51;53;56;91;94;95;98;99;104;105;108		fixed_historical_reference_receptor	False	True	False	15.0	133.0	1.0	0.0	0.0	0.06666666666666667	0.06666666666666667	0.0	0.06666666666666667	0.0	0.0	0.06666666666666667	0.0	0.13333333333333333	0.13333333333333333	0.13333333333333333	0.06666666666666667	0.0	0.0	0.0	0.0	0.06666666666666667	0.06666666666666667	0.13333333333333333	0.0	0.6842105263157895	0.13533834586466165	0.15789473684210525	0.022556390977443608	0.0	0.0	0.0	7.904528132984564	11.737534185114658	18.805	18.562	17.998	5.434596537646252	4.217409270506145	3.893608162514126	0.01904761904761905	0.08571428571428572	0.17142857142857143	0.14285714285714285	0.24761904761904763	0.3142857142857143	0.01904761904761905	0.0	0.0	0.2761904761904762	3.8666666666666667	1.1469767022723503
RCSB-6TPZ-NV2-KD:S0	RCSB-6TPZ-NV2-KD	S0	construct-003-fbf3f5c695a3	fbf3f5c695a3b8c47960f7f87595ade0ba42d8f497f2c0c835fe377069f49978	O60885	6TPZ	NV2	DDSHVVXWYKDTTQ-UHFFFAOYSA-N	COCC(COC)n1c(-c2cc(C)c(=O)n(C)c2)nc2cc(N3CCOCC3)ccc21	8.301029995663981	6TPZ	823447bef89d17422fdb8dd1d7fc27b1956478dfb0e36bf7ec054cc2093ed501	1	A	4E96	0NS	40;41;42;46;51;53;56;91;94;95;98;99;104;105;108	40;41;42;46;51;53;56;91;94;95;98;99;104;105;108		query_holo_receptor	True	True	False	15.0	133.0	1.0	0.0	0.0	0.06666666666666667	0.06666666666666667	0.0	0.06666666666666667	0.0	0.0	0.06666666666666667	0.0	0.13333333333333333	0.13333333333333333	0.13333333333333333	0.06666666666666667	0.0	0.0	0.0	0.0	0.06666666666666667	0.06666666666666667	0.13333333333333333	0.0	0.6842105263157895	0.13533834586466165	0.15789473684210525	0.022556390977443608	0.0	0.0	0.0	8.042998831886951	11.508446367680731	19.485999999999997	19.194	18.691	5.64844287692043	4.272630194140721	3.811765273468288	0.01904761904761905	0.0761904761904762	0.17142857142857143	0.1523809523809524	0.21904761904761905	0.29523809523809524	0.06666666666666667	0.0	0.0	0.26666666666666666	3.7333333333333334	1.1234866364235145
RCSB-6TPZ-NV2-KD:S1	RCSB-6TPZ-NV2-KD	S1	construct-003-fbf3f5c695a3	fbf3f5c695a3b8c47960f7f87595ade0ba42d8f497f2c0c835fe377069f49978	O60885	6TPZ	NV2	DDSHVVXWYKDTTQ-UHFFFAOYSA-N	COCC(COC)n1c(-c2cc(C)c(=O)n(C)c2)nc2cc(N3CCOCC3)ccc21	8.301029995663981	4E96	cac2652a577f953822137c3cc974f1f9dfe2179e3eafaf7876496661de863663	1	A	4E96	0NS	40;41;42;46;51;53;56;91;94;95;98;99;104;105;108	40;41;42;46;51;53;56;91;94;95;98;99;104;105;108		fixed_historical_reference_receptor	False	True	False	15.0	133.0	1.0	0.0	0.0	0.06666666666666667	0.06666666666666667	0.0	0.06666666666666667	0.0	0.0	0.06666666666666667	0.0	0.13333333333333333	0.13333333333333333	0.13333333333333333	0.06666666666666667	0.0	0.0	0.0	0.0	0.06666666666666667	0.06666666666666667	0.13333333333333333	0.0	0.6842105263157895	0.13533834586466165	0.15789473684210525	0.022556390977443608	0.0	0.0	0.0	7.904528132984564	11.737534185114658	18.805	18.562	17.998	5.434596537646252	4.217409270506145	3.893608162514126	0.01904761904761905	0.08571428571428572	0.17142857142857143	0.14285714285714285	0.24761904761904763	0.3142857142857143	0.01904761904761905	0.0	0.0	0.2761904761904762	3.8666666666666667	1.1469767022723503
RCSB-6FO5-DZH-KD:S0	RCSB-6FO5-DZH-KD	S0	construct-003-fbf3f5c695a3	fbf3f5c695a3b8c47960f7f87595ade0ba42d8f497f2c0c835fe377069f49978	O60885	6FO5	DZH	GUZDPSZLHQZPSV-UHFFFAOYSA-N	CCn1cnc2c1c(=O)[nH]c(=O)n2Cc1ccc(CNS(=O)(=O)c2ccc3c(c2)CCCC(=O)N3)cc1	6.721246399047171	6FO5	b100150f710ca424e895036a87bdccac2fe2e8dec71fcd4d9323a302976fa4f5	1	A	4E96	0NS	40;41;42;46;51;53;56;91;94;95;98;99;104;105;108	40;41;42;46;51;53;56;91;94;95;98;99;104;105;108		query_holo_receptor	True	True	False	15.0	133.0	1.0	0.0	0.0	0.06666666666666667	0.06666666666666667	0.0	0.06666666666666667	0.0	0.0	0.06666666666666667	0.0	0.13333333333333333	0.13333333333333333	0.13333333333333333	0.06666666666666667	0.0	0.0	0.0	0.0	0.06666666666666667	0.06666666666666667	0.13333333333333333	0.0	0.6842105263157895	0.13533834586466165	0.15789473684210525	0.022556390977443608	0.0	0.0	0.0	7.9454701651499535	12.060314686749837	18.754	18.479	18.431000000000004	5.503524970165905	4.149921338736104	3.952197101657652	0.01904761904761905	0.09523809523809523	0.1523809523809524	0.17142857142857143	0.21904761904761905	0.3047619047619048	0.0380952380952381	0.0	0.0	0.26666666666666666	3.7333333333333334	1.1813363431112902
RCSB-6FO5-DZH-KD:S1	RCSB-6FO5-DZH-KD	S1	construct-003-fbf3f5c695a3	fbf3f5c695a3b8c47960f7f87595ade0ba42d8f497f2c0c835fe377069f49978	O60885	6FO5	DZH	GUZDPSZLHQZPSV-UHFFFAOYSA-N	CCn1cnc2c1c(=O)[nH]c(=O)n2Cc1ccc(CNS(=O)(=O)c2ccc3c(c2)CCCC(=O)N3)cc1	6.721246399047171	4E96	cac2652a577f953822137c3cc974f1f9dfe2179e3eafaf7876496661de863663	1	A	4E96	0NS	40;41;42;46;51;53;56;91;94;95;98;99;104;105;108	40;41;42;46;51;53;56;91;94;95;98;99;104;105;108		fixed_historical_reference_receptor	False	True	False	15.0	133.0	1.0	0.0	0.0	0.06666666666666667	0.06666666666666667	0.0	0.06666666666666667	0.0	0.0	0.06666666666666667	0.0	0.13333333333333333	0.13333333333333333	0.13333333333333333	0.06666666666666667	0.0	0.0	0.0	0.0	0.06666666666666667	0.06666666666666667	0.13333333333333333	0.0	0.6842105263157895	0.13533834586466165	0.15789473684210525	0.022556390977443608	0.0	0.0	0.0	7.904528132984564	11.737534185114658	18.805	18.562	17.998	5.434596537646252	4.217409270506145	3.893608162514126	0.01904761904761905	0.08571428571428572	0.17142857142857143	0.14285714285714285	0.24761904761904763	0.3142857142857143	0.01904761904761905	0.0	0.0	0.2761904761904762	3.8666666666666667	1.1469767022723503
RCSB-7AXR-S7T-KD:S0	RCSB-7AXR-S7T-KD	S0	construct-003-fbf3f5c695a3	fbf3f5c695a3b8c47960f7f87595ade0ba42d8f497f2c0c835fe377069f49978	O60885	7AXR	S7T	JZECKTZTLWIBPJ-UHFFFAOYSA-N	CCc1c(C(=O)Nc2cccc(CCC(=O)NO)c2)[nH]c(C)c1C(C)=O	4.940058111938045	7AXR	181fd31e805a4163aa73f6e999adc3502cf6b5187f84d0aa1ecb4d7cc638c210	1	A	4E96	0NS	40;41;42;46;51;53;56;91;94;95;98;99;104;105;108	40;41;42;46;51;53;56;91;94;95;98;99;104;105;108		query_holo_receptor	True	True	False	15.0	133.0	1.0	0.0	0.0	0.06666666666666667	0.06666666666666667	0.0	0.06666666666666667	0.0	0.0	0.06666666666666667	0.0	0.13333333333333333	0.13333333333333333	0.13333333333333333	0.06666666666666667	0.0	0.0	0.0	0.0	0.06666666666666667	0.06666666666666667	0.13333333333333333	0.0	0.6842105263157895	0.13533834586466165	0.15789473684210525	0.022556390977443608	0.0	0.0	0.0	8.110501976214481	11.836613554165869	19.181	19.078000000000003	17.563000000000002	5.826833346680686	4.149212589761452	3.8226025612341674	0.009523809523809525	0.08571428571428572	0.18095238095238095	0.14285714285714285	0.2	0.29523809523809524	0.08571428571428572	0.0	0.0	0.2761904761904762	3.8666666666666667	1.1469767022723503
RCSB-7AXR-S7T-KD:S1	RCSB-7AXR-S7T-KD	S1	construct-003-fbf3f5c695a3	fbf3f5c695a3b8c47960f7f87595ade0ba42d8f497f2c0c835fe377069f49978	O60885	7AXR	S7T	JZECKTZTLWIBPJ-UHFFFAOYSA-N	CCc1c(C(=O)Nc2cccc(CCC(=O)NO)c2)[nH]c(C)c1C(C)=O	4.940058111938045	4E96	cac2652a577f953822137c3cc974f1f9dfe2179e3eafaf7876496661de863663	1	A	4E96	0NS	40;41;42;46;51;53;56;91;94;95;98;99;104;105;108	40;41;42;46;51;53;56;91;94;95;98;99;104;105;108		fixed_historical_reference_receptor	False	True	False	15.0	133.0	1.0	0.0	0.0	0.06666666666666667	0.06666666666666667	0.0	0.06666666666666667	0.0	0.0	0.06666666666666667	0.0	0.13333333333333333	0.13333333333333333	0.13333333333333333	0.06666666666666667	0.0	0.0	0.0	0.0	0.06666666666666667	0.06666666666666667	0.13333333333333333	0.0	0.6842105263157895	0.13533834586466165	0.15789473684210525	0.022556390977443608	0.0	0.0	0.0	7.904528132984564	11.737534185114658	18.805	18.562	17.998	5.434596537646252	4.217409270506145	3.893608162514126	0.01904761904761905	0.08571428571428572	0.17142857142857143	0.14285714285714285	0.24761904761904763	0.3142857142857143	0.01904761904761905	0.0	0.0	0.2761904761904762	3.8666666666666667	1.1469767022723503
RCSB-6FSY-E5Q-KD:S0	RCSB-6FSY-E5Q-KD	S0	construct-003-fbf3f5c695a3	fbf3f5c695a3b8c47960f7f87595ade0ba42d8f497f2c0c835fe377069f49978	O60885	6FSY	E5Q	RFDVEAHRRMEOHK-KRWDZBQOSA-N	Cc1noc(C)c1-c1cc(O)cc([C@@H](O)c2cccnc2)c1	6.607303046740334	6FSY	bb5147be6f5efc8c672f215c26a1d67c906b450462348a81ed60a6459f804e4e	1	A	4E96	0NS	40;41;42;46;51;53;56;91;94;95;98;99;104;105;108	40;41;42;46;51;53;56;91;94;95;98;99;104;105;108		query_holo_receptor	True	True	False	15.0	133.0	1.0	0.0	0.0	0.06666666666666667	0.06666666666666667	0.0	0.06666666666666667	0.0	0.0	0.06666666666666667	0.0	0.13333333333333333	0.13333333333333333	0.13333333333333333	0.06666666666666667	0.0	0.0	0.0	0.0	0.06666666666666667	0.06666666666666667	0.13333333333333333	0.0	0.6842105263157895	0.13533834586466165	0.15789473684210525	0.022556390977443608	0.0	0.0	0.0	8.070185967806298	11.8866234027459	19.401	18.716000000000005	17.729	5.623331332687204	4.268118635874886	3.9101418884605113	0.01904761904761905	0.0761904761904762	0.1619047619047619	0.1523809523809524	0.21904761904761905	0.3047619047619048	0.06666666666666667	0.0	0.0	0.2571428571428571	3.6	1.2543258481484518
RCSB-6FSY-E5Q-KD:S1	RCSB-6FSY-E5Q-KD	S1	construct-003-fbf3f5c695a3	fbf3f5c695a3b8c47960f7f87595ade0ba42d8f497f2c0c835fe377069f49978	O60885	6FSY	E5Q	RFDVEAHRRMEOHK-KRWDZBQOSA-N	Cc1noc(C)c1-c1cc(O)cc([C@@H](O)c2cccnc2)c1	6.607303046740334	4E96	cac2652a577f953822137c3cc974f1f9dfe2179e3eafaf7876496661de863663	1	A	4E96	0NS	40;41;42;46;51;53;56;91;94;95;98;99;104;105;108	40;41;42;46;51;53;56;91;94;95;98;99;104;105;108		fixed_historical_reference_receptor	False	True	False	15.0	133.0	1.0	0.0	0.0	0.06666666666666667	0.06666666666666667	0.0	0.06666666666666667	0.0	0.0	0.06666666666666667	0.0	0.13333333333333333	0.13333333333333333	0.13333333333333333	0.06666666666666667	0.0	0.0	0.0	0.0	0.06666666666666667	0.06666666666666667	0.13333333333333333	0.0	0.6842105263157895	0.13533834586466165	0.15789473684210525	0.022556390977443608	0.0	0.0	0.0	7.904528132984564	11.737534185114658	18.805	18.562	17.998	5.434596537646252	4.217409270506145	3.893608162514126	0.01904761904761905	0.08571428571428572	0.17142857142857143	0.14285714285714285	0.24761904761904763	0.3142857142857143	0.01904761904761905	0.0	0.0	0.2761904761904762	3.8666666666666667	1.1469767022723503
RCSB-4PS5-2TA-KD:S0	RCSB-4PS5-2TA-KD	S0	construct-003-fbf3f5c695a3	fbf3f5c695a3b8c47960f7f87595ade0ba42d8f497f2c0c835fe377069f49978	O60885	4PS5	2TA	JOOXLOJCABQBSG-UHFFFAOYSA-N	Cc1cnc(Nc2ccc(OCCN3CCCC3)cc2)nc1Nc1cccc(S(=O)(=O)NC(C)(C)C)c1	6.785156151952302	4PS5	702827f507160ca45a0c53596ec9fa8549c577b2d41f1a3c851ecb88101e6bdd	1	A	4E96	0NS	40;41;42;46;51;53;56;91;94;95;98;99;104;105;108	40;41;42;46;51;53;56;91;94;95;98;99;104;105;108		query_holo_receptor	True	True	False	15.0	133.0	1.0	0.0	0.0	0.06666666666666667	0.06666666666666667	0.0	0.06666666666666667	0.0	0.0	0.06666666666666667	0.0	0.13333333333333333	0.13333333333333333	0.13333333333333333	0.06666666666666667	0.0	0.0	0.0	0.0	0.06666666666666667	0.06666666666666667	0.13333333333333333	0.0	0.6842105263157895	0.13533834586466165	0.15789473684210525	0.022556390977443608	0.0	0.0	0.0	8.10801627701434	11.921537543982017	20.072999999999997	19.03	18.31	5.648078618749494	4.278512572362706	3.9412518357608834	0.01904761904761905	0.09523809523809523	0.1523809523809524	0.1523809523809524	0.20952380952380953	0.3047619047619048	0.06666666666666667	0.0	0.0	0.26666666666666666	3.7333333333333334	1.1813363431112902
RCSB-4PS5-2TA-KD:S1	RCSB-4PS5-2TA-KD	S1	construct-003-fbf3f5c695a3	fbf3f5c695a3b8c47960f7f87595ade0ba42d8f497f2c0c835fe377069f49978	O60885	4PS5	2TA	JOOXLOJCABQBSG-UHFFFAOYSA-N	Cc1cnc(Nc2ccc(OCCN3CCCC3)cc2)nc1Nc1cccc(S(=O)(=O)NC(C)(C)C)c1	6.785156151952302	4E96	cac2652a577f953822137c3cc974f1f9dfe2179e3eafaf7876496661de863663	1	A	4E96	0NS	40;41;42;46;51;53;56;91;94;95;98;99;104;105;108	40;41;42;46;51;53;56;91;94;95;98;99;104;105;108		fixed_historical_reference_receptor	False	True	False	15.0	133.0	1.0	0.0	0.0	0.06666666666666667	0.06666666666666667	0.0	0.06666666666666667	0.0	0.0	0.06666666666666667	0.0	0.13333333333333333	0.13333333333333333	0.13333333333333333	0.06666666666666667	0.0	0.0	0.0	0.0	0.06666666666666667	0.06666666666666667	0.13333333333333333	0.0	0.6842105263157895	0.13533834586466165	0.15789473684210525	0.022556390977443608	0.0	0.0	0.0	7.904528132984564	11.737534185114658	18.805	18.562	17.998	5.434596537646252	4.217409270506145	3.893608162514126	0.01904761904761905	0.08571428571428572	0.17142857142857143	0.14285714285714285	0.24761904761904763	0.3142857142857143	0.01904761904761905	0.0	0.0	0.2761904761904762	3.8666666666666667	1.1469767022723503
RCSB-7MR9-ZMM-KD:S0	RCSB-7MR9-ZMM-KD	S0	construct-003-fbf3f5c695a3	fbf3f5c695a3b8c47960f7f87595ade0ba42d8f497f2c0c835fe377069f49978	O60885	7MR9	ZMM	IQHRPUHKLPCOKF-UHFFFAOYSA-N	Cn1cc(-c2cccc(N3CCCC3=O)c2)c2ccccc2c1=O	6.474955192963154	7MR9	2481c37ed5b34c8bda8d500e9b72af50c4bff0e0121245d65194dbab180b758b	1	A	4E96	0NS	40;41;42;46;51;53;56;91;94;95;98;99;104;105;108	40;41;42;46;51;53;56;91;94;95;98;99;104;105;108		query_holo_receptor	True	True	False	15.0	133.0	1.0	0.0	0.0	0.06666666666666667	0.06666666666666667	0.0	0.06666666666666667	0.0	0.0	0.06666666666666667	0.0	0.13333333333333333	0.13333333333333333	0.13333333333333333	0.06666666666666667	0.0	0.0	0.0	0.0	0.06666666666666667	0.06666666666666667	0.13333333333333333	0.0	0.6842105263157895	0.13533834586466165	0.15789473684210525	0.022556390977443608	0.0	0.0	0.0	7.988756135370727	11.533263691905262	18.893	18.593	17.713	5.58013928279964	4.246992580290295	3.8269209814077616	0.01904761904761905	0.08571428571428572	0.17142857142857143	0.13333333333333333	0.23809523809523808	0.3142857142857143	0.0380952380952381	0.0	0.0	0.2761904761904762	3.8666666666666667	1.1469767022723503
RCSB-7MR9-ZMM-KD:S1	RCSB-7MR9-ZMM-KD	S1	construct-003-fbf3f5c695a3	fbf3f5c695a3b8c47960f7f87595ade0ba42d8f497f2c0c835fe377069f49978	O60885	7MR9	ZMM	IQHRPUHKLPCOKF-UHFFFAOYSA-N	Cn1cc(-c2cccc(N3CCCC3=O)c2)c2ccccc2c1=O	6.474955192963154	4E96	cac2652a577f953822137c3cc974f1f9dfe2179e3eafaf7876496661de863663	1	A	4E96	0NS	40;41;42;46;51;53;56;91;94;95;98;99;104;105;108	40;41;42;46;51;53;56;91;94;95;98;99;104;105;108		fixed_historical_reference_receptor	False	True	False	15.0	133.0	1.0	0.0	0.0	0.06666666666666667	0.06666666666666667	0.0	0.06666666666666667	0.0	0.0	0.06666666666666667	0.0	0.13333333333333333	0.13333333333333333	0.13333333333333333	0.06666666666666667	0.0	0.0	0.0	0.0	0.06666666666666667	0.06666666666666667	0.13333333333333333	0.0	0.6842105263157895	0.13533834586466165	0.15789473684210525	0.022556390977443608	0.0	0.0	0.0	7.904528132984564	11.737534185114658	18.805	18.562	17.998	5.434596537646252	4.217409270506145	3.893608162514126	0.01904761904761905	0.08571428571428572	0.17142857142857143	0.14285714285714285	0.24761904761904763	0.3142857142857143	0.01904761904761905	0.0	0.0	0.2761904761904762	3.8666666666666667	1.1469767022723503
RCSB-5D3L-57F-KD:S0	RCSB-5D3L-57F-KD	S0	construct-003-fbf3f5c695a3	fbf3f5c695a3b8c47960f7f87595ade0ba42d8f497f2c0c835fe377069f49978	O60885	5D3L	57F	CGYOKHBJOYVFIV-UHFFFAOYSA-N	CCc1c(C(=O)Nc2cc(S(=O)(=O)N(CC)CC)c(C)cc2O)[nH]c(C)c1C(C)=O	6.055517327849831	5D3L	628445096da95e3fa48122e3f97c9e739444a8aa73977659ae2eb9bee5132c2f	1	A	4E96	0NS	40;41;42;46;51;53;56;91;94;95;98;99;104;105;108	40;41;42;46;51;53;56;91;94;95;98;99;104;105;108		query_holo_receptor	True	True	False	15.0	133.0	1.0	0.0	0.0	0.06666666666666667	0.06666666666666667	0.0	0.06666666666666667	0.0	0.0	0.06666666666666667	0.0	0.13333333333333333	0.13333333333333333	0.13333333333333333	0.06666666666666667	0.0	0.0	0.0	0.0	0.06666666666666667	0.06666666666666667	0.13333333333333333	0.0	0.6842105263157895	0.13533834586466165	0.15789473684210525	0.022556390977443608	0.0	0.0	0.0	8.07700912164061	11.78352003534472	19.646	19.25	18.93	5.6319119776834485	4.297912224438103	3.8791228825234274	0.01904761904761905	0.0761904761904762	0.18095238095238095	0.13333333333333333	0.20952380952380953	0.3238095238095238	0.05714285714285714	0.0	0.0	0.2761904761904762	3.8666666666666667	1.1469767022723503
RCSB-5D3L-57F-KD:S1	RCSB-5D3L-57F-KD	S1	construct-003-fbf3f5c695a3	fbf3f5c695a3b8c47960f7f87595ade0ba42d8f497f2c0c835fe377069f49978	O60885	5D3L	57F	CGYOKHBJOYVFIV-UHFFFAOYSA-N	CCc1c(C(=O)Nc2cc(S(=O)(=O)N(CC)CC)c(C)cc2O)[nH]c(C)c1C(C)=O	6.055517327849831	4E96	cac2652a577f953822137c3cc974f1f9dfe2179e3eafaf7876496661de863663	1	A	4E96	0NS	40;41;42;46;51;53;56;91;94;95;98;99;104;105;108	40;41;42;46;51;53;56;91;94;95;98;99;104;105;108		fixed_historical_reference_receptor	False	True	False	15.0	133.0	1.0	0.0	0.0	0.06666666666666667	0.06666666666666667	0.0	0.06666666666666667	0.0	0.0	0.06666666666666667	0.0	0.13333333333333333	0.13333333333333333	0.13333333333333333	0.06666666666666667	0.0	0.0	0.0	0.0	0.06666666666666667	0.06666666666666667	0.13333333333333333	0.0	0.6842105263157895	0.13533834586466165	0.15789473684210525	0.022556390977443608	0.0	0.0	0.0	7.904528132984564	11.737534185114658	18.805	18.562	17.998	5.434596537646252	4.217409270506145	3.893608162514126	0.01904761904761905	0.08571428571428572	0.17142857142857143	0.14285714285714285	0.24761904761904763	0.3142857142857143	0.01904761904761905	0.0	0.0	0.2761904761904762	3.8666666666666667	1.1469767022723503
RCSB-6Q3Z-HG8-KD:S0	RCSB-6Q3Z-HG8-KD	S0	construct-003-fbf3f5c695a3	fbf3f5c695a3b8c47960f7f87595ade0ba42d8f497f2c0c835fe377069f49978	O60885	6Q3Z	HG8	RKWOVOVDWBRGQO-XMMPIXPASA-N	CCOc1cc(C2CCN(C)CC2)ccc1Nc1ncc2c(n1)N(Cc1cc(C)cs1)[C@H](CC)C(=O)N2C	7.356547323513812	6Q3Z	b8ded0aced2470435c33c1af978b05d3cc1c439f34311b17b5368a69b9f89ceb	1	A	4E96	0NS	40;41;42;46;51;53;56;91;94;95;98;99;104;105;108	40;41;42;46;51;53;56;91;94;95;98;99;104;105;108		query_holo_receptor	True	True	False	15.0	133.0	1.0	0.0	0.0	0.06666666666666667	0.06666666666666667	0.0	0.06666666666666667	0.0	0.0	0.06666666666666667	0.0	0.13333333333333333	0.13333333333333333	0.13333333333333333	0.06666666666666667	0.0	0.0	0.0	0.0	0.06666666666666667	0.06666666666666667	0.13333333333333333	0.0	0.6842105263157895	0.13533834586466165	0.15789473684210525	0.022556390977443608	0.0	0.0	0.0	7.985691167995829	11.410227494298656	19.66	18.486	17.792	5.580045197116262	4.1853707677650505	3.8880625721667736	0.01904761904761905	0.09523809523809523	0.14285714285714285	0.17142857142857143	0.19047619047619047	0.3523809523809524	0.02857142857142857	0.0	0.0	0.2571428571428571	3.6	1.2543258481484518
RCSB-6Q3Z-HG8-KD:S1	RCSB-6Q3Z-HG8-KD	S1	construct-003-fbf3f5c695a3	fbf3f5c695a3b8c47960f7f87595ade0ba42d8f497f2c0c835fe377069f49978	O60885	6Q3Z	HG8	RKWOVOVDWBRGQO-XMMPIXPASA-N	CCOc1cc(C2CCN(C)CC2)ccc1Nc1ncc2c(n1)N(Cc1cc(C)cs1)[C@H](CC)C(=O)N2C	7.356547323513812	4E96	cac2652a577f953822137c3cc974f1f9dfe2179e3eafaf7876496661de863663	1	A	4E96	0NS	40;41;42;46;51;53;56;91;94;95;98;99;104;105;108	40;41;42;46;51;53;56;91;94;95;98;99;104;105;108		fixed_historical_reference_receptor	False	True	False	15.0	133.0	1.0	0.0	0.0	0.06666666666666667	0.06666666666666667	0.0	0.06666666666666667	0.0	0.0	0.06666666666666667	0.0	0.13333333333333333	0.13333333333333333	0.13333333333333333	0.06666666666666667	0.0	0.0	0.0	0.0	0.06666666666666667	0.06666666666666667	0.13333333333333333	0.0	0.6842105263157895	0.13533834586466165	0.15789473684210525	0.022556390977443608	0.0	0.0	0.0	7.904528132984564	11.737534185114658	18.805	18.562	17.998	5.434596537646252	4.217409270506145	3.893608162514126	0.01904761904761905	0.08571428571428572	0.17142857142857143	0.14285714285714285	0.24761904761904763	0.3142857142857143	0.01904761904761905	0.0	0.0	0.2761904761904762	3.8666666666666667	1.1469767022723503
RCSB-5EIS-5OU-KD:S0	RCSB-5EIS-5OU-KD	S0	construct-003-fbf3f5c695a3	fbf3f5c695a3b8c47960f7f87595ade0ba42d8f497f2c0c835fe377069f49978	O60885	5EIS	5OU	ZUHFEYWVQFKDLX-UHFFFAOYSA-N	CCn1cnc2c1c(=O)[nH]c(=O)n2Cc1ccc(Cl)cc1	5.7447274948966935	5EIS	f920cb41f40812d5d8ed81651db08e8675fd124503fd3e8b9244addb7ef52aa2	1	A	4E96	0NS	40;41;42;46;51;53;56;91;94;95;98;99;104;105;108	40;41;42;46;51;53;56;91;94;95;98;99;104;105;108		query_holo_receptor	True	True	False	15.0	133.0	1.0	0.0	0.0	0.06666666666666667	0.06666666666666667	0.0	0.06666666666666667	0.0	0.0	0.06666666666666667	0.0	0.13333333333333333	0.13333333333333333	0.13333333333333333	0.06666666666666667	0.0	0.0	0.0	0.0	0.06666666666666667	0.06666666666666667	0.13333333333333333	0.0	0.6842105263157895	0.13533834586466165	0.15789473684210525	0.022556390977443608	0.0	0.0	0.0	7.9520121391806695	11.662093715024907	18.729	18.625999999999998	18.3	5.483136390476362	4.242856272963633	3.8945966456211814	0.01904761904761905	0.0761904761904762	0.18095238095238095	0.13333333333333333	0.22857142857142856	0.3238095238095238	0.0380952380952381	0.0	0.0	0.2761904761904762	3.8666666666666667	1.1469767022723503
RCSB-5EIS-5OU-KD:S1	RCSB-5EIS-5OU-KD	S1	construct-003-fbf3f5c695a3	fbf3f5c695a3b8c47960f7f87595ade0ba42d8f497f2c0c835fe377069f49978	O60885	5EIS	5OU	ZUHFEYWVQFKDLX-UHFFFAOYSA-N	CCn1cnc2c1c(=O)[nH]c(=O)n2Cc1ccc(Cl)cc1	5.7447274948966935	4E96	cac2652a577f953822137c3cc974f1f9dfe2179e3eafaf7876496661de863663	1	A	4E96	0NS	40;41;42;46;51;53;56;91;94;95;98;99;104;105;108	40;41;42;46;51;53;56;91;94;95;98;99;104;105;108		fixed_historical_reference_receptor	False	True	False	15.0	133.0	1.0	0.0	0.0	0.06666666666666667	0.06666666666666667	0.0	0.06666666666666667	0.0	0.0	0.06666666666666667	0.0	0.13333333333333333	0.13333333333333333	0.13333333333333333	0.06666666666666667	0.0	0.0	0.0	0.0	0.06666666666666667	0.06666666666666667	0.13333333333333333	0.0	0.6842105263157895	0.13533834586466165	0.15789473684210525	0.022556390977443608	0.0	0.0	0.0	7.904528132984564	11.737534185114658	18.805	18.562	17.998	5.434596537646252	4.217409270506145	3.893608162514126	0.01904761904761905	0.08571428571428572	0.17142857142857143	0.14285714285714285	0.24761904761904763	0.3142857142857143	0.01904761904761905	0.0	0.0	0.2761904761904762	3.8666666666666667	1.1469767022723503
RCSB-5D3T-56Y-KD:S0	RCSB-5D3T-56Y-KD	S0	construct-003-fbf3f5c695a3	fbf3f5c695a3b8c47960f7f87595ade0ba42d8f497f2c0c835fe377069f49978	O60885	5D3T	56Y	FETDKYPMSNKFSJ-UHFFFAOYSA-N	CCc1c(C(=O)N(C)Cc2cccc(C(N)=O)c2)[nH]c(C)c1C(C)=O	4.920818753952375	5D3T	7c09f75648ac4726016c4b2022a0eccd5f9598c9a0eeb855e4e6fa707160b763	1	A	4E96	0NS	40;41;42;46;51;53;56;91;94;95;98;99;104;105;108	40;41;42;46;51;53;56;91;94;95;98;99;104;105;108		query_holo_receptor	True	True	False	15.0	133.0	1.0	0.0	0.0	0.06666666666666667	0.06666666666666667	0.0	0.06666666666666667	0.0	0.0	0.06666666666666667	0.0	0.13333333333333333	0.13333333333333333	0.13333333333333333	0.06666666666666667	0.0	0.0	0.0	0.0	0.06666666666666667	0.06666666666666667	0.13333333333333333	0.0	0.6842105263157895	0.13533834586466165	0.15789473684210525	0.022556390977443608	0.0	0.0	0.0	8.043845539825693	11.702023240294334	19.201	18.874000000000002	17.604	5.662711505148837	4.1971878107161125	3.875663034837363	0.01904761904761905	0.06666666666666667	0.17142857142857143	0.1523809523809524	0.22857142857142856	0.29523809523809524	0.06666666666666667	0.0	0.0	0.2571428571428571	3.6	1.2543258481484518
RCSB-5D3T-56Y-KD:S1	RCSB-5D3T-56Y-KD	S1	construct-003-fbf3f5c695a3	fbf3f5c695a3b8c47960f7f87595ade0ba42d8f497f2c0c835fe377069f49978	O60885	5D3T	56Y	FETDKYPMSNKFSJ-UHFFFAOYSA-N	CCc1c(C(=O)N(C)Cc2cccc(C(N)=O)c2)[nH]c(C)c1C(C)=O	4.920818753952375	4E96	cac2652a577f953822137c3cc974f1f9dfe2179e3eafaf7876496661de863663	1	A	4E96	0NS	40;41;42;46;51;53;56;91;94;95;98;99;104;105;108	40;41;42;46;51;53;56;91;94;95;98;99;104;105;108		fixed_historical_reference_receptor	False	True	False	15.0	133.0	1.0	0.0	0.0	0.06666666666666667	0.06666666666666667	0.0	0.06666666666666667	0.0	0.0	0.06666666666666667	0.0	0.13333333333333333	0.13333333333333333	0.13333333333333333	0.06666666666666667	0.0	0.0	0.0	0.0	0.06666666666666667	0.06666666666666667	0.13333333333333333	0.0	0.6842105263157895	0.13533834586466165	0.15789473684210525	0.022556390977443608	0.0	0.0	0.0	7.904528132984564	11.737534185114658	18.805	18.562	17.998	5.434596537646252	4.217409270506145	3.893608162514126	0.01904761904761905	0.08571428571428572	0.17142857142857143	0.14285714285714285	0.24761904761904763	0.3142857142857143	0.01904761904761905	0.0	0.0	0.2761904761904762	3.8666666666666667	1.1469767022723503
RCSB-6Q3Y-HG5-KD:S0	RCSB-6Q3Y-HG5-KD	S0	construct-003-fbf3f5c695a3	fbf3f5c695a3b8c47960f7f87595ade0ba42d8f497f2c0c835fe377069f49978	O60885	6Q3Y	HG5	TWABWUVZWXSPTC-RUZDIDTESA-N	CCOc1cc(C2CCN(C)CC2)ccc1Nc1ncc2c(n1)N(Cc1ccccc1)[C@H](CC)C(=O)N2C	7.267606240177031	6Q3Y	53085a03bd0f3bfb9f47d2d7334cde45175ea45c5eced4f3b9280a3bb4062b0f	1	A	4E96	0NS	40;41;42;46;51;53;56;91;94;95;98;99;104;105;108	40;41;42;46;51;53;56;91;94;95;98;99;104;105;108		query_holo_receptor	True	True	False	15.0	133.0	1.0	0.0	0.0	0.06666666666666667	0.06666666666666667	0.0	0.06666666666666667	0.0	0.0	0.06666666666666667	0.0	0.13333333333333333	0.13333333333333333	0.13333333333333333	0.06666666666666667	0.0	0.0	0.0	0.0	0.06666666666666667	0.06666666666666667	0.13333333333333333	0.0	0.6842105263157895	0.13533834586466165	0.15789473684210525	0.022556390977443608	0.0	0.0	0.0	8.102368243017446	12.364364034387012	20.152000000000005	19.936	17.743000000000002	5.621450066294403	4.232733812444223	4.016420641641966	0.01904761904761905	0.08571428571428572	0.1523809523809524	0.17142857142857143	0.1619047619047619	0.3333333333333333	0.0761904761904762	0.0	0.0	0.2571428571428571	3.6	1.2543258481484518
RCSB-6Q3Y-HG5-KD:S1	RCSB-6Q3Y-HG5-KD	S1	construct-003-fbf3f5c695a3	fbf3f5c695a3b8c47960f7f87595ade0ba42d8f497f2c0c835fe377069f49978	O60885	6Q3Y	HG5	TWABWUVZWXSPTC-RUZDIDTESA-N	CCOc1cc(C2CCN(C)CC2)ccc1Nc1ncc2c(n1)N(Cc1ccccc1)[C@H](CC)C(=O)N2C	7.267606240177031	4E96	cac2652a577f953822137c3cc974f1f9dfe2179e3eafaf7876496661de863663	1	A	4E96	0NS	40;41;42;46;51;53;56;91;94;95;98;99;104;105;108	40;41;42;46;51;53;56;91;94;95;98;99;104;105;108		fixed_historical_reference_receptor	False	True	False	15.0	133.0	1.0	0.0	0.0	0.06666666666666667	0.06666666666666667	0.0	0.06666666666666667	0.0	0.0	0.06666666666666667	0.0	0.13333333333333333	0.13333333333333333	0.13333333333333333	0.06666666666666667	0.0	0.0	0.0	0.0	0.06666666666666667	0.06666666666666667	0.13333333333333333	0.0	0.6842105263157895	0.13533834586466165	0.15789473684210525	0.022556390977443608	0.0	0.0	0.0	7.904528132984564	11.737534185114658	18.805	18.562	17.998	5.434596537646252	4.217409270506145	3.893608162514126	0.01904761904761905	0.08571428571428572	0.17142857142857143	0.14285714285714285	0.24761904761904763	0.3142857142857143	0.01904761904761905	0.0	0.0	0.2761904761904762	3.8666666666666667	1.1469767022723503
RCSB-5O1E-9GT-KD:S0	RCSB-5O1E-9GT-KD	S0	construct-004-a02c0b37ee39	a02c0b37ee390691de476a5e290067f62640b1460c5b903bbcfaef2b46f1a3bb	P04637	5O1E	9GT	AITKRWKTZZLHEV-UHFFFAOYSA-N	C=CCOc1cc(C(=O)O)c(O)c(I)c1-n1cccc1	4.481486060122113	5O1E	7846a4c926aec2d159a4f1b94c60280c29ff4d61ea2c8149cc66d8a39c930a42	1	A	2VUK	P83	16;52;53;54;55;56;57;58;64;127;128;129;130;134;135;136;137;164	16;52;53;54;55;56;57;58;64;127;128;129;130;134;135;136;137;164		query_holo_receptor	True	True	False	18.0	139.0	1.0	0.0	0.0	0.1111111111111111	0.1111111111111111	0.05555555555555555	0.05555555555555555	0.0	0.0	0.0	0.0	0.1111111111111111	0.0	0.0	0.16666666666666666	0.0	0.0	0.1111111111111111	0.1111111111111111	0.1111111111111111	0.05555555555555555	0.0	0.0	0.6474820143884892	0.1366906474820144	0.2014388489208633	0.014388489208633094	0.0	0.0	0.0	7.718366728937706	11.761279436968634	19.979	18.977999999999994	15.716999999999999	5.043887425100729	4.538066059913577	3.6794484696953926	0.013071895424836602	0.12418300653594772	0.11764705882352941	0.20261437908496732	0.1895424836601307	0.30718954248366015	0.0457516339869281	0.0	0.0	0.2549019607843137	4.333333333333333	1.4907119849998598
RCSB-5O1E-9GT-KD:S1	RCSB-5O1E-9GT-KD	S1	construct-004-a02c0b37ee39	a02c0b37ee390691de476a5e290067f62640b1460c5b903bbcfaef2b46f1a3bb	P04637	5O1E	9GT	AITKRWKTZZLHEV-UHFFFAOYSA-N	C=CCOc1cc(C(=O)O)c(O)c(I)c1-n1cccc1	4.481486060122113	2VUK	9cc5da10362855e1a87d1347fb004548f833b8236b0faa8d05ae7131f6d9c38f	1	B	2VUK	P83	16;52;53;54;55;56;57;58;64;127;128;129;130;134;135;136;137;164	16;52;53;54;55;56;57;58;64;127;128;129;130;134;135;136;137;164		fixed_historical_reference_receptor	False	True	False	18.0	139.0	1.0	0.0	0.0	0.1111111111111111	0.1111111111111111	0.05555555555555555	0.05555555555555555	0.0	0.0	0.0	0.0	0.1111111111111111	0.0	0.0	0.16666666666666666	0.0	0.0	0.1111111111111111	0.1111111111111111	0.1111111111111111	0.05555555555555555	0.0	0.0	0.6474820143884892	0.1366906474820144	0.2014388489208633	0.014388489208633094	0.0	0.0	0.0	7.629216144239123	11.613051174985225	20.037000000000006	18.825999999999993	15.685000000000002	5.005718933960564	4.419660079159377	3.68975903202262	0.006535947712418301	0.13071895424836602	0.13725490196078433	0.20261437908496732	0.20261437908496732	0.27450980392156865	0.0457516339869281	0.0	0.0	0.27450980392156865	4.666666666666667	1.6996731711975948
RCSB-5O1G-9GK-KD:S0	RCSB-5O1G-9GK-KD	S0	construct-004-a02c0b37ee39	a02c0b37ee390691de476a5e290067f62640b1460c5b903bbcfaef2b46f1a3bb	P04637	5O1G	9GK	SLRGCKWWQXFSSN-UHFFFAOYSA-N	O=C(O)c1cc(OCCc2ccccc2)c(-n2cccc2)c(I)c1O	3.935542010773082	5O1G	d847d01d394434252bb3a7d333608c53b5b4b1ee956e54d9a7ec3b9105272540	1	A	2VUK	P83	16;52;53;54;55;56;57;58;64;127;128;129;130;134;135;136;137;164	16;52;53;54;55;56;57;58;64;127;128;129;130;134;135;136;137;164		query_holo_receptor	True	True	False	18.0	139.0	1.0	0.0	0.0	0.1111111111111111	0.1111111111111111	0.05555555555555555	0.05555555555555555	0.0	0.0	0.0	0.0	0.1111111111111111	0.0	0.0	0.16666666666666666	0.0	0.0	0.1111111111111111	0.1111111111111111	0.1111111111111111	0.05555555555555555	0.0	0.0	0.6474820143884892	0.1366906474820144	0.2014388489208633	0.014388489208633094	0.0	0.0	0.0	7.717120881846803	11.730316546784698	19.985	19.028000000000006	15.762	5.034692532348343	4.550616671519283	3.6739234775159053	0.013071895424836602	0.12418300653594772	0.11764705882352941	0.20915032679738563	0.1895424836601307	0.3006535947712418	0.0457516339869281	0.0	0.0	0.2549019607843137	4.333333333333333	1.4907119849998598
RCSB-5O1G-9GK-KD:S1	RCSB-5O1G-9GK-KD	S1	construct-004-a02c0b37ee39	a02c0b37ee390691de476a5e290067f62640b1460c5b903bbcfaef2b46f1a3bb	P04637	5O1G	9GK	SLRGCKWWQXFSSN-UHFFFAOYSA-N	O=C(O)c1cc(OCCc2ccccc2)c(-n2cccc2)c(I)c1O	3.935542010773082	2VUK	9cc5da10362855e1a87d1347fb004548f833b8236b0faa8d05ae7131f6d9c38f	1	B	2VUK	P83	16;52;53;54;55;56;57;58;64;127;128;129;130;134;135;136;137;164	16;52;53;54;55;56;57;58;64;127;128;129;130;134;135;136;137;164		fixed_historical_reference_receptor	False	True	False	18.0	139.0	1.0	0.0	0.0	0.1111111111111111	0.1111111111111111	0.05555555555555555	0.05555555555555555	0.0	0.0	0.0	0.0	0.1111111111111111	0.0	0.0	0.16666666666666666	0.0	0.0	0.1111111111111111	0.1111111111111111	0.1111111111111111	0.05555555555555555	0.0	0.0	0.6474820143884892	0.1366906474820144	0.2014388489208633	0.014388489208633094	0.0	0.0	0.0	7.629216144239123	11.613051174985225	20.037000000000006	18.825999999999993	15.685000000000002	5.005718933960564	4.419660079159377	3.68975903202262	0.006535947712418301	0.13071895424836602	0.13725490196078433	0.20261437908496732	0.20261437908496732	0.27450980392156865	0.0457516339869281	0.0	0.0	0.27450980392156865	4.666666666666667	1.6996731711975948
RCSB-4AGQ-P96-KD:S0	RCSB-4AGQ-P96-KD	S0	construct-004-a02c0b37ee39	a02c0b37ee390691de476a5e290067f62640b1460c5b903bbcfaef2b46f1a3bb	P04637	4AGQ	P96	IZUZDXSTWPMHFT-UHFFFAOYSA-N	CCN(CC)C1CCN(Cc2cc(C#CCNc3ccccc3)cc(I)c2O)CC1	5.0	4AGQ	807bfea08b78ba5f3a0d3545c68da1269df8614a6730c8e1e4ddfebeb312b6f4	1	A	2VUK	P83	16;52;53;54;55;56;57;58;64;127;128;129;130;134;135;136;137;164	16;52;53;54;55;56;57;58;64;127;128;129;130;134;135;136;137;164		query_holo_receptor	True	True	False	18.0	139.0	1.0	0.0	0.0	0.1111111111111111	0.1111111111111111	0.05555555555555555	0.05555555555555555	0.0	0.0	0.0	0.0	0.1111111111111111	0.0	0.0	0.16666666666666666	0.0	0.0	0.1111111111111111	0.1111111111111111	0.1111111111111111	0.05555555555555555	0.0	0.0	0.6474820143884892	0.1366906474820144	0.2014388489208633	0.014388489208633094	0.0	0.0	0.0	7.65795944201778	11.675701276562325	19.61099999999999	19.516999999999996	15.669000000000004	5.068233636443088	4.422255586992655	3.6607384699440586	0.006535947712418301	0.13725490196078433	0.11764705882352941	0.21568627450980393	0.1895424836601307	0.2875816993464052	0.0457516339869281	0.0	0.0	0.26143790849673204	4.444444444444445	1.4229164972072996
RCSB-4AGQ-P96-KD:S1	RCSB-4AGQ-P96-KD	S1	construct-004-a02c0b37ee39	a02c0b37ee390691de476a5e290067f62640b1460c5b903bbcfaef2b46f1a3bb	P04637	4AGQ	P96	IZUZDXSTWPMHFT-UHFFFAOYSA-N	CCN(CC)C1CCN(Cc2cc(C#CCNc3ccccc3)cc(I)c2O)CC1	5.0	2VUK	9cc5da10362855e1a87d1347fb004548f833b8236b0faa8d05ae7131f6d9c38f	1	B	2VUK	P83	16;52;53;54;55;56;57;58;64;127;128;129;130;134;135;136;137;164	16;52;53;54;55;56;57;58;64;127;128;129;130;134;135;136;137;164		fixed_historical_reference_receptor	False	True	False	18.0	139.0	1.0	0.0	0.0	0.1111111111111111	0.1111111111111111	0.05555555555555555	0.05555555555555555	0.0	0.0	0.0	0.0	0.1111111111111111	0.0	0.0	0.16666666666666666	0.0	0.0	0.1111111111111111	0.1111111111111111	0.1111111111111111	0.05555555555555555	0.0	0.0	0.6474820143884892	0.1366906474820144	0.2014388489208633	0.014388489208633094	0.0	0.0	0.0	7.629216144239123	11.613051174985225	20.037000000000006	18.825999999999993	15.685000000000002	5.005718933960564	4.419660079159377	3.68975903202262	0.006535947712418301	0.13071895424836602	0.13725490196078433	0.20261437908496732	0.20261437908496732	0.27450980392156865	0.0457516339869281	0.0	0.0	0.27450980392156865	4.666666666666667	1.6996731711975948
RCSB-5AOJ-Y0V-KD:S0	RCSB-5AOJ-Y0V-KD	S0	construct-004-a02c0b37ee39	a02c0b37ee390691de476a5e290067f62640b1460c5b903bbcfaef2b46f1a3bb	P04637	5AOJ	Y0V	YWYHXCFRZDCHOC-UHFFFAOYSA-N	O=C(O)c1cc(I)c(-n2cccc2)c(I)c1O	4.6777807052660805	5AOJ	e97adbb582d0e1e41a8f9b7d2496120ab659a192735e5575aba48b55ecf190a6	1	A	2VUK	P83	16;52;53;54;55;56;57;58;64;127;128;129;130;134;135;136;137;164	16;52;53;54;55;56;57;58;64;127;128;129;130;134;135;136;137;164		query_holo_receptor	True	True	False	18.0	139.0	1.0	0.0	0.0	0.1111111111111111	0.1111111111111111	0.05555555555555555	0.05555555555555555	0.0	0.0	0.0	0.0	0.1111111111111111	0.0	0.0	0.16666666666666666	0.0	0.0	0.1111111111111111	0.1111111111111111	0.1111111111111111	0.05555555555555555	0.0	0.0	0.6474820143884892	0.1366906474820144	0.2014388489208633	0.014388489208633094	0.0	0.0	0.0	7.736146422992351	11.862226632175869	19.86	19.066000000000003	15.735	5.058378682222466	4.573899693825104	3.652424971993438	0.013071895424836602	0.12418300653594772	0.11764705882352941	0.20261437908496732	0.1895424836601307	0.30718954248366015	0.0457516339869281	0.0	0.0	0.2549019607843137	4.333333333333333	1.4907119849998598
RCSB-5AOJ-Y0V-KD:S1	RCSB-5AOJ-Y0V-KD	S1	construct-004-a02c0b37ee39	a02c0b37ee390691de476a5e290067f62640b1460c5b903bbcfaef2b46f1a3bb	P04637	5AOJ	Y0V	YWYHXCFRZDCHOC-UHFFFAOYSA-N	O=C(O)c1cc(I)c(-n2cccc2)c(I)c1O	4.6777807052660805	2VUK	9cc5da10362855e1a87d1347fb004548f833b8236b0faa8d05ae7131f6d9c38f	1	B	2VUK	P83	16;52;53;54;55;56;57;58;64;127;128;129;130;134;135;136;137;164	16;52;53;54;55;56;57;58;64;127;128;129;130;134;135;136;137;164		fixed_historical_reference_receptor	False	True	False	18.0	139.0	1.0	0.0	0.0	0.1111111111111111	0.1111111111111111	0.05555555555555555	0.05555555555555555	0.0	0.0	0.0	0.0	0.1111111111111111	0.0	0.0	0.16666666666666666	0.0	0.0	0.1111111111111111	0.1111111111111111	0.1111111111111111	0.05555555555555555	0.0	0.0	0.6474820143884892	0.1366906474820144	0.2014388489208633	0.014388489208633094	0.0	0.0	0.0	7.629216144239123	11.613051174985225	20.037000000000006	18.825999999999993	15.685000000000002	5.005718933960564	4.419660079159377	3.68975903202262	0.006535947712418301	0.13071895424836602	0.13725490196078433	0.20261437908496732	0.20261437908496732	0.27450980392156865	0.0457516339869281	0.0	0.0	0.27450980392156865	4.666666666666667	1.6996731711975948
RCSB-5O1D-9GW-KD:S0	RCSB-5O1D-9GW-KD	S0	construct-004-a02c0b37ee39	a02c0b37ee390691de476a5e290067f62640b1460c5b903bbcfaef2b46f1a3bb	P04637	5O1D	9GW	HDCGZTAEMHVMPH-UHFFFAOYSA-N	CCCOc1cc(C(=O)O)c(O)c(I)c1-n1cccc1	4.657577319177793	5O1D	4166d3da8f1854d63484ba67c5fde7d393fb8c7002c1a3bbf6dd8beabbe4f51f	1	A	2VUK	P83	16;52;53;54;55;56;57;58;64;127;128;129;130;134;135;136;137;164	16;52;53;54;55;56;57;58;64;127;128;129;130;134;135;136;137;164		query_holo_receptor	True	True	False	18.0	139.0	1.0	0.0	0.0	0.1111111111111111	0.1111111111111111	0.05555555555555555	0.05555555555555555	0.0	0.0	0.0	0.0	0.1111111111111111	0.0	0.0	0.16666666666666666	0.0	0.0	0.1111111111111111	0.1111111111111111	0.1111111111111111	0.05555555555555555	0.0	0.0	0.6474820143884892	0.1366906474820144	0.2014388489208633	0.014388489208633094	0.0	0.0	0.0	7.733070371256359	11.707979298405919	19.973000000000013	18.964	15.776000000000003	5.035637556537373	4.572244060356055	3.679309176806435	0.013071895424836602	0.13071895424836602	0.1111111111111111	0.20261437908496732	0.1830065359477124	0.3137254901960784	0.0457516339869281	0.0	0.0	0.2549019607843137	4.333333333333333	1.4907119849998598
RCSB-5O1D-9GW-KD:S1	RCSB-5O1D-9GW-KD	S1	construct-004-a02c0b37ee39	a02c0b37ee390691de476a5e290067f62640b1460c5b903bbcfaef2b46f1a3bb	P04637	5O1D	9GW	HDCGZTAEMHVMPH-UHFFFAOYSA-N	CCCOc1cc(C(=O)O)c(O)c(I)c1-n1cccc1	4.657577319177793	2VUK	9cc5da10362855e1a87d1347fb004548f833b8236b0faa8d05ae7131f6d9c38f	1	B	2VUK	P83	16;52;53;54;55;56;57;58;64;127;128;129;130;134;135;136;137;164	16;52;53;54;55;56;57;58;64;127;128;129;130;134;135;136;137;164		fixed_historical_reference_receptor	False	True	False	18.0	139.0	1.0	0.0	0.0	0.1111111111111111	0.1111111111111111	0.05555555555555555	0.05555555555555555	0.0	0.0	0.0	0.0	0.1111111111111111	0.0	0.0	0.16666666666666666	0.0	0.0	0.1111111111111111	0.1111111111111111	0.1111111111111111	0.05555555555555555	0.0	0.0	0.6474820143884892	0.1366906474820144	0.2014388489208633	0.014388489208633094	0.0	0.0	0.0	7.629216144239123	11.613051174985225	20.037000000000006	18.825999999999993	15.685000000000002	5.005718933960564	4.419660079159377	3.68975903202262	0.006535947712418301	0.13071895424836602	0.13725490196078433	0.20261437908496732	0.20261437908496732	0.27450980392156865	0.0457516339869281	0.0	0.0	0.27450980392156865	4.666666666666667	1.6996731711975948
RCSB-5O1C-9GZ-KD:S0	RCSB-5O1C-9GZ-KD	S0	construct-004-a02c0b37ee39	a02c0b37ee390691de476a5e290067f62640b1460c5b903bbcfaef2b46f1a3bb	P04637	5O1C	9GZ	PZAQSVDHGPHHRK-UHFFFAOYSA-N	O=C(O)c1cc(-c2ccc(F)cc2)c(-n2cccc2)c(I)c1O	3.94692155651658	5O1C	3b25513df05c51474f508de213cd28a2510248e1488e7e17399d121e582dd1ca	1	A	2VUK	P83	16;52;53;54;55;56;57;58;64;127;128;129;130;134;135;136;137;164	16;52;53;54;55;56;57;58;64;127;128;129;130;134;135;136;137;164		query_holo_receptor	True	True	False	18.0	139.0	1.0	0.0	0.0	0.1111111111111111	0.1111111111111111	0.05555555555555555	0.05555555555555555	0.0	0.0	0.0	0.0	0.1111111111111111	0.0	0.0	0.16666666666666666	0.0	0.0	0.1111111111111111	0.1111111111111111	0.1111111111111111	0.05555555555555555	0.0	0.0	0.6474820143884892	0.1366906474820144	0.2014388489208633	0.014388489208633094	0.0	0.0	0.0	7.739265907769282	11.792611476338136	19.909000000000006	19.031000000000006	15.707	5.051355497002588	4.60270561841035	3.6325122744892986	0.013071895424836602	0.12418300653594772	0.11764705882352941	0.20915032679738563	0.1895424836601307	0.3006535947712418	0.0457516339869281	0.0	0.0	0.2549019607843137	4.333333333333333	1.4907119849998598
RCSB-5O1C-9GZ-KD:S1	RCSB-5O1C-9GZ-KD	S1	construct-004-a02c0b37ee39	a02c0b37ee390691de476a5e290067f62640b1460c5b903bbcfaef2b46f1a3bb	P04637	5O1C	9GZ	PZAQSVDHGPHHRK-UHFFFAOYSA-N	O=C(O)c1cc(-c2ccc(F)cc2)c(-n2cccc2)c(I)c1O	3.94692155651658	2VUK	9cc5da10362855e1a87d1347fb004548f833b8236b0faa8d05ae7131f6d9c38f	1	B	2VUK	P83	16;52;53;54;55;56;57;58;64;127;128;129;130;134;135;136;137;164	16;52;53;54;55;56;57;58;64;127;128;129;130;134;135;136;137;164		fixed_historical_reference_receptor	False	True	False	18.0	139.0	1.0	0.0	0.0	0.1111111111111111	0.1111111111111111	0.05555555555555555	0.05555555555555555	0.0	0.0	0.0	0.0	0.1111111111111111	0.0	0.0	0.16666666666666666	0.0	0.0	0.1111111111111111	0.1111111111111111	0.1111111111111111	0.05555555555555555	0.0	0.0	0.6474820143884892	0.1366906474820144	0.2014388489208633	0.014388489208633094	0.0	0.0	0.0	7.629216144239123	11.613051174985225	20.037000000000006	18.825999999999993	15.685000000000002	5.005718933960564	4.419660079159377	3.68975903202262	0.006535947712418301	0.13071895424836602	0.13725490196078433	0.20261437908496732	0.20261437908496732	0.27450980392156865	0.0457516339869281	0.0	0.0	0.27450980392156865	4.666666666666667	1.6996731711975948
RCSB-5O1I-9GH-KD:S0	RCSB-5O1I-9GH-KD	S0	construct-004-a02c0b37ee39	a02c0b37ee390691de476a5e290067f62640b1460c5b903bbcfaef2b46f1a3bb	P04637	5O1I	9GH	SEBJATZOIHUGAU-UHFFFAOYSA-N	CCN(CC)c1nc2c(C(=O)O)c(O)c(I)c(-n3cccc3)c2s1	5.3979400086720375	5O1I	cd7722d4519e74bb4f443ac77e1bb2ae58b18a22f6f8f1160bea66b4e41b48fd	1	A	2VUK	P83	16;52;53;54;55;56;57;58;64;127;128;129;130;134;135;136;137;164	16;52;53;54;55;56;57;58;64;127;128;129;130;134;135;136;137;164		query_holo_receptor	True	True	False	18.0	139.0	1.0	0.0	0.0	0.1111111111111111	0.1111111111111111	0.05555555555555555	0.05555555555555555	0.0	0.0	0.0	0.0	0.1111111111111111	0.0	0.0	0.16666666666666666	0.0	0.0	0.1111111111111111	0.1111111111111111	0.1111111111111111	0.05555555555555555	0.0	0.0	0.6474820143884892	0.1366906474820144	0.2014388489208633	0.014388489208633094	0.0	0.0	0.0	7.628003905282646	11.64073830896599	19.923000000000002	18.891000000000005	15.853000000000002	5.027579755624453	4.397419843643095	3.6840988176997107	0.0196078431372549	0.11764705882352941	0.12418300653594772	0.2222222222222222	0.20261437908496732	0.2679738562091503	0.0457516339869281	0.0	0.0	0.26143790849673204	4.444444444444445	1.606314699422329
RCSB-5O1I-9GH-KD:S1	RCSB-5O1I-9GH-KD	S1	construct-004-a02c0b37ee39	a02c0b37ee390691de476a5e290067f62640b1460c5b903bbcfaef2b46f1a3bb	P04637	5O1I	9GH	SEBJATZOIHUGAU-UHFFFAOYSA-N	CCN(CC)c1nc2c(C(=O)O)c(O)c(I)c(-n3cccc3)c2s1	5.3979400086720375	2VUK	9cc5da10362855e1a87d1347fb004548f833b8236b0faa8d05ae7131f6d9c38f	1	B	2VUK	P83	16;52;53;54;55;56;57;58;64;127;128;129;130;134;135;136;137;164	16;52;53;54;55;56;57;58;64;127;128;129;130;134;135;136;137;164		fixed_historical_reference_receptor	False	True	False	18.0	139.0	1.0	0.0	0.0	0.1111111111111111	0.1111111111111111	0.05555555555555555	0.05555555555555555	0.0	0.0	0.0	0.0	0.1111111111111111	0.0	0.0	0.16666666666666666	0.0	0.0	0.1111111111111111	0.1111111111111111	0.1111111111111111	0.05555555555555555	0.0	0.0	0.6474820143884892	0.1366906474820144	0.2014388489208633	0.014388489208633094	0.0	0.0	0.0	7.629216144239123	11.613051174985225	20.037000000000006	18.825999999999993	15.685000000000002	5.005718933960564	4.419660079159377	3.68975903202262	0.006535947712418301	0.13071895424836602	0.13725490196078433	0.20261437908496732	0.20261437908496732	0.27450980392156865	0.0457516339869281	0.0	0.0	0.27450980392156865	4.666666666666667	1.6996731711975948
RCSB-5O1H-9GN-KD:S0	RCSB-5O1H-9GN-KD	S0	construct-004-a02c0b37ee39	a02c0b37ee390691de476a5e290067f62640b1460c5b903bbcfaef2b46f1a3bb	P04637	5O1H	9GN	IUCGBTPKFYQLQH-UHFFFAOYSA-N	CCCSc1cc(C(=O)O)c(O)c(I)c1-n1cccc1	4.853871964321762	5O1H	84d21b5d00e28cd853cf0330c0195d2c6dc28e84fd8d06205bb1c56dff55a78c	1	A	2VUK	P83	16;52;53;54;55;56;57;58;64;127;128;129;130;134;135;136;137;164	16;52;53;54;55;56;57;58;64;127;128;129;130;134;135;136;137;164		query_holo_receptor	True	True	False	18.0	139.0	1.0	0.0	0.0	0.1111111111111111	0.1111111111111111	0.05555555555555555	0.05555555555555555	0.0	0.0	0.0	0.0	0.1111111111111111	0.0	0.0	0.16666666666666666	0.0	0.0	0.1111111111111111	0.1111111111111111	0.1111111111111111	0.05555555555555555	0.0	0.0	0.6474820143884892	0.1366906474820144	0.2014388489208633	0.014388489208633094	0.0	0.0	0.0	7.743284177988291	11.884339406013858	20.0	19.039	15.811999999999998	5.040906640471573	4.583515921911468	3.6795505019930714	0.013071895424836602	0.12418300653594772	0.11764705882352941	0.20261437908496732	0.1830065359477124	0.3137254901960784	0.0457516339869281	0.0	0.0	0.2549019607843137	4.333333333333333	1.4907119849998598
RCSB-5O1H-9GN-KD:S1	RCSB-5O1H-9GN-KD	S1	construct-004-a02c0b37ee39	a02c0b37ee390691de476a5e290067f62640b1460c5b903bbcfaef2b46f1a3bb	P04637	5O1H	9GN	IUCGBTPKFYQLQH-UHFFFAOYSA-N	CCCSc1cc(C(=O)O)c(O)c(I)c1-n1cccc1	4.853871964321762	2VUK	9cc5da10362855e1a87d1347fb004548f833b8236b0faa8d05ae7131f6d9c38f	1	B	2VUK	P83	16;52;53;54;55;56;57;58;64;127;128;129;130;134;135;136;137;164	16;52;53;54;55;56;57;58;64;127;128;129;130;134;135;136;137;164		fixed_historical_reference_receptor	False	True	False	18.0	139.0	1.0	0.0	0.0	0.1111111111111111	0.1111111111111111	0.05555555555555555	0.05555555555555555	0.0	0.0	0.0	0.0	0.1111111111111111	0.0	0.0	0.16666666666666666	0.0	0.0	0.1111111111111111	0.1111111111111111	0.1111111111111111	0.05555555555555555	0.0	0.0	0.6474820143884892	0.1366906474820144	0.2014388489208633	0.014388489208633094	0.0	0.0	0.0	7.629216144239123	11.613051174985225	20.037000000000006	18.825999999999993	15.685000000000002	5.005718933960564	4.419660079159377	3.68975903202262	0.006535947712418301	0.13071895424836602	0.13725490196078433	0.20261437908496732	0.20261437908496732	0.27450980392156865	0.0457516339869281	0.0	0.0	0.27450980392156865	4.666666666666667	1.6996731711975948
RCSB-5O1B-9H2-KD:S0	RCSB-5O1B-9H2-KD	S0	construct-004-a02c0b37ee39	a02c0b37ee390691de476a5e290067f62640b1460c5b903bbcfaef2b46f1a3bb	P04637	5O1B	9H2	AGXLMIQMLKHIFZ-UHFFFAOYSA-N	OCc1cc(I)c(-n2cccc2)c(I)c1O	4.698970004336019	5O1B	ea7cfc94865a3c495b3abd029297269e22fd19d53e8b3ccdf7a567ea47ddb258	1	A	2VUK	P83	16;52;53;54;55;56;57;58;64;127;128;129;130;134;135;136;137;164	16;52;53;54;55;56;57;58;64;127;128;129;130;134;135;136;137;164		query_holo_receptor	True	True	False	18.0	139.0	1.0	0.0	0.0	0.1111111111111111	0.1111111111111111	0.05555555555555555	0.05555555555555555	0.0	0.0	0.0	0.0	0.1111111111111111	0.0	0.0	0.16666666666666666	0.0	0.0	0.1111111111111111	0.1111111111111111	0.1111111111111111	0.05555555555555555	0.0	0.0	0.6474820143884892	0.1366906474820144	0.2014388489208633	0.014388489208633094	0.0	0.0	0.0	7.699408633359591	11.622028259388093	19.918999999999997	18.95299999999999	15.797000000000004	5.044668331501802	4.50161104966617	3.6834376180571384	0.013071895424836602	0.12418300653594772	0.11764705882352941	0.20915032679738563	0.1895424836601307	0.3006535947712418	0.0457516339869281	0.0	0.0	0.2549019607843137	4.333333333333333	1.4907119849998598
RCSB-5O1B-9H2-KD:S1	RCSB-5O1B-9H2-KD	S1	construct-004-a02c0b37ee39	a02c0b37ee390691de476a5e290067f62640b1460c5b903bbcfaef2b46f1a3bb	P04637	5O1B	9H2	AGXLMIQMLKHIFZ-UHFFFAOYSA-N	OCc1cc(I)c(-n2cccc2)c(I)c1O	4.698970004336019	2VUK	9cc5da10362855e1a87d1347fb004548f833b8236b0faa8d05ae7131f6d9c38f	1	B	2VUK	P83	16;52;53;54;55;56;57;58;64;127;128;129;130;134;135;136;137;164	16;52;53;54;55;56;57;58;64;127;128;129;130;134;135;136;137;164		fixed_historical_reference_receptor	False	True	False	18.0	139.0	1.0	0.0	0.0	0.1111111111111111	0.1111111111111111	0.05555555555555555	0.05555555555555555	0.0	0.0	0.0	0.0	0.1111111111111111	0.0	0.0	0.16666666666666666	0.0	0.0	0.1111111111111111	0.1111111111111111	0.1111111111111111	0.05555555555555555	0.0	0.0	0.6474820143884892	0.1366906474820144	0.2014388489208633	0.014388489208633094	0.0	0.0	0.0	7.629216144239123	11.613051174985225	20.037000000000006	18.825999999999993	15.685000000000002	5.005718933960564	4.419660079159377	3.68975903202262	0.006535947712418301	0.13071895424836602	0.13725490196078433	0.20261437908496732	0.20261437908496732	0.27450980392156865	0.0457516339869281	0.0	0.0	0.27450980392156865	4.666666666666667	1.6996731711975948
RCSB-6RQB-Q47-KD:S0	RCSB-6RQB-Q47-KD	S0	construct-005-6f4aa0a92e90	6f4aa0a92e902b75f71eaad4d939a99889607aea7addb58c35e3b830ffbfe3b3	P9WPP7	6RQB	Q47	UHZMUUVMCUUKRQ-GJZGRUSLSA-N	O=C1N[C@@H](Cc2ccc(O)c(Br)c2)C(=O)N[C@H]1Cc1ccc(O)cc1	6.337242168318426	6RQB	48c10535a0b2b48ef44e0c46fb6bc76c9623a0adbc7a942c55e05d6053bfd553	1	A	2IJ7	TPF	62;77;78;82;83;84;85;86;87;167;168;169;229;230;232;233;236;237;280;284;343;385;386	62;77;78;82;83;84;85;86;87;167;168;169;229;230;232;233;236;237;280;284;343;385;386		query_holo_receptor	True	True	False	23.0	178.0	1.0	0.0	0.08695652173913043	0.0	0.0	0.0	0.13043478260869565	0.08695652173913043	0.043478260869565216	0.043478260869565216	0.0	0.043478260869565216	0.13043478260869565	0.08695652173913043	0.0	0.043478260869565216	0.043478260869565216	0.043478260869565216	0.08695652173913043	0.13043478260869565	0.0	0.0	0.0	0.6460674157303371	0.17415730337078653	0.16292134831460675	0.016853932584269662	0.0	0.0	0.0	9.435770159183537	15.59562891270603	24.594000000000023	21.576	19.104	6.944136025468527	4.7187004520983455	4.306576296792562	0.007905138339920948	0.09881422924901186	0.09486166007905138	0.12648221343873517	0.10276679841897234	0.31620553359683795	0.2134387351778656	0.039525691699604744	0.0	0.2015810276679842	4.434782608695652	1.498581559966442
RCSB-6RQB-Q47-KD:S1	RCSB-6RQB-Q47-KD	S1	construct-005-6f4aa0a92e90	6f4aa0a92e902b75f71eaad4d939a99889607aea7addb58c35e3b830ffbfe3b3	P9WPP7	6RQB	Q47	UHZMUUVMCUUKRQ-GJZGRUSLSA-N	O=C1N[C@@H](Cc2ccc(O)c(Br)c2)C(=O)N[C@H]1Cc1ccc(O)cc1	6.337242168318426	2IJ7	3cef794b507c8abb69c0d54d692da0ed33ef7d86cd46bef65f8a2f376a3e2b22	1	B	2IJ7	TPF	62;77;78;82;83;84;85;86;87;167;168;169;229;230;232;233;236;237;280;284;343;385;386	62;77;78;82;83;84;85;86;87;167;168;169;229;230;232;233;236;237;280;284;343;385;386		fixed_historical_reference_receptor	False	True	False	23.0	178.0	1.0	0.0	0.08695652173913043	0.0	0.0	0.0	0.13043478260869565	0.08695652173913043	0.043478260869565216	0.043478260869565216	0.0	0.043478260869565216	0.13043478260869565	0.08695652173913043	0.0	0.043478260869565216	0.043478260869565216	0.043478260869565216	0.08695652173913043	0.13043478260869565	0.0	0.0	0.0	0.6460674157303371	0.17415730337078653	0.16292134831460675	0.016853932584269662	0.0	0.0	0.0	9.39136659049838	15.71867899111732	28.331000000000017	18.540000000000003	18.45	6.959997083900215	4.748595109828645	4.148138318829442	0.007905138339920948	0.09881422924901186	0.10276679841897234	0.11462450592885376	0.13043478260869565	0.30434782608695654	0.2015810276679842	0.039525691699604744	0.0	0.20948616600790515	4.608695652173913	1.4960565681813263
RCSB-6RQ6-R2H-KD:S0	RCSB-6RQ6-R2H-KD	S0	construct-005-6f4aa0a92e90	6f4aa0a92e902b75f71eaad4d939a99889607aea7addb58c35e3b830ffbfe3b3	P9WPP7	6RQ6	R2H	BWLHGYWAFIMGJI-GJZGRUSLSA-N	O=C1N[C@@H](Cc2ccc(O)c(F)c2)C(=O)N[C@H]1Cc1ccc(O)cc1	4.892790030352131	6RQ6	2da6c22997db4c5fbe0f07eb2643002fd635d74a63f7ee6949997ef3b3de4545	1	A	2IJ7	TPF	62;77;78;82;83;84;85;86;87;167;168;169;229;230;232;233;236;237;280;284;343;385;386	62;77;78;82;83;84;85;86;87;167;168;169;229;230;232;233;236;237;280;284;343;385;386		query_holo_receptor	True	True	False	23.0	178.0	1.0	0.0	0.08695652173913043	0.0	0.0	0.0	0.13043478260869565	0.08695652173913043	0.043478260869565216	0.043478260869565216	0.0	0.043478260869565216	0.13043478260869565	0.08695652173913043	0.0	0.043478260869565216	0.043478260869565216	0.043478260869565216	0.08695652173913043	0.13043478260869565	0.0	0.0	0.0	0.6460674157303371	0.17415730337078653	0.16292134831460675	0.016853932584269662	0.0	0.0	0.0	9.424377259050072	15.560830833130408	24.566000000000003	21.587	19.096999999999998	6.930574430993883	4.720497739752069	4.301502745128679	0.007905138339920948	0.09486166007905138	0.10276679841897234	0.13043478260869565	0.09881422924901186	0.31225296442687744	0.2134387351778656	0.039525691699604744	0.0	0.20553359683794467	4.521739130434782	1.528556159238865
RCSB-6RQ6-R2H-KD:S1	RCSB-6RQ6-R2H-KD	S1	construct-005-6f4aa0a92e90	6f4aa0a92e902b75f71eaad4d939a99889607aea7addb58c35e3b830ffbfe3b3	P9WPP7	6RQ6	R2H	BWLHGYWAFIMGJI-GJZGRUSLSA-N	O=C1N[C@@H](Cc2ccc(O)c(F)c2)C(=O)N[C@H]1Cc1ccc(O)cc1	4.892790030352131	2IJ7	3cef794b507c8abb69c0d54d692da0ed33ef7d86cd46bef65f8a2f376a3e2b22	1	B	2IJ7	TPF	62;77;78;82;83;84;85;86;87;167;168;169;229;230;232;233;236;237;280;284;343;385;386	62;77;78;82;83;84;85;86;87;167;168;169;229;230;232;233;236;237;280;284;343;385;386		fixed_historical_reference_receptor	False	True	False	23.0	178.0	1.0	0.0	0.08695652173913043	0.0	0.0	0.0	0.13043478260869565	0.08695652173913043	0.043478260869565216	0.043478260869565216	0.0	0.043478260869565216	0.13043478260869565	0.08695652173913043	0.0	0.043478260869565216	0.043478260869565216	0.043478260869565216	0.08695652173913043	0.13043478260869565	0.0	0.0	0.0	0.6460674157303371	0.17415730337078653	0.16292134831460675	0.016853932584269662	0.0	0.0	0.0	9.39136659049838	15.71867899111732	28.331000000000017	18.540000000000003	18.45	6.959997083900215	4.748595109828645	4.148138318829442	0.007905138339920948	0.09881422924901186	0.10276679841897234	0.11462450592885376	0.13043478260869565	0.30434782608695654	0.2015810276679842	0.039525691699604744	0.0	0.20948616600790515	4.608695652173913	1.4960565681813263
RCSB-6RQ0-KE2-KD:S0	RCSB-6RQ0-KE2-KD	S0	construct-005-6f4aa0a92e90	6f4aa0a92e902b75f71eaad4d939a99889607aea7addb58c35e3b830ffbfe3b3	P9WPP7	6RQ0	KE2	YBIHVNADQSTKMY-HOTGVXAUSA-N	Cc1cc(C[C@@H]2NC(=O)[C@H](Cc3ccc(O)cc3)NC2=O)ccc1O	5.958607314841775	6RQ0	3d7c3db534daff8fdf8f740ccdf93dc3157d020ab118527098a84c05b6bf31a8	1	A	2IJ7	TPF	62;77;78;82;83;84;85;86;87;167;168;169;229;230;232;233;236;237;280;284;343;385;386	62;77;78;82;83;84;85;86;87;167;168;169;229;230;232;233;236;237;280;284;343;385;386		query_holo_receptor	True	True	False	23.0	178.0	1.0	0.0	0.08695652173913043	0.0	0.0	0.0	0.13043478260869565	0.08695652173913043	0.043478260869565216	0.043478260869565216	0.0	0.043478260869565216	0.13043478260869565	0.08695652173913043	0.0	0.043478260869565216	0.043478260869565216	0.043478260869565216	0.08695652173913043	0.13043478260869565	0.0	0.0	0.0	0.6460674157303371	0.17415730337078653	0.16292134831460675	0.016853932584269662	0.0	0.0	0.0	9.452162097162757	15.648132272085707	24.586	21.523000000000003	19.134	6.9527554239458365	4.722112974216233	4.324836341940666	0.007905138339920948	0.09486166007905138	0.09881422924901186	0.1225296442687747	0.11067193675889328	0.30434782608695654	0.22134387351778656	0.039525691699604744	0.0	0.2015810276679842	4.434782608695652	1.498581559966442
RCSB-6RQ0-KE2-KD:S1	RCSB-6RQ0-KE2-KD	S1	construct-005-6f4aa0a92e90	6f4aa0a92e902b75f71eaad4d939a99889607aea7addb58c35e3b830ffbfe3b3	P9WPP7	6RQ0	KE2	YBIHVNADQSTKMY-HOTGVXAUSA-N	Cc1cc(C[C@@H]2NC(=O)[C@H](Cc3ccc(O)cc3)NC2=O)ccc1O	5.958607314841775	2IJ7	3cef794b507c8abb69c0d54d692da0ed33ef7d86cd46bef65f8a2f376a3e2b22	1	B	2IJ7	TPF	62;77;78;82;83;84;85;86;87;167;168;169;229;230;232;233;236;237;280;284;343;385;386	62;77;78;82;83;84;85;86;87;167;168;169;229;230;232;233;236;237;280;284;343;385;386		fixed_historical_reference_receptor	False	True	False	23.0	178.0	1.0	0.0	0.08695652173913043	0.0	0.0	0.0	0.13043478260869565	0.08695652173913043	0.043478260869565216	0.043478260869565216	0.0	0.043478260869565216	0.13043478260869565	0.08695652173913043	0.0	0.043478260869565216	0.043478260869565216	0.043478260869565216	0.08695652173913043	0.13043478260869565	0.0	0.0	0.0	0.6460674157303371	0.17415730337078653	0.16292134831460675	0.016853932584269662	0.0	0.0	0.0	9.39136659049838	15.71867899111732	28.331000000000017	18.540000000000003	18.45	6.959997083900215	4.748595109828645	4.148138318829442	0.007905138339920948	0.09881422924901186	0.10276679841897234	0.11462450592885376	0.13043478260869565	0.30434782608695654	0.2015810276679842	0.039525691699604744	0.0	0.20948616600790515	4.608695652173913	1.4960565681813263
RCSB-6RQ9-KEQ-KD:S0	RCSB-6RQ9-KEQ-KD	S0	construct-005-6f4aa0a92e90	6f4aa0a92e902b75f71eaad4d939a99889607aea7addb58c35e3b830ffbfe3b3	P9WPP7	6RQ9	KEQ	SXIBGFQFSYRUSU-IRXDYDNUSA-N	COc1ccc(C[C@@H]2NC(=O)[C@H](Cc3ccc(O)cc3)NC2=O)cc1	4.982966660701219	6RQ9	dca5b9803fd5f0432fc9df9179a8c94466fde170318b1e0fc8d93f09c7ad63ef	1	A	2IJ7	TPF	62;77;78;82;83;84;85;86;87;167;168;169;229;230;232;233;236;237;280;284;343;385;386	62;77;78;82;83;84;85;86;87;167;168;169;229;230;232;233;236;237;280;284;343;385;386		query_holo_receptor	True	True	False	23.0	178.0	1.0	0.0	0.08695652173913043	0.0	0.0	0.0	0.13043478260869565	0.08695652173913043	0.043478260869565216	0.043478260869565216	0.0	0.043478260869565216	0.13043478260869565	0.08695652173913043	0.0	0.043478260869565216	0.043478260869565216	0.043478260869565216	0.08695652173913043	0.13043478260869565	0.0	0.0	0.0	0.6460674157303371	0.17415730337078653	0.16292134831460675	0.016853932584269662	0.0	0.0	0.0	9.37213890746541	15.574099539005735	24.389	21.452	19.009999999999998	6.881908281578817	4.711570569048995	4.275210974634488	0.007905138339920948	0.09486166007905138	0.10276679841897234	0.13438735177865613	0.09881422924901186	0.33201581027667987	0.19367588932806323	0.03557312252964427	0.0	0.20553359683794467	4.521739130434782	1.528556159238865
RCSB-6RQ9-KEQ-KD:S1	RCSB-6RQ9-KEQ-KD	S1	construct-005-6f4aa0a92e90	6f4aa0a92e902b75f71eaad4d939a99889607aea7addb58c35e3b830ffbfe3b3	P9WPP7	6RQ9	KEQ	SXIBGFQFSYRUSU-IRXDYDNUSA-N	COc1ccc(C[C@@H]2NC(=O)[C@H](Cc3ccc(O)cc3)NC2=O)cc1	4.982966660701219	2IJ7	3cef794b507c8abb69c0d54d692da0ed33ef7d86cd46bef65f8a2f376a3e2b22	1	B	2IJ7	TPF	62;77;78;82;83;84;85;86;87;167;168;169;229;230;232;233;236;237;280;284;343;385;386	62;77;78;82;83;84;85;86;87;167;168;169;229;230;232;233;236;237;280;284;343;385;386		fixed_historical_reference_receptor	False	True	False	23.0	178.0	1.0	0.0	0.08695652173913043	0.0	0.0	0.0	0.13043478260869565	0.08695652173913043	0.043478260869565216	0.043478260869565216	0.0	0.043478260869565216	0.13043478260869565	0.08695652173913043	0.0	0.043478260869565216	0.043478260869565216	0.043478260869565216	0.08695652173913043	0.13043478260869565	0.0	0.0	0.0	0.6460674157303371	0.17415730337078653	0.16292134831460675	0.016853932584269662	0.0	0.0	0.0	9.39136659049838	15.71867899111732	28.331000000000017	18.540000000000003	18.45	6.959997083900215	4.748595109828645	4.148138318829442	0.007905138339920948	0.09881422924901186	0.10276679841897234	0.11462450592885376	0.13043478260869565	0.30434782608695654	0.2015810276679842	0.039525691699604744	0.0	0.20948616600790515	4.608695652173913	1.4960565681813263
RCSB-6RQD-KEW-KD:S0	RCSB-6RQD-KEW-KD	S0	construct-005-6f4aa0a92e90	6f4aa0a92e902b75f71eaad4d939a99889607aea7addb58c35e3b830ffbfe3b3	P9WPP7	6RQD	KEW	DPXFBAHRLYLKSZ-GJZGRUSLSA-N	O=C1N[C@@H](Cc2ccc(O)c(Cl)c2)C(=O)N[C@H]1Cc1ccc(O)cc1	5.823908740944319	6RQD	00b86dee23a38bc0c8173c13929687707da601d949295af94ed449d9165faccc	1	A	2IJ7	TPF	62;77;78;82;83;84;85;86;87;167;168;169;229;230;232;233;236;237;280;284;343;385;386	62;77;78;82;83;84;85;86;87;167;168;169;229;230;232;233;236;237;280;284;343;385;386		query_holo_receptor	True	True	False	23.0	178.0	1.0	0.0	0.08695652173913043	0.0	0.0	0.0	0.13043478260869565	0.08695652173913043	0.043478260869565216	0.043478260869565216	0.0	0.043478260869565216	0.13043478260869565	0.08695652173913043	0.0	0.043478260869565216	0.043478260869565216	0.043478260869565216	0.08695652173913043	0.13043478260869565	0.0	0.0	0.0	0.6460674157303371	0.17415730337078653	0.16292134831460675	0.016853932584269662	0.0	0.0	0.0	9.425948346348662	15.563506314093267	24.636999999999972	21.515	19.081	6.939677253951891	4.716749135033856	4.294375325489517	0.007905138339920948	0.09881422924901186	0.09486166007905138	0.12648221343873517	0.10276679841897234	0.31620553359683795	0.2134387351778656	0.039525691699604744	0.0	0.2015810276679842	4.434782608695652	1.498581559966442
RCSB-6RQD-KEW-KD:S1	RCSB-6RQD-KEW-KD	S1	construct-005-6f4aa0a92e90	6f4aa0a92e902b75f71eaad4d939a99889607aea7addb58c35e3b830ffbfe3b3	P9WPP7	6RQD	KEW	DPXFBAHRLYLKSZ-GJZGRUSLSA-N	O=C1N[C@@H](Cc2ccc(O)c(Cl)c2)C(=O)N[C@H]1Cc1ccc(O)cc1	5.823908740944319	2IJ7	3cef794b507c8abb69c0d54d692da0ed33ef7d86cd46bef65f8a2f376a3e2b22	1	B	2IJ7	TPF	62;77;78;82;83;84;85;86;87;167;168;169;229;230;232;233;236;237;280;284;343;385;386	62;77;78;82;83;84;85;86;87;167;168;169;229;230;232;233;236;237;280;284;343;385;386		fixed_historical_reference_receptor	False	True	False	23.0	178.0	1.0	0.0	0.08695652173913043	0.0	0.0	0.0	0.13043478260869565	0.08695652173913043	0.043478260869565216	0.043478260869565216	0.0	0.043478260869565216	0.13043478260869565	0.08695652173913043	0.0	0.043478260869565216	0.043478260869565216	0.043478260869565216	0.08695652173913043	0.13043478260869565	0.0	0.0	0.0	0.6460674157303371	0.17415730337078653	0.16292134831460675	0.016853932584269662	0.0	0.0	0.0	9.39136659049838	15.71867899111732	28.331000000000017	18.540000000000003	18.45	6.959997083900215	4.748595109828645	4.148138318829442	0.007905138339920948	0.09881422924901186	0.10276679841897234	0.11462450592885376	0.13043478260869565	0.30434782608695654	0.2015810276679842	0.039525691699604744	0.0	0.20948616600790515	4.608695652173913	1.4960565681813263
RCSB-6RQ1-KE5-KD:S0	RCSB-6RQ1-KE5-KD	S0	construct-005-6f4aa0a92e90	6f4aa0a92e902b75f71eaad4d939a99889607aea7addb58c35e3b830ffbfe3b3	P9WPP7	6RQ1	KE5	OLLRPTQZHVLIEA-IRXDYDNUSA-N	Cc1cc(O)ccc1C[C@@H]1NC(=O)[C@H](Cc2ccc(O)cc2)NC1=O	4.400116927926312	6RQ1	734fe2eac031e3034cefe4bfda76daa89ada91f63bcb9aeb1f991d5949c9889d	1	A	2IJ7	TPF	62;77;78;82;83;84;85;86;87;167;168;169;229;230;232;233;236;237;280;284;343;385;386	62;77;78;82;83;84;85;86;87;167;168;169;229;230;232;233;236;237;280;284;343;385;386		query_holo_receptor	True	True	False	23.0	178.0	1.0	0.0	0.08695652173913043	0.0	0.0	0.0	0.13043478260869565	0.08695652173913043	0.043478260869565216	0.043478260869565216	0.0	0.043478260869565216	0.13043478260869565	0.08695652173913043	0.0	0.043478260869565216	0.043478260869565216	0.043478260869565216	0.08695652173913043	0.13043478260869565	0.0	0.0	0.0	0.6460674157303371	0.17415730337078653	0.16292134831460675	0.016853932584269662	0.0	0.0	0.0	9.41173197514836	15.550787971577465	24.431	21.412	19.073999999999998	6.917366262569667	4.724027281804956	4.2911896954405915	0.007905138339920948	0.09486166007905138	0.1067193675889328	0.11462450592885376	0.11067193675889328	0.31225296442687744	0.2134387351778656	0.039525691699604744	0.0	0.20948616600790515	4.608695652173913	1.4960565681813263
RCSB-6RQ1-KE5-KD:S1	RCSB-6RQ1-KE5-KD	S1	construct-005-6f4aa0a92e90	6f4aa0a92e902b75f71eaad4d939a99889607aea7addb58c35e3b830ffbfe3b3	P9WPP7	6RQ1	KE5	OLLRPTQZHVLIEA-IRXDYDNUSA-N	Cc1cc(O)ccc1C[C@@H]1NC(=O)[C@H](Cc2ccc(O)cc2)NC1=O	4.400116927926312	2IJ7	3cef794b507c8abb69c0d54d692da0ed33ef7d86cd46bef65f8a2f376a3e2b22	1	B	2IJ7	TPF	62;77;78;82;83;84;85;86;87;167;168;169;229;230;232;233;236;237;280;284;343;385;386	62;77;78;82;83;84;85;86;87;167;168;169;229;230;232;233;236;237;280;284;343;385;386		fixed_historical_reference_receptor	False	True	False	23.0	178.0	1.0	0.0	0.08695652173913043	0.0	0.0	0.0	0.13043478260869565	0.08695652173913043	0.043478260869565216	0.043478260869565216	0.0	0.043478260869565216	0.13043478260869565	0.08695652173913043	0.0	0.043478260869565216	0.043478260869565216	0.043478260869565216	0.08695652173913043	0.13043478260869565	0.0	0.0	0.0	0.6460674157303371	0.17415730337078653	0.16292134831460675	0.016853932584269662	0.0	0.0	0.0	9.39136659049838	15.71867899111732	28.331000000000017	18.540000000000003	18.45	6.959997083900215	4.748595109828645	4.148138318829442	0.007905138339920948	0.09881422924901186	0.10276679841897234	0.11462450592885376	0.13043478260869565	0.30434782608695654	0.2015810276679842	0.039525691699604744	0.0	0.20948616600790515	4.608695652173913	1.4960565681813263
RCSB-6RQ8-KEH-KD:S0	RCSB-6RQ8-KEH-KD	S0	construct-005-6f4aa0a92e90	6f4aa0a92e902b75f71eaad4d939a99889607aea7addb58c35e3b830ffbfe3b3	P9WPP7	6RQ8	KEH	NQIPTQNZLHTHOS-GJZGRUSLSA-N	O=C1N[C@@H](Cc2ccc(O)c(I)c2)C(=O)N[C@H]1Cc1ccc(O)cc1	6.552841968657781	6RQ8	1dab257e0da290a5472d1887ecd8f58ed4b085b948a9376b4723d1e126392a1f	1	A	2IJ7	TPF	62;77;78;82;83;84;85;86;87;167;168;169;229;230;232;233;236;237;280;284;343;385;386	62;77;78;82;83;84;85;86;87;167;168;169;229;230;232;233;236;237;280;284;343;385;386		query_holo_receptor	True	True	False	23.0	178.0	1.0	0.0	0.08695652173913043	0.0	0.0	0.0	0.13043478260869565	0.08695652173913043	0.043478260869565216	0.043478260869565216	0.0	0.043478260869565216	0.13043478260869565	0.08695652173913043	0.0	0.043478260869565216	0.043478260869565216	0.043478260869565216	0.08695652173913043	0.13043478260869565	0.0	0.0	0.0	0.6460674157303371	0.17415730337078653	0.16292134831460675	0.016853932584269662	0.0	0.0	0.0	9.39656796800103	15.616235861761078	24.579	21.469	19.084	6.918820196831249	4.69659597522885	4.285720815294333	0.007905138339920948	0.09881422924901186	0.09881422924901186	0.12648221343873517	0.10276679841897234	0.31620553359683795	0.20948616600790515	0.039525691699604744	0.0	0.20553359683794467	4.521739130434782	1.528556159238865
RCSB-6RQ8-KEH-KD:S1	RCSB-6RQ8-KEH-KD	S1	construct-005-6f4aa0a92e90	6f4aa0a92e902b75f71eaad4d939a99889607aea7addb58c35e3b830ffbfe3b3	P9WPP7	6RQ8	KEH	NQIPTQNZLHTHOS-GJZGRUSLSA-N	O=C1N[C@@H](Cc2ccc(O)c(I)c2)C(=O)N[C@H]1Cc1ccc(O)cc1	6.552841968657781	2IJ7	3cef794b507c8abb69c0d54d692da0ed33ef7d86cd46bef65f8a2f376a3e2b22	1	B	2IJ7	TPF	62;77;78;82;83;84;85;86;87;167;168;169;229;230;232;233;236;237;280;284;343;385;386	62;77;78;82;83;84;85;86;87;167;168;169;229;230;232;233;236;237;280;284;343;385;386		fixed_historical_reference_receptor	False	True	False	23.0	178.0	1.0	0.0	0.08695652173913043	0.0	0.0	0.0	0.13043478260869565	0.08695652173913043	0.043478260869565216	0.043478260869565216	0.0	0.043478260869565216	0.13043478260869565	0.08695652173913043	0.0	0.043478260869565216	0.043478260869565216	0.043478260869565216	0.08695652173913043	0.13043478260869565	0.0	0.0	0.0	0.6460674157303371	0.17415730337078653	0.16292134831460675	0.016853932584269662	0.0	0.0	0.0	9.39136659049838	15.71867899111732	28.331000000000017	18.540000000000003	18.45	6.959997083900215	4.748595109828645	4.148138318829442	0.007905138339920948	0.09881422924901186	0.10276679841897234	0.11462450592885376	0.13043478260869565	0.30434782608695654	0.2015810276679842	0.039525691699604744	0.0	0.20948616600790515	4.608695652173913	1.4960565681813263
RCSB-6RQ5-KEB-KD:S0	RCSB-6RQ5-KEB-KD	S0	construct-005-6f4aa0a92e90	6f4aa0a92e902b75f71eaad4d939a99889607aea7addb58c35e3b830ffbfe3b3	P9WPP7	6RQ5	KEB	UCEYENNEMBTPOB-IRXDYDNUSA-N	Cc1cc(C[C@@H]2NC(=O)[C@H](Cc3ccc(O)cc3)NC2=O)cc(C)c1O	4.82102305270683	6RQ5	c25cfb26429540d25e9acaf658583cf8e617287e95aa8077af25cfad7019776b	1	A	2IJ7	TPF	62;77;78;82;83;84;85;86;87;167;168;169;229;230;232;233;236;237;280;284;343;385;386	62;77;78;82;83;84;85;86;87;167;168;169;229;230;232;233;236;237;280;284;343;385;386		query_holo_receptor	True	True	False	23.0	178.0	1.0	0.0	0.08695652173913043	0.0	0.0	0.0	0.13043478260869565	0.08695652173913043	0.043478260869565216	0.043478260869565216	0.0	0.043478260869565216	0.13043478260869565	0.08695652173913043	0.0	0.043478260869565216	0.043478260869565216	0.043478260869565216	0.08695652173913043	0.13043478260869565	0.0	0.0	0.0	0.6460674157303371	0.17415730337078653	0.16292134831460675	0.016853932584269662	0.0	0.0	0.0	9.353507866455233	15.45630103164804	24.498	21.598000000000003	18.828	6.917032502040077	4.629713198563792	4.267145002528663	0.007905138339920948	0.09881422924901186	0.09881422924901186	0.1383399209486166	0.09090909090909091	0.3201581027667984	0.20553359683794467	0.039525691699604744	0.0	0.20553359683794467	4.521739130434782	1.528556159238865
RCSB-6RQ5-KEB-KD:S1	RCSB-6RQ5-KEB-KD	S1	construct-005-6f4aa0a92e90	6f4aa0a92e902b75f71eaad4d939a99889607aea7addb58c35e3b830ffbfe3b3	P9WPP7	6RQ5	KEB	UCEYENNEMBTPOB-IRXDYDNUSA-N	Cc1cc(C[C@@H]2NC(=O)[C@H](Cc3ccc(O)cc3)NC2=O)cc(C)c1O	4.82102305270683	2IJ7	3cef794b507c8abb69c0d54d692da0ed33ef7d86cd46bef65f8a2f376a3e2b22	1	B	2IJ7	TPF	62;77;78;82;83;84;85;86;87;167;168;169;229;230;232;233;236;237;280;284;343;385;386	62;77;78;82;83;84;85;86;87;167;168;169;229;230;232;233;236;237;280;284;343;385;386		fixed_historical_reference_receptor	False	True	False	23.0	178.0	1.0	0.0	0.08695652173913043	0.0	0.0	0.0	0.13043478260869565	0.08695652173913043	0.043478260869565216	0.043478260869565216	0.0	0.043478260869565216	0.13043478260869565	0.08695652173913043	0.0	0.043478260869565216	0.043478260869565216	0.043478260869565216	0.08695652173913043	0.13043478260869565	0.0	0.0	0.0	0.6460674157303371	0.17415730337078653	0.16292134831460675	0.016853932584269662	0.0	0.0	0.0	9.39136659049838	15.71867899111732	28.331000000000017	18.540000000000003	18.45	6.959997083900215	4.748595109828645	4.148138318829442	0.007905138339920948	0.09881422924901186	0.10276679841897234	0.11462450592885376	0.13043478260869565	0.30434782608695654	0.2015810276679842	0.039525691699604744	0.0	0.20948616600790515	4.608695652173913	1.4960565681813263
