context	split	fold	model	parameter	chosen_value	inner_component_scores_json	train_observations	test_observations	inner_grouping
full	union_component_leave_one_out	component-01	nuisance_ridge	ridge_alpha	100.0	"[{""alpha"":0.01,""inner_rmse"":1.4064037995639078},{""alpha"":0.1,""inner_rmse"":1.4055943042877108},{""alpha"":1.0,""inner_rmse"":1.3978872864800282},{""alpha"":10.0,""inner_rmse"":1.348325191490187},{""alpha"":100.0,""inner_rmse"":1.3273983775134697},{""alpha"":1000.0,""inner_rmse"":1.415382441177975}]"	267	4	frozen_union_component
full	union_component_leave_one_out	component-01	ligand_ecfp_ridge	ridge_alpha	1000.0	"[{""alpha"":0.01,""inner_rmse"":1.5383654449098578},{""alpha"":0.1,""inner_rmse"":1.5383350444615365},{""alpha"":1.0,""inner_rmse"":1.5380925169350963},{""alpha"":10.0,""inner_rmse"":1.5366427944596843},{""alpha"":100.0,""inner_rmse"":1.52113318498461},{""alpha"":1000.0,""inner_rmse"":1.4609949393458452}]"	267	4	frozen_union_component
full	union_component_leave_one_out	component-01	ligand_gmolai_ridge	ridge_alpha	1000.0	"[{""alpha"":0.01,""inner_rmse"":2.7578078273295095},{""alpha"":0.1,""inner_rmse"":2.4600094591743935},{""alpha"":1.0,""inner_rmse"":2.1624722011780984},{""alpha"":10.0,""inner_rmse"":1.8956734371252828},{""alpha"":100.0,""inner_rmse"":1.6506447087902842},{""alpha"":1000.0,""inner_rmse"":1.4319786545615192}]"	267	4	frozen_union_component
full	union_component_leave_one_out	component-01	pocket_ridge_S0	ridge_alpha	1000.0	"[{""alpha"":0.01,""inner_rmse"":4.45449488912132},{""alpha"":0.1,""inner_rmse"":2.8015033222328505},{""alpha"":1.0,""inner_rmse"":2.1455049387870386},{""alpha"":10.0,""inner_rmse"":1.6037915904151605},{""alpha"":100.0,""inner_rmse"":1.3858963718094321},{""alpha"":1000.0,""inner_rmse"":1.373873669942692}]"	267	4	frozen_union_component
full	union_component_leave_one_out	component-01	pocket_ridge_S1	ridge_alpha	1000.0	"[{""alpha"":0.01,""inner_rmse"":3.4181637458964715},{""alpha"":0.1,""inner_rmse"":2.965056465185665},{""alpha"":1.0,""inner_rmse"":2.1130646737228327},{""alpha"":10.0,""inner_rmse"":1.5763319691670372},{""alpha"":100.0,""inner_rmse"":1.381952264367887},{""alpha"":1000.0,""inner_rmse"":1.375415036759873}]"	267	4	frozen_union_component
full	union_component_leave_one_out	component-01	sequence_esm2_ridge	ridge_alpha	1000.0	"[{""alpha"":0.01,""inner_rmse"":7.709285261246468},{""alpha"":0.1,""inner_rmse"":7.073237310202167},{""alpha"":1.0,""inner_rmse"":4.954593347537387},{""alpha"":10.0,""inner_rmse"":2.9421868565717704},{""alpha"":100.0,""inner_rmse"":1.930544023248287},{""alpha"":1000.0,""inner_rmse"":1.652249832288578}]"	267	4	frozen_union_component
full	union_component_leave_one_out	component-01	ecfp_esm2_additive	ridge_alpha	1000.0	"[{""alpha"":0.01,""inner_rmse"":1.5563361804152176},{""alpha"":0.1,""inner_rmse"":1.557396460814378},{""alpha"":1.0,""inner_rmse"":1.5597323754098429},{""alpha"":10.0,""inner_rmse"":1.5637497105718452},{""alpha"":100.0,""inner_rmse"":1.5650737051723633},{""alpha"":1000.0,""inner_rmse"":1.52718678858369}]"	267	4	frozen_union_component
full	union_component_leave_one_out	component-01	gmolai_esm2_additive	ridge_alpha	1000.0	"[{""alpha"":0.01,""inner_rmse"":3.0243344109195376},{""alpha"":0.1,""inner_rmse"":2.6793403020040265},{""alpha"":1.0,""inner_rmse"":2.3287658416754526},{""alpha"":10.0,""inner_rmse"":2.117885151164516},{""alpha"":100.0,""inner_rmse"":1.8314895552621784},{""alpha"":1000.0,""inner_rmse"":1.5286017522581958}]"	267	4	frozen_union_component
full	union_component_leave_one_out	component-01	ecfp_pocket_additive_S1	ridge_alpha	1000.0	"[{""alpha"":0.01,""inner_rmse"":1.48015338893558},{""alpha"":0.1,""inner_rmse"":1.4798768645517857},{""alpha"":1.0,""inner_rmse"":1.4775039130289094},{""alpha"":10.0,""inner_rmse"":1.4670710956981476},{""alpha"":100.0,""inner_rmse"":1.4460556197314862},{""alpha"":1000.0,""inner_rmse"":1.4079401234163997}]"	267	4	frozen_union_component
full	union_component_leave_one_out	component-01	ecfp_pocket_tensor_S1	ridge_alpha	1000.0	"[{""alpha"":0.01,""inner_rmse"":1.478334638348678},{""alpha"":0.1,""inner_rmse"":1.4781052241174817},{""alpha"":1.0,""inner_rmse"":1.4761132336372293},{""alpha"":10.0,""inner_rmse"":1.4667438462960758},{""alpha"":100.0,""inner_rmse"":1.4458125472211834},{""alpha"":1000.0,""inner_rmse"":1.4076633039887672}]"	267	4	frozen_union_component
full	union_component_leave_one_out	component-01	ecfp_esm2_pocket_additive_S1	ridge_alpha	1000.0	"[{""alpha"":0.01,""inner_rmse"":1.5096976890448541},{""alpha"":0.1,""inner_rmse"":1.5097056552009613},{""alpha"":1.0,""inner_rmse"":1.5097854038253582},{""alpha"":10.0,""inner_rmse"":1.510150815214625},{""alpha"":100.0,""inner_rmse"":1.507522512531408},{""alpha"":1000.0,""inner_rmse"":1.4832203047156645}]"	267	4	frozen_union_component
full	union_component_leave_one_out	component-01	ecfp_esm2_pocket_tensor_S1	ridge_alpha	1000.0	"[{""alpha"":0.01,""inner_rmse"":1.5048887211689475},{""alpha"":0.1,""inner_rmse"":1.504893692046549},{""alpha"":1.0,""inner_rmse"":1.5049502544839377},{""alpha"":10.0,""inner_rmse"":1.5052554604492834},{""alpha"":100.0,""inner_rmse"":1.5026034144190126},{""alpha"":1000.0,""inner_rmse"":1.4794337827574573}]"	267	4	frozen_union_component
full	union_component_leave_one_out	component-01	ecfp_esm2_permuted_pocket_tensor_S1	ridge_alpha	1000.0	"[{""alpha"":0.01,""inner_rmse"":1.5453056441575366},{""alpha"":0.1,""inner_rmse"":1.545314754756559},{""alpha"":1.0,""inner_rmse"":1.5454923987105977},{""alpha"":10.0,""inner_rmse"":1.5484033307280292},{""alpha"":100.0,""inner_rmse"":1.5557170093506132},{""alpha"":1000.0,""inner_rmse"":1.5277604707986563}]"	267	4	frozen_union_component
full	union_component_leave_one_out	component-01	gmolai_esm2_pocket_additive_S1	ridge_alpha	1000.0	"[{""alpha"":0.01,""inner_rmse"":2.768312972817507},{""alpha"":0.1,""inner_rmse"":2.509996954136252},{""alpha"":1.0,""inner_rmse"":2.18935080263799},{""alpha"":10.0,""inner_rmse"":1.9306465590865851},{""alpha"":100.0,""inner_rmse"":1.7219163576527563},{""alpha"":1000.0,""inner_rmse"":1.4831702492052525}]"	267	4	frozen_union_component
full	union_component_leave_one_out	component-01	gmolai_esm2_pocket_tensor_S1	ridge_alpha	1000.0	"[{""alpha"":0.01,""inner_rmse"":2.453579647202174},{""alpha"":0.1,""inner_rmse"":2.3012964114944126},{""alpha"":1.0,""inner_rmse"":2.0259686614051593},{""alpha"":10.0,""inner_rmse"":1.839623899701108},{""alpha"":100.0,""inner_rmse"":1.6955263396271834},{""alpha"":1000.0,""inner_rmse"":1.4836318309701124}]"	267	4	frozen_union_component
full	union_component_leave_one_out	component-01	ecfp_esm2_pocket_additive_S0	ridge_alpha	1000.0	"[{""alpha"":0.01,""inner_rmse"":1.7455483491139205},{""alpha"":0.1,""inner_rmse"":1.6263277928246402},{""alpha"":1.0,""inner_rmse"":1.5171663975372807},{""alpha"":10.0,""inner_rmse"":1.5101018785172196},{""alpha"":100.0,""inner_rmse"":1.5090783554180258},{""alpha"":1000.0,""inner_rmse"":1.484534298382407}]"	267	4	frozen_union_component
full	union_component_leave_one_out	component-01	ecfp_esm2_pocket_tensor_S0	ridge_alpha	1000.0	"[{""alpha"":0.01,""inner_rmse"":1.7397772071705044},{""alpha"":0.1,""inner_rmse"":1.6199138046496386},{""alpha"":1.0,""inner_rmse"":1.5134298168161178},{""alpha"":10.0,""inner_rmse"":1.5055425326143956},{""alpha"":100.0,""inner_rmse"":1.5039979664666807},{""alpha"":1000.0,""inner_rmse"":1.4806649603886894}]"	267	4	frozen_union_component
full	union_component_leave_one_out	component-01	ligand_ecfp_knn	knn_k	5	"[{""inner_rmse"":2.073572812503516,""k"":1},{""inner_rmse"":1.7224078894134225,""k"":3},{""inner_rmse"":1.573667432748602,""k"":5}]"	267	4	frozen_union_component
full	union_component_leave_one_out	component-01	ligand_gmolai_knn	knn_k	5	"[{""inner_rmse"":1.9746622423214244,""k"":1},{""inner_rmse"":1.7977614136546258,""k"":3},{""inner_rmse"":1.7335522166480537,""k"":5}]"	267	4	frozen_union_component
full	union_component_leave_one_out	component-01	sequence_identity_target_knn	knn_k	5	"[{""inner_rmse"":1.6872593814635926,""k"":1},{""inner_rmse"":1.6331577589991053,""k"":3},{""inner_rmse"":1.5702555925199329,""k"":5}]"	267	4	frozen_union_component
full	union_component_leave_one_out	component-01	esm2_cosine_target_knn	knn_k	5	"[{""inner_rmse"":2.144562071524827,""k"":1},{""inner_rmse"":1.619077417376258,""k"":3},{""inner_rmse"":1.5726452163590376,""k"":5}]"	267	4	frozen_union_component
full	union_component_leave_one_out	component-01	structure_global_usalign_target_knn_S1	knn_k	5	"[{""inner_rmse"":1.7921346534137135,""k"":1},{""inner_rmse"":1.528228930619333,""k"":3},{""inner_rmse"":1.505455888943864,""k"":5}]"	267	4	frozen_union_component
full	union_component_leave_one_out	component-01	structure_pocket_usalign_target_knn_S1	knn_k	5	"[{""inner_rmse"":1.9190803421456515,""k"":1},{""inner_rmse"":1.6753646440436247,""k"":3},{""inner_rmse"":1.5811335179905055,""k"":5}]"	267	4	frozen_union_component
full	union_component_leave_one_out	component-01	pocket_descriptor_target_knn_S1	knn_k	5	"[{""inner_rmse"":1.8585701539971948,""k"":1},{""inner_rmse"":1.597548275252378,""k"":3},{""inner_rmse"":1.5234810263405474,""k"":5}]"	267	4	frozen_union_component
full	union_component_leave_one_out	component-02	nuisance_ridge	ridge_alpha	100.0	"[{""alpha"":0.01,""inner_rmse"":1.4906419026674211},{""alpha"":0.1,""inner_rmse"":1.4897171194414327},{""alpha"":1.0,""inner_rmse"":1.480826676259199},{""alpha"":10.0,""inner_rmse"":1.4185813265226526},{""alpha"":100.0,""inner_rmse"":1.349536522672317},{""alpha"":1000.0,""inner_rmse"":1.4210497262591342}]"	269	2	frozen_union_component
full	union_component_leave_one_out	component-02	ligand_ecfp_ridge	ridge_alpha	1000.0	"[{""alpha"":0.01,""inner_rmse"":1.5910768626637617},{""alpha"":0.1,""inner_rmse"":1.5910822561532632},{""alpha"":1.0,""inner_rmse"":1.5911121118551625},{""alpha"":10.0,""inner_rmse"":1.590027500025669},{""alpha"":100.0,""inner_rmse"":1.5709317433305303},{""alpha"":1000.0,""inner_rmse"":1.4953405086687042}]"	269	2	frozen_union_component
full	union_component_leave_one_out	component-02	ligand_gmolai_ridge	ridge_alpha	1000.0	"[{""alpha"":0.01,""inner_rmse"":2.834147389156373},{""alpha"":0.1,""inner_rmse"":2.577916225160801},{""alpha"":1.0,""inner_rmse"":2.2131082172777123},{""alpha"":10.0,""inner_rmse"":1.9421455067362412},{""alpha"":100.0,""inner_rmse"":1.676193132973368},{""alpha"":1000.0,""inner_rmse"":1.4436774112195725}]"	269	2	frozen_union_component
full	union_component_leave_one_out	component-02	pocket_ridge_S0	ridge_alpha	1000.0	"[{""alpha"":0.01,""inner_rmse"":4.205742242413644},{""alpha"":0.1,""inner_rmse"":3.2436926669469575},{""alpha"":1.0,""inner_rmse"":2.174698066463733},{""alpha"":10.0,""inner_rmse"":1.6255565988975182},{""alpha"":100.0,""inner_rmse"":1.406154278208191},{""alpha"":1000.0,""inner_rmse"":1.3735797184477487}]"	269	2	frozen_union_component
full	union_component_leave_one_out	component-02	pocket_ridge_S1	ridge_alpha	1000.0	"[{""alpha"":0.01,""inner_rmse"":3.674012312061263},{""alpha"":0.1,""inner_rmse"":3.2514794084907956},{""alpha"":1.0,""inner_rmse"":2.3376142007970753},{""alpha"":10.0,""inner_rmse"":1.672020966923129},{""alpha"":100.0,""inner_rmse"":1.4109002226140528},{""alpha"":1000.0,""inner_rmse"":1.3733295227077325}]"	269	2	frozen_union_component
full	union_component_leave_one_out	component-02	sequence_esm2_ridge	ridge_alpha	1000.0	"[{""alpha"":0.01,""inner_rmse"":8.288616614629126},{""alpha"":0.1,""inner_rmse"":7.53017496933885},{""alpha"":1.0,""inner_rmse"":5.043152640841321},{""alpha"":10.0,""inner_rmse"":2.9283001653817764},{""alpha"":100.0,""inner_rmse"":1.8985140332093768},{""alpha"":1000.0,""inner_rmse"":1.5982590027974488}]"	269	2	frozen_union_component
full	union_component_leave_one_out	component-02	ecfp_esm2_additive	ridge_alpha	1000.0	"[{""alpha"":0.01,""inner_rmse"":1.5772815399292068},{""alpha"":0.1,""inner_rmse"":1.5765727093922053},{""alpha"":1.0,""inner_rmse"":1.5759185920595589},{""alpha"":10.0,""inner_rmse"":1.578228448174703},{""alpha"":100.0,""inner_rmse"":1.5740341232973496},{""alpha"":1000.0,""inner_rmse"":1.5208345778851353}]"	269	2	frozen_union_component
full	union_component_leave_one_out	component-02	gmolai_esm2_additive	ridge_alpha	1000.0	"[{""alpha"":0.01,""inner_rmse"":3.0428132465320394},{""alpha"":0.1,""inner_rmse"":2.735109324299423},{""alpha"":1.0,""inner_rmse"":2.37654955682689},{""alpha"":10.0,""inner_rmse"":2.1461023717008074},{""alpha"":100.0,""inner_rmse"":1.8190762854911418},{""alpha"":1000.0,""inner_rmse"":1.5240070669259205}]"	269	2	frozen_union_component
full	union_component_leave_one_out	component-02	ecfp_pocket_additive_S1	ridge_alpha	1000.0	"[{""alpha"":0.01,""inner_rmse"":1.5122497977771958},{""alpha"":0.1,""inner_rmse"":1.5120566346329034},{""alpha"":1.0,""inner_rmse"":1.5103821127254},{""alpha"":10.0,""inner_rmse"":1.5019800387349311},{""alpha"":100.0,""inner_rmse"":1.4787653773806626},{""alpha"":1000.0,""inner_rmse"":1.433306236714496}]"	269	2	frozen_union_component
full	union_component_leave_one_out	component-02	ecfp_pocket_tensor_S1	ridge_alpha	1000.0	"[{""alpha"":0.01,""inner_rmse"":1.505037556912451},{""alpha"":0.1,""inner_rmse"":1.5049191606139678},{""alpha"":1.0,""inner_rmse"":1.5038449971390802},{""alpha"":10.0,""inner_rmse"":1.4971860254901552},{""alpha"":100.0,""inner_rmse"":1.4749013723652493},{""alpha"":1000.0,""inner_rmse"":1.4311722474404034}]"	269	2	frozen_union_component
full	union_component_leave_one_out	component-02	ecfp_esm2_pocket_additive_S1	ridge_alpha	1000.0	"[{""alpha"":0.01,""inner_rmse"":1.5181771008219962},{""alpha"":0.1,""inner_rmse"":1.5181966473843298},{""alpha"":1.0,""inner_rmse"":1.518347175491486},{""alpha"":10.0,""inner_rmse"":1.5182327255615984},{""alpha"":100.0,""inner_rmse"":1.5111561462473593},{""alpha"":1000.0,""inner_rmse"":1.4744271310265498}]"	269	2	frozen_union_component
full	union_component_leave_one_out	component-02	ecfp_esm2_pocket_tensor_S1	ridge_alpha	1000.0	"[{""alpha"":0.01,""inner_rmse"":1.514753153730069},{""alpha"":0.1,""inner_rmse"":1.5147676719395033},{""alpha"":1.0,""inner_rmse"":1.514876066455462},{""alpha"":10.0,""inner_rmse"":1.5146200123001923},{""alpha"":100.0,""inner_rmse"":1.5075960701051832},{""alpha"":1000.0,""inner_rmse"":1.4720386208293432}]"	269	2	frozen_union_component
full	union_component_leave_one_out	component-02	ecfp_esm2_permuted_pocket_tensor_S1	ridge_alpha	1000.0	"[{""alpha"":0.01,""inner_rmse"":1.562542043544401},{""alpha"":0.1,""inner_rmse"":1.5625588846913083},{""alpha"":1.0,""inner_rmse"":1.562762860869469},{""alpha"":10.0,""inner_rmse"":1.564694251377392},{""alpha"":100.0,""inner_rmse"":1.5651403081339106},{""alpha"":1000.0,""inner_rmse"":1.5208136585921865}]"	269	2	frozen_union_component
full	union_component_leave_one_out	component-02	gmolai_esm2_pocket_additive_S1	ridge_alpha	1000.0	"[{""alpha"":0.01,""inner_rmse"":2.954319517259642},{""alpha"":0.1,""inner_rmse"":2.653110452169489},{""alpha"":1.0,""inner_rmse"":2.2805691074120586},{""alpha"":10.0,""inner_rmse"":1.9673900858595073},{""alpha"":100.0,""inner_rmse"":1.7014935980194417},{""alpha"":1000.0,""inner_rmse"":1.4755685681800292}]"	269	2	frozen_union_component
full	union_component_leave_one_out	component-02	gmolai_esm2_pocket_tensor_S1	ridge_alpha	1000.0	"[{""alpha"":0.01,""inner_rmse"":2.270844767344032},{""alpha"":0.1,""inner_rmse"":2.152092060038611},{""alpha"":1.0,""inner_rmse"":1.9798301675848775},{""alpha"":10.0,""inner_rmse"":1.856465239512311},{""alpha"":100.0,""inner_rmse"":1.6855117431071678},{""alpha"":1000.0,""inner_rmse"":1.4758349390683267}]"	269	2	frozen_union_component
full	union_component_leave_one_out	component-02	ecfp_esm2_pocket_additive_S0	ridge_alpha	1000.0	"[{""alpha"":0.01,""inner_rmse"":1.8145091771358888},{""alpha"":0.1,""inner_rmse"":1.6777840333600895},{""alpha"":1.0,""inner_rmse"":1.5388600530059842},{""alpha"":10.0,""inner_rmse"":1.5207395388395244},{""alpha"":100.0,""inner_rmse"":1.5141843762599771},{""alpha"":1000.0,""inner_rmse"":1.477017957554296}]"	269	2	frozen_union_component
full	union_component_leave_one_out	component-02	ecfp_esm2_pocket_tensor_S0	ridge_alpha	1000.0	"[{""alpha"":0.01,""inner_rmse"":1.7952969312798162},{""alpha"":0.1,""inner_rmse"":1.6621734528630892},{""alpha"":1.0,""inner_rmse"":1.5334319758605617},{""alpha"":10.0,""inner_rmse"":1.5167686180974864},{""alpha"":100.0,""inner_rmse"":1.5102923903036929},{""alpha"":1000.0,""inner_rmse"":1.4743793803462246}]"	269	2	frozen_union_component
full	union_component_leave_one_out	component-02	ligand_ecfp_knn	knn_k	5	"[{""inner_rmse"":2.187819635214007,""k"":1},{""inner_rmse"":1.8363799046195155,""k"":3},{""inner_rmse"":1.6708796171920046,""k"":5}]"	269	2	frozen_union_component
full	union_component_leave_one_out	component-02	ligand_gmolai_knn	knn_k	5	"[{""inner_rmse"":2.0009339961777624,""k"":1},{""inner_rmse"":1.7804644856942922,""k"":3},{""inner_rmse"":1.725481967680576,""k"":5}]"	269	2	frozen_union_component
full	union_component_leave_one_out	component-02	sequence_identity_target_knn	knn_k	5	"[{""inner_rmse"":1.6553370444270943,""k"":1},{""inner_rmse"":1.6343072702609984,""k"":3},{""inner_rmse"":1.5507516363452165,""k"":5}]"	269	2	frozen_union_component
full	union_component_leave_one_out	component-02	esm2_cosine_target_knn	knn_k	5	"[{""inner_rmse"":2.1543967310792054,""k"":1},{""inner_rmse"":1.6001566317310418,""k"":3},{""inner_rmse"":1.5645599968909483,""k"":5}]"	269	2	frozen_union_component
full	union_component_leave_one_out	component-02	structure_global_usalign_target_knn_S1	knn_k	5	"[{""inner_rmse"":1.7845201828428712,""k"":1},{""inner_rmse"":1.5575004472288854,""k"":3},{""inner_rmse"":1.548312593910949,""k"":5}]"	269	2	frozen_union_component
full	union_component_leave_one_out	component-02	structure_pocket_usalign_target_knn_S1	knn_k	5	"[{""inner_rmse"":1.9554547053764004,""k"":1},{""inner_rmse"":1.647579904365521,""k"":3},{""inner_rmse"":1.585789065641434,""k"":5}]"	269	2	frozen_union_component
full	union_component_leave_one_out	component-02	pocket_descriptor_target_knn_S1	knn_k	5	"[{""inner_rmse"":2.010368550596093,""k"":1},{""inner_rmse"":1.6292140825896142,""k"":3},{""inner_rmse"":1.550950263252551,""k"":5}]"	269	2	frozen_union_component
full	union_component_leave_one_out	component-03	nuisance_ridge	ridge_alpha	100.0	"[{""alpha"":0.01,""inner_rmse"":1.4473834979362679},{""alpha"":0.1,""inner_rmse"":1.4465492637156758},{""alpha"":1.0,""inner_rmse"":1.4386031336778327},{""alpha"":10.0,""inner_rmse"":1.3871752011079594},{""alpha"":100.0,""inner_rmse"":1.3537128577126725},{""alpha"":1000.0,""inner_rmse"":1.41654473440301}]"	265	6	frozen_union_component
full	union_component_leave_one_out	component-03	ligand_ecfp_ridge	ridge_alpha	1000.0	"[{""alpha"":0.01,""inner_rmse"":1.594835485526005},{""alpha"":0.1,""inner_rmse"":1.5948543379571378},{""alpha"":1.0,""inner_rmse"":1.5949603443848248},{""alpha"":10.0,""inner_rmse"":1.5933061883878301},{""alpha"":100.0,""inner_rmse"":1.5702157036033852},{""alpha"":1000.0,""inner_rmse"":1.490687964745136}]"	265	6	frozen_union_component
full	union_component_leave_one_out	component-03	ligand_gmolai_ridge	ridge_alpha	1000.0	"[{""alpha"":0.01,""inner_rmse"":2.735612171699624},{""alpha"":0.1,""inner_rmse"":2.569692587361454},{""alpha"":1.0,""inner_rmse"":2.2825165909635774},{""alpha"":10.0,""inner_rmse"":1.9654663294764887},{""alpha"":100.0,""inner_rmse"":1.673007715549598},{""alpha"":1000.0,""inner_rmse"":1.4593973008563703}]"	265	6	frozen_union_component
full	union_component_leave_one_out	component-03	pocket_ridge_S0	ridge_alpha	1000.0	"[{""alpha"":0.01,""inner_rmse"":13.767874111291546},{""alpha"":0.1,""inner_rmse"":5.41146339783816},{""alpha"":1.0,""inner_rmse"":2.407597596478451},{""alpha"":10.0,""inner_rmse"":1.6790665788509704},{""alpha"":100.0,""inner_rmse"":1.4406633870259846},{""alpha"":1000.0,""inner_rmse"":1.378375508365922}]"	265	6	frozen_union_component
full	union_component_leave_one_out	component-03	pocket_ridge_S1	ridge_alpha	1000.0	"[{""alpha"":0.01,""inner_rmse"":3.73569934712181},{""alpha"":0.1,""inner_rmse"":3.3474633407553966},{""alpha"":1.0,""inner_rmse"":2.346531972095885},{""alpha"":10.0,""inner_rmse"":1.6732645650182818},{""alpha"":100.0,""inner_rmse"":1.4622888989153315},{""alpha"":1000.0,""inner_rmse"":1.3807612628793386}]"	265	6	frozen_union_component
full	union_component_leave_one_out	component-03	sequence_esm2_ridge	ridge_alpha	1000.0	"[{""alpha"":0.01,""inner_rmse"":6.820115717067543},{""alpha"":0.1,""inner_rmse"":6.036974279081827},{""alpha"":1.0,""inner_rmse"":3.8205188450833316},{""alpha"":10.0,""inner_rmse"":2.074141336357529},{""alpha"":100.0,""inner_rmse"":1.6604666966861206},{""alpha"":1000.0,""inner_rmse"":1.5330354533596935}]"	265	6	frozen_union_component
full	union_component_leave_one_out	component-03	ecfp_esm2_additive	ridge_alpha	1000.0	"[{""alpha"":0.01,""inner_rmse"":1.5875527225052282},{""alpha"":0.1,""inner_rmse"":1.5871265780387713},{""alpha"":1.0,""inner_rmse"":1.586932247233287},{""alpha"":10.0,""inner_rmse"":1.587068594400144},{""alpha"":100.0,""inner_rmse"":1.5703956545849829},{""alpha"":1000.0,""inner_rmse"":1.5039637169143647}]"	265	6	frozen_union_component
full	union_component_leave_one_out	component-03	gmolai_esm2_additive	ridge_alpha	1000.0	"[{""alpha"":0.01,""inner_rmse"":2.9946892769624425},{""alpha"":0.1,""inner_rmse"":2.6721222394440893},{""alpha"":1.0,""inner_rmse"":2.272678504253762},{""alpha"":10.0,""inner_rmse"":2.0009861028850726},{""alpha"":100.0,""inner_rmse"":1.7409437208596754},{""alpha"":1000.0,""inner_rmse"":1.5002154219707717}]"	265	6	frozen_union_component
full	union_component_leave_one_out	component-03	ecfp_pocket_additive_S1	ridge_alpha	1000.0	"[{""alpha"":0.01,""inner_rmse"":1.5263122080985636},{""alpha"":0.1,""inner_rmse"":1.526162390765933},{""alpha"":1.0,""inner_rmse"":1.5248354584043182},{""alpha"":10.0,""inner_rmse"":1.5172701476486556},{""alpha"":100.0,""inner_rmse"":1.4919851269986013},{""alpha"":1000.0,""inner_rmse"":1.4367272380553202}]"	265	6	frozen_union_component
full	union_component_leave_one_out	component-03	ecfp_pocket_tensor_S1	ridge_alpha	1000.0	"[{""alpha"":0.01,""inner_rmse"":1.5195804056697815},{""alpha"":0.1,""inner_rmse"":1.5194502493474629},{""alpha"":1.0,""inner_rmse"":1.5182679722774548},{""alpha"":10.0,""inner_rmse"":1.5109513342794674},{""alpha"":100.0,""inner_rmse"":1.4858639547698267},{""alpha"":1000.0,""inner_rmse"":1.4338660298174488}]"	265	6	frozen_union_component
full	union_component_leave_one_out	component-03	ecfp_esm2_pocket_additive_S1	ridge_alpha	1000.0	"[{""alpha"":0.01,""inner_rmse"":1.5394511829121051},{""alpha"":0.1,""inner_rmse"":1.539476633252055},{""alpha"":1.0,""inner_rmse"":1.5395988817188007},{""alpha"":10.0,""inner_rmse"":1.5373349857627998},{""alpha"":100.0,""inner_rmse"":1.5186542472967126},{""alpha"":1000.0,""inner_rmse"":1.4642330452616972}]"	265	6	frozen_union_component
full	union_component_leave_one_out	component-03	ecfp_esm2_pocket_tensor_S1	ridge_alpha	1000.0	"[{""alpha"":0.01,""inner_rmse"":1.5371251923012508},{""alpha"":0.1,""inner_rmse"":1.5371511609176989},{""alpha"":1.0,""inner_rmse"":1.537277960492159},{""alpha"":10.0,""inner_rmse"":1.5350241193455971},{""alpha"":100.0,""inner_rmse"":1.516339080175227},{""alpha"":1000.0,""inner_rmse"":1.4628876210726218}]"	265	6	frozen_union_component
full	union_component_leave_one_out	component-03	ecfp_esm2_permuted_pocket_tensor_S1	ridge_alpha	1000.0	"[{""alpha"":0.01,""inner_rmse"":1.5756131291862188},{""alpha"":0.1,""inner_rmse"":1.5756244456048671},{""alpha"":1.0,""inner_rmse"":1.575678410691836},{""alpha"":10.0,""inner_rmse"":1.574203886215345},{""alpha"":100.0,""inner_rmse"":1.5591993573667553},{""alpha"":1000.0,""inner_rmse"":1.5013671301657339}]"	265	6	frozen_union_component
full	union_component_leave_one_out	component-03	gmolai_esm2_pocket_additive_S1	ridge_alpha	1000.0	"[{""alpha"":0.01,""inner_rmse"":2.8468159218756472},{""alpha"":0.1,""inner_rmse"":2.6004346918699364},{""alpha"":1.0,""inner_rmse"":2.2665661598631894},{""alpha"":10.0,""inner_rmse"":1.9566498800724108},{""alpha"":100.0,""inner_rmse"":1.672482978934219},{""alpha"":1000.0,""inner_rmse"":1.4605459284229507}]"	265	6	frozen_union_component
full	union_component_leave_one_out	component-03	gmolai_esm2_pocket_tensor_S1	ridge_alpha	1000.0	"[{""alpha"":0.01,""inner_rmse"":2.52902239479846},{""alpha"":0.1,""inner_rmse"":2.3738841797139703},{""alpha"":1.0,""inner_rmse"":2.0963185389534065},{""alpha"":10.0,""inner_rmse"":1.8907611960802764},{""alpha"":100.0,""inner_rmse"":1.661498591893458},{""alpha"":1000.0,""inner_rmse"":1.46211171511098}]"	265	6	frozen_union_component
full	union_component_leave_one_out	component-03	ecfp_esm2_pocket_additive_S0	ridge_alpha	1000.0	"[{""alpha"":0.01,""inner_rmse"":1.8650056631383374},{""alpha"":0.1,""inner_rmse"":1.7199414910096769},{""alpha"":1.0,""inner_rmse"":1.5710691498965594},{""alpha"":10.0,""inner_rmse"":1.5436861100807033},{""alpha"":100.0,""inner_rmse"":1.5234464423347684},{""alpha"":1000.0,""inner_rmse"":1.467646260020958}]"	265	6	frozen_union_component
full	union_component_leave_one_out	component-03	ecfp_esm2_pocket_tensor_S0	ridge_alpha	1000.0	"[{""alpha"":0.01,""inner_rmse"":1.8695267381287866},{""alpha"":0.1,""inner_rmse"":1.7208369781749608},{""alpha"":1.0,""inner_rmse"":1.5716887762745662},{""alpha"":10.0,""inner_rmse"":1.5418963955370375},{""alpha"":100.0,""inner_rmse"":1.5213011111709203},{""alpha"":1000.0,""inner_rmse"":1.4665361084280826}]"	265	6	frozen_union_component
full	union_component_leave_one_out	component-03	ligand_ecfp_knn	knn_k	5	"[{""inner_rmse"":2.1406031996506543,""k"":1},{""inner_rmse"":1.7818292491672152,""k"":3},{""inner_rmse"":1.63560880906554,""k"":5}]"	265	6	frozen_union_component
full	union_component_leave_one_out	component-03	ligand_gmolai_knn	knn_k	5	"[{""inner_rmse"":1.976346297224904,""k"":1},{""inner_rmse"":1.7696302974148879,""k"":3},{""inner_rmse"":1.702615202016925,""k"":5}]"	265	6	frozen_union_component
full	union_component_leave_one_out	component-03	sequence_identity_target_knn	knn_k	5	"[{""inner_rmse"":1.6238611613500353,""k"":1},{""inner_rmse"":1.6041774506036053,""k"":3},{""inner_rmse"":1.5632048507341998,""k"":5}]"	265	6	frozen_union_component
full	union_component_leave_one_out	component-03	esm2_cosine_target_knn	knn_k	5	"[{""inner_rmse"":1.8711710357263545,""k"":1},{""inner_rmse"":1.6223255699630805,""k"":3},{""inner_rmse"":1.5933420087123287,""k"":5}]"	265	6	frozen_union_component
full	union_component_leave_one_out	component-03	structure_global_usalign_target_knn_S1	knn_k	3	"[{""inner_rmse"":1.7796350178628477,""k"":1},{""inner_rmse"":1.5813447024390888,""k"":3},{""inner_rmse"":1.583137984893685,""k"":5}]"	265	6	frozen_union_component
full	union_component_leave_one_out	component-03	structure_pocket_usalign_target_knn_S1	knn_k	5	"[{""inner_rmse"":1.8225389001802565,""k"":1},{""inner_rmse"":1.5802566555291349,""k"":3},{""inner_rmse"":1.5198865983391925,""k"":5}]"	265	6	frozen_union_component
full	union_component_leave_one_out	component-03	pocket_descriptor_target_knn_S1	knn_k	5	"[{""inner_rmse"":1.9906738484575888,""k"":1},{""inner_rmse"":1.6485756587979947,""k"":3},{""inner_rmse"":1.5522148561090732,""k"":5}]"	265	6	frozen_union_component
full	union_component_leave_one_out	component-04	nuisance_ridge	ridge_alpha	100.0	"[{""alpha"":0.01,""inner_rmse"":1.4733164804173182},{""alpha"":0.1,""inner_rmse"":1.472398521931274},{""alpha"":1.0,""inner_rmse"":1.4635942569598486},{""alpha"":10.0,""inner_rmse"":1.4032660522801388},{""alpha"":100.0,""inner_rmse"":1.346192930772598},{""alpha"":1000.0,""inner_rmse"":1.418786973764451}]"	270	1	frozen_union_component
full	union_component_leave_one_out	component-04	ligand_ecfp_ridge	ridge_alpha	1000.0	"[{""alpha"":0.01,""inner_rmse"":1.60508283029193},{""alpha"":0.1,""inner_rmse"":1.6050845284204402},{""alpha"":1.0,""inner_rmse"":1.6050854608158889},{""alpha"":10.0,""inner_rmse"":1.6039380414488629},{""alpha"":100.0,""inner_rmse"":1.5838202961593608},{""alpha"":1000.0,""inner_rmse"":1.4977694941862547}]"	270	1	frozen_union_component
full	union_component_leave_one_out	component-04	ligand_gmolai_ridge	ridge_alpha	1000.0	"[{""alpha"":0.01,""inner_rmse"":2.857044681189616},{""alpha"":0.1,""inner_rmse"":2.5420228179367554},{""alpha"":1.0,""inner_rmse"":2.157841703037794},{""alpha"":10.0,""inner_rmse"":1.8949719253749837},{""alpha"":100.0,""inner_rmse"":1.663657156051123},{""alpha"":1000.0,""inner_rmse"":1.4332083810777154}]"	270	1	frozen_union_component
full	union_component_leave_one_out	component-04	pocket_ridge_S0	ridge_alpha	1000.0	"[{""alpha"":0.01,""inner_rmse"":4.884084766487096},{""alpha"":0.1,""inner_rmse"":3.4654618633337},{""alpha"":1.0,""inner_rmse"":2.166769664250254},{""alpha"":10.0,""inner_rmse"":1.631556951051009},{""alpha"":100.0,""inner_rmse"":1.4108420644552362},{""alpha"":1000.0,""inner_rmse"":1.3697914790569181}]"	270	1	frozen_union_component
full	union_component_leave_one_out	component-04	pocket_ridge_S1	ridge_alpha	1000.0	"[{""alpha"":0.01,""inner_rmse"":3.5381411478805416},{""alpha"":0.1,""inner_rmse"":3.201502568039535},{""alpha"":1.0,""inner_rmse"":2.33570676350861},{""alpha"":10.0,""inner_rmse"":1.6636779034520817},{""alpha"":100.0,""inner_rmse"":1.4093294989549154},{""alpha"":1000.0,""inner_rmse"":1.3684989782167005}]"	270	1	frozen_union_component
full	union_component_leave_one_out	component-04	sequence_esm2_ridge	ridge_alpha	1000.0	"[{""alpha"":0.01,""inner_rmse"":7.999426324188388},{""alpha"":0.1,""inner_rmse"":7.271058332925316},{""alpha"":1.0,""inner_rmse"":4.897930966116976},{""alpha"":10.0,""inner_rmse"":2.8662232509070202},{""alpha"":100.0,""inner_rmse"":1.8821389257601189},{""alpha"":1000.0,""inner_rmse"":1.6021464750559016}]"	270	1	frozen_union_component
full	union_component_leave_one_out	component-04	ecfp_esm2_additive	ridge_alpha	1000.0	"[{""alpha"":0.01,""inner_rmse"":1.5825374753959454},{""alpha"":0.1,""inner_rmse"":1.5821342078527718},{""alpha"":1.0,""inner_rmse"":1.581794554810145},{""alpha"":10.0,""inner_rmse"":1.5837218187035094},{""alpha"":100.0,""inner_rmse"":1.5796604342374365},{""alpha"":1000.0,""inner_rmse"":1.5227719241691449}]"	270	1	frozen_union_component
full	union_component_leave_one_out	component-04	gmolai_esm2_additive	ridge_alpha	1000.0	"[{""alpha"":0.01,""inner_rmse"":3.1099333101840405},{""alpha"":0.1,""inner_rmse"":2.7521507177697297},{""alpha"":1.0,""inner_rmse"":2.3082687360596448},{""alpha"":10.0,""inner_rmse"":2.072899006197829},{""alpha"":100.0,""inner_rmse"":1.7737030587966123},{""alpha"":1000.0,""inner_rmse"":1.5058770159443144}]"	270	1	frozen_union_component
full	union_component_leave_one_out	component-04	ecfp_pocket_additive_S1	ridge_alpha	1000.0	"[{""alpha"":0.01,""inner_rmse"":1.5163076456831217},{""alpha"":0.1,""inner_rmse"":1.5161798337230723},{""alpha"":1.0,""inner_rmse"":1.5150829303973161},{""alpha"":10.0,""inner_rmse"":1.5092733679664454},{""alpha"":100.0,""inner_rmse"":1.4883418699717499},{""alpha"":1000.0,""inner_rmse"":1.4345066750970237}]"	270	1	frozen_union_component
full	union_component_leave_one_out	component-04	ecfp_pocket_tensor_S1	ridge_alpha	1000.0	"[{""alpha"":0.01,""inner_rmse"":1.5119605520604493},{""alpha"":0.1,""inner_rmse"":1.511866969329613},{""alpha"":1.0,""inner_rmse"":1.511021289723666},{""alpha"":10.0,""inner_rmse"":1.505610469775894},{""alpha"":100.0,""inner_rmse"":1.4846227053989762},{""alpha"":1000.0,""inner_rmse"":1.4326584729502738}]"	270	1	frozen_union_component
full	union_component_leave_one_out	component-04	ecfp_esm2_pocket_additive_S1	ridge_alpha	1000.0	"[{""alpha"":0.01,""inner_rmse"":1.518453923643631},{""alpha"":0.1,""inner_rmse"":1.5184600500300878},{""alpha"":1.0,""inner_rmse"":1.5185020575444514},{""alpha"":10.0,""inner_rmse"":1.518163818947682},{""alpha"":100.0,""inner_rmse"":1.511734293962343},{""alpha"":1000.0,""inner_rmse"":1.4731969324622813}]"	270	1	frozen_union_component
full	union_component_leave_one_out	component-04	ecfp_esm2_pocket_tensor_S1	ridge_alpha	1000.0	"[{""alpha"":0.01,""inner_rmse"":1.5154554585725872},{""alpha"":0.1,""inner_rmse"":1.5154553980494143},{""alpha"":1.0,""inner_rmse"":1.515444405345678},{""alpha"":10.0,""inner_rmse"":1.5148679912280199},{""alpha"":100.0,""inner_rmse"":1.5081443773465286},{""alpha"":1000.0,""inner_rmse"":1.470764225723694}]"	270	1	frozen_union_component
full	union_component_leave_one_out	component-04	ecfp_esm2_permuted_pocket_tensor_S1	ridge_alpha	1000.0	"[{""alpha"":0.01,""inner_rmse"":1.5696797164226406},{""alpha"":0.1,""inner_rmse"":1.5696816932884639},{""alpha"":1.0,""inner_rmse"":1.5697576536434665},{""alpha"":10.0,""inner_rmse"":1.5711702423210656},{""alpha"":100.0,""inner_rmse"":1.5709210575548154},{""alpha"":1000.0,""inner_rmse"":1.5227656590809409}]"	270	1	frozen_union_component
full	union_component_leave_one_out	component-04	gmolai_esm2_pocket_additive_S1	ridge_alpha	1000.0	"[{""alpha"":0.01,""inner_rmse"":2.967006762807864},{""alpha"":0.1,""inner_rmse"":2.6647778938510798},{""alpha"":1.0,""inner_rmse"":2.236766228824571},{""alpha"":10.0,""inner_rmse"":1.903088748503894},{""alpha"":100.0,""inner_rmse"":1.6492689147331139},{""alpha"":1000.0,""inner_rmse"":1.454213318103896}]"	270	1	frozen_union_component
full	union_component_leave_one_out	component-04	gmolai_esm2_pocket_tensor_S1	ridge_alpha	1000.0	"[{""alpha"":0.01,""inner_rmse"":2.395141099448784},{""alpha"":0.1,""inner_rmse"":2.2733453186679613},{""alpha"":1.0,""inner_rmse"":2.0201002736358666},{""alpha"":10.0,""inner_rmse"":1.8186691168090299},{""alpha"":100.0,""inner_rmse"":1.6369653150784296},{""alpha"":1000.0,""inner_rmse"":1.4543097295780045}]"	270	1	frozen_union_component
full	union_component_leave_one_out	component-04	ecfp_esm2_pocket_additive_S0	ridge_alpha	1000.0	"[{""alpha"":0.01,""inner_rmse"":1.8114250473753395},{""alpha"":0.1,""inner_rmse"":1.675869782492915},{""alpha"":1.0,""inner_rmse"":1.5409047010356032},{""alpha"":10.0,""inner_rmse"":1.5216173696859765},{""alpha"":100.0,""inner_rmse"":1.515645490464466},{""alpha"":1000.0,""inner_rmse"":1.4763994423026263}]"	270	1	frozen_union_component
full	union_component_leave_one_out	component-04	ecfp_esm2_pocket_tensor_S0	ridge_alpha	1000.0	"[{""alpha"":0.01,""inner_rmse"":1.796004459122811},{""alpha"":0.1,""inner_rmse"":1.666576764101927},{""alpha"":1.0,""inner_rmse"":1.5378781890787556},{""alpha"":10.0,""inner_rmse"":1.5187405463120347},{""alpha"":100.0,""inner_rmse"":1.5124028128832396},{""alpha"":1000.0,""inner_rmse"":1.4742853375319447}]"	270	1	frozen_union_component
full	union_component_leave_one_out	component-04	ligand_ecfp_knn	knn_k	5	"[{""inner_rmse"":2.180321883465376,""k"":1},{""inner_rmse"":1.8342966917941783,""k"":3},{""inner_rmse"":1.6649465452050376,""k"":5}]"	270	1	frozen_union_component
full	union_component_leave_one_out	component-04	ligand_gmolai_knn	knn_k	5	"[{""inner_rmse"":2.008185083213246,""k"":1},{""inner_rmse"":1.7523759692965322,""k"":3},{""inner_rmse"":1.6980925058510612,""k"":5}]"	270	1	frozen_union_component
full	union_component_leave_one_out	component-04	sequence_identity_target_knn	knn_k	5	"[{""inner_rmse"":1.6838531858948946,""k"":1},{""inner_rmse"":1.59846175305479,""k"":3},{""inner_rmse"":1.5515542817786627,""k"":5}]"	270	1	frozen_union_component
full	union_component_leave_one_out	component-04	esm2_cosine_target_knn	knn_k	5	"[{""inner_rmse"":2.1397569024264174,""k"":1},{""inner_rmse"":1.5748097682306264,""k"":3},{""inner_rmse"":1.558785560488079,""k"":5}]"	270	1	frozen_union_component
full	union_component_leave_one_out	component-04	structure_global_usalign_target_knn_S1	knn_k	5	"[{""inner_rmse"":1.7854178939900693,""k"":1},{""inner_rmse"":1.569099661764852,""k"":3},{""inner_rmse"":1.5562154788252063,""k"":5}]"	270	1	frozen_union_component
full	union_component_leave_one_out	component-04	structure_pocket_usalign_target_knn_S1	knn_k	5	"[{""inner_rmse"":1.880976670323662,""k"":1},{""inner_rmse"":1.6117393435942142,""k"":3},{""inner_rmse"":1.5623083744200834,""k"":5}]"	270	1	frozen_union_component
full	union_component_leave_one_out	component-04	pocket_descriptor_target_knn_S1	knn_k	5	"[{""inner_rmse"":1.8903838343772494,""k"":1},{""inner_rmse"":1.5946373679232937,""k"":3},{""inner_rmse"":1.523726840195986,""k"":5}]"	270	1	frozen_union_component
full	union_component_leave_one_out	component-05	nuisance_ridge	ridge_alpha	100.0	"[{""alpha"":0.01,""inner_rmse"":1.5602302258596341},{""alpha"":0.1,""inner_rmse"":1.558686889456085},{""alpha"":1.0,""inner_rmse"":1.5439414389860984},{""alpha"":10.0,""inner_rmse"":1.445704469215885},{""alpha"":100.0,""inner_rmse"":1.349287105484227},{""alpha"":1000.0,""inner_rmse"":1.4246222840349112}]"	269	2	frozen_union_component
full	union_component_leave_one_out	component-05	ligand_ecfp_ridge	ridge_alpha	1000.0	"[{""alpha"":0.01,""inner_rmse"":1.575867224586814},{""alpha"":0.1,""inner_rmse"":1.5758765108127817},{""alpha"":1.0,""inner_rmse"":1.5759410686379012},{""alpha"":10.0,""inner_rmse"":1.5751034022307029},{""alpha"":100.0,""inner_rmse"":1.557901277799643},{""alpha"":1000.0,""inner_rmse"":1.4901930376432548}]"	269	2	frozen_union_component
full	union_component_leave_one_out	component-05	ligand_gmolai_ridge	ridge_alpha	1000.0	"[{""alpha"":0.01,""inner_rmse"":2.6489573222494602},{""alpha"":0.1,""inner_rmse"":2.4554973592286076},{""alpha"":1.0,""inner_rmse"":2.1198447405822494},{""alpha"":10.0,""inner_rmse"":1.8462098533629896},{""alpha"":100.0,""inner_rmse"":1.623013744018616},{""alpha"":1000.0,""inner_rmse"":1.4293428194632556}]"	269	2	frozen_union_component
full	union_component_leave_one_out	component-05	pocket_ridge_S0	ridge_alpha	1000.0	"[{""alpha"":0.01,""inner_rmse"":4.617685625150783},{""alpha"":0.1,""inner_rmse"":3.2813877317168507},{""alpha"":1.0,""inner_rmse"":2.0726211840780064},{""alpha"":10.0,""inner_rmse"":1.5975210988546256},{""alpha"":100.0,""inner_rmse"":1.408380142702297},{""alpha"":1000.0,""inner_rmse"":1.3800122540441337}]"	269	2	frozen_union_component
full	union_component_leave_one_out	component-05	pocket_ridge_S1	ridge_alpha	1000.0	"[{""alpha"":0.01,""inner_rmse"":3.6844417032239134},{""alpha"":0.1,""inner_rmse"":3.26886839561904},{""alpha"":1.0,""inner_rmse"":2.3495164907655863},{""alpha"":10.0,""inner_rmse"":1.6485452181917803},{""alpha"":100.0,""inner_rmse"":1.4112665766791304},{""alpha"":1000.0,""inner_rmse"":1.3794728977995703}]"	269	2	frozen_union_component
full	union_component_leave_one_out	component-05	sequence_esm2_ridge	ridge_alpha	1000.0	"[{""alpha"":0.01,""inner_rmse"":8.213401981908845},{""alpha"":0.1,""inner_rmse"":7.462561018838725},{""alpha"":1.0,""inner_rmse"":5.021142521161416},{""alpha"":10.0,""inner_rmse"":2.9679479027717233},{""alpha"":100.0,""inner_rmse"":1.9461864873676422},{""alpha"":1000.0,""inner_rmse"":1.6202530784229923}]"	269	2	frozen_union_component
full	union_component_leave_one_out	component-05	ecfp_esm2_additive	ridge_alpha	1000.0	"[{""alpha"":0.01,""inner_rmse"":1.5735213334180222},{""alpha"":0.1,""inner_rmse"":1.5728931510751316},{""alpha"":1.0,""inner_rmse"":1.5724005409192583},{""alpha"":10.0,""inner_rmse"":1.5751838883999707},{""alpha"":100.0,""inner_rmse"":1.5737676555500255},{""alpha"":1000.0,""inner_rmse"":1.5260853220567414}]"	269	2	frozen_union_component
full	union_component_leave_one_out	component-05	gmolai_esm2_additive	ridge_alpha	1000.0	"[{""alpha"":0.01,""inner_rmse"":3.038200371518726},{""alpha"":0.1,""inner_rmse"":2.7359110868484287},{""alpha"":1.0,""inner_rmse"":2.4068257361937735},{""alpha"":10.0,""inner_rmse"":2.1621258988482097},{""alpha"":100.0,""inner_rmse"":1.7876412891289513},{""alpha"":1000.0,""inner_rmse"":1.5032939937651404}]"	269	2	frozen_union_component
full	union_component_leave_one_out	component-05	ecfp_pocket_additive_S1	ridge_alpha	1000.0	"[{""alpha"":0.01,""inner_rmse"":1.4959990267795502},{""alpha"":0.1,""inner_rmse"":1.495804480386559},{""alpha"":1.0,""inner_rmse"":1.4941191034992065},{""alpha"":10.0,""inner_rmse"":1.4857266444463948},{""alpha"":100.0,""inner_rmse"":1.4643473791216075},{""alpha"":1000.0,""inner_rmse"":1.428091100500829}]"	269	2	frozen_union_component
full	union_component_leave_one_out	component-05	ecfp_pocket_tensor_S1	ridge_alpha	1000.0	"[{""alpha"":0.01,""inner_rmse"":1.492050871026774},{""alpha"":0.1,""inner_rmse"":1.4918912434727771},{""alpha"":1.0,""inner_rmse"":1.4904742811001503},{""alpha"":10.0,""inner_rmse"":1.4826885706718547},{""alpha"":100.0,""inner_rmse"":1.4615054970375827},{""alpha"":1000.0,""inner_rmse"":1.426774707722543}]"	269	2	frozen_union_component
full	union_component_leave_one_out	component-05	ecfp_esm2_pocket_additive_S1	ridge_alpha	1000.0	"[{""alpha"":0.01,""inner_rmse"":1.5095696394023446},{""alpha"":0.1,""inner_rmse"":1.5095914779080644},{""alpha"":1.0,""inner_rmse"":1.5097705023042962},{""alpha"":10.0,""inner_rmse"":1.5100783005289382},{""alpha"":100.0,""inner_rmse"":1.5058124869081222},{""alpha"":1000.0,""inner_rmse"":1.47682837805087}]"	269	2	frozen_union_component
full	union_component_leave_one_out	component-05	ecfp_esm2_pocket_tensor_S1	ridge_alpha	1000.0	"[{""alpha"":0.01,""inner_rmse"":1.5069125285627853},{""alpha"":0.1,""inner_rmse"":1.506923164922181},{""alpha"":1.0,""inner_rmse"":1.5070067804370442},{""alpha"":10.0,""inner_rmse"":1.506918449368035},{""alpha"":100.0,""inner_rmse"":1.5023088609974877},{""alpha"":1000.0,""inner_rmse"":1.4745882185803822}]"	269	2	frozen_union_component
full	union_component_leave_one_out	component-05	ecfp_esm2_permuted_pocket_tensor_S1	ridge_alpha	1000.0	"[{""alpha"":0.01,""inner_rmse"":1.5597512325923049},{""alpha"":0.1,""inner_rmse"":1.5597708857577393},{""alpha"":1.0,""inner_rmse"":1.55999625060071},{""alpha"":10.0,""inner_rmse"":1.5620121240804672},{""alpha"":100.0,""inner_rmse"":1.5636654503253613},{""alpha"":1000.0,""inner_rmse"":1.5252265127772977}]"	269	2	frozen_union_component
full	union_component_leave_one_out	component-05	gmolai_esm2_pocket_additive_S1	ridge_alpha	1000.0	"[{""alpha"":0.01,""inner_rmse"":2.973985569234529},{""alpha"":0.1,""inner_rmse"":2.665011848666446},{""alpha"":1.0,""inner_rmse"":2.29279586567562},{""alpha"":10.0,""inner_rmse"":1.984027402345572},{""alpha"":100.0,""inner_rmse"":1.6769179857128902},{""alpha"":1000.0,""inner_rmse"":1.4548450611024708}]"	269	2	frozen_union_component
full	union_component_leave_one_out	component-05	gmolai_esm2_pocket_tensor_S1	ridge_alpha	1000.0	"[{""alpha"":0.01,""inner_rmse"":2.299406212651462},{""alpha"":0.1,""inner_rmse"":2.1923324002427464},{""alpha"":1.0,""inner_rmse"":2.0262984183552537},{""alpha"":10.0,""inner_rmse"":1.889547992466465},{""alpha"":100.0,""inner_rmse"":1.6600707723943864},{""alpha"":1000.0,""inner_rmse"":1.452947651909831}]"	269	2	frozen_union_component
full	union_component_leave_one_out	component-05	ecfp_esm2_pocket_additive_S0	ridge_alpha	1000.0	"[{""alpha"":0.01,""inner_rmse"":1.8213659812388188},{""alpha"":0.1,""inner_rmse"":1.6906270383773048},{""alpha"":1.0,""inner_rmse"":1.5417785284968537},{""alpha"":10.0,""inner_rmse"":1.5137415952231523},{""alpha"":100.0,""inner_rmse"":1.5086534163206806},{""alpha"":1000.0,""inner_rmse"":1.4792710666048423}]"	269	2	frozen_union_component
full	union_component_leave_one_out	component-05	ecfp_esm2_pocket_tensor_S0	ridge_alpha	1000.0	"[{""alpha"":0.01,""inner_rmse"":1.8086582758064829},{""alpha"":0.1,""inner_rmse"":1.6816181881038015},{""alpha"":1.0,""inner_rmse"":1.539049691990357},{""alpha"":10.0,""inner_rmse"":1.5116184167127156},{""alpha"":100.0,""inner_rmse"":1.5059605322799299},{""alpha"":1000.0,""inner_rmse"":1.4775561850029824}]"	269	2	frozen_union_component
full	union_component_leave_one_out	component-05	ligand_ecfp_knn	knn_k	5	"[{""inner_rmse"":2.195637241845367,""k"":1},{""inner_rmse"":1.8400837571052902,""k"":3},{""inner_rmse"":1.6642447335444346,""k"":5}]"	269	2	frozen_union_component
full	union_component_leave_one_out	component-05	ligand_gmolai_knn	knn_k	5	"[{""inner_rmse"":1.9696070920084763,""k"":1},{""inner_rmse"":1.7501322584844403,""k"":3},{""inner_rmse"":1.6936197207455703,""k"":5}]"	269	2	frozen_union_component
full	union_component_leave_one_out	component-05	sequence_identity_target_knn	knn_k	5	"[{""inner_rmse"":1.7086877292351097,""k"":1},{""inner_rmse"":1.6335809954489755,""k"":3},{""inner_rmse"":1.5627719891997403,""k"":5}]"	269	2	frozen_union_component
full	union_component_leave_one_out	component-05	esm2_cosine_target_knn	knn_k	5	"[{""inner_rmse"":2.1605969063358565,""k"":1},{""inner_rmse"":1.6034117761564817,""k"":3},{""inner_rmse"":1.5684067767655647,""k"":5}]"	269	2	frozen_union_component
full	union_component_leave_one_out	component-05	structure_global_usalign_target_knn_S1	knn_k	5	"[{""inner_rmse"":1.7873876693518498,""k"":1},{""inner_rmse"":1.5722131133460624,""k"":3},{""inner_rmse"":1.5625728296181063,""k"":5}]"	269	2	frozen_union_component
full	union_component_leave_one_out	component-05	structure_pocket_usalign_target_knn_S1	knn_k	5	"[{""inner_rmse"":2.0353795352243664,""k"":1},{""inner_rmse"":1.6430147828137953,""k"":3},{""inner_rmse"":1.5544180434672266,""k"":5}]"	269	2	frozen_union_component
full	union_component_leave_one_out	component-05	pocket_descriptor_target_knn_S1	knn_k	5	"[{""inner_rmse"":1.9926372846781937,""k"":1},{""inner_rmse"":1.6453699825079837,""k"":3},{""inner_rmse"":1.5409556932463235,""k"":5}]"	269	2	frozen_union_component
full	union_component_leave_one_out	component-06	nuisance_ridge	ridge_alpha	100.0	"[{""alpha"":0.01,""inner_rmse"":1.503058030985452},{""alpha"":0.1,""inner_rmse"":1.5018871896893762},{""alpha"":1.0,""inner_rmse"":1.490732647523991},{""alpha"":10.0,""inner_rmse"":1.4180493891195354},{""alpha"":100.0,""inner_rmse"":1.357586531123029},{""alpha"":1000.0,""inner_rmse"":1.4277634395458336}]"	265	6	frozen_union_component
full	union_component_leave_one_out	component-06	ligand_ecfp_ridge	ridge_alpha	1000.0	"[{""alpha"":0.01,""inner_rmse"":1.6004976996160891},{""alpha"":0.1,""inner_rmse"":1.6005115264786414},{""alpha"":1.0,""inner_rmse"":1.6006179377528753},{""alpha"":10.0,""inner_rmse"":1.6001724817033849},{""alpha"":100.0,""inner_rmse"":1.584507787092154},{""alpha"":1000.0,""inner_rmse"":1.5090344389112147}]"	265	6	frozen_union_component
full	union_component_leave_one_out	component-06	ligand_gmolai_ridge	ridge_alpha	1000.0	"[{""alpha"":0.01,""inner_rmse"":2.6569406227012826},{""alpha"":0.1,""inner_rmse"":2.4014017660718316},{""alpha"":1.0,""inner_rmse"":2.1473512235308827},{""alpha"":10.0,""inner_rmse"":1.9221315033418946},{""alpha"":100.0,""inner_rmse"":1.6694774534003247},{""alpha"":1000.0,""inner_rmse"":1.4462295892941737}]"	265	6	frozen_union_component
full	union_component_leave_one_out	component-06	pocket_ridge_S0	ridge_alpha	1000.0	"[{""alpha"":0.01,""inner_rmse"":4.346938295337716},{""alpha"":0.1,""inner_rmse"":3.3521852563644288},{""alpha"":1.0,""inner_rmse"":2.111221319771785},{""alpha"":10.0,""inner_rmse"":1.5820442525364748},{""alpha"":100.0,""inner_rmse"":1.4054769597251489},{""alpha"":1000.0,""inner_rmse"":1.38231944294853}]"	265	6	frozen_union_component
full	union_component_leave_one_out	component-06	pocket_ridge_S1	ridge_alpha	1000.0	"[{""alpha"":0.01,""inner_rmse"":3.582373649918591},{""alpha"":0.1,""inner_rmse"":3.0642917147657602},{""alpha"":1.0,""inner_rmse"":2.075904608403532},{""alpha"":10.0,""inner_rmse"":1.641746058976195},{""alpha"":100.0,""inner_rmse"":1.4158873740340165},{""alpha"":1000.0,""inner_rmse"":1.381845747115394}]"	265	6	frozen_union_component
full	union_component_leave_one_out	component-06	sequence_esm2_ridge	ridge_alpha	1000.0	"[{""alpha"":0.01,""inner_rmse"":8.356891194628021},{""alpha"":0.1,""inner_rmse"":7.510592883037201},{""alpha"":1.0,""inner_rmse"":5.062384512584555},{""alpha"":10.0,""inner_rmse"":3.05804818897935},{""alpha"":100.0,""inner_rmse"":2.000966233876889},{""alpha"":1000.0,""inner_rmse"":1.6415257152158975}]"	265	6	frozen_union_component
full	union_component_leave_one_out	component-06	ecfp_esm2_additive	ridge_alpha	1000.0	"[{""alpha"":0.01,""inner_rmse"":1.5976407204246947},{""alpha"":0.1,""inner_rmse"":1.596909767778985},{""alpha"":1.0,""inner_rmse"":1.5962306084874336},{""alpha"":10.0,""inner_rmse"":1.5988317441412274},{""alpha"":100.0,""inner_rmse"":1.597438578394848},{""alpha"":1000.0,""inner_rmse"":1.5420092391957805}]"	265	6	frozen_union_component
full	union_component_leave_one_out	component-06	gmolai_esm2_additive	ridge_alpha	1000.0	"[{""alpha"":0.01,""inner_rmse"":2.941024452187859},{""alpha"":0.1,""inner_rmse"":2.6140290679155433},{""alpha"":1.0,""inner_rmse"":2.3437319239888943},{""alpha"":10.0,""inner_rmse"":2.2260585574103735},{""alpha"":100.0,""inner_rmse"":1.9097733985964602},{""alpha"":1000.0,""inner_rmse"":1.5543373736112616}]"	265	6	frozen_union_component
full	union_component_leave_one_out	component-06	ecfp_pocket_additive_S1	ridge_alpha	1000.0	"[{""alpha"":0.01,""inner_rmse"":1.5200396272476222},{""alpha"":0.1,""inner_rmse"":1.5199108430436412},{""alpha"":1.0,""inner_rmse"":1.5187959775021096},{""alpha"":10.0,""inner_rmse"":1.5129765852302237},{""alpha"":100.0,""inner_rmse"":1.494823487231697},{""alpha"":1000.0,""inner_rmse"":1.4488350317455836}]"	265	6	frozen_union_component
full	union_component_leave_one_out	component-06	ecfp_pocket_tensor_S1	ridge_alpha	1000.0	"[{""alpha"":0.01,""inner_rmse"":1.5182454840994024},{""alpha"":0.1,""inner_rmse"":1.5181402250916889},{""alpha"":1.0,""inner_rmse"":1.5171986475843282},{""alpha"":10.0,""inner_rmse"":1.511662250891543},{""alpha"":100.0,""inner_rmse"":1.4933824003015688},{""alpha"":1000.0,""inner_rmse"":1.4483815722778168}]"	265	6	frozen_union_component
full	union_component_leave_one_out	component-06	ecfp_esm2_pocket_additive_S1	ridge_alpha	1000.0	"[{""alpha"":0.01,""inner_rmse"":1.5420638080705673},{""alpha"":0.1,""inner_rmse"":1.5420952733237758},{""alpha"":1.0,""inner_rmse"":1.5423488442883952},{""alpha"":10.0,""inner_rmse"":1.542920509969479},{""alpha"":100.0,""inner_rmse"":1.5394584132067608},{""alpha"":1000.0,""inner_rmse"":1.4987348873919017}]"	265	6	frozen_union_component
full	union_component_leave_one_out	component-06	ecfp_esm2_pocket_tensor_S1	ridge_alpha	1000.0	"[{""alpha"":0.01,""inner_rmse"":1.5375480574468796},{""alpha"":0.1,""inner_rmse"":1.5375787070656788},{""alpha"":1.0,""inner_rmse"":1.5378225501410367},{""alpha"":10.0,""inner_rmse"":1.5382880823479008},{""alpha"":100.0,""inner_rmse"":1.5345769342620692},{""alpha"":1000.0,""inner_rmse"":1.4954818504404952}]"	265	6	frozen_union_component
full	union_component_leave_one_out	component-06	ecfp_esm2_permuted_pocket_tensor_S1	ridge_alpha	1000.0	"[{""alpha"":0.01,""inner_rmse"":1.5875273045692162},{""alpha"":0.1,""inner_rmse"":1.587550676639475},{""alpha"":1.0,""inner_rmse"":1.5877828433212047},{""alpha"":10.0,""inner_rmse"":1.5892857518954704},{""alpha"":100.0,""inner_rmse"":1.589286633610636},{""alpha"":1000.0,""inner_rmse"":1.5418472155097485}]"	265	6	frozen_union_component
full	union_component_leave_one_out	component-06	gmolai_esm2_pocket_additive_S1	ridge_alpha	1000.0	"[{""alpha"":0.01,""inner_rmse"":2.7824624182098536},{""alpha"":0.1,""inner_rmse"":2.5074448862477356},{""alpha"":1.0,""inner_rmse"":2.202975605668347},{""alpha"":10.0,""inner_rmse"":2.0044937616733947},{""alpha"":100.0,""inner_rmse"":1.7817416337374556},{""alpha"":1000.0,""inner_rmse"":1.5074399427853493}]"	265	6	frozen_union_component
full	union_component_leave_one_out	component-06	gmolai_esm2_pocket_tensor_S1	ridge_alpha	1000.0	"[{""alpha"":0.01,""inner_rmse"":2.6524545727685087},{""alpha"":0.1,""inner_rmse"":2.4421630696006904},{""alpha"":1.0,""inner_rmse"":2.101836462875891},{""alpha"":10.0,""inner_rmse"":1.922602480278344},{""alpha"":100.0,""inner_rmse"":1.7561348802871928},{""alpha"":1000.0,""inner_rmse"":1.5049158627988695}]"	265	6	frozen_union_component
full	union_component_leave_one_out	component-06	ecfp_esm2_pocket_additive_S0	ridge_alpha	1000.0	"[{""alpha"":0.01,""inner_rmse"":1.8075471221800892},{""alpha"":0.1,""inner_rmse"":1.670180252946637},{""alpha"":1.0,""inner_rmse"":1.5552216272599564},{""alpha"":10.0,""inner_rmse"":1.5463767821068637},{""alpha"":100.0,""inner_rmse"":1.543873856408423},{""alpha"":1000.0,""inner_rmse"":1.5019513668578321}]"	265	6	frozen_union_component
full	union_component_leave_one_out	component-06	ecfp_esm2_pocket_tensor_S0	ridge_alpha	1000.0	"[{""alpha"":0.01,""inner_rmse"":1.797467402004185},{""alpha"":0.1,""inner_rmse"":1.6640626646322192},{""alpha"":1.0,""inner_rmse"":1.5532859195647661},{""alpha"":10.0,""inner_rmse"":1.5432476717044201},{""alpha"":100.0,""inner_rmse"":1.5400857089831834},{""alpha"":1000.0,""inner_rmse"":1.4990715880222807}]"	265	6	frozen_union_component
full	union_component_leave_one_out	component-06	ligand_ecfp_knn	knn_k	5	"[{""inner_rmse"":2.200328719159192,""k"":1},{""inner_rmse"":1.8551620846549084,""k"":3},{""inner_rmse"":1.6927780717684517,""k"":5}]"	265	6	frozen_union_component
full	union_component_leave_one_out	component-06	ligand_gmolai_knn	knn_k	5	"[{""inner_rmse"":2.051284794274546,""k"":1},{""inner_rmse"":1.7751695518453938,""k"":3},{""inner_rmse"":1.721969431330068,""k"":5}]"	265	6	frozen_union_component
full	union_component_leave_one_out	component-06	sequence_identity_target_knn	knn_k	5	"[{""inner_rmse"":1.6879734617300868,""k"":1},{""inner_rmse"":1.6230436206728431,""k"":3},{""inner_rmse"":1.5629029425775482,""k"":5}]"	265	6	frozen_union_component
full	union_component_leave_one_out	component-06	esm2_cosine_target_knn	knn_k	5	"[{""inner_rmse"":2.1618959678527494,""k"":1},{""inner_rmse"":1.5983732360026184,""k"":3},{""inner_rmse"":1.586466629639526,""k"":5}]"	265	6	frozen_union_component
full	union_component_leave_one_out	component-06	structure_global_usalign_target_knn_S1	knn_k	5	"[{""inner_rmse"":1.8327137344063373,""k"":1},{""inner_rmse"":1.5858651308594303,""k"":3},{""inner_rmse"":1.5653236972775846,""k"":5}]"	265	6	frozen_union_component
full	union_component_leave_one_out	component-06	structure_pocket_usalign_target_knn_S1	knn_k	5	"[{""inner_rmse"":1.897530987179924,""k"":1},{""inner_rmse"":1.6070544145388759,""k"":3},{""inner_rmse"":1.549946142959474,""k"":5}]"	265	6	frozen_union_component
full	union_component_leave_one_out	component-06	pocket_descriptor_target_knn_S1	knn_k	5	"[{""inner_rmse"":1.9895761447084157,""k"":1},{""inner_rmse"":1.6227332742203622,""k"":3},{""inner_rmse"":1.5739579093996547,""k"":5}]"	265	6	frozen_union_component
full	union_component_leave_one_out	component-07	nuisance_ridge	ridge_alpha	100.0	"[{""alpha"":0.01,""inner_rmse"":1.63400726682494},{""alpha"":0.1,""inner_rmse"":1.631858958462932},{""alpha"":1.0,""inner_rmse"":1.6114041214717636},{""alpha"":10.0,""inner_rmse"":1.4789174598056751},{""alpha"":100.0,""inner_rmse"":1.3590949631649891},{""alpha"":1000.0,""inner_rmse"":1.4328788394382899}]"	262	9	frozen_union_component
full	union_component_leave_one_out	component-07	ligand_ecfp_ridge	ridge_alpha	1000.0	"[{""alpha"":0.01,""inner_rmse"":1.5995239604021807},{""alpha"":0.1,""inner_rmse"":1.59957813059822},{""alpha"":1.0,""inner_rmse"":1.5999866459417118},{""alpha"":10.0,""inner_rmse"":1.599905492143139},{""alpha"":100.0,""inner_rmse"":1.5807747237769554},{""alpha"":1000.0,""inner_rmse"":1.4998229118359463}]"	262	9	frozen_union_component
full	union_component_leave_one_out	component-07	ligand_gmolai_ridge	ridge_alpha	1000.0	"[{""alpha"":0.01,""inner_rmse"":2.604414254861502},{""alpha"":0.1,""inner_rmse"":2.476099542238949},{""alpha"":1.0,""inner_rmse"":2.2629866052322116},{""alpha"":10.0,""inner_rmse"":2.0144437334154186},{""alpha"":100.0,""inner_rmse"":1.6758722636597536},{""alpha"":1000.0,""inner_rmse"":1.4285185935204712}]"	262	9	frozen_union_component
full	union_component_leave_one_out	component-07	pocket_ridge_S0	ridge_alpha	1000.0	"[{""alpha"":0.01,""inner_rmse"":3.552447859157341},{""alpha"":0.1,""inner_rmse"":2.7771573069867928},{""alpha"":1.0,""inner_rmse"":1.9047479660790119},{""alpha"":10.0,""inner_rmse"":1.563841862276574},{""alpha"":100.0,""inner_rmse"":1.408040309429656},{""alpha"":1000.0,""inner_rmse"":1.3912844012488266}]"	262	9	frozen_union_component
full	union_component_leave_one_out	component-07	pocket_ridge_S1	ridge_alpha	1000.0	"[{""alpha"":0.01,""inner_rmse"":2.6886459505449634},{""alpha"":0.1,""inner_rmse"":2.5629006223484754},{""alpha"":1.0,""inner_rmse"":2.146340561397593},{""alpha"":10.0,""inner_rmse"":1.6118327117010294},{""alpha"":100.0,""inner_rmse"":1.4057493480675287},{""alpha"":1000.0,""inner_rmse"":1.3881798655446969}]"	262	9	frozen_union_component
full	union_component_leave_one_out	component-07	sequence_esm2_ridge	ridge_alpha	1000.0	"[{""alpha"":0.01,""inner_rmse"":7.689601775295317},{""alpha"":0.1,""inner_rmse"":7.080872267896622},{""alpha"":1.0,""inner_rmse"":4.828065165383627},{""alpha"":10.0,""inner_rmse"":2.892535104968067},{""alpha"":100.0,""inner_rmse"":1.9277987697988115},{""alpha"":1000.0,""inner_rmse"":1.62790834416934}]"	262	9	frozen_union_component
full	union_component_leave_one_out	component-07	ecfp_esm2_additive	ridge_alpha	1000.0	"[{""alpha"":0.01,""inner_rmse"":1.6011300964308954},{""alpha"":0.1,""inner_rmse"":1.6012151793560172},{""alpha"":1.0,""inner_rmse"":1.6019722994779464},{""alpha"":10.0,""inner_rmse"":1.605652777389135},{""alpha"":100.0,""inner_rmse"":1.605175625797169},{""alpha"":1000.0,""inner_rmse"":1.547827582978806}]"	262	9	frozen_union_component
full	union_component_leave_one_out	component-07	gmolai_esm2_additive	ridge_alpha	1000.0	"[{""alpha"":0.01,""inner_rmse"":2.813499240726258},{""alpha"":0.1,""inner_rmse"":2.5662842396198484},{""alpha"":1.0,""inner_rmse"":2.2408750192341236},{""alpha"":10.0,""inner_rmse"":2.051302152935482},{""alpha"":100.0,""inner_rmse"":1.7840266570548455},{""alpha"":1000.0,""inner_rmse"":1.506785377677512}]"	262	9	frozen_union_component
full	union_component_leave_one_out	component-07	ecfp_pocket_additive_S1	ridge_alpha	1000.0	"[{""alpha"":0.01,""inner_rmse"":1.5150145340777996},{""alpha"":0.1,""inner_rmse"":1.5150293258076533},{""alpha"":1.0,""inner_rmse"":1.5151222716110762},{""alpha"":10.0,""inner_rmse"":1.5137311916486789},{""alpha"":100.0,""inner_rmse"":1.4973839718312256},{""alpha"":1000.0,""inner_rmse"":1.4467539835692944}]"	262	9	frozen_union_component
full	union_component_leave_one_out	component-07	ecfp_pocket_tensor_S1	ridge_alpha	1000.0	"[{""alpha"":0.01,""inner_rmse"":1.509738767574988},{""alpha"":0.1,""inner_rmse"":1.5097757969444685},{""alpha"":1.0,""inner_rmse"":1.5100463511694275},{""alpha"":10.0,""inner_rmse"":1.5092145174428149},{""alpha"":100.0,""inner_rmse"":1.4934931707535672},{""alpha"":1000.0,""inner_rmse"":1.445171631086369}]"	262	9	frozen_union_component
full	union_component_leave_one_out	component-07	ecfp_esm2_pocket_additive_S1	ridge_alpha	1000.0	"[{""alpha"":0.01,""inner_rmse"":1.542167546908142},{""alpha"":0.1,""inner_rmse"":1.5422486752658169},{""alpha"":1.0,""inner_rmse"":1.542946128213195},{""alpha"":10.0,""inner_rmse"":1.54581687086467},{""alpha"":100.0,""inner_rmse"":1.5451019783215898},{""alpha"":1000.0,""inner_rmse"":1.5048979950092485}]"	262	9	frozen_union_component
full	union_component_leave_one_out	component-07	ecfp_esm2_pocket_tensor_S1	ridge_alpha	1000.0	"[{""alpha"":0.01,""inner_rmse"":1.5386753805531204},{""alpha"":0.1,""inner_rmse"":1.5387521494772933},{""alpha"":1.0,""inner_rmse"":1.5394120086259244},{""alpha"":10.0,""inner_rmse"":1.5420995962752573},{""alpha"":100.0,""inner_rmse"":1.5410967357793786},{""alpha"":1000.0,""inner_rmse"":1.5024811097390705}]"	262	9	frozen_union_component
full	union_component_leave_one_out	component-07	ecfp_esm2_permuted_pocket_tensor_S1	ridge_alpha	1000.0	"[{""alpha"":0.01,""inner_rmse"":1.596604795007674},{""alpha"":0.1,""inner_rmse"":1.5966516473640366},{""alpha"":1.0,""inner_rmse"":1.5971263871372343},{""alpha"":10.0,""inner_rmse"":1.6007577102664128},{""alpha"":100.0,""inner_rmse"":1.60525436430905},{""alpha"":1000.0,""inner_rmse"":1.5542702972306934}]"	262	9	frozen_union_component
full	union_component_leave_one_out	component-07	gmolai_esm2_pocket_additive_S1	ridge_alpha	1000.0	"[{""alpha"":0.01,""inner_rmse"":2.946173863969439},{""alpha"":0.1,""inner_rmse"":2.666141207183359},{""alpha"":1.0,""inner_rmse"":2.2454868894833173},{""alpha"":10.0,""inner_rmse"":1.9058700703107851},{""alpha"":100.0,""inner_rmse"":1.6712329883680552},{""alpha"":1000.0,""inner_rmse"":1.4628664765064792}]"	262	9	frozen_union_component
full	union_component_leave_one_out	component-07	gmolai_esm2_pocket_tensor_S1	ridge_alpha	1000.0	"[{""alpha"":0.01,""inner_rmse"":2.4284919830157072},{""alpha"":0.1,""inner_rmse"":2.315915861897811},{""alpha"":1.0,""inner_rmse"":2.0697564265078285},{""alpha"":10.0,""inner_rmse"":1.8579290523836374},{""alpha"":100.0,""inner_rmse"":1.6705285309411848},{""alpha"":1000.0,""inner_rmse"":1.4661027239383468}]"	262	9	frozen_union_component
full	union_component_leave_one_out	component-07	ecfp_esm2_pocket_additive_S0	ridge_alpha	1000.0	"[{""alpha"":0.01,""inner_rmse"":1.8752893970135438},{""alpha"":0.1,""inner_rmse"":1.7492147725862468},{""alpha"":1.0,""inner_rmse"":1.57935993218629},{""alpha"":10.0,""inner_rmse"":1.5510350262806762},{""alpha"":100.0,""inner_rmse"":1.5498091048069433},{""alpha"":1000.0,""inner_rmse"":1.5085055483202554}]"	262	9	frozen_union_component
full	union_component_leave_one_out	component-07	ecfp_esm2_pocket_tensor_S0	ridge_alpha	1000.0	"[{""alpha"":0.01,""inner_rmse"":1.8728801187849367},{""alpha"":0.1,""inner_rmse"":1.7434283761075986},{""alpha"":1.0,""inner_rmse"":1.5760594549486147},{""alpha"":10.0,""inner_rmse"":1.5477424683821734},{""alpha"":100.0,""inner_rmse"":1.54594807933451},{""alpha"":1000.0,""inner_rmse"":1.5060840721850053}]"	262	9	frozen_union_component
full	union_component_leave_one_out	component-07	ligand_ecfp_knn	knn_k	5	"[{""inner_rmse"":2.17259469848705,""k"":1},{""inner_rmse"":1.8643636744131873,""k"":3},{""inner_rmse"":1.6426488894288744,""k"":5}]"	262	9	frozen_union_component
full	union_component_leave_one_out	component-07	ligand_gmolai_knn	knn_k	5	"[{""inner_rmse"":2.0122713883142054,""k"":1},{""inner_rmse"":1.7265910736344643,""k"":3},{""inner_rmse"":1.6935586776167435,""k"":5}]"	262	9	frozen_union_component
full	union_component_leave_one_out	component-07	sequence_identity_target_knn	knn_k	5	"[{""inner_rmse"":1.7801728235044019,""k"":1},{""inner_rmse"":1.604432333778327,""k"":3},{""inner_rmse"":1.5525899253944444,""k"":5}]"	262	9	frozen_union_component
full	union_component_leave_one_out	component-07	esm2_cosine_target_knn	knn_k	5	"[{""inner_rmse"":2.159748983016324,""k"":1},{""inner_rmse"":1.6410984037294778,""k"":3},{""inner_rmse"":1.582298089421493,""k"":5}]"	262	9	frozen_union_component
full	union_component_leave_one_out	component-07	structure_global_usalign_target_knn_S1	knn_k	3	"[{""inner_rmse"":1.7968017700411587,""k"":1},{""inner_rmse"":1.591652802770417,""k"":3},{""inner_rmse"":1.616503371402182,""k"":5}]"	262	9	frozen_union_component
full	union_component_leave_one_out	component-07	structure_pocket_usalign_target_knn_S1	knn_k	5	"[{""inner_rmse"":1.9223165135628302,""k"":1},{""inner_rmse"":1.633645359466674,""k"":3},{""inner_rmse"":1.53775189194391,""k"":5}]"	262	9	frozen_union_component
full	union_component_leave_one_out	component-07	pocket_descriptor_target_knn_S1	knn_k	5	"[{""inner_rmse"":1.8525727334831104,""k"":1},{""inner_rmse"":1.656432726152052,""k"":3},{""inner_rmse"":1.5658356076257391,""k"":5}]"	262	9	frozen_union_component
full	union_component_leave_one_out	component-08	nuisance_ridge	ridge_alpha	100.0	"[{""alpha"":0.01,""inner_rmse"":1.480021140940521},{""alpha"":0.1,""inner_rmse"":1.479042255415202},{""alpha"":1.0,""inner_rmse"":1.4696924393089952},{""alpha"":10.0,""inner_rmse"":1.4076459465312428},{""alpha"":100.0,""inner_rmse"":1.3556208080210115},{""alpha"":1000.0,""inner_rmse"":1.4258521953609908}]"	268	3	frozen_union_component
full	union_component_leave_one_out	component-08	ligand_ecfp_ridge	ridge_alpha	1000.0	"[{""alpha"":0.01,""inner_rmse"":1.5835237054824742},{""alpha"":0.1,""inner_rmse"":1.583559116706068},{""alpha"":1.0,""inner_rmse"":1.5838260334861034},{""alpha"":10.0,""inner_rmse"":1.58333921929715},{""alpha"":100.0,""inner_rmse"":1.5637871078955266},{""alpha"":1000.0,""inner_rmse"":1.4886954769130674}]"	268	3	frozen_union_component
full	union_component_leave_one_out	component-08	ligand_gmolai_ridge	ridge_alpha	1000.0	"[{""alpha"":0.01,""inner_rmse"":2.7184259090860334},{""alpha"":0.1,""inner_rmse"":2.4629585904180775},{""alpha"":1.0,""inner_rmse"":2.191175959147935},{""alpha"":10.0,""inner_rmse"":1.9285997057641762},{""alpha"":100.0,""inner_rmse"":1.6657783164556488},{""alpha"":1000.0,""inner_rmse"":1.4347651689586953}]"	268	3	frozen_union_component
full	union_component_leave_one_out	component-08	pocket_ridge_S0	ridge_alpha	1000.0	"[{""alpha"":0.01,""inner_rmse"":7.788134310797295},{""alpha"":0.1,""inner_rmse"":3.7599509366387927},{""alpha"":1.0,""inner_rmse"":2.1120471569101738},{""alpha"":10.0,""inner_rmse"":1.6009467015439147},{""alpha"":100.0,""inner_rmse"":1.4026664424394664},{""alpha"":1000.0,""inner_rmse"":1.377069141003135}]"	268	3	frozen_union_component
full	union_component_leave_one_out	component-08	pocket_ridge_S1	ridge_alpha	1000.0	"[{""alpha"":0.01,""inner_rmse"":3.6048104538548222},{""alpha"":0.1,""inner_rmse"":3.2327380297280808},{""alpha"":1.0,""inner_rmse"":2.3236786565011074},{""alpha"":10.0,""inner_rmse"":1.6439345844842363},{""alpha"":100.0,""inner_rmse"":1.4067165665488879},{""alpha"":1000.0,""inner_rmse"":1.375838063823514}]"	268	3	frozen_union_component
full	union_component_leave_one_out	component-08	sequence_esm2_ridge	ridge_alpha	1000.0	"[{""alpha"":0.01,""inner_rmse"":8.091780657126353},{""alpha"":0.1,""inner_rmse"":7.345529619751395},{""alpha"":1.0,""inner_rmse"":4.938180213310523},{""alpha"":10.0,""inner_rmse"":2.893491239521922},{""alpha"":100.0,""inner_rmse"":1.9186455536756284},{""alpha"":1000.0,""inner_rmse"":1.6175377030117717}]"	268	3	frozen_union_component
full	union_component_leave_one_out	component-08	ecfp_esm2_additive	ridge_alpha	1000.0	"[{""alpha"":0.01,""inner_rmse"":1.566564819234284},{""alpha"":0.1,""inner_rmse"":1.565786948593077},{""alpha"":1.0,""inner_rmse"":1.565269331068709},{""alpha"":10.0,""inner_rmse"":1.5689218439311292},{""alpha"":100.0,""inner_rmse"":1.5683655333929043},{""alpha"":1000.0,""inner_rmse"":1.518304795666366}]"	268	3	frozen_union_component
full	union_component_leave_one_out	component-08	gmolai_esm2_additive	ridge_alpha	1000.0	"[{""alpha"":0.01,""inner_rmse"":3.258716430543844},{""alpha"":0.1,""inner_rmse"":2.919345608572119},{""alpha"":1.0,""inner_rmse"":2.483581779690434},{""alpha"":10.0,""inner_rmse"":2.166812688365349},{""alpha"":100.0,""inner_rmse"":1.8324854918247988},{""alpha"":1000.0,""inner_rmse"":1.52429118944358}]"	268	3	frozen_union_component
full	union_component_leave_one_out	component-08	ecfp_pocket_additive_S1	ridge_alpha	1000.0	"[{""alpha"":0.01,""inner_rmse"":1.5053250372486313},{""alpha"":0.1,""inner_rmse"":1.5051640115668756},{""alpha"":1.0,""inner_rmse"":1.5037512499484795},{""alpha"":10.0,""inner_rmse"":1.4961999827304993},{""alpha"":100.0,""inner_rmse"":1.4737068262085438},{""alpha"":1000.0,""inner_rmse"":1.428876945832646}]"	268	3	frozen_union_component
full	union_component_leave_one_out	component-08	ecfp_pocket_tensor_S1	ridge_alpha	1000.0	"[{""alpha"":0.01,""inner_rmse"":1.5012402573158456},{""alpha"":0.1,""inner_rmse"":1.5010942274686994},{""alpha"":1.0,""inner_rmse"":1.4997814369424733},{""alpha"":10.0,""inner_rmse"":1.4922502005829013},{""alpha"":100.0,""inner_rmse"":1.469944911453024},{""alpha"":1000.0,""inner_rmse"":1.4274889778799247}]"	268	3	frozen_union_component
full	union_component_leave_one_out	component-08	ecfp_esm2_pocket_additive_S1	ridge_alpha	1000.0	"[{""alpha"":0.01,""inner_rmse"":1.5104348134074408},{""alpha"":0.1,""inner_rmse"":1.5104901185517012},{""alpha"":1.0,""inner_rmse"":1.510946219533025},{""alpha"":10.0,""inner_rmse"":1.512287134617599},{""alpha"":100.0,""inner_rmse"":1.508311183779873},{""alpha"":1000.0,""inner_rmse"":1.4731286688789433}]"	268	3	frozen_union_component
full	union_component_leave_one_out	component-08	ecfp_esm2_pocket_tensor_S1	ridge_alpha	1000.0	"[{""alpha"":0.01,""inner_rmse"":1.510916077994942},{""alpha"":0.1,""inner_rmse"":1.5109628402123785},{""alpha"":1.0,""inner_rmse"":1.511344375387376},{""alpha"":10.0,""inner_rmse"":1.5123376824321246},{""alpha"":100.0,""inner_rmse"":1.5078163250072434},{""alpha"":1000.0,""inner_rmse"":1.47264732795452}]"	268	3	frozen_union_component
full	union_component_leave_one_out	component-08	ecfp_esm2_permuted_pocket_tensor_S1	ridge_alpha	1000.0	"[{""alpha"":0.01,""inner_rmse"":1.5517265604911215},{""alpha"":0.1,""inner_rmse"":1.5517857933740555},{""alpha"":1.0,""inner_rmse"":1.5523390750980528},{""alpha"":10.0,""inner_rmse"":1.5556284990390308},{""alpha"":100.0,""inner_rmse"":1.5592002463327492},{""alpha"":1000.0,""inner_rmse"":1.51849090541427}]"	268	3	frozen_union_component
full	union_component_leave_one_out	component-08	gmolai_esm2_pocket_additive_S1	ridge_alpha	1000.0	"[{""alpha"":0.01,""inner_rmse"":2.89796611357092},{""alpha"":0.1,""inner_rmse"":2.6267084148672915},{""alpha"":1.0,""inner_rmse"":2.265406127992713},{""alpha"":10.0,""inner_rmse"":1.9556280265581187},{""alpha"":100.0,""inner_rmse"":1.7099105813401636},{""alpha"":1000.0,""inner_rmse"":1.4752947567573667}]"	268	3	frozen_union_component
full	union_component_leave_one_out	component-08	gmolai_esm2_pocket_tensor_S1	ridge_alpha	1000.0	"[{""alpha"":0.01,""inner_rmse"":2.3248702133587096},{""alpha"":0.1,""inner_rmse"":2.203342659622946},{""alpha"":1.0,""inner_rmse"":1.9794075470739834},{""alpha"":10.0,""inner_rmse"":1.836264652823744},{""alpha"":100.0,""inner_rmse"":1.6821465312783146},{""alpha"":1000.0,""inner_rmse"":1.4734669128475928}]"	268	3	frozen_union_component
full	union_component_leave_one_out	component-08	ecfp_esm2_pocket_additive_S0	ridge_alpha	1000.0	"[{""alpha"":0.01,""inner_rmse"":1.5720158306987078},{""alpha"":0.1,""inner_rmse"":1.5130819110183462},{""alpha"":1.0,""inner_rmse"":1.5109496436982013},{""alpha"":10.0,""inner_rmse"":1.5134549168384281},{""alpha"":100.0,""inner_rmse"":1.5111161709585845},{""alpha"":1000.0,""inner_rmse"":1.4758520680641702}]"	268	3	frozen_union_component
full	union_component_leave_one_out	component-08	ecfp_esm2_pocket_tensor_S0	ridge_alpha	1000.0	"[{""alpha"":0.01,""inner_rmse"":1.5739964458399092},{""alpha"":0.1,""inner_rmse"":1.514064909528904},{""alpha"":1.0,""inner_rmse"":1.5118440078098605},{""alpha"":10.0,""inner_rmse"":1.5137574975126538},{""alpha"":100.0,""inner_rmse"":1.510567249413352},{""alpha"":1000.0,""inner_rmse"":1.4753301924674669}]"	268	3	frozen_union_component
full	union_component_leave_one_out	component-08	ligand_ecfp_knn	knn_k	5	"[{""inner_rmse"":2.1833416000988204,""k"":1},{""inner_rmse"":1.8319851855412497,""k"":3},{""inner_rmse"":1.6705495581343457,""k"":5}]"	268	3	frozen_union_component
full	union_component_leave_one_out	component-08	ligand_gmolai_knn	knn_k	5	"[{""inner_rmse"":1.997277692091001,""k"":1},{""inner_rmse"":1.7662234001206605,""k"":3},{""inner_rmse"":1.711228208686358,""k"":5}]"	268	3	frozen_union_component
full	union_component_leave_one_out	component-08	sequence_identity_target_knn	knn_k	5	"[{""inner_rmse"":1.6927036366004438,""k"":1},{""inner_rmse"":1.5958416381771254,""k"":3},{""inner_rmse"":1.55382513029666,""k"":5}]"	268	3	frozen_union_component
full	union_component_leave_one_out	component-08	esm2_cosine_target_knn	knn_k	5	"[{""inner_rmse"":2.1417886038086187,""k"":1},{""inner_rmse"":1.5910280378202253,""k"":3},{""inner_rmse"":1.5745111625590955,""k"":5}]"	268	3	frozen_union_component
full	union_component_leave_one_out	component-08	structure_global_usalign_target_knn_S1	knn_k	5	"[{""inner_rmse"":1.8252573369056253,""k"":1},{""inner_rmse"":1.5808552464549617,""k"":3},{""inner_rmse"":1.5708453679798653,""k"":5}]"	268	3	frozen_union_component
full	union_component_leave_one_out	component-08	structure_pocket_usalign_target_knn_S1	knn_k	5	"[{""inner_rmse"":1.913858014915262,""k"":1},{""inner_rmse"":1.6557163913468695,""k"":3},{""inner_rmse"":1.597377240516259,""k"":5}]"	268	3	frozen_union_component
full	union_component_leave_one_out	component-08	pocket_descriptor_target_knn_S1	knn_k	5	"[{""inner_rmse"":1.9718295041888034,""k"":1},{""inner_rmse"":1.5828406320401662,""k"":3},{""inner_rmse"":1.5519592814378145,""k"":5}]"	268	3	frozen_union_component
full	union_component_leave_one_out	component-09	nuisance_ridge	ridge_alpha	100.0	"[{""alpha"":0.01,""inner_rmse"":1.4756716182595735},{""alpha"":0.1,""inner_rmse"":1.4746295487227312},{""alpha"":1.0,""inner_rmse"":1.4647058593450089},{""alpha"":10.0,""inner_rmse"":1.400284570027072},{""alpha"":100.0,""inner_rmse"":1.3495273209598022},{""alpha"":1000.0,""inner_rmse"":1.421322316445807}]"	270	1	frozen_union_component
full	union_component_leave_one_out	component-09	ligand_ecfp_ridge	ridge_alpha	1000.0	"[{""alpha"":0.01,""inner_rmse"":1.6023218804047634},{""alpha"":0.1,""inner_rmse"":1.6023140696330822},{""alpha"":1.0,""inner_rmse"":1.6022405802604427},{""alpha"":10.0,""inner_rmse"":1.60095167968135},{""alpha"":100.0,""inner_rmse"":1.581805779254698},{""alpha"":1000.0,""inner_rmse"":1.4991135500416277}]"	270	1	frozen_union_component
full	union_component_leave_one_out	component-09	ligand_gmolai_ridge	ridge_alpha	1000.0	"[{""alpha"":0.01,""inner_rmse"":2.9064643184295966},{""alpha"":0.1,""inner_rmse"":2.607720143082342},{""alpha"":1.0,""inner_rmse"":2.2282411602796417},{""alpha"":10.0,""inner_rmse"":1.9344935451030443},{""alpha"":100.0,""inner_rmse"":1.662732258635861},{""alpha"":1000.0,""inner_rmse"":1.4359677687996755}]"	270	1	frozen_union_component
full	union_component_leave_one_out	component-09	pocket_ridge_S0	ridge_alpha	1000.0	"[{""alpha"":0.01,""inner_rmse"":4.240187374663675},{""alpha"":0.1,""inner_rmse"":3.1336341738438547},{""alpha"":1.0,""inner_rmse"":2.065429563610287},{""alpha"":10.0,""inner_rmse"":1.6458529141942784},{""alpha"":100.0,""inner_rmse"":1.4163523802257103},{""alpha"":1000.0,""inner_rmse"":1.3733380845080883}]"	270	1	frozen_union_component
full	union_component_leave_one_out	component-09	pocket_ridge_S1	ridge_alpha	1000.0	"[{""alpha"":0.01,""inner_rmse"":3.6422315105705696},{""alpha"":0.1,""inner_rmse"":3.1034495916339266},{""alpha"":1.0,""inner_rmse"":2.1172133700841993},{""alpha"":10.0,""inner_rmse"":1.6562773803012159},{""alpha"":100.0,""inner_rmse"":1.41907828412506},{""alpha"":1000.0,""inner_rmse"":1.3725287763836704}]"	270	1	frozen_union_component
full	union_component_leave_one_out	component-09	sequence_esm2_ridge	ridge_alpha	1000.0	"[{""alpha"":0.01,""inner_rmse"":8.258100102346374},{""alpha"":0.1,""inner_rmse"":7.483762062073496},{""alpha"":1.0,""inner_rmse"":5.0027905502629535},{""alpha"":10.0,""inner_rmse"":2.905084967198265},{""alpha"":100.0,""inner_rmse"":1.9101486841055084},{""alpha"":1000.0,""inner_rmse"":1.6092104674083203}]"	270	1	frozen_union_component
full	union_component_leave_one_out	component-09	ecfp_esm2_additive	ridge_alpha	1000.0	"[{""alpha"":0.01,""inner_rmse"":1.599808267636473},{""alpha"":0.1,""inner_rmse"":1.5991925441632735},{""alpha"":1.0,""inner_rmse"":1.5985389707088737},{""alpha"":10.0,""inner_rmse"":1.6005516697192783},{""alpha"":100.0,""inner_rmse"":1.5958847360751942},{""alpha"":1000.0,""inner_rmse"":1.532875881987831}]"	270	1	frozen_union_component
full	union_component_leave_one_out	component-09	gmolai_esm2_additive	ridge_alpha	1000.0	"[{""alpha"":0.01,""inner_rmse"":3.128807720342094},{""alpha"":0.1,""inner_rmse"":2.7907513129149244},{""alpha"":1.0,""inner_rmse"":2.3769373014093613},{""alpha"":10.0,""inner_rmse"":2.1638186660665175},{""alpha"":100.0,""inner_rmse"":1.8267321366750922},{""alpha"":1000.0,""inner_rmse"":1.518475799820974}]"	270	1	frozen_union_component
full	union_component_leave_one_out	component-09	ecfp_pocket_additive_S1	ridge_alpha	1000.0	"[{""alpha"":0.01,""inner_rmse"":1.5184636923115302},{""alpha"":0.1,""inner_rmse"":1.5183348975950144},{""alpha"":1.0,""inner_rmse"":1.5172370198936715},{""alpha"":10.0,""inner_rmse"":1.5115947910454337},{""alpha"":100.0,""inner_rmse"":1.491265365198181},{""alpha"":1000.0,""inner_rmse"":1.4382716101838409}]"	270	1	frozen_union_component
full	union_component_leave_one_out	component-09	ecfp_pocket_tensor_S1	ridge_alpha	1000.0	"[{""alpha"":0.01,""inner_rmse"":1.5139024974751787},{""alpha"":0.1,""inner_rmse"":1.5138237596788675},{""alpha"":1.0,""inner_rmse"":1.5131084783921598},{""alpha"":10.0,""inner_rmse"":1.5082385684764685},{""alpha"":100.0,""inner_rmse"":1.4880783490032017},{""alpha"":1000.0,""inner_rmse"":1.4370890726919399}]"	270	1	frozen_union_component
full	union_component_leave_one_out	component-09	ecfp_esm2_pocket_additive_S1	ridge_alpha	1000.0	"[{""alpha"":0.01,""inner_rmse"":1.5362918150619558},{""alpha"":0.1,""inner_rmse"":1.5363034905780568},{""alpha"":1.0,""inner_rmse"":1.5363933876633038},{""alpha"":10.0,""inner_rmse"":1.5362391192924796},{""alpha"":100.0,""inner_rmse"":1.5290917915666056},{""alpha"":1000.0,""inner_rmse"":1.4840321810929995}]"	270	1	frozen_union_component
full	union_component_leave_one_out	component-09	ecfp_esm2_pocket_tensor_S1	ridge_alpha	1000.0	"[{""alpha"":0.01,""inner_rmse"":1.5326787365203791},{""alpha"":0.1,""inner_rmse"":1.5326864151929123},{""alpha"":1.0,""inner_rmse"":1.532744245055303},{""alpha"":10.0,""inner_rmse"":1.5325044518618627},{""alpha"":100.0,""inner_rmse"":1.5255972022987898},{""alpha"":1000.0,""inner_rmse"":1.4819579008857733}]"	270	1	frozen_union_component
full	union_component_leave_one_out	component-09	ecfp_esm2_permuted_pocket_tensor_S1	ridge_alpha	1000.0	"[{""alpha"":0.01,""inner_rmse"":1.5859559562038186},{""alpha"":0.1,""inner_rmse"":1.5859598118878857},{""alpha"":1.0,""inner_rmse"":1.5860522651072495},{""alpha"":10.0,""inner_rmse"":1.5875541785669307},{""alpha"":100.0,""inner_rmse"":1.5869419518965582},{""alpha"":1000.0,""inner_rmse"":1.5331924790586189}]"	270	1	frozen_union_component
full	union_component_leave_one_out	component-09	gmolai_esm2_pocket_additive_S1	ridge_alpha	1000.0	"[{""alpha"":0.01,""inner_rmse"":3.019171385995815},{""alpha"":0.1,""inner_rmse"":2.72801138652945},{""alpha"":1.0,""inner_rmse"":2.3129485510333296},{""alpha"":10.0,""inner_rmse"":1.997672357265538},{""alpha"":100.0,""inner_rmse"":1.707423333367436},{""alpha"":1000.0,""inner_rmse"":1.4666241488914207}]"	270	1	frozen_union_component
full	union_component_leave_one_out	component-09	gmolai_esm2_pocket_tensor_S1	ridge_alpha	1000.0	"[{""alpha"":0.01,""inner_rmse"":2.455681740279956},{""alpha"":0.1,""inner_rmse"":2.3448654972102},{""alpha"":1.0,""inner_rmse"":2.1063293611765164},{""alpha"":10.0,""inner_rmse"":1.9141531455876162},{""alpha"":100.0,""inner_rmse"":1.693391675009562},{""alpha"":1000.0,""inner_rmse"":1.4670619684694535}]"	270	1	frozen_union_component
full	union_component_leave_one_out	component-09	ecfp_esm2_pocket_additive_S0	ridge_alpha	1000.0	"[{""alpha"":0.01,""inner_rmse"":1.8295582069650487},{""alpha"":0.1,""inner_rmse"":1.6941384671160278},{""alpha"":1.0,""inner_rmse"":1.5587737705424378},{""alpha"":10.0,""inner_rmse"":1.5394218267810307},{""alpha"":100.0,""inner_rmse"":1.5326605385488141},{""alpha"":1000.0,""inner_rmse"":1.4869708688483376}]"	270	1	frozen_union_component
full	union_component_leave_one_out	component-09	ecfp_esm2_pocket_tensor_S0	ridge_alpha	1000.0	"[{""alpha"":0.01,""inner_rmse"":1.818930574491058},{""alpha"":0.1,""inner_rmse"":1.6862062054582811},{""alpha"":1.0,""inner_rmse"":1.5563852662766189},{""alpha"":10.0,""inner_rmse"":1.5368018422917575},{""alpha"":100.0,""inner_rmse"":1.529707971737241},{""alpha"":1000.0,""inner_rmse"":1.485158587429175}]"	270	1	frozen_union_component
full	union_component_leave_one_out	component-09	ligand_ecfp_knn	knn_k	5	"[{""inner_rmse"":2.1919547849060574,""k"":1},{""inner_rmse"":1.836659395619095,""k"":3},{""inner_rmse"":1.6701081576852155,""k"":5}]"	270	1	frozen_union_component
full	union_component_leave_one_out	component-09	ligand_gmolai_knn	knn_k	5	"[{""inner_rmse"":2.0178925674065744,""k"":1},{""inner_rmse"":1.7687123424581588,""k"":3},{""inner_rmse"":1.7070652523328278,""k"":5}]"	270	1	frozen_union_component
full	union_component_leave_one_out	component-09	sequence_identity_target_knn	knn_k	5	"[{""inner_rmse"":1.8452054460904448,""k"":1},{""inner_rmse"":1.6915821625670153,""k"":3},{""inner_rmse"":1.610056030827236,""k"":5}]"	270	1	frozen_union_component
full	union_component_leave_one_out	component-09	esm2_cosine_target_knn	knn_k	5	"[{""inner_rmse"":2.1380959122418326,""k"":1},{""inner_rmse"":1.5755557402553462,""k"":3},{""inner_rmse"":1.5626700341175015,""k"":5}]"	270	1	frozen_union_component
full	union_component_leave_one_out	component-09	structure_global_usalign_target_knn_S1	knn_k	3	"[{""inner_rmse"":1.783729855746715,""k"":1},{""inner_rmse"":1.5720700142723967,""k"":3},{""inner_rmse"":1.5802077112945678,""k"":5}]"	270	1	frozen_union_component
full	union_component_leave_one_out	component-09	structure_pocket_usalign_target_knn_S1	knn_k	5	"[{""inner_rmse"":1.9316435009555544,""k"":1},{""inner_rmse"":1.646763124934607,""k"":3},{""inner_rmse"":1.548375541746669,""k"":5}]"	270	1	frozen_union_component
full	union_component_leave_one_out	component-09	pocket_descriptor_target_knn_S1	knn_k	5	"[{""inner_rmse"":1.9691118287151042,""k"":1},{""inner_rmse"":1.6207705829148902,""k"":3},{""inner_rmse"":1.538787680454951,""k"":5}]"	270	1	frozen_union_component
full	union_component_leave_one_out	component-10	nuisance_ridge	ridge_alpha	100.0	"[{""alpha"":0.01,""inner_rmse"":1.48910268795802},{""alpha"":0.1,""inner_rmse"":1.4880214332691344},{""alpha"":1.0,""inner_rmse"":1.4776828231381502},{""alpha"":10.0,""inner_rmse"":1.408525768299653},{""alpha"":100.0,""inner_rmse"":1.3472757981577121},{""alpha"":1000.0,""inner_rmse"":1.4204319191650472}]"	270	1	frozen_union_component
full	union_component_leave_one_out	component-10	ligand_ecfp_ridge	ridge_alpha	1000.0	"[{""alpha"":0.01,""inner_rmse"":1.6056264080955214},{""alpha"":0.1,""inner_rmse"":1.6056273690626315},{""alpha"":1.0,""inner_rmse"":1.6056216035032629},{""alpha"":10.0,""inner_rmse"":1.604437562249815},{""alpha"":100.0,""inner_rmse"":1.5843086056274938},{""alpha"":1000.0,""inner_rmse"":1.4992493949886978}]"	270	1	frozen_union_component
full	union_component_leave_one_out	component-10	ligand_gmolai_ridge	ridge_alpha	1000.0	"[{""alpha"":0.01,""inner_rmse"":2.846090733490359},{""alpha"":0.1,""inner_rmse"":2.534934969729787},{""alpha"":1.0,""inner_rmse"":2.1514569428393577},{""alpha"":10.0,""inner_rmse"":1.8870788763854607},{""alpha"":100.0,""inner_rmse"":1.6489004378759067},{""alpha"":1000.0,""inner_rmse"":1.4353656430652066}]"	270	1	frozen_union_component
full	union_component_leave_one_out	component-10	pocket_ridge_S0	ridge_alpha	1000.0	"[{""alpha"":0.01,""inner_rmse"":4.674972307641766},{""alpha"":0.1,""inner_rmse"":2.8283574018173416},{""alpha"":1.0,""inner_rmse"":1.8872501410309495},{""alpha"":10.0,""inner_rmse"":1.5675765051626513},{""alpha"":100.0,""inner_rmse"":1.4115050937957048},{""alpha"":1000.0,""inner_rmse"":1.3753687899114382}]"	270	1	frozen_union_component
full	union_component_leave_one_out	component-10	pocket_ridge_S1	ridge_alpha	1000.0	"[{""alpha"":0.01,""inner_rmse"":3.6889673697516083},{""alpha"":0.1,""inner_rmse"":3.255277827383685},{""alpha"":1.0,""inner_rmse"":2.2483947075495996},{""alpha"":10.0,""inner_rmse"":1.5954411588995174},{""alpha"":100.0,""inner_rmse"":1.4050274030956567},{""alpha"":1000.0,""inner_rmse"":1.3741230305716032}]"	270	1	frozen_union_component
full	union_component_leave_one_out	component-10	sequence_esm2_ridge	ridge_alpha	1000.0	"[{""alpha"":0.01,""inner_rmse"":8.46780005111268},{""alpha"":0.1,""inner_rmse"":7.715629223198714},{""alpha"":1.0,""inner_rmse"":5.18012767415291},{""alpha"":10.0,""inner_rmse"":2.968188605272196},{""alpha"":100.0,""inner_rmse"":1.9192214152546976},{""alpha"":1000.0,""inner_rmse"":1.6190132519610156}]"	270	1	frozen_union_component
full	union_component_leave_one_out	component-10	ecfp_esm2_additive	ridge_alpha	1000.0	"[{""alpha"":0.01,""inner_rmse"":1.598773485068091},{""alpha"":0.1,""inner_rmse"":1.5981809169454875},{""alpha"":1.0,""inner_rmse"":1.5975901240452175},{""alpha"":10.0,""inner_rmse"":1.5998408657639587},{""alpha"":100.0,""inner_rmse"":1.5967810815283128},{""alpha"":1000.0,""inner_rmse"":1.537506714317258}]"	270	1	frozen_union_component
full	union_component_leave_one_out	component-10	gmolai_esm2_additive	ridge_alpha	1000.0	"[{""alpha"":0.01,""inner_rmse"":3.106214713066684},{""alpha"":0.1,""inner_rmse"":2.746197309165938},{""alpha"":1.0,""inner_rmse"":2.2933213204426837},{""alpha"":10.0,""inner_rmse"":2.0530357995040895},{""alpha"":100.0,""inner_rmse"":1.7788396776391082},{""alpha"":1000.0,""inner_rmse"":1.5190136554867322}]"	270	1	frozen_union_component
full	union_component_leave_one_out	component-10	ecfp_pocket_additive_S1	ridge_alpha	1000.0	"[{""alpha"":0.01,""inner_rmse"":1.5182236522807495},{""alpha"":0.1,""inner_rmse"":1.5181075110429267},{""alpha"":1.0,""inner_rmse"":1.5171087707460873},{""alpha"":10.0,""inner_rmse"":1.5116826061262985},{""alpha"":100.0,""inner_rmse"":1.4912964675393061},{""alpha"":1000.0,""inner_rmse"":1.4383206554240329}]"	270	1	frozen_union_component
full	union_component_leave_one_out	component-10	ecfp_pocket_tensor_S1	ridge_alpha	1000.0	"[{""alpha"":0.01,""inner_rmse"":1.512474402228224},{""alpha"":0.1,""inner_rmse"":1.5124078985355411},{""alpha"":1.0,""inner_rmse"":1.5117923139310303},{""alpha"":10.0,""inner_rmse"":1.50723356075956},{""alpha"":100.0,""inner_rmse"":1.487213363202449},{""alpha"":1000.0,""inner_rmse"":1.4365732873475272}]"	270	1	frozen_union_component
full	union_component_leave_one_out	component-10	ecfp_esm2_pocket_additive_S1	ridge_alpha	1000.0	"[{""alpha"":0.01,""inner_rmse"":1.5362775268470938},{""alpha"":0.1,""inner_rmse"":1.5362923900723},{""alpha"":1.0,""inner_rmse"":1.5364173287734257},{""alpha"":10.0,""inner_rmse"":1.536656019087244},{""alpha"":100.0,""inner_rmse"":1.5316506298043107},{""alpha"":1000.0,""inner_rmse"":1.4903673175488337}]"	270	1	frozen_union_component
full	union_component_leave_one_out	component-10	ecfp_esm2_pocket_tensor_S1	ridge_alpha	1000.0	"[{""alpha"":0.01,""inner_rmse"":1.5325276365715363},{""alpha"":0.1,""inner_rmse"":1.5325410814468106},{""alpha"":1.0,""inner_rmse"":1.5326579650596852},{""alpha"":10.0,""inner_rmse"":1.5329325613448794},{""alpha"":100.0,""inner_rmse"":1.5281507692175127},{""alpha"":1000.0,""inner_rmse"":1.4881231781334674}]"	270	1	frozen_union_component
full	union_component_leave_one_out	component-10	ecfp_esm2_permuted_pocket_tensor_S1	ridge_alpha	1000.0	"[{""alpha"":0.01,""inner_rmse"":1.585804064008513},{""alpha"":0.1,""inner_rmse"":1.5858121857346814},{""alpha"":1.0,""inner_rmse"":1.5859447261569504},{""alpha"":10.0,""inner_rmse"":1.5877281209932628},{""alpha"":100.0,""inner_rmse"":1.588411023746148},{""alpha"":1000.0,""inner_rmse"":1.5377477902310437}]"	270	1	frozen_union_component
full	union_component_leave_one_out	component-10	gmolai_esm2_pocket_additive_S1	ridge_alpha	1000.0	"[{""alpha"":0.01,""inner_rmse"":3.0156131249043687},{""alpha"":0.1,""inner_rmse"":2.7136670794051003},{""alpha"":1.0,""inner_rmse"":2.259289777000005},{""alpha"":10.0,""inner_rmse"":1.9047493526087909},{""alpha"":100.0,""inner_rmse"":1.6661102062144597},{""alpha"":1000.0,""inner_rmse"":1.469979239993368}]"	270	1	frozen_union_component
full	union_component_leave_one_out	component-10	gmolai_esm2_pocket_tensor_S1	ridge_alpha	1000.0	"[{""alpha"":0.01,""inner_rmse"":2.4248345417521127},{""alpha"":0.1,""inner_rmse"":2.3074921019956474},{""alpha"":1.0,""inner_rmse"":2.0473202893319207},{""alpha"":10.0,""inner_rmse"":1.8285159180275894},{""alpha"":100.0,""inner_rmse"":1.6496873239619396},{""alpha"":1000.0,""inner_rmse"":1.4688851685793674}]"	270	1	frozen_union_component
full	union_component_leave_one_out	component-10	ecfp_esm2_pocket_additive_S0	ridge_alpha	1000.0	"[{""alpha"":0.01,""inner_rmse"":1.8163232571141212},{""alpha"":0.1,""inner_rmse"":1.6851287232444598},{""alpha"":1.0,""inner_rmse"":1.5569319738055392},{""alpha"":10.0,""inner_rmse"":1.539775474390076},{""alpha"":100.0,""inner_rmse"":1.5353219055122165},{""alpha"":1000.0,""inner_rmse"":1.4934016926812665}]"	270	1	frozen_union_component
full	union_component_leave_one_out	component-10	ecfp_esm2_pocket_tensor_S0	ridge_alpha	1000.0	"[{""alpha"":0.01,""inner_rmse"":1.8080748397502486},{""alpha"":0.1,""inner_rmse"":1.6786246318586255},{""alpha"":1.0,""inner_rmse"":1.554452183874504},{""alpha"":10.0,""inner_rmse"":1.5375168544249014},{""alpha"":100.0,""inner_rmse"":1.5327497743134764},{""alpha"":1000.0,""inner_rmse"":1.4918855773299253}]"	270	1	frozen_union_component
full	union_component_leave_one_out	component-10	ligand_ecfp_knn	knn_k	5	"[{""inner_rmse"":2.187413882108989,""k"":1},{""inner_rmse"":1.8409984998769808,""k"":3},{""inner_rmse"":1.6677945681783288,""k"":5}]"	270	1	frozen_union_component
full	union_component_leave_one_out	component-10	ligand_gmolai_knn	knn_k	5	"[{""inner_rmse"":1.9894494981118238,""k"":1},{""inner_rmse"":1.748645545839174,""k"":3},{""inner_rmse"":1.7048931078916127,""k"":5}]"	270	1	frozen_union_component
full	union_component_leave_one_out	component-10	sequence_identity_target_knn	knn_k	5	"[{""inner_rmse"":1.683587849272227,""k"":1},{""inner_rmse"":1.6157163894264848,""k"":3},{""inner_rmse"":1.576224065957592,""k"":5}]"	270	1	frozen_union_component
full	union_component_leave_one_out	component-10	esm2_cosine_target_knn	knn_k	5	"[{""inner_rmse"":2.165619337898301,""k"":1},{""inner_rmse"":1.5858653810715517,""k"":3},{""inner_rmse"":1.575631997850048,""k"":5}]"	270	1	frozen_union_component
full	union_component_leave_one_out	component-10	structure_global_usalign_target_knn_S1	knn_k	5	"[{""inner_rmse"":1.7174955744333416,""k"":1},{""inner_rmse"":1.5549728965213527,""k"":3},{""inner_rmse"":1.5493327391738052,""k"":5}]"	270	1	frozen_union_component
full	union_component_leave_one_out	component-10	structure_pocket_usalign_target_knn_S1	knn_k	5	"[{""inner_rmse"":1.9935098847663941,""k"":1},{""inner_rmse"":1.7089620470861004,""k"":3},{""inner_rmse"":1.6075399766638,""k"":5}]"	270	1	frozen_union_component
full	union_component_leave_one_out	component-10	pocket_descriptor_target_knn_S1	knn_k	5	"[{""inner_rmse"":1.9111127454734005,""k"":1},{""inner_rmse"":1.6311110758205762,""k"":3},{""inner_rmse"":1.5229407252520055,""k"":5}]"	270	1	frozen_union_component
full	union_component_leave_one_out	component-11	nuisance_ridge	ridge_alpha	100.0	"[{""alpha"":0.01,""inner_rmse"":1.4811698419515877},{""alpha"":0.1,""inner_rmse"":1.480185248769522},{""alpha"":1.0,""inner_rmse"":1.470757192026855},{""alpha"":10.0,""inner_rmse"":1.406921389024757},{""alpha"":100.0,""inner_rmse"":1.3474159929183018},{""alpha"":1000.0,""inner_rmse"":1.4193119887999472}]"	270	1	frozen_union_component
full	union_component_leave_one_out	component-11	ligand_ecfp_ridge	ridge_alpha	1000.0	"[{""alpha"":0.01,""inner_rmse"":1.612410648406598},{""alpha"":0.1,""inner_rmse"":1.6124147560075377},{""alpha"":1.0,""inner_rmse"":1.6124357161487666},{""alpha"":10.0,""inner_rmse"":1.6113717663600167},{""alpha"":100.0,""inner_rmse"":1.5910920459922446},{""alpha"":1000.0,""inner_rmse"":1.5033255479010466}]"	270	1	frozen_union_component
full	union_component_leave_one_out	component-11	ligand_gmolai_ridge	ridge_alpha	1000.0	"[{""alpha"":0.01,""inner_rmse"":2.878647140961855},{""alpha"":0.1,""inner_rmse"":2.5874943983726983},{""alpha"":1.0,""inner_rmse"":2.20394696630914},{""alpha"":10.0,""inner_rmse"":1.9196822198957595},{""alpha"":100.0,""inner_rmse"":1.662674269686008},{""alpha"":1000.0,""inner_rmse"":1.4415486224163305}]"	270	1	frozen_union_component
full	union_component_leave_one_out	component-11	pocket_ridge_S0	ridge_alpha	1000.0	"[{""alpha"":0.01,""inner_rmse"":4.940849035933527},{""alpha"":0.1,""inner_rmse"":3.406234435719054},{""alpha"":1.0,""inner_rmse"":2.189165079781256},{""alpha"":10.0,""inner_rmse"":1.642955523806337},{""alpha"":100.0,""inner_rmse"":1.4157214917527576},{""alpha"":1000.0,""inner_rmse"":1.3737252980393935}]"	270	1	frozen_union_component
full	union_component_leave_one_out	component-11	pocket_ridge_S1	ridge_alpha	1000.0	"[{""alpha"":0.01,""inner_rmse"":3.707138337566532},{""alpha"":0.1,""inner_rmse"":3.2678051223404148},{""alpha"":1.0,""inner_rmse"":2.3621570288103366},{""alpha"":10.0,""inner_rmse"":1.6693327276197298},{""alpha"":100.0,""inner_rmse"":1.4156386285264673},{""alpha"":1000.0,""inner_rmse"":1.3729049054928553}]"	270	1	frozen_union_component
full	union_component_leave_one_out	component-11	sequence_esm2_ridge	ridge_alpha	1000.0	"[{""alpha"":0.01,""inner_rmse"":8.50942994484652},{""alpha"":0.1,""inner_rmse"":7.720768156830948},{""alpha"":1.0,""inner_rmse"":5.107747444084737},{""alpha"":10.0,""inner_rmse"":2.9133133981529196},{""alpha"":100.0,""inner_rmse"":1.9080003047619136},{""alpha"":1000.0,""inner_rmse"":1.6092480357594348}]"	270	1	frozen_union_component
full	union_component_leave_one_out	component-11	ecfp_esm2_additive	ridge_alpha	1000.0	"[{""alpha"":0.01,""inner_rmse"":1.5946926123907903},{""alpha"":0.1,""inner_rmse"":1.5941815019379175},{""alpha"":1.0,""inner_rmse"":1.5937243424983347},{""alpha"":10.0,""inner_rmse"":1.5957641426298426},{""alpha"":100.0,""inner_rmse"":1.5912194242639277},{""alpha"":1000.0,""inner_rmse"":1.529904637225585}]"	270	1	frozen_union_component
full	union_component_leave_one_out	component-11	gmolai_esm2_additive	ridge_alpha	1000.0	"[{""alpha"":0.01,""inner_rmse"":3.176720721409831},{""alpha"":0.1,""inner_rmse"":2.8104864346588636},{""alpha"":1.0,""inner_rmse"":2.3409912726890902},{""alpha"":10.0,""inner_rmse"":2.1070377008200323},{""alpha"":100.0,""inner_rmse"":1.8118119795418728},{""alpha"":1000.0,""inner_rmse"":1.519088938665684}]"	270	1	frozen_union_component
full	union_component_leave_one_out	component-11	ecfp_pocket_additive_S1	ridge_alpha	1000.0	"[{""alpha"":0.01,""inner_rmse"":1.521779428221905},{""alpha"":0.1,""inner_rmse"":1.5216495631586835},{""alpha"":1.0,""inner_rmse"":1.520525757272534},{""alpha"":10.0,""inner_rmse"":1.5144828722145212},{""alpha"":100.0,""inner_rmse"":1.4936303263925887},{""alpha"":1000.0,""inner_rmse"":1.4406463394046227}]"	270	1	frozen_union_component
full	union_component_leave_one_out	component-11	ecfp_pocket_tensor_S1	ridge_alpha	1000.0	"[{""alpha"":0.01,""inner_rmse"":1.5154369678782473},{""alpha"":0.1,""inner_rmse"":1.5153593030284844},{""alpha"":1.0,""inner_rmse"":1.5146390730405765},{""alpha"":10.0,""inner_rmse"":1.5095309529513887},{""alpha"":100.0,""inner_rmse"":1.4891331588747503},{""alpha"":1000.0,""inner_rmse"":1.438600910431763}]"	270	1	frozen_union_component
full	union_component_leave_one_out	component-11	ecfp_esm2_pocket_additive_S1	ridge_alpha	1000.0	"[{""alpha"":0.01,""inner_rmse"":1.5322962668676188},{""alpha"":0.1,""inner_rmse"":1.5323103317616864},{""alpha"":1.0,""inner_rmse"":1.5324171389767696},{""alpha"":10.0,""inner_rmse"":1.5322917530387001},{""alpha"":100.0,""inner_rmse"":1.5256297859212802},{""alpha"":1000.0,""inner_rmse"":1.4825549175263224}]"	270	1	frozen_union_component
full	union_component_leave_one_out	component-11	ecfp_esm2_pocket_tensor_S1	ridge_alpha	1000.0	"[{""alpha"":0.01,""inner_rmse"":1.5290823641369045},{""alpha"":0.1,""inner_rmse"":1.5290888820679174},{""alpha"":1.0,""inner_rmse"":1.5291320202625085},{""alpha"":10.0,""inner_rmse"":1.5287668971991524},{""alpha"":100.0,""inner_rmse"":1.522033945721286},{""alpha"":1000.0,""inner_rmse"":1.480231006601435}]"	270	1	frozen_union_component
full	union_component_leave_one_out	component-11	ecfp_esm2_permuted_pocket_tensor_S1	ridge_alpha	1000.0	"[{""alpha"":0.01,""inner_rmse"":1.58162819829838},{""alpha"":0.1,""inner_rmse"":1.581639129952301},{""alpha"":1.0,""inner_rmse"":1.5817875593983801},{""alpha"":10.0,""inner_rmse"":1.58343264746687},{""alpha"":100.0,""inner_rmse"":1.583077156871743},{""alpha"":1000.0,""inner_rmse"":1.5305696317026118}]"	270	1	frozen_union_component
full	union_component_leave_one_out	component-11	gmolai_esm2_pocket_additive_S1	ridge_alpha	1000.0	"[{""alpha"":0.01,""inner_rmse"":3.0497412320687576},{""alpha"":0.1,""inner_rmse"":2.745918146832915},{""alpha"":1.0,""inner_rmse"":2.2941400404506913},{""alpha"":10.0,""inner_rmse"":1.9558627322409965},{""alpha"":100.0,""inner_rmse"":1.6968321598520526},{""alpha"":1000.0,""inner_rmse"":1.470396016812017}]"	270	1	frozen_union_component
full	union_component_leave_one_out	component-11	gmolai_esm2_pocket_tensor_S1	ridge_alpha	1000.0	"[{""alpha"":0.01,""inner_rmse"":2.4361560406136777},{""alpha"":0.1,""inner_rmse"":2.3106963714071824},{""alpha"":1.0,""inner_rmse"":2.0515459508323257},{""alpha"":10.0,""inner_rmse"":1.8664155783678207},{""alpha"":100.0,""inner_rmse"":1.6834037475178905},{""alpha"":1000.0,""inner_rmse"":1.471613724282605}]"	270	1	frozen_union_component
full	union_component_leave_one_out	component-11	ecfp_esm2_pocket_additive_S0	ridge_alpha	1000.0	"[{""alpha"":0.01,""inner_rmse"":1.8224473286513467},{""alpha"":0.1,""inner_rmse"":1.6891133012226067},{""alpha"":1.0,""inner_rmse"":1.5534746745171444},{""alpha"":10.0,""inner_rmse"":1.5352969921444892},{""alpha"":100.0,""inner_rmse"":1.5291826431605433},{""alpha"":1000.0,""inner_rmse"":1.485498532164695}]"	270	1	frozen_union_component
full	union_component_leave_one_out	component-11	ecfp_esm2_pocket_tensor_S0	ridge_alpha	1000.0	"[{""alpha"":0.01,""inner_rmse"":1.8122360936603412},{""alpha"":0.1,""inner_rmse"":1.6822400892418075},{""alpha"":1.0,""inner_rmse"":1.5512375285801705},{""alpha"":10.0,""inner_rmse"":1.5324420516407287},{""alpha"":100.0,""inner_rmse"":1.5260155966344036},{""alpha"":1000.0,""inner_rmse"":1.4833772192864905}]"	270	1	frozen_union_component
full	union_component_leave_one_out	component-11	ligand_ecfp_knn	knn_k	5	"[{""inner_rmse"":2.1816813473022956,""k"":1},{""inner_rmse"":1.8547195500626432,""k"":3},{""inner_rmse"":1.680573678105194,""k"":5}]"	270	1	frozen_union_component
full	union_component_leave_one_out	component-11	ligand_gmolai_knn	knn_k	5	"[{""inner_rmse"":1.983816998506836,""k"":1},{""inner_rmse"":1.750510332781528,""k"":3},{""inner_rmse"":1.7096001560011524,""k"":5}]"	270	1	frozen_union_component
full	union_component_leave_one_out	component-11	sequence_identity_target_knn	knn_k	5	"[{""inner_rmse"":1.750680736727952,""k"":1},{""inner_rmse"":1.623955450673995,""k"":3},{""inner_rmse"":1.5635418581455316,""k"":5}]"	270	1	frozen_union_component
full	union_component_leave_one_out	component-11	esm2_cosine_target_knn	knn_k	3	"[{""inner_rmse"":2.143470939423231,""k"":1},{""inner_rmse"":1.524775228498643,""k"":3},{""inner_rmse"":1.5676010337105963,""k"":5}]"	270	1	frozen_union_component
full	union_component_leave_one_out	component-11	structure_global_usalign_target_knn_S1	knn_k	5	"[{""inner_rmse"":1.8508365351561584,""k"":1},{""inner_rmse"":1.5742727196550543,""k"":3},{""inner_rmse"":1.5604942020583796,""k"":5}]"	270	1	frozen_union_component
full	union_component_leave_one_out	component-11	structure_pocket_usalign_target_knn_S1	knn_k	5	"[{""inner_rmse"":1.9790185088963936,""k"":1},{""inner_rmse"":1.6294332189375484,""k"":3},{""inner_rmse"":1.5663454066405222,""k"":5}]"	270	1	frozen_union_component
full	union_component_leave_one_out	component-11	pocket_descriptor_target_knn_S1	knn_k	5	"[{""inner_rmse"":1.9176937235061566,""k"":1},{""inner_rmse"":1.6298771063479172,""k"":3},{""inner_rmse"":1.5418059992168662,""k"":5}]"	270	1	frozen_union_component
full	union_component_leave_one_out	component-12	nuisance_ridge	ridge_alpha	100.0	"[{""alpha"":0.01,""inner_rmse"":1.4731924027830052},{""alpha"":0.1,""inner_rmse"":1.4723978263335225},{""alpha"":1.0,""inner_rmse"":1.4647935673835268},{""alpha"":10.0,""inner_rmse"":1.4134053170511895},{""alpha"":100.0,""inner_rmse"":1.3612517019334318},{""alpha"":1000.0,""inner_rmse"":1.4128942407883616}]"	267	4	frozen_union_component
full	union_component_leave_one_out	component-12	ligand_ecfp_ridge	ridge_alpha	1000.0	"[{""alpha"":0.01,""inner_rmse"":1.5901286675781827},{""alpha"":0.1,""inner_rmse"":1.5901140868833008},{""alpha"":1.0,""inner_rmse"":1.5899743404194038},{""alpha"":10.0,""inner_rmse"":1.5882125049769253},{""alpha"":100.0,""inner_rmse"":1.5667228008921517},{""alpha"":1000.0,""inner_rmse"":1.483063092600496}]"	267	4	frozen_union_component
full	union_component_leave_one_out	component-12	ligand_gmolai_ridge	ridge_alpha	1000.0	"[{""alpha"":0.01,""inner_rmse"":2.811643004120141},{""alpha"":0.1,""inner_rmse"":2.4975701612254766},{""alpha"":1.0,""inner_rmse"":2.161762826325262},{""alpha"":10.0,""inner_rmse"":1.8400240553461795},{""alpha"":100.0,""inner_rmse"":1.5831063077338519},{""alpha"":1000.0,""inner_rmse"":1.4111679514378817}]"	267	4	frozen_union_component
full	union_component_leave_one_out	component-12	pocket_ridge_S0	ridge_alpha	1000.0	"[{""alpha"":0.01,""inner_rmse"":5.09563593855454},{""alpha"":0.1,""inner_rmse"":3.317507504754984},{""alpha"":1.0,""inner_rmse"":2.2259545658808344},{""alpha"":10.0,""inner_rmse"":1.6980601366505832},{""alpha"":100.0,""inner_rmse"":1.3673625327106436},{""alpha"":1000.0,""inner_rmse"":1.3554057452986366}]"	267	4	frozen_union_component
full	union_component_leave_one_out	component-12	pocket_ridge_S1	ridge_alpha	1000.0	"[{""alpha"":0.01,""inner_rmse"":2.353974309575423},{""alpha"":0.1,""inner_rmse"":2.2725040426048366},{""alpha"":1.0,""inner_rmse"":2.0106550428440007},{""alpha"":10.0,""inner_rmse"":1.6217851389782598},{""alpha"":100.0,""inner_rmse"":1.363663153549841},{""alpha"":1000.0,""inner_rmse"":1.3548440565779536}]"	267	4	frozen_union_component
full	union_component_leave_one_out	component-12	sequence_esm2_ridge	ridge_alpha	1000.0	"[{""alpha"":0.01,""inner_rmse"":4.937257220083674},{""alpha"":0.1,""inner_rmse"":4.468542663481044},{""alpha"":1.0,""inner_rmse"":3.628003038400404},{""alpha"":10.0,""inner_rmse"":2.631294203097589},{""alpha"":100.0,""inner_rmse"":1.8466152467544283},{""alpha"":1000.0,""inner_rmse"":1.5822296084344751}]"	267	4	frozen_union_component
full	union_component_leave_one_out	component-12	ecfp_esm2_additive	ridge_alpha	1000.0	"[{""alpha"":0.01,""inner_rmse"":1.5671711809104067},{""alpha"":0.1,""inner_rmse"":1.566756251680792},{""alpha"":1.0,""inner_rmse"":1.5663673358943007},{""alpha"":10.0,""inner_rmse"":1.5683948052725818},{""alpha"":100.0,""inner_rmse"":1.5648252750066554},{""alpha"":1000.0,""inner_rmse"":1.509383491675318}]"	267	4	frozen_union_component
full	union_component_leave_one_out	component-12	gmolai_esm2_additive	ridge_alpha	1000.0	"[{""alpha"":0.01,""inner_rmse"":2.6432190499673203},{""alpha"":0.1,""inner_rmse"":2.3605728454365034},{""alpha"":1.0,""inner_rmse"":2.1430663361277036},{""alpha"":10.0,""inner_rmse"":2.019260775827383},{""alpha"":100.0,""inner_rmse"":1.7584634732497921},{""alpha"":1000.0,""inner_rmse"":1.4934633740435277}]"	267	4	frozen_union_component
full	union_component_leave_one_out	component-12	ecfp_pocket_additive_S1	ridge_alpha	1000.0	"[{""alpha"":0.01,""inner_rmse"":1.5093897805819418},{""alpha"":0.1,""inner_rmse"":1.5092645746260045},{""alpha"":1.0,""inner_rmse"":1.508185153495728},{""alpha"":10.0,""inner_rmse"":1.5022677944163987},{""alpha"":100.0,""inner_rmse"":1.4797796280053903},{""alpha"":1000.0,""inner_rmse"":1.4252161100463459}]"	267	4	frozen_union_component
full	union_component_leave_one_out	component-12	ecfp_pocket_tensor_S1	ridge_alpha	1000.0	"[{""alpha"":0.01,""inner_rmse"":1.5023469994111252},{""alpha"":0.1,""inner_rmse"":1.5022710992569004},{""alpha"":1.0,""inner_rmse"":1.5015922451418493},{""alpha"":10.0,""inner_rmse"":1.4968912473544378},{""alpha"":100.0,""inner_rmse"":1.4750480586346535},{""alpha"":1000.0,""inner_rmse"":1.4227342148877031}]"	267	4	frozen_union_component
full	union_component_leave_one_out	component-12	ecfp_esm2_pocket_additive_S1	ridge_alpha	1000.0	"[{""alpha"":0.01,""inner_rmse"":1.5121181898223697},{""alpha"":0.1,""inner_rmse"":1.5121278845632131},{""alpha"":1.0,""inner_rmse"":1.5121923471976002},{""alpha"":10.0,""inner_rmse"":1.5119161094360454},{""alpha"":100.0,""inner_rmse"":1.5053416842204714},{""alpha"":1000.0,""inner_rmse"":1.4654708963935879}]"	267	4	frozen_union_component
full	union_component_leave_one_out	component-12	ecfp_esm2_pocket_tensor_S1	ridge_alpha	1000.0	"[{""alpha"":0.01,""inner_rmse"":1.5095309023349461},{""alpha"":0.1,""inner_rmse"":1.5095395478253344},{""alpha"":1.0,""inner_rmse"":1.5095994163846491},{""alpha"":10.0,""inner_rmse"":1.509351675236851},{""alpha"":100.0,""inner_rmse"":1.502834184723581},{""alpha"":1000.0,""inner_rmse"":1.4639505311883378}]"	267	4	frozen_union_component
full	union_component_leave_one_out	component-12	ecfp_esm2_permuted_pocket_tensor_S1	ridge_alpha	1000.0	"[{""alpha"":0.01,""inner_rmse"":1.561861638253455},{""alpha"":0.1,""inner_rmse"":1.5618726530157079},{""alpha"":1.0,""inner_rmse"":1.5620135755219073},{""alpha"":10.0,""inner_rmse"":1.5636133146856999},{""alpha"":100.0,""inner_rmse"":1.5634149977877474},{""alpha"":1000.0,""inner_rmse"":1.5139518053216632}]"	267	4	frozen_union_component
full	union_component_leave_one_out	component-12	gmolai_esm2_pocket_additive_S1	ridge_alpha	1000.0	"[{""alpha"":0.01,""inner_rmse"":2.4056012734110124},{""alpha"":0.1,""inner_rmse"":2.219837064777276},{""alpha"":1.0,""inner_rmse"":2.030111497529831},{""alpha"":10.0,""inner_rmse"":1.8405222450720038},{""alpha"":100.0,""inner_rmse"":1.6425670416180167},{""alpha"":1000.0,""inner_rmse"":1.4456621136489776}]"	267	4	frozen_union_component
full	union_component_leave_one_out	component-12	gmolai_esm2_pocket_tensor_S1	ridge_alpha	1000.0	"[{""alpha"":0.01,""inner_rmse"":2.101667444238373},{""alpha"":0.1,""inner_rmse"":2.0003984741482896},{""alpha"":1.0,""inner_rmse"":1.8449626883080583},{""alpha"":10.0,""inner_rmse"":1.7498632428105425},{""alpha"":100.0,""inner_rmse"":1.6158069096117795},{""alpha"":1000.0,""inner_rmse"":1.4431583546073987}]"	267	4	frozen_union_component
full	union_component_leave_one_out	component-12	ecfp_esm2_pocket_additive_S0	ridge_alpha	1000.0	"[{""alpha"":0.01,""inner_rmse"":1.8135658679535949},{""alpha"":0.1,""inner_rmse"":1.6734345962595318},{""alpha"":1.0,""inner_rmse"":1.534383920869634},{""alpha"":10.0,""inner_rmse"":1.5149112948167551},{""alpha"":100.0,""inner_rmse"":1.5084783557327917},{""alpha"":1000.0,""inner_rmse"":1.4680301859284823}]"	267	4	frozen_union_component
full	union_component_leave_one_out	component-12	ecfp_esm2_pocket_tensor_S0	ridge_alpha	1000.0	"[{""alpha"":0.01,""inner_rmse"":1.77509014521795},{""alpha"":0.1,""inner_rmse"":1.6520831682157653},{""alpha"":1.0,""inner_rmse"":1.5330455437463573},{""alpha"":10.0,""inner_rmse"":1.5129707747750127},{""alpha"":100.0,""inner_rmse"":1.5063511031152133},{""alpha"":1000.0,""inner_rmse"":1.4665979406309766}]"	267	4	frozen_union_component
full	union_component_leave_one_out	component-12	ligand_ecfp_knn	knn_k	5	"[{""inner_rmse"":2.1578734663596104,""k"":1},{""inner_rmse"":1.803331215346823,""k"":3},{""inner_rmse"":1.6441891887298237,""k"":5}]"	267	4	frozen_union_component
full	union_component_leave_one_out	component-12	ligand_gmolai_knn	knn_k	5	"[{""inner_rmse"":1.891609606079592,""k"":1},{""inner_rmse"":1.6627869307503258,""k"":3},{""inner_rmse"":1.6008171367604482,""k"":5}]"	267	4	frozen_union_component
full	union_component_leave_one_out	component-12	sequence_identity_target_knn	knn_k	5	"[{""inner_rmse"":1.702056460331818,""k"":1},{""inner_rmse"":1.5485507319198937,""k"":3},{""inner_rmse"":1.5109482632373898,""k"":5}]"	267	4	frozen_union_component
full	union_component_leave_one_out	component-12	esm2_cosine_target_knn	knn_k	5	"[{""inner_rmse"":2.1167561625913835,""k"":1},{""inner_rmse"":1.623711551591569,""k"":3},{""inner_rmse"":1.5691700849875454,""k"":5}]"	267	4	frozen_union_component
full	union_component_leave_one_out	component-12	structure_global_usalign_target_knn_S1	knn_k	5	"[{""inner_rmse"":1.84886466176956,""k"":1},{""inner_rmse"":1.6553822457364957,""k"":3},{""inner_rmse"":1.5687529837496297,""k"":5}]"	267	4	frozen_union_component
full	union_component_leave_one_out	component-12	structure_pocket_usalign_target_knn_S1	knn_k	5	"[{""inner_rmse"":1.8202945218043212,""k"":1},{""inner_rmse"":1.6018598024734072,""k"":3},{""inner_rmse"":1.5422195209429668,""k"":5}]"	267	4	frozen_union_component
full	union_component_leave_one_out	component-12	pocket_descriptor_target_knn_S1	knn_k	5	"[{""inner_rmse"":1.625536808516149,""k"":1},{""inner_rmse"":1.4844656900019417,""k"":3},{""inner_rmse"":1.4446921007477054,""k"":5}]"	267	4	frozen_union_component
full	union_component_leave_one_out	component-13	nuisance_ridge	ridge_alpha	100.0	"[{""alpha"":0.01,""inner_rmse"":1.4146255376087575},{""alpha"":0.1,""inner_rmse"":1.4137363595953323},{""alpha"":1.0,""inner_rmse"":1.405328745593748},{""alpha"":10.0,""inner_rmse"":1.3539965395547873},{""alpha"":100.0,""inner_rmse"":1.3358171623681319},{""alpha"":1000.0,""inner_rmse"":1.4110449580982711}]"	263	8	frozen_union_component
full	union_component_leave_one_out	component-13	ligand_ecfp_ridge	ridge_alpha	1000.0	"[{""alpha"":0.01,""inner_rmse"":1.5586177534705425},{""alpha"":0.1,""inner_rmse"":1.558656309045939},{""alpha"":1.0,""inner_rmse"":1.5589420661903615},{""alpha"":10.0,""inner_rmse"":1.5586420426704626},{""alpha"":100.0,""inner_rmse"":1.5434331024319776},{""alpha"":1000.0,""inner_rmse"":1.478162862269588}]"	263	8	frozen_union_component
full	union_component_leave_one_out	component-13	ligand_gmolai_ridge	ridge_alpha	1000.0	"[{""alpha"":0.01,""inner_rmse"":2.6333447701828416},{""alpha"":0.1,""inner_rmse"":2.407879837409242},{""alpha"":1.0,""inner_rmse"":2.1878071987233643},{""alpha"":10.0,""inner_rmse"":1.830088520450386},{""alpha"":100.0,""inner_rmse"":1.550878683013556},{""alpha"":1000.0,""inner_rmse"":1.3786800610742174}]"	263	8	frozen_union_component
full	union_component_leave_one_out	component-13	pocket_ridge_S0	ridge_alpha	1000.0	"[{""alpha"":0.01,""inner_rmse"":5.999474027375758},{""alpha"":0.1,""inner_rmse"":2.7210115753899093},{""alpha"":1.0,""inner_rmse"":1.9267937461730404},{""alpha"":10.0,""inner_rmse"":1.605003416624367},{""alpha"":100.0,""inner_rmse"":1.416427895424161},{""alpha"":1000.0,""inner_rmse"":1.3829474756866067}]"	263	8	frozen_union_component
full	union_component_leave_one_out	component-13	pocket_ridge_S1	ridge_alpha	1000.0	"[{""alpha"":0.01,""inner_rmse"":3.6637768352782807},{""alpha"":0.1,""inner_rmse"":3.294388954609556},{""alpha"":1.0,""inner_rmse"":2.298496718313609},{""alpha"":10.0,""inner_rmse"":1.64578559644333},{""alpha"":100.0,""inner_rmse"":1.4189605708611055},{""alpha"":1000.0,""inner_rmse"":1.3790171768950967}]"	263	8	frozen_union_component
full	union_component_leave_one_out	component-13	sequence_esm2_ridge	ridge_alpha	1000.0	"[{""alpha"":0.01,""inner_rmse"":7.988508716154676},{""alpha"":0.1,""inner_rmse"":7.34560816250068},{""alpha"":1.0,""inner_rmse"":5.038450858270646},{""alpha"":10.0,""inner_rmse"":2.944342144128224},{""alpha"":100.0,""inner_rmse"":1.9103570363831588},{""alpha"":1000.0,""inner_rmse"":1.624229875110588}]"	263	8	frozen_union_component
full	union_component_leave_one_out	component-13	ecfp_esm2_additive	ridge_alpha	1000.0	"[{""alpha"":0.01,""inner_rmse"":1.6525504452849349},{""alpha"":0.1,""inner_rmse"":1.6523358794478158},{""alpha"":1.0,""inner_rmse"":1.6523218571477547},{""alpha"":10.0,""inner_rmse"":1.6529044852987251},{""alpha"":100.0,""inner_rmse"":1.6415570188072666},{""alpha"":1000.0,""inner_rmse"":1.5688419815265855}]"	263	8	frozen_union_component
full	union_component_leave_one_out	component-13	gmolai_esm2_additive	ridge_alpha	1000.0	"[{""alpha"":0.01,""inner_rmse"":2.7411404062209526},{""alpha"":0.1,""inner_rmse"":2.4679614064383153},{""alpha"":1.0,""inner_rmse"":2.184764960882423},{""alpha"":10.0,""inner_rmse"":2.0825713885295527},{""alpha"":100.0,""inner_rmse"":1.8185087668375577},{""alpha"":1000.0,""inner_rmse"":1.5362199132577903}]"	263	8	frozen_union_component
full	union_component_leave_one_out	component-13	ecfp_pocket_additive_S1	ridge_alpha	1000.0	"[{""alpha"":0.01,""inner_rmse"":1.5046271031600933},{""alpha"":0.1,""inner_rmse"":1.5045588190368673},{""alpha"":1.0,""inner_rmse"":1.5039531099763344},{""alpha"":10.0,""inner_rmse"":1.4998117020907769},{""alpha"":100.0,""inner_rmse"":1.4802453164094378},{""alpha"":1000.0,""inner_rmse"":1.4331581162026388}]"	263	8	frozen_union_component
full	union_component_leave_one_out	component-13	ecfp_pocket_tensor_S1	ridge_alpha	1000.0	"[{""alpha"":0.01,""inner_rmse"":1.5062656806481887},{""alpha"":0.1,""inner_rmse"":1.5061987604831066},{""alpha"":1.0,""inner_rmse"":1.505583025093258},{""alpha"":10.0,""inner_rmse"":1.5011361053221346},{""alpha"":100.0,""inner_rmse"":1.4810261332687447},{""alpha"":1000.0,""inner_rmse"":1.4342889159573793}]"	263	8	frozen_union_component
full	union_component_leave_one_out	component-13	ecfp_esm2_pocket_additive_S1	ridge_alpha	1000.0	"[{""alpha"":0.01,""inner_rmse"":1.5996780781805537},{""alpha"":0.1,""inner_rmse"":1.599692753327451},{""alpha"":1.0,""inner_rmse"":1.5998004985351915},{""alpha"":10.0,""inner_rmse"":1.5993814310135042},{""alpha"":100.0,""inner_rmse"":1.588940025936097},{""alpha"":1000.0,""inner_rmse"":1.5328551509627772}]"	263	8	frozen_union_component
full	union_component_leave_one_out	component-13	ecfp_esm2_pocket_tensor_S1	ridge_alpha	1000.0	"[{""alpha"":0.01,""inner_rmse"":1.597812835499065},{""alpha"":0.1,""inner_rmse"":1.5978190703938868},{""alpha"":1.0,""inner_rmse"":1.5978543140825578},{""alpha"":10.0,""inner_rmse"":1.5971217267792404},{""alpha"":100.0,""inner_rmse"":1.5864243528012252},{""alpha"":1000.0,""inner_rmse"":1.5314671167080838}]"	263	8	frozen_union_component
full	union_component_leave_one_out	component-13	ecfp_esm2_permuted_pocket_tensor_S1	ridge_alpha	1000.0	"[{""alpha"":0.01,""inner_rmse"":1.6264130132307972},{""alpha"":0.1,""inner_rmse"":1.6264184873212673},{""alpha"":1.0,""inner_rmse"":1.626466692460697},{""alpha"":10.0,""inner_rmse"":1.6262850706926952},{""alpha"":100.0,""inner_rmse"":1.6186485608943493},{""alpha"":1000.0,""inner_rmse"":1.559102496985373}]"	263	8	frozen_union_component
full	union_component_leave_one_out	component-13	gmolai_esm2_pocket_additive_S1	ridge_alpha	1000.0	"[{""alpha"":0.01,""inner_rmse"":2.3869140501929986},{""alpha"":0.1,""inner_rmse"":2.2370476063979114},{""alpha"":1.0,""inner_rmse"":2.033078146613881},{""alpha"":10.0,""inner_rmse"":1.9073323222486547},{""alpha"":100.0,""inner_rmse"":1.7267014279108874},{""alpha"":1000.0,""inner_rmse"":1.5024166936481906}]"	263	8	frozen_union_component
full	union_component_leave_one_out	component-13	gmolai_esm2_pocket_tensor_S1	ridge_alpha	1000.0	"[{""alpha"":0.01,""inner_rmse"":2.3742128956135544},{""alpha"":0.1,""inner_rmse"":2.217585597968814},{""alpha"":1.0,""inner_rmse"":1.9506447214881129},{""alpha"":10.0,""inner_rmse"":1.8187707092731629},{""alpha"":100.0,""inner_rmse"":1.7089492653269498},{""alpha"":1000.0,""inner_rmse"":1.5043501699241628}]"	263	8	frozen_union_component
full	union_component_leave_one_out	component-13	ecfp_esm2_pocket_additive_S0	ridge_alpha	1000.0	"[{""alpha"":0.01,""inner_rmse"":1.8644510087467654},{""alpha"":0.1,""inner_rmse"":1.7672401480748372},{""alpha"":1.0,""inner_rmse"":1.623373684260617},{""alpha"":10.0,""inner_rmse"":1.600071433052901},{""alpha"":100.0,""inner_rmse"":1.5904262055313834},{""alpha"":1000.0,""inner_rmse"":1.535204049919251}]"	263	8	frozen_union_component
full	union_component_leave_one_out	component-13	ecfp_esm2_pocket_tensor_S0	ridge_alpha	1000.0	"[{""alpha"":0.01,""inner_rmse"":1.8551383804463453},{""alpha"":0.1,""inner_rmse"":1.758813467802337},{""alpha"":1.0,""inner_rmse"":1.6214630936688492},{""alpha"":10.0,""inner_rmse"":1.5977473613660622},{""alpha"":100.0,""inner_rmse"":1.5877224363419975},{""alpha"":1000.0,""inner_rmse"":1.533660779759305}]"	263	8	frozen_union_component
full	union_component_leave_one_out	component-13	ligand_ecfp_knn	knn_k	5	"[{""inner_rmse"":2.032874567028575,""k"":1},{""inner_rmse"":1.7245365854148957,""k"":3},{""inner_rmse"":1.6173197013142775,""k"":5}]"	263	8	frozen_union_component
full	union_component_leave_one_out	component-13	ligand_gmolai_knn	knn_k	3	"[{""inner_rmse"":1.8442254408449905,""k"":1},{""inner_rmse"":1.5949456406871143,""k"":3},{""inner_rmse"":1.5962305296798855,""k"":5}]"	263	8	frozen_union_component
full	union_component_leave_one_out	component-13	sequence_identity_target_knn	knn_k	5	"[{""inner_rmse"":1.6541982201353929,""k"":1},{""inner_rmse"":1.6050607142135533,""k"":3},{""inner_rmse"":1.5409176363916697,""k"":5}]"	263	8	frozen_union_component
full	union_component_leave_one_out	component-13	esm2_cosine_target_knn	knn_k	5	"[{""inner_rmse"":2.068989472161378,""k"":1},{""inner_rmse"":1.570010441827336,""k"":3},{""inner_rmse"":1.5595312455912158,""k"":5}]"	263	8	frozen_union_component
full	union_component_leave_one_out	component-13	structure_global_usalign_target_knn_S1	knn_k	5	"[{""inner_rmse"":1.7628611506640601,""k"":1},{""inner_rmse"":1.5344725980309857,""k"":3},{""inner_rmse"":1.532845781775216,""k"":5}]"	263	8	frozen_union_component
full	union_component_leave_one_out	component-13	structure_pocket_usalign_target_knn_S1	knn_k	5	"[{""inner_rmse"":1.8942005048673465,""k"":1},{""inner_rmse"":1.6080219724809945,""k"":3},{""inner_rmse"":1.5713057450202628,""k"":5}]"	263	8	frozen_union_component
full	union_component_leave_one_out	component-13	pocket_descriptor_target_knn_S1	knn_k	5	"[{""inner_rmse"":1.962324349740179,""k"":1},{""inner_rmse"":1.6419942795635236,""k"":3},{""inner_rmse"":1.5228023505130432,""k"":5}]"	263	8	frozen_union_component
full	union_component_leave_one_out	component-14	nuisance_ridge	ridge_alpha	10.0	"[{""alpha"":0.01,""inner_rmse"":1.314346184920702},{""alpha"":0.1,""inner_rmse"":1.3138512440913253},{""alpha"":1.0,""inner_rmse"":1.3093593472401994},{""alpha"":10.0,""inner_rmse"":1.29289002733836},{""alpha"":100.0,""inner_rmse"":1.3805726865010803},{""alpha"":1000.0,""inner_rmse"":1.4730865519729397}]"	68	203	frozen_union_component
full	union_component_leave_one_out	component-14	ligand_ecfp_ridge	ridge_alpha	100.0	"[{""alpha"":0.01,""inner_rmse"":1.421237053996131},{""alpha"":0.1,""inner_rmse"":1.4212142115651083},{""alpha"":1.0,""inner_rmse"":1.420994404505552},{""alpha"":10.0,""inner_rmse"":1.4194506507836846},{""alpha"":100.0,""inner_rmse"":1.4179429637144176},{""alpha"":1000.0,""inner_rmse"":1.43012300483112}]"	68	203	frozen_union_component
full	union_component_leave_one_out	component-14	ligand_gmolai_ridge	ridge_alpha	1000.0	"[{""alpha"":0.01,""inner_rmse"":2.5060071814361815},{""alpha"":0.1,""inner_rmse"":2.500555963286865},{""alpha"":1.0,""inner_rmse"":2.4455315403456073},{""alpha"":10.0,""inner_rmse"":2.1428494837402705},{""alpha"":100.0,""inner_rmse"":1.7587031875113028},{""alpha"":1000.0,""inner_rmse"":1.4815020241399472}]"	68	203	frozen_union_component
full	union_component_leave_one_out	component-14	pocket_ridge_S0	ridge_alpha	100.0	"[{""alpha"":0.01,""inner_rmse"":8.933008323659191},{""alpha"":0.1,""inner_rmse"":5.588483199188427},{""alpha"":1.0,""inner_rmse"":3.3522084640184415},{""alpha"":10.0,""inner_rmse"":1.8625089775407178},{""alpha"":100.0,""inner_rmse"":1.271902354683614},{""alpha"":1000.0,""inner_rmse"":1.3456452550262605}]"	68	203	frozen_union_component
full	union_component_leave_one_out	component-14	pocket_ridge_S1	ridge_alpha	100.0	"[{""alpha"":0.01,""inner_rmse"":2.982022736375843},{""alpha"":0.1,""inner_rmse"":2.7287188507778835},{""alpha"":1.0,""inner_rmse"":2.0011231648566543},{""alpha"":10.0,""inner_rmse"":1.5058913400370917},{""alpha"":100.0,""inner_rmse"":1.243417413522531},{""alpha"":1000.0,""inner_rmse"":1.3358985222695359}]"	68	203	frozen_union_component
full	union_component_leave_one_out	component-14	sequence_esm2_ridge	ridge_alpha	1000.0	"[{""alpha"":0.01,""inner_rmse"":5.830094238898814},{""alpha"":0.1,""inner_rmse"":5.162024733993917},{""alpha"":1.0,""inner_rmse"":3.1721514074347437},{""alpha"":10.0,""inner_rmse"":2.235823196014806},{""alpha"":100.0,""inner_rmse"":1.6853875989850744},{""alpha"":1000.0,""inner_rmse"":1.4756491119280482}]"	68	203	frozen_union_component
full	union_component_leave_one_out	component-14	ecfp_esm2_additive	ridge_alpha	1000.0	"[{""alpha"":0.01,""inner_rmse"":1.4828783388590598},{""alpha"":0.1,""inner_rmse"":1.4881516910141481},{""alpha"":1.0,""inner_rmse"":1.4988893046045788},{""alpha"":10.0,""inner_rmse"":1.4973066238225021},{""alpha"":100.0,""inner_rmse"":1.4760921153096744},{""alpha"":1000.0,""inner_rmse"":1.4487664260237532}]"	68	203	frozen_union_component
full	union_component_leave_one_out	component-14	gmolai_esm2_additive	ridge_alpha	1000.0	"[{""alpha"":0.01,""inner_rmse"":2.6200835516244556},{""alpha"":0.1,""inner_rmse"":2.6210909913702354},{""alpha"":1.0,""inner_rmse"":2.5877601449311505},{""alpha"":10.0,""inner_rmse"":2.3481770021921946},{""alpha"":100.0,""inner_rmse"":1.8533754773781226},{""alpha"":1000.0,""inner_rmse"":1.516083558359596}]"	68	203	frozen_union_component
full	union_component_leave_one_out	component-14	ecfp_pocket_additive_S1	ridge_alpha	100.0	"[{""alpha"":0.01,""inner_rmse"":1.3093060977082895},{""alpha"":0.1,""inner_rmse"":1.3091875338494565},{""alpha"":1.0,""inner_rmse"":1.3080770697945643},{""alpha"":10.0,""inner_rmse"":1.3012313267298579},{""alpha"":100.0,""inner_rmse"":1.2956116914172062},{""alpha"":1000.0,""inner_rmse"":1.346817990953154}]"	68	203	frozen_union_component
full	union_component_leave_one_out	component-14	ecfp_pocket_tensor_S1	ridge_alpha	100.0	"[{""alpha"":0.01,""inner_rmse"":1.3064826622908818},{""alpha"":0.1,""inner_rmse"":1.306374815762699},{""alpha"":1.0,""inner_rmse"":1.3053668524412476},{""alpha"":10.0,""inner_rmse"":1.2993220938148933},{""alpha"":100.0,""inner_rmse"":1.296670677300599},{""alpha"":1000.0,""inner_rmse"":1.349558691365502}]"	68	203	frozen_union_component
full	union_component_leave_one_out	component-14	ecfp_esm2_pocket_additive_S1	ridge_alpha	1000.0	"[{""alpha"":0.01,""inner_rmse"":1.4567883368816288},{""alpha"":0.1,""inner_rmse"":1.4567437478811402},{""alpha"":1.0,""inner_rmse"":1.4562875694567585},{""alpha"":10.0,""inner_rmse"":1.4516139598160687},{""alpha"":100.0,""inner_rmse"":1.4304341631167747},{""alpha"":1000.0,""inner_rmse"":1.411709551916918}]"	68	203	frozen_union_component
full	union_component_leave_one_out	component-14	ecfp_esm2_pocket_tensor_S1	ridge_alpha	1000.0	"[{""alpha"":0.01,""inner_rmse"":1.4555303931278176},{""alpha"":0.1,""inner_rmse"":1.455480454831828},{""alpha"":1.0,""inner_rmse"":1.4549799862892907},{""alpha"":10.0,""inner_rmse"":1.4502901854844072},{""alpha"":100.0,""inner_rmse"":1.430185730390764},{""alpha"":1000.0,""inner_rmse"":1.4119916741366918}]"	68	203	frozen_union_component
full	union_component_leave_one_out	component-14	ecfp_esm2_permuted_pocket_tensor_S1	ridge_alpha	1000.0	"[{""alpha"":0.01,""inner_rmse"":1.517751906989588},{""alpha"":0.1,""inner_rmse"":1.517694646388322},{""alpha"":1.0,""inner_rmse"":1.5171341319773968},{""alpha"":10.0,""inner_rmse"":1.5124962490926497},{""alpha"":100.0,""inner_rmse"":1.4944755832417023},{""alpha"":1000.0,""inner_rmse"":1.4686663608699357}]"	68	203	frozen_union_component
full	union_component_leave_one_out	component-14	gmolai_esm2_pocket_additive_S1	ridge_alpha	1000.0	"[{""alpha"":0.01,""inner_rmse"":2.581013578988211},{""alpha"":0.1,""inner_rmse"":2.5750482857234815},{""alpha"":1.0,""inner_rmse"":2.525351813837768},{""alpha"":10.0,""inner_rmse"":2.2864567701032112},{""alpha"":100.0,""inner_rmse"":1.8200837471964748},{""alpha"":1000.0,""inner_rmse"":1.4844550934376382}]"	68	203	frozen_union_component
full	union_component_leave_one_out	component-14	gmolai_esm2_pocket_tensor_S1	ridge_alpha	1000.0	"[{""alpha"":0.01,""inner_rmse"":2.359239452526365},{""alpha"":0.1,""inner_rmse"":2.3548707219311247},{""alpha"":1.0,""inner_rmse"":2.319768926299678},{""alpha"":10.0,""inner_rmse"":2.1567859410440726},{""alpha"":100.0,""inner_rmse"":1.7867864533824573},{""alpha"":1000.0,""inner_rmse"":1.4799520239799664}]"	68	203	frozen_union_component
full	union_component_leave_one_out	component-14	ecfp_esm2_pocket_additive_S0	ridge_alpha	1000.0	"[{""alpha"":0.01,""inner_rmse"":1.6314839431706176},{""alpha"":0.1,""inner_rmse"":1.5824865180903318},{""alpha"":1.0,""inner_rmse"":1.481226135811474},{""alpha"":10.0,""inner_rmse"":1.4510973341072506},{""alpha"":100.0,""inner_rmse"":1.4305666575479632},{""alpha"":1000.0,""inner_rmse"":1.41321377709919}]"	68	203	frozen_union_component
full	union_component_leave_one_out	component-14	ecfp_esm2_pocket_tensor_S0	ridge_alpha	1000.0	"[{""alpha"":0.01,""inner_rmse"":1.6001110140077803},{""alpha"":0.1,""inner_rmse"":1.559443999911984},{""alpha"":1.0,""inner_rmse"":1.4739352357546585},{""alpha"":10.0,""inner_rmse"":1.44844784057652},{""alpha"":100.0,""inner_rmse"":1.42980357459651},{""alpha"":1000.0,""inner_rmse"":1.4137671882090002}]"	68	203	frozen_union_component
full	union_component_leave_one_out	component-14	ligand_ecfp_knn	knn_k	5	"[{""inner_rmse"":2.0446463714078154,""k"":1},{""inner_rmse"":1.6389627157709037,""k"":3},{""inner_rmse"":1.5861239335676645,""k"":5}]"	68	203	frozen_union_component
full	union_component_leave_one_out	component-14	ligand_gmolai_knn	knn_k	5	"[{""inner_rmse"":2.162728841208565,""k"":1},{""inner_rmse"":1.7291733848066961,""k"":3},{""inner_rmse"":1.724204549789291,""k"":5}]"	68	203	frozen_union_component
full	union_component_leave_one_out	component-14	sequence_identity_target_knn	knn_k	3	"[{""inner_rmse"":1.8133036963521088,""k"":1},{""inner_rmse"":1.554094021823814,""k"":3},{""inner_rmse"":1.6554949497866962,""k"":5}]"	68	203	frozen_union_component
full	union_component_leave_one_out	component-14	esm2_cosine_target_knn	knn_k	5	"[{""inner_rmse"":1.8880796299871365,""k"":1},{""inner_rmse"":1.4558209150053787,""k"":3},{""inner_rmse"":1.3930461730153882,""k"":5}]"	68	203	frozen_union_component
full	union_component_leave_one_out	component-14	structure_global_usalign_target_knn_S1	knn_k	5	"[{""inner_rmse"":2.29125045957438,""k"":1},{""inner_rmse"":1.6913731477795624,""k"":3},{""inner_rmse"":1.5413544465580318,""k"":5}]"	68	203	frozen_union_component
full	union_component_leave_one_out	component-14	structure_pocket_usalign_target_knn_S1	knn_k	5	"[{""inner_rmse"":2.363571820294302,""k"":1},{""inner_rmse"":1.9855024394601575,""k"":3},{""inner_rmse"":1.8339873458240776,""k"":5}]"	68	203	frozen_union_component
full	union_component_leave_one_out	component-14	pocket_descriptor_target_knn_S1	knn_k	3	"[{""inner_rmse"":1.8334738240154926,""k"":1},{""inner_rmse"":1.2960877268979563,""k"":3},{""inner_rmse"":1.3587702589248374,""k"":5}]"	68	203	frozen_union_component
full	union_component_leave_one_out	component-15	nuisance_ridge	ridge_alpha	100.0	"[{""alpha"":0.01,""inner_rmse"":1.4777650288913038},{""alpha"":0.1,""inner_rmse"":1.4767859960616856},{""alpha"":1.0,""inner_rmse"":1.4674232465143884},{""alpha"":10.0,""inner_rmse"":1.4047416145362943},{""alpha"":100.0,""inner_rmse"":1.3505091125796618},{""alpha"":1000.0,""inner_rmse"":1.4200326678303101}]"	269	2	frozen_union_component
full	union_component_leave_one_out	component-15	ligand_ecfp_ridge	ridge_alpha	1000.0	"[{""alpha"":0.01,""inner_rmse"":1.5954442868445415},{""alpha"":0.1,""inner_rmse"":1.59542264278017},{""alpha"":1.0,""inner_rmse"":1.595241351612427},{""alpha"":10.0,""inner_rmse"":1.5937022281850288},{""alpha"":100.0,""inner_rmse"":1.5752115005116103},{""alpha"":1000.0,""inner_rmse"":1.4961029557986967}]"	269	2	frozen_union_component
full	union_component_leave_one_out	component-15	ligand_gmolai_ridge	ridge_alpha	1000.0	"[{""alpha"":0.01,""inner_rmse"":3.114023924525329},{""alpha"":0.1,""inner_rmse"":2.8325919670020414},{""alpha"":1.0,""inner_rmse"":2.4378587723979086},{""alpha"":10.0,""inner_rmse"":2.0208258378619335},{""alpha"":100.0,""inner_rmse"":1.679847141690093},{""alpha"":1000.0,""inner_rmse"":1.4461125468167795}]"	269	2	frozen_union_component
full	union_component_leave_one_out	component-15	pocket_ridge_S0	ridge_alpha	1000.0	"[{""alpha"":0.01,""inner_rmse"":4.848457921178815},{""alpha"":0.1,""inner_rmse"":3.50166914242992},{""alpha"":1.0,""inner_rmse"":2.2151092003813524},{""alpha"":10.0,""inner_rmse"":1.6320159885818937},{""alpha"":100.0,""inner_rmse"":1.4235296695505169},{""alpha"":1000.0,""inner_rmse"":1.3778315091790836}]"	269	2	frozen_union_component
full	union_component_leave_one_out	component-15	pocket_ridge_S1	ridge_alpha	1000.0	"[{""alpha"":0.01,""inner_rmse"":3.914137715320243},{""alpha"":0.1,""inner_rmse"":3.5096622218633744},{""alpha"":1.0,""inner_rmse"":2.3825013937058923},{""alpha"":10.0,""inner_rmse"":1.6648546229767736},{""alpha"":100.0,""inner_rmse"":1.425847025943224},{""alpha"":1000.0,""inner_rmse"":1.3764946772341382}]"	269	2	frozen_union_component
full	union_component_leave_one_out	component-15	sequence_esm2_ridge	ridge_alpha	1000.0	"[{""alpha"":0.01,""inner_rmse"":7.928794821599911},{""alpha"":0.1,""inner_rmse"":7.20378470756801},{""alpha"":1.0,""inner_rmse"":4.813119127938441},{""alpha"":10.0,""inner_rmse"":2.7132303276067997},{""alpha"":100.0,""inner_rmse"":1.7981733227389873},{""alpha"":1000.0,""inner_rmse"":1.5563097522868625}]"	269	2	frozen_union_component
full	union_component_leave_one_out	component-15	ecfp_esm2_additive	ridge_alpha	1000.0	"[{""alpha"":0.01,""inner_rmse"":1.557249427544544},{""alpha"":0.1,""inner_rmse"":1.5562831214779185},{""alpha"":1.0,""inner_rmse"":1.5550422366941605},{""alpha"":10.0,""inner_rmse"":1.556758501346293},{""alpha"":100.0,""inner_rmse"":1.5536524859606622},{""alpha"":1000.0,""inner_rmse"":1.5022726202264034}]"	269	2	frozen_union_component
full	union_component_leave_one_out	component-15	gmolai_esm2_additive	ridge_alpha	1000.0	"[{""alpha"":0.01,""inner_rmse"":3.1949989604718443},{""alpha"":0.1,""inner_rmse"":2.841118036039128},{""alpha"":1.0,""inner_rmse"":2.3949198086499033},{""alpha"":10.0,""inner_rmse"":2.1365539296783846},{""alpha"":100.0,""inner_rmse"":1.782105254874676},{""alpha"":1000.0,""inner_rmse"":1.498073785706482}]"	269	2	frozen_union_component
full	union_component_leave_one_out	component-15	ecfp_pocket_additive_S1	ridge_alpha	1000.0	"[{""alpha"":0.01,""inner_rmse"":1.5152001743925645},{""alpha"":0.1,""inner_rmse"":1.5150233263571549},{""alpha"":1.0,""inner_rmse"":1.5135089414813705},{""alpha"":10.0,""inner_rmse"":1.506301076855321},{""alpha"":100.0,""inner_rmse"":1.4861988663769499},{""alpha"":1000.0,""inner_rmse"":1.4373364830980753}]"	269	2	frozen_union_component
full	union_component_leave_one_out	component-15	ecfp_pocket_tensor_S1	ridge_alpha	1000.0	"[{""alpha"":0.01,""inner_rmse"":1.5115746684529572},{""alpha"":0.1,""inner_rmse"":1.51141134267665},{""alpha"":1.0,""inner_rmse"":1.5099827693595993},{""alpha"":10.0,""inner_rmse"":1.5027245078809626},{""alpha"":100.0,""inner_rmse"":1.4825604598996303},{""alpha"":1000.0,""inner_rmse"":1.4357295076769316}]"	269	2	frozen_union_component
full	union_component_leave_one_out	component-15	ecfp_esm2_pocket_additive_S1	ridge_alpha	1000.0	"[{""alpha"":0.01,""inner_rmse"":1.498893538005447},{""alpha"":0.1,""inner_rmse"":1.4988911736189954},{""alpha"":1.0,""inner_rmse"":1.4988745958269512},{""alpha"":10.0,""inner_rmse"":1.4985978675887603},{""alpha"":100.0,""inner_rmse"":1.4934301667911327},{""alpha"":1000.0,""inner_rmse"":1.4588042284333753}]"	269	2	frozen_union_component
full	union_component_leave_one_out	component-15	ecfp_esm2_pocket_tensor_S1	ridge_alpha	1000.0	"[{""alpha"":0.01,""inner_rmse"":1.4970611771128137},{""alpha"":0.1,""inner_rmse"":1.497051856088444},{""alpha"":1.0,""inner_rmse"":1.4969759522918331},{""alpha"":10.0,""inner_rmse"":1.4964489670969525},{""alpha"":100.0,""inner_rmse"":1.4910199401289685},{""alpha"":1000.0,""inner_rmse"":1.4573152011150035}]"	269	2	frozen_union_component
full	union_component_leave_one_out	component-15	ecfp_esm2_permuted_pocket_tensor_S1	ridge_alpha	1000.0	"[{""alpha"":0.01,""inner_rmse"":1.5435430098664897},{""alpha"":0.1,""inner_rmse"":1.5435325115243044},{""alpha"":1.0,""inner_rmse"":1.5435149587360102},{""alpha"":10.0,""inner_rmse"":1.5447981838998175},{""alpha"":100.0,""inner_rmse"":1.5454176975300091},{""alpha"":1000.0,""inner_rmse"":1.5028164113613214}]"	269	2	frozen_union_component
full	union_component_leave_one_out	component-15	gmolai_esm2_pocket_additive_S1	ridge_alpha	1000.0	"[{""alpha"":0.01,""inner_rmse"":3.0618494158229774},{""alpha"":0.1,""inner_rmse"":2.764194396726309},{""alpha"":1.0,""inner_rmse"":2.330382848482297},{""alpha"":10.0,""inner_rmse"":1.9625981472867788},{""alpha"":100.0,""inner_rmse"":1.6558106025735067},{""alpha"":1000.0,""inner_rmse"":1.4495650616729718}]"	269	2	frozen_union_component
full	union_component_leave_one_out	component-15	gmolai_esm2_pocket_tensor_S1	ridge_alpha	1000.0	"[{""alpha"":0.01,""inner_rmse"":2.4078807163584894},{""alpha"":0.1,""inner_rmse"":2.3066659653150405},{""alpha"":1.0,""inner_rmse"":2.077562496195387},{""alpha"":10.0,""inner_rmse"":1.8573371147382844},{""alpha"":100.0,""inner_rmse"":1.6438658008040827},{""alpha"":1000.0,""inner_rmse"":1.4492694081431594}]"	269	2	frozen_union_component
full	union_component_leave_one_out	component-15	ecfp_esm2_pocket_additive_S0	ridge_alpha	1000.0	"[{""alpha"":0.01,""inner_rmse"":1.8095799542400457},{""alpha"":0.1,""inner_rmse"":1.6705328024421897},{""alpha"":1.0,""inner_rmse"":1.5255899683868615},{""alpha"":10.0,""inner_rmse"":1.5028431117629373},{""alpha"":100.0,""inner_rmse"":1.4977852658234927},{""alpha"":1000.0,""inner_rmse"":1.4622739151721698}]"	269	2	frozen_union_component
full	union_component_leave_one_out	component-15	ecfp_esm2_pocket_tensor_S0	ridge_alpha	1000.0	"[{""alpha"":0.01,""inner_rmse"":1.7899038417419095},{""alpha"":0.1,""inner_rmse"":1.657786442565365},{""alpha"":1.0,""inner_rmse"":1.5223410899375276},{""alpha"":10.0,""inner_rmse"":1.500649454915872},{""alpha"":100.0,""inner_rmse"":1.4953473123265595},{""alpha"":1000.0,""inner_rmse"":1.46075370796424}]"	269	2	frozen_union_component
full	union_component_leave_one_out	component-15	ligand_ecfp_knn	knn_k	5	"[{""inner_rmse"":2.1783386673761704,""k"":1},{""inner_rmse"":1.8407346120525727,""k"":3},{""inner_rmse"":1.6669551716291722,""k"":5}]"	269	2	frozen_union_component
full	union_component_leave_one_out	component-15	ligand_gmolai_knn	knn_k	5	"[{""inner_rmse"":1.997572357360144,""k"":1},{""inner_rmse"":1.7569589298427892,""k"":3},{""inner_rmse"":1.7041833982748882,""k"":5}]"	269	2	frozen_union_component
full	union_component_leave_one_out	component-15	sequence_identity_target_knn	knn_k	5	"[{""inner_rmse"":1.6590529091088957,""k"":1},{""inner_rmse"":1.5725737186216238,""k"":3},{""inner_rmse"":1.539376460920942,""k"":5}]"	269	2	frozen_union_component
full	union_component_leave_one_out	component-15	esm2_cosine_target_knn	knn_k	3	"[{""inner_rmse"":2.123673994164632,""k"":1},{""inner_rmse"":1.5232358810309647,""k"":3},{""inner_rmse"":1.53199751735378,""k"":5}]"	269	2	frozen_union_component
full	union_component_leave_one_out	component-15	structure_global_usalign_target_knn_S1	knn_k	5	"[{""inner_rmse"":1.7541011128795674,""k"":1},{""inner_rmse"":1.564067173167846,""k"":3},{""inner_rmse"":1.5284516343830483,""k"":5}]"	269	2	frozen_union_component
full	union_component_leave_one_out	component-15	structure_pocket_usalign_target_knn_S1	knn_k	5	"[{""inner_rmse"":1.8094219902121276,""k"":1},{""inner_rmse"":1.6157327669148625,""k"":3},{""inner_rmse"":1.5426158586045153,""k"":5}]"	269	2	frozen_union_component
full	union_component_leave_one_out	component-15	pocket_descriptor_target_knn_S1	knn_k	5	"[{""inner_rmse"":1.893956492173111,""k"":1},{""inner_rmse"":1.6191971364552225,""k"":3},{""inner_rmse"":1.5510014457626504,""k"":5}]"	269	2	frozen_union_component
full	union_component_leave_one_out	component-16	nuisance_ridge	ridge_alpha	100.0	"[{""alpha"":0.01,""inner_rmse"":1.4682665698606403},{""alpha"":0.1,""inner_rmse"":1.467222348118673},{""alpha"":1.0,""inner_rmse"":1.457295016801169},{""alpha"":10.0,""inner_rmse"":1.3944114737209043},{""alpha"":100.0,""inner_rmse"":1.3667115370297738},{""alpha"":1000.0,""inner_rmse"":1.4448040497396253}]"	262	9	frozen_union_component
full	union_component_leave_one_out	component-16	ligand_ecfp_ridge	ridge_alpha	1000.0	"[{""alpha"":0.01,""inner_rmse"":1.562574925116574},{""alpha"":0.1,""inner_rmse"":1.5625744981141003},{""alpha"":1.0,""inner_rmse"":1.5625490077808835},{""alpha"":10.0,""inner_rmse"":1.561179133792915},{""alpha"":100.0,""inner_rmse"":1.542717326408414},{""alpha"":1000.0,""inner_rmse"":1.4836967736432805}]"	262	9	frozen_union_component
full	union_component_leave_one_out	component-16	ligand_gmolai_ridge	ridge_alpha	1000.0	"[{""alpha"":0.01,""inner_rmse"":2.5438711187650163},{""alpha"":0.1,""inner_rmse"":2.335908556215709},{""alpha"":1.0,""inner_rmse"":2.037132692025645},{""alpha"":10.0,""inner_rmse"":1.857077914762819},{""alpha"":100.0,""inner_rmse"":1.6091585224868323},{""alpha"":1000.0,""inner_rmse"":1.3871249941370962}]"	262	9	frozen_union_component
full	union_component_leave_one_out	component-16	pocket_ridge_S0	ridge_alpha	1000.0	"[{""alpha"":0.01,""inner_rmse"":5.655917654003821},{""alpha"":0.1,""inner_rmse"":4.2070263104601695},{""alpha"":1.0,""inner_rmse"":2.5114851993032006},{""alpha"":10.0,""inner_rmse"":1.7586436310145004},{""alpha"":100.0,""inner_rmse"":1.4337108257903544},{""alpha"":1000.0,""inner_rmse"":1.3925193247299332}]"	262	9	frozen_union_component
full	union_component_leave_one_out	component-16	pocket_ridge_S1	ridge_alpha	1000.0	"[{""alpha"":0.01,""inner_rmse"":3.5847055480996666},{""alpha"":0.1,""inner_rmse"":3.273207072712709},{""alpha"":1.0,""inner_rmse"":2.357511529248029},{""alpha"":10.0,""inner_rmse"":1.718166038984017},{""alpha"":100.0,""inner_rmse"":1.424280217829936},{""alpha"":1000.0,""inner_rmse"":1.3902121112722716}]"	262	9	frozen_union_component
full	union_component_leave_one_out	component-16	sequence_esm2_ridge	ridge_alpha	1000.0	"[{""alpha"":0.01,""inner_rmse"":8.18449729512384},{""alpha"":0.1,""inner_rmse"":7.382529275247199},{""alpha"":1.0,""inner_rmse"":4.87365281041785},{""alpha"":10.0,""inner_rmse"":2.7789861786075933},{""alpha"":100.0,""inner_rmse"":1.8400633092523373},{""alpha"":1000.0,""inner_rmse"":1.5769708371833921}]"	262	9	frozen_union_component
full	union_component_leave_one_out	component-16	ecfp_esm2_additive	ridge_alpha	1000.0	"[{""alpha"":0.01,""inner_rmse"":1.5388128166077937},{""alpha"":0.1,""inner_rmse"":1.537771119690768},{""alpha"":1.0,""inner_rmse"":1.536914366259376},{""alpha"":10.0,""inner_rmse"":1.540560837713879},{""alpha"":100.0,""inner_rmse"":1.5432861793961659},{""alpha"":1000.0,""inner_rmse"":1.504796747797864}]"	262	9	frozen_union_component
full	union_component_leave_one_out	component-16	gmolai_esm2_additive	ridge_alpha	1000.0	"[{""alpha"":0.01,""inner_rmse"":2.807803449913133},{""alpha"":0.1,""inner_rmse"":2.495801396946119},{""alpha"":1.0,""inner_rmse"":2.1212986241758216},{""alpha"":10.0,""inner_rmse"":1.872389437711868},{""alpha"":100.0,""inner_rmse"":1.6508786928058383},{""alpha"":1000.0,""inner_rmse"":1.4410462929592378}]"	262	9	frozen_union_component
full	union_component_leave_one_out	component-16	ecfp_pocket_additive_S1	ridge_alpha	1000.0	"[{""alpha"":0.01,""inner_rmse"":1.4699545062454262},{""alpha"":0.1,""inner_rmse"":1.4699708681672699},{""alpha"":1.0,""inner_rmse"":1.4701170857104833},{""alpha"":10.0,""inner_rmse"":1.4696022676733045},{""alpha"":100.0,""inner_rmse"":1.4575630344188353},{""alpha"":1000.0,""inner_rmse"":1.4285058995516344}]"	262	9	frozen_union_component
full	union_component_leave_one_out	component-16	ecfp_pocket_tensor_S1	ridge_alpha	1000.0	"[{""alpha"":0.01,""inner_rmse"":1.4656371029660153},{""alpha"":0.1,""inner_rmse"":1.4656448589142042},{""alpha"":1.0,""inner_rmse"":1.465721027707239},{""alpha"":10.0,""inner_rmse"":1.4651613680308542},{""alpha"":100.0,""inner_rmse"":1.454150379106905},{""alpha"":1000.0,""inner_rmse"":1.4280958961425518}]"	262	9	frozen_union_component
full	union_component_leave_one_out	component-16	ecfp_esm2_pocket_additive_S1	ridge_alpha	1000.0	"[{""alpha"":0.01,""inner_rmse"":1.473035928234062},{""alpha"":0.1,""inner_rmse"":1.4730971075203994},{""alpha"":1.0,""inner_rmse"":1.4736224124740334},{""alpha"":10.0,""inner_rmse"":1.4758781066796662},{""alpha"":100.0,""inner_rmse"":1.4776798020990174},{""alpha"":1000.0,""inner_rmse"":1.4583706350255947}]"	262	9	frozen_union_component
full	union_component_leave_one_out	component-16	ecfp_esm2_pocket_tensor_S1	ridge_alpha	1000.0	"[{""alpha"":0.01,""inner_rmse"":1.4711087443852884},{""alpha"":0.1,""inner_rmse"":1.4711618013076666},{""alpha"":1.0,""inner_rmse"":1.4716223164479139},{""alpha"":10.0,""inner_rmse"":1.4736774757914444},{""alpha"":100.0,""inner_rmse"":1.4753554359163057},{""alpha"":1000.0,""inner_rmse"":1.4572278679657915}]"	262	9	frozen_union_component
full	union_component_leave_one_out	component-16	ecfp_esm2_permuted_pocket_tensor_S1	ridge_alpha	1000.0	"[{""alpha"":0.01,""inner_rmse"":1.531917971238378},{""alpha"":0.1,""inner_rmse"":1.531974544302644},{""alpha"":1.0,""inner_rmse"":1.5325029798514713},{""alpha"":10.0,""inner_rmse"":1.535728881274958},{""alpha"":100.0,""inner_rmse"":1.5395208067549409},{""alpha"":1000.0,""inner_rmse"":1.5052426426632266}]"	262	9	frozen_union_component
full	union_component_leave_one_out	component-16	gmolai_esm2_pocket_additive_S1	ridge_alpha	1000.0	"[{""alpha"":0.01,""inner_rmse"":2.6765570472238505},{""alpha"":0.1,""inner_rmse"":2.4300207461984376},{""alpha"":1.0,""inner_rmse"":2.097187199461157},{""alpha"":10.0,""inner_rmse"":1.772059850843635},{""alpha"":100.0,""inner_rmse"":1.5559093279032534},{""alpha"":1000.0,""inner_rmse"":1.3979151459197185}]"	262	9	frozen_union_component
full	union_component_leave_one_out	component-16	gmolai_esm2_pocket_tensor_S1	ridge_alpha	1000.0	"[{""alpha"":0.01,""inner_rmse"":2.243096542403654},{""alpha"":0.1,""inner_rmse"":2.122816311975558},{""alpha"":1.0,""inner_rmse"":1.9388630309930217},{""alpha"":10.0,""inner_rmse"":1.7348601153522547},{""alpha"":100.0,""inner_rmse"":1.5636308703626056},{""alpha"":1000.0,""inner_rmse"":1.405557772317255}]"	262	9	frozen_union_component
full	union_component_leave_one_out	component-16	ecfp_esm2_pocket_additive_S0	ridge_alpha	1000.0	"[{""alpha"":0.01,""inner_rmse"":1.7981440294820885},{""alpha"":0.1,""inner_rmse"":1.6593356340807102},{""alpha"":1.0,""inner_rmse"":1.5074761550087088},{""alpha"":10.0,""inner_rmse"":1.4814720659437817},{""alpha"":100.0,""inner_rmse"":1.4819392687685595},{""alpha"":1000.0,""inner_rmse"":1.4614087835567586}]"	262	9	frozen_union_component
full	union_component_leave_one_out	component-16	ecfp_esm2_pocket_tensor_S0	ridge_alpha	1000.0	"[{""alpha"":0.01,""inner_rmse"":1.7850107089550933},{""alpha"":0.1,""inner_rmse"":1.6515257050019054},{""alpha"":1.0,""inner_rmse"":1.5045602868750123},{""alpha"":10.0,""inner_rmse"":1.478027732286706},{""alpha"":100.0,""inner_rmse"":1.478345280477611},{""alpha"":1000.0,""inner_rmse"":1.4595793671239612}]"	262	9	frozen_union_component
full	union_component_leave_one_out	component-16	ligand_ecfp_knn	knn_k	5	"[{""inner_rmse"":2.140549724588254,""k"":1},{""inner_rmse"":1.8010528022182697,""k"":3},{""inner_rmse"":1.6315676223783455,""k"":5}]"	262	9	frozen_union_component
full	union_component_leave_one_out	component-16	ligand_gmolai_knn	knn_k	5	"[{""inner_rmse"":1.9509214338974725,""k"":1},{""inner_rmse"":1.7161436471579452,""k"":3},{""inner_rmse"":1.6385287632440904,""k"":5}]"	262	9	frozen_union_component
full	union_component_leave_one_out	component-16	sequence_identity_target_knn	knn_k	5	"[{""inner_rmse"":1.7675746060723674,""k"":1},{""inner_rmse"":1.6391797959397498,""k"":3},{""inner_rmse"":1.610788638468337,""k"":5}]"	262	9	frozen_union_component
full	union_component_leave_one_out	component-16	esm2_cosine_target_knn	knn_k	5	"[{""inner_rmse"":2.1380601920104954,""k"":1},{""inner_rmse"":1.601046558037611,""k"":3},{""inner_rmse"":1.5668345200015155,""k"":5}]"	262	9	frozen_union_component
full	union_component_leave_one_out	component-16	structure_global_usalign_target_knn_S1	knn_k	5	"[{""inner_rmse"":1.8438777046277757,""k"":1},{""inner_rmse"":1.590855396195488,""k"":3},{""inner_rmse"":1.5702128037533774,""k"":5}]"	262	9	frozen_union_component
full	union_component_leave_one_out	component-16	structure_pocket_usalign_target_knn_S1	knn_k	5	"[{""inner_rmse"":1.9328269688762478,""k"":1},{""inner_rmse"":1.6467592935170363,""k"":3},{""inner_rmse"":1.600052809492438,""k"":5}]"	262	9	frozen_union_component
full	union_component_leave_one_out	component-16	pocket_descriptor_target_knn_S1	knn_k	5	"[{""inner_rmse"":2.0068265726048122,""k"":1},{""inner_rmse"":1.6690492319559436,""k"":3},{""inner_rmse"":1.5269160097618548,""k"":5}]"	262	9	frozen_union_component
full	union_component_leave_one_out	component-17	nuisance_ridge	ridge_alpha	100.0	"[{""alpha"":0.01,""inner_rmse"":1.472312119805648},{""alpha"":0.1,""inner_rmse"":1.4714108737066112},{""alpha"":1.0,""inner_rmse"":1.46278304353511},{""alpha"":10.0,""inner_rmse"":1.404554577601758},{""alpha"":100.0,""inner_rmse"":1.3530427837144157},{""alpha"":1000.0,""inner_rmse"":1.421009880424413}]"	269	2	frozen_union_component
full	union_component_leave_one_out	component-17	ligand_ecfp_ridge	ridge_alpha	1000.0	"[{""alpha"":0.01,""inner_rmse"":1.561367200220647},{""alpha"":0.1,""inner_rmse"":1.5613552840202911},{""alpha"":1.0,""inner_rmse"":1.5612642754092578},{""alpha"":10.0,""inner_rmse"":1.5603792611750988},{""alpha"":100.0,""inner_rmse"":1.5456160447110248},{""alpha"":1000.0,""inner_rmse"":1.479743663079025}]"	269	2	frozen_union_component
full	union_component_leave_one_out	component-17	ligand_gmolai_ridge	ridge_alpha	1000.0	"[{""alpha"":0.01,""inner_rmse"":2.913549740292381},{""alpha"":0.1,""inner_rmse"":2.619865506809438},{""alpha"":1.0,""inner_rmse"":2.2553083763298223},{""alpha"":10.0,""inner_rmse"":1.9245229376633741},{""alpha"":100.0,""inner_rmse"":1.642910771369465},{""alpha"":1000.0,""inner_rmse"":1.425432309815542}]"	269	2	frozen_union_component
full	union_component_leave_one_out	component-17	pocket_ridge_S0	ridge_alpha	1000.0	"[{""alpha"":0.01,""inner_rmse"":4.157652903633835},{""alpha"":0.1,""inner_rmse"":3.184769248923861},{""alpha"":1.0,""inner_rmse"":2.172116112110322},{""alpha"":10.0,""inner_rmse"":1.6415329090938713},{""alpha"":100.0,""inner_rmse"":1.4245676119058166},{""alpha"":1000.0,""inner_rmse"":1.377158273630999}]"	269	2	frozen_union_component
full	union_component_leave_one_out	component-17	pocket_ridge_S1	ridge_alpha	1000.0	"[{""alpha"":0.01,""inner_rmse"":3.609072533458418},{""alpha"":0.1,""inner_rmse"":3.174205288921392},{""alpha"":1.0,""inner_rmse"":2.325883767957577},{""alpha"":10.0,""inner_rmse"":1.6750505141391265},{""alpha"":100.0,""inner_rmse"":1.42239351175251},{""alpha"":1000.0,""inner_rmse"":1.375415368215178}]"	269	2	frozen_union_component
full	union_component_leave_one_out	component-17	sequence_esm2_ridge	ridge_alpha	1000.0	"[{""alpha"":0.01,""inner_rmse"":8.1021761472309},{""alpha"":0.1,""inner_rmse"":7.363812757777996},{""alpha"":1.0,""inner_rmse"":4.939152893684113},{""alpha"":10.0,""inner_rmse"":2.8719578672875006},{""alpha"":100.0,""inner_rmse"":1.825509372692281},{""alpha"":1000.0,""inner_rmse"":1.5719752990623856}]"	269	2	frozen_union_component
full	union_component_leave_one_out	component-17	ecfp_esm2_additive	ridge_alpha	1000.0	"[{""alpha"":0.01,""inner_rmse"":1.555328527003199},{""alpha"":0.1,""inner_rmse"":1.553245563507012},{""alpha"":1.0,""inner_rmse"":1.5502077002203607},{""alpha"":10.0,""inner_rmse"":1.5517384667655265},{""alpha"":100.0,""inner_rmse"":1.5491939283372982},{""alpha"":1000.0,""inner_rmse"":1.503176081181645}]"	269	2	frozen_union_component
full	union_component_leave_one_out	component-17	gmolai_esm2_additive	ridge_alpha	1000.0	"[{""alpha"":0.01,""inner_rmse"":3.0920805237544267},{""alpha"":0.1,""inner_rmse"":2.7602015448856307},{""alpha"":1.0,""inner_rmse"":2.365425343569775},{""alpha"":10.0,""inner_rmse"":2.1322880219351705},{""alpha"":100.0,""inner_rmse"":1.7846587421407585},{""alpha"":1000.0,""inner_rmse"":1.4962718249299312}]"	269	2	frozen_union_component
full	union_component_leave_one_out	component-17	ecfp_pocket_additive_S1	ridge_alpha	1000.0	"[{""alpha"":0.01,""inner_rmse"":1.4880293042196517},{""alpha"":0.1,""inner_rmse"":1.487892564604828},{""alpha"":1.0,""inner_rmse"":1.486754812500022},{""alpha"":10.0,""inner_rmse"":1.4816396974748358},{""alpha"":100.0,""inner_rmse"":1.4649127634870105},{""alpha"":1000.0,""inner_rmse"":1.4232015032658403}]"	269	2	frozen_union_component
full	union_component_leave_one_out	component-17	ecfp_pocket_tensor_S1	ridge_alpha	1000.0	"[{""alpha"":0.01,""inner_rmse"":1.4858656437501934},{""alpha"":0.1,""inner_rmse"":1.485747137198626},{""alpha"":1.0,""inner_rmse"":1.4847213749861967},{""alpha"":10.0,""inner_rmse"":1.4794396010819133},{""alpha"":100.0,""inner_rmse"":1.4622261090556898},{""alpha"":1000.0,""inner_rmse"":1.4221309811887863}]"	269	2	frozen_union_component
full	union_component_leave_one_out	component-17	ecfp_esm2_pocket_additive_S1	ridge_alpha	1000.0	"[{""alpha"":0.01,""inner_rmse"":1.4998715828956006},{""alpha"":0.1,""inner_rmse"":1.499889908418774},{""alpha"":1.0,""inner_rmse"":1.5000476585215903},{""alpha"":10.0,""inner_rmse"":1.500472127295401},{""alpha"":100.0,""inner_rmse"":1.4957525025159186},{""alpha"":1000.0,""inner_rmse"":1.4624776866201272}]"	269	2	frozen_union_component
full	union_component_leave_one_out	component-17	ecfp_esm2_pocket_tensor_S1	ridge_alpha	1000.0	"[{""alpha"":0.01,""inner_rmse"":1.499202995611996},{""alpha"":0.1,""inner_rmse"":1.4992131653269327},{""alpha"":1.0,""inner_rmse"":1.4993011008020747},{""alpha"":10.0,""inner_rmse"":1.4994274053183185},{""alpha"":100.0,""inner_rmse"":1.494307794049825},{""alpha"":1000.0,""inner_rmse"":1.4614416670062078}]"	269	2	frozen_union_component
full	union_component_leave_one_out	component-17	ecfp_esm2_permuted_pocket_tensor_S1	ridge_alpha	1000.0	"[{""alpha"":0.01,""inner_rmse"":1.5414410041652373},{""alpha"":0.1,""inner_rmse"":1.541445544511696},{""alpha"":1.0,""inner_rmse"":1.5415514250555629},{""alpha"":10.0,""inner_rmse"":1.5433130919581375},{""alpha"":100.0,""inner_rmse"":1.544945829426835},{""alpha"":1000.0,""inner_rmse"":1.5063919468723848}]"	269	2	frozen_union_component
full	union_component_leave_one_out	component-17	gmolai_esm2_pocket_additive_S1	ridge_alpha	1000.0	"[{""alpha"":0.01,""inner_rmse"":2.9673419561715306},{""alpha"":0.1,""inner_rmse"":2.683549569342668},{""alpha"":1.0,""inner_rmse"":2.2736132080193134},{""alpha"":10.0,""inner_rmse"":1.9559287696533347},{""alpha"":100.0,""inner_rmse"":1.678729038451158},{""alpha"":1000.0,""inner_rmse"":1.452911710055772}]"	269	2	frozen_union_component
full	union_component_leave_one_out	component-17	gmolai_esm2_pocket_tensor_S1	ridge_alpha	1000.0	"[{""alpha"":0.01,""inner_rmse"":2.39266896730816},{""alpha"":0.1,""inner_rmse"":2.2763413488551563},{""alpha"":1.0,""inner_rmse"":2.0374163932766565},{""alpha"":10.0,""inner_rmse"":1.856850650063583},{""alpha"":100.0,""inner_rmse"":1.6662850045374464},{""alpha"":1000.0,""inner_rmse"":1.454478520587314}]"	269	2	frozen_union_component
full	union_component_leave_one_out	component-17	ecfp_esm2_pocket_additive_S0	ridge_alpha	1000.0	"[{""alpha"":0.01,""inner_rmse"":1.808041315701594},{""alpha"":0.1,""inner_rmse"":1.666019294725074},{""alpha"":1.0,""inner_rmse"":1.524213413834359},{""alpha"":10.0,""inner_rmse"":1.5041900688096235},{""alpha"":100.0,""inner_rmse"":1.4998797631018084},{""alpha"":1000.0,""inner_rmse"":1.4659552879369497}]"	269	2	frozen_union_component
full	union_component_leave_one_out	component-17	ecfp_esm2_pocket_tensor_S0	ridge_alpha	1000.0	"[{""alpha"":0.01,""inner_rmse"":1.7984714724853443},{""alpha"":0.1,""inner_rmse"":1.6586426252132058},{""alpha"":1.0,""inner_rmse"":1.5231467715285183},{""alpha"":10.0,""inner_rmse"":1.5038866973963179},{""alpha"":100.0,""inner_rmse"":1.4990184690420512},{""alpha"":1000.0,""inner_rmse"":1.4653665845891077}]"	269	2	frozen_union_component
full	union_component_leave_one_out	component-17	ligand_ecfp_knn	knn_k	5	"[{""inner_rmse"":2.1708307057659613,""k"":1},{""inner_rmse"":1.8244422686748125,""k"":3},{""inner_rmse"":1.6400900859162717,""k"":5}]"	269	2	frozen_union_component
full	union_component_leave_one_out	component-17	ligand_gmolai_knn	knn_k	5	"[{""inner_rmse"":2.024307590824494,""k"":1},{""inner_rmse"":1.7877235881250355,""k"":3},{""inner_rmse"":1.7187518181105563,""k"":5}]"	269	2	frozen_union_component
full	union_component_leave_one_out	component-17	sequence_identity_target_knn	knn_k	5	"[{""inner_rmse"":1.640107140157312,""k"":1},{""inner_rmse"":1.5530621540016203,""k"":3},{""inner_rmse"":1.5229086750395797,""k"":5}]"	269	2	frozen_union_component
full	union_component_leave_one_out	component-17	esm2_cosine_target_knn	knn_k	5	"[{""inner_rmse"":2.1540876460302787,""k"":1},{""inner_rmse"":1.5761944033995179,""k"":3},{""inner_rmse"":1.5735091097149845,""k"":5}]"	269	2	frozen_union_component
full	union_component_leave_one_out	component-17	structure_global_usalign_target_knn_S1	knn_k	5	"[{""inner_rmse"":1.762484717416861,""k"":1},{""inner_rmse"":1.5618234227920262,""k"":3},{""inner_rmse"":1.5440713541644544,""k"":5}]"	269	2	frozen_union_component
full	union_component_leave_one_out	component-17	structure_pocket_usalign_target_knn_S1	knn_k	5	"[{""inner_rmse"":1.918402369676703,""k"":1},{""inner_rmse"":1.6083502614736522,""k"":3},{""inner_rmse"":1.5716842130156792,""k"":5}]"	269	2	frozen_union_component
full	union_component_leave_one_out	component-17	pocket_descriptor_target_knn_S1	knn_k	5	"[{""inner_rmse"":1.8734967680503098,""k"":1},{""inner_rmse"":1.6340244056381825,""k"":3},{""inner_rmse"":1.5642642154068584,""k"":5}]"	269	2	frozen_union_component
full	union_component_leave_one_out	component-18	nuisance_ridge	ridge_alpha	100.0	"[{""alpha"":0.01,""inner_rmse"":1.497120664629929},{""alpha"":0.1,""inner_rmse"":1.4960201127315456},{""alpha"":1.0,""inner_rmse"":1.4855046345561806},{""alpha"":10.0,""inner_rmse"":1.415577725528789},{""alpha"":100.0,""inner_rmse"":1.3549544800028401},{""alpha"":1000.0,""inner_rmse"":1.4260862534560872}]"	268	3	frozen_union_component
full	union_component_leave_one_out	component-18	ligand_ecfp_ridge	ridge_alpha	1000.0	"[{""alpha"":0.01,""inner_rmse"":1.595878188799646},{""alpha"":0.1,""inner_rmse"":1.5958584678151135},{""alpha"":1.0,""inner_rmse"":1.5956890581519372},{""alpha"":10.0,""inner_rmse"":1.5939809754180236},{""alpha"":100.0,""inner_rmse"":1.5735816243323122},{""alpha"":1000.0,""inner_rmse"":1.496159174917546}]"	268	3	frozen_union_component
full	union_component_leave_one_out	component-18	ligand_gmolai_ridge	ridge_alpha	1000.0	"[{""alpha"":0.01,""inner_rmse"":2.709501035212233},{""alpha"":0.1,""inner_rmse"":2.4844007925308014},{""alpha"":1.0,""inner_rmse"":2.2539475141965055},{""alpha"":10.0,""inner_rmse"":2.001891889917195},{""alpha"":100.0,""inner_rmse"":1.7025586297519437},{""alpha"":1000.0,""inner_rmse"":1.4534677111913916}]"	268	3	frozen_union_component
full	union_component_leave_one_out	component-18	pocket_ridge_S0	ridge_alpha	1000.0	"[{""alpha"":0.01,""inner_rmse"":4.848280545609833},{""alpha"":0.1,""inner_rmse"":3.7031403054997982},{""alpha"":1.0,""inner_rmse"":2.2608817716879286},{""alpha"":10.0,""inner_rmse"":1.6310062883061156},{""alpha"":100.0,""inner_rmse"":1.4208447563004158},{""alpha"":1000.0,""inner_rmse"":1.3785980451024644}]"	268	3	frozen_union_component
full	union_component_leave_one_out	component-18	pocket_ridge_S1	ridge_alpha	1000.0	"[{""alpha"":0.01,""inner_rmse"":3.6828880591891746},{""alpha"":0.1,""inner_rmse"":3.2613472487636126},{""alpha"":1.0,""inner_rmse"":2.3357962679568125},{""alpha"":10.0,""inner_rmse"":1.656437344450258},{""alpha"":100.0,""inner_rmse"":1.424939433903692},{""alpha"":1000.0,""inner_rmse"":1.3782309039500564}]"	268	3	frozen_union_component
full	union_component_leave_one_out	component-18	sequence_esm2_ridge	ridge_alpha	1000.0	"[{""alpha"":0.01,""inner_rmse"":8.269938250214482},{""alpha"":0.1,""inner_rmse"":7.536055107421127},{""alpha"":1.0,""inner_rmse"":5.091962986409934},{""alpha"":10.0,""inner_rmse"":2.94423485276455},{""alpha"":100.0,""inner_rmse"":1.9074402328508395},{""alpha"":1000.0,""inner_rmse"":1.6112040955500455}]"	268	3	frozen_union_component
full	union_component_leave_one_out	component-18	ecfp_esm2_additive	ridge_alpha	1000.0	"[{""alpha"":0.01,""inner_rmse"":1.5794504077906624},{""alpha"":0.1,""inner_rmse"":1.5788964058774522},{""alpha"":1.0,""inner_rmse"":1.5783879409409318},{""alpha"":10.0,""inner_rmse"":1.5812671162157195},{""alpha"":100.0,""inner_rmse"":1.5807721968597575},{""alpha"":1000.0,""inner_rmse"":1.5273172944456492}]"	268	3	frozen_union_component
full	union_component_leave_one_out	component-18	gmolai_esm2_additive	ridge_alpha	1000.0	"[{""alpha"":0.01,""inner_rmse"":2.9245130262740786},{""alpha"":0.1,""inner_rmse"":2.718705153431222},{""alpha"":1.0,""inner_rmse"":2.4712621025673975},{""alpha"":10.0,""inner_rmse"":2.255515605090448},{""alpha"":100.0,""inner_rmse"":1.8688509543521055},{""alpha"":1000.0,""inner_rmse"":1.5354798936450977}]"	268	3	frozen_union_component
full	union_component_leave_one_out	component-18	ecfp_pocket_additive_S1	ridge_alpha	1000.0	"[{""alpha"":0.01,""inner_rmse"":1.5170938795628606},{""alpha"":0.1,""inner_rmse"":1.516904290050217},{""alpha"":1.0,""inner_rmse"":1.5152846534047644},{""alpha"":10.0,""inner_rmse"":1.507525024832841},{""alpha"":100.0,""inner_rmse"":1.484910859176943},{""alpha"":1000.0,""inner_rmse"":1.4358171062681868}]"	268	3	frozen_union_component
full	union_component_leave_one_out	component-18	ecfp_pocket_tensor_S1	ridge_alpha	1000.0	"[{""alpha"":0.01,""inner_rmse"":1.5122073731918049},{""alpha"":0.1,""inner_rmse"":1.5120578719641211},{""alpha"":1.0,""inner_rmse"":1.510750929281361},{""alpha"":10.0,""inner_rmse"":1.5037864769256772},{""alpha"":100.0,""inner_rmse"":1.4817182772260278},{""alpha"":1000.0,""inner_rmse"":1.434445529956535}]"	268	3	frozen_union_component
full	union_component_leave_one_out	component-18	ecfp_esm2_pocket_additive_S1	ridge_alpha	1000.0	"[{""alpha"":0.01,""inner_rmse"":1.5189699972000892},{""alpha"":0.1,""inner_rmse"":1.5189787356049125},{""alpha"":1.0,""inner_rmse"":1.519077592251826},{""alpha"":10.0,""inner_rmse"":1.5197019813854633},{""alpha"":100.0,""inner_rmse"":1.516498293714569},{""alpha"":1000.0,""inner_rmse"":1.4796861088056195}]"	268	3	frozen_union_component
full	union_component_leave_one_out	component-18	ecfp_esm2_pocket_tensor_S1	ridge_alpha	1000.0	"[{""alpha"":0.01,""inner_rmse"":1.5180946861082723},{""alpha"":0.1,""inner_rmse"":1.5181002748589787},{""alpha"":1.0,""inner_rmse"":1.518174585230652},{""alpha"":10.0,""inner_rmse"":1.5187354015923566},{""alpha"":100.0,""inner_rmse"":1.5154369004479242},{""alpha"":1000.0,""inner_rmse"":1.478760778231743}]"	268	3	frozen_union_component
full	union_component_leave_one_out	component-18	ecfp_esm2_permuted_pocket_tensor_S1	ridge_alpha	1000.0	"[{""alpha"":0.01,""inner_rmse"":1.5689492764885895},{""alpha"":0.1,""inner_rmse"":1.5689609955214863},{""alpha"":1.0,""inner_rmse"":1.5691439045083995},{""alpha"":10.0,""inner_rmse"":1.5715567804604986},{""alpha"":100.0,""inner_rmse"":1.574399328336259},{""alpha"":1000.0,""inner_rmse"":1.5286644208943503}]"	268	3	frozen_union_component
full	union_component_leave_one_out	component-18	gmolai_esm2_pocket_additive_S1	ridge_alpha	1000.0	"[{""alpha"":0.01,""inner_rmse"":2.797872318186483},{""alpha"":0.1,""inner_rmse"":2.5706319072394677},{""alpha"":1.0,""inner_rmse"":2.293505779844264},{""alpha"":10.0,""inner_rmse"":2.035414615730684},{""alpha"":100.0,""inner_rmse"":1.7387707537169488},{""alpha"":1000.0,""inner_rmse"":1.4848983953030297}]"	268	3	frozen_union_component
full	union_component_leave_one_out	component-18	gmolai_esm2_pocket_tensor_S1	ridge_alpha	1000.0	"[{""alpha"":0.01,""inner_rmse"":2.2913899991669746},{""alpha"":0.1,""inner_rmse"":2.203415744105095},{""alpha"":1.0,""inner_rmse"":2.0580451961377615},{""alpha"":10.0,""inner_rmse"":1.9501310227940238},{""alpha"":100.0,""inner_rmse"":1.7322243931240606},{""alpha"":1000.0,""inner_rmse"":1.4856000455319458}]"	268	3	frozen_union_component
full	union_component_leave_one_out	component-18	ecfp_esm2_pocket_additive_S0	ridge_alpha	1000.0	"[{""alpha"":0.01,""inner_rmse"":1.8173327771428252},{""alpha"":0.1,""inner_rmse"":1.6734005713601603},{""alpha"":1.0,""inner_rmse"":1.5409568541505803},{""alpha"":10.0,""inner_rmse"":1.5237961087371974},{""alpha"":100.0,""inner_rmse"":1.5205594278147039},{""alpha"":1000.0,""inner_rmse"":1.4825099251592961}]"	268	3	frozen_union_component
full	union_component_leave_one_out	component-18	ecfp_esm2_pocket_tensor_S0	ridge_alpha	1000.0	"[{""alpha"":0.01,""inner_rmse"":1.80391574925671},{""alpha"":0.1,""inner_rmse"":1.6670542219027442},{""alpha"":1.0,""inner_rmse"":1.5409972589668819},{""alpha"":10.0,""inner_rmse"":1.523615747053034},{""alpha"":100.0,""inner_rmse"":1.5200639474675717},{""alpha"":1000.0,""inner_rmse"":1.4819240406160694}]"	268	3	frozen_union_component
full	union_component_leave_one_out	component-18	ligand_ecfp_knn	knn_k	5	"[{""inner_rmse"":2.1948959029701998,""k"":1},{""inner_rmse"":1.8470637150004796,""k"":3},{""inner_rmse"":1.6732732863656188,""k"":5}]"	268	3	frozen_union_component
full	union_component_leave_one_out	component-18	ligand_gmolai_knn	knn_k	5	"[{""inner_rmse"":1.9767356703680228,""k"":1},{""inner_rmse"":1.7712756830690264,""k"":3},{""inner_rmse"":1.6844090031434316,""k"":5}]"	268	3	frozen_union_component
full	union_component_leave_one_out	component-18	sequence_identity_target_knn	knn_k	5	"[{""inner_rmse"":1.7149361538924737,""k"":1},{""inner_rmse"":1.6069239547197554,""k"":3},{""inner_rmse"":1.555795848963305,""k"":5}]"	268	3	frozen_union_component
full	union_component_leave_one_out	component-18	esm2_cosine_target_knn	knn_k	5	"[{""inner_rmse"":2.1419649646898873,""k"":1},{""inner_rmse"":1.5902060295108977,""k"":3},{""inner_rmse"":1.577983750914465,""k"":5}]"	268	3	frozen_union_component
full	union_component_leave_one_out	component-18	structure_global_usalign_target_knn_S1	knn_k	5	"[{""inner_rmse"":1.8246835241015287,""k"":1},{""inner_rmse"":1.5737284569466068,""k"":3},{""inner_rmse"":1.5527716125455582,""k"":5}]"	268	3	frozen_union_component
full	union_component_leave_one_out	component-18	structure_pocket_usalign_target_knn_S1	knn_k	5	"[{""inner_rmse"":1.907604943564984,""k"":1},{""inner_rmse"":1.6582417121407045,""k"":3},{""inner_rmse"":1.55670245643148,""k"":5}]"	268	3	frozen_union_component
full	union_component_leave_one_out	component-18	pocket_descriptor_target_knn_S1	knn_k	5	"[{""inner_rmse"":1.7297710765038936,""k"":1},{""inner_rmse"":1.614781793699619,""k"":3},{""inner_rmse"":1.5374667536234066,""k"":5}]"	268	3	frozen_union_component
full	union_component_leave_one_out	component-19	nuisance_ridge	ridge_alpha	100.0	"[{""alpha"":0.01,""inner_rmse"":1.4832861210469521},{""alpha"":0.1,""inner_rmse"":1.482279026865685},{""alpha"":1.0,""inner_rmse"":1.4726410612029073},{""alpha"":10.0,""inner_rmse"":1.4077063657680422},{""alpha"":100.0,""inner_rmse"":1.348755746670133},{""alpha"":1000.0,""inner_rmse"":1.4208544673403343}]"	270	1	frozen_union_component
full	union_component_leave_one_out	component-19	ligand_ecfp_ridge	ridge_alpha	1000.0	"[{""alpha"":0.01,""inner_rmse"":1.6098471920332607},{""alpha"":0.1,""inner_rmse"":1.609844378740556},{""alpha"":1.0,""inner_rmse"":1.6098078685553872},{""alpha"":10.0,""inner_rmse"":1.6085129222712582},{""alpha"":100.0,""inner_rmse"":1.5882373010960973},{""alpha"":1000.0,""inner_rmse"":1.5023471868370706}]"	270	1	frozen_union_component
full	union_component_leave_one_out	component-19	ligand_gmolai_ridge	ridge_alpha	1000.0	"[{""alpha"":0.01,""inner_rmse"":2.917746129710319},{""alpha"":0.1,""inner_rmse"":2.604096062367787},{""alpha"":1.0,""inner_rmse"":2.230360180953569},{""alpha"":10.0,""inner_rmse"":1.9274281142495637},{""alpha"":100.0,""inner_rmse"":1.6652137446176545},{""alpha"":1000.0,""inner_rmse"":1.4399337673749772}]"	270	1	frozen_union_component
full	union_component_leave_one_out	component-19	pocket_ridge_S0	ridge_alpha	1000.0	"[{""alpha"":0.01,""inner_rmse"":5.371680845747034},{""alpha"":0.1,""inner_rmse"":3.495852236251894},{""alpha"":1.0,""inner_rmse"":2.128034234282089},{""alpha"":10.0,""inner_rmse"":1.6359570321018597},{""alpha"":100.0,""inner_rmse"":1.4112027282256228},{""alpha"":1000.0,""inner_rmse"":1.3732365954343235}]"	270	1	frozen_union_component
full	union_component_leave_one_out	component-19	pocket_ridge_S1	ridge_alpha	1000.0	"[{""alpha"":0.01,""inner_rmse"":3.5395782612576285},{""alpha"":0.1,""inner_rmse"":3.1456367778583245},{""alpha"":1.0,""inner_rmse"":2.3288031477671898},{""alpha"":10.0,""inner_rmse"":1.6820787057801891},{""alpha"":100.0,""inner_rmse"":1.4139006212235659},{""alpha"":1000.0,""inner_rmse"":1.3721180449133497}]"	270	1	frozen_union_component
full	union_component_leave_one_out	component-19	sequence_esm2_ridge	ridge_alpha	1000.0	"[{""alpha"":0.01,""inner_rmse"":8.673332535298591},{""alpha"":0.1,""inner_rmse"":7.8516330994601935},{""alpha"":1.0,""inner_rmse"":5.066068143393353},{""alpha"":10.0,""inner_rmse"":2.834797015273753},{""alpha"":100.0,""inner_rmse"":1.8999314310106699},{""alpha"":1000.0,""inner_rmse"":1.610545987552227}]"	270	1	frozen_union_component
full	union_component_leave_one_out	component-19	ecfp_esm2_additive	ridge_alpha	1000.0	"[{""alpha"":0.01,""inner_rmse"":1.594523607927674},{""alpha"":0.1,""inner_rmse"":1.5939595244009206},{""alpha"":1.0,""inner_rmse"":1.5934619885112615},{""alpha"":10.0,""inner_rmse"":1.595721325442172},{""alpha"":100.0,""inner_rmse"":1.5921153190389097},{""alpha"":1000.0,""inner_rmse"":1.5325560440633255}]"	270	1	frozen_union_component
full	union_component_leave_one_out	component-19	gmolai_esm2_additive	ridge_alpha	1000.0	"[{""alpha"":0.01,""inner_rmse"":3.1831333899680296},{""alpha"":0.1,""inner_rmse"":2.8334337954919535},{""alpha"":1.0,""inner_rmse"":2.368931780274463},{""alpha"":10.0,""inner_rmse"":2.126544249233353},{""alpha"":100.0,""inner_rmse"":1.8205034772598716},{""alpha"":1000.0,""inner_rmse"":1.5238026835687444}]"	270	1	frozen_union_component
full	union_component_leave_one_out	component-19	ecfp_pocket_additive_S1	ridge_alpha	1000.0	"[{""alpha"":0.01,""inner_rmse"":1.5222603347437174},{""alpha"":0.1,""inner_rmse"":1.522131255117289},{""alpha"":1.0,""inner_rmse"":1.5210170276959507},{""alpha"":10.0,""inner_rmse"":1.5150450171254592},{""alpha"":100.0,""inner_rmse"":1.494153524473834},{""alpha"":1000.0,""inner_rmse"":1.440625429354113}]"	270	1	frozen_union_component
full	union_component_leave_one_out	component-19	ecfp_pocket_tensor_S1	ridge_alpha	1000.0	"[{""alpha"":0.01,""inner_rmse"":1.519055950547049},{""alpha"":0.1,""inner_rmse"":1.518958491824358},{""alpha"":1.0,""inner_rmse"":1.5180775109654487},{""alpha"":10.0,""inner_rmse"":1.5124563277909744},{""alpha"":100.0,""inner_rmse"":1.491478073480579},{""alpha"":1000.0,""inner_rmse"":1.4396956443632651}]"	270	1	frozen_union_component
full	union_component_leave_one_out	component-19	ecfp_esm2_pocket_additive_S1	ridge_alpha	1000.0	"[{""alpha"":0.01,""inner_rmse"":1.5309694920138717},{""alpha"":0.1,""inner_rmse"":1.5309881606059859},{""alpha"":1.0,""inner_rmse"":1.531134921980465},{""alpha"":10.0,""inner_rmse"":1.5312177642535512},{""alpha"":100.0,""inner_rmse"":1.5252780440517812},{""alpha"":1000.0,""inner_rmse"":1.4841202794413382}]"	270	1	frozen_union_component
full	union_component_leave_one_out	component-19	ecfp_esm2_pocket_tensor_S1	ridge_alpha	1000.0	"[{""alpha"":0.01,""inner_rmse"":1.5276553053306858},{""alpha"":0.1,""inner_rmse"":1.5276663006990234},{""alpha"":1.0,""inner_rmse"":1.5277492612838737},{""alpha"":10.0,""inner_rmse"":1.5275978072807184},{""alpha"":100.0,""inner_rmse"":1.5216472652981596},{""alpha"":1000.0,""inner_rmse"":1.4822193430101738}]"	270	1	frozen_union_component
full	union_component_leave_one_out	component-19	ecfp_esm2_permuted_pocket_tensor_S1	ridge_alpha	1000.0	"[{""alpha"":0.01,""inner_rmse"":1.5796492362158578},{""alpha"":0.1,""inner_rmse"":1.5796635772427436},{""alpha"":1.0,""inner_rmse"":1.579845310364132},{""alpha"":10.0,""inner_rmse"":1.5817594305593128},{""alpha"":100.0,""inner_rmse"":1.5825559865035617},{""alpha"":1000.0,""inner_rmse"":1.5325860553632877}]"	270	1	frozen_union_component
full	union_component_leave_one_out	component-19	gmolai_esm2_pocket_additive_S1	ridge_alpha	1000.0	"[{""alpha"":0.01,""inner_rmse"":3.0501521073366185},{""alpha"":0.1,""inner_rmse"":2.758490670766039},{""alpha"":1.0,""inner_rmse"":2.3184020282405755},{""alpha"":10.0,""inner_rmse"":1.97272317189379},{""alpha"":100.0,""inner_rmse"":1.7017355950531594},{""alpha"":1000.0,""inner_rmse"":1.4729494427870613}]"	270	1	frozen_union_component
full	union_component_leave_one_out	component-19	gmolai_esm2_pocket_tensor_S1	ridge_alpha	1000.0	"[{""alpha"":0.01,""inner_rmse"":2.4482430510330055},{""alpha"":0.1,""inner_rmse"":2.327921796935885},{""alpha"":1.0,""inner_rmse"":2.0699207076688366},{""alpha"":10.0,""inner_rmse"":1.8796478255262823},{""alpha"":100.0,""inner_rmse"":1.6883131433488692},{""alpha"":1000.0,""inner_rmse"":1.473897079964212}]"	270	1	frozen_union_component
full	union_component_leave_one_out	component-19	ecfp_esm2_pocket_additive_S0	ridge_alpha	1000.0	"[{""alpha"":0.01,""inner_rmse"":1.8233267791041348},{""alpha"":0.1,""inner_rmse"":1.687576558293264},{""alpha"":1.0,""inner_rmse"":1.55260213110453},{""alpha"":10.0,""inner_rmse"":1.5344235003111184},{""alpha"":100.0,""inner_rmse"":1.5289260521768648},{""alpha"":1000.0,""inner_rmse"":1.4871430618856787}]"	270	1	frozen_union_component
full	union_component_leave_one_out	component-19	ecfp_esm2_pocket_tensor_S0	ridge_alpha	1000.0	"[{""alpha"":0.01,""inner_rmse"":1.8094329518286156},{""alpha"":0.1,""inner_rmse"":1.6772174672478648},{""alpha"":1.0,""inner_rmse"":1.54856000520958},{""alpha"":10.0,""inner_rmse"":1.53112076386819},{""alpha"":100.0,""inner_rmse"":1.5256815211152337},{""alpha"":1000.0,""inner_rmse"":1.4853914061833713}]"	270	1	frozen_union_component
full	union_component_leave_one_out	component-19	ligand_ecfp_knn	knn_k	5	"[{""inner_rmse"":2.2009643311642897,""k"":1},{""inner_rmse"":1.841713960702579,""k"":3},{""inner_rmse"":1.6789466785620442,""k"":5}]"	270	1	frozen_union_component
full	union_component_leave_one_out	component-19	ligand_gmolai_knn	knn_k	5	"[{""inner_rmse"":2.007145608634927,""k"":1},{""inner_rmse"":1.7489304003239332,""k"":3},{""inner_rmse"":1.7100155237502601,""k"":5}]"	270	1	frozen_union_component
full	union_component_leave_one_out	component-19	sequence_identity_target_knn	knn_k	5	"[{""inner_rmse"":1.6976115423607512,""k"":1},{""inner_rmse"":1.610600118283909,""k"":3},{""inner_rmse"":1.5481551049543383,""k"":5}]"	270	1	frozen_union_component
full	union_component_leave_one_out	component-19	esm2_cosine_target_knn	knn_k	5	"[{""inner_rmse"":2.201195507725772,""k"":1},{""inner_rmse"":1.5780455522775776,""k"":3},{""inner_rmse"":1.5726596007806422,""k"":5}]"	270	1	frozen_union_component
full	union_component_leave_one_out	component-19	structure_global_usalign_target_knn_S1	knn_k	3	"[{""inner_rmse"":1.8104933619512686,""k"":1},{""inner_rmse"":1.5382277811625926,""k"":3},{""inner_rmse"":1.5449084450734676,""k"":5}]"	270	1	frozen_union_component
full	union_component_leave_one_out	component-19	structure_pocket_usalign_target_knn_S1	knn_k	5	"[{""inner_rmse"":1.9040549586627227,""k"":1},{""inner_rmse"":1.645886973813063,""k"":3},{""inner_rmse"":1.5821075869945425,""k"":5}]"	270	1	frozen_union_component
full	union_component_leave_one_out	component-19	pocket_descriptor_target_knn_S1	knn_k	5	"[{""inner_rmse"":1.9362484058249858,""k"":1},{""inner_rmse"":1.6516397353785832,""k"":3},{""inner_rmse"":1.5299479695643186,""k"":5}]"	270	1	frozen_union_component
full	union_component_leave_one_out	component-20	nuisance_ridge	ridge_alpha	100.0	"[{""alpha"":0.01,""inner_rmse"":1.4753166970642058},{""alpha"":0.1,""inner_rmse"":1.4743433567169892},{""alpha"":1.0,""inner_rmse"":1.4650296715372428},{""alpha"":10.0,""inner_rmse"":1.4023671526077512},{""alpha"":100.0,""inner_rmse"":1.34734114701442},{""alpha"":1000.0,""inner_rmse"":1.4209440174887131}]"	270	1	frozen_union_component
full	union_component_leave_one_out	component-20	ligand_ecfp_ridge	ridge_alpha	1000.0	"[{""alpha"":0.01,""inner_rmse"":1.602572892365937},{""alpha"":0.1,""inner_rmse"":1.602570420232266},{""alpha"":1.0,""inner_rmse"":1.6025387960464683},{""alpha"":10.0,""inner_rmse"":1.6013202700731555},{""alpha"":100.0,""inner_rmse"":1.5816460670525496},{""alpha"":1000.0,""inner_rmse"":1.4984405950991502}]"	270	1	frozen_union_component
full	union_component_leave_one_out	component-20	ligand_gmolai_ridge	ridge_alpha	1000.0	"[{""alpha"":0.01,""inner_rmse"":2.8733333469204294},{""alpha"":0.1,""inner_rmse"":2.5928588776400567},{""alpha"":1.0,""inner_rmse"":2.2316976150216954},{""alpha"":10.0,""inner_rmse"":1.9376290154075115},{""alpha"":100.0,""inner_rmse"":1.6622150134141926},{""alpha"":1000.0,""inner_rmse"":1.44259932184799}]"	270	1	frozen_union_component
full	union_component_leave_one_out	component-20	pocket_ridge_S0	ridge_alpha	1000.0	"[{""alpha"":0.01,""inner_rmse"":3.6259199405615163},{""alpha"":0.1,""inner_rmse"":2.79237867349042},{""alpha"":1.0,""inner_rmse"":2.1104787805275036},{""alpha"":10.0,""inner_rmse"":1.6308770816235327},{""alpha"":100.0,""inner_rmse"":1.415249697412168},{""alpha"":1000.0,""inner_rmse"":1.3733562730658573}]"	270	1	frozen_union_component
full	union_component_leave_one_out	component-20	pocket_ridge_S1	ridge_alpha	1000.0	"[{""alpha"":0.01,""inner_rmse"":3.1534192421734066},{""alpha"":0.1,""inner_rmse"":2.9552439718341224},{""alpha"":1.0,""inner_rmse"":2.3740247122291467},{""alpha"":10.0,""inner_rmse"":1.6685046871449607},{""alpha"":100.0,""inner_rmse"":1.416003215150586},{""alpha"":1000.0,""inner_rmse"":1.3724288926067738}]"	270	1	frozen_union_component
full	union_component_leave_one_out	component-20	sequence_esm2_ridge	ridge_alpha	1000.0	"[{""alpha"":0.01,""inner_rmse"":8.273415376587502},{""alpha"":0.1,""inner_rmse"":7.525856348631769},{""alpha"":1.0,""inner_rmse"":5.062184026233474},{""alpha"":10.0,""inner_rmse"":2.936068636580074},{""alpha"":100.0,""inner_rmse"":1.9170536109667926},{""alpha"":1000.0,""inner_rmse"":1.61477079981116}]"	270	1	frozen_union_component
full	union_component_leave_one_out	component-20	ecfp_esm2_additive	ridge_alpha	1000.0	"[{""alpha"":0.01,""inner_rmse"":1.588674193885815},{""alpha"":0.1,""inner_rmse"":1.588045603595044},{""alpha"":1.0,""inner_rmse"":1.5873992292691812},{""alpha"":10.0,""inner_rmse"":1.589641800783228},{""alpha"":100.0,""inner_rmse"":1.5866854067154255},{""alpha"":1000.0,""inner_rmse"":1.5300301208962226}]"	270	1	frozen_union_component
full	union_component_leave_one_out	component-20	gmolai_esm2_additive	ridge_alpha	1000.0	"[{""alpha"":0.01,""inner_rmse"":3.1590164916841097},{""alpha"":0.1,""inner_rmse"":2.8013599806446265},{""alpha"":1.0,""inner_rmse"":2.3437680707489545},{""alpha"":10.0,""inner_rmse"":2.1090601700766975},{""alpha"":100.0,""inner_rmse"":1.8141045625762218},{""alpha"":1000.0,""inner_rmse"":1.5240815338303277}]"	270	1	frozen_union_component
full	union_component_leave_one_out	component-20	ecfp_pocket_additive_S1	ridge_alpha	1000.0	"[{""alpha"":0.01,""inner_rmse"":1.5166381189252778},{""alpha"":0.1,""inner_rmse"":1.5165044516702055},{""alpha"":1.0,""inner_rmse"":1.5153570972569366},{""alpha"":10.0,""inner_rmse"":1.509394399113199},{""alpha"":100.0,""inner_rmse"":1.488753730876195},{""alpha"":1000.0,""inner_rmse"":1.4364858497946804}]"	270	1	frozen_union_component
full	union_component_leave_one_out	component-20	ecfp_pocket_tensor_S1	ridge_alpha	1000.0	"[{""alpha"":0.01,""inner_rmse"":1.5116162096453711},{""alpha"":0.1,""inner_rmse"":1.5115407623116752},{""alpha"":1.0,""inner_rmse"":1.5108510391064656},{""alpha"":10.0,""inner_rmse"":1.5060242602518716},{""alpha"":100.0,""inner_rmse"":1.4857928251416364},{""alpha"":1000.0,""inner_rmse"":1.4352455325835831}]"	270	1	frozen_union_component
full	union_component_leave_one_out	component-20	ecfp_esm2_pocket_additive_S1	ridge_alpha	1000.0	"[{""alpha"":0.01,""inner_rmse"":1.5251286969071596},{""alpha"":0.1,""inner_rmse"":1.5251468566268007},{""alpha"":1.0,""inner_rmse"":1.5252920661429354},{""alpha"":10.0,""inner_rmse"":1.5254235700290777},{""alpha"":100.0,""inner_rmse"":1.5200252433742045},{""alpha"":1000.0,""inner_rmse"":1.4814735017412173}]"	270	1	frozen_union_component
full	union_component_leave_one_out	component-20	ecfp_esm2_pocket_tensor_S1	ridge_alpha	1000.0	"[{""alpha"":0.01,""inner_rmse"":1.5217313734224205},{""alpha"":0.1,""inner_rmse"":1.521745533668178},{""alpha"":1.0,""inner_rmse"":1.521858826304624},{""alpha"":10.0,""inner_rmse"":1.5219033698889235},{""alpha"":100.0,""inner_rmse"":1.5166404045169524},{""alpha"":1000.0,""inner_rmse"":1.4793327492467985}]"	270	1	frozen_union_component
full	union_component_leave_one_out	component-20	ecfp_esm2_permuted_pocket_tensor_S1	ridge_alpha	1000.0	"[{""alpha"":0.01,""inner_rmse"":1.5740747685843612},{""alpha"":0.1,""inner_rmse"":1.5740829169097972},{""alpha"":1.0,""inner_rmse"":1.5742139561449058},{""alpha"":10.0,""inner_rmse"":1.5759593058558807},{""alpha"":100.0,""inner_rmse"":1.57708499405513},{""alpha"":1000.0,""inner_rmse"":1.530116347348649}]"	270	1	frozen_union_component
full	union_component_leave_one_out	component-20	gmolai_esm2_pocket_additive_S1	ridge_alpha	1000.0	"[{""alpha"":0.01,""inner_rmse"":2.990295831783106},{""alpha"":0.1,""inner_rmse"":2.6938346890426756},{""alpha"":1.0,""inner_rmse"":2.263597202489066},{""alpha"":10.0,""inner_rmse"":1.943506186539967},{""alpha"":100.0,""inner_rmse"":1.6936099397138045},{""alpha"":1000.0,""inner_rmse"":1.4731083009451544}]"	270	1	frozen_union_component
full	union_component_leave_one_out	component-20	gmolai_esm2_pocket_tensor_S1	ridge_alpha	1000.0	"[{""alpha"":0.01,""inner_rmse"":2.4293499387980204},{""alpha"":0.1,""inner_rmse"":2.304303958552569},{""alpha"":1.0,""inner_rmse"":2.034916402609361},{""alpha"":10.0,""inner_rmse"":1.8515766125405875},{""alpha"":100.0,""inner_rmse"":1.678593434896913},{""alpha"":1000.0,""inner_rmse"":1.4733709305966696}]"	270	1	frozen_union_component
full	union_component_leave_one_out	component-20	ecfp_esm2_pocket_additive_S0	ridge_alpha	1000.0	"[{""alpha"":0.01,""inner_rmse"":1.8181494013792072},{""alpha"":0.1,""inner_rmse"":1.6816074855983874},{""alpha"":1.0,""inner_rmse"":1.5470323134027175},{""alpha"":10.0,""inner_rmse"":1.5287639734307463},{""alpha"":100.0,""inner_rmse"":1.5237232474700013},{""alpha"":1000.0,""inner_rmse"":1.484428068384723}]"	270	1	frozen_union_component
full	union_component_leave_one_out	component-20	ecfp_esm2_pocket_tensor_S0	ridge_alpha	1000.0	"[{""alpha"":0.01,""inner_rmse"":1.8094314542884837},{""alpha"":0.1,""inner_rmse"":1.676221944243724},{""alpha"":1.0,""inner_rmse"":1.5458443939116902},{""alpha"":10.0,""inner_rmse"":1.5266050566945837},{""alpha"":100.0,""inner_rmse"":1.5211444591121304},{""alpha"":1000.0,""inner_rmse"":1.4826719369823003}]"	270	1	frozen_union_component
full	union_component_leave_one_out	component-20	ligand_ecfp_knn	knn_k	5	"[{""inner_rmse"":2.1883212206953058,""k"":1},{""inner_rmse"":1.8436669597780957,""k"":3},{""inner_rmse"":1.6676166784482531,""k"":5}]"	270	1	frozen_union_component
full	union_component_leave_one_out	component-20	ligand_gmolai_knn	knn_k	5	"[{""inner_rmse"":1.9726263179676122,""k"":1},{""inner_rmse"":1.7478935751235252,""k"":3},{""inner_rmse"":1.7024554418046027,""k"":5}]"	270	1	frozen_union_component
full	union_component_leave_one_out	component-20	sequence_identity_target_knn	knn_k	5	"[{""inner_rmse"":1.688166519421313,""k"":1},{""inner_rmse"":1.6116740888720151,""k"":3},{""inner_rmse"":1.5539534997045648,""k"":5}]"	270	1	frozen_union_component
full	union_component_leave_one_out	component-20	esm2_cosine_target_knn	knn_k	5	"[{""inner_rmse"":2.139926169154176,""k"":1},{""inner_rmse"":1.5780886600131334,""k"":3},{""inner_rmse"":1.5715357736900049,""k"":5}]"	270	1	frozen_union_component
full	union_component_leave_one_out	component-20	structure_global_usalign_target_knn_S1	knn_k	5	"[{""inner_rmse"":1.808231798334032,""k"":1},{""inner_rmse"":1.555943782776025,""k"":3},{""inner_rmse"":1.5488898697506084,""k"":5}]"	270	1	frozen_union_component
full	union_component_leave_one_out	component-20	structure_pocket_usalign_target_knn_S1	knn_k	5	"[{""inner_rmse"":1.9080496387363448,""k"":1},{""inner_rmse"":1.6506895463249713,""k"":3},{""inner_rmse"":1.5735396943092128,""k"":5}]"	270	1	frozen_union_component
full	union_component_leave_one_out	component-20	pocket_descriptor_target_knn_S1	knn_k	5	"[{""inner_rmse"":1.8978758878968336,""k"":1},{""inner_rmse"":1.6216741870757354,""k"":3},{""inner_rmse"":1.555717641836208,""k"":5}]"	270	1	frozen_union_component
full	union_component_leave_one_out	component-21	nuisance_ridge	ridge_alpha	100.0	"[{""alpha"":0.01,""inner_rmse"":1.5279326790620273},{""alpha"":0.1,""inner_rmse"":1.5266963934743571},{""alpha"":1.0,""inner_rmse"":1.5148242774099887},{""alpha"":10.0,""inner_rmse"":1.4324298421472657},{""alpha"":100.0,""inner_rmse"":1.3390459087854614},{""alpha"":1000.0,""inner_rmse"":1.4139298703931773}]"	269	2	frozen_union_component
full	union_component_leave_one_out	component-21	ligand_ecfp_ridge	ridge_alpha	1000.0	"[{""alpha"":0.01,""inner_rmse"":1.5795233630501258},{""alpha"":0.1,""inner_rmse"":1.5795164210644987},{""alpha"":1.0,""inner_rmse"":1.5794510346425714},{""alpha"":10.0,""inner_rmse"":1.5781876379505502},{""alpha"":100.0,""inner_rmse"":1.5598126700959136},{""alpha"":1000.0,""inner_rmse"":1.4857989854814044}]"	269	2	frozen_union_component
full	union_component_leave_one_out	component-21	ligand_gmolai_ridge	ridge_alpha	1000.0	"[{""alpha"":0.01,""inner_rmse"":2.933741798214773},{""alpha"":0.1,""inner_rmse"":2.6791565826750308},{""alpha"":1.0,""inner_rmse"":2.360857109239685},{""alpha"":10.0,""inner_rmse"":2.0132917834966353},{""alpha"":100.0,""inner_rmse"":1.7057627193455203},{""alpha"":1000.0,""inner_rmse"":1.4632237936376762}]"	269	2	frozen_union_component
full	union_component_leave_one_out	component-21	pocket_ridge_S0	ridge_alpha	1000.0	"[{""alpha"":0.01,""inner_rmse"":4.244032340365531},{""alpha"":0.1,""inner_rmse"":3.4630459406590326},{""alpha"":1.0,""inner_rmse"":2.4291946297624034},{""alpha"":10.0,""inner_rmse"":1.6409542630839684},{""alpha"":100.0,""inner_rmse"":1.4053164639226179},{""alpha"":1000.0,""inner_rmse"":1.3662796430619146}]"	269	2	frozen_union_component
full	union_component_leave_one_out	component-21	pocket_ridge_S1	ridge_alpha	1000.0	"[{""alpha"":0.01,""inner_rmse"":3.011100375670269},{""alpha"":0.1,""inner_rmse"":2.92296945865298},{""alpha"":1.0,""inner_rmse"":2.4395339216847347},{""alpha"":10.0,""inner_rmse"":1.6925838046583201},{""alpha"":100.0,""inner_rmse"":1.408834363878032},{""alpha"":1000.0,""inner_rmse"":1.3653884350507184}]"	269	2	frozen_union_component
full	union_component_leave_one_out	component-21	sequence_esm2_ridge	ridge_alpha	1000.0	"[{""alpha"":0.01,""inner_rmse"":8.102110701545746},{""alpha"":0.1,""inner_rmse"":7.392259317306281},{""alpha"":1.0,""inner_rmse"":5.03525151919885},{""alpha"":10.0,""inner_rmse"":2.9173909088437027},{""alpha"":100.0,""inner_rmse"":1.9033809459447597},{""alpha"":1000.0,""inner_rmse"":1.609720266605753}]"	269	2	frozen_union_component
full	union_component_leave_one_out	component-21	ecfp_esm2_additive	ridge_alpha	1000.0	"[{""alpha"":0.01,""inner_rmse"":1.582786079730055},{""alpha"":0.1,""inner_rmse"":1.5825534758308188},{""alpha"":1.0,""inner_rmse"":1.5824243599564376},{""alpha"":10.0,""inner_rmse"":1.584180254352681},{""alpha"":100.0,""inner_rmse"":1.5797131066491052},{""alpha"":1000.0,""inner_rmse"":1.5239190175969208}]"	269	2	frozen_union_component
full	union_component_leave_one_out	component-21	gmolai_esm2_additive	ridge_alpha	1000.0	"[{""alpha"":0.01,""inner_rmse"":2.866852737063492},{""alpha"":0.1,""inner_rmse"":2.583275526291697},{""alpha"":1.0,""inner_rmse"":2.301802380463276},{""alpha"":10.0,""inner_rmse"":2.1340076406350894},{""alpha"":100.0,""inner_rmse"":1.8131780210252586},{""alpha"":1000.0,""inner_rmse"":1.5263078454589474}]"	269	2	frozen_union_component
full	union_component_leave_one_out	component-21	ecfp_pocket_additive_S1	ridge_alpha	1000.0	"[{""alpha"":0.01,""inner_rmse"":1.5047821725094448},{""alpha"":0.1,""inner_rmse"":1.504583984830977},{""alpha"":1.0,""inner_rmse"":1.5028990981154515},{""alpha"":10.0,""inner_rmse"":1.4950474837213883},{""alpha"":100.0,""inner_rmse"":1.4728220975455935},{""alpha"":1000.0,""inner_rmse"":1.4250997053945713}]"	269	2	frozen_union_component
full	union_component_leave_one_out	component-21	ecfp_pocket_tensor_S1	ridge_alpha	1000.0	"[{""alpha"":0.01,""inner_rmse"":1.500800741789025},{""alpha"":0.1,""inner_rmse"":1.5006347214758093},{""alpha"":1.0,""inner_rmse"":1.4991871275406592},{""alpha"":10.0,""inner_rmse"":1.4917088562980896},{""alpha"":100.0,""inner_rmse"":1.4695605258830902},{""alpha"":1000.0,""inner_rmse"":1.4233842309506053}]"	269	2	frozen_union_component
full	union_component_leave_one_out	component-21	ecfp_esm2_pocket_additive_S1	ridge_alpha	1000.0	"[{""alpha"":0.01,""inner_rmse"":1.5221988552088777},{""alpha"":0.1,""inner_rmse"":1.5221889098170083},{""alpha"":1.0,""inner_rmse"":1.52210385553198},{""alpha"":10.0,""inner_rmse"":1.52133496125619},{""alpha"":100.0,""inner_rmse"":1.5137515753626598},{""alpha"":1000.0,""inner_rmse"":1.4744869302990398}]"	269	2	frozen_union_component
full	union_component_leave_one_out	component-21	ecfp_esm2_pocket_tensor_S1	ridge_alpha	1000.0	"[{""alpha"":0.01,""inner_rmse"":1.520988837737367},{""alpha"":0.1,""inner_rmse"":1.5209697074763193},{""alpha"":1.0,""inner_rmse"":1.5208044551849726},{""alpha"":10.0,""inner_rmse"":1.519669046942697},{""alpha"":100.0,""inner_rmse"":1.5116269661770148},{""alpha"":1000.0,""inner_rmse"":1.4727959745781305}]"	269	2	frozen_union_component
full	union_component_leave_one_out	component-21	ecfp_esm2_permuted_pocket_tensor_S1	ridge_alpha	1000.0	"[{""alpha"":0.01,""inner_rmse"":1.5717701851902985},{""alpha"":0.1,""inner_rmse"":1.5717672077991247},{""alpha"":1.0,""inner_rmse"":1.571809764197299},{""alpha"":10.0,""inner_rmse"":1.5732539163930737},{""alpha"":100.0,""inner_rmse"":1.573157630791754},{""alpha"":1000.0,""inner_rmse"":1.5253980555574}]"	269	2	frozen_union_component
full	union_component_leave_one_out	component-21	gmolai_esm2_pocket_additive_S1	ridge_alpha	1000.0	"[{""alpha"":0.01,""inner_rmse"":2.6897922228241873},{""alpha"":0.1,""inner_rmse"":2.4401496045907454},{""alpha"":1.0,""inner_rmse"":2.164118079183503},{""alpha"":10.0,""inner_rmse"":1.9345279790461312},{""alpha"":100.0,""inner_rmse"":1.6852469775502696},{""alpha"":1000.0,""inner_rmse"":1.4736074196282687}]"	269	2	frozen_union_component
full	union_component_leave_one_out	component-21	gmolai_esm2_pocket_tensor_S1	ridge_alpha	1000.0	"[{""alpha"":0.01,""inner_rmse"":2.335779333244137},{""alpha"":0.1,""inner_rmse"":2.222525991426349},{""alpha"":1.0,""inner_rmse"":2.015371537997988},{""alpha"":10.0,""inner_rmse"":1.8717049482474082},{""alpha"":100.0,""inner_rmse"":1.6816362011937889},{""alpha"":1000.0,""inner_rmse"":1.474029924809939}]"	269	2	frozen_union_component
full	union_component_leave_one_out	component-21	ecfp_esm2_pocket_additive_S0	ridge_alpha	1000.0	"[{""alpha"":0.01,""inner_rmse"":1.7970946662871101},{""alpha"":0.1,""inner_rmse"":1.6663383773567395},{""alpha"":1.0,""inner_rmse"":1.5392363842031775},{""alpha"":10.0,""inner_rmse"":1.5241023747084246},{""alpha"":100.0,""inner_rmse"":1.5175089871842786},{""alpha"":1000.0,""inner_rmse"":1.4776162230627514}]"	269	2	frozen_union_component
full	union_component_leave_one_out	component-21	ecfp_esm2_pocket_tensor_S0	ridge_alpha	1000.0	"[{""alpha"":0.01,""inner_rmse"":1.7844309259056021},{""alpha"":0.1,""inner_rmse"":1.6577043940836396},{""alpha"":1.0,""inner_rmse"":1.5373781652221745},{""alpha"":10.0,""inner_rmse"":1.522678010215924},{""alpha"":100.0,""inner_rmse"":1.51560732739449},{""alpha"":1000.0,""inner_rmse"":1.475931445166721}]"	269	2	frozen_union_component
full	union_component_leave_one_out	component-21	ligand_ecfp_knn	knn_k	5	"[{""inner_rmse"":2.1691899448495957,""k"":1},{""inner_rmse"":1.828393285551708,""k"":3},{""inner_rmse"":1.6574037019505692,""k"":5}]"	269	2	frozen_union_component
full	union_component_leave_one_out	component-21	ligand_gmolai_knn	knn_k	5	"[{""inner_rmse"":1.9973778102624065,""k"":1},{""inner_rmse"":1.7758455207172705,""k"":3},{""inner_rmse"":1.7201153950743773,""k"":5}]"	269	2	frozen_union_component
full	union_component_leave_one_out	component-21	sequence_identity_target_knn	knn_k	5	"[{""inner_rmse"":1.709249381508438,""k"":1},{""inner_rmse"":1.5944366436268762,""k"":3},{""inner_rmse"":1.5573099141303783,""k"":5}]"	269	2	frozen_union_component
full	union_component_leave_one_out	component-21	esm2_cosine_target_knn	knn_k	5	"[{""inner_rmse"":2.177853624969223,""k"":1},{""inner_rmse"":1.5942542732610412,""k"":3},{""inner_rmse"":1.575915389345392,""k"":5}]"	269	2	frozen_union_component
full	union_component_leave_one_out	component-21	structure_global_usalign_target_knn_S1	knn_k	5	"[{""inner_rmse"":1.7606050616924582,""k"":1},{""inner_rmse"":1.5488038185548956,""k"":3},{""inner_rmse"":1.5384114709304297,""k"":5}]"	269	2	frozen_union_component
full	union_component_leave_one_out	component-21	structure_pocket_usalign_target_knn_S1	knn_k	5	"[{""inner_rmse"":1.8987844738740536,""k"":1},{""inner_rmse"":1.6358439827121933,""k"":3},{""inner_rmse"":1.5585344209025969,""k"":5}]"	269	2	frozen_union_component
full	union_component_leave_one_out	component-21	pocket_descriptor_target_knn_S1	knn_k	5	"[{""inner_rmse"":1.963600237730621,""k"":1},{""inner_rmse"":1.6027183362815651,""k"":3},{""inner_rmse"":1.5473358264272037,""k"":5}]"	269	2	frozen_union_component
full	stratified_random_pair_5fold_non_headline	random-01	nuisance_ridge	ridge_alpha	100.0	"[{""alpha"":0.01,""inner_rmse"":1.564270378753259},{""alpha"":0.1,""inner_rmse"":1.5621323607354143},{""alpha"":1.0,""inner_rmse"":1.5419620631147548},{""alpha"":10.0,""inner_rmse"":1.4197826690105926},{""alpha"":100.0,""inner_rmse"":1.3351133838081817},{""alpha"":1000.0,""inner_rmse"":1.4069630158842428}]"	216	55	frozen_union_component
full	stratified_random_pair_5fold_non_headline	random-01	ligand_ecfp_ridge	ridge_alpha	1000.0	"[{""alpha"":0.01,""inner_rmse"":1.4557442993823178},{""alpha"":0.1,""inner_rmse"":1.4556872090654058},{""alpha"":1.0,""inner_rmse"":1.4552293719072442},{""alpha"":10.0,""inner_rmse"":1.4530712292609818},{""alpha"":100.0,""inner_rmse"":1.440858701785283},{""alpha"":1000.0,""inner_rmse"":1.418999463385622}]"	216	55	frozen_union_component
full	stratified_random_pair_5fold_non_headline	random-01	ligand_gmolai_ridge	ridge_alpha	1000.0	"[{""alpha"":0.01,""inner_rmse"":2.723362617256912},{""alpha"":0.1,""inner_rmse"":2.559906584997662},{""alpha"":1.0,""inner_rmse"":2.2085328840696272},{""alpha"":10.0,""inner_rmse"":1.9114535756048674},{""alpha"":100.0,""inner_rmse"":1.6201134370280683},{""alpha"":1000.0,""inner_rmse"":1.3839637757727956}]"	216	55	frozen_union_component
full	stratified_random_pair_5fold_non_headline	random-01	pocket_ridge_S0	ridge_alpha	1000.0	"[{""alpha"":0.01,""inner_rmse"":7.307016470556999},{""alpha"":0.1,""inner_rmse"":4.460144950616023},{""alpha"":1.0,""inner_rmse"":2.871601968281517},{""alpha"":10.0,""inner_rmse"":1.9942005576780493},{""alpha"":100.0,""inner_rmse"":1.4281260683739823},{""alpha"":1000.0,""inner_rmse"":1.3658105099948146}]"	216	55	frozen_union_component
full	stratified_random_pair_5fold_non_headline	random-01	pocket_ridge_S1	ridge_alpha	1000.0	"[{""alpha"":0.01,""inner_rmse"":2.9989392052073462},{""alpha"":0.1,""inner_rmse"":2.8749971214709773},{""alpha"":1.0,""inner_rmse"":2.296919675074316},{""alpha"":10.0,""inner_rmse"":1.617211622135829},{""alpha"":100.0,""inner_rmse"":1.3768500018711383},{""alpha"":1000.0,""inner_rmse"":1.3614029783290265}]"	216	55	frozen_union_component
full	stratified_random_pair_5fold_non_headline	random-01	sequence_esm2_ridge	ridge_alpha	1000.0	"[{""alpha"":0.01,""inner_rmse"":4.292641854647945},{""alpha"":0.1,""inner_rmse"":3.9244252261145984},{""alpha"":1.0,""inner_rmse"":3.3074976352878895},{""alpha"":10.0,""inner_rmse"":2.487759516134896},{""alpha"":100.0,""inner_rmse"":1.7915236705679105},{""alpha"":1000.0,""inner_rmse"":1.5405375819389395}]"	216	55	frozen_union_component
full	stratified_random_pair_5fold_non_headline	random-01	ecfp_esm2_additive	ridge_alpha	0.01	"[{""alpha"":0.01,""inner_rmse"":1.4484608593734076},{""alpha"":0.1,""inner_rmse"":1.4484772383645685},{""alpha"":1.0,""inner_rmse"":1.4491615730126484},{""alpha"":10.0,""inner_rmse"":1.4532799147668753},{""alpha"":100.0,""inner_rmse"":1.4616039307759916},{""alpha"":1000.0,""inner_rmse"":1.4497938228862821}]"	216	55	frozen_union_component
full	stratified_random_pair_5fold_non_headline	random-01	gmolai_esm2_additive	ridge_alpha	1000.0	"[{""alpha"":0.01,""inner_rmse"":2.4711533599698794},{""alpha"":0.1,""inner_rmse"":2.3628268767428002},{""alpha"":1.0,""inner_rmse"":2.160684872869612},{""alpha"":10.0,""inner_rmse"":1.9691734156993432},{""alpha"":100.0,""inner_rmse"":1.650865704755943},{""alpha"":1000.0,""inner_rmse"":1.433777626175137}]"	216	55	frozen_union_component
full	stratified_random_pair_5fold_non_headline	random-01	ecfp_pocket_additive_S1	ridge_alpha	100.0	"[{""alpha"":0.01,""inner_rmse"":1.3805406787701573},{""alpha"":0.1,""inner_rmse"":1.3803773532243069},{""alpha"":1.0,""inner_rmse"":1.37901040130354},{""alpha"":10.0,""inner_rmse"":1.3731166283203484},{""alpha"":100.0,""inner_rmse"":1.3629378262057141},{""alpha"":1000.0,""inner_rmse"":1.3682605096973672}]"	216	55	frozen_union_component
full	stratified_random_pair_5fold_non_headline	random-01	ecfp_pocket_tensor_S1	ridge_alpha	100.0	"[{""alpha"":0.01,""inner_rmse"":1.3777480660216084},{""alpha"":0.1,""inner_rmse"":1.3775992321620087},{""alpha"":1.0,""inner_rmse"":1.376340905384935},{""alpha"":10.0,""inner_rmse"":1.3707218767053},{""alpha"":100.0,""inner_rmse"":1.3611161178661786},{""alpha"":1000.0,""inner_rmse"":1.3682988715825697}]"	216	55	frozen_union_component
full	stratified_random_pair_5fold_non_headline	random-01	ecfp_esm2_pocket_additive_S1	ridge_alpha	0.01	"[{""alpha"":0.01,""inner_rmse"":1.3938189169796305},{""alpha"":0.1,""inner_rmse"":1.3938416878313962},{""alpha"":1.0,""inner_rmse"":1.3940395003161186},{""alpha"":10.0,""inner_rmse"":1.3950660232616117},{""alpha"":100.0,""inner_rmse"":1.400817402008743},{""alpha"":1000.0,""inner_rmse"":1.4075783163928033}]"	216	55	frozen_union_component
full	stratified_random_pair_5fold_non_headline	random-01	ecfp_esm2_pocket_tensor_S1	ridge_alpha	0.01	"[{""alpha"":0.01,""inner_rmse"":1.3928104949803608},{""alpha"":0.1,""inner_rmse"":1.3928292895540084},{""alpha"":1.0,""inner_rmse"":1.3929967394024165},{""alpha"":10.0,""inner_rmse"":1.3939820777460452},{""alpha"":100.0,""inner_rmse"":1.4000034046758671},{""alpha"":1000.0,""inner_rmse"":1.4074059490683561}]"	216	55	frozen_union_component
full	stratified_random_pair_5fold_non_headline	random-01	ecfp_esm2_permuted_pocket_tensor_S1	ridge_alpha	0.01	"[{""alpha"":0.01,""inner_rmse"":1.4527151679752537},{""alpha"":0.1,""inner_rmse"":1.452766122560413},{""alpha"":1.0,""inner_rmse"":1.4532557950447857},{""alpha"":10.0,""inner_rmse"":1.4565746767259056},{""alpha"":100.0,""inner_rmse"":1.4645533079458597},{""alpha"":1000.0,""inner_rmse"":1.4528081236731403}]"	216	55	frozen_union_component
full	stratified_random_pair_5fold_non_headline	random-01	gmolai_esm2_pocket_additive_S1	ridge_alpha	1000.0	"[{""alpha"":0.01,""inner_rmse"":2.2089725766875175},{""alpha"":0.1,""inner_rmse"":2.129953176251552},{""alpha"":1.0,""inner_rmse"":1.9809205507465573},{""alpha"":10.0,""inner_rmse"":1.800132570337675},{""alpha"":100.0,""inner_rmse"":1.543916269835207},{""alpha"":1000.0,""inner_rmse"":1.3921285748730579}]"	216	55	frozen_union_component
full	stratified_random_pair_5fold_non_headline	random-01	gmolai_esm2_pocket_tensor_S1	ridge_alpha	1000.0	"[{""alpha"":0.01,""inner_rmse"":2.0731694196523134},{""alpha"":0.1,""inner_rmse"":2.009602560533283},{""alpha"":1.0,""inner_rmse"":1.846553708128106},{""alpha"":10.0,""inner_rmse"":1.706877115879494},{""alpha"":100.0,""inner_rmse"":1.5224143060292188},{""alpha"":1000.0,""inner_rmse"":1.3903677312220755}]"	216	55	frozen_union_component
full	stratified_random_pair_5fold_non_headline	random-01	ecfp_esm2_pocket_additive_S0	ridge_alpha	1.0	"[{""alpha"":0.01,""inner_rmse"":1.4523431659996335},{""alpha"":0.1,""inner_rmse"":1.3962142947660263},{""alpha"":1.0,""inner_rmse"":1.394573159807929},{""alpha"":10.0,""inner_rmse"":1.3963333658998927},{""alpha"":100.0,""inner_rmse"":1.4033368555791355},{""alpha"":1000.0,""inner_rmse"":1.410315876215053}]"	216	55	frozen_union_component
full	stratified_random_pair_5fold_non_headline	random-01	ecfp_esm2_pocket_tensor_S0	ridge_alpha	1.0	"[{""alpha"":0.01,""inner_rmse"":1.4507336342160153},{""alpha"":0.1,""inner_rmse"":1.395915618387113},{""alpha"":1.0,""inner_rmse"":1.394282682515028},{""alpha"":10.0,""inner_rmse"":1.395904839144407},{""alpha"":100.0,""inner_rmse"":1.402699772755386},{""alpha"":1000.0,""inner_rmse"":1.409989835645661}]"	216	55	frozen_union_component
full	stratified_random_pair_5fold_non_headline	random-01	ligand_ecfp_knn	knn_k	5	"[{""inner_rmse"":2.1038897075086633,""k"":1},{""inner_rmse"":1.7430345283917166,""k"":3},{""inner_rmse"":1.5587731677336911,""k"":5}]"	216	55	frozen_union_component
full	stratified_random_pair_5fold_non_headline	random-01	ligand_gmolai_knn	knn_k	5	"[{""inner_rmse"":1.9895391870896257,""k"":1},{""inner_rmse"":1.7124453478319264,""k"":3},{""inner_rmse"":1.629401713749021,""k"":5}]"	216	55	frozen_union_component
full	stratified_random_pair_5fold_non_headline	random-01	sequence_identity_target_knn	knn_k	5	"[{""inner_rmse"":1.7642990860934908,""k"":1},{""inner_rmse"":1.570081475642097,""k"":3},{""inner_rmse"":1.5305228161858566,""k"":5}]"	216	55	frozen_union_component
full	stratified_random_pair_5fold_non_headline	random-01	esm2_cosine_target_knn	knn_k	3	"[{""inner_rmse"":2.026648656681424,""k"":1},{""inner_rmse"":1.5126327003096676,""k"":3},{""inner_rmse"":1.5397081244884674,""k"":5}]"	216	55	frozen_union_component
full	stratified_random_pair_5fold_non_headline	random-01	structure_global_usalign_target_knn_S1	knn_k	5	"[{""inner_rmse"":1.7277489228906269,""k"":1},{""inner_rmse"":1.623510990145567,""k"":3},{""inner_rmse"":1.55107721485077,""k"":5}]"	216	55	frozen_union_component
full	stratified_random_pair_5fold_non_headline	random-01	structure_pocket_usalign_target_knn_S1	knn_k	5	"[{""inner_rmse"":1.8685428939087598,""k"":1},{""inner_rmse"":1.638966199856794,""k"":3},{""inner_rmse"":1.5649730344190143,""k"":5}]"	216	55	frozen_union_component
full	stratified_random_pair_5fold_non_headline	random-01	pocket_descriptor_target_knn_S1	knn_k	5	"[{""inner_rmse"":1.9584858530807363,""k"":1},{""inner_rmse"":1.5763651158889649,""k"":3},{""inner_rmse"":1.5053015886866727,""k"":5}]"	216	55	frozen_union_component
full	stratified_random_pair_5fold_non_headline	random-02	nuisance_ridge	ridge_alpha	100.0	"[{""alpha"":0.01,""inner_rmse"":1.5445423856383156},{""alpha"":0.1,""inner_rmse"":1.5429850602705784},{""alpha"":1.0,""inner_rmse"":1.5282215378186643},{""alpha"":10.0,""inner_rmse"":1.4358790804793216},{""alpha"":100.0,""inner_rmse"":1.3696600981622065},{""alpha"":1000.0,""inner_rmse"":1.4335617418781912}]"	217	54	frozen_union_component
full	stratified_random_pair_5fold_non_headline	random-02	ligand_ecfp_ridge	ridge_alpha	1000.0	"[{""alpha"":0.01,""inner_rmse"":1.588143537503495},{""alpha"":0.1,""inner_rmse"":1.5881982136637876},{""alpha"":1.0,""inner_rmse"":1.588606536044427},{""alpha"":10.0,""inner_rmse"":1.5881055593331004},{""alpha"":100.0,""inner_rmse"":1.568987313358897},{""alpha"":1000.0,""inner_rmse"":1.4994178178298785}]"	217	54	frozen_union_component
full	stratified_random_pair_5fold_non_headline	random-02	ligand_gmolai_ridge	ridge_alpha	1000.0	"[{""alpha"":0.01,""inner_rmse"":2.3660958322802275},{""alpha"":0.1,""inner_rmse"":2.256655564357695},{""alpha"":1.0,""inner_rmse"":2.053630149179602},{""alpha"":10.0,""inner_rmse"":1.9172705924607099},{""alpha"":100.0,""inner_rmse"":1.7195410685774366},{""alpha"":1000.0,""inner_rmse"":1.4911974645687573}]"	217	54	frozen_union_component
full	stratified_random_pair_5fold_non_headline	random-02	pocket_ridge_S0	ridge_alpha	1000.0	"[{""alpha"":0.01,""inner_rmse"":7.003937625887436},{""alpha"":0.1,""inner_rmse"":4.168927380475477},{""alpha"":1.0,""inner_rmse"":1.940335099059687},{""alpha"":10.0,""inner_rmse"":1.5693502333411644},{""alpha"":100.0,""inner_rmse"":1.3889664653065827},{""alpha"":1000.0,""inner_rmse"":1.3716070719662177}]"	217	54	frozen_union_component
full	stratified_random_pair_5fold_non_headline	random-02	pocket_ridge_S1	ridge_alpha	1000.0	"[{""alpha"":0.01,""inner_rmse"":3.359310476182913},{""alpha"":0.1,""inner_rmse"":3.123950109393291},{""alpha"":1.0,""inner_rmse"":2.217645947268726},{""alpha"":10.0,""inner_rmse"":1.5517401502314103},{""alpha"":100.0,""inner_rmse"":1.375866155984178},{""alpha"":1000.0,""inner_rmse"":1.3661984361642014}]"	217	54	frozen_union_component
full	stratified_random_pair_5fold_non_headline	random-02	sequence_esm2_ridge	ridge_alpha	1000.0	"[{""alpha"":0.01,""inner_rmse"":8.491428730901136},{""alpha"":0.1,""inner_rmse"":7.790103381980935},{""alpha"":1.0,""inner_rmse"":5.254634685732981},{""alpha"":10.0,""inner_rmse"":2.9378457386172614},{""alpha"":100.0,""inner_rmse"":1.9311787062934067},{""alpha"":1000.0,""inner_rmse"":1.6037785937214049}]"	217	54	frozen_union_component
full	stratified_random_pair_5fold_non_headline	random-02	ecfp_esm2_additive	ridge_alpha	1000.0	"[{""alpha"":0.01,""inner_rmse"":1.6244431481356225},{""alpha"":0.1,""inner_rmse"":1.6237671517656898},{""alpha"":1.0,""inner_rmse"":1.6228690851032233},{""alpha"":10.0,""inner_rmse"":1.6219723601065774},{""alpha"":100.0,""inner_rmse"":1.6049798026676567},{""alpha"":1000.0,""inner_rmse"":1.5374151465347448}]"	217	54	frozen_union_component
full	stratified_random_pair_5fold_non_headline	random-02	gmolai_esm2_additive	ridge_alpha	1000.0	"[{""alpha"":0.01,""inner_rmse"":2.306745753506384},{""alpha"":0.1,""inner_rmse"":2.246745704312126},{""alpha"":1.0,""inner_rmse"":2.105450828133937},{""alpha"":10.0,""inner_rmse"":1.9935093855669563},{""alpha"":100.0,""inner_rmse"":1.7601620744524291},{""alpha"":1000.0,""inner_rmse"":1.517907844374139}]"	217	54	frozen_union_component
full	stratified_random_pair_5fold_non_headline	random-02	ecfp_pocket_additive_S1	ridge_alpha	1000.0	"[{""alpha"":0.01,""inner_rmse"":1.5140268664039034},{""alpha"":0.1,""inner_rmse"":1.5138538297349071},{""alpha"":1.0,""inner_rmse"":1.512235035272505},{""alpha"":10.0,""inner_rmse"":1.502828914307406},{""alpha"":100.0,""inner_rmse"":1.48102636442996},{""alpha"":1000.0,""inner_rmse"":1.4385937266013928}]"	217	54	frozen_union_component
full	stratified_random_pair_5fold_non_headline	random-02	ecfp_pocket_tensor_S1	ridge_alpha	1000.0	"[{""alpha"":0.01,""inner_rmse"":1.5083573990488515},{""alpha"":0.1,""inner_rmse"":1.5082238570354014},{""alpha"":1.0,""inner_rmse"":1.5069275948821501},{""alpha"":10.0,""inner_rmse"":1.4982727239734772},{""alpha"":100.0,""inner_rmse"":1.4762629282483903},{""alpha"":1000.0,""inner_rmse"":1.436125303886436}]"	217	54	frozen_union_component
full	stratified_random_pair_5fold_non_headline	random-02	ecfp_esm2_pocket_additive_S1	ridge_alpha	1000.0	"[{""alpha"":0.01,""inner_rmse"":1.5673439693140796},{""alpha"":0.1,""inner_rmse"":1.5673359611458517},{""alpha"":1.0,""inner_rmse"":1.5672430707812868},{""alpha"":10.0,""inner_rmse"":1.5646847366604026},{""alpha"":100.0,""inner_rmse"":1.5472860425365775},{""alpha"":1000.0,""inner_rmse"":1.4948583011404055}]"	217	54	frozen_union_component
full	stratified_random_pair_5fold_non_headline	random-02	ecfp_esm2_pocket_tensor_S1	ridge_alpha	1000.0	"[{""alpha"":0.01,""inner_rmse"":1.563503050595797},{""alpha"":0.1,""inner_rmse"":1.5634932508613517},{""alpha"":1.0,""inner_rmse"":1.5633900244361703},{""alpha"":10.0,""inner_rmse"":1.5608727238206146},{""alpha"":100.0,""inner_rmse"":1.543504330095214},{""alpha"":1000.0,""inner_rmse"":1.4922993703281775}]"	217	54	frozen_union_component
full	stratified_random_pair_5fold_non_headline	random-02	ecfp_esm2_permuted_pocket_tensor_S1	ridge_alpha	1000.0	"[{""alpha"":0.01,""inner_rmse"":1.6125332046612915},{""alpha"":0.1,""inner_rmse"":1.612497694452215},{""alpha"":1.0,""inner_rmse"":1.6122643272503587},{""alpha"":10.0,""inner_rmse"":1.610602642269135},{""alpha"":100.0,""inner_rmse"":1.5966665664187933},{""alpha"":1000.0,""inner_rmse"":1.5370715506509494}]"	217	54	frozen_union_component
full	stratified_random_pair_5fold_non_headline	random-02	gmolai_esm2_pocket_additive_S1	ridge_alpha	1000.0	"[{""alpha"":0.01,""inner_rmse"":2.1461285022646543},{""alpha"":0.1,""inner_rmse"":2.1021182163099166},{""alpha"":1.0,""inner_rmse"":1.9886093224440193},{""alpha"":10.0,""inner_rmse"":1.8522424429670643},{""alpha"":100.0,""inner_rmse"":1.6719300105878405},{""alpha"":1000.0,""inner_rmse"":1.4738561667597754}]"	217	54	frozen_union_component
full	stratified_random_pair_5fold_non_headline	random-02	gmolai_esm2_pocket_tensor_S1	ridge_alpha	1000.0	"[{""alpha"":0.01,""inner_rmse"":2.211733779619492},{""alpha"":0.1,""inner_rmse"":2.162039262070778},{""alpha"":1.0,""inner_rmse"":2.0123640944325007},{""alpha"":10.0,""inner_rmse"":1.8451645552556752},{""alpha"":100.0,""inner_rmse"":1.6567516105363616},{""alpha"":1000.0,""inner_rmse"":1.469493406604678}]"	217	54	frozen_union_component
full	stratified_random_pair_5fold_non_headline	random-02	ecfp_esm2_pocket_additive_S0	ridge_alpha	1000.0	"[{""alpha"":0.01,""inner_rmse"":1.805558722940961},{""alpha"":0.1,""inner_rmse"":1.7277664488555962},{""alpha"":1.0,""inner_rmse"":1.5934014355001227},{""alpha"":10.0,""inner_rmse"":1.5697690173816918},{""alpha"":100.0,""inner_rmse"":1.552117814079024},{""alpha"":1000.0,""inner_rmse"":1.4986717037101944}]"	217	54	frozen_union_component
full	stratified_random_pair_5fold_non_headline	random-02	ecfp_esm2_pocket_tensor_S0	ridge_alpha	1000.0	"[{""alpha"":0.01,""inner_rmse"":1.7976135984167336},{""alpha"":0.1,""inner_rmse"":1.7226483943164517},{""alpha"":1.0,""inner_rmse"":1.590701079486641},{""alpha"":10.0,""inner_rmse"":1.5670855989805264},{""alpha"":100.0,""inner_rmse"":1.5492383803044192},{""alpha"":1000.0,""inner_rmse"":1.4968453003017785}]"	217	54	frozen_union_component
full	stratified_random_pair_5fold_non_headline	random-02	ligand_ecfp_knn	knn_k	5	"[{""inner_rmse"":2.1546302619700186,""k"":1},{""inner_rmse"":1.8277898220500102,""k"":3},{""inner_rmse"":1.6901224656233886,""k"":5}]"	217	54	frozen_union_component
full	stratified_random_pair_5fold_non_headline	random-02	ligand_gmolai_knn	knn_k	5	"[{""inner_rmse"":1.9964297826042923,""k"":1},{""inner_rmse"":1.7737728073207069,""k"":3},{""inner_rmse"":1.7048594201125093,""k"":5}]"	217	54	frozen_union_component
full	stratified_random_pair_5fold_non_headline	random-02	sequence_identity_target_knn	knn_k	5	"[{""inner_rmse"":1.7600691759786622,""k"":1},{""inner_rmse"":1.621356779672525,""k"":3},{""inner_rmse"":1.543031358975311,""k"":5}]"	217	54	frozen_union_component
full	stratified_random_pair_5fold_non_headline	random-02	esm2_cosine_target_knn	knn_k	3	"[{""inner_rmse"":2.268137513051669,""k"":1},{""inner_rmse"":1.562229194861964,""k"":3},{""inner_rmse"":1.5685801988656376,""k"":5}]"	217	54	frozen_union_component
full	stratified_random_pair_5fold_non_headline	random-02	structure_global_usalign_target_knn_S1	knn_k	5	"[{""inner_rmse"":1.8280734702674224,""k"":1},{""inner_rmse"":1.577134774968301,""k"":3},{""inner_rmse"":1.5068374436399286,""k"":5}]"	217	54	frozen_union_component
full	stratified_random_pair_5fold_non_headline	random-02	structure_pocket_usalign_target_knn_S1	knn_k	5	"[{""inner_rmse"":1.9947088466540512,""k"":1},{""inner_rmse"":1.6978887527348474,""k"":3},{""inner_rmse"":1.5862689811781696,""k"":5}]"	217	54	frozen_union_component
full	stratified_random_pair_5fold_non_headline	random-02	pocket_descriptor_target_knn_S1	knn_k	5	"[{""inner_rmse"":1.8534788220852063,""k"":1},{""inner_rmse"":1.6813444574805145,""k"":3},{""inner_rmse"":1.5161662350593328,""k"":5}]"	217	54	frozen_union_component
full	stratified_random_pair_5fold_non_headline	random-03	nuisance_ridge	ridge_alpha	100.0	"[{""alpha"":0.01,""inner_rmse"":1.4148770455041426},{""alpha"":0.1,""inner_rmse"":1.4141101396057298},{""alpha"":1.0,""inner_rmse"":1.4068008499294917},{""alpha"":10.0,""inner_rmse"":1.3590749415355001},{""alpha"":100.0,""inner_rmse"":1.3262588908693969},{""alpha"":1000.0,""inner_rmse"":1.3929683971863156}]"	217	54	frozen_union_component
full	stratified_random_pair_5fold_non_headline	random-03	ligand_ecfp_ridge	ridge_alpha	1000.0	"[{""alpha"":0.01,""inner_rmse"":1.544027623351868},{""alpha"":0.1,""inner_rmse"":1.5438987602920617},{""alpha"":1.0,""inner_rmse"":1.5430081101226483},{""alpha"":10.0,""inner_rmse"":1.5401600933326696},{""alpha"":100.0,""inner_rmse"":1.5186619845019529},{""alpha"":1000.0,""inner_rmse"":1.4396333563901784}]"	217	54	frozen_union_component
full	stratified_random_pair_5fold_non_headline	random-03	ligand_gmolai_ridge	ridge_alpha	1000.0	"[{""alpha"":0.01,""inner_rmse"":2.1424761954782845},{""alpha"":0.1,""inner_rmse"":2.0610773594239618},{""alpha"":1.0,""inner_rmse"":1.9743701181689008},{""alpha"":10.0,""inner_rmse"":1.7998800761686853},{""alpha"":100.0,""inner_rmse"":1.5475188778447766},{""alpha"":1000.0,""inner_rmse"":1.3631908203209764}]"	217	54	frozen_union_component
full	stratified_random_pair_5fold_non_headline	random-03	pocket_ridge_S0	ridge_alpha	1000.0	"[{""alpha"":0.01,""inner_rmse"":5.062441229397865},{""alpha"":0.1,""inner_rmse"":2.993446120066835},{""alpha"":1.0,""inner_rmse"":1.9823447825772122},{""alpha"":10.0,""inner_rmse"":1.5132509590675023},{""alpha"":100.0,""inner_rmse"":1.3587192736315485},{""alpha"":1000.0,""inner_rmse"":1.3512894792431251}]"	217	54	frozen_union_component
full	stratified_random_pair_5fold_non_headline	random-03	pocket_ridge_S1	ridge_alpha	1000.0	"[{""alpha"":0.01,""inner_rmse"":3.3588037469943215},{""alpha"":0.1,""inner_rmse"":2.9715882679194263},{""alpha"":1.0,""inner_rmse"":2.090395657448163},{""alpha"":10.0,""inner_rmse"":1.562908335328957},{""alpha"":100.0,""inner_rmse"":1.366305558477279},{""alpha"":1000.0,""inner_rmse"":1.3534481931623705}]"	217	54	frozen_union_component
full	stratified_random_pair_5fold_non_headline	random-03	sequence_esm2_ridge	ridge_alpha	1000.0	"[{""alpha"":0.01,""inner_rmse"":7.859305289717967},{""alpha"":0.1,""inner_rmse"":7.234674387866589},{""alpha"":1.0,""inner_rmse"":4.808444997209077},{""alpha"":10.0,""inner_rmse"":2.8028347570064485},{""alpha"":100.0,""inner_rmse"":1.915039450299627},{""alpha"":1000.0,""inner_rmse"":1.5963543932340207}]"	217	54	frozen_union_component
full	stratified_random_pair_5fold_non_headline	random-03	ecfp_esm2_additive	ridge_alpha	1000.0	"[{""alpha"":0.01,""inner_rmse"":1.543232946568176},{""alpha"":0.1,""inner_rmse"":1.5423696058411875},{""alpha"":1.0,""inner_rmse"":1.541178042612381},{""alpha"":10.0,""inner_rmse"":1.5434947163159918},{""alpha"":100.0,""inner_rmse"":1.542987103970423},{""alpha"":1000.0,""inner_rmse"":1.4881808306810003}]"	217	54	frozen_union_component
full	stratified_random_pair_5fold_non_headline	random-03	gmolai_esm2_additive	ridge_alpha	1000.0	"[{""alpha"":0.01,""inner_rmse"":2.493333267940512},{""alpha"":0.1,""inner_rmse"":2.3351564712124238},{""alpha"":1.0,""inner_rmse"":2.075968475280296},{""alpha"":10.0,""inner_rmse"":1.8753104243892282},{""alpha"":100.0,""inner_rmse"":1.6722115275654985},{""alpha"":1000.0,""inner_rmse"":1.4702817527579368}]"	217	54	frozen_union_component
full	stratified_random_pair_5fold_non_headline	random-03	ecfp_pocket_additive_S1	ridge_alpha	1000.0	"[{""alpha"":0.01,""inner_rmse"":1.482927899771988},{""alpha"":0.1,""inner_rmse"":1.4825527843971977},{""alpha"":1.0,""inner_rmse"":1.4796208746983288},{""alpha"":10.0,""inner_rmse"":1.4691485968755138},{""alpha"":100.0,""inner_rmse"":1.4456165588865344},{""alpha"":1000.0,""inner_rmse"":1.392304306863967}]"	217	54	frozen_union_component
full	stratified_random_pair_5fold_non_headline	random-03	ecfp_pocket_tensor_S1	ridge_alpha	1000.0	"[{""alpha"":0.01,""inner_rmse"":1.4826841388503351},{""alpha"":0.1,""inner_rmse"":1.482333031526173},{""alpha"":1.0,""inner_rmse"":1.4795564863048318},{""alpha"":10.0,""inner_rmse"":1.469064190545926},{""alpha"":100.0,""inner_rmse"":1.4450520047327604},{""alpha"":1000.0,""inner_rmse"":1.3924754619527928}]"	217	54	frozen_union_component
full	stratified_random_pair_5fold_non_headline	random-03	ecfp_esm2_pocket_additive_S1	ridge_alpha	1000.0	"[{""alpha"":0.01,""inner_rmse"":1.4865100880506845},{""alpha"":0.1,""inner_rmse"":1.4864547222502937},{""alpha"":1.0,""inner_rmse"":1.4861491686569803},{""alpha"":10.0,""inner_rmse"":1.4863574196305762},{""alpha"":100.0,""inner_rmse"":1.4839541392571602},{""alpha"":1000.0,""inner_rmse"":1.4462547418859797}]"	217	54	frozen_union_component
full	stratified_random_pair_5fold_non_headline	random-03	ecfp_esm2_pocket_tensor_S1	ridge_alpha	1000.0	"[{""alpha"":0.01,""inner_rmse"":1.4836183743669156},{""alpha"":0.1,""inner_rmse"":1.4835586938612229},{""alpha"":1.0,""inner_rmse"":1.4832195455230124},{""alpha"":10.0,""inner_rmse"":1.4833147180034187},{""alpha"":100.0,""inner_rmse"":1.4807071493076152},{""alpha"":1000.0,""inner_rmse"":1.4441999572162054}]"	217	54	frozen_union_component
full	stratified_random_pair_5fold_non_headline	random-03	ecfp_esm2_permuted_pocket_tensor_S1	ridge_alpha	1000.0	"[{""alpha"":0.01,""inner_rmse"":1.5311430232817862},{""alpha"":0.1,""inner_rmse"":1.531082578546407},{""alpha"":1.0,""inner_rmse"":1.5308382384435386},{""alpha"":10.0,""inner_rmse"":1.533104983715885},{""alpha"":100.0,""inner_rmse"":1.536863646895961},{""alpha"":1000.0,""inner_rmse"":1.4901207646507004}]"	217	54	frozen_union_component
full	stratified_random_pair_5fold_non_headline	random-03	gmolai_esm2_pocket_additive_S1	ridge_alpha	1000.0	"[{""alpha"":0.01,""inner_rmse"":2.075990224590915},{""alpha"":0.1,""inner_rmse"":1.9869304196254758},{""alpha"":1.0,""inner_rmse"":1.8284074733195337},{""alpha"":10.0,""inner_rmse"":1.7126708344338808},{""alpha"":100.0,""inner_rmse"":1.5683774144678118},{""alpha"":1000.0,""inner_rmse"":1.4288114593043495}]"	217	54	frozen_union_component
full	stratified_random_pair_5fold_non_headline	random-03	gmolai_esm2_pocket_tensor_S1	ridge_alpha	1000.0	"[{""alpha"":0.01,""inner_rmse"":1.9543136346004484},{""alpha"":0.1,""inner_rmse"":1.8832717007550566},{""alpha"":1.0,""inner_rmse"":1.737026812702484},{""alpha"":10.0,""inner_rmse"":1.664014298062186},{""alpha"":100.0,""inner_rmse"":1.5712570073542373},{""alpha"":1000.0,""inner_rmse"":1.4300483370230324}]"	217	54	frozen_union_component
full	stratified_random_pair_5fold_non_headline	random-03	ecfp_esm2_pocket_additive_S0	ridge_alpha	1000.0	"[{""alpha"":0.01,""inner_rmse"":1.6686504396649178},{""alpha"":0.1,""inner_rmse"":1.5999860127431111},{""alpha"":1.0,""inner_rmse"":1.4942742721246256},{""alpha"":10.0,""inner_rmse"":1.486397172320337},{""alpha"":100.0,""inner_rmse"":1.4851634682401134},{""alpha"":1000.0,""inner_rmse"":1.447167160106494}]"	217	54	frozen_union_component
full	stratified_random_pair_5fold_non_headline	random-03	ecfp_esm2_pocket_tensor_S0	ridge_alpha	1000.0	"[{""alpha"":0.01,""inner_rmse"":1.6547312963366383},{""alpha"":0.1,""inner_rmse"":1.5902664571370488},{""alpha"":1.0,""inner_rmse"":1.4899450771724094},{""alpha"":10.0,""inner_rmse"":1.483323434758224},{""alpha"":100.0,""inner_rmse"":1.4822247541773443},{""alpha"":1000.0,""inner_rmse"":1.445354783301129}]"	217	54	frozen_union_component
full	stratified_random_pair_5fold_non_headline	random-03	ligand_ecfp_knn	knn_k	5	"[{""inner_rmse"":1.9394050377104473,""k"":1},{""inner_rmse"":1.676167379718224,""k"":3},{""inner_rmse"":1.5791404779144227,""k"":5}]"	217	54	frozen_union_component
full	stratified_random_pair_5fold_non_headline	random-03	ligand_gmolai_knn	knn_k	5	"[{""inner_rmse"":1.9685757023701298,""k"":1},{""inner_rmse"":1.7329094738291382,""k"":3},{""inner_rmse"":1.652400514795958,""k"":5}]"	217	54	frozen_union_component
full	stratified_random_pair_5fold_non_headline	random-03	sequence_identity_target_knn	knn_k	5	"[{""inner_rmse"":1.7183908225732996,""k"":1},{""inner_rmse"":1.582302595746284,""k"":3},{""inner_rmse"":1.528438668397626,""k"":5}]"	217	54	frozen_union_component
full	stratified_random_pair_5fold_non_headline	random-03	esm2_cosine_target_knn	knn_k	5	"[{""inner_rmse"":2.092880091971642,""k"":1},{""inner_rmse"":1.5511396058953195,""k"":3},{""inner_rmse"":1.5379052246602094,""k"":5}]"	217	54	frozen_union_component
full	stratified_random_pair_5fold_non_headline	random-03	structure_global_usalign_target_knn_S1	knn_k	5	"[{""inner_rmse"":1.766299889717751,""k"":1},{""inner_rmse"":1.547110053618144,""k"":3},{""inner_rmse"":1.533503884080281,""k"":5}]"	217	54	frozen_union_component
full	stratified_random_pair_5fold_non_headline	random-03	structure_pocket_usalign_target_knn_S1	knn_k	5	"[{""inner_rmse"":1.8765164187391594,""k"":1},{""inner_rmse"":1.5856025167095205,""k"":3},{""inner_rmse"":1.535071395453978,""k"":5}]"	217	54	frozen_union_component
full	stratified_random_pair_5fold_non_headline	random-03	pocket_descriptor_target_knn_S1	knn_k	5	"[{""inner_rmse"":1.8239539396235442,""k"":1},{""inner_rmse"":1.5417158483235438,""k"":3},{""inner_rmse"":1.5040577159283586,""k"":5}]"	217	54	frozen_union_component
full	stratified_random_pair_5fold_non_headline	random-04	nuisance_ridge	ridge_alpha	100.0	"[{""alpha"":0.01,""inner_rmse"":1.4681776014716035},{""alpha"":0.1,""inner_rmse"":1.4671989082925458},{""alpha"":1.0,""inner_rmse"":1.4578824675783841},{""alpha"":10.0,""inner_rmse"":1.3979903487057057},{""alpha"":100.0,""inner_rmse"":1.3611770238233072},{""alpha"":1000.0,""inner_rmse"":1.4280214084819371}]"	217	54	frozen_union_component
full	stratified_random_pair_5fold_non_headline	random-04	ligand_ecfp_ridge	ridge_alpha	1000.0	"[{""alpha"":0.01,""inner_rmse"":1.5858468886491595},{""alpha"":0.1,""inner_rmse"":1.585826867338072},{""alpha"":1.0,""inner_rmse"":1.5856259101752774},{""alpha"":10.0,""inner_rmse"":1.5835604915201142},{""alpha"":100.0,""inner_rmse"":1.563666024412508},{""alpha"":1000.0,""inner_rmse"":1.4898303272417455}]"	217	54	frozen_union_component
full	stratified_random_pair_5fold_non_headline	random-04	ligand_gmolai_ridge	ridge_alpha	1000.0	"[{""alpha"":0.01,""inner_rmse"":2.6713545337392457},{""alpha"":0.1,""inner_rmse"":2.593264020989202},{""alpha"":1.0,""inner_rmse"":2.3702264732175995},{""alpha"":10.0,""inner_rmse"":1.990258893131211},{""alpha"":100.0,""inner_rmse"":1.690010032076536},{""alpha"":1000.0,""inner_rmse"":1.439668725991474}]"	217	54	frozen_union_component
full	stratified_random_pair_5fold_non_headline	random-04	pocket_ridge_S0	ridge_alpha	1000.0	"[{""alpha"":0.01,""inner_rmse"":5.830694295204459},{""alpha"":0.1,""inner_rmse"":3.3976037171967},{""alpha"":1.0,""inner_rmse"":2.441405266199358},{""alpha"":10.0,""inner_rmse"":1.7621629171008526},{""alpha"":100.0,""inner_rmse"":1.4246264160327533},{""alpha"":1000.0,""inner_rmse"":1.3854209932422294}]"	217	54	frozen_union_component
full	stratified_random_pair_5fold_non_headline	random-04	pocket_ridge_S1	ridge_alpha	1000.0	"[{""alpha"":0.01,""inner_rmse"":3.112533941840493},{""alpha"":0.1,""inner_rmse"":2.896121520771302},{""alpha"":1.0,""inner_rmse"":2.306680738644466},{""alpha"":10.0,""inner_rmse"":1.710827905528941},{""alpha"":100.0,""inner_rmse"":1.4301332136886373},{""alpha"":1000.0,""inner_rmse"":1.3817776006024733}]"	217	54	frozen_union_component
full	stratified_random_pair_5fold_non_headline	random-04	sequence_esm2_ridge	ridge_alpha	1000.0	"[{""alpha"":0.01,""inner_rmse"":7.601884663914968},{""alpha"":0.1,""inner_rmse"":6.927192856622947},{""alpha"":1.0,""inner_rmse"":4.295771295601903},{""alpha"":10.0,""inner_rmse"":2.196666120638963},{""alpha"":100.0,""inner_rmse"":1.8111740070592548},{""alpha"":1000.0,""inner_rmse"":1.5968748471644594}]"	217	54	frozen_union_component
full	stratified_random_pair_5fold_non_headline	random-04	ecfp_esm2_additive	ridge_alpha	1000.0	"[{""alpha"":0.01,""inner_rmse"":1.6136568623653949},{""alpha"":0.1,""inner_rmse"":1.6136827421905044},{""alpha"":1.0,""inner_rmse"":1.61393435100847},{""alpha"":10.0,""inner_rmse"":1.6158324014801377},{""alpha"":100.0,""inner_rmse"":1.6124940933700462},{""alpha"":1000.0,""inner_rmse"":1.5373136884950134}]"	217	54	frozen_union_component
full	stratified_random_pair_5fold_non_headline	random-04	gmolai_esm2_additive	ridge_alpha	1000.0	"[{""alpha"":0.01,""inner_rmse"":2.9149659153764262},{""alpha"":0.1,""inner_rmse"":2.682960823718382},{""alpha"":1.0,""inner_rmse"":2.2531198784444486},{""alpha"":10.0,""inner_rmse"":2.004894508536928},{""alpha"":100.0,""inner_rmse"":1.8255315552623306},{""alpha"":1000.0,""inner_rmse"":1.5426153739559163}]"	217	54	frozen_union_component
full	stratified_random_pair_5fold_non_headline	random-04	ecfp_pocket_additive_S1	ridge_alpha	1000.0	"[{""alpha"":0.01,""inner_rmse"":1.4983172278777224},{""alpha"":0.1,""inner_rmse"":1.4982994113022359},{""alpha"":1.0,""inner_rmse"":1.498121990635967},{""alpha"":10.0,""inner_rmse"":1.4964106256523362},{""alpha"":100.0,""inner_rmse"":1.4827042551735645},{""alpha"":1000.0,""inner_rmse"":1.4384908484335315}]"	217	54	frozen_union_component
full	stratified_random_pair_5fold_non_headline	random-04	ecfp_pocket_tensor_S1	ridge_alpha	1000.0	"[{""alpha"":0.01,""inner_rmse"":1.492712591106763},{""alpha"":0.1,""inner_rmse"":1.4926973429516615},{""alpha"":1.0,""inner_rmse"":1.492545197624789},{""alpha"":10.0,""inner_rmse"":1.4910535820163298},{""alpha"":100.0,""inner_rmse"":1.4785122918510705},{""alpha"":1000.0,""inner_rmse"":1.4375751119194558}]"	217	54	frozen_union_component
full	stratified_random_pair_5fold_non_headline	random-04	ecfp_esm2_pocket_additive_S1	ridge_alpha	1000.0	"[{""alpha"":0.01,""inner_rmse"":1.5543230297216533},{""alpha"":0.1,""inner_rmse"":1.554343853206535},{""alpha"":1.0,""inner_rmse"":1.5545465207080835},{""alpha"":10.0,""inner_rmse"":1.556092393885264},{""alpha"":100.0,""inner_rmse"":1.5539330835223681},{""alpha"":1000.0,""inner_rmse"":1.4969580364116177}]"	217	54	frozen_union_component
full	stratified_random_pair_5fold_non_headline	random-04	ecfp_esm2_pocket_tensor_S1	ridge_alpha	1000.0	"[{""alpha"":0.01,""inner_rmse"":1.5527457389977632},{""alpha"":0.1,""inner_rmse"":1.5527668808395378},{""alpha"":1.0,""inner_rmse"":1.5529727571625174},{""alpha"":10.0,""inner_rmse"":1.5545526499782913},{""alpha"":100.0,""inner_rmse"":1.552693194089909},{""alpha"":1000.0,""inner_rmse"":1.4965374057819878}]"	217	54	frozen_union_component
full	stratified_random_pair_5fold_non_headline	random-04	ecfp_esm2_permuted_pocket_tensor_S1	ridge_alpha	1000.0	"[{""alpha"":0.01,""inner_rmse"":1.591293024861336},{""alpha"":0.1,""inner_rmse"":1.591330168997227},{""alpha"":1.0,""inner_rmse"":1.591693563499082},{""alpha"":10.0,""inner_rmse"":1.5946314777941173},{""alpha"":100.0,""inner_rmse"":1.5976273410896802},{""alpha"":1000.0,""inner_rmse"":1.5351518287361579}]"	217	54	frozen_union_component
full	stratified_random_pair_5fold_non_headline	random-04	gmolai_esm2_pocket_additive_S1	ridge_alpha	1000.0	"[{""alpha"":0.01,""inner_rmse"":3.0019983832717534},{""alpha"":0.1,""inner_rmse"":2.780455270059418},{""alpha"":1.0,""inner_rmse"":2.316714828044102},{""alpha"":10.0,""inner_rmse"":1.9426623030786605},{""alpha"":100.0,""inner_rmse"":1.7320440254815703},{""alpha"":1000.0,""inner_rmse"":1.500892040370302}]"	217	54	frozen_union_component
full	stratified_random_pair_5fold_non_headline	random-04	gmolai_esm2_pocket_tensor_S1	ridge_alpha	1000.0	"[{""alpha"":0.01,""inner_rmse"":2.6389808496904736},{""alpha"":0.1,""inner_rmse"":2.5161300797416244},{""alpha"":1.0,""inner_rmse"":2.190048525750919},{""alpha"":10.0,""inner_rmse"":1.9013997526625765},{""alpha"":100.0,""inner_rmse"":1.7244092454924755},{""alpha"":1000.0,""inner_rmse"":1.5024127418177375}]"	217	54	frozen_union_component
full	stratified_random_pair_5fold_non_headline	random-04	ecfp_esm2_pocket_additive_S0	ridge_alpha	1000.0	"[{""alpha"":0.01,""inner_rmse"":1.9192070785963975},{""alpha"":0.1,""inner_rmse"":1.7904998302255821},{""alpha"":1.0,""inner_rmse"":1.6050483880246766},{""alpha"":10.0,""inner_rmse"":1.5646604621165983},{""alpha"":100.0,""inner_rmse"":1.5592049300084414},{""alpha"":1000.0,""inner_rmse"":1.5006562618928565}]"	217	54	frozen_union_component
full	stratified_random_pair_5fold_non_headline	random-04	ecfp_esm2_pocket_tensor_S0	ridge_alpha	1000.0	"[{""alpha"":0.01,""inner_rmse"":1.8734999596174162},{""alpha"":0.1,""inner_rmse"":1.7632115419589114},{""alpha"":1.0,""inner_rmse"":1.6012670919086789},{""alpha"":10.0,""inner_rmse"":1.5631776344075154},{""alpha"":100.0,""inner_rmse"":1.5581424799836858},{""alpha"":1000.0,""inner_rmse"":1.5004964674731653}]"	217	54	frozen_union_component
full	stratified_random_pair_5fold_non_headline	random-04	ligand_ecfp_knn	knn_k	5	"[{""inner_rmse"":2.183066350125618,""k"":1},{""inner_rmse"":1.7673437126511218,""k"":3},{""inner_rmse"":1.6274333798913287,""k"":5}]"	217	54	frozen_union_component
full	stratified_random_pair_5fold_non_headline	random-04	ligand_gmolai_knn	knn_k	5	"[{""inner_rmse"":1.884454879534425,""k"":1},{""inner_rmse"":1.704360659751215,""k"":3},{""inner_rmse"":1.640791125550133,""k"":5}]"	217	54	frozen_union_component
full	stratified_random_pair_5fold_non_headline	random-04	sequence_identity_target_knn	knn_k	5	"[{""inner_rmse"":1.6833798532883846,""k"":1},{""inner_rmse"":1.6369730738245416,""k"":3},{""inner_rmse"":1.5928626663680088,""k"":5}]"	217	54	frozen_union_component
full	stratified_random_pair_5fold_non_headline	random-04	esm2_cosine_target_knn	knn_k	5	"[{""inner_rmse"":2.057865305090227,""k"":1},{""inner_rmse"":1.6844132380478933,""k"":3},{""inner_rmse"":1.6425211409854912,""k"":5}]"	217	54	frozen_union_component
full	stratified_random_pair_5fold_non_headline	random-04	structure_global_usalign_target_knn_S1	knn_k	5	"[{""inner_rmse"":1.903380646613837,""k"":1},{""inner_rmse"":1.6568833528105722,""k"":3},{""inner_rmse"":1.6010962277037504,""k"":5}]"	217	54	frozen_union_component
full	stratified_random_pair_5fold_non_headline	random-04	structure_pocket_usalign_target_knn_S1	knn_k	5	"[{""inner_rmse"":1.8826711294892964,""k"":1},{""inner_rmse"":1.6313159203254182,""k"":3},{""inner_rmse"":1.5717801628666386,""k"":5}]"	217	54	frozen_union_component
full	stratified_random_pair_5fold_non_headline	random-04	pocket_descriptor_target_knn_S1	knn_k	5	"[{""inner_rmse"":1.816634285126112,""k"":1},{""inner_rmse"":1.6750104140967619,""k"":3},{""inner_rmse"":1.525676931755516,""k"":5}]"	217	54	frozen_union_component
full	stratified_random_pair_5fold_non_headline	random-05	nuisance_ridge	ridge_alpha	100.0	"[{""alpha"":0.01,""inner_rmse"":1.4717907697583912},{""alpha"":0.1,""inner_rmse"":1.4707293277525297},{""alpha"":1.0,""inner_rmse"":1.4607458663300352},{""alpha"":10.0,""inner_rmse"":1.4022207802405087},{""alpha"":100.0,""inner_rmse"":1.3872549410081148},{""alpha"":1000.0,""inner_rmse"":1.4685626949837804}]"	217	54	frozen_union_component
full	stratified_random_pair_5fold_non_headline	random-05	ligand_ecfp_ridge	ridge_alpha	1000.0	"[{""alpha"":0.01,""inner_rmse"":1.6278922560220848},{""alpha"":0.1,""inner_rmse"":1.6278304510413237},{""alpha"":1.0,""inner_rmse"":1.6273144320089783},{""alpha"":10.0,""inner_rmse"":1.6243932196358168},{""alpha"":100.0,""inner_rmse"":1.6046395421805697},{""alpha"":1000.0,""inner_rmse"":1.5321018299585607}]"	217	54	frozen_union_component
full	stratified_random_pair_5fold_non_headline	random-05	ligand_gmolai_ridge	ridge_alpha	1000.0	"[{""alpha"":0.01,""inner_rmse"":2.5211058906827857},{""alpha"":0.1,""inner_rmse"":2.442580462959645},{""alpha"":1.0,""inner_rmse"":2.252098704238541},{""alpha"":10.0,""inner_rmse"":1.9324554025495289},{""alpha"":100.0,""inner_rmse"":1.6224635841427806},{""alpha"":1000.0,""inner_rmse"":1.4366668289126252}]"	217	54	frozen_union_component
full	stratified_random_pair_5fold_non_headline	random-05	pocket_ridge_S0	ridge_alpha	1000.0	"[{""alpha"":0.01,""inner_rmse"":5.66528673472023},{""alpha"":0.1,""inner_rmse"":3.251060889865234},{""alpha"":1.0,""inner_rmse"":2.051409752699638},{""alpha"":10.0,""inner_rmse"":1.6765696934600771},{""alpha"":100.0,""inner_rmse"":1.4518944398270215},{""alpha"":1000.0,""inner_rmse"":1.4211491351858765}]"	217	54	frozen_union_component
full	stratified_random_pair_5fold_non_headline	random-05	pocket_ridge_S1	ridge_alpha	1000.0	"[{""alpha"":0.01,""inner_rmse"":3.591733325023731},{""alpha"":0.1,""inner_rmse"":3.081105537651658},{""alpha"":1.0,""inner_rmse"":2.1568011671680662},{""alpha"":10.0,""inner_rmse"":1.695758846503884},{""alpha"":100.0,""inner_rmse"":1.4613501872598649},{""alpha"":1000.0,""inner_rmse"":1.4219033760916422}]"	217	54	frozen_union_component
full	stratified_random_pair_5fold_non_headline	random-05	sequence_esm2_ridge	ridge_alpha	1000.0	"[{""alpha"":0.01,""inner_rmse"":8.793686166301901},{""alpha"":0.1,""inner_rmse"":7.924650476668854},{""alpha"":1.0,""inner_rmse"":5.266288418107571},{""alpha"":10.0,""inner_rmse"":3.0144520267839083},{""alpha"":100.0,""inner_rmse"":1.9611596658986188},{""alpha"":1000.0,""inner_rmse"":1.6212273947759455}]"	217	54	frozen_union_component
full	stratified_random_pair_5fold_non_headline	random-05	ecfp_esm2_additive	ridge_alpha	1000.0	"[{""alpha"":0.01,""inner_rmse"":1.6497029269898957},{""alpha"":0.1,""inner_rmse"":1.6489250885773532},{""alpha"":1.0,""inner_rmse"":1.6471676880915826},{""alpha"":10.0,""inner_rmse"":1.6431820218389181},{""alpha"":100.0,""inner_rmse"":1.622324568585774},{""alpha"":1000.0,""inner_rmse"":1.5556575026021253}]"	217	54	frozen_union_component
full	stratified_random_pair_5fold_non_headline	random-05	gmolai_esm2_additive	ridge_alpha	1000.0	"[{""alpha"":0.01,""inner_rmse"":2.8505609538772076},{""alpha"":0.1,""inner_rmse"":2.818578494173449},{""alpha"":1.0,""inner_rmse"":2.6393983363199625},{""alpha"":10.0,""inner_rmse"":2.3413111978611},{""alpha"":100.0,""inner_rmse"":1.8614236653441627},{""alpha"":1000.0,""inner_rmse"":1.5206619823321512}]"	217	54	frozen_union_component
full	stratified_random_pair_5fold_non_headline	random-05	ecfp_pocket_additive_S1	ridge_alpha	1000.0	"[{""alpha"":0.01,""inner_rmse"":1.5433095456338406},{""alpha"":0.1,""inner_rmse"":1.5431531466915525},{""alpha"":1.0,""inner_rmse"":1.541817189472407},{""alpha"":10.0,""inner_rmse"":1.5355339437238424},{""alpha"":100.0,""inner_rmse"":1.517925604020781},{""alpha"":1000.0,""inner_rmse"":1.4762767158920216}]"	217	54	frozen_union_component
full	stratified_random_pair_5fold_non_headline	random-05	ecfp_pocket_tensor_S1	ridge_alpha	1000.0	"[{""alpha"":0.01,""inner_rmse"":1.5409478648516661},{""alpha"":0.1,""inner_rmse"":1.5408214007364283},{""alpha"":1.0,""inner_rmse"":1.5397358114748085},{""alpha"":10.0,""inner_rmse"":1.534282971793131},{""alpha"":100.0,""inner_rmse"":1.5170487293766064},{""alpha"":1000.0,""inner_rmse"":1.4762045353288373}]"	217	54	frozen_union_component
full	stratified_random_pair_5fold_non_headline	random-05	ecfp_esm2_pocket_additive_S1	ridge_alpha	1000.0	"[{""alpha"":0.01,""inner_rmse"":1.5825993979260722},{""alpha"":0.1,""inner_rmse"":1.582509521095273},{""alpha"":1.0,""inner_rmse"":1.581739323232098},{""alpha"":10.0,""inner_rmse"":1.5775336131415474},{""alpha"":100.0,""inner_rmse"":1.559757619005628},{""alpha"":1000.0,""inner_rmse"":1.5122080015961084}]"	217	54	frozen_union_component
full	stratified_random_pair_5fold_non_headline	random-05	ecfp_esm2_pocket_tensor_S1	ridge_alpha	1000.0	"[{""alpha"":0.01,""inner_rmse"":1.5791138481695544},{""alpha"":0.1,""inner_rmse"":1.579025958904407},{""alpha"":1.0,""inner_rmse"":1.5782769204310831},{""alpha"":10.0,""inner_rmse"":1.5742144999473293},{""alpha"":100.0,""inner_rmse"":1.5566922940781402},{""alpha"":1000.0,""inner_rmse"":1.5103644973094084}]"	217	54	frozen_union_component
full	stratified_random_pair_5fold_non_headline	random-05	ecfp_esm2_permuted_pocket_tensor_S1	ridge_alpha	1000.0	"[{""alpha"":0.01,""inner_rmse"":1.6395632946380079},{""alpha"":0.1,""inner_rmse"":1.6394756441250495},{""alpha"":1.0,""inner_rmse"":1.6387494025220029},{""alpha"":10.0,""inner_rmse"":1.6350961630122332},{""alpha"":100.0,""inner_rmse"":1.6180484177616303},{""alpha"":1000.0,""inner_rmse"":1.5586792275291448}]"	217	54	frozen_union_component
full	stratified_random_pair_5fold_non_headline	random-05	gmolai_esm2_pocket_additive_S1	ridge_alpha	1000.0	"[{""alpha"":0.01,""inner_rmse"":2.7299450889931025},{""alpha"":0.1,""inner_rmse"":2.688164027610644},{""alpha"":1.0,""inner_rmse"":2.4895720739110256},{""alpha"":10.0,""inner_rmse"":2.1494755299196626},{""alpha"":100.0,""inner_rmse"":1.736248886905297},{""alpha"":1000.0,""inner_rmse"":1.4755954683554549}]"	217	54	frozen_union_component
full	stratified_random_pair_5fold_non_headline	random-05	gmolai_esm2_pocket_tensor_S1	ridge_alpha	1000.0	"[{""alpha"":0.01,""inner_rmse"":2.4096547983364243},{""alpha"":0.1,""inner_rmse"":2.391759001569157},{""alpha"":1.0,""inner_rmse"":2.297163292316093},{""alpha"":10.0,""inner_rmse"":2.0560961063018603},{""alpha"":100.0,""inner_rmse"":1.7254106292404765},{""alpha"":1000.0,""inner_rmse"":1.4798285144564374}]"	217	54	frozen_union_component
full	stratified_random_pair_5fold_non_headline	random-05	ecfp_esm2_pocket_additive_S0	ridge_alpha	1000.0	"[{""alpha"":0.01,""inner_rmse"":1.582845746700159},{""alpha"":0.1,""inner_rmse"":1.5828201077398414},{""alpha"":1.0,""inner_rmse"":1.582550187412644},{""alpha"":10.0,""inner_rmse"":1.5797970933695709},{""alpha"":100.0,""inner_rmse"":1.5631022073184273},{""alpha"":1000.0,""inner_rmse"":1.5143532481680142}]"	217	54	frozen_union_component
full	stratified_random_pair_5fold_non_headline	random-05	ecfp_esm2_pocket_tensor_S0	ridge_alpha	1000.0	"[{""alpha"":0.01,""inner_rmse"":1.5808110089967589},{""alpha"":0.1,""inner_rmse"":1.5807820305725082},{""alpha"":1.0,""inner_rmse"":1.580488532862062},{""alpha"":10.0,""inner_rmse"":1.5777000316861631},{""alpha"":100.0,""inner_rmse"":1.5609971060708292},{""alpha"":1000.0,""inner_rmse"":1.5129941218897986}]"	217	54	frozen_union_component
full	stratified_random_pair_5fold_non_headline	random-05	ligand_ecfp_knn	knn_k	5	"[{""inner_rmse"":2.363069763644315,""k"":1},{""inner_rmse"":1.9567519434396907,""k"":3},{""inner_rmse"":1.7144269067326945,""k"":5}]"	217	54	frozen_union_component
full	stratified_random_pair_5fold_non_headline	random-05	ligand_gmolai_knn	knn_k	5	"[{""inner_rmse"":2.1158117815472575,""k"":1},{""inner_rmse"":1.8962774762594208,""k"":3},{""inner_rmse"":1.7781095059064216,""k"":5}]"	217	54	frozen_union_component
full	stratified_random_pair_5fold_non_headline	random-05	sequence_identity_target_knn	knn_k	5	"[{""inner_rmse"":1.8054771318292946,""k"":1},{""inner_rmse"":1.6747883116627957,""k"":3},{""inner_rmse"":1.6319466625985597,""k"":5}]"	217	54	frozen_union_component
full	stratified_random_pair_5fold_non_headline	random-05	esm2_cosine_target_knn	knn_k	3	"[{""inner_rmse"":2.2462559372769264,""k"":1},{""inner_rmse"":1.5490953058942825,""k"":3},{""inner_rmse"":1.5797229133689126,""k"":5}]"	217	54	frozen_union_component
full	stratified_random_pair_5fold_non_headline	random-05	structure_global_usalign_target_knn_S1	knn_k	3	"[{""inner_rmse"":1.8673513725747746,""k"":1},{""inner_rmse"":1.5949066536874372,""k"":3},{""inner_rmse"":1.5999806647643295,""k"":5}]"	217	54	frozen_union_component
full	stratified_random_pair_5fold_non_headline	random-05	structure_pocket_usalign_target_knn_S1	knn_k	5	"[{""inner_rmse"":1.8940720693213404,""k"":1},{""inner_rmse"":1.6428285702586654,""k"":3},{""inner_rmse"":1.5698051724689988,""k"":5}]"	217	54	frozen_union_component
full	stratified_random_pair_5fold_non_headline	random-05	pocket_descriptor_target_knn_S1	knn_k	5	"[{""inner_rmse"":2.038323724870926,""k"":1},{""inner_rmse"":1.671164984672103,""k"":3},{""inner_rmse"":1.5562707572176413,""k"":5}]"	217	54	frozen_union_component
S2	union_component_leave_one_out	component-01	pocket_ridge_S2	ridge_alpha	100.0	"[{""alpha"":0.01,""inner_rmse"":2.542677734324691},{""alpha"":0.1,""inner_rmse"":2.435333915539176},{""alpha"":1.0,""inner_rmse"":2.098668445550372},{""alpha"":10.0,""inner_rmse"":1.5748069478574926},{""alpha"":100.0,""inner_rmse"":1.3309196609794907},{""alpha"":1000.0,""inner_rmse"":1.3318019297324093}]"	256	4	frozen_union_component
S2	union_component_leave_one_out	component-01	ecfp_esm2_additive	ridge_alpha	1000.0	"[{""alpha"":0.01,""inner_rmse"":1.5452490361562816},{""alpha"":0.1,""inner_rmse"":1.5460572018986973},{""alpha"":1.0,""inner_rmse"":1.5475797362365076},{""alpha"":10.0,""inner_rmse"":1.5502275218116384},{""alpha"":100.0,""inner_rmse"":1.549341242166388},{""alpha"":1000.0,""inner_rmse"":1.50098630000542}]"	256	4	frozen_union_component
S2	union_component_leave_one_out	component-01	ecfp_esm2_pocket_additive_S2	ridge_alpha	1000.0	"[{""alpha"":0.01,""inner_rmse"":1.4979839867700067},{""alpha"":0.1,""inner_rmse"":1.4979364514260718},{""alpha"":1.0,""inner_rmse"":1.4975846757133535},{""alpha"":10.0,""inner_rmse"":1.4969458399123425},{""alpha"":100.0,""inner_rmse"":1.4924946631316072},{""alpha"":1000.0,""inner_rmse"":1.4578063445416578}]"	256	4	frozen_union_component
S2	union_component_leave_one_out	component-01	ecfp_esm2_pocket_tensor_S2	ridge_alpha	1000.0	"[{""alpha"":0.01,""inner_rmse"":1.4930086432357128},{""alpha"":0.1,""inner_rmse"":1.4929642360065036},{""alpha"":1.0,""inner_rmse"":1.492637515489528},{""alpha"":10.0,""inner_rmse"":1.4920602663942948},{""alpha"":100.0,""inner_rmse"":1.4877049996394394},{""alpha"":1000.0,""inner_rmse"":1.4543933875605934}]"	256	4	frozen_union_component
S2	union_component_leave_one_out	component-02	pocket_ridge_S2	ridge_alpha	1000.0	"[{""alpha"":0.01,""inner_rmse"":2.9783549039980524},{""alpha"":0.1,""inner_rmse"":2.7765983781717614},{""alpha"":1.0,""inner_rmse"":2.2973696660156904},{""alpha"":10.0,""inner_rmse"":1.6644614910831834},{""alpha"":100.0,""inner_rmse"":1.3645624041911764},{""alpha"":1000.0,""inner_rmse"":1.3473130391383936}]"	258	2	frozen_union_component
S2	union_component_leave_one_out	component-02	ecfp_esm2_additive	ridge_alpha	1000.0	"[{""alpha"":0.01,""inner_rmse"":1.5816927346853709},{""alpha"":0.1,""inner_rmse"":1.5808397003627381},{""alpha"":1.0,""inner_rmse"":1.5796431656659773},{""alpha"":10.0,""inner_rmse"":1.580728768108367},{""alpha"":100.0,""inner_rmse"":1.5744275317023286},{""alpha"":1000.0,""inner_rmse"":1.5134625409352047}]"	258	2	frozen_union_component
S2	union_component_leave_one_out	component-02	ecfp_esm2_pocket_additive_S2	ridge_alpha	1000.0	"[{""alpha"":0.01,""inner_rmse"":1.523303484745042},{""alpha"":0.1,""inner_rmse"":1.5232718906724694},{""alpha"":1.0,""inner_rmse"":1.5230334544162185},{""alpha"":10.0,""inner_rmse"":1.5222176089175705},{""alpha"":100.0,""inner_rmse"":1.5145422304201086},{""alpha"":1000.0,""inner_rmse"":1.4706299615755765}]"	258	2	frozen_union_component
S2	union_component_leave_one_out	component-02	ecfp_esm2_pocket_tensor_S2	ridge_alpha	1000.0	"[{""alpha"":0.01,""inner_rmse"":1.519514658275718},{""alpha"":0.1,""inner_rmse"":1.5194808746451753},{""alpha"":1.0,""inner_rmse"":1.5192209820620823},{""alpha"":10.0,""inner_rmse"":1.5182951194412082},{""alpha"":100.0,""inner_rmse"":1.510686726845934},{""alpha"":1000.0,""inner_rmse"":1.4680733004844924}]"	258	2	frozen_union_component
S2	union_component_leave_one_out	component-03	pocket_ridge_S2	ridge_alpha	1000.0	"[{""alpha"":0.01,""inner_rmse"":3.1055828332389774},{""alpha"":0.1,""inner_rmse"":2.977847524206146},{""alpha"":1.0,""inner_rmse"":2.5212887487681725},{""alpha"":10.0,""inner_rmse"":1.7621056989672697},{""alpha"":100.0,""inner_rmse"":1.4237374930323001},{""alpha"":1000.0,""inner_rmse"":1.3600702414044097}]"	254	6	frozen_union_component
S2	union_component_leave_one_out	component-03	ecfp_esm2_additive	ridge_alpha	1000.0	"[{""alpha"":0.01,""inner_rmse"":1.6046326999186027},{""alpha"":0.1,""inner_rmse"":1.6039774922543717},{""alpha"":1.0,""inner_rmse"":1.6033297466576144},{""alpha"":10.0,""inner_rmse"":1.603334915160807},{""alpha"":100.0,""inner_rmse"":1.5860272237302815},{""alpha"":1000.0,""inner_rmse"":1.509007002106538}]"	254	6	frozen_union_component
S2	union_component_leave_one_out	component-03	ecfp_esm2_pocket_additive_S2	ridge_alpha	1000.0	"[{""alpha"":0.01,""inner_rmse"":1.5589857132420941},{""alpha"":0.1,""inner_rmse"":1.5589859942122695},{""alpha"":1.0,""inner_rmse"":1.5589411283109966},{""alpha"":10.0,""inner_rmse"":1.5570066379826282},{""alpha"":100.0,""inner_rmse"":1.5389561494215434},{""alpha"":1000.0,""inner_rmse"":1.4740405315001255}]"	254	6	frozen_union_component
S2	union_component_leave_one_out	component-03	ecfp_esm2_pocket_tensor_S2	ridge_alpha	1000.0	"[{""alpha"":0.01,""inner_rmse"":1.5553135930447108},{""alpha"":0.1,""inner_rmse"":1.5553184499088224},{""alpha"":1.0,""inner_rmse"":1.5553119836131486},{""alpha"":10.0,""inner_rmse"":1.5535201480933964},{""alpha"":100.0,""inner_rmse"":1.5357119041315233},{""alpha"":1000.0,""inner_rmse"":1.4719203571498245}]"	254	6	frozen_union_component
S2	union_component_leave_one_out	component-04	pocket_ridge_S2	ridge_alpha	1000.0	"[{""alpha"":0.01,""inner_rmse"":2.857654687757058},{""alpha"":0.1,""inner_rmse"":2.577808711730838},{""alpha"":1.0,""inner_rmse"":2.13541094235371},{""alpha"":10.0,""inner_rmse"":1.67138360811315},{""alpha"":100.0,""inner_rmse"":1.3627760787308254},{""alpha"":1000.0,""inner_rmse"":1.3415171984821717}]"	259	1	frozen_union_component
S2	union_component_leave_one_out	component-04	ecfp_esm2_additive	ridge_alpha	1000.0	"[{""alpha"":0.01,""inner_rmse"":1.5877945732174026},{""alpha"":0.1,""inner_rmse"":1.587297823414797},{""alpha"":1.0,""inner_rmse"":1.586547042044772},{""alpha"":10.0,""inner_rmse"":1.58740167694628},{""alpha"":100.0,""inner_rmse"":1.5807759536052028},{""alpha"":1000.0,""inner_rmse"":1.514534467327431}]"	259	1	frozen_union_component
S2	union_component_leave_one_out	component-04	ecfp_esm2_pocket_additive_S2	ridge_alpha	1000.0	"[{""alpha"":0.01,""inner_rmse"":1.5261917290765683},{""alpha"":0.1,""inner_rmse"":1.5261499854586122},{""alpha"":1.0,""inner_rmse"":1.5258248816332263},{""alpha"":10.0,""inner_rmse"":1.524740756628844},{""alpha"":100.0,""inner_rmse"":1.516882329419855},{""alpha"":1000.0,""inner_rmse"":1.4688811898645995}]"	259	1	frozen_union_component
S2	union_component_leave_one_out	component-04	ecfp_esm2_pocket_tensor_S2	ridge_alpha	1000.0	"[{""alpha"":0.01,""inner_rmse"":1.5232028738207903},{""alpha"":0.1,""inner_rmse"":1.5231574580193754},{""alpha"":1.0,""inner_rmse"":1.5227970062766472},{""alpha"":10.0,""inner_rmse"":1.5214876164726745},{""alpha"":100.0,""inner_rmse"":1.5133391011188693},{""alpha"":1000.0,""inner_rmse"":1.4664112803077554}]"	259	1	frozen_union_component
S2	union_component_leave_one_out	component-05	pocket_ridge_S2	ridge_alpha	1000.0	"[{""alpha"":0.01,""inner_rmse"":2.374832401681701},{""alpha"":0.1,""inner_rmse"":2.2875530860731295},{""alpha"":1.0,""inner_rmse"":2.019648579377112},{""alpha"":10.0,""inner_rmse"":1.6155955055465006},{""alpha"":100.0,""inner_rmse"":1.3735404933420665},{""alpha"":1000.0,""inner_rmse"":1.3527925618689707}]"	258	2	frozen_union_component
S2	union_component_leave_one_out	component-05	ecfp_esm2_additive	ridge_alpha	1000.0	"[{""alpha"":0.01,""inner_rmse"":1.5764481443158356},{""alpha"":0.1,""inner_rmse"":1.575659975946327},{""alpha"":1.0,""inner_rmse"":1.5746051355477955},{""alpha"":10.0,""inner_rmse"":1.5762280839742664},{""alpha"":100.0,""inner_rmse"":1.5729985327816658},{""alpha"":1000.0,""inner_rmse"":1.51738965399059}]"	258	2	frozen_union_component
S2	union_component_leave_one_out	component-05	ecfp_esm2_pocket_additive_S2	ridge_alpha	1000.0	"[{""alpha"":0.01,""inner_rmse"":1.514475619270448},{""alpha"":0.1,""inner_rmse"":1.5144433584952437},{""alpha"":1.0,""inner_rmse"":1.5142090875277552},{""alpha"":10.0,""inner_rmse"":1.5137469264639585},{""alpha"":100.0,""inner_rmse"":1.5089752248359116},{""alpha"":1000.0,""inner_rmse"":1.4723840693272228}]"	258	2	frozen_union_component
S2	union_component_leave_one_out	component-05	ecfp_esm2_pocket_tensor_S2	ridge_alpha	1000.0	"[{""alpha"":0.01,""inner_rmse"":1.5122197106859372},{""alpha"":0.1,""inner_rmse"":1.5121787881732305},{""alpha"":1.0,""inner_rmse"":1.511866399639599},{""alpha"":10.0,""inner_rmse"":1.5110056527166917},{""alpha"":100.0,""inner_rmse"":1.5057558074543145},{""alpha"":1000.0,""inner_rmse"":1.4701612667102582}]"	258	2	frozen_union_component
S2	union_component_leave_one_out	component-06	pocket_ridge_S2	ridge_alpha	1000.0	"[{""alpha"":0.01,""inner_rmse"":3.335612487787468},{""alpha"":0.1,""inner_rmse"":3.175112763080026},{""alpha"":1.0,""inner_rmse"":2.534717065852221},{""alpha"":10.0,""inner_rmse"":1.6639137330269351},{""alpha"":100.0,""inner_rmse"":1.3584791041943567},{""alpha"":1000.0,""inner_rmse"":1.3536917973794895}]"	254	6	frozen_union_component
S2	union_component_leave_one_out	component-06	ecfp_esm2_additive	ridge_alpha	1000.0	"[{""alpha"":0.01,""inner_rmse"":1.6164092287700942},{""alpha"":0.1,""inner_rmse"":1.6154693695099807},{""alpha"":1.0,""inner_rmse"":1.6144420884440989},{""alpha"":10.0,""inner_rmse"":1.616631568493074},{""alpha"":100.0,""inner_rmse"":1.6116879188744662},{""alpha"":1000.0,""inner_rmse"":1.5407595627180366}]"	254	6	frozen_union_component
S2	union_component_leave_one_out	component-06	ecfp_esm2_pocket_additive_S2	ridge_alpha	1000.0	"[{""alpha"":0.01,""inner_rmse"":1.5622584768907681},{""alpha"":0.1,""inner_rmse"":1.5622775141241534},{""alpha"":1.0,""inner_rmse"":1.56244892026423},{""alpha"":10.0,""inner_rmse"":1.563040723302783},{""alpha"":100.0,""inner_rmse"":1.5567586601920549},{""alpha"":1000.0,""inner_rmse"":1.5005426794602583}]"	254	6	frozen_union_component
S2	union_component_leave_one_out	component-06	ecfp_esm2_pocket_tensor_S2	ridge_alpha	1000.0	"[{""alpha"":0.01,""inner_rmse"":1.5560434392146105},{""alpha"":0.1,""inner_rmse"":1.5560639177976112},{""alpha"":1.0,""inner_rmse"":1.5562456707464691},{""alpha"":10.0,""inner_rmse"":1.5568369681230856},{""alpha"":100.0,""inner_rmse"":1.5506010101326884},{""alpha"":1000.0,""inner_rmse"":1.4965794474829066}]"	254	6	frozen_union_component
S2	union_component_leave_one_out	component-07	pocket_ridge_S2	ridge_alpha	100.0	"[{""alpha"":0.01,""inner_rmse"":2.419269994686904},{""alpha"":0.1,""inner_rmse"":2.2925574904106165},{""alpha"":1.0,""inner_rmse"":2.008004660251002},{""alpha"":10.0,""inner_rmse"":1.6043328210025773},{""alpha"":100.0,""inner_rmse"":1.3552270369590198},{""alpha"":1000.0,""inner_rmse"":1.3570570949514105}]"	251	9	frozen_union_component
S2	union_component_leave_one_out	component-07	ecfp_esm2_additive	ridge_alpha	1000.0	"[{""alpha"":0.01,""inner_rmse"":1.6089538382682917},{""alpha"":0.1,""inner_rmse"":1.6090045546612046},{""alpha"":1.0,""inner_rmse"":1.609490686991358},{""alpha"":10.0,""inner_rmse"":1.6123484334752796},{""alpha"":100.0,""inner_rmse"":1.6095234625932406},{""alpha"":1000.0,""inner_rmse"":1.5422648448890468}]"	251	9	frozen_union_component
S2	union_component_leave_one_out	component-07	ecfp_esm2_pocket_additive_S2	ridge_alpha	1000.0	"[{""alpha"":0.01,""inner_rmse"":1.5489519947638537},{""alpha"":0.1,""inner_rmse"":1.548989559399435},{""alpha"":1.0,""inner_rmse"":1.5493402624615584},{""alpha"":10.0,""inner_rmse"":1.5511433636881675},{""alpha"":100.0,""inner_rmse"":1.548244071153432},{""alpha"":1000.0,""inner_rmse"":1.4996266537629115}]"	251	9	frozen_union_component
S2	union_component_leave_one_out	component-07	ecfp_esm2_pocket_tensor_S2	ridge_alpha	1000.0	"[{""alpha"":0.01,""inner_rmse"":1.5459629934478902},{""alpha"":0.1,""inner_rmse"":1.5459974713348468},{""alpha"":1.0,""inner_rmse"":1.5463184016396454},{""alpha"":10.0,""inner_rmse"":1.5479017392480179},{""alpha"":100.0,""inner_rmse"":1.5444493244917654},{""alpha"":1000.0,""inner_rmse"":1.497146848788344}]"	251	9	frozen_union_component
S2	union_component_leave_one_out	component-08	pocket_ridge_S2	ridge_alpha	1000.0	"[{""alpha"":0.01,""inner_rmse"":3.0252303142613504},{""alpha"":0.1,""inner_rmse"":2.812822689412151},{""alpha"":1.0,""inner_rmse"":2.2802246271056794},{""alpha"":10.0,""inner_rmse"":1.663532371036376},{""alpha"":100.0,""inner_rmse"":1.3616539875520164},{""alpha"":1000.0,""inner_rmse"":1.3480663966393334}]"	257	3	frozen_union_component
S2	union_component_leave_one_out	component-08	ecfp_esm2_additive	ridge_alpha	1000.0	"[{""alpha"":0.01,""inner_rmse"":1.5649884925409947},{""alpha"":0.1,""inner_rmse"":1.5642517822565432},{""alpha"":1.0,""inner_rmse"":1.5636117837306591},{""alpha"":10.0,""inner_rmse"":1.5665584795248226},{""alpha"":100.0,""inner_rmse"":1.5644578397659663},{""alpha"":1000.0,""inner_rmse"":1.5077798527645327}]"	257	3	frozen_union_component
S2	union_component_leave_one_out	component-08	ecfp_esm2_pocket_additive_S2	ridge_alpha	1000.0	"[{""alpha"":0.01,""inner_rmse"":1.509507145531297},{""alpha"":0.1,""inner_rmse"":1.5095259955164468},{""alpha"":1.0,""inner_rmse"":1.5097122022717782},{""alpha"":10.0,""inner_rmse"":1.5107243507725323},{""alpha"":100.0,""inner_rmse"":1.5066539767561895},{""alpha"":1000.0,""inner_rmse"":1.4654310863605853}]"	257	3	frozen_union_component
S2	union_component_leave_one_out	component-08	ecfp_esm2_pocket_tensor_S2	ridge_alpha	1000.0	"[{""alpha"":0.01,""inner_rmse"":1.509479714839864},{""alpha"":0.1,""inner_rmse"":1.5094899327937676},{""alpha"":1.0,""inner_rmse"":1.5095977008808448},{""alpha"":10.0,""inner_rmse"":1.5102032219752042},{""alpha"":100.0,""inner_rmse"":1.5054787698900067},{""alpha"":1000.0,""inner_rmse"":1.4642992531570738}]"	257	3	frozen_union_component
S2	union_component_leave_one_out	component-09	pocket_ridge_S2	ridge_alpha	1000.0	"[{""alpha"":0.01,""inner_rmse"":2.997446115935184},{""alpha"":0.1,""inner_rmse"":2.793891310282686},{""alpha"":1.0,""inner_rmse"":2.3100983033549976},{""alpha"":10.0,""inner_rmse"":1.7375262842568253},{""alpha"":100.0,""inner_rmse"":1.372835150591631},{""alpha"":1000.0,""inner_rmse"":1.3444036827338033}]"	259	1	frozen_union_component
S2	union_component_leave_one_out	component-09	ecfp_esm2_additive	ridge_alpha	1000.0	"[{""alpha"":0.01,""inner_rmse"":1.6025003366967698},{""alpha"":0.1,""inner_rmse"":1.6018117938417653},{""alpha"":1.0,""inner_rmse"":1.6008002960645225},{""alpha"":10.0,""inner_rmse"":1.6017496949826115},{""alpha"":100.0,""inner_rmse"":1.5942814414951465},{""alpha"":1000.0,""inner_rmse"":1.5215448443798958}]"	259	1	frozen_union_component
S2	union_component_leave_one_out	component-09	ecfp_esm2_pocket_additive_S2	ridge_alpha	1000.0	"[{""alpha"":0.01,""inner_rmse"":1.5408632178190858},{""alpha"":0.1,""inner_rmse"":1.5408302054318668},{""alpha"":1.0,""inner_rmse"":1.5405753353811775},{""alpha"":10.0,""inner_rmse"":1.5396923628368788},{""alpha"":100.0,""inner_rmse"":1.5310000414049365},{""alpha"":1000.0,""inner_rmse"":1.4765761282288608}]"	259	1	frozen_union_component
S2	union_component_leave_one_out	component-09	ecfp_esm2_pocket_tensor_S2	ridge_alpha	1000.0	"[{""alpha"":0.01,""inner_rmse"":1.5377349091350758},{""alpha"":0.1,""inner_rmse"":1.5376969857614753},{""alpha"":1.0,""inner_rmse"":1.5373977899456022},{""alpha"":10.0,""inner_rmse"":1.536311031045755},{""alpha"":100.0,""inner_rmse"":1.5276356744186284},{""alpha"":1000.0,""inner_rmse"":1.4744067664905247}]"	259	1	frozen_union_component
S2	union_component_leave_one_out	component-10	pocket_ridge_S2	ridge_alpha	1000.0	"[{""alpha"":0.01,""inner_rmse"":2.1849740890985037},{""alpha"":0.1,""inner_rmse"":2.073785813076461},{""alpha"":1.0,""inner_rmse"":1.8320805877966855},{""alpha"":10.0,""inner_rmse"":1.5250057132550185},{""alpha"":100.0,""inner_rmse"":1.3466463797086559},{""alpha"":1000.0,""inner_rmse"":1.3425410257559522}]"	259	1	frozen_union_component
S2	union_component_leave_one_out	component-10	ecfp_esm2_additive	ridge_alpha	1000.0	"[{""alpha"":0.01,""inner_rmse"":1.6037854224119141},{""alpha"":0.1,""inner_rmse"":1.6031196516935675},{""alpha"":1.0,""inner_rmse"":1.6021592494428791},{""alpha"":10.0,""inner_rmse"":1.603335138202095},{""alpha"":100.0,""inner_rmse"":1.5973527944154298},{""alpha"":1000.0,""inner_rmse"":1.5277436043600494}]"	259	1	frozen_union_component
S2	union_component_leave_one_out	component-10	ecfp_esm2_pocket_additive_S2	ridge_alpha	1000.0	"[{""alpha"":0.01,""inner_rmse"":1.542545710706563},{""alpha"":0.1,""inner_rmse"":1.5425138461365242},{""alpha"":1.0,""inner_rmse"":1.5422787342069768},{""alpha"":10.0,""inner_rmse"":1.5417164252090334},{""alpha"":100.0,""inner_rmse"":1.5347861701500072},{""alpha"":1000.0,""inner_rmse"":1.4834334164685146}]"	259	1	frozen_union_component
S2	union_component_leave_one_out	component-10	ecfp_esm2_pocket_tensor_S2	ridge_alpha	1000.0	"[{""alpha"":0.01,""inner_rmse"":1.5401571810256462},{""alpha"":0.1,""inner_rmse"":1.5401218536597492},{""alpha"":1.0,""inner_rmse"":1.5398545510620187},{""alpha"":10.0,""inner_rmse"":1.5391296003182993},{""alpha"":100.0,""inner_rmse"":1.5321816019126986},{""alpha"":1000.0,""inner_rmse"":1.4817758996687045}]"	259	1	frozen_union_component
S2	union_component_leave_one_out	component-11	pocket_ridge_S2	ridge_alpha	1000.0	"[{""alpha"":0.01,""inner_rmse"":3.1878986936011677},{""alpha"":0.1,""inner_rmse"":3.0230502812377797},{""alpha"":1.0,""inner_rmse"":2.539698646331516},{""alpha"":10.0,""inner_rmse"":1.7305697337207187},{""alpha"":100.0,""inner_rmse"":1.3701879297338961},{""alpha"":1000.0,""inner_rmse"":1.3455505921525688}]"	259	1	frozen_union_component
S2	union_component_leave_one_out	component-11	ecfp_esm2_additive	ridge_alpha	1000.0	"[{""alpha"":0.01,""inner_rmse"":1.5993239799957544},{""alpha"":0.1,""inner_rmse"":1.5987445261905973},{""alpha"":1.0,""inner_rmse"":1.5979274935968397},{""alpha"":10.0,""inner_rmse"":1.5989305867765067},{""alpha"":100.0,""inner_rmse"":1.5918437582288711},{""alpha"":1000.0,""inner_rmse"":1.52109889177954}]"	259	1	frozen_union_component
S2	union_component_leave_one_out	component-11	ecfp_esm2_pocket_additive_S2	ridge_alpha	1000.0	"[{""alpha"":0.01,""inner_rmse"":1.5390493078268543},{""alpha"":0.1,""inner_rmse"":1.5390172896305652},{""alpha"":1.0,""inner_rmse"":1.5387729442549252},{""alpha"":10.0,""inner_rmse"":1.537975366230233},{""alpha"":100.0,""inner_rmse"":1.5300234768968668},{""alpha"":1000.0,""inner_rmse"":1.4776268654166314}]"	259	1	frozen_union_component
S2	union_component_leave_one_out	component-11	ecfp_esm2_pocket_tensor_S2	ridge_alpha	1000.0	"[{""alpha"":0.01,""inner_rmse"":1.5359335851146225},{""alpha"":0.1,""inner_rmse"":1.5358957962235518},{""alpha"":1.0,""inner_rmse"":1.5355991600202246},{""alpha"":10.0,""inner_rmse"":1.534554232257076},{""alpha"":100.0,""inner_rmse"":1.5264854314380367},{""alpha"":1000.0,""inner_rmse"":1.4751844071889442}]"	259	1	frozen_union_component
S2	union_component_leave_one_out	component-12	pocket_ridge_S2	ridge_alpha	1000.0	"[{""alpha"":0.01,""inner_rmse"":2.002176688360857},{""alpha"":0.1,""inner_rmse"":1.9500503008499586},{""alpha"":1.0,""inner_rmse"":1.8740055463020955},{""alpha"":10.0,""inner_rmse"":1.6550504955667464},{""alpha"":100.0,""inner_rmse"":1.3361896884374456},{""alpha"":1000.0,""inner_rmse"":1.330406863157877}]"	256	4	frozen_union_component
S2	union_component_leave_one_out	component-12	ecfp_esm2_additive	ridge_alpha	1000.0	"[{""alpha"":0.01,""inner_rmse"":1.577108090071978},{""alpha"":0.1,""inner_rmse"":1.576616301147474},{""alpha"":1.0,""inner_rmse"":1.575925272317117},{""alpha"":10.0,""inner_rmse"":1.5770989035148892},{""alpha"":100.0,""inner_rmse"":1.5712889747339553},{""alpha"":1000.0,""inner_rmse"":1.507598196187768}]"	256	4	frozen_union_component
S2	union_component_leave_one_out	component-12	ecfp_esm2_pocket_additive_S2	ridge_alpha	1000.0	"[{""alpha"":0.01,""inner_rmse"":1.523338701819055},{""alpha"":0.1,""inner_rmse"":1.5233148222558683},{""alpha"":1.0,""inner_rmse"":1.5231222911567759},{""alpha"":10.0,""inner_rmse"":1.522365215751851},{""alpha"":100.0,""inner_rmse"":1.514647860417792},{""alpha"":1000.0,""inner_rmse"":1.4663759050252738}]"	256	4	frozen_union_component
S2	union_component_leave_one_out	component-12	ecfp_esm2_pocket_tensor_S2	ridge_alpha	1000.0	"[{""alpha"":0.01,""inner_rmse"":1.5208464353728834},{""alpha"":0.1,""inner_rmse"":1.5208213823286227},{""alpha"":1.0,""inner_rmse"":1.5206136133447177},{""alpha"":10.0,""inner_rmse"":1.5196717053206452},{""alpha"":100.0,""inner_rmse"":1.511620794228437},{""alpha"":1000.0,""inner_rmse"":1.4644580561456015}]"	256	4	frozen_union_component
S2	union_component_leave_one_out	component-13	pocket_ridge_S2	ridge_alpha	1000.0	"[{""alpha"":0.01,""inner_rmse"":2.351368418938718},{""alpha"":0.1,""inner_rmse"":2.2677237175969336},{""alpha"":1.0,""inner_rmse"":2.060199733023334},{""alpha"":10.0,""inner_rmse"":1.645396933058425},{""alpha"":100.0,""inner_rmse"":1.3715058516629015},{""alpha"":1000.0,""inner_rmse"":1.3461496115597118}]"	252	8	frozen_union_component
S2	union_component_leave_one_out	component-13	ecfp_esm2_additive	ridge_alpha	1000.0	"[{""alpha"":0.01,""inner_rmse"":1.6467287194329292},{""alpha"":0.1,""inner_rmse"":1.646395799357309},{""alpha"":1.0,""inner_rmse"":1.6462502161608266},{""alpha"":10.0,""inner_rmse"":1.646610751391134},{""alpha"":100.0,""inner_rmse"":1.6330307413414633},{""alpha"":1000.0,""inner_rmse"":1.5532032727189853}]"	252	8	frozen_union_component
S2	union_component_leave_one_out	component-13	ecfp_esm2_pocket_additive_S2	ridge_alpha	1000.0	"[{""alpha"":0.01,""inner_rmse"":1.5939156550041467},{""alpha"":0.1,""inner_rmse"":1.5939359695870938},{""alpha"":1.0,""inner_rmse"":1.5941051693866086},{""alpha"":10.0,""inner_rmse"":1.5941618968085993},{""alpha"":100.0,""inner_rmse"":1.5831827815752444},{""alpha"":1000.0,""inner_rmse"":1.5205562095024443}]"	252	8	frozen_union_component
S2	union_component_leave_one_out	component-13	ecfp_esm2_pocket_tensor_S2	ridge_alpha	1000.0	"[{""alpha"":0.01,""inner_rmse"":1.5937833172324434},{""alpha"":0.1,""inner_rmse"":1.593796369859964},{""alpha"":1.0,""inner_rmse"":1.593904491594356},{""alpha"":10.0,""inner_rmse"":1.593719382636101},{""alpha"":100.0,""inner_rmse"":1.5823842160931283},{""alpha"":1000.0,""inner_rmse"":1.519848132354787}]"	252	8	frozen_union_component
S2	union_component_leave_one_out	component-14	pocket_ridge_S2	ridge_alpha	100.0	"[{""alpha"":0.01,""inner_rmse"":2.5480286752988714},{""alpha"":0.1,""inner_rmse"":2.4879685972805428},{""alpha"":1.0,""inner_rmse"":2.2943374329127173},{""alpha"":10.0,""inner_rmse"":1.759766893619648},{""alpha"":100.0,""inner_rmse"":1.3225320082259595},{""alpha"":1000.0,""inner_rmse"":1.3791386764977056}]"	68	192	frozen_union_component
S2	union_component_leave_one_out	component-14	ecfp_esm2_additive	ridge_alpha	1000.0	"[{""alpha"":0.01,""inner_rmse"":1.4828783388590598},{""alpha"":0.1,""inner_rmse"":1.4881516910141481},{""alpha"":1.0,""inner_rmse"":1.4988893046045788},{""alpha"":10.0,""inner_rmse"":1.4973066238225021},{""alpha"":100.0,""inner_rmse"":1.4760921153096744},{""alpha"":1000.0,""inner_rmse"":1.4487664260237532}]"	68	192	frozen_union_component
S2	union_component_leave_one_out	component-14	ecfp_esm2_pocket_additive_S2	ridge_alpha	1000.0	"[{""alpha"":0.01,""inner_rmse"":1.4636014769134882},{""alpha"":0.1,""inner_rmse"":1.463594797980923},{""alpha"":1.0,""inner_rmse"":1.4634730792750879},{""alpha"":10.0,""inner_rmse"":1.460247377076082},{""alpha"":100.0,""inner_rmse"":1.44064710600056},{""alpha"":1000.0,""inner_rmse"":1.4222050272068496}]"	68	192	frozen_union_component
S2	union_component_leave_one_out	component-14	ecfp_esm2_pocket_tensor_S2	ridge_alpha	1000.0	"[{""alpha"":0.01,""inner_rmse"":1.4594659974949402},{""alpha"":0.1,""inner_rmse"":1.4594563911720562},{""alpha"":1.0,""inner_rmse"":1.4593174939829292},{""alpha"":10.0,""inner_rmse"":1.4563595547772739},{""alpha"":100.0,""inner_rmse"":1.4385568918393312},{""alpha"":1000.0,""inner_rmse"":1.4215784659105228}]"	68	192	frozen_union_component
S2	union_component_leave_one_out	component-15	pocket_ridge_S2	ridge_alpha	1000.0	"[{""alpha"":0.01,""inner_rmse"":3.305863132409856},{""alpha"":0.1,""inner_rmse"":3.0884846539912614},{""alpha"":1.0,""inner_rmse"":2.4145541785788733},{""alpha"":10.0,""inner_rmse"":1.6897412981016295},{""alpha"":100.0,""inner_rmse"":1.3859938215733976},{""alpha"":1000.0,""inner_rmse"":1.3525166148277075}]"	258	2	frozen_union_component
S2	union_component_leave_one_out	component-15	ecfp_esm2_additive	ridge_alpha	1000.0	"[{""alpha"":0.01,""inner_rmse"":1.563308604056643},{""alpha"":0.1,""inner_rmse"":1.5621643528619973},{""alpha"":1.0,""inner_rmse"":1.5603168046213662},{""alpha"":10.0,""inner_rmse"":1.5606843371130854},{""alpha"":100.0,""inner_rmse"":1.5546209145736412},{""alpha"":1000.0,""inner_rmse"":1.4935060976088304}]"	258	2	frozen_union_component
S2	union_component_leave_one_out	component-15	ecfp_esm2_pocket_additive_S2	ridge_alpha	1000.0	"[{""alpha"":0.01,""inner_rmse"":1.5075464080978696},{""alpha"":0.1,""inner_rmse"":1.5074885801251012},{""alpha"":1.0,""inner_rmse"":1.5070405081956748},{""alpha"":10.0,""inner_rmse"":1.505761926928253},{""alpha"":100.0,""inner_rmse"":1.4988480206060366},{""alpha"":1000.0,""inner_rmse"":1.4545005897637096}]"	258	2	frozen_union_component
S2	union_component_leave_one_out	component-15	ecfp_esm2_pocket_tensor_S2	ridge_alpha	1000.0	"[{""alpha"":0.01,""inner_rmse"":1.504656591201798},{""alpha"":0.1,""inner_rmse"":1.5045950713466953},{""alpha"":1.0,""inner_rmse"":1.5041130254108728},{""alpha"":10.0,""inner_rmse"":1.5026473645570988},{""alpha"":100.0,""inner_rmse"":1.4955659866855822},{""alpha"":1000.0,""inner_rmse"":1.4523977125063492}]"	258	2	frozen_union_component
S2	union_component_leave_one_out	component-16	pocket_ridge_S2	ridge_alpha	1000.0	"[{""alpha"":0.01,""inner_rmse"":2.9283429215328773},{""alpha"":0.1,""inner_rmse"":2.748237878986522},{""alpha"":1.0,""inner_rmse"":2.362441745858755},{""alpha"":10.0,""inner_rmse"":1.7769181620520849},{""alpha"":100.0,""inner_rmse"":1.3737763601055244},{""alpha"":1000.0,""inner_rmse"":1.35347085627734}]"	251	9	frozen_union_component
S2	union_component_leave_one_out	component-16	ecfp_esm2_additive	ridge_alpha	1000.0	"[{""alpha"":0.01,""inner_rmse"":1.554328671587281},{""alpha"":0.1,""inner_rmse"":1.553281310639206},{""alpha"":1.0,""inner_rmse"":1.5522761764814161},{""alpha"":10.0,""inner_rmse"":1.5548745341814076},{""alpha"":100.0,""inner_rmse"":1.5525329350145498},{""alpha"":1000.0,""inner_rmse"":1.4989894697623563}]"	251	9	frozen_union_component
S2	union_component_leave_one_out	component-16	ecfp_esm2_pocket_additive_S2	ridge_alpha	1000.0	"[{""alpha"":0.01,""inner_rmse"":1.49063482583008},{""alpha"":0.1,""inner_rmse"":1.4906663738970836},{""alpha"":1.0,""inner_rmse"":1.490949793748526},{""alpha"":10.0,""inner_rmse"":1.492204991795557},{""alpha"":100.0,""inner_rmse"":1.489265143338962},{""alpha"":1000.0,""inner_rmse"":1.4554806355587049}]"	251	9	frozen_union_component
S2	union_component_leave_one_out	component-16	ecfp_esm2_pocket_tensor_S2	ridge_alpha	1000.0	"[{""alpha"":0.01,""inner_rmse"":1.4871176424281027},{""alpha"":0.1,""inner_rmse"":1.4871394363221238},{""alpha"":1.0,""inner_rmse"":1.4873442961094976},{""alpha"":10.0,""inner_rmse"":1.4883455570086563},{""alpha"":100.0,""inner_rmse"":1.4853206501768148},{""alpha"":1000.0,""inner_rmse"":1.4532115640497816}]"	251	9	frozen_union_component
S2	union_component_leave_one_out	component-17	pocket_ridge_S2	ridge_alpha	1000.0	"[{""alpha"":0.01,""inner_rmse"":2.9703612536811317},{""alpha"":0.1,""inner_rmse"":2.804549605609336},{""alpha"":1.0,""inner_rmse"":2.3675278457390623},{""alpha"":10.0,""inner_rmse"":1.7240279007666113},{""alpha"":100.0,""inner_rmse"":1.371843948099108},{""alpha"":1000.0,""inner_rmse"":1.3452697150531827}]"	258	2	frozen_union_component
S2	union_component_leave_one_out	component-17	ecfp_esm2_additive	ridge_alpha	1000.0	"[{""alpha"":0.01,""inner_rmse"":1.552380758230344},{""alpha"":0.1,""inner_rmse"":1.5502685824018627},{""alpha"":1.0,""inner_rmse"":1.5469232615085429},{""alpha"":10.0,""inner_rmse"":1.5473082501816988},{""alpha"":100.0,""inner_rmse"":1.5417784124521279},{""alpha"":1000.0,""inner_rmse"":1.4847908924166806}]"	258	2	frozen_union_component
S2	union_component_leave_one_out	component-17	ecfp_esm2_pocket_additive_S2	ridge_alpha	1000.0	"[{""alpha"":0.01,""inner_rmse"":1.500023555672914},{""alpha"":0.1,""inner_rmse"":1.4999922827885666},{""alpha"":1.0,""inner_rmse"":1.4997678409613457},{""alpha"":10.0,""inner_rmse"":1.4993450422513863},{""alpha"":100.0,""inner_rmse"":1.4928413828627707},{""alpha"":1000.0,""inner_rmse"":1.4490121998303394}]"	258	2	frozen_union_component
S2	union_component_leave_one_out	component-17	ecfp_esm2_pocket_tensor_S2	ridge_alpha	1000.0	"[{""alpha"":0.01,""inner_rmse"":1.497710699396519},{""alpha"":0.1,""inner_rmse"":1.4976749347144485},{""alpha"":1.0,""inner_rmse"":1.4974088150502152},{""alpha"":10.0,""inner_rmse"":1.4967659280519214},{""alpha"":100.0,""inner_rmse"":1.490075638218242},{""alpha"":1000.0,""inner_rmse"":1.4473170994365545}]"	258	2	frozen_union_component
S2	union_component_leave_one_out	component-18	pocket_ridge_S2	ridge_alpha	1000.0	"[{""alpha"":0.01,""inner_rmse"":2.8836349368280985},{""alpha"":0.1,""inner_rmse"":2.685365905375882},{""alpha"":1.0,""inner_rmse"":2.298112902328931},{""alpha"":10.0,""inner_rmse"":1.6893155902254224},{""alpha"":100.0,""inner_rmse"":1.3664324525808083},{""alpha"":1000.0,""inner_rmse"":1.3501927114519265}]"	257	3	frozen_union_component
S2	union_component_leave_one_out	component-18	ecfp_esm2_additive	ridge_alpha	1000.0	"[{""alpha"":0.01,""inner_rmse"":1.5815524568483668},{""alpha"":0.1,""inner_rmse"":1.5808992359540381},{""alpha"":1.0,""inner_rmse"":1.5800342041417514},{""alpha"":10.0,""inner_rmse"":1.5819539275295273},{""alpha"":100.0,""inner_rmse"":1.579221178038778},{""alpha"":1000.0,""inner_rmse"":1.5181477630295317}]"	257	3	frozen_union_component
S2	union_component_leave_one_out	component-18	ecfp_esm2_pocket_additive_S2	ridge_alpha	1000.0	"[{""alpha"":0.01,""inner_rmse"":1.523665656721747},{""alpha"":0.1,""inner_rmse"":1.5236411883626393},{""alpha"":1.0,""inner_rmse"":1.5234855671892664},{""alpha"":10.0,""inner_rmse"":1.5235956008032374},{""alpha"":100.0,""inner_rmse"":1.519234159297523},{""alpha"":1000.0,""inner_rmse"":1.4746699672711574}]"	257	3	frozen_union_component
S2	union_component_leave_one_out	component-18	ecfp_esm2_pocket_tensor_S2	ridge_alpha	1000.0	"[{""alpha"":0.01,""inner_rmse"":1.52311023843535},{""alpha"":0.1,""inner_rmse"":1.5230827247626015},{""alpha"":1.0,""inner_rmse"":1.5228987926891793},{""alpha"":10.0,""inner_rmse"":1.522842683243861},{""alpha"":100.0,""inner_rmse"":1.5180529523938178},{""alpha"":1000.0,""inner_rmse"":1.4733061485228032}]"	257	3	frozen_union_component
S2	union_component_leave_one_out	component-19	pocket_ridge_S2	ridge_alpha	1000.0	"[{""alpha"":0.01,""inner_rmse"":3.006336539907064},{""alpha"":0.1,""inner_rmse"":2.809933133417455},{""alpha"":1.0,""inner_rmse"":2.296932915137358},{""alpha"":10.0,""inner_rmse"":1.6766598933139358},{""alpha"":100.0,""inner_rmse"":1.3620186079272105},{""alpha"":1000.0,""inner_rmse"":1.3442612035511454}]"	259	1	frozen_union_component
S2	union_component_leave_one_out	component-19	ecfp_esm2_additive	ridge_alpha	1000.0	"[{""alpha"":0.01,""inner_rmse"":1.599641237990194},{""alpha"":0.1,""inner_rmse"":1.5990062773588702},{""alpha"":1.0,""inner_rmse"":1.598143368413512},{""alpha"":10.0,""inner_rmse"":1.599359503145189},{""alpha"":100.0,""inner_rmse"":1.5932593570996088},{""alpha"":1000.0,""inner_rmse"":1.5244064644149382}]"	259	1	frozen_union_component
S2	union_component_leave_one_out	component-19	ecfp_esm2_pocket_additive_S2	ridge_alpha	1000.0	"[{""alpha"":0.01,""inner_rmse"":1.538526137279692},{""alpha"":0.1,""inner_rmse"":1.538497433989697},{""alpha"":1.0,""inner_rmse"":1.5382827898142244},{""alpha"":10.0,""inner_rmse"":1.537653828214995},{""alpha"":100.0,""inner_rmse"":1.530294533941277},{""alpha"":1000.0,""inner_rmse"":1.4796827333309241}]"	259	1	frozen_union_component
S2	union_component_leave_one_out	component-19	ecfp_esm2_pocket_tensor_S2	ridge_alpha	1000.0	"[{""alpha"":0.01,""inner_rmse"":1.5357158211881918},{""alpha"":0.1,""inner_rmse"":1.535685848755641},{""alpha"":1.0,""inner_rmse"":1.5354578661986902},{""alpha"":10.0,""inner_rmse"":1.5347158103441179},{""alpha"":100.0,""inner_rmse"":1.527151444735813},{""alpha"":1000.0,""inner_rmse"":1.4775683029686277}]"	259	1	frozen_union_component
S2	union_component_leave_one_out	component-20	pocket_ridge_S2	ridge_alpha	1000.0	"[{""alpha"":0.01,""inner_rmse"":3.077276849826158},{""alpha"":0.1,""inner_rmse"":2.859991561302641},{""alpha"":1.0,""inner_rmse"":2.3251784603582912},{""alpha"":10.0,""inner_rmse"":1.6781851033738804},{""alpha"":100.0,""inner_rmse"":1.3655493025488044},{""alpha"":1000.0,""inner_rmse"":1.3432885277074649}]"	259	1	frozen_union_component
S2	union_component_leave_one_out	component-20	ecfp_esm2_additive	ridge_alpha	1000.0	"[{""alpha"":0.01,""inner_rmse"":1.5926023121629809},{""alpha"":0.1,""inner_rmse"":1.591872457960519},{""alpha"":1.0,""inner_rmse"":1.5907975345901195},{""alpha"":10.0,""inner_rmse"":1.5919415325630835},{""alpha"":100.0,""inner_rmse"":1.5864480809180976},{""alpha"":1000.0,""inner_rmse"":1.5206289759642064}]"	259	1	frozen_union_component
S2	union_component_leave_one_out	component-20	ecfp_esm2_pocket_additive_S2	ridge_alpha	1000.0	"[{""alpha"":0.01,""inner_rmse"":1.5313137280532692},{""alpha"":0.1,""inner_rmse"":1.5312826142265445},{""alpha"":1.0,""inner_rmse"":1.5310504835751453},{""alpha"":10.0,""inner_rmse"":1.5304116369548977},{""alpha"":100.0,""inner_rmse"":1.5235687085953307},{""alpha"":1000.0,""inner_rmse"":1.4757272130102976}]"	259	1	frozen_union_component
S2	union_component_leave_one_out	component-20	ecfp_esm2_pocket_tensor_S2	ridge_alpha	1000.0	"[{""alpha"":0.01,""inner_rmse"":1.5283029871415748},{""alpha"":0.1,""inner_rmse"":1.5282685379002736},{""alpha"":1.0,""inner_rmse"":1.5280053332989079},{""alpha"":10.0,""inner_rmse"":1.5272029906747098},{""alpha"":100.0,""inner_rmse"":1.5202674058942243},{""alpha"":1000.0,""inner_rmse"":1.4733784284607219}]"	259	1	frozen_union_component
S2	union_component_leave_one_out	component-21	pocket_ridge_S2	ridge_alpha	1000.0	"[{""alpha"":0.01,""inner_rmse"":2.6925110804561596},{""alpha"":0.1,""inner_rmse"":2.590729387691429},{""alpha"":1.0,""inner_rmse"":2.3217924385864626},{""alpha"":10.0,""inner_rmse"":1.7091880681158502},{""alpha"":100.0,""inner_rmse"":1.3529268904540424},{""alpha"":1000.0,""inner_rmse"":1.3367935923484793}]"	258	2	frozen_union_component
S2	union_component_leave_one_out	component-21	ecfp_esm2_additive	ridge_alpha	1000.0	"[{""alpha"":0.01,""inner_rmse"":1.584140272893419},{""alpha"":0.1,""inner_rmse"":1.5838416812293492},{""alpha"":1.0,""inner_rmse"":1.5833962552230856},{""alpha"":10.0,""inner_rmse"":1.5843123127803618},{""alpha"":100.0,""inner_rmse"":1.5781879217852752},{""alpha"":1000.0,""inner_rmse"":1.5151070699756048}]"	258	2	frozen_union_component
S2	union_component_leave_one_out	component-21	ecfp_esm2_pocket_additive_S2	ridge_alpha	1000.0	"[{""alpha"":0.01,""inner_rmse"":1.5265372116066347},{""alpha"":0.1,""inner_rmse"":1.5264870193625353},{""alpha"":1.0,""inner_rmse"":1.5260948498825933},{""alpha"":10.0,""inner_rmse"":1.524750799509921},{""alpha"":100.0,""inner_rmse"":1.5162732598941522},{""alpha"":1000.0,""inner_rmse"":1.469405062191924}]"	258	2	frozen_union_component
S2	union_component_leave_one_out	component-21	ecfp_esm2_pocket_tensor_S2	ridge_alpha	1000.0	"[{""alpha"":0.01,""inner_rmse"":1.5243107749872558},{""alpha"":0.1,""inner_rmse"":1.5242527223300104},{""alpha"":1.0,""inner_rmse"":1.523789988254511},{""alpha"":10.0,""inner_rmse"":1.5221052298918682},{""alpha"":100.0,""inner_rmse"":1.5132531891244687},{""alpha"":1000.0,""inner_rmse"":1.4670609627235616}]"	258	2	frozen_union_component
S2	stratified_random_pair_5fold_non_headline	random-01	pocket_ridge_S2	ridge_alpha	1000.0	"[{""alpha"":0.01,""inner_rmse"":2.982053225135265},{""alpha"":0.1,""inner_rmse"":2.8060948006773816},{""alpha"":1.0,""inner_rmse"":2.306439253324697},{""alpha"":10.0,""inner_rmse"":1.6943826117081353},{""alpha"":100.0,""inner_rmse"":1.3482213650992794},{""alpha"":1000.0,""inner_rmse"":1.3374765106823854}]"	208	52	frozen_union_component
S2	stratified_random_pair_5fold_non_headline	random-01	ecfp_esm2_additive	ridge_alpha	1000.0	"[{""alpha"":0.01,""inner_rmse"":1.533128157761487},{""alpha"":0.1,""inner_rmse"":1.5330076813479192},{""alpha"":1.0,""inner_rmse"":1.5331882178992393},{""alpha"":10.0,""inner_rmse"":1.5358178703711312},{""alpha"":100.0,""inner_rmse"":1.5364562086483051},{""alpha"":1000.0,""inner_rmse"":1.4915851241233586}]"	208	52	frozen_union_component
S2	stratified_random_pair_5fold_non_headline	random-01	ecfp_esm2_pocket_additive_S2	ridge_alpha	1000.0	"[{""alpha"":0.01,""inner_rmse"":1.4863783143772882},{""alpha"":0.1,""inner_rmse"":1.4864202559356003},{""alpha"":1.0,""inner_rmse"":1.4868012680578757},{""alpha"":10.0,""inner_rmse"":1.4887046397759545},{""alpha"":100.0,""inner_rmse"":1.48924118486494},{""alpha"":1000.0,""inner_rmse"":1.4575591937638117}]"	208	52	frozen_union_component
S2	stratified_random_pair_5fold_non_headline	random-01	ecfp_esm2_pocket_tensor_S2	ridge_alpha	1000.0	"[{""alpha"":0.01,""inner_rmse"":1.4845031709309273},{""alpha"":0.1,""inner_rmse"":1.4845419381497316},{""alpha"":1.0,""inner_rmse"":1.4848958283946203},{""alpha"":10.0,""inner_rmse"":1.4866682009979753},{""alpha"":100.0,""inner_rmse"":1.4868798459982246},{""alpha"":1000.0,""inner_rmse"":1.4557343202726303}]"	208	52	frozen_union_component
S2	stratified_random_pair_5fold_non_headline	random-02	pocket_ridge_S2	ridge_alpha	100.0	"[{""alpha"":0.01,""inner_rmse"":3.151182953066203},{""alpha"":0.1,""inner_rmse"":2.8492277020447454},{""alpha"":1.0,""inner_rmse"":2.230978377671107},{""alpha"":10.0,""inner_rmse"":1.662768543083637},{""alpha"":100.0,""inner_rmse"":1.3688171528734359},{""alpha"":1000.0,""inner_rmse"":1.382459415502956}]"	208	52	frozen_union_component
S2	stratified_random_pair_5fold_non_headline	random-02	ecfp_esm2_additive	ridge_alpha	1000.0	"[{""alpha"":0.01,""inner_rmse"":1.6207426239680978},{""alpha"":0.1,""inner_rmse"":1.6196786102776963},{""alpha"":1.0,""inner_rmse"":1.6179750836635405},{""alpha"":10.0,""inner_rmse"":1.6168356374112833},{""alpha"":100.0,""inner_rmse"":1.6040961130375577},{""alpha"":1000.0,""inner_rmse"":1.54520415094401}]"	208	52	frozen_union_component
S2	stratified_random_pair_5fold_non_headline	random-02	ecfp_esm2_pocket_additive_S2	ridge_alpha	1000.0	"[{""alpha"":0.01,""inner_rmse"":1.5503492418346978},{""alpha"":0.1,""inner_rmse"":1.5503422250547254},{""alpha"":1.0,""inner_rmse"":1.5503058755083492},{""alpha"":10.0,""inner_rmse"":1.5493957843888881},{""alpha"":100.0,""inner_rmse"":1.5405664393220773},{""alpha"":1000.0,""inner_rmse"":1.5034704592830592}]"	208	52	frozen_union_component
S2	stratified_random_pair_5fold_non_headline	random-02	ecfp_esm2_pocket_tensor_S2	ridge_alpha	1000.0	"[{""alpha"":0.01,""inner_rmse"":1.5460917264351868},{""alpha"":0.1,""inner_rmse"":1.5460880855986596},{""alpha"":1.0,""inner_rmse"":1.546077250882437},{""alpha"":10.0,""inner_rmse"":1.5452533684002432},{""alpha"":100.0,""inner_rmse"":1.5365117730136373},{""alpha"":1000.0,""inner_rmse"":1.5008801371340554}]"	208	52	frozen_union_component
S2	stratified_random_pair_5fold_non_headline	random-03	pocket_ridge_S2	ridge_alpha	1000.0	"[{""alpha"":0.01,""inner_rmse"":2.5146727228537316},{""alpha"":0.1,""inner_rmse"":2.347564708545255},{""alpha"":1.0,""inner_rmse"":1.8833641834111465},{""alpha"":10.0,""inner_rmse"":1.5306898341676898},{""alpha"":100.0,""inner_rmse"":1.38188016813108},{""alpha"":1000.0,""inner_rmse"":1.376385769835267}]"	208	52	frozen_union_component
S2	stratified_random_pair_5fold_non_headline	random-03	ecfp_esm2_additive	ridge_alpha	1000.0	"[{""alpha"":0.01,""inner_rmse"":1.5568750754008354},{""alpha"":0.1,""inner_rmse"":1.556923422436568},{""alpha"":1.0,""inner_rmse"":1.5569389182978703},{""alpha"":10.0,""inner_rmse"":1.5593455883386695},{""alpha"":100.0,""inner_rmse"":1.5629033637647531},{""alpha"":1000.0,""inner_rmse"":1.5265875401094917}]"	208	52	frozen_union_component
S2	stratified_random_pair_5fold_non_headline	random-03	ecfp_esm2_pocket_additive_S2	ridge_alpha	1000.0	"[{""alpha"":0.01,""inner_rmse"":1.4955578878698197},{""alpha"":0.1,""inner_rmse"":1.495477291744735},{""alpha"":1.0,""inner_rmse"":1.495034647525093},{""alpha"":10.0,""inner_rmse"":1.4957970072324702},{""alpha"":100.0,""inner_rmse"":1.4989292704064143},{""alpha"":1000.0,""inner_rmse"":1.4819611479723553}]"	208	52	frozen_union_component
S2	stratified_random_pair_5fold_non_headline	random-03	ecfp_esm2_pocket_tensor_S2	ridge_alpha	1000.0	"[{""alpha"":0.01,""inner_rmse"":1.492304914913066},{""alpha"":0.1,""inner_rmse"":1.4922254901632743},{""alpha"":1.0,""inner_rmse"":1.4917772528324964},{""alpha"":10.0,""inner_rmse"":1.49231831223977},{""alpha"":100.0,""inner_rmse"":1.4950472888999704},{""alpha"":1000.0,""inner_rmse"":1.4794751113043165}]"	208	52	frozen_union_component
S2	stratified_random_pair_5fold_non_headline	random-04	pocket_ridge_S2	ridge_alpha	1000.0	"[{""alpha"":0.01,""inner_rmse"":2.7732397845427847},{""alpha"":0.1,""inner_rmse"":2.5627235884256887},{""alpha"":1.0,""inner_rmse"":2.053141389937155},{""alpha"":10.0,""inner_rmse"":1.58399839758386},{""alpha"":100.0,""inner_rmse"":1.3512621927487798},{""alpha"":1000.0,""inner_rmse"":1.348977786297063}]"	208	52	frozen_union_component
S2	stratified_random_pair_5fold_non_headline	random-04	ecfp_esm2_additive	ridge_alpha	1000.0	"[{""alpha"":0.01,""inner_rmse"":1.5823832454466018},{""alpha"":0.1,""inner_rmse"":1.5824129112591263},{""alpha"":1.0,""inner_rmse"":1.5826960225011253},{""alpha"":10.0,""inner_rmse"":1.5845656708124336},{""alpha"":100.0,""inner_rmse"":1.5795897054866648},{""alpha"":1000.0,""inner_rmse"":1.5071994006338987}]"	208	52	frozen_union_component
S2	stratified_random_pair_5fold_non_headline	random-04	ecfp_esm2_pocket_additive_S2	ridge_alpha	1000.0	"[{""alpha"":0.01,""inner_rmse"":1.526398365937009},{""alpha"":0.1,""inner_rmse"":1.526414910319568},{""alpha"":1.0,""inner_rmse"":1.5265746577693668},{""alpha"":10.0,""inner_rmse"":1.5276957090926377},{""alpha"":100.0,""inner_rmse"":1.5234231686697663},{""alpha"":1000.0,""inner_rmse"":1.4687690337305706}]"	208	52	frozen_union_component
S2	stratified_random_pair_5fold_non_headline	random-04	ecfp_esm2_pocket_tensor_S2	ridge_alpha	1000.0	"[{""alpha"":0.01,""inner_rmse"":1.5269363871624824},{""alpha"":0.1,""inner_rmse"":1.526952524816174},{""alpha"":1.0,""inner_rmse"":1.5271083086846657},{""alpha"":10.0,""inner_rmse"":1.5281984462003437},{""alpha"":100.0,""inner_rmse"":1.523859392566534},{""alpha"":1000.0,""inner_rmse"":1.4690287678932579}]"	208	52	frozen_union_component
S2	stratified_random_pair_5fold_non_headline	random-05	pocket_ridge_S2	ridge_alpha	1000.0	"[{""alpha"":0.01,""inner_rmse"":2.83628622329539},{""alpha"":0.1,""inner_rmse"":2.752007854287592},{""alpha"":1.0,""inner_rmse"":2.426777402107212},{""alpha"":10.0,""inner_rmse"":1.6556114637399832},{""alpha"":100.0,""inner_rmse"":1.2994581535020682},{""alpha"":1000.0,""inner_rmse"":1.2918288469599415}]"	208	52	frozen_union_component
S2	stratified_random_pair_5fold_non_headline	random-05	ecfp_esm2_additive	ridge_alpha	1000.0	"[{""alpha"":0.01,""inner_rmse"":1.5756875722805999},{""alpha"":0.1,""inner_rmse"":1.5755163315908558},{""alpha"":1.0,""inner_rmse"":1.5741222655460652},{""alpha"":10.0,""inner_rmse"":1.5678509495165278},{""alpha"":100.0,""inner_rmse"":1.5390134687977843},{""alpha"":1000.0,""inner_rmse"":1.442851034918423}]"	208	52	frozen_union_component
S2	stratified_random_pair_5fold_non_headline	random-05	ecfp_esm2_pocket_additive_S2	ridge_alpha	1000.0	"[{""alpha"":0.01,""inner_rmse"":1.5170193964482062},{""alpha"":0.1,""inner_rmse"":1.5168586308662821},{""alpha"":1.0,""inner_rmse"":1.5155543362535573},{""alpha"":10.0,""inner_rmse"":1.5098118345404605},{""alpha"":100.0,""inner_rmse"":1.4845289129813624},{""alpha"":1000.0,""inner_rmse"":1.4072401494243338}]"	208	52	frozen_union_component
S2	stratified_random_pair_5fold_non_headline	random-05	ecfp_esm2_pocket_tensor_S2	ridge_alpha	1000.0	"[{""alpha"":0.01,""inner_rmse"":1.5116307037913286},{""alpha"":0.1,""inner_rmse"":1.511477416574783},{""alpha"":1.0,""inner_rmse"":1.5102324242513776},{""alpha"":10.0,""inner_rmse"":1.5047252946288774},{""alpha"":100.0,""inner_rmse"":1.4802584870266167},{""alpha"":1000.0,""inner_rmse"":1.4054625521790676}]"	208	52	frozen_union_component
S3	union_component_leave_one_out	component-01	pocket_ridge_S3	ridge_alpha	1000.0	"[{""alpha"":0.01,""inner_rmse"":3.2005203423540505},{""alpha"":0.1,""inner_rmse"":3.0575587086667864},{""alpha"":1.0,""inner_rmse"":2.402794038104851},{""alpha"":10.0,""inner_rmse"":1.8367910034712298},{""alpha"":100.0,""inner_rmse"":1.471285351317395},{""alpha"":1000.0,""inner_rmse"":1.469955673646628}]"	140	4	frozen_union_component
S3	union_component_leave_one_out	component-01	ecfp_esm2_additive	ridge_alpha	0.01	"[{""alpha"":0.01,""inner_rmse"":1.4289949189916449},{""alpha"":0.1,""inner_rmse"":1.4289992627877592},{""alpha"":1.0,""inner_rmse"":1.42919278326189},{""alpha"":10.0,""inner_rmse"":1.4332985611268885},{""alpha"":100.0,""inner_rmse"":1.4550711371095066},{""alpha"":1000.0,""inner_rmse"":1.5075295235124302}]"	140	4	frozen_union_component
S3	union_component_leave_one_out	component-01	ecfp_esm2_pocket_additive_S3	ridge_alpha	1.0	"[{""alpha"":0.01,""inner_rmse"":1.371257089074742},{""alpha"":0.1,""inner_rmse"":1.3712352871278566},{""alpha"":1.0,""inner_rmse"":1.3712058383494758},{""alpha"":10.0,""inner_rmse"":1.3743259906413436},{""alpha"":100.0,""inner_rmse"":1.3961467599895543},{""alpha"":1000.0,""inner_rmse"":1.4619466553272231}]"	140	4	frozen_union_component
S3	union_component_leave_one_out	component-01	ecfp_esm2_pocket_tensor_S3	ridge_alpha	1.0	"[{""alpha"":0.01,""inner_rmse"":1.3711000120563535},{""alpha"":0.1,""inner_rmse"":1.3710708267797755},{""alpha"":1.0,""inner_rmse"":1.3709757826990836},{""alpha"":10.0,""inner_rmse"":1.3737040359569426},{""alpha"":100.0,""inner_rmse"":1.3940349002962484},{""alpha"":1000.0,""inner_rmse"":1.4593025204894232}]"	140	4	frozen_union_component
S3	union_component_leave_one_out	component-02	pocket_ridge_S3	ridge_alpha	1000.0	"[{""alpha"":0.01,""inner_rmse"":3.3789711649528225},{""alpha"":0.1,""inner_rmse"":3.186633977973439},{""alpha"":1.0,""inner_rmse"":2.55932335410142},{""alpha"":10.0,""inner_rmse"":2.0457102835135887},{""alpha"":100.0,""inner_rmse"":1.6110039346243477},{""alpha"":1000.0,""inner_rmse"":1.5304744728851114}]"	142	2	frozen_union_component
S3	union_component_leave_one_out	component-02	ecfp_esm2_additive	ridge_alpha	0.01	"[{""alpha"":0.01,""inner_rmse"":1.5035031389708104},{""alpha"":0.1,""inner_rmse"":1.503554064732725},{""alpha"":1.0,""inner_rmse"":1.5040837074434807},{""alpha"":10.0,""inner_rmse"":1.5079685951452568},{""alpha"":100.0,""inner_rmse"":1.5180737089560357},{""alpha"":1000.0,""inner_rmse"":1.5296055695778514}]"	142	2	frozen_union_component
S3	union_component_leave_one_out	component-02	ecfp_esm2_pocket_additive_S3	ridge_alpha	0.01	"[{""alpha"":0.01,""inner_rmse"":1.4566790988528058},{""alpha"":0.1,""inner_rmse"":1.4566831002872607},{""alpha"":1.0,""inner_rmse"":1.4568202037985034},{""alpha"":10.0,""inner_rmse"":1.459184613075863},{""alpha"":100.0,""inner_rmse"":1.469409568257978},{""alpha"":1000.0,""inner_rmse"":1.4947069514260893}]"	142	2	frozen_union_component
S3	union_component_leave_one_out	component-02	ecfp_esm2_pocket_tensor_S3	ridge_alpha	0.1	"[{""alpha"":0.01,""inner_rmse"":1.4599264746084863},{""alpha"":0.1,""inner_rmse"":1.459924983150542},{""alpha"":1.0,""inner_rmse"":1.4600097365841784},{""alpha"":10.0,""inner_rmse"":1.4619798495076626},{""alpha"":100.0,""inner_rmse"":1.47037467197943},{""alpha"":1000.0,""inner_rmse"":1.494023239756178}]"	142	2	frozen_union_component
S3	union_component_leave_one_out	component-03	pocket_ridge_S3	ridge_alpha	1000.0	"[{""alpha"":0.01,""inner_rmse"":3.2672597340287295},{""alpha"":0.1,""inner_rmse"":3.13259621475593},{""alpha"":1.0,""inner_rmse"":2.6933576231792613},{""alpha"":10.0,""inner_rmse"":2.2161932764212464},{""alpha"":100.0,""inner_rmse"":1.7390885572273567},{""alpha"":1000.0,""inner_rmse"":1.5552739000471296}]"	138	6	frozen_union_component
S3	union_component_leave_one_out	component-03	ecfp_esm2_additive	ridge_alpha	1.0	"[{""alpha"":0.01,""inner_rmse"":1.5159115606868754},{""alpha"":0.1,""inner_rmse"":1.515893873431556},{""alpha"":1.0,""inner_rmse"":1.5158249192287203},{""alpha"":10.0,""inner_rmse"":1.5164401050522762},{""alpha"":100.0,""inner_rmse"":1.5180639212732598},{""alpha"":1000.0,""inner_rmse"":1.524090776251837}]"	138	6	frozen_union_component
S3	union_component_leave_one_out	component-03	ecfp_esm2_pocket_additive_S3	ridge_alpha	10.0	"[{""alpha"":0.01,""inner_rmse"":1.4847941316498028},{""alpha"":0.1,""inner_rmse"":1.4847492379448457},{""alpha"":1.0,""inner_rmse"":1.4844603344468545},{""alpha"":10.0,""inner_rmse"":1.4844150016921847},{""alpha"":100.0,""inner_rmse"":1.4863317607287128},{""alpha"":1000.0,""inner_rmse"":1.4980871432706766}]"	138	6	frozen_union_component
S3	union_component_leave_one_out	component-03	ecfp_esm2_pocket_tensor_S3	ridge_alpha	10.0	"[{""alpha"":0.01,""inner_rmse"":1.48324564481518},{""alpha"":0.1,""inner_rmse"":1.4831968354876537},{""alpha"":1.0,""inner_rmse"":1.4828755832055491},{""alpha"":10.0,""inner_rmse"":1.4827181509191558},{""alpha"":100.0,""inner_rmse"":1.4845884160439506},{""alpha"":1000.0,""inner_rmse"":1.4972893595066847}]"	138	6	frozen_union_component
S3	union_component_leave_one_out	component-04	pocket_ridge_S3	ridge_alpha	1000.0	"[{""alpha"":0.01,""inner_rmse"":3.0478690604661827},{""alpha"":0.1,""inner_rmse"":3.0154612281574593},{""alpha"":1.0,""inner_rmse"":2.549275286226526},{""alpha"":10.0,""inner_rmse"":2.019435369061086},{""alpha"":100.0,""inner_rmse"":1.6336631367723966},{""alpha"":1000.0,""inner_rmse"":1.5369436186366585}]"	142	2	frozen_union_component
S3	union_component_leave_one_out	component-04	ecfp_esm2_additive	ridge_alpha	0.01	"[{""alpha"":0.01,""inner_rmse"":1.474829746404624},{""alpha"":0.1,""inner_rmse"":1.474892324233812},{""alpha"":1.0,""inner_rmse"":1.4755262091299852},{""alpha"":10.0,""inner_rmse"":1.4801748625831785},{""alpha"":100.0,""inner_rmse"":1.4956841841157036},{""alpha"":1000.0,""inner_rmse"":1.5237790482533435}]"	142	2	frozen_union_component
S3	union_component_leave_one_out	component-04	ecfp_esm2_pocket_additive_S3	ridge_alpha	0.01	"[{""alpha"":0.01,""inner_rmse"":1.420471714916622},{""alpha"":0.1,""inner_rmse"":1.4204927574884512},{""alpha"":1.0,""inner_rmse"":1.4207783688208742},{""alpha"":10.0,""inner_rmse"":1.4240661625076683},{""alpha"":100.0,""inner_rmse"":1.4400837924195369},{""alpha"":1000.0,""inner_rmse"":1.4853324160709933}]"	142	2	frozen_union_component
S3	union_component_leave_one_out	component-04	ecfp_esm2_pocket_tensor_S3	ridge_alpha	0.01	"[{""alpha"":0.01,""inner_rmse"":1.4212225611993992},{""alpha"":0.1,""inner_rmse"":1.4212402409319065},{""alpha"":1.0,""inner_rmse"":1.4214924630431758},{""alpha"":10.0,""inner_rmse"":1.4245012872976304},{""alpha"":100.0,""inner_rmse"":1.4393282868279953},{""alpha"":1000.0,""inner_rmse"":1.4846359678058356}]"	142	2	frozen_union_component
S3	union_component_leave_one_out	component-05	pocket_ridge_S3	ridge_alpha	1000.0	"[{""alpha"":0.01,""inner_rmse"":3.2577606937607912},{""alpha"":0.1,""inner_rmse"":3.0650460154357},{""alpha"":1.0,""inner_rmse"":2.4701950541971227},{""alpha"":10.0,""inner_rmse"":2.04556363897519},{""alpha"":100.0,""inner_rmse"":1.615813773993211},{""alpha"":1000.0,""inner_rmse"":1.5292340581718986}]"	143	1	frozen_union_component
S3	union_component_leave_one_out	component-05	ecfp_esm2_additive	ridge_alpha	0.01	"[{""alpha"":0.01,""inner_rmse"":1.5090801061071197},{""alpha"":0.1,""inner_rmse"":1.5091054563895099},{""alpha"":1.0,""inner_rmse"":1.5094131475968264},{""alpha"":10.0,""inner_rmse"":1.5124059615771996},{""alpha"":100.0,""inner_rmse"":1.522191832445002},{""alpha"":1000.0,""inner_rmse"":1.5343634763674798}]"	143	1	frozen_union_component
S3	union_component_leave_one_out	component-05	ecfp_esm2_pocket_additive_S3	ridge_alpha	0.1	"[{""alpha"":0.01,""inner_rmse"":1.45935134053702},{""alpha"":0.1,""inner_rmse"":1.459342382585008},{""alpha"":1.0,""inner_rmse"":1.4593603407101419},{""alpha"":10.0,""inner_rmse"":1.4611363656154874},{""alpha"":100.0,""inner_rmse"":1.4707310620403264},{""alpha"":1000.0,""inner_rmse"":1.4969271083242477}]"	143	1	frozen_union_component
S3	union_component_leave_one_out	component-05	ecfp_esm2_pocket_tensor_S3	ridge_alpha	1.0	"[{""alpha"":0.01,""inner_rmse"":1.4577523650148354},{""alpha"":0.1,""inner_rmse"":1.4577359439622866},{""alpha"":1.0,""inner_rmse"":1.4576887411669088},{""alpha"":10.0,""inner_rmse"":1.4591147441497565},{""alpha"":100.0,""inner_rmse"":1.4678077371634237},{""alpha"":1000.0,""inner_rmse"":1.4954047320278028}]"	143	1	frozen_union_component
S3	union_component_leave_one_out	component-06	pocket_ridge_S3	ridge_alpha	1000.0	"[{""alpha"":0.01,""inner_rmse"":3.0862783184542577},{""alpha"":0.1,""inner_rmse"":2.9328009929442316},{""alpha"":1.0,""inner_rmse"":2.319336247501826},{""alpha"":10.0,""inner_rmse"":1.8189643794102495},{""alpha"":100.0,""inner_rmse"":1.586000823630576},{""alpha"":1000.0,""inner_rmse"":1.5296030996093508}]"	143	1	frozen_union_component
S3	union_component_leave_one_out	component-06	ecfp_esm2_additive	ridge_alpha	0.01	"[{""alpha"":0.01,""inner_rmse"":1.5190093342631943},{""alpha"":0.1,""inner_rmse"":1.5190603921377976},{""alpha"":1.0,""inner_rmse"":1.5195874153637439},{""alpha"":10.0,""inner_rmse"":1.5235182994990697},{""alpha"":100.0,""inner_rmse"":1.5344045450223556},{""alpha"":1000.0,""inner_rmse"":1.5437597485854184}]"	143	1	frozen_union_component
S3	union_component_leave_one_out	component-06	ecfp_esm2_pocket_additive_S3	ridge_alpha	0.01	"[{""alpha"":0.01,""inner_rmse"":1.4721974625035643},{""alpha"":0.1,""inner_rmse"":1.4722059704851322},{""alpha"":1.0,""inner_rmse"":1.4723796713858461},{""alpha"":10.0,""inner_rmse"":1.4749371466539005},{""alpha"":100.0,""inner_rmse"":1.4856710031980072},{""alpha"":1000.0,""inner_rmse"":1.508609898672821}]"	143	1	frozen_union_component
S3	union_component_leave_one_out	component-06	ecfp_esm2_pocket_tensor_S3	ridge_alpha	0.01	"[{""alpha"":0.01,""inner_rmse"":1.4716019973817847},{""alpha"":0.1,""inner_rmse"":1.4716025414273308},{""alpha"":1.0,""inner_rmse"":1.4717078995641577},{""alpha"":10.0,""inner_rmse"":1.4739232043156545},{""alpha"":100.0,""inner_rmse"":1.4838031895917445},{""alpha"":1000.0,""inner_rmse"":1.5078926774003554}]"	143	1	frozen_union_component
S3	union_component_leave_one_out	component-07	pocket_ridge_S3	ridge_alpha	1000.0	"[{""alpha"":0.01,""inner_rmse"":2.61814693611229},{""alpha"":0.1,""inner_rmse"":2.449647062638093},{""alpha"":1.0,""inner_rmse"":2.3426176486516943},{""alpha"":10.0,""inner_rmse"":2.0127481775141467},{""alpha"":100.0,""inner_rmse"":1.5859101850547157},{""alpha"":1000.0,""inner_rmse"":1.5279022030972291}]"	140	4	frozen_union_component
S3	union_component_leave_one_out	component-07	ecfp_esm2_additive	ridge_alpha	0.01	"[{""alpha"":0.01,""inner_rmse"":1.4745592458415862},{""alpha"":0.1,""inner_rmse"":1.4746178010349877},{""alpha"":1.0,""inner_rmse"":1.475188489650165},{""alpha"":10.0,""inner_rmse"":1.479315739644066},{""alpha"":100.0,""inner_rmse"":1.4926464693203647},{""alpha"":1000.0,""inner_rmse"":1.5123990251408164}]"	140	4	frozen_union_component
S3	union_component_leave_one_out	component-07	ecfp_esm2_pocket_additive_S3	ridge_alpha	0.01	"[{""alpha"":0.01,""inner_rmse"":1.429047855171635},{""alpha"":0.1,""inner_rmse"":1.42907174853921},{""alpha"":1.0,""inner_rmse"":1.4293442215910286},{""alpha"":10.0,""inner_rmse"":1.4321254336713858},{""alpha"":100.0,""inner_rmse"":1.4454456490499894},{""alpha"":1000.0,""inner_rmse"":1.4794370618826584}]"	140	4	frozen_union_component
S3	union_component_leave_one_out	component-07	ecfp_esm2_pocket_tensor_S3	ridge_alpha	0.01	"[{""alpha"":0.01,""inner_rmse"":1.4381055102143097},{""alpha"":0.1,""inner_rmse"":1.4381213101412418},{""alpha"":1.0,""inner_rmse"":1.4383170897135402},{""alpha"":10.0,""inner_rmse"":1.4405012678756268},{""alpha"":100.0,""inner_rmse"":1.450822279281197},{""alpha"":1000.0,""inner_rmse"":1.4804468490849017}]"	140	4	frozen_union_component
S3	union_component_leave_one_out	component-08	pocket_ridge_S3	ridge_alpha	1000.0	"[{""alpha"":0.01,""inner_rmse"":3.181389059688528},{""alpha"":0.1,""inner_rmse"":3.123727323182014},{""alpha"":1.0,""inner_rmse"":2.543003644922138},{""alpha"":10.0,""inner_rmse"":1.978997904506155},{""alpha"":100.0,""inner_rmse"":1.6340448551403202},{""alpha"":1000.0,""inner_rmse"":1.5710172176597643}]"	136	8	frozen_union_component
S3	union_component_leave_one_out	component-08	ecfp_esm2_additive	ridge_alpha	1000.0	"[{""alpha"":0.01,""inner_rmse"":1.5992977763915124},{""alpha"":0.1,""inner_rmse"":1.5993086783212982},{""alpha"":1.0,""inner_rmse"":1.599457941166671},{""alpha"":10.0,""inner_rmse"":1.6010071482537669},{""alpha"":100.0,""inner_rmse"":1.5992557030465853},{""alpha"":1000.0,""inner_rmse"":1.5679909105306264}]"	136	8	frozen_union_component
S3	union_component_leave_one_out	component-08	ecfp_esm2_pocket_additive_S3	ridge_alpha	1000.0	"[{""alpha"":0.01,""inner_rmse"":1.5444805538312143},{""alpha"":0.1,""inner_rmse"":1.5444455254005367},{""alpha"":1.0,""inner_rmse"":1.5442367920978064},{""alpha"":10.0,""inner_rmse"":1.5450803554318986},{""alpha"":100.0,""inner_rmse"":1.5490772819467025},{""alpha"":1000.0,""inner_rmse"":1.544053721734838}]"	136	8	frozen_union_component
S3	union_component_leave_one_out	component-08	ecfp_esm2_pocket_tensor_S3	ridge_alpha	1000.0	"[{""alpha"":0.01,""inner_rmse"":1.5444799613962876},{""alpha"":0.1,""inner_rmse"":1.5444430346273752},{""alpha"":1.0,""inner_rmse"":1.544212726174899},{""alpha"":10.0,""inner_rmse"":1.544795286343486},{""alpha"":100.0,""inner_rmse"":1.5472230744052795},{""alpha"":1000.0,""inner_rmse"":1.5411904206418836}]"	136	8	frozen_union_component
S3	union_component_leave_one_out	component-09	pocket_ridge_S3	ridge_alpha	10.0	"[{""alpha"":0.01,""inner_rmse"":2.0708614530637384},{""alpha"":0.1,""inner_rmse"":2.015782166528911},{""alpha"":1.0,""inner_rmse"":1.7882215215784105},{""alpha"":10.0,""inner_rmse"":1.7183489572549075},{""alpha"":100.0,""inner_rmse"":1.8503594084687363},{""alpha"":1000.0,""inner_rmse"":1.8001431133080543}]"	34	110	frozen_union_component
S3	union_component_leave_one_out	component-09	ecfp_esm2_additive	ridge_alpha	1000.0	"[{""alpha"":0.01,""inner_rmse"":1.942454244245563},{""alpha"":0.1,""inner_rmse"":1.9424338539529533},{""alpha"":1.0,""inner_rmse"":1.9422288318368794},{""alpha"":10.0,""inner_rmse"":1.9400799274820941},{""alpha"":100.0,""inner_rmse"":1.9168132585550106},{""alpha"":1000.0,""inner_rmse"":1.832130140796267}]"	34	110	frozen_union_component
S3	union_component_leave_one_out	component-09	ecfp_esm2_pocket_additive_S3	ridge_alpha	1000.0	"[{""alpha"":0.01,""inner_rmse"":1.854314321034793},{""alpha"":0.1,""inner_rmse"":1.8543093688729697},{""alpha"":1.0,""inner_rmse"":1.8542595869813845},{""alpha"":10.0,""inner_rmse"":1.8537263176511887},{""alpha"":100.0,""inner_rmse"":1.8460873866584337},{""alpha"":1000.0,""inner_rmse"":1.81152740950445}]"	34	110	frozen_union_component
S3	union_component_leave_one_out	component-09	ecfp_esm2_pocket_tensor_S3	ridge_alpha	1000.0	"[{""alpha"":0.01,""inner_rmse"":1.8469116101476604},{""alpha"":0.1,""inner_rmse"":1.8469035726668117},{""alpha"":1.0,""inner_rmse"":1.8468235039293934},{""alpha"":10.0,""inner_rmse"":1.8460366158293335},{""alpha"":100.0,""inner_rmse"":1.837779884714395},{""alpha"":1000.0,""inner_rmse"":1.8057453826989764}]"	34	110	frozen_union_component
S3	union_component_leave_one_out	component-10	pocket_ridge_S3	ridge_alpha	1000.0	"[{""alpha"":0.01,""inner_rmse"":3.400925651531514},{""alpha"":0.1,""inner_rmse"":3.335917555131376},{""alpha"":1.0,""inner_rmse"":2.7871072022907564},{""alpha"":10.0,""inner_rmse"":2.1395122435715543},{""alpha"":100.0,""inner_rmse"":1.640087853021895},{""alpha"":1000.0,""inner_rmse"":1.5356591166404978}]"	142	2	frozen_union_component
S3	union_component_leave_one_out	component-10	ecfp_esm2_additive	ridge_alpha	0.01	"[{""alpha"":0.01,""inner_rmse"":1.5061278159627793},{""alpha"":0.1,""inner_rmse"":1.5061859984133485},{""alpha"":1.0,""inner_rmse"":1.5067549253936918},{""alpha"":10.0,""inner_rmse"":1.5102696534789701},{""alpha"":100.0,""inner_rmse"":1.51727701206277},{""alpha"":1000.0,""inner_rmse"":1.5235098556716493}]"	142	2	frozen_union_component
S3	union_component_leave_one_out	component-10	ecfp_esm2_pocket_additive_S3	ridge_alpha	0.01	"[{""alpha"":0.01,""inner_rmse"":1.465012638917331},{""alpha"":0.1,""inner_rmse"":1.46502416053382},{""alpha"":1.0,""inner_rmse"":1.4652067424215152},{""alpha"":10.0,""inner_rmse"":1.467322046586334},{""alpha"":100.0,""inner_rmse"":1.4749479442197913},{""alpha"":1000.0,""inner_rmse"":1.493660906222261}]"	142	2	frozen_union_component
S3	union_component_leave_one_out	component-10	ecfp_esm2_pocket_tensor_S3	ridge_alpha	0.01	"[{""alpha"":0.01,""inner_rmse"":1.4710004956485423},{""alpha"":0.1,""inner_rmse"":1.4710048925611001},{""alpha"":1.0,""inner_rmse"":1.4711234929354464},{""alpha"":10.0,""inner_rmse"":1.472844179639704},{""alpha"":100.0,""inner_rmse"":1.4786556958924482},{""alpha"":1000.0,""inner_rmse"":1.4942276628078135}]"	142	2	frozen_union_component
S3	union_component_leave_one_out	component-11	pocket_ridge_S3	ridge_alpha	1000.0	"[{""alpha"":0.01,""inner_rmse"":3.1646582961509697},{""alpha"":0.1,""inner_rmse"":3.065784581741193},{""alpha"":1.0,""inner_rmse"":2.467889928367526},{""alpha"":10.0,""inner_rmse"":2.065426202045159},{""alpha"":100.0,""inner_rmse"":1.6567270101183311},{""alpha"":1000.0,""inner_rmse"":1.5495610764414096}]"	141	3	frozen_union_component
S3	union_component_leave_one_out	component-11	ecfp_esm2_additive	ridge_alpha	0.01	"[{""alpha"":0.01,""inner_rmse"":1.5016093895597917},{""alpha"":0.1,""inner_rmse"":1.5016380869749684},{""alpha"":1.0,""inner_rmse"":1.5019755729621282},{""alpha"":10.0,""inner_rmse"":1.5052040417866326},{""alpha"":100.0,""inner_rmse"":1.5158441703399832},{""alpha"":1000.0,""inner_rmse"":1.5345247134395732}]"	141	3	frozen_union_component
S3	union_component_leave_one_out	component-11	ecfp_esm2_pocket_additive_S3	ridge_alpha	0.1	"[{""alpha"":0.01,""inner_rmse"":1.4438223813933408},{""alpha"":0.1,""inner_rmse"":1.4438160314512167},{""alpha"":1.0,""inner_rmse"":1.4438529112418057},{""alpha"":10.0,""inner_rmse"":1.4457744621388224},{""alpha"":100.0,""inner_rmse"":1.4571118605341613},{""alpha"":1000.0,""inner_rmse"":1.4947718526319695}]"	141	3	frozen_union_component
S3	union_component_leave_one_out	component-11	ecfp_esm2_pocket_tensor_S3	ridge_alpha	1.0	"[{""alpha"":0.01,""inner_rmse"":1.4487758832411217},{""alpha"":0.1,""inner_rmse"":1.4487637936503814},{""alpha"":1.0,""inner_rmse"":1.4487451409337628},{""alpha"":10.0,""inner_rmse"":1.4502162811957486},{""alpha"":100.0,""inner_rmse"":1.4593318248373424},{""alpha"":1000.0,""inner_rmse"":1.494560044488342}]"	141	3	frozen_union_component
S3	union_component_leave_one_out	component-12	pocket_ridge_S3	ridge_alpha	1000.0	"[{""alpha"":0.01,""inner_rmse"":3.346058141569417},{""alpha"":0.1,""inner_rmse"":3.2026399708942144},{""alpha"":1.0,""inner_rmse"":2.609453337877863},{""alpha"":10.0,""inner_rmse"":2.0641667402417583},{""alpha"":100.0,""inner_rmse"":1.6023923741568238},{""alpha"":1000.0,""inner_rmse"":1.5265262372300938}]"	143	1	frozen_union_component
S3	union_component_leave_one_out	component-12	ecfp_esm2_additive	ridge_alpha	0.01	"[{""alpha"":0.01,""inner_rmse"":1.5308815729916763},{""alpha"":0.1,""inner_rmse"":1.5309623099089502},{""alpha"":1.0,""inner_rmse"":1.5317151013064492},{""alpha"":10.0,""inner_rmse"":1.53594016734224},{""alpha"":100.0,""inner_rmse"":1.541732914138331},{""alpha"":1000.0,""inner_rmse"":1.531099041837814}]"	143	1	frozen_union_component
S3	union_component_leave_one_out	component-12	ecfp_esm2_pocket_additive_S3	ridge_alpha	0.01	"[{""alpha"":0.01,""inner_rmse"":1.497768242263838},{""alpha"":0.1,""inner_rmse"":1.4977992232858834},{""alpha"":1.0,""inner_rmse"":1.4981412544358146},{""alpha"":10.0,""inner_rmse"":1.5008503891729932},{""alpha"":100.0,""inner_rmse"":1.50642247773211},{""alpha"":1000.0,""inner_rmse"":1.504670658059801}]"	143	1	frozen_union_component
S3	union_component_leave_one_out	component-12	ecfp_esm2_pocket_tensor_S3	ridge_alpha	0.01	"[{""alpha"":0.01,""inner_rmse"":1.5000149807222614},{""alpha"":0.1,""inner_rmse"":1.500034628031305},{""alpha"":1.0,""inner_rmse"":1.500277237955928},{""alpha"":10.0,""inner_rmse"":1.5024244581941002},{""alpha"":100.0,""inner_rmse"":1.5063007582849737},{""alpha"":1000.0,""inner_rmse"":1.5043069373522198}]"	143	1	frozen_union_component
S3	stratified_random_pair_5fold_non_headline	random-01	pocket_ridge_S3	ridge_alpha	1000.0	"[{""alpha"":0.01,""inner_rmse"":2.7790596904481837},{""alpha"":0.1,""inner_rmse"":2.5621132249424283},{""alpha"":1.0,""inner_rmse"":2.370620779148473},{""alpha"":10.0,""inner_rmse"":2.0210648313346145},{""alpha"":100.0,""inner_rmse"":1.676148403248763},{""alpha"":1000.0,""inner_rmse"":1.6058072549476772}]"	115	29	frozen_union_component
S3	stratified_random_pair_5fold_non_headline	random-01	ecfp_esm2_additive	ridge_alpha	0.01	"[{""alpha"":0.01,""inner_rmse"":1.5376200784907},{""alpha"":0.1,""inner_rmse"":1.5376880412707568},{""alpha"":1.0,""inner_rmse"":1.538372838478506},{""alpha"":10.0,""inner_rmse"":1.5417537801079024},{""alpha"":100.0,""inner_rmse"":1.5484383201759668},{""alpha"":1000.0,""inner_rmse"":1.567671248443527}]"	115	29	frozen_union_component
S3	stratified_random_pair_5fold_non_headline	random-01	ecfp_esm2_pocket_additive_S3	ridge_alpha	0.1	"[{""alpha"":0.01,""inner_rmse"":1.4943707003991502},{""alpha"":0.1,""inner_rmse"":1.4943683521269764},{""alpha"":1.0,""inner_rmse"":1.4945226141942343},{""alpha"":10.0,""inner_rmse"":1.4966169480838172},{""alpha"":100.0,""inner_rmse"":1.50500746218582},{""alpha"":1000.0,""inner_rmse"":1.537290269392905}]"	115	29	frozen_union_component
S3	stratified_random_pair_5fold_non_headline	random-01	ecfp_esm2_pocket_tensor_S3	ridge_alpha	0.01	"[{""alpha"":0.01,""inner_rmse"":1.4960511406510075},{""alpha"":0.1,""inner_rmse"":1.4960521770235866},{""alpha"":1.0,""inner_rmse"":1.4962265953034},{""alpha"":10.0,""inner_rmse"":1.498312317190424},{""alpha"":100.0,""inner_rmse"":1.5063242086123274},{""alpha"":1000.0,""inner_rmse"":1.53852734100168}]"	115	29	frozen_union_component
S3	stratified_random_pair_5fold_non_headline	random-02	pocket_ridge_S3	ridge_alpha	1000.0	"[{""alpha"":0.01,""inner_rmse"":3.189646899214471},{""alpha"":0.1,""inner_rmse"":3.2152648123207572},{""alpha"":1.0,""inner_rmse"":2.83360535794729},{""alpha"":10.0,""inner_rmse"":2.1133421043347336},{""alpha"":100.0,""inner_rmse"":1.5952380857882307},{""alpha"":1000.0,""inner_rmse"":1.5360270130232108}]"	115	29	frozen_union_component
S3	stratified_random_pair_5fold_non_headline	random-02	ecfp_esm2_additive	ridge_alpha	0.01	"[{""alpha"":0.01,""inner_rmse"":1.4930666258960024},{""alpha"":0.1,""inner_rmse"":1.49309139094766},{""alpha"":1.0,""inner_rmse"":1.4933353767316337},{""alpha"":10.0,""inner_rmse"":1.495453420894363},{""alpha"":100.0,""inner_rmse"":1.5040798759575875},{""alpha"":1000.0,""inner_rmse"":1.5259973681262742}]"	115	29	frozen_union_component
S3	stratified_random_pair_5fold_non_headline	random-02	ecfp_esm2_pocket_additive_S3	ridge_alpha	0.01	"[{""alpha"":0.01,""inner_rmse"":1.4231113867042267},{""alpha"":0.1,""inner_rmse"":1.4231334595398477},{""alpha"":1.0,""inner_rmse"":1.4233523411711764},{""alpha"":10.0,""inner_rmse"":1.4253691334036536},{""alpha"":100.0,""inner_rmse"":1.4373431464691797},{""alpha"":1000.0,""inner_rmse"":1.4837997752419763}]"	115	29	frozen_union_component
S3	stratified_random_pair_5fold_non_headline	random-02	ecfp_esm2_pocket_tensor_S3	ridge_alpha	0.01	"[{""alpha"":0.01,""inner_rmse"":1.4226688435440298},{""alpha"":0.1,""inner_rmse"":1.4226880863791709},{""alpha"":1.0,""inner_rmse"":1.4228790540376948},{""alpha"":10.0,""inner_rmse"":1.424650064707535},{""alpha"":100.0,""inner_rmse"":1.4355174006111528},{""alpha"":1000.0,""inner_rmse"":1.4822609798390174}]"	115	29	frozen_union_component
S3	stratified_random_pair_5fold_non_headline	random-03	pocket_ridge_S3	ridge_alpha	1000.0	"[{""alpha"":0.01,""inner_rmse"":4.572170791979807},{""alpha"":0.1,""inner_rmse"":4.4552245086375235},{""alpha"":1.0,""inner_rmse"":2.7810013763829624},{""alpha"":10.0,""inner_rmse"":1.8815374849525448},{""alpha"":100.0,""inner_rmse"":1.5470390440595263},{""alpha"":1000.0,""inner_rmse"":1.4949295019272204}]"	115	29	frozen_union_component
S3	stratified_random_pair_5fold_non_headline	random-03	ecfp_esm2_additive	ridge_alpha	1000.0	"[{""alpha"":0.01,""inner_rmse"":1.546029433303027},{""alpha"":0.1,""inner_rmse"":1.5460221388563853},{""alpha"":1.0,""inner_rmse"":1.5459483578179791},{""alpha"":10.0,""inner_rmse"":1.5452138308514516},{""alpha"":100.0,""inner_rmse"":1.5406460254519576},{""alpha"":1000.0,""inner_rmse"":1.5306627760023523}]"	115	29	frozen_union_component
S3	stratified_random_pair_5fold_non_headline	random-03	ecfp_esm2_pocket_additive_S3	ridge_alpha	100.0	"[{""alpha"":0.01,""inner_rmse"":1.4961538514321078},{""alpha"":0.1,""inner_rmse"":1.496148190807218},{""alpha"":1.0,""inner_rmse"":1.4960938917199662},{""alpha"":10.0,""inner_rmse"":1.4957094811546692},{""alpha"":100.0,""inner_rmse"":1.4949228587803143},{""alpha"":1000.0,""inner_rmse"":1.5003974519906116}]"	115	29	frozen_union_component
S3	stratified_random_pair_5fold_non_headline	random-03	ecfp_esm2_pocket_tensor_S3	ridge_alpha	100.0	"[{""alpha"":0.01,""inner_rmse"":1.496840456603927},{""alpha"":0.1,""inner_rmse"":1.4968336578946446},{""alpha"":1.0,""inner_rmse"":1.4967680149351046},{""alpha"":10.0,""inner_rmse"":1.496274387208708},{""alpha"":100.0,""inner_rmse"":1.4947575216953275},{""alpha"":1000.0,""inner_rmse"":1.4999074042458536}]"	115	29	frozen_union_component
S3	stratified_random_pair_5fold_non_headline	random-04	pocket_ridge_S3	ridge_alpha	1000.0	"[{""alpha"":0.01,""inner_rmse"":3.306581265070255},{""alpha"":0.1,""inner_rmse"":3.0380584978562264},{""alpha"":1.0,""inner_rmse"":2.3240238890351588},{""alpha"":10.0,""inner_rmse"":1.9260359324885945},{""alpha"":100.0,""inner_rmse"":1.540223095955417},{""alpha"":1000.0,""inner_rmse"":1.4626898942481077}]"	115	29	frozen_union_component
S3	stratified_random_pair_5fold_non_headline	random-04	ecfp_esm2_additive	ridge_alpha	0.1	"[{""alpha"":0.01,""inner_rmse"":1.4190667319366599},{""alpha"":0.1,""inner_rmse"":1.4190598379981716},{""alpha"":1.0,""inner_rmse"":1.4191200460516253},{""alpha"":10.0,""inner_rmse"":1.4214124175249427},{""alpha"":100.0,""inner_rmse"":1.430752498072038},{""alpha"":1000.0,""inner_rmse"":1.4527521760427524}]"	115	29	frozen_union_component
S3	stratified_random_pair_5fold_non_headline	random-04	ecfp_esm2_pocket_additive_S3	ridge_alpha	1.0	"[{""alpha"":0.01,""inner_rmse"":1.3672855469471108},{""alpha"":0.1,""inner_rmse"":1.3672486217130961},{""alpha"":1.0,""inner_rmse"":1.367056655840186},{""alpha"":10.0,""inner_rmse"":1.3682660427041102},{""alpha"":100.0,""inner_rmse"":1.3778579877379034},{""alpha"":1000.0,""inner_rmse"":1.4142731633444865}]"	115	29	frozen_union_component
S3	stratified_random_pair_5fold_non_headline	random-04	ecfp_esm2_pocket_tensor_S3	ridge_alpha	1.0	"[{""alpha"":0.01,""inner_rmse"":1.3694284785145319},{""alpha"":0.1,""inner_rmse"":1.3693897732718727},{""alpha"":1.0,""inner_rmse"":1.3691713452359475},{""alpha"":10.0,""inner_rmse"":1.369982215719196},{""alpha"":100.0,""inner_rmse"":1.3775849093613006},{""alpha"":1000.0,""inner_rmse"":1.4129678607353084}]"	115	29	frozen_union_component
S3	stratified_random_pair_5fold_non_headline	random-05	pocket_ridge_S3	ridge_alpha	1000.0	"[{""alpha"":0.01,""inner_rmse"":3.6006072558068953},{""alpha"":0.1,""inner_rmse"":3.264116848405217},{""alpha"":1.0,""inner_rmse"":2.636206753335452},{""alpha"":10.0,""inner_rmse"":1.9358572037337636},{""alpha"":100.0,""inner_rmse"":1.5691961537494568},{""alpha"":1000.0,""inner_rmse"":1.5656611933417661}]"	116	28	frozen_union_component
S3	stratified_random_pair_5fold_non_headline	random-05	ecfp_esm2_additive	ridge_alpha	0.01	"[{""alpha"":0.01,""inner_rmse"":1.5260091750064089},{""alpha"":0.1,""inner_rmse"":1.5260881719943635},{""alpha"":1.0,""inner_rmse"":1.5267919618498376},{""alpha"":10.0,""inner_rmse"":1.5309804588781082},{""alpha"":100.0,""inner_rmse"":1.5458263693946397},{""alpha"":1000.0,""inner_rmse"":1.5606605817896864}]"	116	28	frozen_union_component
S3	stratified_random_pair_5fold_non_headline	random-05	ecfp_esm2_pocket_additive_S3	ridge_alpha	0.01	"[{""alpha"":0.01,""inner_rmse"":1.50990941153436},{""alpha"":0.1,""inner_rmse"":1.50995540224795},{""alpha"":1.0,""inner_rmse"":1.5104069966067053},{""alpha"":10.0,""inner_rmse"":1.5137368031559804},{""alpha"":100.0,""inner_rmse"":1.5265718420110581},{""alpha"":1000.0,""inner_rmse"":1.5412476550082113}]"	116	28	frozen_union_component
S3	stratified_random_pair_5fold_non_headline	random-05	ecfp_esm2_pocket_tensor_S3	ridge_alpha	0.01	"[{""alpha"":0.01,""inner_rmse"":1.5071311569594077},{""alpha"":0.1,""inner_rmse"":1.5071727674864384},{""alpha"":1.0,""inner_rmse"":1.5075896450875135},{""alpha"":10.0,""inner_rmse"":1.510791849198736},{""alpha"":100.0,""inner_rmse"":1.523768045764333},{""alpha"":1000.0,""inner_rmse"":1.5405704540464082}]"	116	28	frozen_union_component
