view_id	observation_id	mapping_tier	construct_group_id	construct_sha256	uniprot_accession	query_pdb_id	query_ligand_comp_id	inchikey	canonical_smiles	pKd	feature_structure_pdb_id	feature_structure_sha256	feature_protein_entity_id	feature_protein_asym_id	site_reference_pdb_id	site_reference_ligand_comp_id	pocket_positions_label_seq_id	present_positions_label_seq_id	missing_positions_label_seq_id	receptor_conformation_source	query_holo_receptor_privilege	historical_reference_ligand_used_only_for_site	query_ligand_coordinates_read	pocket_residue_count	pocket_atom_count	pocket_position_coverage	pocket_missing_fraction	aa_fraction_A	aa_fraction_C	aa_fraction_D	aa_fraction_E	aa_fraction_F	aa_fraction_G	aa_fraction_H	aa_fraction_I	aa_fraction_K	aa_fraction_L	aa_fraction_M	aa_fraction_N	aa_fraction_P	aa_fraction_Q	aa_fraction_R	aa_fraction_S	aa_fraction_T	aa_fraction_V	aa_fraction_W	aa_fraction_Y	aa_fraction_X	element_fraction_C	element_fraction_N	element_fraction_O	element_fraction_S	element_fraction_P	element_fraction_SE	element_fraction_OTHER	coord_radius_of_gyration	coord_max_radius	bbox_extent_large	bbox_extent_mid	bbox_extent_small	coord_std_large	coord_std_mid	coord_std_small	residue_pair_distance_bin_0	residue_pair_distance_bin_1	residue_pair_distance_bin_2	residue_pair_distance_bin_3	residue_pair_distance_bin_4	residue_pair_distance_bin_5	residue_pair_distance_bin_6	residue_pair_distance_bin_7	residue_pair_distance_bin_8	residue_contact_edge_density_8A	residue_contact_mean_degree_8A	residue_contact_degree_std_8A
RCSB-4UGY-EXI-KD:S0	RCSB-4UGY-EXI-KD	S0	construct-001-c5158f5b655d	c5158f5b655d67de07d6eb63e3de8d56dae628bbf9d60ddb27d479d5686cb629	O34453	4UGY	EXI	BAILAIZRWKFZJT-UHFFFAOYSA-N	CNCCN(C)c1cncc(CCc2cc(C)cc(N)n2)c1	4.239577516576788	4UGY	0af2b6cff7ed309f030b938b1ccf4344990489c7490d59e4057db6819a13c247	1	A	4UGK	7S9	128;129;132;216;217;218;235;236;237;238;239;240;243;248;254;329;357	128;129;132;216;217;218;235;236;237;238;239;240;243;248;254;329;357		query_holo_receptor	True	True	False	17.0	164.0	1.0	0.0	0.0	0.0	0.0	0.058823529411764705	0.058823529411764705	0.058823529411764705	0.058823529411764705	0.11764705882352941	0.0	0.0	0.058823529411764705	0.11764705882352941	0.058823529411764705	0.058823529411764705	0.11764705882352941	0.0	0.0	0.0	0.11764705882352941	0.11764705882352941	0.0	0.6646341463414634	0.18292682926829268	0.14634146341463414	0.006097560975609756	0.0	0.0	0.0	9.262929437033701	16.154185049592744	23.48	22.653	21.236	5.890985112401878	5.312776049413032	4.782527240874658	0.007352941176470588	0.125	0.08823529411764706	0.1323529411764706	0.16176470588235295	0.29411764705882354	0.16911764705882354	0.022058823529411766	0.0	0.22058823529411764	3.5294117647058822	2.0896846668625426
RCSB-4UGY-EXI-KD:S1	RCSB-4UGY-EXI-KD	S1	construct-001-c5158f5b655d	c5158f5b655d67de07d6eb63e3de8d56dae628bbf9d60ddb27d479d5686cb629	O34453	4UGY	EXI	BAILAIZRWKFZJT-UHFFFAOYSA-N	CNCCN(C)c1cncc(CCc2cc(C)cc(N)n2)c1	4.239577516576788	4UGK	af615401a6f202a7ed5c757dfb8a0c327890e05b460e0f1d3bb0cb52e4bd06c9	1	A	4UGK	7S9	128;129;132;216;217;218;235;236;237;238;239;240;243;248;254;329;357	128;129;132;216;217;218;235;236;237;238;239;240;243;248;254;329;357		fixed_historical_reference_receptor	False	True	False	17.0	164.0	1.0	0.0	0.0	0.0	0.0	0.058823529411764705	0.058823529411764705	0.058823529411764705	0.058823529411764705	0.11764705882352941	0.0	0.0	0.058823529411764705	0.11764705882352941	0.058823529411764705	0.058823529411764705	0.11764705882352941	0.0	0.0	0.0	0.11764705882352941	0.11764705882352941	0.0	0.6646341463414634	0.18292682926829268	0.14634146341463414	0.006097560975609756	0.0	0.0	0.0	9.23482341487595	16.167067683907902	23.477	22.57	21.189	5.868797469455951	5.329172397279162	4.7369928569216135	0.007352941176470588	0.125	0.08823529411764706	0.13970588235294118	0.14705882352941177	0.3088235294117647	0.16176470588235295	0.022058823529411766	0.0	0.22058823529411764	3.5294117647058822	2.0896846668625426
RCSB-4UGR-6E5-KD:S0	RCSB-4UGR-6E5-KD	S0	construct-001-c5158f5b655d	c5158f5b655d67de07d6eb63e3de8d56dae628bbf9d60ddb27d479d5686cb629	O34453	4UGR	6E5	GPVRORSBZUBDJB-DQEYMECFSA-N	[H]/N=C(\Nc1cccc(COC[C@@H]2C[C@H](OCc3cccc(N/C(=N\[H])c4cccs4)c3)CN2)c1)c1cccs1	4.958607314841775	4UGR	db3ccdecda8dce7e19a47e4cc8c9d203df93f16ed99921ffc76a2364b26487b0	1	A	4UGK	7S9	128;129;132;216;217;218;235;236;237;238;239;240;243;248;254;329;357	128;129;132;216;217;218;235;236;237;238;239;240;243;248;254;329;357		query_holo_receptor	True	True	False	17.0	164.0	1.0	0.0	0.0	0.0	0.0	0.058823529411764705	0.058823529411764705	0.058823529411764705	0.058823529411764705	0.11764705882352941	0.0	0.0	0.058823529411764705	0.11764705882352941	0.058823529411764705	0.058823529411764705	0.11764705882352941	0.0	0.0	0.0	0.11764705882352941	0.11764705882352941	0.0	0.6646341463414634	0.18292682926829268	0.14634146341463414	0.006097560975609756	0.0	0.0	0.0	9.310229891731874	16.22889036179915	23.508	22.690999999999995	21.493000000000002	5.90094924094177	5.329834901938727	4.8427304912417135	0.014705882352941176	0.125	0.08088235294117647	0.125	0.16176470588235295	0.3014705882352941	0.16911764705882354	0.022058823529411766	0.0	0.22058823529411764	3.5294117647058822	2.0896846668625426
RCSB-4UGR-6E5-KD:S1	RCSB-4UGR-6E5-KD	S1	construct-001-c5158f5b655d	c5158f5b655d67de07d6eb63e3de8d56dae628bbf9d60ddb27d479d5686cb629	O34453	4UGR	6E5	GPVRORSBZUBDJB-DQEYMECFSA-N	[H]/N=C(\Nc1cccc(COC[C@@H]2C[C@H](OCc3cccc(N/C(=N\[H])c4cccs4)c3)CN2)c1)c1cccs1	4.958607314841775	4UGK	af615401a6f202a7ed5c757dfb8a0c327890e05b460e0f1d3bb0cb52e4bd06c9	1	A	4UGK	7S9	128;129;132;216;217;218;235;236;237;238;239;240;243;248;254;329;357	128;129;132;216;217;218;235;236;237;238;239;240;243;248;254;329;357		fixed_historical_reference_receptor	False	True	False	17.0	164.0	1.0	0.0	0.0	0.0	0.0	0.058823529411764705	0.058823529411764705	0.058823529411764705	0.058823529411764705	0.11764705882352941	0.0	0.0	0.058823529411764705	0.11764705882352941	0.058823529411764705	0.058823529411764705	0.11764705882352941	0.0	0.0	0.0	0.11764705882352941	0.11764705882352941	0.0	0.6646341463414634	0.18292682926829268	0.14634146341463414	0.006097560975609756	0.0	0.0	0.0	9.23482341487595	16.167067683907902	23.477	22.57	21.189	5.868797469455951	5.329172397279162	4.7369928569216135	0.007352941176470588	0.125	0.08823529411764706	0.13970588235294118	0.14705882352941177	0.3088235294117647	0.16176470588235295	0.022058823529411766	0.0	0.22058823529411764	3.5294117647058822	2.0896846668625426
RCSB-4UGA-Q05-KD:S0	RCSB-4UGA-Q05-KD	S0	construct-001-c5158f5b655d	c5158f5b655d67de07d6eb63e3de8d56dae628bbf9d60ddb27d479d5686cb629	O34453	4UGA	Q05	DDZKIKXHCIUETL-UHFFFAOYSA-N	Cc1cc(N)nc(COc2cccc(CNCCc3cccc(F)c3)c2)c1	4.214670164989233	4UGA	a201e1add1547982dcc1d6fe01b14c50f95cfa9fea608281bb249e003f372566	1	A	4UGK	7S9	128;129;132;216;217;218;235;236;237;238;239;240;243;248;254;329;357	128;129;132;216;217;218;235;236;237;238;239;240;243;248;254;329;357		query_holo_receptor	True	True	False	17.0	164.0	1.0	0.0	0.0	0.0	0.0	0.058823529411764705	0.058823529411764705	0.058823529411764705	0.058823529411764705	0.11764705882352941	0.0	0.0	0.058823529411764705	0.11764705882352941	0.058823529411764705	0.058823529411764705	0.11764705882352941	0.0	0.0	0.0	0.11764705882352941	0.11764705882352941	0.0	0.6646341463414634	0.18292682926829268	0.14634146341463414	0.006097560975609756	0.0	0.0	0.0	9.244806333982774	16.16753562905195	23.405	22.741999999999997	21.158	5.873463377028451	5.293269725126063	4.79063333272516	0.007352941176470588	0.1323529411764706	0.08088235294117647	0.13970588235294118	0.16176470588235295	0.2867647058823529	0.16911764705882354	0.022058823529411766	0.0	0.22058823529411764	3.5294117647058822	2.0896846668625426
RCSB-4UGA-Q05-KD:S1	RCSB-4UGA-Q05-KD	S1	construct-001-c5158f5b655d	c5158f5b655d67de07d6eb63e3de8d56dae628bbf9d60ddb27d479d5686cb629	O34453	4UGA	Q05	DDZKIKXHCIUETL-UHFFFAOYSA-N	Cc1cc(N)nc(COc2cccc(CNCCc3cccc(F)c3)c2)c1	4.214670164989233	4UGK	af615401a6f202a7ed5c757dfb8a0c327890e05b460e0f1d3bb0cb52e4bd06c9	1	A	4UGK	7S9	128;129;132;216;217;218;235;236;237;238;239;240;243;248;254;329;357	128;129;132;216;217;218;235;236;237;238;239;240;243;248;254;329;357		fixed_historical_reference_receptor	False	True	False	17.0	164.0	1.0	0.0	0.0	0.0	0.0	0.058823529411764705	0.058823529411764705	0.058823529411764705	0.058823529411764705	0.11764705882352941	0.0	0.0	0.058823529411764705	0.11764705882352941	0.058823529411764705	0.058823529411764705	0.11764705882352941	0.0	0.0	0.0	0.11764705882352941	0.11764705882352941	0.0	0.6646341463414634	0.18292682926829268	0.14634146341463414	0.006097560975609756	0.0	0.0	0.0	9.23482341487595	16.167067683907902	23.477	22.57	21.189	5.868797469455951	5.329172397279162	4.7369928569216135	0.007352941176470588	0.125	0.08823529411764706	0.13970588235294118	0.14705882352941177	0.3088235294117647	0.16176470588235295	0.022058823529411766	0.0	0.22058823529411764	3.5294117647058822	2.0896846668625426
RCSB-4UG5-XFK-KD:S0	RCSB-4UG5-XFK-KD	S0	construct-001-c5158f5b655d	c5158f5b655d67de07d6eb63e3de8d56dae628bbf9d60ddb27d479d5686cb629	O34453	4UG5	XFK	RDXKSGCNYFTVRW-UHFFFAOYSA-N	Cc1cc(N)nc(CCc2cncc(CCc3cc(C)nc(N)c3)c2)c1	5.298432014944073	4UG5	916d80f490024770351d1b750ee73f917c4d59118ba8bedec9acc413318ab22b	1	A	4UGK	7S9	128;129;132;216;217;218;235;236;237;238;239;240;243;248;254;329;357	128;129;132;216;217;218;235;236;237;238;239;240;243;248;254;329;357		query_holo_receptor	True	True	False	17.0	164.0	1.0	0.0	0.0	0.0	0.0	0.058823529411764705	0.058823529411764705	0.058823529411764705	0.058823529411764705	0.11764705882352941	0.0	0.0	0.058823529411764705	0.11764705882352941	0.058823529411764705	0.058823529411764705	0.11764705882352941	0.0	0.0	0.0	0.11764705882352941	0.11764705882352941	0.0	0.6646341463414634	0.18292682926829268	0.14634146341463414	0.006097560975609756	0.0	0.0	0.0	9.37520768948214	16.181129504307563	23.487	22.057000000000002	21.291999999999998	6.073819480312121	5.373198622010606	4.704463062872254	0.007352941176470588	0.11764705882352941	0.09558823529411764	0.1323529411764706	0.15441176470588236	0.3014705882352941	0.16911764705882354	0.022058823529411766	0.0	0.22058823529411764	3.5294117647058822	2.0896846668625426
RCSB-4UG5-XFK-KD:S1	RCSB-4UG5-XFK-KD	S1	construct-001-c5158f5b655d	c5158f5b655d67de07d6eb63e3de8d56dae628bbf9d60ddb27d479d5686cb629	O34453	4UG5	XFK	RDXKSGCNYFTVRW-UHFFFAOYSA-N	Cc1cc(N)nc(CCc2cncc(CCc3cc(C)nc(N)c3)c2)c1	5.298432014944073	4UGK	af615401a6f202a7ed5c757dfb8a0c327890e05b460e0f1d3bb0cb52e4bd06c9	1	A	4UGK	7S9	128;129;132;216;217;218;235;236;237;238;239;240;243;248;254;329;357	128;129;132;216;217;218;235;236;237;238;239;240;243;248;254;329;357		fixed_historical_reference_receptor	False	True	False	17.0	164.0	1.0	0.0	0.0	0.0	0.0	0.058823529411764705	0.058823529411764705	0.058823529411764705	0.058823529411764705	0.11764705882352941	0.0	0.0	0.058823529411764705	0.11764705882352941	0.058823529411764705	0.058823529411764705	0.11764705882352941	0.0	0.0	0.0	0.11764705882352941	0.11764705882352941	0.0	0.6646341463414634	0.18292682926829268	0.14634146341463414	0.006097560975609756	0.0	0.0	0.0	9.23482341487595	16.167067683907902	23.477	22.57	21.189	5.868797469455951	5.329172397279162	4.7369928569216135	0.007352941176470588	0.125	0.08823529411764706	0.13970588235294118	0.14705882352941177	0.3088235294117647	0.16176470588235295	0.022058823529411766	0.0	0.22058823529411764	3.5294117647058822	2.0896846668625426
RCSB-4UG6-XFJ-KD:S0	RCSB-4UG6-XFJ-KD	S0	construct-001-c5158f5b655d	c5158f5b655d67de07d6eb63e3de8d56dae628bbf9d60ddb27d479d5686cb629	O34453	4UG6	XFJ	KZHFSPGMRFCRCE-UHFFFAOYSA-N	Cc1cc(N)nc(CCc2cncc(CCc3cc(C)cc(N)n3)c2)c1	5.571865205971211	4UG6	19399534d84e68fe6cca37d607a6a6b69e2172631efa9df128d38a31e30d4aac	1	A	4UGK	7S9	128;129;132;216;217;218;235;236;237;238;239;240;243;248;254;329;357	128;129;132;216;217;218;235;236;237;238;239;240;243;248;254;329;357		query_holo_receptor	True	True	False	17.0	164.0	1.0	0.0	0.0	0.0	0.0	0.058823529411764705	0.058823529411764705	0.058823529411764705	0.058823529411764705	0.11764705882352941	0.0	0.0	0.058823529411764705	0.11764705882352941	0.058823529411764705	0.058823529411764705	0.11764705882352941	0.0	0.0	0.0	0.11764705882352941	0.11764705882352941	0.0	0.6646341463414634	0.18292682926829268	0.14634146341463414	0.006097560975609756	0.0	0.0	0.0	9.437961727162932	16.132865348261728	23.524	22.202999999999996	21.432000000000002	6.136480205547673	5.400009016924	4.717905771362267	0.007352941176470588	0.11764705882352941	0.09558823529411764	0.11029411764705882	0.15441176470588236	0.3235294117647059	0.16911764705882354	0.022058823529411766	0.0	0.22058823529411764	3.5294117647058822	2.0896846668625426
RCSB-4UG6-XFJ-KD:S1	RCSB-4UG6-XFJ-KD	S1	construct-001-c5158f5b655d	c5158f5b655d67de07d6eb63e3de8d56dae628bbf9d60ddb27d479d5686cb629	O34453	4UG6	XFJ	KZHFSPGMRFCRCE-UHFFFAOYSA-N	Cc1cc(N)nc(CCc2cncc(CCc3cc(C)cc(N)n3)c2)c1	5.571865205971211	4UGK	af615401a6f202a7ed5c757dfb8a0c327890e05b460e0f1d3bb0cb52e4bd06c9	1	A	4UGK	7S9	128;129;132;216;217;218;235;236;237;238;239;240;243;248;254;329;357	128;129;132;216;217;218;235;236;237;238;239;240;243;248;254;329;357		fixed_historical_reference_receptor	False	True	False	17.0	164.0	1.0	0.0	0.0	0.0	0.0	0.058823529411764705	0.058823529411764705	0.058823529411764705	0.058823529411764705	0.11764705882352941	0.0	0.0	0.058823529411764705	0.11764705882352941	0.058823529411764705	0.058823529411764705	0.11764705882352941	0.0	0.0	0.0	0.11764705882352941	0.11764705882352941	0.0	0.6646341463414634	0.18292682926829268	0.14634146341463414	0.006097560975609756	0.0	0.0	0.0	9.23482341487595	16.167067683907902	23.477	22.57	21.189	5.868797469455951	5.329172397279162	4.7369928569216135	0.007352941176470588	0.125	0.08823529411764706	0.13970588235294118	0.14705882352941177	0.3088235294117647	0.16176470588235295	0.022058823529411766	0.0	0.22058823529411764	3.5294117647058822	2.0896846668625426
RCSB-4UG8-HW1-KD:S0	RCSB-4UG8-HW1-KD	S0	construct-001-c5158f5b655d	c5158f5b655d67de07d6eb63e3de8d56dae628bbf9d60ddb27d479d5686cb629	O34453	4UG8	HW1	WKAYHKZPKWNKSL-XLIONFOSSA-N	Cc1cc(N)nc(CCCCCO[C@H]2CNC[C@H]2Cc2cc(C)cc(N)n2)c1	6.346787486224656	4UG8	70d3844de7a9a2a7ebe588d007837dcb6c85b955b3649a6b556f96b6ce1257b8	1	A	4UGK	7S9	128;129;132;216;217;218;235;236;237;238;239;240;243;248;254;329;357	128;129;132;216;217;218;235;236;237;238;239;240;243;248;254;329;357		query_holo_receptor	True	True	False	17.0	164.0	1.0	0.0	0.0	0.0	0.0	0.058823529411764705	0.058823529411764705	0.058823529411764705	0.058823529411764705	0.11764705882352941	0.0	0.0	0.058823529411764705	0.11764705882352941	0.058823529411764705	0.058823529411764705	0.11764705882352941	0.0	0.0	0.0	0.11764705882352941	0.11764705882352941	0.0	0.6646341463414634	0.18292682926829268	0.14634146341463414	0.006097560975609756	0.0	0.0	0.0	9.265785603415035	16.127557844937055	23.481	22.707	21.268	5.875535386149885	5.331535128637224	4.786188457077416	0.014705882352941176	0.125	0.08088235294117647	0.1323529411764706	0.15441176470588236	0.3014705882352941	0.16911764705882354	0.022058823529411766	0.0	0.22058823529411764	3.5294117647058822	2.0896846668625426
RCSB-4UG8-HW1-KD:S1	RCSB-4UG8-HW1-KD	S1	construct-001-c5158f5b655d	c5158f5b655d67de07d6eb63e3de8d56dae628bbf9d60ddb27d479d5686cb629	O34453	4UG8	HW1	WKAYHKZPKWNKSL-XLIONFOSSA-N	Cc1cc(N)nc(CCCCCO[C@H]2CNC[C@H]2Cc2cc(C)cc(N)n2)c1	6.346787486224656	4UGK	af615401a6f202a7ed5c757dfb8a0c327890e05b460e0f1d3bb0cb52e4bd06c9	1	A	4UGK	7S9	128;129;132;216;217;218;235;236;237;238;239;240;243;248;254;329;357	128;129;132;216;217;218;235;236;237;238;239;240;243;248;254;329;357		fixed_historical_reference_receptor	False	True	False	17.0	164.0	1.0	0.0	0.0	0.0	0.0	0.058823529411764705	0.058823529411764705	0.058823529411764705	0.058823529411764705	0.11764705882352941	0.0	0.0	0.058823529411764705	0.11764705882352941	0.058823529411764705	0.058823529411764705	0.11764705882352941	0.0	0.0	0.0	0.11764705882352941	0.11764705882352941	0.0	0.6646341463414634	0.18292682926829268	0.14634146341463414	0.006097560975609756	0.0	0.0	0.0	9.23482341487595	16.167067683907902	23.477	22.57	21.189	5.868797469455951	5.329172397279162	4.7369928569216135	0.007352941176470588	0.125	0.08823529411764706	0.13970588235294118	0.14705882352941177	0.3088235294117647	0.16176470588235295	0.022058823529411766	0.0	0.22058823529411764	3.5294117647058822	2.0896846668625426
RCSB-4UGS-H36-KD:S0	RCSB-4UGS-H36-KD	S0	construct-001-c5158f5b655d	c5158f5b655d67de07d6eb63e3de8d56dae628bbf9d60ddb27d479d5686cb629	O34453	4UGS	H36	FJVFGYSUSVNZDG-UHFFFAOYSA-N	[H]/N=C(\Nc1cccc(OCCOc2cccc(N/C(=N/[H])c3cccs3)c2)c1)c1cccs1	3.8961962790440428	4UGS	7b5ef71b51e79269238aeb15d7ab882a45765b3044987e5f98b8c3fa13795fdc	1	A	4UGK	7S9	128;129;132;216;217;218;235;236;237;238;239;240;243;248;254;329;357	128;129;132;216;217;218;235;236;237;238;239;240;243;248;254;329;357		query_holo_receptor	True	True	False	17.0	164.0	1.0	0.0	0.0	0.0	0.0	0.058823529411764705	0.058823529411764705	0.058823529411764705	0.058823529411764705	0.11764705882352941	0.0	0.0	0.058823529411764705	0.11764705882352941	0.058823529411764705	0.058823529411764705	0.11764705882352941	0.0	0.0	0.0	0.11764705882352941	0.11764705882352941	0.0	0.6646341463414634	0.18292682926829268	0.14634146341463414	0.006097560975609756	0.0	0.0	0.0	9.236509461586813	16.130759837702232	23.363	22.665	21.163	5.8583146978158105	5.298608710461132	4.787274973172466	0.007352941176470588	0.1323529411764706	0.08088235294117647	0.13970588235294118	0.16176470588235295	0.2867647058823529	0.16911764705882354	0.022058823529411766	0.0	0.22058823529411764	3.5294117647058822	2.0896846668625426
RCSB-4UGS-H36-KD:S1	RCSB-4UGS-H36-KD	S1	construct-001-c5158f5b655d	c5158f5b655d67de07d6eb63e3de8d56dae628bbf9d60ddb27d479d5686cb629	O34453	4UGS	H36	FJVFGYSUSVNZDG-UHFFFAOYSA-N	[H]/N=C(\Nc1cccc(OCCOc2cccc(N/C(=N/[H])c3cccs3)c2)c1)c1cccs1	3.8961962790440428	4UGK	af615401a6f202a7ed5c757dfb8a0c327890e05b460e0f1d3bb0cb52e4bd06c9	1	A	4UGK	7S9	128;129;132;216;217;218;235;236;237;238;239;240;243;248;254;329;357	128;129;132;216;217;218;235;236;237;238;239;240;243;248;254;329;357		fixed_historical_reference_receptor	False	True	False	17.0	164.0	1.0	0.0	0.0	0.0	0.0	0.058823529411764705	0.058823529411764705	0.058823529411764705	0.058823529411764705	0.11764705882352941	0.0	0.0	0.058823529411764705	0.11764705882352941	0.058823529411764705	0.058823529411764705	0.11764705882352941	0.0	0.0	0.0	0.11764705882352941	0.11764705882352941	0.0	0.6646341463414634	0.18292682926829268	0.14634146341463414	0.006097560975609756	0.0	0.0	0.0	9.23482341487595	16.167067683907902	23.477	22.57	21.189	5.868797469455951	5.329172397279162	4.7369928569216135	0.007352941176470588	0.125	0.08823529411764706	0.13970588235294118	0.14705882352941177	0.3088235294117647	0.16176470588235295	0.022058823529411766	0.0	0.22058823529411764	3.5294117647058822	2.0896846668625426
RCSB-4UGM-1QE-KD:S0	RCSB-4UGM-1QE-KD	S0	construct-001-c5158f5b655d	c5158f5b655d67de07d6eb63e3de8d56dae628bbf9d60ddb27d479d5686cb629	O34453	4UGM	1QE	MNMWXAHXXVXJBB-UHFFFAOYSA-N	[H]/N=C(\Nc1cccc(CCc2cccc(N/C(=N/[H])c3cccs3)c2)c1)c1cccs1	4.00436480540245	4UGM	2d118b59719d25e837eac9454648d40e528dc429a41ee8ed8d87cacf5e448129	1	A	4UGK	7S9	128;129;132;216;217;218;235;236;237;238;239;240;243;248;254;329;357	128;129;132;216;217;218;235;236;237;238;239;240;243;248;254;329;357		query_holo_receptor	True	True	False	17.0	164.0	1.0	0.0	0.0	0.0	0.0	0.058823529411764705	0.058823529411764705	0.058823529411764705	0.058823529411764705	0.11764705882352941	0.0	0.0	0.058823529411764705	0.11764705882352941	0.058823529411764705	0.058823529411764705	0.11764705882352941	0.0	0.0	0.0	0.11764705882352941	0.11764705882352941	0.0	0.6646341463414634	0.18292682926829268	0.14634146341463414	0.006097560975609756	0.0	0.0	0.0	9.270093719348882	16.143857893656836	23.377	22.831000000000003	21.321	5.865875980339268	5.307082411370346	4.833323166074656	0.007352941176470588	0.1323529411764706	0.08088235294117647	0.13970588235294118	0.15441176470588236	0.29411764705882354	0.16911764705882354	0.022058823529411766	0.0	0.22058823529411764	3.5294117647058822	2.0896846668625426
RCSB-4UGM-1QE-KD:S1	RCSB-4UGM-1QE-KD	S1	construct-001-c5158f5b655d	c5158f5b655d67de07d6eb63e3de8d56dae628bbf9d60ddb27d479d5686cb629	O34453	4UGM	1QE	MNMWXAHXXVXJBB-UHFFFAOYSA-N	[H]/N=C(\Nc1cccc(CCc2cccc(N/C(=N/[H])c3cccs3)c2)c1)c1cccs1	4.00436480540245	4UGK	af615401a6f202a7ed5c757dfb8a0c327890e05b460e0f1d3bb0cb52e4bd06c9	1	A	4UGK	7S9	128;129;132;216;217;218;235;236;237;238;239;240;243;248;254;329;357	128;129;132;216;217;218;235;236;237;238;239;240;243;248;254;329;357		fixed_historical_reference_receptor	False	True	False	17.0	164.0	1.0	0.0	0.0	0.0	0.0	0.058823529411764705	0.058823529411764705	0.058823529411764705	0.058823529411764705	0.11764705882352941	0.0	0.0	0.058823529411764705	0.11764705882352941	0.058823529411764705	0.058823529411764705	0.11764705882352941	0.0	0.0	0.0	0.11764705882352941	0.11764705882352941	0.0	0.6646341463414634	0.18292682926829268	0.14634146341463414	0.006097560975609756	0.0	0.0	0.0	9.23482341487595	16.167067683907902	23.477	22.57	21.189	5.868797469455951	5.329172397279162	4.7369928569216135	0.007352941176470588	0.125	0.08823529411764706	0.13970588235294118	0.14705882352941177	0.3088235294117647	0.16176470588235295	0.022058823529411766	0.0	0.22058823529411764	3.5294117647058822	2.0896846668625426
RCSB-4UGI-SKO-KD:S0	RCSB-4UGI-SKO-KD	S0	construct-001-c5158f5b655d	c5158f5b655d67de07d6eb63e3de8d56dae628bbf9d60ddb27d479d5686cb629	O34453	4UGI	SKO	AVQUEPVPLWZPMB-UHFFFAOYSA-N	CNCCN(C)c1cccc(CCc2cc(C)cc(N)n2)n1	4.73754891026957	4UGI	3cd4f3b4833061e1eb6e47069aebd12ae1b4bc3bc538ccd714ef360911d27a2a	1	A	4UGK	7S9	128;129;132;216;217;218;235;236;237;238;239;240;243;248;254;329;357	128;129;132;216;217;218;235;236;237;238;239;240;243;248;254;329;357		query_holo_receptor	True	True	False	17.0	164.0	1.0	0.0	0.0	0.0	0.0	0.058823529411764705	0.058823529411764705	0.058823529411764705	0.058823529411764705	0.11764705882352941	0.0	0.0	0.058823529411764705	0.11764705882352941	0.058823529411764705	0.058823529411764705	0.11764705882352941	0.0	0.0	0.0	0.11764705882352941	0.11764705882352941	0.0	0.6646341463414634	0.18292682926829268	0.14634146341463414	0.006097560975609756	0.0	0.0	0.0	9.352682962454425	16.101785833623033	23.48	23.064	21.366999999999997	5.902765624253445	5.384465423445622	4.861848278693579	0.007352941176470588	0.125	0.08823529411764706	0.13970588235294118	0.1323529411764706	0.3014705882352941	0.18382352941176472	0.022058823529411766	0.0	0.22058823529411764	3.5294117647058822	2.0896846668625426
RCSB-4UGI-SKO-KD:S1	RCSB-4UGI-SKO-KD	S1	construct-001-c5158f5b655d	c5158f5b655d67de07d6eb63e3de8d56dae628bbf9d60ddb27d479d5686cb629	O34453	4UGI	SKO	AVQUEPVPLWZPMB-UHFFFAOYSA-N	CNCCN(C)c1cccc(CCc2cc(C)cc(N)n2)n1	4.73754891026957	4UGK	af615401a6f202a7ed5c757dfb8a0c327890e05b460e0f1d3bb0cb52e4bd06c9	1	A	4UGK	7S9	128;129;132;216;217;218;235;236;237;238;239;240;243;248;254;329;357	128;129;132;216;217;218;235;236;237;238;239;240;243;248;254;329;357		fixed_historical_reference_receptor	False	True	False	17.0	164.0	1.0	0.0	0.0	0.0	0.0	0.058823529411764705	0.058823529411764705	0.058823529411764705	0.058823529411764705	0.11764705882352941	0.0	0.0	0.058823529411764705	0.11764705882352941	0.058823529411764705	0.058823529411764705	0.11764705882352941	0.0	0.0	0.0	0.11764705882352941	0.11764705882352941	0.0	0.6646341463414634	0.18292682926829268	0.14634146341463414	0.006097560975609756	0.0	0.0	0.0	9.23482341487595	16.167067683907902	23.477	22.57	21.189	5.868797469455951	5.329172397279162	4.7369928569216135	0.007352941176470588	0.125	0.08823529411764706	0.13970588235294118	0.14705882352941177	0.3088235294117647	0.16176470588235295	0.022058823529411766	0.0	0.22058823529411764	3.5294117647058822	2.0896846668625426
RCSB-4UG7-1EV-KD:S0	RCSB-4UG7-1EV-KD	S0	construct-001-c5158f5b655d	c5158f5b655d67de07d6eb63e3de8d56dae628bbf9d60ddb27d479d5686cb629	O34453	4UG7	1EV	IXUSJKAERUMZME-UHFFFAOYSA-N	Cc1cc(N)nc(CCc2cc(C#N)cc(CCc3cc(C)cc(N)n3)c2)c1	5.349692476868063	4UG7	08f019adc8f8e502f00ecad6c4a82e6a0705b7c46df033058bc6bbefc74989ac	1	A	4UGK	7S9	128;129;132;216;217;218;235;236;237;238;239;240;243;248;254;329;357	128;129;132;216;217;218;235;236;237;238;239;240;243;248;254;329;357		query_holo_receptor	True	True	False	17.0	164.0	1.0	0.0	0.0	0.0	0.0	0.058823529411764705	0.058823529411764705	0.058823529411764705	0.058823529411764705	0.11764705882352941	0.0	0.0	0.058823529411764705	0.11764705882352941	0.058823529411764705	0.058823529411764705	0.11764705882352941	0.0	0.0	0.0	0.11764705882352941	0.11764705882352941	0.0	0.6646341463414634	0.18292682926829268	0.14634146341463414	0.006097560975609756	0.0	0.0	0.0	9.260266345889297	16.041583604449897	23.311	22.233	21.239	5.9644335214632624	5.336537462642653	4.658265071318593	0.007352941176470588	0.125	0.08823529411764706	0.14705882352941177	0.125	0.3235294117647059	0.16176470588235295	0.022058823529411766	0.0	0.22058823529411764	3.5294117647058822	2.0896846668625426
RCSB-4UG7-1EV-KD:S1	RCSB-4UG7-1EV-KD	S1	construct-001-c5158f5b655d	c5158f5b655d67de07d6eb63e3de8d56dae628bbf9d60ddb27d479d5686cb629	O34453	4UG7	1EV	IXUSJKAERUMZME-UHFFFAOYSA-N	Cc1cc(N)nc(CCc2cc(C#N)cc(CCc3cc(C)cc(N)n3)c2)c1	5.349692476868063	4UGK	af615401a6f202a7ed5c757dfb8a0c327890e05b460e0f1d3bb0cb52e4bd06c9	1	A	4UGK	7S9	128;129;132;216;217;218;235;236;237;238;239;240;243;248;254;329;357	128;129;132;216;217;218;235;236;237;238;239;240;243;248;254;329;357		fixed_historical_reference_receptor	False	True	False	17.0	164.0	1.0	0.0	0.0	0.0	0.0	0.058823529411764705	0.058823529411764705	0.058823529411764705	0.058823529411764705	0.11764705882352941	0.0	0.0	0.058823529411764705	0.11764705882352941	0.058823529411764705	0.058823529411764705	0.11764705882352941	0.0	0.0	0.0	0.11764705882352941	0.11764705882352941	0.0	0.6646341463414634	0.18292682926829268	0.14634146341463414	0.006097560975609756	0.0	0.0	0.0	9.23482341487595	16.167067683907902	23.477	22.57	21.189	5.868797469455951	5.329172397279162	4.7369928569216135	0.007352941176470588	0.125	0.08823529411764706	0.13970588235294118	0.14705882352941177	0.3088235294117647	0.16176470588235295	0.022058823529411766	0.0	0.22058823529411764	3.5294117647058822	2.0896846668625426
RCSB-4UGH-4V4-KD:S0	RCSB-4UGH-4V4-KD	S0	construct-001-c5158f5b655d	c5158f5b655d67de07d6eb63e3de8d56dae628bbf9d60ddb27d479d5686cb629	O34453	4UGH	4V4	MIKRWQRFDGLBCF-UHFFFAOYSA-N	CNCCN(C)c1cccc(CCc2cc(C)cc(N)n2)c1	4.297052753818444	4UGH	9e3fb726f343659aec662a5dd81b671baeea53286589315d7a5fde2ca0c0640d	1	A	4UGK	7S9	128;129;132;216;217;218;235;236;237;238;239;240;243;248;254;329;357	128;129;132;216;217;218;235;236;237;238;239;240;243;248;254;329;357		query_holo_receptor	True	True	False	17.0	164.0	1.0	0.0	0.0	0.0	0.0	0.058823529411764705	0.058823529411764705	0.058823529411764705	0.058823529411764705	0.11764705882352941	0.0	0.0	0.058823529411764705	0.11764705882352941	0.058823529411764705	0.058823529411764705	0.11764705882352941	0.0	0.0	0.0	0.11764705882352941	0.11764705882352941	0.0	0.6646341463414634	0.18292682926829268	0.14634146341463414	0.006097560975609756	0.0	0.0	0.0	9.248847451567634	16.13467520686565	23.503	22.732000000000003	21.225	5.872060863067365	5.323101464947771	4.767040087588165	0.007352941176470588	0.1323529411764706	0.08088235294117647	0.1323529411764706	0.14705882352941177	0.3161764705882353	0.16176470588235295	0.022058823529411766	0.0	0.22058823529411764	3.5294117647058822	2.0896846668625426
RCSB-4UGH-4V4-KD:S1	RCSB-4UGH-4V4-KD	S1	construct-001-c5158f5b655d	c5158f5b655d67de07d6eb63e3de8d56dae628bbf9d60ddb27d479d5686cb629	O34453	4UGH	4V4	MIKRWQRFDGLBCF-UHFFFAOYSA-N	CNCCN(C)c1cccc(CCc2cc(C)cc(N)n2)c1	4.297052753818444	4UGK	af615401a6f202a7ed5c757dfb8a0c327890e05b460e0f1d3bb0cb52e4bd06c9	1	A	4UGK	7S9	128;129;132;216;217;218;235;236;237;238;239;240;243;248;254;329;357	128;129;132;216;217;218;235;236;237;238;239;240;243;248;254;329;357		fixed_historical_reference_receptor	False	True	False	17.0	164.0	1.0	0.0	0.0	0.0	0.0	0.058823529411764705	0.058823529411764705	0.058823529411764705	0.058823529411764705	0.11764705882352941	0.0	0.0	0.058823529411764705	0.11764705882352941	0.058823529411764705	0.058823529411764705	0.11764705882352941	0.0	0.0	0.0	0.11764705882352941	0.11764705882352941	0.0	0.6646341463414634	0.18292682926829268	0.14634146341463414	0.006097560975609756	0.0	0.0	0.0	9.23482341487595	16.167067683907902	23.477	22.57	21.189	5.868797469455951	5.329172397279162	4.7369928569216135	0.007352941176470588	0.125	0.08823529411764706	0.13970588235294118	0.14705882352941177	0.3088235294117647	0.16176470588235295	0.022058823529411766	0.0	0.22058823529411764	3.5294117647058822	2.0896846668625426
RCSB-4UGL-S90-KD:S0	RCSB-4UGL-S90-KD	S0	construct-001-c5158f5b655d	c5158f5b655d67de07d6eb63e3de8d56dae628bbf9d60ddb27d479d5686cb629	O34453	4UGL	S90	CZBLKBKVAIKTJH-UHFFFAOYSA-N	CNCCN(c1cc(F)cc(CCc2cc(C)cc(N)n2)c1)C1CC1	4.206628751081045	4UGL	3603f88423d103f8abf1d55393a77ecf77bafbdb54b3c48db13be2c8c4fcce90	1	A	4UGK	7S9	128;129;132;216;217;218;235;236;237;238;239;240;243;248;254;329;357	128;129;132;216;217;218;235;236;237;238;239;240;243;248;254;329;357		query_holo_receptor	True	True	False	17.0	164.0	1.0	0.0	0.0	0.0	0.0	0.058823529411764705	0.058823529411764705	0.058823529411764705	0.058823529411764705	0.11764705882352941	0.0	0.0	0.058823529411764705	0.11764705882352941	0.058823529411764705	0.058823529411764705	0.11764705882352941	0.0	0.0	0.0	0.11764705882352941	0.11764705882352941	0.0	0.6646341463414634	0.18292682926829268	0.14634146341463414	0.006097560975609756	0.0	0.0	0.0	9.255531425026843	16.117852885288542	23.45	22.762	21.205	5.878181877882265	5.304569431841784	4.793055696835337	0.014705882352941176	0.125	0.08088235294117647	0.1323529411764706	0.16911764705882354	0.2867647058823529	0.16911764705882354	0.022058823529411766	0.0	0.22058823529411764	3.5294117647058822	2.0896846668625426
RCSB-4UGL-S90-KD:S1	RCSB-4UGL-S90-KD	S1	construct-001-c5158f5b655d	c5158f5b655d67de07d6eb63e3de8d56dae628bbf9d60ddb27d479d5686cb629	O34453	4UGL	S90	CZBLKBKVAIKTJH-UHFFFAOYSA-N	CNCCN(c1cc(F)cc(CCc2cc(C)cc(N)n2)c1)C1CC1	4.206628751081045	4UGK	af615401a6f202a7ed5c757dfb8a0c327890e05b460e0f1d3bb0cb52e4bd06c9	1	A	4UGK	7S9	128;129;132;216;217;218;235;236;237;238;239;240;243;248;254;329;357	128;129;132;216;217;218;235;236;237;238;239;240;243;248;254;329;357		fixed_historical_reference_receptor	False	True	False	17.0	164.0	1.0	0.0	0.0	0.0	0.0	0.058823529411764705	0.058823529411764705	0.058823529411764705	0.058823529411764705	0.11764705882352941	0.0	0.0	0.058823529411764705	0.11764705882352941	0.058823529411764705	0.058823529411764705	0.11764705882352941	0.0	0.0	0.0	0.11764705882352941	0.11764705882352941	0.0	0.6646341463414634	0.18292682926829268	0.14634146341463414	0.006097560975609756	0.0	0.0	0.0	9.23482341487595	16.167067683907902	23.477	22.57	21.189	5.868797469455951	5.329172397279162	4.7369928569216135	0.007352941176470588	0.125	0.08823529411764706	0.13970588235294118	0.14705882352941177	0.3088235294117647	0.16176470588235295	0.022058823529411766	0.0	0.22058823529411764	3.5294117647058822	2.0896846668625426
RCSB-4UGD-Q14-KD:S0	RCSB-4UGD-Q14-KD	S0	construct-001-c5158f5b655d	c5158f5b655d67de07d6eb63e3de8d56dae628bbf9d60ddb27d479d5686cb629	O34453	4UGD	Q14	ZLWWYKPNQBCOKF-INIZCTEOSA-N	Cc1cc(N)nc(COCC[C@@H](CN)OCc2cc(C)cc(N)n2)c1	4.421360790031928	4UGD	bee0ac6ad1bc4ff391c3bb8a894159976b2ff777335808f5250ecd2697b70003	1	A	4UGK	7S9	128;129;132;216;217;218;235;236;237;238;239;240;243;248;254;329;357	128;129;132;216;217;218;235;236;237;238;239;240;243;248;254;329;357		query_holo_receptor	True	True	False	17.0	164.0	1.0	0.0	0.0	0.0	0.0	0.058823529411764705	0.058823529411764705	0.058823529411764705	0.058823529411764705	0.11764705882352941	0.0	0.0	0.058823529411764705	0.11764705882352941	0.058823529411764705	0.058823529411764705	0.11764705882352941	0.0	0.0	0.0	0.11764705882352941	0.11764705882352941	0.0	0.6646341463414634	0.18292682926829268	0.14634146341463414	0.006097560975609756	0.0	0.0	0.0	9.277797182255277	16.27368536370564	23.543	22.930999999999997	21.279999999999998	5.881639039599626	5.3187265027860775	4.816117850663802	0.014705882352941176	0.125	0.08088235294117647	0.13970588235294118	0.15441176470588236	0.29411764705882354	0.16911764705882354	0.022058823529411766	0.0	0.22058823529411764	3.5294117647058822	2.0896846668625426
RCSB-4UGD-Q14-KD:S1	RCSB-4UGD-Q14-KD	S1	construct-001-c5158f5b655d	c5158f5b655d67de07d6eb63e3de8d56dae628bbf9d60ddb27d479d5686cb629	O34453	4UGD	Q14	ZLWWYKPNQBCOKF-INIZCTEOSA-N	Cc1cc(N)nc(COCC[C@@H](CN)OCc2cc(C)cc(N)n2)c1	4.421360790031928	4UGK	af615401a6f202a7ed5c757dfb8a0c327890e05b460e0f1d3bb0cb52e4bd06c9	1	A	4UGK	7S9	128;129;132;216;217;218;235;236;237;238;239;240;243;248;254;329;357	128;129;132;216;217;218;235;236;237;238;239;240;243;248;254;329;357		fixed_historical_reference_receptor	False	True	False	17.0	164.0	1.0	0.0	0.0	0.0	0.0	0.058823529411764705	0.058823529411764705	0.058823529411764705	0.058823529411764705	0.11764705882352941	0.0	0.0	0.058823529411764705	0.11764705882352941	0.058823529411764705	0.058823529411764705	0.11764705882352941	0.0	0.0	0.0	0.11764705882352941	0.11764705882352941	0.0	0.6646341463414634	0.18292682926829268	0.14634146341463414	0.006097560975609756	0.0	0.0	0.0	9.23482341487595	16.167067683907902	23.477	22.57	21.189	5.868797469455951	5.329172397279162	4.7369928569216135	0.007352941176470588	0.125	0.08823529411764706	0.13970588235294118	0.14705882352941177	0.3088235294117647	0.16176470588235295	0.022058823529411766	0.0	0.22058823529411764	3.5294117647058822	2.0896846668625426
RCSB-4UGG-S5D-KD:S0	RCSB-4UGG-S5D-KD	S0	construct-001-c5158f5b655d	c5158f5b655d67de07d6eb63e3de8d56dae628bbf9d60ddb27d479d5686cb629	O34453	4UGG	S5D	HPGDXHOKQNTRIC-HXUWFJFHSA-N	Cc1cc(N)nc(CCc2cccc([C@H](N)Cc3cc(C)cc(N)n3)c2)c1	4.59176003468815	4UGG	f454f958ad1c78c0d8838638aae789fc5e879640ea2b84b1eb126dca117ed90c	1	A	4UGK	7S9	128;129;132;216;217;218;235;236;237;238;239;240;243;248;254;329;357	128;129;132;216;217;218;235;236;237;238;239;240;243;248;254;329;357		query_holo_receptor	True	True	False	17.0	164.0	1.0	0.0	0.0	0.0	0.0	0.058823529411764705	0.058823529411764705	0.058823529411764705	0.058823529411764705	0.11764705882352941	0.0	0.0	0.058823529411764705	0.11764705882352941	0.058823529411764705	0.058823529411764705	0.11764705882352941	0.0	0.0	0.0	0.11764705882352941	0.11764705882352941	0.0	0.6646341463414634	0.18292682926829268	0.14634146341463414	0.006097560975609756	0.0	0.0	0.0	9.303331788031347	16.175248635940296	23.311999999999998	22.327999999999996	21.154	5.995136599031729	5.407265700892331	4.622964109432194	0.014705882352941176	0.125	0.08088235294117647	0.125	0.13970588235294118	0.3235294117647059	0.16176470588235295	0.029411764705882353	0.0	0.22058823529411764	3.5294117647058822	2.0896846668625426
RCSB-4UGG-S5D-KD:S1	RCSB-4UGG-S5D-KD	S1	construct-001-c5158f5b655d	c5158f5b655d67de07d6eb63e3de8d56dae628bbf9d60ddb27d479d5686cb629	O34453	4UGG	S5D	HPGDXHOKQNTRIC-HXUWFJFHSA-N	Cc1cc(N)nc(CCc2cccc([C@H](N)Cc3cc(C)cc(N)n3)c2)c1	4.59176003468815	4UGK	af615401a6f202a7ed5c757dfb8a0c327890e05b460e0f1d3bb0cb52e4bd06c9	1	A	4UGK	7S9	128;129;132;216;217;218;235;236;237;238;239;240;243;248;254;329;357	128;129;132;216;217;218;235;236;237;238;239;240;243;248;254;329;357		fixed_historical_reference_receptor	False	True	False	17.0	164.0	1.0	0.0	0.0	0.0	0.0	0.058823529411764705	0.058823529411764705	0.058823529411764705	0.058823529411764705	0.11764705882352941	0.0	0.0	0.058823529411764705	0.11764705882352941	0.058823529411764705	0.058823529411764705	0.11764705882352941	0.0	0.0	0.0	0.11764705882352941	0.11764705882352941	0.0	0.6646341463414634	0.18292682926829268	0.14634146341463414	0.006097560975609756	0.0	0.0	0.0	9.23482341487595	16.167067683907902	23.477	22.57	21.189	5.868797469455951	5.329172397279162	4.7369928569216135	0.007352941176470588	0.125	0.08823529411764706	0.13970588235294118	0.14705882352941177	0.3088235294117647	0.16176470588235295	0.022058823529411766	0.0	0.22058823529411764	3.5294117647058822	2.0896846668625426
RCSB-4UG9-1EW-KD:S0	RCSB-4UG9-1EW-KD	S0	construct-001-c5158f5b655d	c5158f5b655d67de07d6eb63e3de8d56dae628bbf9d60ddb27d479d5686cb629	O34453	4UG9	1EW	KSYDDSWEHNSQGZ-UHFFFAOYSA-N	Cc1cc(N)nc(CCc2ccc(CCCN)c(CCc3cc(C)cc(N)n3)c2)c1	5.064996848546345	4UG9	eaf60595f07c0961379c8aeebb4c25d035d3d34736056c38db20dd5a213ddebd	1	A	4UGK	7S9	128;129;132;216;217;218;235;236;237;238;239;240;243;248;254;329;357	128;129;132;216;217;218;235;236;237;238;239;240;243;248;254;329;357		query_holo_receptor	True	True	False	17.0	164.0	1.0	0.0	0.0	0.0	0.0	0.058823529411764705	0.058823529411764705	0.058823529411764705	0.058823529411764705	0.11764705882352941	0.0	0.0	0.058823529411764705	0.11764705882352941	0.058823529411764705	0.058823529411764705	0.11764705882352941	0.0	0.0	0.0	0.11764705882352941	0.11764705882352941	0.0	0.6646341463414634	0.18292682926829268	0.14634146341463414	0.006097560975609756	0.0	0.0	0.0	9.252469082510158	16.142701977655072	23.444	22.732	21.155	5.847729608405651	5.314452316935033	4.813402031911124	0.014705882352941176	0.125	0.08088235294117647	0.1323529411764706	0.16911764705882354	0.29411764705882354	0.16176470588235295	0.022058823529411766	0.0	0.22058823529411764	3.5294117647058822	2.0896846668625426
RCSB-4UG9-1EW-KD:S1	RCSB-4UG9-1EW-KD	S1	construct-001-c5158f5b655d	c5158f5b655d67de07d6eb63e3de8d56dae628bbf9d60ddb27d479d5686cb629	O34453	4UG9	1EW	KSYDDSWEHNSQGZ-UHFFFAOYSA-N	Cc1cc(N)nc(CCc2ccc(CCCN)c(CCc3cc(C)cc(N)n3)c2)c1	5.064996848546345	4UGK	af615401a6f202a7ed5c757dfb8a0c327890e05b460e0f1d3bb0cb52e4bd06c9	1	A	4UGK	7S9	128;129;132;216;217;218;235;236;237;238;239;240;243;248;254;329;357	128;129;132;216;217;218;235;236;237;238;239;240;243;248;254;329;357		fixed_historical_reference_receptor	False	True	False	17.0	164.0	1.0	0.0	0.0	0.0	0.0	0.058823529411764705	0.058823529411764705	0.058823529411764705	0.058823529411764705	0.11764705882352941	0.0	0.0	0.058823529411764705	0.11764705882352941	0.058823529411764705	0.058823529411764705	0.11764705882352941	0.0	0.0	0.0	0.11764705882352941	0.11764705882352941	0.0	0.6646341463414634	0.18292682926829268	0.14634146341463414	0.006097560975609756	0.0	0.0	0.0	9.23482341487595	16.167067683907902	23.477	22.57	21.189	5.868797469455951	5.329172397279162	4.7369928569216135	0.007352941176470588	0.125	0.08823529411764706	0.13970588235294118	0.14705882352941177	0.3088235294117647	0.16176470588235295	0.022058823529411766	0.0	0.22058823529411764	3.5294117647058822	2.0896846668625426
RCSB-4UGC-1Q6-KD:S0	RCSB-4UGC-1Q6-KD	S0	construct-001-c5158f5b655d	c5158f5b655d67de07d6eb63e3de8d56dae628bbf9d60ddb27d479d5686cb629	O34453	4UGC	1Q6	FVCUZJIKIIWHJD-HNNXBMFYSA-N	Cc1cc(N)nc(COC[C@H](CN)OCc2cc(C)cc(N)n2)c1	4.728158393463501	4UGC	58da9a8142317354a205c8063301f8f9ee5f9e3d3582a03eebb8724e627fee3f	1	A	4UGK	7S9	128;129;132;216;217;218;235;236;237;238;239;240;243;248;254;329;357	128;129;132;216;217;218;235;236;237;238;239;240;243;248;254;329;357		query_holo_receptor	True	True	False	17.0	164.0	1.0	0.0	0.0	0.0	0.0	0.058823529411764705	0.058823529411764705	0.058823529411764705	0.058823529411764705	0.11764705882352941	0.0	0.0	0.058823529411764705	0.11764705882352941	0.058823529411764705	0.058823529411764705	0.11764705882352941	0.0	0.0	0.0	0.11764705882352941	0.11764705882352941	0.0	0.6646341463414634	0.18292682926829268	0.14634146341463414	0.006097560975609756	0.0	0.0	0.0	9.246107763579696	16.15461107071978	23.448999999999998	22.715	21.163	5.8729639158417015	5.3164131515763575	4.76807663746043	0.007352941176470588	0.1323529411764706	0.08088235294117647	0.13970588235294118	0.14705882352941177	0.3088235294117647	0.16176470588235295	0.022058823529411766	0.0	0.22058823529411764	3.5294117647058822	2.0896846668625426
RCSB-4UGC-1Q6-KD:S1	RCSB-4UGC-1Q6-KD	S1	construct-001-c5158f5b655d	c5158f5b655d67de07d6eb63e3de8d56dae628bbf9d60ddb27d479d5686cb629	O34453	4UGC	1Q6	FVCUZJIKIIWHJD-HNNXBMFYSA-N	Cc1cc(N)nc(COC[C@H](CN)OCc2cc(C)cc(N)n2)c1	4.728158393463501	4UGK	af615401a6f202a7ed5c757dfb8a0c327890e05b460e0f1d3bb0cb52e4bd06c9	1	A	4UGK	7S9	128;129;132;216;217;218;235;236;237;238;239;240;243;248;254;329;357	128;129;132;216;217;218;235;236;237;238;239;240;243;248;254;329;357		fixed_historical_reference_receptor	False	True	False	17.0	164.0	1.0	0.0	0.0	0.0	0.0	0.058823529411764705	0.058823529411764705	0.058823529411764705	0.058823529411764705	0.11764705882352941	0.0	0.0	0.058823529411764705	0.11764705882352941	0.058823529411764705	0.058823529411764705	0.11764705882352941	0.0	0.0	0.0	0.11764705882352941	0.11764705882352941	0.0	0.6646341463414634	0.18292682926829268	0.14634146341463414	0.006097560975609756	0.0	0.0	0.0	9.23482341487595	16.167067683907902	23.477	22.57	21.189	5.868797469455951	5.329172397279162	4.7369928569216135	0.007352941176470588	0.125	0.08823529411764706	0.13970588235294118	0.14705882352941177	0.3088235294117647	0.16176470588235295	0.022058823529411766	0.0	0.22058823529411764	3.5294117647058822	2.0896846668625426
RCSB-4UGO-1QF-KD:S0	RCSB-4UGO-1QF-KD	S0	construct-001-c5158f5b655d	c5158f5b655d67de07d6eb63e3de8d56dae628bbf9d60ddb27d479d5686cb629	O34453	4UGO	1QF	ZAOJVZLLICOZMJ-UHFFFAOYSA-N	[H]/N=C(/Nc1ccc(CCN(CC)Cc2cccc(N/C(=N/[H])c3cccs3)c2)cc1)c1cccs1	4.205511953340831	4UGO	d8c87a3a0ebb994fa812699eae8290882a0a19b8f7b24b7627d0fbbc77afb492	1	A	4UGK	7S9	128;129;132;216;217;218;235;236;237;238;239;240;243;248;254;329;357	128;129;132;216;217;218;235;236;237;238;239;240;243;248;254;329;357		query_holo_receptor	True	True	False	17.0	164.0	1.0	0.0	0.0	0.0	0.0	0.058823529411764705	0.058823529411764705	0.058823529411764705	0.058823529411764705	0.11764705882352941	0.0	0.0	0.058823529411764705	0.11764705882352941	0.058823529411764705	0.058823529411764705	0.11764705882352941	0.0	0.0	0.0	0.11764705882352941	0.11764705882352941	0.0	0.6646341463414634	0.18292682926829268	0.14634146341463414	0.006097560975609756	0.0	0.0	0.0	9.28448233418663	16.13719739130475	23.365	22.743999999999996	21.482999999999997	5.867567167471858	5.351822389174197	4.809497360823031	0.014705882352941176	0.125	0.08088235294117647	0.1323529411764706	0.15441176470588236	0.29411764705882354	0.17647058823529413	0.022058823529411766	0.0	0.22058823529411764	3.5294117647058822	2.0896846668625426
RCSB-4UGO-1QF-KD:S1	RCSB-4UGO-1QF-KD	S1	construct-001-c5158f5b655d	c5158f5b655d67de07d6eb63e3de8d56dae628bbf9d60ddb27d479d5686cb629	O34453	4UGO	1QF	ZAOJVZLLICOZMJ-UHFFFAOYSA-N	[H]/N=C(/Nc1ccc(CCN(CC)Cc2cccc(N/C(=N/[H])c3cccs3)c2)cc1)c1cccs1	4.205511953340831	4UGK	af615401a6f202a7ed5c757dfb8a0c327890e05b460e0f1d3bb0cb52e4bd06c9	1	A	4UGK	7S9	128;129;132;216;217;218;235;236;237;238;239;240;243;248;254;329;357	128;129;132;216;217;218;235;236;237;238;239;240;243;248;254;329;357		fixed_historical_reference_receptor	False	True	False	17.0	164.0	1.0	0.0	0.0	0.0	0.0	0.058823529411764705	0.058823529411764705	0.058823529411764705	0.058823529411764705	0.11764705882352941	0.0	0.0	0.058823529411764705	0.11764705882352941	0.058823529411764705	0.058823529411764705	0.11764705882352941	0.0	0.0	0.0	0.11764705882352941	0.11764705882352941	0.0	0.6646341463414634	0.18292682926829268	0.14634146341463414	0.006097560975609756	0.0	0.0	0.0	9.23482341487595	16.167067683907902	23.477	22.57	21.189	5.868797469455951	5.329172397279162	4.7369928569216135	0.007352941176470588	0.125	0.08823529411764706	0.13970588235294118	0.14705882352941177	0.3088235294117647	0.16176470588235295	0.022058823529411766	0.0	0.22058823529411764	3.5294117647058822	2.0896846668625426
RCSB-4UGB-QJ7-KD:S0	RCSB-4UGB-QJ7-KD	S0	construct-001-c5158f5b655d	c5158f5b655d67de07d6eb63e3de8d56dae628bbf9d60ddb27d479d5686cb629	O34453	4UGB	QJ7	IGLNPZZNPBQOMM-UHFFFAOYSA-N	Cc1cc(N)nc(COc2cncc(CNCCc3cccc(F)c3)c2)c1	3.6252516539898965	4UGB	32a09b2a9526fe491bcc99148b6a51eb798ff2a886c31ccc8b285d264eb9bd97	1	A	4UGK	7S9	128;129;132;216;217;218;235;236;237;238;239;240;243;248;254;329;357	128;129;132;216;217;218;235;236;237;238;239;240;243;248;254;329;357		query_holo_receptor	True	True	False	17.0	164.0	1.0	0.0	0.0	0.0	0.0	0.058823529411764705	0.058823529411764705	0.058823529411764705	0.058823529411764705	0.11764705882352941	0.0	0.0	0.058823529411764705	0.11764705882352941	0.058823529411764705	0.058823529411764705	0.11764705882352941	0.0	0.0	0.0	0.11764705882352941	0.11764705882352941	0.0	0.6646341463414634	0.18292682926829268	0.14634146341463414	0.006097560975609756	0.0	0.0	0.0	9.297482486540233	16.213587697429393	23.465	22.755000000000003	21.251	5.888274798933555	5.33573636563966	4.827143867356429	0.007352941176470588	0.125	0.08823529411764706	0.1323529411764706	0.13970588235294118	0.3161764705882353	0.16911764705882354	0.022058823529411766	0.0	0.22058823529411764	3.5294117647058822	2.0896846668625426
RCSB-4UGB-QJ7-KD:S1	RCSB-4UGB-QJ7-KD	S1	construct-001-c5158f5b655d	c5158f5b655d67de07d6eb63e3de8d56dae628bbf9d60ddb27d479d5686cb629	O34453	4UGB	QJ7	IGLNPZZNPBQOMM-UHFFFAOYSA-N	Cc1cc(N)nc(COc2cncc(CNCCc3cccc(F)c3)c2)c1	3.6252516539898965	4UGK	af615401a6f202a7ed5c757dfb8a0c327890e05b460e0f1d3bb0cb52e4bd06c9	1	A	4UGK	7S9	128;129;132;216;217;218;235;236;237;238;239;240;243;248;254;329;357	128;129;132;216;217;218;235;236;237;238;239;240;243;248;254;329;357		fixed_historical_reference_receptor	False	True	False	17.0	164.0	1.0	0.0	0.0	0.0	0.0	0.058823529411764705	0.058823529411764705	0.058823529411764705	0.058823529411764705	0.11764705882352941	0.0	0.0	0.058823529411764705	0.11764705882352941	0.058823529411764705	0.058823529411764705	0.11764705882352941	0.0	0.0	0.0	0.11764705882352941	0.11764705882352941	0.0	0.6646341463414634	0.18292682926829268	0.14634146341463414	0.006097560975609756	0.0	0.0	0.0	9.23482341487595	16.167067683907902	23.477	22.57	21.189	5.868797469455951	5.329172397279162	4.7369928569216135	0.007352941176470588	0.125	0.08823529411764706	0.13970588235294118	0.14705882352941177	0.3088235294117647	0.16176470588235295	0.022058823529411766	0.0	0.22058823529411764	3.5294117647058822	2.0896846668625426
RCSB-4UGN-H49-KD:S0	RCSB-4UGN-H49-KD	S0	construct-001-c5158f5b655d	c5158f5b655d67de07d6eb63e3de8d56dae628bbf9d60ddb27d479d5686cb629	O34453	4UGN	H49	MRTCFHYZEYSLIF-HNNXBMFYSA-N	N=C(Nc1cccc(CNC[C@@H]2CCCN2)c1)c1cccs1	4.749579997691106	4UGN	afe63e29f1233e9e9644caa023cfbdd6c88393148a3912b43eb03b856d24d9e1	1	A	4UGK	7S9	128;129;132;216;217;218;235;236;237;238;239;240;243;248;254;329;357	128;129;132;216;217;218;235;236;237;238;239;240;243;248;254;329;357		query_holo_receptor	True	True	False	17.0	164.0	1.0	0.0	0.0	0.0	0.0	0.058823529411764705	0.058823529411764705	0.058823529411764705	0.058823529411764705	0.11764705882352941	0.0	0.0	0.058823529411764705	0.11764705882352941	0.058823529411764705	0.058823529411764705	0.11764705882352941	0.0	0.0	0.0	0.11764705882352941	0.11764705882352941	0.0	0.6646341463414634	0.18292682926829268	0.14634146341463414	0.006097560975609756	0.0	0.0	0.0	9.289254186605058	16.182376103961225	23.424	22.405	21.472	5.894285553530803	5.314542151955417	4.827347394986893	0.014705882352941176	0.125	0.08088235294117647	0.1323529411764706	0.16176470588235295	0.2867647058823529	0.17647058823529413	0.022058823529411766	0.0	0.22058823529411764	3.5294117647058822	2.0896846668625426
RCSB-4UGN-H49-KD:S1	RCSB-4UGN-H49-KD	S1	construct-001-c5158f5b655d	c5158f5b655d67de07d6eb63e3de8d56dae628bbf9d60ddb27d479d5686cb629	O34453	4UGN	H49	MRTCFHYZEYSLIF-HNNXBMFYSA-N	N=C(Nc1cccc(CNC[C@@H]2CCCN2)c1)c1cccs1	4.749579997691106	4UGK	af615401a6f202a7ed5c757dfb8a0c327890e05b460e0f1d3bb0cb52e4bd06c9	1	A	4UGK	7S9	128;129;132;216;217;218;235;236;237;238;239;240;243;248;254;329;357	128;129;132;216;217;218;235;236;237;238;239;240;243;248;254;329;357		fixed_historical_reference_receptor	False	True	False	17.0	164.0	1.0	0.0	0.0	0.0	0.0	0.058823529411764705	0.058823529411764705	0.058823529411764705	0.058823529411764705	0.11764705882352941	0.0	0.0	0.058823529411764705	0.11764705882352941	0.058823529411764705	0.058823529411764705	0.11764705882352941	0.0	0.0	0.0	0.11764705882352941	0.11764705882352941	0.0	0.6646341463414634	0.18292682926829268	0.14634146341463414	0.006097560975609756	0.0	0.0	0.0	9.23482341487595	16.167067683907902	23.477	22.57	21.189	5.868797469455951	5.329172397279162	4.7369928569216135	0.007352941176470588	0.125	0.08823529411764706	0.13970588235294118	0.14705882352941177	0.3088235294117647	0.16176470588235295	0.022058823529411766	0.0	0.22058823529411764	3.5294117647058822	2.0896846668625426
RCSB-5MYG-LS8-KD:S0	RCSB-5MYG-LS8-KD	S0	construct-002-cb5cf2af5e4a	cb5cf2af5e4a32c1730465cc84d1a4fc938ebaf2c2deaea72f5d7152c64279e9	P55201	5MYG	LS8	UEMQPCYDWCSVCU-UHFFFAOYSA-N	COc1cc(C#N)ccc1S(=O)(=O)Nc1ccc2c(c1)cc(C)c(=O)n2C	7.508638306165727	5MYG	e263f0930fbc5b0564799d8a3e0872e24d53168002cc46030cdfa4c5f1a90eb5	1	A	5ETB	5RO	28;29;33;34;37;38;41;76;79;80;83;84;90	28;29;33;34;37;38;41;76;79;80;83;84;90		query_holo_receptor	True	True	False	13.0	114.0	1.0	0.0	0.0	0.07692307692307693	0.0	0.07692307692307693	0.15384615384615385	0.0	0.0	0.15384615384615385	0.0	0.0	0.0	0.15384615384615385	0.07692307692307693	0.0	0.0	0.0	0.0	0.15384615384615385	0.0	0.15384615384615385	0.0	0.6929824561403509	0.13157894736842105	0.16666666666666666	0.008771929824561403	0.0	0.0	0.0	7.3099478105785805	12.5657056331608	19.601	16.329	15.186	5.077985017227929	4.062802676181257	3.3381191669270387	0.01282051282051282	0.14102564102564102	0.14102564102564102	0.21794871794871795	0.20512820512820512	0.2564102564102564	0.02564102564102564	0.0	0.0	0.2948717948717949	3.5384615384615383	1.1512791959304434
RCSB-5MYG-LS8-KD:S1	RCSB-5MYG-LS8-KD	S1	construct-002-cb5cf2af5e4a	cb5cf2af5e4a32c1730465cc84d1a4fc938ebaf2c2deaea72f5d7152c64279e9	P55201	5MYG	LS8	UEMQPCYDWCSVCU-UHFFFAOYSA-N	COc1cc(C#N)ccc1S(=O)(=O)Nc1ccc2c(c1)cc(C)c(=O)n2C	7.508638306165727	5ETB	5d7376a3d2bfee40234d6380156f171c8de9de50f546105e3cbe547384d2c9f7	1	A	5ETB	5RO	28;29;33;34;37;38;41;76;79;80;83;84;90	28;29;33;34;37;38;41;76;79;80;83;84;90		fixed_historical_reference_receptor	False	True	False	13.0	114.0	1.0	0.0	0.0	0.07692307692307693	0.0	0.07692307692307693	0.15384615384615385	0.0	0.0	0.15384615384615385	0.0	0.0	0.0	0.15384615384615385	0.07692307692307693	0.0	0.0	0.0	0.0	0.15384615384615385	0.0	0.15384615384615385	0.0	0.6929824561403509	0.13157894736842105	0.16666666666666666	0.008771929824561403	0.0	0.0	0.0	7.344306675745451	10.775206480537387	18.146	17.257	14.212	5.139191889788182	4.046741092603404	3.3393762586401636	0.02564102564102564	0.15384615384615385	0.1282051282051282	0.1794871794871795	0.24358974358974358	0.24358974358974358	0.02564102564102564	0.0	0.0	0.3076923076923077	3.6923076923076925	1.065877420042386
RCSB-5EWH-5SG-KD:S0	RCSB-5EWH-5SG-KD	S0	construct-002-cb5cf2af5e4a	cb5cf2af5e4a32c1730465cc84d1a4fc938ebaf2c2deaea72f5d7152c64279e9	P55201	5EWH	5SG	CSNXUYRHPXGSJD-UHFFFAOYSA-N	Oc1cccc2cnccc12	3.769551078621726	5EWH	3d43a27c5992111783252ce7bf55eb79f08703a7d770bd56649e5b6e82d114bb	1	A	5ETB	5RO	28;29;33;34;37;38;41;76;79;80;83;84;90	28;29;33;34;37;38;41;76;79;80;83;84;90		query_holo_receptor	True	True	False	13.0	114.0	1.0	0.0	0.0	0.07692307692307693	0.0	0.07692307692307693	0.15384615384615385	0.0	0.0	0.15384615384615385	0.0	0.0	0.0	0.15384615384615385	0.07692307692307693	0.0	0.0	0.0	0.0	0.15384615384615385	0.0	0.15384615384615385	0.0	0.6929824561403509	0.13157894736842105	0.16666666666666666	0.008771929824561403	0.0	0.0	0.0	7.331385405784096	11.462410370665506	18.822	17.248	14.120999999999999	5.073327871363679	4.104839512315809	3.340785664468681	0.02564102564102564	0.14102564102564102	0.1282051282051282	0.19230769230769232	0.23076923076923078	0.2564102564102564	0.02564102564102564	0.0	0.0	0.2948717948717949	3.5384615384615383	1.1512791959304434
RCSB-5EWH-5SG-KD:S1	RCSB-5EWH-5SG-KD	S1	construct-002-cb5cf2af5e4a	cb5cf2af5e4a32c1730465cc84d1a4fc938ebaf2c2deaea72f5d7152c64279e9	P55201	5EWH	5SG	CSNXUYRHPXGSJD-UHFFFAOYSA-N	Oc1cccc2cnccc12	3.769551078621726	5ETB	5d7376a3d2bfee40234d6380156f171c8de9de50f546105e3cbe547384d2c9f7	1	A	5ETB	5RO	28;29;33;34;37;38;41;76;79;80;83;84;90	28;29;33;34;37;38;41;76;79;80;83;84;90		fixed_historical_reference_receptor	False	True	False	13.0	114.0	1.0	0.0	0.0	0.07692307692307693	0.0	0.07692307692307693	0.15384615384615385	0.0	0.0	0.15384615384615385	0.0	0.0	0.0	0.15384615384615385	0.07692307692307693	0.0	0.0	0.0	0.0	0.15384615384615385	0.0	0.15384615384615385	0.0	0.6929824561403509	0.13157894736842105	0.16666666666666666	0.008771929824561403	0.0	0.0	0.0	7.344306675745451	10.775206480537387	18.146	17.257	14.212	5.139191889788182	4.046741092603404	3.3393762586401636	0.02564102564102564	0.15384615384615385	0.1282051282051282	0.1794871794871795	0.24358974358974358	0.24358974358974358	0.02564102564102564	0.0	0.0	0.3076923076923077	3.6923076923076925	1.065877420042386
RCSB-5C85-4YO-KD:S0	RCSB-5C85-4YO-KD	S0	construct-002-cb5cf2af5e4a	cb5cf2af5e4a32c1730465cc84d1a4fc938ebaf2c2deaea72f5d7152c64279e9	P55201	5C85	4YO	AFHCUZXZHPMRQJ-UHFFFAOYSA-N	O=C1CNc2cc(Br)ccc2N1	3.9788107009300617	5C85	2ef92e2d8af29ced133521f783c9fb819906d9949e25790b22cd95154a4e3c57	1	A	5ETB	5RO	28;29;33;34;37;38;41;76;79;80;83;84;90	28;29;33;34;37;38;41;76;79;80;83;84;90		query_holo_receptor	True	True	False	13.0	114.0	1.0	0.0	0.0	0.07692307692307693	0.0	0.07692307692307693	0.15384615384615385	0.0	0.0	0.15384615384615385	0.0	0.0	0.0	0.15384615384615385	0.07692307692307693	0.0	0.0	0.0	0.0	0.15384615384615385	0.0	0.15384615384615385	0.0	0.6929824561403509	0.13157894736842105	0.16666666666666666	0.008771929824561403	0.0	0.0	0.0	7.284031160315313	11.530763979472148	18.751	17.613999999999997	15.648	5.028979028503832	4.079351110654941	3.335472139189803	0.02564102564102564	0.14102564102564102	0.14102564102564102	0.1794871794871795	0.24358974358974358	0.24358974358974358	0.02564102564102564	0.0	0.0	0.3076923076923077	3.6923076923076925	1.065877420042386
RCSB-5C85-4YO-KD:S1	RCSB-5C85-4YO-KD	S1	construct-002-cb5cf2af5e4a	cb5cf2af5e4a32c1730465cc84d1a4fc938ebaf2c2deaea72f5d7152c64279e9	P55201	5C85	4YO	AFHCUZXZHPMRQJ-UHFFFAOYSA-N	O=C1CNc2cc(Br)ccc2N1	3.9788107009300617	5ETB	5d7376a3d2bfee40234d6380156f171c8de9de50f546105e3cbe547384d2c9f7	1	A	5ETB	5RO	28;29;33;34;37;38;41;76;79;80;83;84;90	28;29;33;34;37;38;41;76;79;80;83;84;90		fixed_historical_reference_receptor	False	True	False	13.0	114.0	1.0	0.0	0.0	0.07692307692307693	0.0	0.07692307692307693	0.15384615384615385	0.0	0.0	0.15384615384615385	0.0	0.0	0.0	0.15384615384615385	0.07692307692307693	0.0	0.0	0.0	0.0	0.15384615384615385	0.0	0.15384615384615385	0.0	0.6929824561403509	0.13157894736842105	0.16666666666666666	0.008771929824561403	0.0	0.0	0.0	7.344306675745451	10.775206480537387	18.146	17.257	14.212	5.139191889788182	4.046741092603404	3.3393762586401636	0.02564102564102564	0.15384615384615385	0.1282051282051282	0.1794871794871795	0.24358974358974358	0.24358974358974358	0.02564102564102564	0.0	0.0	0.3076923076923077	3.6923076923076925	1.065877420042386
RCSB-5O4S-9KW-KD:S0	RCSB-5O4S-9KW-KD	S0	construct-002-cb5cf2af5e4a	cb5cf2af5e4a32c1730465cc84d1a4fc938ebaf2c2deaea72f5d7152c64279e9	P55201	5O4S	9KW	HKFDPIBCGYGLOO-UHFFFAOYSA-N	Cn1c(=O)c(=O)n(C)c2cc(N3CCOCC3)c(NS(=O)(=O)c3ccc4c(c3)CCCC4)cc21	5.6020599913279625	5O4S	da2253268557b9e546c150e27c39ec138f8b49ef9f0401c614063e6246f58e75	1	A	5ETB	5RO	28;29;33;34;37;38;41;76;79;80;83;84;90	28;29;33;34;37;38;41;76;79;80;83;84;90		query_holo_receptor	True	True	False	13.0	114.0	1.0	0.0	0.0	0.07692307692307693	0.0	0.07692307692307693	0.15384615384615385	0.0	0.0	0.15384615384615385	0.0	0.0	0.0	0.15384615384615385	0.07692307692307693	0.0	0.0	0.0	0.0	0.15384615384615385	0.0	0.15384615384615385	0.0	0.6929824561403509	0.13157894736842105	0.16666666666666666	0.008771929824561403	0.0	0.0	0.0	7.4162397485883025	11.891457477853555	20.095	16.576999999999998	15.457	5.167881304493871	4.15521101523178	3.32081861144211	0.02564102564102564	0.1282051282051282	0.16666666666666666	0.19230769230769232	0.19230769230769232	0.2692307692307692	0.02564102564102564	0.0	0.0	0.32051282051282054	3.8461538461538463	1.166596222161777
RCSB-5O4S-9KW-KD:S1	RCSB-5O4S-9KW-KD	S1	construct-002-cb5cf2af5e4a	cb5cf2af5e4a32c1730465cc84d1a4fc938ebaf2c2deaea72f5d7152c64279e9	P55201	5O4S	9KW	HKFDPIBCGYGLOO-UHFFFAOYSA-N	Cn1c(=O)c(=O)n(C)c2cc(N3CCOCC3)c(NS(=O)(=O)c3ccc4c(c3)CCCC4)cc21	5.6020599913279625	5ETB	5d7376a3d2bfee40234d6380156f171c8de9de50f546105e3cbe547384d2c9f7	1	A	5ETB	5RO	28;29;33;34;37;38;41;76;79;80;83;84;90	28;29;33;34;37;38;41;76;79;80;83;84;90		fixed_historical_reference_receptor	False	True	False	13.0	114.0	1.0	0.0	0.0	0.07692307692307693	0.0	0.07692307692307693	0.15384615384615385	0.0	0.0	0.15384615384615385	0.0	0.0	0.0	0.15384615384615385	0.07692307692307693	0.0	0.0	0.0	0.0	0.15384615384615385	0.0	0.15384615384615385	0.0	0.6929824561403509	0.13157894736842105	0.16666666666666666	0.008771929824561403	0.0	0.0	0.0	7.344306675745451	10.775206480537387	18.146	17.257	14.212	5.139191889788182	4.046741092603404	3.3393762586401636	0.02564102564102564	0.15384615384615385	0.1282051282051282	0.1794871794871795	0.24358974358974358	0.24358974358974358	0.02564102564102564	0.0	0.0	0.3076923076923077	3.6923076923076925	1.065877420042386
RCSB-5EPR-5QY-KD:S0	RCSB-5EPR-5QY-KD	S0	construct-002-cb5cf2af5e4a	cb5cf2af5e4a32c1730465cc84d1a4fc938ebaf2c2deaea72f5d7152c64279e9	P55201	5EPR	5QY	BEAJCHFCYQOFGS-LURJTMIESA-N	C[C@@H]1Nc2ccccc2NC1=O	4.040958607678906	5EPR	b3ef4be2a1fb148f5119fd16751a41f0474f2cc2af745ec5157f1d0ef6735cb1	1	A	5ETB	5RO	28;29;33;34;37;38;41;76;79;80;83;84;90	28;29;33;34;37;38;41;76;79;80;83;84;90		query_holo_receptor	True	True	False	13.0	114.0	1.0	0.0	0.0	0.07692307692307693	0.0	0.07692307692307693	0.15384615384615385	0.0	0.0	0.15384615384615385	0.0	0.0	0.0	0.15384615384615385	0.07692307692307693	0.0	0.0	0.0	0.0	0.15384615384615385	0.0	0.15384615384615385	0.0	0.6929824561403509	0.13157894736842105	0.16666666666666666	0.008771929824561403	0.0	0.0	0.0	7.337457907813723	10.513743234544917	17.839	17.719	16.654	5.082843844337751	4.114263619201066	3.3280357381997123	0.02564102564102564	0.14102564102564102	0.14102564102564102	0.1794871794871795	0.24358974358974358	0.2564102564102564	0.01282051282051282	0.0	0.0	0.3076923076923077	3.6923076923076925	1.065877420042386
RCSB-5EPR-5QY-KD:S1	RCSB-5EPR-5QY-KD	S1	construct-002-cb5cf2af5e4a	cb5cf2af5e4a32c1730465cc84d1a4fc938ebaf2c2deaea72f5d7152c64279e9	P55201	5EPR	5QY	BEAJCHFCYQOFGS-LURJTMIESA-N	C[C@@H]1Nc2ccccc2NC1=O	4.040958607678906	5ETB	5d7376a3d2bfee40234d6380156f171c8de9de50f546105e3cbe547384d2c9f7	1	A	5ETB	5RO	28;29;33;34;37;38;41;76;79;80;83;84;90	28;29;33;34;37;38;41;76;79;80;83;84;90		fixed_historical_reference_receptor	False	True	False	13.0	114.0	1.0	0.0	0.0	0.07692307692307693	0.0	0.07692307692307693	0.15384615384615385	0.0	0.0	0.15384615384615385	0.0	0.0	0.0	0.15384615384615385	0.07692307692307693	0.0	0.0	0.0	0.0	0.15384615384615385	0.0	0.15384615384615385	0.0	0.6929824561403509	0.13157894736842105	0.16666666666666666	0.008771929824561403	0.0	0.0	0.0	7.344306675745451	10.775206480537387	18.146	17.257	14.212	5.139191889788182	4.046741092603404	3.3393762586401636	0.02564102564102564	0.15384615384615385	0.1282051282051282	0.1794871794871795	0.24358974358974358	0.24358974358974358	0.02564102564102564	0.0	0.0	0.3076923076923077	3.6923076923076925	1.065877420042386
RCSB-5OV8-AXN-KD:S0	RCSB-5OV8-AXN-KD	S0	construct-002-cb5cf2af5e4a	cb5cf2af5e4a32c1730465cc84d1a4fc938ebaf2c2deaea72f5d7152c64279e9	P55201	5OV8	AXN	SSZHAOLXDMZGQV-UHFFFAOYSA-N	CC(C)Cc1ccc(S(=O)(=O)Nc2cc3c(cc2N2CCCC2)n(C)c(=O)c(=O)n3C)cc1	4.7447274948966935	5OV8	7af4a749ce653ab43e1aaaa6e419e03dfbbb8ebc622377e889a930c223101731	1	A	5ETB	5RO	28;29;33;34;37;38;41;76;79;80;83;84;90	28;29;33;34;37;38;41;76;79;80;83;84;90		query_holo_receptor	True	True	False	13.0	114.0	1.0	0.0	0.0	0.07692307692307693	0.0	0.07692307692307693	0.15384615384615385	0.0	0.0	0.15384615384615385	0.0	0.0	0.0	0.15384615384615385	0.07692307692307693	0.0	0.0	0.0	0.0	0.15384615384615385	0.0	0.15384615384615385	0.0	0.6929824561403509	0.13157894736842105	0.16666666666666666	0.008771929824561403	0.0	0.0	0.0	7.407468359157573	11.704027416341143	19.842	16.663999999999998	15.587	5.159690814948083	4.161032978647994	3.306657335840043	0.02564102564102564	0.1282051282051282	0.15384615384615385	0.19230769230769232	0.20512820512820512	0.2692307692307692	0.02564102564102564	0.0	0.0	0.3076923076923077	3.6923076923076925	1.135755620017954
RCSB-5OV8-AXN-KD:S1	RCSB-5OV8-AXN-KD	S1	construct-002-cb5cf2af5e4a	cb5cf2af5e4a32c1730465cc84d1a4fc938ebaf2c2deaea72f5d7152c64279e9	P55201	5OV8	AXN	SSZHAOLXDMZGQV-UHFFFAOYSA-N	CC(C)Cc1ccc(S(=O)(=O)Nc2cc3c(cc2N2CCCC2)n(C)c(=O)c(=O)n3C)cc1	4.7447274948966935	5ETB	5d7376a3d2bfee40234d6380156f171c8de9de50f546105e3cbe547384d2c9f7	1	A	5ETB	5RO	28;29;33;34;37;38;41;76;79;80;83;84;90	28;29;33;34;37;38;41;76;79;80;83;84;90		fixed_historical_reference_receptor	False	True	False	13.0	114.0	1.0	0.0	0.0	0.07692307692307693	0.0	0.07692307692307693	0.15384615384615385	0.0	0.0	0.15384615384615385	0.0	0.0	0.0	0.15384615384615385	0.07692307692307693	0.0	0.0	0.0	0.0	0.15384615384615385	0.0	0.15384615384615385	0.0	0.6929824561403509	0.13157894736842105	0.16666666666666666	0.008771929824561403	0.0	0.0	0.0	7.344306675745451	10.775206480537387	18.146	17.257	14.212	5.139191889788182	4.046741092603404	3.3393762586401636	0.02564102564102564	0.15384615384615385	0.1282051282051282	0.1794871794871795	0.24358974358974358	0.24358974358974358	0.02564102564102564	0.0	0.0	0.3076923076923077	3.6923076923076925	1.065877420042386
RCSB-5O55-9L5-KD:S0	RCSB-5O55-9L5-KD	S0	construct-002-cb5cf2af5e4a	cb5cf2af5e4a32c1730465cc84d1a4fc938ebaf2c2deaea72f5d7152c64279e9	P55201	5O55	9L5	ZHMKNBFQCHDNKP-NSHDSACASA-N	CCn1c(=O)c(C)nc2cc(C(=O)N[C@@H](C)c3cnn(C)c3C)ccc21	4.698970004336019	5O55	702c65c41755ee43bd5d0a90d479dd67aa45930e03234dd96d6a6ea660536516	1	A	5ETB	5RO	28;29;33;34;37;38;41;76;79;80;83;84;90	28;29;33;34;37;38;41;76;79;80;83;84;90		query_holo_receptor	True	True	False	13.0	114.0	1.0	0.0	0.0	0.07692307692307693	0.0	0.07692307692307693	0.15384615384615385	0.0	0.0	0.15384615384615385	0.0	0.0	0.0	0.15384615384615385	0.07692307692307693	0.0	0.0	0.0	0.0	0.15384615384615385	0.0	0.15384615384615385	0.0	0.6929824561403509	0.13157894736842105	0.16666666666666666	0.008771929824561403	0.0	0.0	0.0	7.431934184610137	12.90086862280954	19.305	17.309	15.463000000000001	5.19224425361584	4.126981724248582	3.3529490277796112	0.01282051282051282	0.15384615384615385	0.14102564102564102	0.1794871794871795	0.20512820512820512	0.28205128205128205	0.02564102564102564	0.0	0.0	0.3076923076923077	3.6923076923076925	1.2015768732164083
RCSB-5O55-9L5-KD:S1	RCSB-5O55-9L5-KD	S1	construct-002-cb5cf2af5e4a	cb5cf2af5e4a32c1730465cc84d1a4fc938ebaf2c2deaea72f5d7152c64279e9	P55201	5O55	9L5	ZHMKNBFQCHDNKP-NSHDSACASA-N	CCn1c(=O)c(C)nc2cc(C(=O)N[C@@H](C)c3cnn(C)c3C)ccc21	4.698970004336019	5ETB	5d7376a3d2bfee40234d6380156f171c8de9de50f546105e3cbe547384d2c9f7	1	A	5ETB	5RO	28;29;33;34;37;38;41;76;79;80;83;84;90	28;29;33;34;37;38;41;76;79;80;83;84;90		fixed_historical_reference_receptor	False	True	False	13.0	114.0	1.0	0.0	0.0	0.07692307692307693	0.0	0.07692307692307693	0.15384615384615385	0.0	0.0	0.15384615384615385	0.0	0.0	0.0	0.15384615384615385	0.07692307692307693	0.0	0.0	0.0	0.0	0.15384615384615385	0.0	0.15384615384615385	0.0	0.6929824561403509	0.13157894736842105	0.16666666666666666	0.008771929824561403	0.0	0.0	0.0	7.344306675745451	10.775206480537387	18.146	17.257	14.212	5.139191889788182	4.046741092603404	3.3393762586401636	0.02564102564102564	0.15384615384615385	0.1282051282051282	0.1794871794871795	0.24358974358974358	0.24358974358974358	0.02564102564102564	0.0	0.0	0.3076923076923077	3.6923076923076925	1.065877420042386
RCSB-5D7X-XZ8-KD:S0	RCSB-5D7X-XZ8-KD	S0	construct-002-cb5cf2af5e4a	cb5cf2af5e4a32c1730465cc84d1a4fc938ebaf2c2deaea72f5d7152c64279e9	P55201	5D7X	XZ8	HCHHWOYUIPSLJH-UHFFFAOYSA-N	CC(=O)n1cc(-c2c(C)[nH][nH]c2=O)c2ccccc21	4.823908740944319	5D7X	e0284f9075d8f2c486760d3842d54c11fbefb6f6cfbc590de0bdccaf676212ca	1	A	5ETB	5RO	28;29;33;34;37;38;41;76;79;80;83;84;90	28;29;33;34;37;38;41;76;79;80;83;84;90		query_holo_receptor	True	True	False	13.0	114.0	1.0	0.0	0.0	0.07692307692307693	0.0	0.07692307692307693	0.15384615384615385	0.0	0.0	0.15384615384615385	0.0	0.0	0.0	0.15384615384615385	0.07692307692307693	0.0	0.0	0.0	0.0	0.15384615384615385	0.0	0.15384615384615385	0.0	0.6929824561403509	0.13157894736842105	0.16666666666666666	0.008771929824561403	0.0	0.0	0.0	7.350819997521699	10.546408930897728	17.663	17.255	14.325	5.176607078773481	3.9987974998120674	3.353641654001505	0.02564102564102564	0.14102564102564102	0.14102564102564102	0.19230769230769232	0.21794871794871795	0.2692307692307692	0.01282051282051282	0.0	0.0	0.3076923076923077	3.6923076923076925	1.065877420042386
RCSB-5D7X-XZ8-KD:S1	RCSB-5D7X-XZ8-KD	S1	construct-002-cb5cf2af5e4a	cb5cf2af5e4a32c1730465cc84d1a4fc938ebaf2c2deaea72f5d7152c64279e9	P55201	5D7X	XZ8	HCHHWOYUIPSLJH-UHFFFAOYSA-N	CC(=O)n1cc(-c2c(C)[nH][nH]c2=O)c2ccccc21	4.823908740944319	5ETB	5d7376a3d2bfee40234d6380156f171c8de9de50f546105e3cbe547384d2c9f7	1	A	5ETB	5RO	28;29;33;34;37;38;41;76;79;80;83;84;90	28;29;33;34;37;38;41;76;79;80;83;84;90		fixed_historical_reference_receptor	False	True	False	13.0	114.0	1.0	0.0	0.0	0.07692307692307693	0.0	0.07692307692307693	0.15384615384615385	0.0	0.0	0.15384615384615385	0.0	0.0	0.0	0.15384615384615385	0.07692307692307693	0.0	0.0	0.0	0.0	0.15384615384615385	0.0	0.15384615384615385	0.0	0.6929824561403509	0.13157894736842105	0.16666666666666666	0.008771929824561403	0.0	0.0	0.0	7.344306675745451	10.775206480537387	18.146	17.257	14.212	5.139191889788182	4.046741092603404	3.3393762586401636	0.02564102564102564	0.15384615384615385	0.1282051282051282	0.1794871794871795	0.24358974358974358	0.24358974358974358	0.02564102564102564	0.0	0.0	0.3076923076923077	3.6923076923076925	1.065877420042386
RCSB-5O5A-9LN-KD:S0	RCSB-5O5A-9LN-KD	S0	construct-002-cb5cf2af5e4a	cb5cf2af5e4a32c1730465cc84d1a4fc938ebaf2c2deaea72f5d7152c64279e9	P55201	5O5A	9LN	WOECCYJDFDPEPV-UHFFFAOYSA-N	CCn1c(=O)c(=O)[nH]c2cc(C(=O)N(C)Cc3cnn(-c4ccccc4)c3)ccc21	4.769551078621726	5O5A	b70f1fdeee919658f59a83047f36136852839e724355dd4af0c8bffc17214a80	1	A	5ETB	5RO	28;29;33;34;37;38;41;76;79;80;83;84;90	28;29;33;34;37;38;41;76;79;80;83;84;90		query_holo_receptor	True	True	False	13.0	114.0	1.0	0.0	0.0	0.07692307692307693	0.0	0.07692307692307693	0.15384615384615385	0.0	0.0	0.15384615384615385	0.0	0.0	0.0	0.15384615384615385	0.07692307692307693	0.0	0.0	0.0	0.0	0.15384615384615385	0.0	0.15384615384615385	0.0	0.6929824561403509	0.13157894736842105	0.16666666666666666	0.008771929824561403	0.0	0.0	0.0	7.447226550743016	12.51042330542239	20.011000000000003	16.885	14.355	5.303153153769726	4.034845176771011	3.325323191096116	0.02564102564102564	0.14102564102564102	0.1282051282051282	0.1794871794871795	0.23076923076923078	0.2564102564102564	0.038461538461538464	0.0	0.0	0.2948717948717949	3.5384615384615383	1.1512791959304434
RCSB-5O5A-9LN-KD:S1	RCSB-5O5A-9LN-KD	S1	construct-002-cb5cf2af5e4a	cb5cf2af5e4a32c1730465cc84d1a4fc938ebaf2c2deaea72f5d7152c64279e9	P55201	5O5A	9LN	WOECCYJDFDPEPV-UHFFFAOYSA-N	CCn1c(=O)c(=O)[nH]c2cc(C(=O)N(C)Cc3cnn(-c4ccccc4)c3)ccc21	4.769551078621726	5ETB	5d7376a3d2bfee40234d6380156f171c8de9de50f546105e3cbe547384d2c9f7	1	A	5ETB	5RO	28;29;33;34;37;38;41;76;79;80;83;84;90	28;29;33;34;37;38;41;76;79;80;83;84;90		fixed_historical_reference_receptor	False	True	False	13.0	114.0	1.0	0.0	0.0	0.07692307692307693	0.0	0.07692307692307693	0.15384615384615385	0.0	0.0	0.15384615384615385	0.0	0.0	0.0	0.15384615384615385	0.07692307692307693	0.0	0.0	0.0	0.0	0.15384615384615385	0.0	0.15384615384615385	0.0	0.6929824561403509	0.13157894736842105	0.16666666666666666	0.008771929824561403	0.0	0.0	0.0	7.344306675745451	10.775206480537387	18.146	17.257	14.212	5.139191889788182	4.046741092603404	3.3393762586401636	0.02564102564102564	0.15384615384615385	0.1282051282051282	0.1794871794871795	0.24358974358974358	0.24358974358974358	0.02564102564102564	0.0	0.0	0.3076923076923077	3.6923076923076925	1.065877420042386
RCSB-5EPS-5QX-KD:S0	RCSB-5EPS-5QX-KD	S0	construct-002-cb5cf2af5e4a	cb5cf2af5e4a32c1730465cc84d1a4fc938ebaf2c2deaea72f5d7152c64279e9	P55201	5EPS	5QX	JFWAVAHCZRTHLM-UHFFFAOYSA-N	CN1C(=O)CNc2ccccc21	4.42021640338319	5EPS	f3f181ba67e04fc4b70e83c0488d8f3310b3618497a9018fe01e650634bf13a6	1	A	5ETB	5RO	28;29;33;34;37;38;41;76;79;80;83;84;90	28;29;33;34;37;38;41;76;79;80;83;84;90		query_holo_receptor	True	True	False	13.0	114.0	1.0	0.0	0.0	0.07692307692307693	0.0	0.07692307692307693	0.15384615384615385	0.0	0.0	0.15384615384615385	0.0	0.0	0.0	0.15384615384615385	0.07692307692307693	0.0	0.0	0.0	0.0	0.15384615384615385	0.0	0.15384615384615385	0.0	0.6929824561403509	0.13157894736842105	0.16666666666666666	0.008771929824561403	0.0	0.0	0.0	7.246622150982306	10.512706960935727	17.558	17.064	16.317999999999998	5.028344672156056	4.017998777321842	3.3294095996959285	0.02564102564102564	0.14102564102564102	0.15384615384615385	0.1794871794871795	0.23076923076923078	0.2564102564102564	0.01282051282051282	0.0	0.0	0.32051282051282054	3.8461538461538463	1.0986812966989001
RCSB-5EPS-5QX-KD:S1	RCSB-5EPS-5QX-KD	S1	construct-002-cb5cf2af5e4a	cb5cf2af5e4a32c1730465cc84d1a4fc938ebaf2c2deaea72f5d7152c64279e9	P55201	5EPS	5QX	JFWAVAHCZRTHLM-UHFFFAOYSA-N	CN1C(=O)CNc2ccccc21	4.42021640338319	5ETB	5d7376a3d2bfee40234d6380156f171c8de9de50f546105e3cbe547384d2c9f7	1	A	5ETB	5RO	28;29;33;34;37;38;41;76;79;80;83;84;90	28;29;33;34;37;38;41;76;79;80;83;84;90		fixed_historical_reference_receptor	False	True	False	13.0	114.0	1.0	0.0	0.0	0.07692307692307693	0.0	0.07692307692307693	0.15384615384615385	0.0	0.0	0.15384615384615385	0.0	0.0	0.0	0.15384615384615385	0.07692307692307693	0.0	0.0	0.0	0.0	0.15384615384615385	0.0	0.15384615384615385	0.0	0.6929824561403509	0.13157894736842105	0.16666666666666666	0.008771929824561403	0.0	0.0	0.0	7.344306675745451	10.775206480537387	18.146	17.257	14.212	5.139191889788182	4.046741092603404	3.3393762586401636	0.02564102564102564	0.15384615384615385	0.1282051282051282	0.1794871794871795	0.24358974358974358	0.24358974358974358	0.02564102564102564	0.0	0.0	0.3076923076923077	3.6923076923076925	1.065877420042386
RCSB-4O76-1M3-KD:S0	RCSB-4O76-1M3-KD	S0	construct-003-fbf3f5c695a3	fbf3f5c695a3b8c47960f7f87595ade0ba42d8f497f2c0c835fe377069f49978	O60885	4O76	1M3	JVDOKQYTTYUYDV-UHFFFAOYSA-N	Cc1cnc(Nc2ccc(N3CCN(C)CC3)cc2)nc1Nc1cccc(S(=O)(=O)NC(C)(C)C)c1	6.910094888560602	4O76	d61dd09191415accfef93a505171ddbf990a73dfa845c7896b4f9e71454ae0e0	1	A	4E96	0NS	40;41;42;46;51;53;56;91;94;95;98;99;104;105;108	40;41;42;46;51;53;56;91;94;95;98;99;104;105;108		query_holo_receptor	True	True	False	15.0	133.0	1.0	0.0	0.0	0.06666666666666667	0.06666666666666667	0.0	0.06666666666666667	0.0	0.0	0.06666666666666667	0.0	0.13333333333333333	0.13333333333333333	0.13333333333333333	0.06666666666666667	0.0	0.0	0.0	0.0	0.06666666666666667	0.06666666666666667	0.13333333333333333	0.0	0.6842105263157895	0.13533834586466165	0.15789473684210525	0.022556390977443608	0.0	0.0	0.0	8.110196616552429	12.175052703050861	20.253	19.899	17.372	5.570227766888729	4.38134230999416	3.9435632804324654	0.01904761904761905	0.08571428571428572	0.1619047619047619	0.1619047619047619	0.17142857142857143	0.3333333333333333	0.06666666666666667	0.0	0.0	0.26666666666666666	3.7333333333333334	1.1813363431112902
RCSB-4O76-1M3-KD:S1	RCSB-4O76-1M3-KD	S1	construct-003-fbf3f5c695a3	fbf3f5c695a3b8c47960f7f87595ade0ba42d8f497f2c0c835fe377069f49978	O60885	4O76	1M3	JVDOKQYTTYUYDV-UHFFFAOYSA-N	Cc1cnc(Nc2ccc(N3CCN(C)CC3)cc2)nc1Nc1cccc(S(=O)(=O)NC(C)(C)C)c1	6.910094888560602	4E96	cac2652a577f953822137c3cc974f1f9dfe2179e3eafaf7876496661de863663	1	A	4E96	0NS	40;41;42;46;51;53;56;91;94;95;98;99;104;105;108	40;41;42;46;51;53;56;91;94;95;98;99;104;105;108		fixed_historical_reference_receptor	False	True	False	15.0	133.0	1.0	0.0	0.0	0.06666666666666667	0.06666666666666667	0.0	0.06666666666666667	0.0	0.0	0.06666666666666667	0.0	0.13333333333333333	0.13333333333333333	0.13333333333333333	0.06666666666666667	0.0	0.0	0.0	0.0	0.06666666666666667	0.06666666666666667	0.13333333333333333	0.0	0.6842105263157895	0.13533834586466165	0.15789473684210525	0.022556390977443608	0.0	0.0	0.0	7.904528132984564	11.737534185114658	18.805	18.562	17.998	5.434596537646252	4.217409270506145	3.893608162514126	0.01904761904761905	0.08571428571428572	0.17142857142857143	0.14285714285714285	0.24761904761904763	0.3142857142857143	0.01904761904761905	0.0	0.0	0.2761904761904762	3.8666666666666667	1.1469767022723503
RCSB-7MRA-ZMJ-KD:S0	RCSB-7MRA-ZMJ-KD	S0	construct-003-fbf3f5c695a3	fbf3f5c695a3b8c47960f7f87595ade0ba42d8f497f2c0c835fe377069f49978	O60885	7MRA	ZMJ	QIEVBHRUPLMWFP-UHFFFAOYSA-N	CCS(=O)(=O)Nc1cccc(-c2cn(C)c(=O)c3ccccc23)c1	7.086186147616283	7MRA	7a6c9629634dd3affe9cc85287defffe3ffc9aa4b2a9fa648b28c6ac9c25f478	1	A	4E96	0NS	40;41;42;46;51;53;56;91;94;95;98;99;104;105;108	40;41;42;46;51;53;56;91;94;95;98;99;104;105;108		query_holo_receptor	True	True	False	15.0	133.0	1.0	0.0	0.0	0.06666666666666667	0.06666666666666667	0.0	0.06666666666666667	0.0	0.0	0.06666666666666667	0.0	0.13333333333333333	0.13333333333333333	0.13333333333333333	0.06666666666666667	0.0	0.0	0.0	0.0	0.06666666666666667	0.06666666666666667	0.13333333333333333	0.0	0.6842105263157895	0.13533834586466165	0.15789473684210525	0.022556390977443608	0.0	0.0	0.0	8.035743279613525	11.573843732037329	19.089	18.983	17.549	5.662105911665256	4.201093459749703	3.8554559319732284	0.01904761904761905	0.08571428571428572	0.1619047619047619	0.14285714285714285	0.21904761904761905	0.3238095238095238	0.047619047619047616	0.0	0.0	0.26666666666666666	3.7333333333333334	1.1813363431112902
RCSB-7MRA-ZMJ-KD:S1	RCSB-7MRA-ZMJ-KD	S1	construct-003-fbf3f5c695a3	fbf3f5c695a3b8c47960f7f87595ade0ba42d8f497f2c0c835fe377069f49978	O60885	7MRA	ZMJ	QIEVBHRUPLMWFP-UHFFFAOYSA-N	CCS(=O)(=O)Nc1cccc(-c2cn(C)c(=O)c3ccccc23)c1	7.086186147616283	4E96	cac2652a577f953822137c3cc974f1f9dfe2179e3eafaf7876496661de863663	1	A	4E96	0NS	40;41;42;46;51;53;56;91;94;95;98;99;104;105;108	40;41;42;46;51;53;56;91;94;95;98;99;104;105;108		fixed_historical_reference_receptor	False	True	False	15.0	133.0	1.0	0.0	0.0	0.06666666666666667	0.06666666666666667	0.0	0.06666666666666667	0.0	0.0	0.06666666666666667	0.0	0.13333333333333333	0.13333333333333333	0.13333333333333333	0.06666666666666667	0.0	0.0	0.0	0.0	0.06666666666666667	0.06666666666666667	0.13333333333333333	0.0	0.6842105263157895	0.13533834586466165	0.15789473684210525	0.022556390977443608	0.0	0.0	0.0	7.904528132984564	11.737534185114658	18.805	18.562	17.998	5.434596537646252	4.217409270506145	3.893608162514126	0.01904761904761905	0.08571428571428572	0.17142857142857143	0.14285714285714285	0.24761904761904763	0.3142857142857143	0.01904761904761905	0.0	0.0	0.2761904761904762	3.8666666666666667	1.1469767022723503
RCSB-5D26-L28-KD:S0	RCSB-5D26-L28-KD	S0	construct-003-fbf3f5c695a3	fbf3f5c695a3b8c47960f7f87595ade0ba42d8f497f2c0c835fe377069f49978	O60885	5D26	L28	BXFSSYQFFSWQEA-UHFFFAOYSA-N	CCc1c(C(=O)Nc2cc(S(=O)(=O)N(CC)CC)ccc2O)[nH]c(C)c1C(N)=O	6.0915149811213505	5D26	8b28b23011f793c541f5732bf87373c316855b1a77e899023a034866a80a3266	1	A	4E96	0NS	40;41;42;46;51;53;56;91;94;95;98;99;104;105;108	40;41;42;46;51;53;56;91;94;95;98;99;104;105;108		query_holo_receptor	True	True	False	15.0	133.0	1.0	0.0	0.0	0.06666666666666667	0.06666666666666667	0.0	0.06666666666666667	0.0	0.0	0.06666666666666667	0.0	0.13333333333333333	0.13333333333333333	0.13333333333333333	0.06666666666666667	0.0	0.0	0.0	0.0	0.06666666666666667	0.06666666666666667	0.13333333333333333	0.0	0.6842105263157895	0.13533834586466165	0.15789473684210525	0.022556390977443608	0.0	0.0	0.0	8.007559281312465	11.404838217277867	19.44	19.146	19.027	5.520539116847951	4.36430347835951	3.8206686131964034	0.01904761904761905	0.08571428571428572	0.17142857142857143	0.13333333333333333	0.22857142857142856	0.3142857142857143	0.047619047619047616	0.0	0.0	0.2761904761904762	3.8666666666666667	1.1469767022723503
RCSB-5D26-L28-KD:S1	RCSB-5D26-L28-KD	S1	construct-003-fbf3f5c695a3	fbf3f5c695a3b8c47960f7f87595ade0ba42d8f497f2c0c835fe377069f49978	O60885	5D26	L28	BXFSSYQFFSWQEA-UHFFFAOYSA-N	CCc1c(C(=O)Nc2cc(S(=O)(=O)N(CC)CC)ccc2O)[nH]c(C)c1C(N)=O	6.0915149811213505	4E96	cac2652a577f953822137c3cc974f1f9dfe2179e3eafaf7876496661de863663	1	A	4E96	0NS	40;41;42;46;51;53;56;91;94;95;98;99;104;105;108	40;41;42;46;51;53;56;91;94;95;98;99;104;105;108		fixed_historical_reference_receptor	False	True	False	15.0	133.0	1.0	0.0	0.0	0.06666666666666667	0.06666666666666667	0.0	0.06666666666666667	0.0	0.0	0.06666666666666667	0.0	0.13333333333333333	0.13333333333333333	0.13333333333333333	0.06666666666666667	0.0	0.0	0.0	0.0	0.06666666666666667	0.06666666666666667	0.13333333333333333	0.0	0.6842105263157895	0.13533834586466165	0.15789473684210525	0.022556390977443608	0.0	0.0	0.0	7.904528132984564	11.737534185114658	18.805	18.562	17.998	5.434596537646252	4.217409270506145	3.893608162514126	0.01904761904761905	0.08571428571428572	0.17142857142857143	0.14285714285714285	0.24761904761904763	0.3142857142857143	0.01904761904761905	0.0	0.0	0.2761904761904762	3.8666666666666667	1.1469767022723503
RCSB-5EGU-5NQ-KD:S0	RCSB-5EGU-5NQ-KD	S0	construct-003-fbf3f5c695a3	fbf3f5c695a3b8c47960f7f87595ade0ba42d8f497f2c0c835fe377069f49978	O60885	5EGU	5NQ	FTDVJTZJKKOHSY-UHFFFAOYSA-N	CCCCc1c(C)nc2nc(SCc3nc4c(c(=O)[nH]c(=O)n4CCCC)n3CC)nn2c1C	5.853871964321762	5EGU	340bdc892b7977bb994743103e7433efd210d0e8781f8aa1596ee30badecf601	1	A	4E96	0NS	40;41;42;46;51;53;56;91;94;95;98;99;104;105;108	40;41;42;46;51;53;56;91;94;95;98;99;104;105;108		query_holo_receptor	True	True	False	15.0	133.0	1.0	0.0	0.0	0.06666666666666667	0.06666666666666667	0.0	0.06666666666666667	0.0	0.0	0.06666666666666667	0.0	0.13333333333333333	0.13333333333333333	0.13333333333333333	0.06666666666666667	0.0	0.0	0.0	0.0	0.06666666666666667	0.06666666666666667	0.13333333333333333	0.0	0.6842105263157895	0.13533834586466165	0.15789473684210525	0.022556390977443608	0.0	0.0	0.0	7.823597061334511	11.933046418513143	18.242999999999995	18.047	15.366999999999997	5.334144403543742	4.147959444908981	3.943349705980357	0.01904761904761905	0.09523809523809523	0.1523809523809524	0.18095238095238095	0.21904761904761905	0.3142857142857143	0.01904761904761905	0.0	0.0	0.26666666666666666	3.7333333333333334	1.1813363431112902
RCSB-5EGU-5NQ-KD:S1	RCSB-5EGU-5NQ-KD	S1	construct-003-fbf3f5c695a3	fbf3f5c695a3b8c47960f7f87595ade0ba42d8f497f2c0c835fe377069f49978	O60885	5EGU	5NQ	FTDVJTZJKKOHSY-UHFFFAOYSA-N	CCCCc1c(C)nc2nc(SCc3nc4c(c(=O)[nH]c(=O)n4CCCC)n3CC)nn2c1C	5.853871964321762	4E96	cac2652a577f953822137c3cc974f1f9dfe2179e3eafaf7876496661de863663	1	A	4E96	0NS	40;41;42;46;51;53;56;91;94;95;98;99;104;105;108	40;41;42;46;51;53;56;91;94;95;98;99;104;105;108		fixed_historical_reference_receptor	False	True	False	15.0	133.0	1.0	0.0	0.0	0.06666666666666667	0.06666666666666667	0.0	0.06666666666666667	0.0	0.0	0.06666666666666667	0.0	0.13333333333333333	0.13333333333333333	0.13333333333333333	0.06666666666666667	0.0	0.0	0.0	0.0	0.06666666666666667	0.06666666666666667	0.13333333333333333	0.0	0.6842105263157895	0.13533834586466165	0.15789473684210525	0.022556390977443608	0.0	0.0	0.0	7.904528132984564	11.737534185114658	18.805	18.562	17.998	5.434596537646252	4.217409270506145	3.893608162514126	0.01904761904761905	0.08571428571428572	0.17142857142857143	0.14285714285714285	0.24761904761904763	0.3142857142857143	0.01904761904761905	0.0	0.0	0.2761904761904762	3.8666666666666667	1.1469767022723503
RCSB-6TPZ-NV2-KD:S0	RCSB-6TPZ-NV2-KD	S0	construct-003-fbf3f5c695a3	fbf3f5c695a3b8c47960f7f87595ade0ba42d8f497f2c0c835fe377069f49978	O60885	6TPZ	NV2	DDSHVVXWYKDTTQ-UHFFFAOYSA-N	COCC(COC)n1c(-c2cc(C)c(=O)n(C)c2)nc2cc(N3CCOCC3)ccc21	8.301029995663981	6TPZ	823447bef89d17422fdb8dd1d7fc27b1956478dfb0e36bf7ec054cc2093ed501	1	A	4E96	0NS	40;41;42;46;51;53;56;91;94;95;98;99;104;105;108	40;41;42;46;51;53;56;91;94;95;98;99;104;105;108		query_holo_receptor	True	True	False	15.0	133.0	1.0	0.0	0.0	0.06666666666666667	0.06666666666666667	0.0	0.06666666666666667	0.0	0.0	0.06666666666666667	0.0	0.13333333333333333	0.13333333333333333	0.13333333333333333	0.06666666666666667	0.0	0.0	0.0	0.0	0.06666666666666667	0.06666666666666667	0.13333333333333333	0.0	0.6842105263157895	0.13533834586466165	0.15789473684210525	0.022556390977443608	0.0	0.0	0.0	8.042998831886951	11.508446367680731	19.485999999999997	19.194	18.691	5.64844287692043	4.272630194140721	3.811765273468288	0.01904761904761905	0.0761904761904762	0.17142857142857143	0.1523809523809524	0.21904761904761905	0.29523809523809524	0.06666666666666667	0.0	0.0	0.26666666666666666	3.7333333333333334	1.1234866364235145
RCSB-6TPZ-NV2-KD:S1	RCSB-6TPZ-NV2-KD	S1	construct-003-fbf3f5c695a3	fbf3f5c695a3b8c47960f7f87595ade0ba42d8f497f2c0c835fe377069f49978	O60885	6TPZ	NV2	DDSHVVXWYKDTTQ-UHFFFAOYSA-N	COCC(COC)n1c(-c2cc(C)c(=O)n(C)c2)nc2cc(N3CCOCC3)ccc21	8.301029995663981	4E96	cac2652a577f953822137c3cc974f1f9dfe2179e3eafaf7876496661de863663	1	A	4E96	0NS	40;41;42;46;51;53;56;91;94;95;98;99;104;105;108	40;41;42;46;51;53;56;91;94;95;98;99;104;105;108		fixed_historical_reference_receptor	False	True	False	15.0	133.0	1.0	0.0	0.0	0.06666666666666667	0.06666666666666667	0.0	0.06666666666666667	0.0	0.0	0.06666666666666667	0.0	0.13333333333333333	0.13333333333333333	0.13333333333333333	0.06666666666666667	0.0	0.0	0.0	0.0	0.06666666666666667	0.06666666666666667	0.13333333333333333	0.0	0.6842105263157895	0.13533834586466165	0.15789473684210525	0.022556390977443608	0.0	0.0	0.0	7.904528132984564	11.737534185114658	18.805	18.562	17.998	5.434596537646252	4.217409270506145	3.893608162514126	0.01904761904761905	0.08571428571428572	0.17142857142857143	0.14285714285714285	0.24761904761904763	0.3142857142857143	0.01904761904761905	0.0	0.0	0.2761904761904762	3.8666666666666667	1.1469767022723503
RCSB-6FO5-DZH-KD:S0	RCSB-6FO5-DZH-KD	S0	construct-003-fbf3f5c695a3	fbf3f5c695a3b8c47960f7f87595ade0ba42d8f497f2c0c835fe377069f49978	O60885	6FO5	DZH	GUZDPSZLHQZPSV-UHFFFAOYSA-N	CCn1cnc2c1c(=O)[nH]c(=O)n2Cc1ccc(CNS(=O)(=O)c2ccc3c(c2)CCCC(=O)N3)cc1	6.721246399047171	6FO5	b100150f710ca424e895036a87bdccac2fe2e8dec71fcd4d9323a302976fa4f5	1	A	4E96	0NS	40;41;42;46;51;53;56;91;94;95;98;99;104;105;108	40;41;42;46;51;53;56;91;94;95;98;99;104;105;108		query_holo_receptor	True	True	False	15.0	133.0	1.0	0.0	0.0	0.06666666666666667	0.06666666666666667	0.0	0.06666666666666667	0.0	0.0	0.06666666666666667	0.0	0.13333333333333333	0.13333333333333333	0.13333333333333333	0.06666666666666667	0.0	0.0	0.0	0.0	0.06666666666666667	0.06666666666666667	0.13333333333333333	0.0	0.6842105263157895	0.13533834586466165	0.15789473684210525	0.022556390977443608	0.0	0.0	0.0	7.9454701651499535	12.060314686749837	18.754	18.479	18.431000000000004	5.503524970165905	4.149921338736104	3.952197101657652	0.01904761904761905	0.09523809523809523	0.1523809523809524	0.17142857142857143	0.21904761904761905	0.3047619047619048	0.0380952380952381	0.0	0.0	0.26666666666666666	3.7333333333333334	1.1813363431112902
RCSB-6FO5-DZH-KD:S1	RCSB-6FO5-DZH-KD	S1	construct-003-fbf3f5c695a3	fbf3f5c695a3b8c47960f7f87595ade0ba42d8f497f2c0c835fe377069f49978	O60885	6FO5	DZH	GUZDPSZLHQZPSV-UHFFFAOYSA-N	CCn1cnc2c1c(=O)[nH]c(=O)n2Cc1ccc(CNS(=O)(=O)c2ccc3c(c2)CCCC(=O)N3)cc1	6.721246399047171	4E96	cac2652a577f953822137c3cc974f1f9dfe2179e3eafaf7876496661de863663	1	A	4E96	0NS	40;41;42;46;51;53;56;91;94;95;98;99;104;105;108	40;41;42;46;51;53;56;91;94;95;98;99;104;105;108		fixed_historical_reference_receptor	False	True	False	15.0	133.0	1.0	0.0	0.0	0.06666666666666667	0.06666666666666667	0.0	0.06666666666666667	0.0	0.0	0.06666666666666667	0.0	0.13333333333333333	0.13333333333333333	0.13333333333333333	0.06666666666666667	0.0	0.0	0.0	0.0	0.06666666666666667	0.06666666666666667	0.13333333333333333	0.0	0.6842105263157895	0.13533834586466165	0.15789473684210525	0.022556390977443608	0.0	0.0	0.0	7.904528132984564	11.737534185114658	18.805	18.562	17.998	5.434596537646252	4.217409270506145	3.893608162514126	0.01904761904761905	0.08571428571428572	0.17142857142857143	0.14285714285714285	0.24761904761904763	0.3142857142857143	0.01904761904761905	0.0	0.0	0.2761904761904762	3.8666666666666667	1.1469767022723503
RCSB-7AXR-S7T-KD:S0	RCSB-7AXR-S7T-KD	S0	construct-003-fbf3f5c695a3	fbf3f5c695a3b8c47960f7f87595ade0ba42d8f497f2c0c835fe377069f49978	O60885	7AXR	S7T	JZECKTZTLWIBPJ-UHFFFAOYSA-N	CCc1c(C(=O)Nc2cccc(CCC(=O)NO)c2)[nH]c(C)c1C(C)=O	4.940058111938045	7AXR	181fd31e805a4163aa73f6e999adc3502cf6b5187f84d0aa1ecb4d7cc638c210	1	A	4E96	0NS	40;41;42;46;51;53;56;91;94;95;98;99;104;105;108	40;41;42;46;51;53;56;91;94;95;98;99;104;105;108		query_holo_receptor	True	True	False	15.0	133.0	1.0	0.0	0.0	0.06666666666666667	0.06666666666666667	0.0	0.06666666666666667	0.0	0.0	0.06666666666666667	0.0	0.13333333333333333	0.13333333333333333	0.13333333333333333	0.06666666666666667	0.0	0.0	0.0	0.0	0.06666666666666667	0.06666666666666667	0.13333333333333333	0.0	0.6842105263157895	0.13533834586466165	0.15789473684210525	0.022556390977443608	0.0	0.0	0.0	8.110501976214481	11.836613554165869	19.181	19.078000000000003	17.563000000000002	5.826833346680686	4.149212589761452	3.8226025612341674	0.009523809523809525	0.08571428571428572	0.18095238095238095	0.14285714285714285	0.2	0.29523809523809524	0.08571428571428572	0.0	0.0	0.2761904761904762	3.8666666666666667	1.1469767022723503
RCSB-7AXR-S7T-KD:S1	RCSB-7AXR-S7T-KD	S1	construct-003-fbf3f5c695a3	fbf3f5c695a3b8c47960f7f87595ade0ba42d8f497f2c0c835fe377069f49978	O60885	7AXR	S7T	JZECKTZTLWIBPJ-UHFFFAOYSA-N	CCc1c(C(=O)Nc2cccc(CCC(=O)NO)c2)[nH]c(C)c1C(C)=O	4.940058111938045	4E96	cac2652a577f953822137c3cc974f1f9dfe2179e3eafaf7876496661de863663	1	A	4E96	0NS	40;41;42;46;51;53;56;91;94;95;98;99;104;105;108	40;41;42;46;51;53;56;91;94;95;98;99;104;105;108		fixed_historical_reference_receptor	False	True	False	15.0	133.0	1.0	0.0	0.0	0.06666666666666667	0.06666666666666667	0.0	0.06666666666666667	0.0	0.0	0.06666666666666667	0.0	0.13333333333333333	0.13333333333333333	0.13333333333333333	0.06666666666666667	0.0	0.0	0.0	0.0	0.06666666666666667	0.06666666666666667	0.13333333333333333	0.0	0.6842105263157895	0.13533834586466165	0.15789473684210525	0.022556390977443608	0.0	0.0	0.0	7.904528132984564	11.737534185114658	18.805	18.562	17.998	5.434596537646252	4.217409270506145	3.893608162514126	0.01904761904761905	0.08571428571428572	0.17142857142857143	0.14285714285714285	0.24761904761904763	0.3142857142857143	0.01904761904761905	0.0	0.0	0.2761904761904762	3.8666666666666667	1.1469767022723503
RCSB-6FSY-E5Q-KD:S0	RCSB-6FSY-E5Q-KD	S0	construct-003-fbf3f5c695a3	fbf3f5c695a3b8c47960f7f87595ade0ba42d8f497f2c0c835fe377069f49978	O60885	6FSY	E5Q	RFDVEAHRRMEOHK-KRWDZBQOSA-N	Cc1noc(C)c1-c1cc(O)cc([C@@H](O)c2cccnc2)c1	6.607303046740334	6FSY	bb5147be6f5efc8c672f215c26a1d67c906b450462348a81ed60a6459f804e4e	1	A	4E96	0NS	40;41;42;46;51;53;56;91;94;95;98;99;104;105;108	40;41;42;46;51;53;56;91;94;95;98;99;104;105;108		query_holo_receptor	True	True	False	15.0	133.0	1.0	0.0	0.0	0.06666666666666667	0.06666666666666667	0.0	0.06666666666666667	0.0	0.0	0.06666666666666667	0.0	0.13333333333333333	0.13333333333333333	0.13333333333333333	0.06666666666666667	0.0	0.0	0.0	0.0	0.06666666666666667	0.06666666666666667	0.13333333333333333	0.0	0.6842105263157895	0.13533834586466165	0.15789473684210525	0.022556390977443608	0.0	0.0	0.0	8.070185967806298	11.8866234027459	19.401	18.716000000000005	17.729	5.623331332687204	4.268118635874886	3.9101418884605113	0.01904761904761905	0.0761904761904762	0.1619047619047619	0.1523809523809524	0.21904761904761905	0.3047619047619048	0.06666666666666667	0.0	0.0	0.2571428571428571	3.6	1.2543258481484518
RCSB-6FSY-E5Q-KD:S1	RCSB-6FSY-E5Q-KD	S1	construct-003-fbf3f5c695a3	fbf3f5c695a3b8c47960f7f87595ade0ba42d8f497f2c0c835fe377069f49978	O60885	6FSY	E5Q	RFDVEAHRRMEOHK-KRWDZBQOSA-N	Cc1noc(C)c1-c1cc(O)cc([C@@H](O)c2cccnc2)c1	6.607303046740334	4E96	cac2652a577f953822137c3cc974f1f9dfe2179e3eafaf7876496661de863663	1	A	4E96	0NS	40;41;42;46;51;53;56;91;94;95;98;99;104;105;108	40;41;42;46;51;53;56;91;94;95;98;99;104;105;108		fixed_historical_reference_receptor	False	True	False	15.0	133.0	1.0	0.0	0.0	0.06666666666666667	0.06666666666666667	0.0	0.06666666666666667	0.0	0.0	0.06666666666666667	0.0	0.13333333333333333	0.13333333333333333	0.13333333333333333	0.06666666666666667	0.0	0.0	0.0	0.0	0.06666666666666667	0.06666666666666667	0.13333333333333333	0.0	0.6842105263157895	0.13533834586466165	0.15789473684210525	0.022556390977443608	0.0	0.0	0.0	7.904528132984564	11.737534185114658	18.805	18.562	17.998	5.434596537646252	4.217409270506145	3.893608162514126	0.01904761904761905	0.08571428571428572	0.17142857142857143	0.14285714285714285	0.24761904761904763	0.3142857142857143	0.01904761904761905	0.0	0.0	0.2761904761904762	3.8666666666666667	1.1469767022723503
RCSB-4PS5-2TA-KD:S0	RCSB-4PS5-2TA-KD	S0	construct-003-fbf3f5c695a3	fbf3f5c695a3b8c47960f7f87595ade0ba42d8f497f2c0c835fe377069f49978	O60885	4PS5	2TA	JOOXLOJCABQBSG-UHFFFAOYSA-N	Cc1cnc(Nc2ccc(OCCN3CCCC3)cc2)nc1Nc1cccc(S(=O)(=O)NC(C)(C)C)c1	6.785156151952302	4PS5	702827f507160ca45a0c53596ec9fa8549c577b2d41f1a3c851ecb88101e6bdd	1	A	4E96	0NS	40;41;42;46;51;53;56;91;94;95;98;99;104;105;108	40;41;42;46;51;53;56;91;94;95;98;99;104;105;108		query_holo_receptor	True	True	False	15.0	133.0	1.0	0.0	0.0	0.06666666666666667	0.06666666666666667	0.0	0.06666666666666667	0.0	0.0	0.06666666666666667	0.0	0.13333333333333333	0.13333333333333333	0.13333333333333333	0.06666666666666667	0.0	0.0	0.0	0.0	0.06666666666666667	0.06666666666666667	0.13333333333333333	0.0	0.6842105263157895	0.13533834586466165	0.15789473684210525	0.022556390977443608	0.0	0.0	0.0	8.10801627701434	11.921537543982017	20.072999999999997	19.03	18.31	5.648078618749494	4.278512572362706	3.9412518357608834	0.01904761904761905	0.09523809523809523	0.1523809523809524	0.1523809523809524	0.20952380952380953	0.3047619047619048	0.06666666666666667	0.0	0.0	0.26666666666666666	3.7333333333333334	1.1813363431112902
RCSB-4PS5-2TA-KD:S1	RCSB-4PS5-2TA-KD	S1	construct-003-fbf3f5c695a3	fbf3f5c695a3b8c47960f7f87595ade0ba42d8f497f2c0c835fe377069f49978	O60885	4PS5	2TA	JOOXLOJCABQBSG-UHFFFAOYSA-N	Cc1cnc(Nc2ccc(OCCN3CCCC3)cc2)nc1Nc1cccc(S(=O)(=O)NC(C)(C)C)c1	6.785156151952302	4E96	cac2652a577f953822137c3cc974f1f9dfe2179e3eafaf7876496661de863663	1	A	4E96	0NS	40;41;42;46;51;53;56;91;94;95;98;99;104;105;108	40;41;42;46;51;53;56;91;94;95;98;99;104;105;108		fixed_historical_reference_receptor	False	True	False	15.0	133.0	1.0	0.0	0.0	0.06666666666666667	0.06666666666666667	0.0	0.06666666666666667	0.0	0.0	0.06666666666666667	0.0	0.13333333333333333	0.13333333333333333	0.13333333333333333	0.06666666666666667	0.0	0.0	0.0	0.0	0.06666666666666667	0.06666666666666667	0.13333333333333333	0.0	0.6842105263157895	0.13533834586466165	0.15789473684210525	0.022556390977443608	0.0	0.0	0.0	7.904528132984564	11.737534185114658	18.805	18.562	17.998	5.434596537646252	4.217409270506145	3.893608162514126	0.01904761904761905	0.08571428571428572	0.17142857142857143	0.14285714285714285	0.24761904761904763	0.3142857142857143	0.01904761904761905	0.0	0.0	0.2761904761904762	3.8666666666666667	1.1469767022723503
RCSB-7MR9-ZMM-KD:S0	RCSB-7MR9-ZMM-KD	S0	construct-003-fbf3f5c695a3	fbf3f5c695a3b8c47960f7f87595ade0ba42d8f497f2c0c835fe377069f49978	O60885	7MR9	ZMM	IQHRPUHKLPCOKF-UHFFFAOYSA-N	Cn1cc(-c2cccc(N3CCCC3=O)c2)c2ccccc2c1=O	6.474955192963154	7MR9	2481c37ed5b34c8bda8d500e9b72af50c4bff0e0121245d65194dbab180b758b	1	A	4E96	0NS	40;41;42;46;51;53;56;91;94;95;98;99;104;105;108	40;41;42;46;51;53;56;91;94;95;98;99;104;105;108		query_holo_receptor	True	True	False	15.0	133.0	1.0	0.0	0.0	0.06666666666666667	0.06666666666666667	0.0	0.06666666666666667	0.0	0.0	0.06666666666666667	0.0	0.13333333333333333	0.13333333333333333	0.13333333333333333	0.06666666666666667	0.0	0.0	0.0	0.0	0.06666666666666667	0.06666666666666667	0.13333333333333333	0.0	0.6842105263157895	0.13533834586466165	0.15789473684210525	0.022556390977443608	0.0	0.0	0.0	7.988756135370727	11.533263691905262	18.893	18.593	17.713	5.58013928279964	4.246992580290295	3.8269209814077616	0.01904761904761905	0.08571428571428572	0.17142857142857143	0.13333333333333333	0.23809523809523808	0.3142857142857143	0.0380952380952381	0.0	0.0	0.2761904761904762	3.8666666666666667	1.1469767022723503
RCSB-7MR9-ZMM-KD:S1	RCSB-7MR9-ZMM-KD	S1	construct-003-fbf3f5c695a3	fbf3f5c695a3b8c47960f7f87595ade0ba42d8f497f2c0c835fe377069f49978	O60885	7MR9	ZMM	IQHRPUHKLPCOKF-UHFFFAOYSA-N	Cn1cc(-c2cccc(N3CCCC3=O)c2)c2ccccc2c1=O	6.474955192963154	4E96	cac2652a577f953822137c3cc974f1f9dfe2179e3eafaf7876496661de863663	1	A	4E96	0NS	40;41;42;46;51;53;56;91;94;95;98;99;104;105;108	40;41;42;46;51;53;56;91;94;95;98;99;104;105;108		fixed_historical_reference_receptor	False	True	False	15.0	133.0	1.0	0.0	0.0	0.06666666666666667	0.06666666666666667	0.0	0.06666666666666667	0.0	0.0	0.06666666666666667	0.0	0.13333333333333333	0.13333333333333333	0.13333333333333333	0.06666666666666667	0.0	0.0	0.0	0.0	0.06666666666666667	0.06666666666666667	0.13333333333333333	0.0	0.6842105263157895	0.13533834586466165	0.15789473684210525	0.022556390977443608	0.0	0.0	0.0	7.904528132984564	11.737534185114658	18.805	18.562	17.998	5.434596537646252	4.217409270506145	3.893608162514126	0.01904761904761905	0.08571428571428572	0.17142857142857143	0.14285714285714285	0.24761904761904763	0.3142857142857143	0.01904761904761905	0.0	0.0	0.2761904761904762	3.8666666666666667	1.1469767022723503
RCSB-5D3L-57F-KD:S0	RCSB-5D3L-57F-KD	S0	construct-003-fbf3f5c695a3	fbf3f5c695a3b8c47960f7f87595ade0ba42d8f497f2c0c835fe377069f49978	O60885	5D3L	57F	CGYOKHBJOYVFIV-UHFFFAOYSA-N	CCc1c(C(=O)Nc2cc(S(=O)(=O)N(CC)CC)c(C)cc2O)[nH]c(C)c1C(C)=O	6.055517327849831	5D3L	628445096da95e3fa48122e3f97c9e739444a8aa73977659ae2eb9bee5132c2f	1	A	4E96	0NS	40;41;42;46;51;53;56;91;94;95;98;99;104;105;108	40;41;42;46;51;53;56;91;94;95;98;99;104;105;108		query_holo_receptor	True	True	False	15.0	133.0	1.0	0.0	0.0	0.06666666666666667	0.06666666666666667	0.0	0.06666666666666667	0.0	0.0	0.06666666666666667	0.0	0.13333333333333333	0.13333333333333333	0.13333333333333333	0.06666666666666667	0.0	0.0	0.0	0.0	0.06666666666666667	0.06666666666666667	0.13333333333333333	0.0	0.6842105263157895	0.13533834586466165	0.15789473684210525	0.022556390977443608	0.0	0.0	0.0	8.07700912164061	11.78352003534472	19.646	19.25	18.93	5.6319119776834485	4.297912224438103	3.8791228825234274	0.01904761904761905	0.0761904761904762	0.18095238095238095	0.13333333333333333	0.20952380952380953	0.3238095238095238	0.05714285714285714	0.0	0.0	0.2761904761904762	3.8666666666666667	1.1469767022723503
RCSB-5D3L-57F-KD:S1	RCSB-5D3L-57F-KD	S1	construct-003-fbf3f5c695a3	fbf3f5c695a3b8c47960f7f87595ade0ba42d8f497f2c0c835fe377069f49978	O60885	5D3L	57F	CGYOKHBJOYVFIV-UHFFFAOYSA-N	CCc1c(C(=O)Nc2cc(S(=O)(=O)N(CC)CC)c(C)cc2O)[nH]c(C)c1C(C)=O	6.055517327849831	4E96	cac2652a577f953822137c3cc974f1f9dfe2179e3eafaf7876496661de863663	1	A	4E96	0NS	40;41;42;46;51;53;56;91;94;95;98;99;104;105;108	40;41;42;46;51;53;56;91;94;95;98;99;104;105;108		fixed_historical_reference_receptor	False	True	False	15.0	133.0	1.0	0.0	0.0	0.06666666666666667	0.06666666666666667	0.0	0.06666666666666667	0.0	0.0	0.06666666666666667	0.0	0.13333333333333333	0.13333333333333333	0.13333333333333333	0.06666666666666667	0.0	0.0	0.0	0.0	0.06666666666666667	0.06666666666666667	0.13333333333333333	0.0	0.6842105263157895	0.13533834586466165	0.15789473684210525	0.022556390977443608	0.0	0.0	0.0	7.904528132984564	11.737534185114658	18.805	18.562	17.998	5.434596537646252	4.217409270506145	3.893608162514126	0.01904761904761905	0.08571428571428572	0.17142857142857143	0.14285714285714285	0.24761904761904763	0.3142857142857143	0.01904761904761905	0.0	0.0	0.2761904761904762	3.8666666666666667	1.1469767022723503
RCSB-6Q3Z-HG8-KD:S0	RCSB-6Q3Z-HG8-KD	S0	construct-003-fbf3f5c695a3	fbf3f5c695a3b8c47960f7f87595ade0ba42d8f497f2c0c835fe377069f49978	O60885	6Q3Z	HG8	RKWOVOVDWBRGQO-XMMPIXPASA-N	CCOc1cc(C2CCN(C)CC2)ccc1Nc1ncc2c(n1)N(Cc1cc(C)cs1)[C@H](CC)C(=O)N2C	7.356547323513812	6Q3Z	b8ded0aced2470435c33c1af978b05d3cc1c439f34311b17b5368a69b9f89ceb	1	A	4E96	0NS	40;41;42;46;51;53;56;91;94;95;98;99;104;105;108	40;41;42;46;51;53;56;91;94;95;98;99;104;105;108		query_holo_receptor	True	True	False	15.0	133.0	1.0	0.0	0.0	0.06666666666666667	0.06666666666666667	0.0	0.06666666666666667	0.0	0.0	0.06666666666666667	0.0	0.13333333333333333	0.13333333333333333	0.13333333333333333	0.06666666666666667	0.0	0.0	0.0	0.0	0.06666666666666667	0.06666666666666667	0.13333333333333333	0.0	0.6842105263157895	0.13533834586466165	0.15789473684210525	0.022556390977443608	0.0	0.0	0.0	7.985691167995829	11.410227494298656	19.66	18.486	17.792	5.580045197116262	4.1853707677650505	3.8880625721667736	0.01904761904761905	0.09523809523809523	0.14285714285714285	0.17142857142857143	0.19047619047619047	0.3523809523809524	0.02857142857142857	0.0	0.0	0.2571428571428571	3.6	1.2543258481484518
RCSB-6Q3Z-HG8-KD:S1	RCSB-6Q3Z-HG8-KD	S1	construct-003-fbf3f5c695a3	fbf3f5c695a3b8c47960f7f87595ade0ba42d8f497f2c0c835fe377069f49978	O60885	6Q3Z	HG8	RKWOVOVDWBRGQO-XMMPIXPASA-N	CCOc1cc(C2CCN(C)CC2)ccc1Nc1ncc2c(n1)N(Cc1cc(C)cs1)[C@H](CC)C(=O)N2C	7.356547323513812	4E96	cac2652a577f953822137c3cc974f1f9dfe2179e3eafaf7876496661de863663	1	A	4E96	0NS	40;41;42;46;51;53;56;91;94;95;98;99;104;105;108	40;41;42;46;51;53;56;91;94;95;98;99;104;105;108		fixed_historical_reference_receptor	False	True	False	15.0	133.0	1.0	0.0	0.0	0.06666666666666667	0.06666666666666667	0.0	0.06666666666666667	0.0	0.0	0.06666666666666667	0.0	0.13333333333333333	0.13333333333333333	0.13333333333333333	0.06666666666666667	0.0	0.0	0.0	0.0	0.06666666666666667	0.06666666666666667	0.13333333333333333	0.0	0.6842105263157895	0.13533834586466165	0.15789473684210525	0.022556390977443608	0.0	0.0	0.0	7.904528132984564	11.737534185114658	18.805	18.562	17.998	5.434596537646252	4.217409270506145	3.893608162514126	0.01904761904761905	0.08571428571428572	0.17142857142857143	0.14285714285714285	0.24761904761904763	0.3142857142857143	0.01904761904761905	0.0	0.0	0.2761904761904762	3.8666666666666667	1.1469767022723503
RCSB-5EIS-5OU-KD:S0	RCSB-5EIS-5OU-KD	S0	construct-003-fbf3f5c695a3	fbf3f5c695a3b8c47960f7f87595ade0ba42d8f497f2c0c835fe377069f49978	O60885	5EIS	5OU	ZUHFEYWVQFKDLX-UHFFFAOYSA-N	CCn1cnc2c1c(=O)[nH]c(=O)n2Cc1ccc(Cl)cc1	5.7447274948966935	5EIS	f920cb41f40812d5d8ed81651db08e8675fd124503fd3e8b9244addb7ef52aa2	1	A	4E96	0NS	40;41;42;46;51;53;56;91;94;95;98;99;104;105;108	40;41;42;46;51;53;56;91;94;95;98;99;104;105;108		query_holo_receptor	True	True	False	15.0	133.0	1.0	0.0	0.0	0.06666666666666667	0.06666666666666667	0.0	0.06666666666666667	0.0	0.0	0.06666666666666667	0.0	0.13333333333333333	0.13333333333333333	0.13333333333333333	0.06666666666666667	0.0	0.0	0.0	0.0	0.06666666666666667	0.06666666666666667	0.13333333333333333	0.0	0.6842105263157895	0.13533834586466165	0.15789473684210525	0.022556390977443608	0.0	0.0	0.0	7.9520121391806695	11.662093715024907	18.729	18.625999999999998	18.3	5.483136390476362	4.242856272963633	3.8945966456211814	0.01904761904761905	0.0761904761904762	0.18095238095238095	0.13333333333333333	0.22857142857142856	0.3238095238095238	0.0380952380952381	0.0	0.0	0.2761904761904762	3.8666666666666667	1.1469767022723503
RCSB-5EIS-5OU-KD:S1	RCSB-5EIS-5OU-KD	S1	construct-003-fbf3f5c695a3	fbf3f5c695a3b8c47960f7f87595ade0ba42d8f497f2c0c835fe377069f49978	O60885	5EIS	5OU	ZUHFEYWVQFKDLX-UHFFFAOYSA-N	CCn1cnc2c1c(=O)[nH]c(=O)n2Cc1ccc(Cl)cc1	5.7447274948966935	4E96	cac2652a577f953822137c3cc974f1f9dfe2179e3eafaf7876496661de863663	1	A	4E96	0NS	40;41;42;46;51;53;56;91;94;95;98;99;104;105;108	40;41;42;46;51;53;56;91;94;95;98;99;104;105;108		fixed_historical_reference_receptor	False	True	False	15.0	133.0	1.0	0.0	0.0	0.06666666666666667	0.06666666666666667	0.0	0.06666666666666667	0.0	0.0	0.06666666666666667	0.0	0.13333333333333333	0.13333333333333333	0.13333333333333333	0.06666666666666667	0.0	0.0	0.0	0.0	0.06666666666666667	0.06666666666666667	0.13333333333333333	0.0	0.6842105263157895	0.13533834586466165	0.15789473684210525	0.022556390977443608	0.0	0.0	0.0	7.904528132984564	11.737534185114658	18.805	18.562	17.998	5.434596537646252	4.217409270506145	3.893608162514126	0.01904761904761905	0.08571428571428572	0.17142857142857143	0.14285714285714285	0.24761904761904763	0.3142857142857143	0.01904761904761905	0.0	0.0	0.2761904761904762	3.8666666666666667	1.1469767022723503
RCSB-5D3T-56Y-KD:S0	RCSB-5D3T-56Y-KD	S0	construct-003-fbf3f5c695a3	fbf3f5c695a3b8c47960f7f87595ade0ba42d8f497f2c0c835fe377069f49978	O60885	5D3T	56Y	FETDKYPMSNKFSJ-UHFFFAOYSA-N	CCc1c(C(=O)N(C)Cc2cccc(C(N)=O)c2)[nH]c(C)c1C(C)=O	4.920818753952375	5D3T	7c09f75648ac4726016c4b2022a0eccd5f9598c9a0eeb855e4e6fa707160b763	1	A	4E96	0NS	40;41;42;46;51;53;56;91;94;95;98;99;104;105;108	40;41;42;46;51;53;56;91;94;95;98;99;104;105;108		query_holo_receptor	True	True	False	15.0	133.0	1.0	0.0	0.0	0.06666666666666667	0.06666666666666667	0.0	0.06666666666666667	0.0	0.0	0.06666666666666667	0.0	0.13333333333333333	0.13333333333333333	0.13333333333333333	0.06666666666666667	0.0	0.0	0.0	0.0	0.06666666666666667	0.06666666666666667	0.13333333333333333	0.0	0.6842105263157895	0.13533834586466165	0.15789473684210525	0.022556390977443608	0.0	0.0	0.0	8.043845539825693	11.702023240294334	19.201	18.874000000000002	17.604	5.662711505148837	4.1971878107161125	3.875663034837363	0.01904761904761905	0.06666666666666667	0.17142857142857143	0.1523809523809524	0.22857142857142856	0.29523809523809524	0.06666666666666667	0.0	0.0	0.2571428571428571	3.6	1.2543258481484518
RCSB-5D3T-56Y-KD:S1	RCSB-5D3T-56Y-KD	S1	construct-003-fbf3f5c695a3	fbf3f5c695a3b8c47960f7f87595ade0ba42d8f497f2c0c835fe377069f49978	O60885	5D3T	56Y	FETDKYPMSNKFSJ-UHFFFAOYSA-N	CCc1c(C(=O)N(C)Cc2cccc(C(N)=O)c2)[nH]c(C)c1C(C)=O	4.920818753952375	4E96	cac2652a577f953822137c3cc974f1f9dfe2179e3eafaf7876496661de863663	1	A	4E96	0NS	40;41;42;46;51;53;56;91;94;95;98;99;104;105;108	40;41;42;46;51;53;56;91;94;95;98;99;104;105;108		fixed_historical_reference_receptor	False	True	False	15.0	133.0	1.0	0.0	0.0	0.06666666666666667	0.06666666666666667	0.0	0.06666666666666667	0.0	0.0	0.06666666666666667	0.0	0.13333333333333333	0.13333333333333333	0.13333333333333333	0.06666666666666667	0.0	0.0	0.0	0.0	0.06666666666666667	0.06666666666666667	0.13333333333333333	0.0	0.6842105263157895	0.13533834586466165	0.15789473684210525	0.022556390977443608	0.0	0.0	0.0	7.904528132984564	11.737534185114658	18.805	18.562	17.998	5.434596537646252	4.217409270506145	3.893608162514126	0.01904761904761905	0.08571428571428572	0.17142857142857143	0.14285714285714285	0.24761904761904763	0.3142857142857143	0.01904761904761905	0.0	0.0	0.2761904761904762	3.8666666666666667	1.1469767022723503
RCSB-6Q3Y-HG5-KD:S0	RCSB-6Q3Y-HG5-KD	S0	construct-003-fbf3f5c695a3	fbf3f5c695a3b8c47960f7f87595ade0ba42d8f497f2c0c835fe377069f49978	O60885	6Q3Y	HG5	TWABWUVZWXSPTC-RUZDIDTESA-N	CCOc1cc(C2CCN(C)CC2)ccc1Nc1ncc2c(n1)N(Cc1ccccc1)[C@H](CC)C(=O)N2C	7.267606240177031	6Q3Y	53085a03bd0f3bfb9f47d2d7334cde45175ea45c5eced4f3b9280a3bb4062b0f	1	A	4E96	0NS	40;41;42;46;51;53;56;91;94;95;98;99;104;105;108	40;41;42;46;51;53;56;91;94;95;98;99;104;105;108		query_holo_receptor	True	True	False	15.0	133.0	1.0	0.0	0.0	0.06666666666666667	0.06666666666666667	0.0	0.06666666666666667	0.0	0.0	0.06666666666666667	0.0	0.13333333333333333	0.13333333333333333	0.13333333333333333	0.06666666666666667	0.0	0.0	0.0	0.0	0.06666666666666667	0.06666666666666667	0.13333333333333333	0.0	0.6842105263157895	0.13533834586466165	0.15789473684210525	0.022556390977443608	0.0	0.0	0.0	8.102368243017446	12.364364034387012	20.152000000000005	19.936	17.743000000000002	5.621450066294403	4.232733812444223	4.016420641641966	0.01904761904761905	0.08571428571428572	0.1523809523809524	0.17142857142857143	0.1619047619047619	0.3333333333333333	0.0761904761904762	0.0	0.0	0.2571428571428571	3.6	1.2543258481484518
RCSB-6Q3Y-HG5-KD:S1	RCSB-6Q3Y-HG5-KD	S1	construct-003-fbf3f5c695a3	fbf3f5c695a3b8c47960f7f87595ade0ba42d8f497f2c0c835fe377069f49978	O60885	6Q3Y	HG5	TWABWUVZWXSPTC-RUZDIDTESA-N	CCOc1cc(C2CCN(C)CC2)ccc1Nc1ncc2c(n1)N(Cc1ccccc1)[C@H](CC)C(=O)N2C	7.267606240177031	4E96	cac2652a577f953822137c3cc974f1f9dfe2179e3eafaf7876496661de863663	1	A	4E96	0NS	40;41;42;46;51;53;56;91;94;95;98;99;104;105;108	40;41;42;46;51;53;56;91;94;95;98;99;104;105;108		fixed_historical_reference_receptor	False	True	False	15.0	133.0	1.0	0.0	0.0	0.06666666666666667	0.06666666666666667	0.0	0.06666666666666667	0.0	0.0	0.06666666666666667	0.0	0.13333333333333333	0.13333333333333333	0.13333333333333333	0.06666666666666667	0.0	0.0	0.0	0.0	0.06666666666666667	0.06666666666666667	0.13333333333333333	0.0	0.6842105263157895	0.13533834586466165	0.15789473684210525	0.022556390977443608	0.0	0.0	0.0	7.904528132984564	11.737534185114658	18.805	18.562	17.998	5.434596537646252	4.217409270506145	3.893608162514126	0.01904761904761905	0.08571428571428572	0.17142857142857143	0.14285714285714285	0.24761904761904763	0.3142857142857143	0.01904761904761905	0.0	0.0	0.2761904761904762	3.8666666666666667	1.1469767022723503
RCSB-5O1E-9GT-KD:S0	RCSB-5O1E-9GT-KD	S0	construct-004-a02c0b37ee39	a02c0b37ee390691de476a5e290067f62640b1460c5b903bbcfaef2b46f1a3bb	P04637	5O1E	9GT	AITKRWKTZZLHEV-UHFFFAOYSA-N	C=CCOc1cc(C(=O)O)c(O)c(I)c1-n1cccc1	4.481486060122113	5O1E	7846a4c926aec2d159a4f1b94c60280c29ff4d61ea2c8149cc66d8a39c930a42	1	A	2VUK	P83	16;52;53;54;55;56;57;58;64;127;128;129;130;134;135;136;137;164	16;52;53;54;55;56;57;58;64;127;128;129;130;134;135;136;137;164		query_holo_receptor	True	True	False	18.0	139.0	1.0	0.0	0.0	0.1111111111111111	0.1111111111111111	0.05555555555555555	0.05555555555555555	0.0	0.0	0.0	0.0	0.1111111111111111	0.0	0.0	0.16666666666666666	0.0	0.0	0.1111111111111111	0.1111111111111111	0.1111111111111111	0.05555555555555555	0.0	0.0	0.6474820143884892	0.1366906474820144	0.2014388489208633	0.014388489208633094	0.0	0.0	0.0	7.718366728937706	11.761279436968634	19.979	18.977999999999994	15.716999999999999	5.043887425100729	4.538066059913577	3.6794484696953926	0.013071895424836602	0.12418300653594772	0.11764705882352941	0.20261437908496732	0.1895424836601307	0.30718954248366015	0.0457516339869281	0.0	0.0	0.2549019607843137	4.333333333333333	1.4907119849998598
RCSB-5O1E-9GT-KD:S1	RCSB-5O1E-9GT-KD	S1	construct-004-a02c0b37ee39	a02c0b37ee390691de476a5e290067f62640b1460c5b903bbcfaef2b46f1a3bb	P04637	5O1E	9GT	AITKRWKTZZLHEV-UHFFFAOYSA-N	C=CCOc1cc(C(=O)O)c(O)c(I)c1-n1cccc1	4.481486060122113	2VUK	9cc5da10362855e1a87d1347fb004548f833b8236b0faa8d05ae7131f6d9c38f	1	B	2VUK	P83	16;52;53;54;55;56;57;58;64;127;128;129;130;134;135;136;137;164	16;52;53;54;55;56;57;58;64;127;128;129;130;134;135;136;137;164		fixed_historical_reference_receptor	False	True	False	18.0	139.0	1.0	0.0	0.0	0.1111111111111111	0.1111111111111111	0.05555555555555555	0.05555555555555555	0.0	0.0	0.0	0.0	0.1111111111111111	0.0	0.0	0.16666666666666666	0.0	0.0	0.1111111111111111	0.1111111111111111	0.1111111111111111	0.05555555555555555	0.0	0.0	0.6474820143884892	0.1366906474820144	0.2014388489208633	0.014388489208633094	0.0	0.0	0.0	7.629216144239123	11.613051174985225	20.037000000000006	18.825999999999993	15.685000000000002	5.005718933960564	4.419660079159377	3.68975903202262	0.006535947712418301	0.13071895424836602	0.13725490196078433	0.20261437908496732	0.20261437908496732	0.27450980392156865	0.0457516339869281	0.0	0.0	0.27450980392156865	4.666666666666667	1.6996731711975948
RCSB-5O1G-9GK-KD:S0	RCSB-5O1G-9GK-KD	S0	construct-004-a02c0b37ee39	a02c0b37ee390691de476a5e290067f62640b1460c5b903bbcfaef2b46f1a3bb	P04637	5O1G	9GK	SLRGCKWWQXFSSN-UHFFFAOYSA-N	O=C(O)c1cc(OCCc2ccccc2)c(-n2cccc2)c(I)c1O	3.935542010773082	5O1G	d847d01d394434252bb3a7d333608c53b5b4b1ee956e54d9a7ec3b9105272540	1	A	2VUK	P83	16;52;53;54;55;56;57;58;64;127;128;129;130;134;135;136;137;164	16;52;53;54;55;56;57;58;64;127;128;129;130;134;135;136;137;164		query_holo_receptor	True	True	False	18.0	139.0	1.0	0.0	0.0	0.1111111111111111	0.1111111111111111	0.05555555555555555	0.05555555555555555	0.0	0.0	0.0	0.0	0.1111111111111111	0.0	0.0	0.16666666666666666	0.0	0.0	0.1111111111111111	0.1111111111111111	0.1111111111111111	0.05555555555555555	0.0	0.0	0.6474820143884892	0.1366906474820144	0.2014388489208633	0.014388489208633094	0.0	0.0	0.0	7.717120881846803	11.730316546784698	19.985	19.028000000000006	15.762	5.034692532348343	4.550616671519283	3.6739234775159053	0.013071895424836602	0.12418300653594772	0.11764705882352941	0.20915032679738563	0.1895424836601307	0.3006535947712418	0.0457516339869281	0.0	0.0	0.2549019607843137	4.333333333333333	1.4907119849998598
RCSB-5O1G-9GK-KD:S1	RCSB-5O1G-9GK-KD	S1	construct-004-a02c0b37ee39	a02c0b37ee390691de476a5e290067f62640b1460c5b903bbcfaef2b46f1a3bb	P04637	5O1G	9GK	SLRGCKWWQXFSSN-UHFFFAOYSA-N	O=C(O)c1cc(OCCc2ccccc2)c(-n2cccc2)c(I)c1O	3.935542010773082	2VUK	9cc5da10362855e1a87d1347fb004548f833b8236b0faa8d05ae7131f6d9c38f	1	B	2VUK	P83	16;52;53;54;55;56;57;58;64;127;128;129;130;134;135;136;137;164	16;52;53;54;55;56;57;58;64;127;128;129;130;134;135;136;137;164		fixed_historical_reference_receptor	False	True	False	18.0	139.0	1.0	0.0	0.0	0.1111111111111111	0.1111111111111111	0.05555555555555555	0.05555555555555555	0.0	0.0	0.0	0.0	0.1111111111111111	0.0	0.0	0.16666666666666666	0.0	0.0	0.1111111111111111	0.1111111111111111	0.1111111111111111	0.05555555555555555	0.0	0.0	0.6474820143884892	0.1366906474820144	0.2014388489208633	0.014388489208633094	0.0	0.0	0.0	7.629216144239123	11.613051174985225	20.037000000000006	18.825999999999993	15.685000000000002	5.005718933960564	4.419660079159377	3.68975903202262	0.006535947712418301	0.13071895424836602	0.13725490196078433	0.20261437908496732	0.20261437908496732	0.27450980392156865	0.0457516339869281	0.0	0.0	0.27450980392156865	4.666666666666667	1.6996731711975948
RCSB-4AGQ-P96-KD:S0	RCSB-4AGQ-P96-KD	S0	construct-004-a02c0b37ee39	a02c0b37ee390691de476a5e290067f62640b1460c5b903bbcfaef2b46f1a3bb	P04637	4AGQ	P96	IZUZDXSTWPMHFT-UHFFFAOYSA-N	CCN(CC)C1CCN(Cc2cc(C#CCNc3ccccc3)cc(I)c2O)CC1	5.0	4AGQ	807bfea08b78ba5f3a0d3545c68da1269df8614a6730c8e1e4ddfebeb312b6f4	1	A	2VUK	P83	16;52;53;54;55;56;57;58;64;127;128;129;130;134;135;136;137;164	16;52;53;54;55;56;57;58;64;127;128;129;130;134;135;136;137;164		query_holo_receptor	True	True	False	18.0	139.0	1.0	0.0	0.0	0.1111111111111111	0.1111111111111111	0.05555555555555555	0.05555555555555555	0.0	0.0	0.0	0.0	0.1111111111111111	0.0	0.0	0.16666666666666666	0.0	0.0	0.1111111111111111	0.1111111111111111	0.1111111111111111	0.05555555555555555	0.0	0.0	0.6474820143884892	0.1366906474820144	0.2014388489208633	0.014388489208633094	0.0	0.0	0.0	7.65795944201778	11.675701276562325	19.61099999999999	19.516999999999996	15.669000000000004	5.068233636443088	4.422255586992655	3.6607384699440586	0.006535947712418301	0.13725490196078433	0.11764705882352941	0.21568627450980393	0.1895424836601307	0.2875816993464052	0.0457516339869281	0.0	0.0	0.26143790849673204	4.444444444444445	1.4229164972072996
RCSB-4AGQ-P96-KD:S1	RCSB-4AGQ-P96-KD	S1	construct-004-a02c0b37ee39	a02c0b37ee390691de476a5e290067f62640b1460c5b903bbcfaef2b46f1a3bb	P04637	4AGQ	P96	IZUZDXSTWPMHFT-UHFFFAOYSA-N	CCN(CC)C1CCN(Cc2cc(C#CCNc3ccccc3)cc(I)c2O)CC1	5.0	2VUK	9cc5da10362855e1a87d1347fb004548f833b8236b0faa8d05ae7131f6d9c38f	1	B	2VUK	P83	16;52;53;54;55;56;57;58;64;127;128;129;130;134;135;136;137;164	16;52;53;54;55;56;57;58;64;127;128;129;130;134;135;136;137;164		fixed_historical_reference_receptor	False	True	False	18.0	139.0	1.0	0.0	0.0	0.1111111111111111	0.1111111111111111	0.05555555555555555	0.05555555555555555	0.0	0.0	0.0	0.0	0.1111111111111111	0.0	0.0	0.16666666666666666	0.0	0.0	0.1111111111111111	0.1111111111111111	0.1111111111111111	0.05555555555555555	0.0	0.0	0.6474820143884892	0.1366906474820144	0.2014388489208633	0.014388489208633094	0.0	0.0	0.0	7.629216144239123	11.613051174985225	20.037000000000006	18.825999999999993	15.685000000000002	5.005718933960564	4.419660079159377	3.68975903202262	0.006535947712418301	0.13071895424836602	0.13725490196078433	0.20261437908496732	0.20261437908496732	0.27450980392156865	0.0457516339869281	0.0	0.0	0.27450980392156865	4.666666666666667	1.6996731711975948
RCSB-5AOJ-Y0V-KD:S0	RCSB-5AOJ-Y0V-KD	S0	construct-004-a02c0b37ee39	a02c0b37ee390691de476a5e290067f62640b1460c5b903bbcfaef2b46f1a3bb	P04637	5AOJ	Y0V	YWYHXCFRZDCHOC-UHFFFAOYSA-N	O=C(O)c1cc(I)c(-n2cccc2)c(I)c1O	4.6777807052660805	5AOJ	e97adbb582d0e1e41a8f9b7d2496120ab659a192735e5575aba48b55ecf190a6	1	A	2VUK	P83	16;52;53;54;55;56;57;58;64;127;128;129;130;134;135;136;137;164	16;52;53;54;55;56;57;58;64;127;128;129;130;134;135;136;137;164		query_holo_receptor	True	True	False	18.0	139.0	1.0	0.0	0.0	0.1111111111111111	0.1111111111111111	0.05555555555555555	0.05555555555555555	0.0	0.0	0.0	0.0	0.1111111111111111	0.0	0.0	0.16666666666666666	0.0	0.0	0.1111111111111111	0.1111111111111111	0.1111111111111111	0.05555555555555555	0.0	0.0	0.6474820143884892	0.1366906474820144	0.2014388489208633	0.014388489208633094	0.0	0.0	0.0	7.736146422992351	11.862226632175869	19.86	19.066000000000003	15.735	5.058378682222466	4.573899693825104	3.652424971993438	0.013071895424836602	0.12418300653594772	0.11764705882352941	0.20261437908496732	0.1895424836601307	0.30718954248366015	0.0457516339869281	0.0	0.0	0.2549019607843137	4.333333333333333	1.4907119849998598
RCSB-5AOJ-Y0V-KD:S1	RCSB-5AOJ-Y0V-KD	S1	construct-004-a02c0b37ee39	a02c0b37ee390691de476a5e290067f62640b1460c5b903bbcfaef2b46f1a3bb	P04637	5AOJ	Y0V	YWYHXCFRZDCHOC-UHFFFAOYSA-N	O=C(O)c1cc(I)c(-n2cccc2)c(I)c1O	4.6777807052660805	2VUK	9cc5da10362855e1a87d1347fb004548f833b8236b0faa8d05ae7131f6d9c38f	1	B	2VUK	P83	16;52;53;54;55;56;57;58;64;127;128;129;130;134;135;136;137;164	16;52;53;54;55;56;57;58;64;127;128;129;130;134;135;136;137;164		fixed_historical_reference_receptor	False	True	False	18.0	139.0	1.0	0.0	0.0	0.1111111111111111	0.1111111111111111	0.05555555555555555	0.05555555555555555	0.0	0.0	0.0	0.0	0.1111111111111111	0.0	0.0	0.16666666666666666	0.0	0.0	0.1111111111111111	0.1111111111111111	0.1111111111111111	0.05555555555555555	0.0	0.0	0.6474820143884892	0.1366906474820144	0.2014388489208633	0.014388489208633094	0.0	0.0	0.0	7.629216144239123	11.613051174985225	20.037000000000006	18.825999999999993	15.685000000000002	5.005718933960564	4.419660079159377	3.68975903202262	0.006535947712418301	0.13071895424836602	0.13725490196078433	0.20261437908496732	0.20261437908496732	0.27450980392156865	0.0457516339869281	0.0	0.0	0.27450980392156865	4.666666666666667	1.6996731711975948
RCSB-5O1D-9GW-KD:S0	RCSB-5O1D-9GW-KD	S0	construct-004-a02c0b37ee39	a02c0b37ee390691de476a5e290067f62640b1460c5b903bbcfaef2b46f1a3bb	P04637	5O1D	9GW	HDCGZTAEMHVMPH-UHFFFAOYSA-N	CCCOc1cc(C(=O)O)c(O)c(I)c1-n1cccc1	4.657577319177793	5O1D	4166d3da8f1854d63484ba67c5fde7d393fb8c7002c1a3bbf6dd8beabbe4f51f	1	A	2VUK	P83	16;52;53;54;55;56;57;58;64;127;128;129;130;134;135;136;137;164	16;52;53;54;55;56;57;58;64;127;128;129;130;134;135;136;137;164		query_holo_receptor	True	True	False	18.0	139.0	1.0	0.0	0.0	0.1111111111111111	0.1111111111111111	0.05555555555555555	0.05555555555555555	0.0	0.0	0.0	0.0	0.1111111111111111	0.0	0.0	0.16666666666666666	0.0	0.0	0.1111111111111111	0.1111111111111111	0.1111111111111111	0.05555555555555555	0.0	0.0	0.6474820143884892	0.1366906474820144	0.2014388489208633	0.014388489208633094	0.0	0.0	0.0	7.733070371256359	11.707979298405919	19.973000000000013	18.964	15.776000000000003	5.035637556537373	4.572244060356055	3.679309176806435	0.013071895424836602	0.13071895424836602	0.1111111111111111	0.20261437908496732	0.1830065359477124	0.3137254901960784	0.0457516339869281	0.0	0.0	0.2549019607843137	4.333333333333333	1.4907119849998598
RCSB-5O1D-9GW-KD:S1	RCSB-5O1D-9GW-KD	S1	construct-004-a02c0b37ee39	a02c0b37ee390691de476a5e290067f62640b1460c5b903bbcfaef2b46f1a3bb	P04637	5O1D	9GW	HDCGZTAEMHVMPH-UHFFFAOYSA-N	CCCOc1cc(C(=O)O)c(O)c(I)c1-n1cccc1	4.657577319177793	2VUK	9cc5da10362855e1a87d1347fb004548f833b8236b0faa8d05ae7131f6d9c38f	1	B	2VUK	P83	16;52;53;54;55;56;57;58;64;127;128;129;130;134;135;136;137;164	16;52;53;54;55;56;57;58;64;127;128;129;130;134;135;136;137;164		fixed_historical_reference_receptor	False	True	False	18.0	139.0	1.0	0.0	0.0	0.1111111111111111	0.1111111111111111	0.05555555555555555	0.05555555555555555	0.0	0.0	0.0	0.0	0.1111111111111111	0.0	0.0	0.16666666666666666	0.0	0.0	0.1111111111111111	0.1111111111111111	0.1111111111111111	0.05555555555555555	0.0	0.0	0.6474820143884892	0.1366906474820144	0.2014388489208633	0.014388489208633094	0.0	0.0	0.0	7.629216144239123	11.613051174985225	20.037000000000006	18.825999999999993	15.685000000000002	5.005718933960564	4.419660079159377	3.68975903202262	0.006535947712418301	0.13071895424836602	0.13725490196078433	0.20261437908496732	0.20261437908496732	0.27450980392156865	0.0457516339869281	0.0	0.0	0.27450980392156865	4.666666666666667	1.6996731711975948
RCSB-5O1C-9GZ-KD:S0	RCSB-5O1C-9GZ-KD	S0	construct-004-a02c0b37ee39	a02c0b37ee390691de476a5e290067f62640b1460c5b903bbcfaef2b46f1a3bb	P04637	5O1C	9GZ	PZAQSVDHGPHHRK-UHFFFAOYSA-N	O=C(O)c1cc(-c2ccc(F)cc2)c(-n2cccc2)c(I)c1O	3.94692155651658	5O1C	3b25513df05c51474f508de213cd28a2510248e1488e7e17399d121e582dd1ca	1	A	2VUK	P83	16;52;53;54;55;56;57;58;64;127;128;129;130;134;135;136;137;164	16;52;53;54;55;56;57;58;64;127;128;129;130;134;135;136;137;164		query_holo_receptor	True	True	False	18.0	139.0	1.0	0.0	0.0	0.1111111111111111	0.1111111111111111	0.05555555555555555	0.05555555555555555	0.0	0.0	0.0	0.0	0.1111111111111111	0.0	0.0	0.16666666666666666	0.0	0.0	0.1111111111111111	0.1111111111111111	0.1111111111111111	0.05555555555555555	0.0	0.0	0.6474820143884892	0.1366906474820144	0.2014388489208633	0.014388489208633094	0.0	0.0	0.0	7.739265907769282	11.792611476338136	19.909000000000006	19.031000000000006	15.707	5.051355497002588	4.60270561841035	3.6325122744892986	0.013071895424836602	0.12418300653594772	0.11764705882352941	0.20915032679738563	0.1895424836601307	0.3006535947712418	0.0457516339869281	0.0	0.0	0.2549019607843137	4.333333333333333	1.4907119849998598
RCSB-5O1C-9GZ-KD:S1	RCSB-5O1C-9GZ-KD	S1	construct-004-a02c0b37ee39	a02c0b37ee390691de476a5e290067f62640b1460c5b903bbcfaef2b46f1a3bb	P04637	5O1C	9GZ	PZAQSVDHGPHHRK-UHFFFAOYSA-N	O=C(O)c1cc(-c2ccc(F)cc2)c(-n2cccc2)c(I)c1O	3.94692155651658	2VUK	9cc5da10362855e1a87d1347fb004548f833b8236b0faa8d05ae7131f6d9c38f	1	B	2VUK	P83	16;52;53;54;55;56;57;58;64;127;128;129;130;134;135;136;137;164	16;52;53;54;55;56;57;58;64;127;128;129;130;134;135;136;137;164		fixed_historical_reference_receptor	False	True	False	18.0	139.0	1.0	0.0	0.0	0.1111111111111111	0.1111111111111111	0.05555555555555555	0.05555555555555555	0.0	0.0	0.0	0.0	0.1111111111111111	0.0	0.0	0.16666666666666666	0.0	0.0	0.1111111111111111	0.1111111111111111	0.1111111111111111	0.05555555555555555	0.0	0.0	0.6474820143884892	0.1366906474820144	0.2014388489208633	0.014388489208633094	0.0	0.0	0.0	7.629216144239123	11.613051174985225	20.037000000000006	18.825999999999993	15.685000000000002	5.005718933960564	4.419660079159377	3.68975903202262	0.006535947712418301	0.13071895424836602	0.13725490196078433	0.20261437908496732	0.20261437908496732	0.27450980392156865	0.0457516339869281	0.0	0.0	0.27450980392156865	4.666666666666667	1.6996731711975948
RCSB-5O1I-9GH-KD:S0	RCSB-5O1I-9GH-KD	S0	construct-004-a02c0b37ee39	a02c0b37ee390691de476a5e290067f62640b1460c5b903bbcfaef2b46f1a3bb	P04637	5O1I	9GH	SEBJATZOIHUGAU-UHFFFAOYSA-N	CCN(CC)c1nc2c(C(=O)O)c(O)c(I)c(-n3cccc3)c2s1	5.3979400086720375	5O1I	cd7722d4519e74bb4f443ac77e1bb2ae58b18a22f6f8f1160bea66b4e41b48fd	1	A	2VUK	P83	16;52;53;54;55;56;57;58;64;127;128;129;130;134;135;136;137;164	16;52;53;54;55;56;57;58;64;127;128;129;130;134;135;136;137;164		query_holo_receptor	True	True	False	18.0	139.0	1.0	0.0	0.0	0.1111111111111111	0.1111111111111111	0.05555555555555555	0.05555555555555555	0.0	0.0	0.0	0.0	0.1111111111111111	0.0	0.0	0.16666666666666666	0.0	0.0	0.1111111111111111	0.1111111111111111	0.1111111111111111	0.05555555555555555	0.0	0.0	0.6474820143884892	0.1366906474820144	0.2014388489208633	0.014388489208633094	0.0	0.0	0.0	7.628003905282646	11.64073830896599	19.923000000000002	18.891000000000005	15.853000000000002	5.027579755624453	4.397419843643095	3.6840988176997107	0.0196078431372549	0.11764705882352941	0.12418300653594772	0.2222222222222222	0.20261437908496732	0.2679738562091503	0.0457516339869281	0.0	0.0	0.26143790849673204	4.444444444444445	1.606314699422329
RCSB-5O1I-9GH-KD:S1	RCSB-5O1I-9GH-KD	S1	construct-004-a02c0b37ee39	a02c0b37ee390691de476a5e290067f62640b1460c5b903bbcfaef2b46f1a3bb	P04637	5O1I	9GH	SEBJATZOIHUGAU-UHFFFAOYSA-N	CCN(CC)c1nc2c(C(=O)O)c(O)c(I)c(-n3cccc3)c2s1	5.3979400086720375	2VUK	9cc5da10362855e1a87d1347fb004548f833b8236b0faa8d05ae7131f6d9c38f	1	B	2VUK	P83	16;52;53;54;55;56;57;58;64;127;128;129;130;134;135;136;137;164	16;52;53;54;55;56;57;58;64;127;128;129;130;134;135;136;137;164		fixed_historical_reference_receptor	False	True	False	18.0	139.0	1.0	0.0	0.0	0.1111111111111111	0.1111111111111111	0.05555555555555555	0.05555555555555555	0.0	0.0	0.0	0.0	0.1111111111111111	0.0	0.0	0.16666666666666666	0.0	0.0	0.1111111111111111	0.1111111111111111	0.1111111111111111	0.05555555555555555	0.0	0.0	0.6474820143884892	0.1366906474820144	0.2014388489208633	0.014388489208633094	0.0	0.0	0.0	7.629216144239123	11.613051174985225	20.037000000000006	18.825999999999993	15.685000000000002	5.005718933960564	4.419660079159377	3.68975903202262	0.006535947712418301	0.13071895424836602	0.13725490196078433	0.20261437908496732	0.20261437908496732	0.27450980392156865	0.0457516339869281	0.0	0.0	0.27450980392156865	4.666666666666667	1.6996731711975948
RCSB-5O1H-9GN-KD:S0	RCSB-5O1H-9GN-KD	S0	construct-004-a02c0b37ee39	a02c0b37ee390691de476a5e290067f62640b1460c5b903bbcfaef2b46f1a3bb	P04637	5O1H	9GN	IUCGBTPKFYQLQH-UHFFFAOYSA-N	CCCSc1cc(C(=O)O)c(O)c(I)c1-n1cccc1	4.853871964321762	5O1H	84d21b5d00e28cd853cf0330c0195d2c6dc28e84fd8d06205bb1c56dff55a78c	1	A	2VUK	P83	16;52;53;54;55;56;57;58;64;127;128;129;130;134;135;136;137;164	16;52;53;54;55;56;57;58;64;127;128;129;130;134;135;136;137;164		query_holo_receptor	True	True	False	18.0	139.0	1.0	0.0	0.0	0.1111111111111111	0.1111111111111111	0.05555555555555555	0.05555555555555555	0.0	0.0	0.0	0.0	0.1111111111111111	0.0	0.0	0.16666666666666666	0.0	0.0	0.1111111111111111	0.1111111111111111	0.1111111111111111	0.05555555555555555	0.0	0.0	0.6474820143884892	0.1366906474820144	0.2014388489208633	0.014388489208633094	0.0	0.0	0.0	7.743284177988291	11.884339406013858	20.0	19.039	15.811999999999998	5.040906640471573	4.583515921911468	3.6795505019930714	0.013071895424836602	0.12418300653594772	0.11764705882352941	0.20261437908496732	0.1830065359477124	0.3137254901960784	0.0457516339869281	0.0	0.0	0.2549019607843137	4.333333333333333	1.4907119849998598
RCSB-5O1H-9GN-KD:S1	RCSB-5O1H-9GN-KD	S1	construct-004-a02c0b37ee39	a02c0b37ee390691de476a5e290067f62640b1460c5b903bbcfaef2b46f1a3bb	P04637	5O1H	9GN	IUCGBTPKFYQLQH-UHFFFAOYSA-N	CCCSc1cc(C(=O)O)c(O)c(I)c1-n1cccc1	4.853871964321762	2VUK	9cc5da10362855e1a87d1347fb004548f833b8236b0faa8d05ae7131f6d9c38f	1	B	2VUK	P83	16;52;53;54;55;56;57;58;64;127;128;129;130;134;135;136;137;164	16;52;53;54;55;56;57;58;64;127;128;129;130;134;135;136;137;164		fixed_historical_reference_receptor	False	True	False	18.0	139.0	1.0	0.0	0.0	0.1111111111111111	0.1111111111111111	0.05555555555555555	0.05555555555555555	0.0	0.0	0.0	0.0	0.1111111111111111	0.0	0.0	0.16666666666666666	0.0	0.0	0.1111111111111111	0.1111111111111111	0.1111111111111111	0.05555555555555555	0.0	0.0	0.6474820143884892	0.1366906474820144	0.2014388489208633	0.014388489208633094	0.0	0.0	0.0	7.629216144239123	11.613051174985225	20.037000000000006	18.825999999999993	15.685000000000002	5.005718933960564	4.419660079159377	3.68975903202262	0.006535947712418301	0.13071895424836602	0.13725490196078433	0.20261437908496732	0.20261437908496732	0.27450980392156865	0.0457516339869281	0.0	0.0	0.27450980392156865	4.666666666666667	1.6996731711975948
RCSB-5O1B-9H2-KD:S0	RCSB-5O1B-9H2-KD	S0	construct-004-a02c0b37ee39	a02c0b37ee390691de476a5e290067f62640b1460c5b903bbcfaef2b46f1a3bb	P04637	5O1B	9H2	AGXLMIQMLKHIFZ-UHFFFAOYSA-N	OCc1cc(I)c(-n2cccc2)c(I)c1O	4.698970004336019	5O1B	ea7cfc94865a3c495b3abd029297269e22fd19d53e8b3ccdf7a567ea47ddb258	1	A	2VUK	P83	16;52;53;54;55;56;57;58;64;127;128;129;130;134;135;136;137;164	16;52;53;54;55;56;57;58;64;127;128;129;130;134;135;136;137;164		query_holo_receptor	True	True	False	18.0	139.0	1.0	0.0	0.0	0.1111111111111111	0.1111111111111111	0.05555555555555555	0.05555555555555555	0.0	0.0	0.0	0.0	0.1111111111111111	0.0	0.0	0.16666666666666666	0.0	0.0	0.1111111111111111	0.1111111111111111	0.1111111111111111	0.05555555555555555	0.0	0.0	0.6474820143884892	0.1366906474820144	0.2014388489208633	0.014388489208633094	0.0	0.0	0.0	7.699408633359591	11.622028259388093	19.918999999999997	18.95299999999999	15.797000000000004	5.044668331501802	4.50161104966617	3.6834376180571384	0.013071895424836602	0.12418300653594772	0.11764705882352941	0.20915032679738563	0.1895424836601307	0.3006535947712418	0.0457516339869281	0.0	0.0	0.2549019607843137	4.333333333333333	1.4907119849998598
RCSB-5O1B-9H2-KD:S1	RCSB-5O1B-9H2-KD	S1	construct-004-a02c0b37ee39	a02c0b37ee390691de476a5e290067f62640b1460c5b903bbcfaef2b46f1a3bb	P04637	5O1B	9H2	AGXLMIQMLKHIFZ-UHFFFAOYSA-N	OCc1cc(I)c(-n2cccc2)c(I)c1O	4.698970004336019	2VUK	9cc5da10362855e1a87d1347fb004548f833b8236b0faa8d05ae7131f6d9c38f	1	B	2VUK	P83	16;52;53;54;55;56;57;58;64;127;128;129;130;134;135;136;137;164	16;52;53;54;55;56;57;58;64;127;128;129;130;134;135;136;137;164		fixed_historical_reference_receptor	False	True	False	18.0	139.0	1.0	0.0	0.0	0.1111111111111111	0.1111111111111111	0.05555555555555555	0.05555555555555555	0.0	0.0	0.0	0.0	0.1111111111111111	0.0	0.0	0.16666666666666666	0.0	0.0	0.1111111111111111	0.1111111111111111	0.1111111111111111	0.05555555555555555	0.0	0.0	0.6474820143884892	0.1366906474820144	0.2014388489208633	0.014388489208633094	0.0	0.0	0.0	7.629216144239123	11.613051174985225	20.037000000000006	18.825999999999993	15.685000000000002	5.005718933960564	4.419660079159377	3.68975903202262	0.006535947712418301	0.13071895424836602	0.13725490196078433	0.20261437908496732	0.20261437908496732	0.27450980392156865	0.0457516339869281	0.0	0.0	0.27450980392156865	4.666666666666667	1.6996731711975948
RCSB-6RQB-Q47-KD:S0	RCSB-6RQB-Q47-KD	S0	construct-005-6f4aa0a92e90	6f4aa0a92e902b75f71eaad4d939a99889607aea7addb58c35e3b830ffbfe3b3	P9WPP7	6RQB	Q47	UHZMUUVMCUUKRQ-GJZGRUSLSA-N	O=C1N[C@@H](Cc2ccc(O)c(Br)c2)C(=O)N[C@H]1Cc1ccc(O)cc1	6.337242168318426	6RQB	48c10535a0b2b48ef44e0c46fb6bc76c9623a0adbc7a942c55e05d6053bfd553	1	A	2IJ7	TPF	62;77;78;82;83;84;85;86;87;167;168;169;229;230;232;233;236;237;280;284;343;385;386	62;77;78;82;83;84;85;86;87;167;168;169;229;230;232;233;236;237;280;284;343;385;386		query_holo_receptor	True	True	False	23.0	178.0	1.0	0.0	0.08695652173913043	0.0	0.0	0.0	0.13043478260869565	0.08695652173913043	0.043478260869565216	0.043478260869565216	0.0	0.043478260869565216	0.13043478260869565	0.08695652173913043	0.0	0.043478260869565216	0.043478260869565216	0.043478260869565216	0.08695652173913043	0.13043478260869565	0.0	0.0	0.0	0.6460674157303371	0.17415730337078653	0.16292134831460675	0.016853932584269662	0.0	0.0	0.0	9.435770159183537	15.59562891270603	24.594000000000023	21.576	19.104	6.944136025468527	4.7187004520983455	4.306576296792562	0.007905138339920948	0.09881422924901186	0.09486166007905138	0.12648221343873517	0.10276679841897234	0.31620553359683795	0.2134387351778656	0.039525691699604744	0.0	0.2015810276679842	4.434782608695652	1.498581559966442
RCSB-6RQB-Q47-KD:S1	RCSB-6RQB-Q47-KD	S1	construct-005-6f4aa0a92e90	6f4aa0a92e902b75f71eaad4d939a99889607aea7addb58c35e3b830ffbfe3b3	P9WPP7	6RQB	Q47	UHZMUUVMCUUKRQ-GJZGRUSLSA-N	O=C1N[C@@H](Cc2ccc(O)c(Br)c2)C(=O)N[C@H]1Cc1ccc(O)cc1	6.337242168318426	2IJ7	3cef794b507c8abb69c0d54d692da0ed33ef7d86cd46bef65f8a2f376a3e2b22	1	B	2IJ7	TPF	62;77;78;82;83;84;85;86;87;167;168;169;229;230;232;233;236;237;280;284;343;385;386	62;77;78;82;83;84;85;86;87;167;168;169;229;230;232;233;236;237;280;284;343;385;386		fixed_historical_reference_receptor	False	True	False	23.0	178.0	1.0	0.0	0.08695652173913043	0.0	0.0	0.0	0.13043478260869565	0.08695652173913043	0.043478260869565216	0.043478260869565216	0.0	0.043478260869565216	0.13043478260869565	0.08695652173913043	0.0	0.043478260869565216	0.043478260869565216	0.043478260869565216	0.08695652173913043	0.13043478260869565	0.0	0.0	0.0	0.6460674157303371	0.17415730337078653	0.16292134831460675	0.016853932584269662	0.0	0.0	0.0	9.39136659049838	15.71867899111732	28.331000000000017	18.540000000000003	18.45	6.959997083900215	4.748595109828645	4.148138318829442	0.007905138339920948	0.09881422924901186	0.10276679841897234	0.11462450592885376	0.13043478260869565	0.30434782608695654	0.2015810276679842	0.039525691699604744	0.0	0.20948616600790515	4.608695652173913	1.4960565681813263
RCSB-6RQ6-R2H-KD:S0	RCSB-6RQ6-R2H-KD	S0	construct-005-6f4aa0a92e90	6f4aa0a92e902b75f71eaad4d939a99889607aea7addb58c35e3b830ffbfe3b3	P9WPP7	6RQ6	R2H	BWLHGYWAFIMGJI-GJZGRUSLSA-N	O=C1N[C@@H](Cc2ccc(O)c(F)c2)C(=O)N[C@H]1Cc1ccc(O)cc1	4.892790030352131	6RQ6	2da6c22997db4c5fbe0f07eb2643002fd635d74a63f7ee6949997ef3b3de4545	1	A	2IJ7	TPF	62;77;78;82;83;84;85;86;87;167;168;169;229;230;232;233;236;237;280;284;343;385;386	62;77;78;82;83;84;85;86;87;167;168;169;229;230;232;233;236;237;280;284;343;385;386		query_holo_receptor	True	True	False	23.0	178.0	1.0	0.0	0.08695652173913043	0.0	0.0	0.0	0.13043478260869565	0.08695652173913043	0.043478260869565216	0.043478260869565216	0.0	0.043478260869565216	0.13043478260869565	0.08695652173913043	0.0	0.043478260869565216	0.043478260869565216	0.043478260869565216	0.08695652173913043	0.13043478260869565	0.0	0.0	0.0	0.6460674157303371	0.17415730337078653	0.16292134831460675	0.016853932584269662	0.0	0.0	0.0	9.424377259050072	15.560830833130408	24.566000000000003	21.587	19.096999999999998	6.930574430993883	4.720497739752069	4.301502745128679	0.007905138339920948	0.09486166007905138	0.10276679841897234	0.13043478260869565	0.09881422924901186	0.31225296442687744	0.2134387351778656	0.039525691699604744	0.0	0.20553359683794467	4.521739130434782	1.528556159238865
RCSB-6RQ6-R2H-KD:S1	RCSB-6RQ6-R2H-KD	S1	construct-005-6f4aa0a92e90	6f4aa0a92e902b75f71eaad4d939a99889607aea7addb58c35e3b830ffbfe3b3	P9WPP7	6RQ6	R2H	BWLHGYWAFIMGJI-GJZGRUSLSA-N	O=C1N[C@@H](Cc2ccc(O)c(F)c2)C(=O)N[C@H]1Cc1ccc(O)cc1	4.892790030352131	2IJ7	3cef794b507c8abb69c0d54d692da0ed33ef7d86cd46bef65f8a2f376a3e2b22	1	B	2IJ7	TPF	62;77;78;82;83;84;85;86;87;167;168;169;229;230;232;233;236;237;280;284;343;385;386	62;77;78;82;83;84;85;86;87;167;168;169;229;230;232;233;236;237;280;284;343;385;386		fixed_historical_reference_receptor	False	True	False	23.0	178.0	1.0	0.0	0.08695652173913043	0.0	0.0	0.0	0.13043478260869565	0.08695652173913043	0.043478260869565216	0.043478260869565216	0.0	0.043478260869565216	0.13043478260869565	0.08695652173913043	0.0	0.043478260869565216	0.043478260869565216	0.043478260869565216	0.08695652173913043	0.13043478260869565	0.0	0.0	0.0	0.6460674157303371	0.17415730337078653	0.16292134831460675	0.016853932584269662	0.0	0.0	0.0	9.39136659049838	15.71867899111732	28.331000000000017	18.540000000000003	18.45	6.959997083900215	4.748595109828645	4.148138318829442	0.007905138339920948	0.09881422924901186	0.10276679841897234	0.11462450592885376	0.13043478260869565	0.30434782608695654	0.2015810276679842	0.039525691699604744	0.0	0.20948616600790515	4.608695652173913	1.4960565681813263
RCSB-6RQ0-KE2-KD:S0	RCSB-6RQ0-KE2-KD	S0	construct-005-6f4aa0a92e90	6f4aa0a92e902b75f71eaad4d939a99889607aea7addb58c35e3b830ffbfe3b3	P9WPP7	6RQ0	KE2	YBIHVNADQSTKMY-HOTGVXAUSA-N	Cc1cc(C[C@@H]2NC(=O)[C@H](Cc3ccc(O)cc3)NC2=O)ccc1O	5.958607314841775	6RQ0	3d7c3db534daff8fdf8f740ccdf93dc3157d020ab118527098a84c05b6bf31a8	1	A	2IJ7	TPF	62;77;78;82;83;84;85;86;87;167;168;169;229;230;232;233;236;237;280;284;343;385;386	62;77;78;82;83;84;85;86;87;167;168;169;229;230;232;233;236;237;280;284;343;385;386		query_holo_receptor	True	True	False	23.0	178.0	1.0	0.0	0.08695652173913043	0.0	0.0	0.0	0.13043478260869565	0.08695652173913043	0.043478260869565216	0.043478260869565216	0.0	0.043478260869565216	0.13043478260869565	0.08695652173913043	0.0	0.043478260869565216	0.043478260869565216	0.043478260869565216	0.08695652173913043	0.13043478260869565	0.0	0.0	0.0	0.6460674157303371	0.17415730337078653	0.16292134831460675	0.016853932584269662	0.0	0.0	0.0	9.452162097162757	15.648132272085707	24.586	21.523000000000003	19.134	6.9527554239458365	4.722112974216233	4.324836341940666	0.007905138339920948	0.09486166007905138	0.09881422924901186	0.1225296442687747	0.11067193675889328	0.30434782608695654	0.22134387351778656	0.039525691699604744	0.0	0.2015810276679842	4.434782608695652	1.498581559966442
RCSB-6RQ0-KE2-KD:S1	RCSB-6RQ0-KE2-KD	S1	construct-005-6f4aa0a92e90	6f4aa0a92e902b75f71eaad4d939a99889607aea7addb58c35e3b830ffbfe3b3	P9WPP7	6RQ0	KE2	YBIHVNADQSTKMY-HOTGVXAUSA-N	Cc1cc(C[C@@H]2NC(=O)[C@H](Cc3ccc(O)cc3)NC2=O)ccc1O	5.958607314841775	2IJ7	3cef794b507c8abb69c0d54d692da0ed33ef7d86cd46bef65f8a2f376a3e2b22	1	B	2IJ7	TPF	62;77;78;82;83;84;85;86;87;167;168;169;229;230;232;233;236;237;280;284;343;385;386	62;77;78;82;83;84;85;86;87;167;168;169;229;230;232;233;236;237;280;284;343;385;386		fixed_historical_reference_receptor	False	True	False	23.0	178.0	1.0	0.0	0.08695652173913043	0.0	0.0	0.0	0.13043478260869565	0.08695652173913043	0.043478260869565216	0.043478260869565216	0.0	0.043478260869565216	0.13043478260869565	0.08695652173913043	0.0	0.043478260869565216	0.043478260869565216	0.043478260869565216	0.08695652173913043	0.13043478260869565	0.0	0.0	0.0	0.6460674157303371	0.17415730337078653	0.16292134831460675	0.016853932584269662	0.0	0.0	0.0	9.39136659049838	15.71867899111732	28.331000000000017	18.540000000000003	18.45	6.959997083900215	4.748595109828645	4.148138318829442	0.007905138339920948	0.09881422924901186	0.10276679841897234	0.11462450592885376	0.13043478260869565	0.30434782608695654	0.2015810276679842	0.039525691699604744	0.0	0.20948616600790515	4.608695652173913	1.4960565681813263
RCSB-6RQ9-KEQ-KD:S0	RCSB-6RQ9-KEQ-KD	S0	construct-005-6f4aa0a92e90	6f4aa0a92e902b75f71eaad4d939a99889607aea7addb58c35e3b830ffbfe3b3	P9WPP7	6RQ9	KEQ	SXIBGFQFSYRUSU-IRXDYDNUSA-N	COc1ccc(C[C@@H]2NC(=O)[C@H](Cc3ccc(O)cc3)NC2=O)cc1	4.982966660701219	6RQ9	dca5b9803fd5f0432fc9df9179a8c94466fde170318b1e0fc8d93f09c7ad63ef	1	A	2IJ7	TPF	62;77;78;82;83;84;85;86;87;167;168;169;229;230;232;233;236;237;280;284;343;385;386	62;77;78;82;83;84;85;86;87;167;168;169;229;230;232;233;236;237;280;284;343;385;386		query_holo_receptor	True	True	False	23.0	178.0	1.0	0.0	0.08695652173913043	0.0	0.0	0.0	0.13043478260869565	0.08695652173913043	0.043478260869565216	0.043478260869565216	0.0	0.043478260869565216	0.13043478260869565	0.08695652173913043	0.0	0.043478260869565216	0.043478260869565216	0.043478260869565216	0.08695652173913043	0.13043478260869565	0.0	0.0	0.0	0.6460674157303371	0.17415730337078653	0.16292134831460675	0.016853932584269662	0.0	0.0	0.0	9.37213890746541	15.574099539005735	24.389	21.452	19.009999999999998	6.881908281578817	4.711570569048995	4.275210974634488	0.007905138339920948	0.09486166007905138	0.10276679841897234	0.13438735177865613	0.09881422924901186	0.33201581027667987	0.19367588932806323	0.03557312252964427	0.0	0.20553359683794467	4.521739130434782	1.528556159238865
RCSB-6RQ9-KEQ-KD:S1	RCSB-6RQ9-KEQ-KD	S1	construct-005-6f4aa0a92e90	6f4aa0a92e902b75f71eaad4d939a99889607aea7addb58c35e3b830ffbfe3b3	P9WPP7	6RQ9	KEQ	SXIBGFQFSYRUSU-IRXDYDNUSA-N	COc1ccc(C[C@@H]2NC(=O)[C@H](Cc3ccc(O)cc3)NC2=O)cc1	4.982966660701219	2IJ7	3cef794b507c8abb69c0d54d692da0ed33ef7d86cd46bef65f8a2f376a3e2b22	1	B	2IJ7	TPF	62;77;78;82;83;84;85;86;87;167;168;169;229;230;232;233;236;237;280;284;343;385;386	62;77;78;82;83;84;85;86;87;167;168;169;229;230;232;233;236;237;280;284;343;385;386		fixed_historical_reference_receptor	False	True	False	23.0	178.0	1.0	0.0	0.08695652173913043	0.0	0.0	0.0	0.13043478260869565	0.08695652173913043	0.043478260869565216	0.043478260869565216	0.0	0.043478260869565216	0.13043478260869565	0.08695652173913043	0.0	0.043478260869565216	0.043478260869565216	0.043478260869565216	0.08695652173913043	0.13043478260869565	0.0	0.0	0.0	0.6460674157303371	0.17415730337078653	0.16292134831460675	0.016853932584269662	0.0	0.0	0.0	9.39136659049838	15.71867899111732	28.331000000000017	18.540000000000003	18.45	6.959997083900215	4.748595109828645	4.148138318829442	0.007905138339920948	0.09881422924901186	0.10276679841897234	0.11462450592885376	0.13043478260869565	0.30434782608695654	0.2015810276679842	0.039525691699604744	0.0	0.20948616600790515	4.608695652173913	1.4960565681813263
RCSB-6RQD-KEW-KD:S0	RCSB-6RQD-KEW-KD	S0	construct-005-6f4aa0a92e90	6f4aa0a92e902b75f71eaad4d939a99889607aea7addb58c35e3b830ffbfe3b3	P9WPP7	6RQD	KEW	DPXFBAHRLYLKSZ-GJZGRUSLSA-N	O=C1N[C@@H](Cc2ccc(O)c(Cl)c2)C(=O)N[C@H]1Cc1ccc(O)cc1	5.823908740944319	6RQD	00b86dee23a38bc0c8173c13929687707da601d949295af94ed449d9165faccc	1	A	2IJ7	TPF	62;77;78;82;83;84;85;86;87;167;168;169;229;230;232;233;236;237;280;284;343;385;386	62;77;78;82;83;84;85;86;87;167;168;169;229;230;232;233;236;237;280;284;343;385;386		query_holo_receptor	True	True	False	23.0	178.0	1.0	0.0	0.08695652173913043	0.0	0.0	0.0	0.13043478260869565	0.08695652173913043	0.043478260869565216	0.043478260869565216	0.0	0.043478260869565216	0.13043478260869565	0.08695652173913043	0.0	0.043478260869565216	0.043478260869565216	0.043478260869565216	0.08695652173913043	0.13043478260869565	0.0	0.0	0.0	0.6460674157303371	0.17415730337078653	0.16292134831460675	0.016853932584269662	0.0	0.0	0.0	9.425948346348662	15.563506314093267	24.636999999999972	21.515	19.081	6.939677253951891	4.716749135033856	4.294375325489517	0.007905138339920948	0.09881422924901186	0.09486166007905138	0.12648221343873517	0.10276679841897234	0.31620553359683795	0.2134387351778656	0.039525691699604744	0.0	0.2015810276679842	4.434782608695652	1.498581559966442
RCSB-6RQD-KEW-KD:S1	RCSB-6RQD-KEW-KD	S1	construct-005-6f4aa0a92e90	6f4aa0a92e902b75f71eaad4d939a99889607aea7addb58c35e3b830ffbfe3b3	P9WPP7	6RQD	KEW	DPXFBAHRLYLKSZ-GJZGRUSLSA-N	O=C1N[C@@H](Cc2ccc(O)c(Cl)c2)C(=O)N[C@H]1Cc1ccc(O)cc1	5.823908740944319	2IJ7	3cef794b507c8abb69c0d54d692da0ed33ef7d86cd46bef65f8a2f376a3e2b22	1	B	2IJ7	TPF	62;77;78;82;83;84;85;86;87;167;168;169;229;230;232;233;236;237;280;284;343;385;386	62;77;78;82;83;84;85;86;87;167;168;169;229;230;232;233;236;237;280;284;343;385;386		fixed_historical_reference_receptor	False	True	False	23.0	178.0	1.0	0.0	0.08695652173913043	0.0	0.0	0.0	0.13043478260869565	0.08695652173913043	0.043478260869565216	0.043478260869565216	0.0	0.043478260869565216	0.13043478260869565	0.08695652173913043	0.0	0.043478260869565216	0.043478260869565216	0.043478260869565216	0.08695652173913043	0.13043478260869565	0.0	0.0	0.0	0.6460674157303371	0.17415730337078653	0.16292134831460675	0.016853932584269662	0.0	0.0	0.0	9.39136659049838	15.71867899111732	28.331000000000017	18.540000000000003	18.45	6.959997083900215	4.748595109828645	4.148138318829442	0.007905138339920948	0.09881422924901186	0.10276679841897234	0.11462450592885376	0.13043478260869565	0.30434782608695654	0.2015810276679842	0.039525691699604744	0.0	0.20948616600790515	4.608695652173913	1.4960565681813263
RCSB-6RQ1-KE5-KD:S0	RCSB-6RQ1-KE5-KD	S0	construct-005-6f4aa0a92e90	6f4aa0a92e902b75f71eaad4d939a99889607aea7addb58c35e3b830ffbfe3b3	P9WPP7	6RQ1	KE5	OLLRPTQZHVLIEA-IRXDYDNUSA-N	Cc1cc(O)ccc1C[C@@H]1NC(=O)[C@H](Cc2ccc(O)cc2)NC1=O	4.400116927926312	6RQ1	734fe2eac031e3034cefe4bfda76daa89ada91f63bcb9aeb1f991d5949c9889d	1	A	2IJ7	TPF	62;77;78;82;83;84;85;86;87;167;168;169;229;230;232;233;236;237;280;284;343;385;386	62;77;78;82;83;84;85;86;87;167;168;169;229;230;232;233;236;237;280;284;343;385;386		query_holo_receptor	True	True	False	23.0	178.0	1.0	0.0	0.08695652173913043	0.0	0.0	0.0	0.13043478260869565	0.08695652173913043	0.043478260869565216	0.043478260869565216	0.0	0.043478260869565216	0.13043478260869565	0.08695652173913043	0.0	0.043478260869565216	0.043478260869565216	0.043478260869565216	0.08695652173913043	0.13043478260869565	0.0	0.0	0.0	0.6460674157303371	0.17415730337078653	0.16292134831460675	0.016853932584269662	0.0	0.0	0.0	9.41173197514836	15.550787971577465	24.431	21.412	19.073999999999998	6.917366262569667	4.724027281804956	4.2911896954405915	0.007905138339920948	0.09486166007905138	0.1067193675889328	0.11462450592885376	0.11067193675889328	0.31225296442687744	0.2134387351778656	0.039525691699604744	0.0	0.20948616600790515	4.608695652173913	1.4960565681813263
RCSB-6RQ1-KE5-KD:S1	RCSB-6RQ1-KE5-KD	S1	construct-005-6f4aa0a92e90	6f4aa0a92e902b75f71eaad4d939a99889607aea7addb58c35e3b830ffbfe3b3	P9WPP7	6RQ1	KE5	OLLRPTQZHVLIEA-IRXDYDNUSA-N	Cc1cc(O)ccc1C[C@@H]1NC(=O)[C@H](Cc2ccc(O)cc2)NC1=O	4.400116927926312	2IJ7	3cef794b507c8abb69c0d54d692da0ed33ef7d86cd46bef65f8a2f376a3e2b22	1	B	2IJ7	TPF	62;77;78;82;83;84;85;86;87;167;168;169;229;230;232;233;236;237;280;284;343;385;386	62;77;78;82;83;84;85;86;87;167;168;169;229;230;232;233;236;237;280;284;343;385;386		fixed_historical_reference_receptor	False	True	False	23.0	178.0	1.0	0.0	0.08695652173913043	0.0	0.0	0.0	0.13043478260869565	0.08695652173913043	0.043478260869565216	0.043478260869565216	0.0	0.043478260869565216	0.13043478260869565	0.08695652173913043	0.0	0.043478260869565216	0.043478260869565216	0.043478260869565216	0.08695652173913043	0.13043478260869565	0.0	0.0	0.0	0.6460674157303371	0.17415730337078653	0.16292134831460675	0.016853932584269662	0.0	0.0	0.0	9.39136659049838	15.71867899111732	28.331000000000017	18.540000000000003	18.45	6.959997083900215	4.748595109828645	4.148138318829442	0.007905138339920948	0.09881422924901186	0.10276679841897234	0.11462450592885376	0.13043478260869565	0.30434782608695654	0.2015810276679842	0.039525691699604744	0.0	0.20948616600790515	4.608695652173913	1.4960565681813263
RCSB-6RQ8-KEH-KD:S0	RCSB-6RQ8-KEH-KD	S0	construct-005-6f4aa0a92e90	6f4aa0a92e902b75f71eaad4d939a99889607aea7addb58c35e3b830ffbfe3b3	P9WPP7	6RQ8	KEH	NQIPTQNZLHTHOS-GJZGRUSLSA-N	O=C1N[C@@H](Cc2ccc(O)c(I)c2)C(=O)N[C@H]1Cc1ccc(O)cc1	6.552841968657781	6RQ8	1dab257e0da290a5472d1887ecd8f58ed4b085b948a9376b4723d1e126392a1f	1	A	2IJ7	TPF	62;77;78;82;83;84;85;86;87;167;168;169;229;230;232;233;236;237;280;284;343;385;386	62;77;78;82;83;84;85;86;87;167;168;169;229;230;232;233;236;237;280;284;343;385;386		query_holo_receptor	True	True	False	23.0	178.0	1.0	0.0	0.08695652173913043	0.0	0.0	0.0	0.13043478260869565	0.08695652173913043	0.043478260869565216	0.043478260869565216	0.0	0.043478260869565216	0.13043478260869565	0.08695652173913043	0.0	0.043478260869565216	0.043478260869565216	0.043478260869565216	0.08695652173913043	0.13043478260869565	0.0	0.0	0.0	0.6460674157303371	0.17415730337078653	0.16292134831460675	0.016853932584269662	0.0	0.0	0.0	9.39656796800103	15.616235861761078	24.579	21.469	19.084	6.918820196831249	4.69659597522885	4.285720815294333	0.007905138339920948	0.09881422924901186	0.09881422924901186	0.12648221343873517	0.10276679841897234	0.31620553359683795	0.20948616600790515	0.039525691699604744	0.0	0.20553359683794467	4.521739130434782	1.528556159238865
RCSB-6RQ8-KEH-KD:S1	RCSB-6RQ8-KEH-KD	S1	construct-005-6f4aa0a92e90	6f4aa0a92e902b75f71eaad4d939a99889607aea7addb58c35e3b830ffbfe3b3	P9WPP7	6RQ8	KEH	NQIPTQNZLHTHOS-GJZGRUSLSA-N	O=C1N[C@@H](Cc2ccc(O)c(I)c2)C(=O)N[C@H]1Cc1ccc(O)cc1	6.552841968657781	2IJ7	3cef794b507c8abb69c0d54d692da0ed33ef7d86cd46bef65f8a2f376a3e2b22	1	B	2IJ7	TPF	62;77;78;82;83;84;85;86;87;167;168;169;229;230;232;233;236;237;280;284;343;385;386	62;77;78;82;83;84;85;86;87;167;168;169;229;230;232;233;236;237;280;284;343;385;386		fixed_historical_reference_receptor	False	True	False	23.0	178.0	1.0	0.0	0.08695652173913043	0.0	0.0	0.0	0.13043478260869565	0.08695652173913043	0.043478260869565216	0.043478260869565216	0.0	0.043478260869565216	0.13043478260869565	0.08695652173913043	0.0	0.043478260869565216	0.043478260869565216	0.043478260869565216	0.08695652173913043	0.13043478260869565	0.0	0.0	0.0	0.6460674157303371	0.17415730337078653	0.16292134831460675	0.016853932584269662	0.0	0.0	0.0	9.39136659049838	15.71867899111732	28.331000000000017	18.540000000000003	18.45	6.959997083900215	4.748595109828645	4.148138318829442	0.007905138339920948	0.09881422924901186	0.10276679841897234	0.11462450592885376	0.13043478260869565	0.30434782608695654	0.2015810276679842	0.039525691699604744	0.0	0.20948616600790515	4.608695652173913	1.4960565681813263
RCSB-6RQ5-KEB-KD:S0	RCSB-6RQ5-KEB-KD	S0	construct-005-6f4aa0a92e90	6f4aa0a92e902b75f71eaad4d939a99889607aea7addb58c35e3b830ffbfe3b3	P9WPP7	6RQ5	KEB	UCEYENNEMBTPOB-IRXDYDNUSA-N	Cc1cc(C[C@@H]2NC(=O)[C@H](Cc3ccc(O)cc3)NC2=O)cc(C)c1O	4.82102305270683	6RQ5	c25cfb26429540d25e9acaf658583cf8e617287e95aa8077af25cfad7019776b	1	A	2IJ7	TPF	62;77;78;82;83;84;85;86;87;167;168;169;229;230;232;233;236;237;280;284;343;385;386	62;77;78;82;83;84;85;86;87;167;168;169;229;230;232;233;236;237;280;284;343;385;386		query_holo_receptor	True	True	False	23.0	178.0	1.0	0.0	0.08695652173913043	0.0	0.0	0.0	0.13043478260869565	0.08695652173913043	0.043478260869565216	0.043478260869565216	0.0	0.043478260869565216	0.13043478260869565	0.08695652173913043	0.0	0.043478260869565216	0.043478260869565216	0.043478260869565216	0.08695652173913043	0.13043478260869565	0.0	0.0	0.0	0.6460674157303371	0.17415730337078653	0.16292134831460675	0.016853932584269662	0.0	0.0	0.0	9.353507866455233	15.45630103164804	24.498	21.598000000000003	18.828	6.917032502040077	4.629713198563792	4.267145002528663	0.007905138339920948	0.09881422924901186	0.09881422924901186	0.1383399209486166	0.09090909090909091	0.3201581027667984	0.20553359683794467	0.039525691699604744	0.0	0.20553359683794467	4.521739130434782	1.528556159238865
RCSB-6RQ5-KEB-KD:S1	RCSB-6RQ5-KEB-KD	S1	construct-005-6f4aa0a92e90	6f4aa0a92e902b75f71eaad4d939a99889607aea7addb58c35e3b830ffbfe3b3	P9WPP7	6RQ5	KEB	UCEYENNEMBTPOB-IRXDYDNUSA-N	Cc1cc(C[C@@H]2NC(=O)[C@H](Cc3ccc(O)cc3)NC2=O)cc(C)c1O	4.82102305270683	2IJ7	3cef794b507c8abb69c0d54d692da0ed33ef7d86cd46bef65f8a2f376a3e2b22	1	B	2IJ7	TPF	62;77;78;82;83;84;85;86;87;167;168;169;229;230;232;233;236;237;280;284;343;385;386	62;77;78;82;83;84;85;86;87;167;168;169;229;230;232;233;236;237;280;284;343;385;386		fixed_historical_reference_receptor	False	True	False	23.0	178.0	1.0	0.0	0.08695652173913043	0.0	0.0	0.0	0.13043478260869565	0.08695652173913043	0.043478260869565216	0.043478260869565216	0.0	0.043478260869565216	0.13043478260869565	0.08695652173913043	0.0	0.043478260869565216	0.043478260869565216	0.043478260869565216	0.08695652173913043	0.13043478260869565	0.0	0.0	0.0	0.6460674157303371	0.17415730337078653	0.16292134831460675	0.016853932584269662	0.0	0.0	0.0	9.39136659049838	15.71867899111732	28.331000000000017	18.540000000000003	18.45	6.959997083900215	4.748595109828645	4.148138318829442	0.007905138339920948	0.09881422924901186	0.10276679841897234	0.11462450592885376	0.13043478260869565	0.30434782608695654	0.2015810276679842	0.039525691699604744	0.0	0.20948616600790515	4.608695652173913	1.4960565681813263
RCSB-6UIK-Q8M-KD:S0	RCSB-6UIK-Q8M-KD	S0	construct-006-4c5802bc11cc	4c5802bc11cc5b7f44d46300892a69aab5ae957cde8e1acb6ac683003f05de91	P61964	6UIK	Q8M	RWBIWQQGKHMDCL-UHFFFAOYSA-N	O=S(=O)(Nc1cn(C2CCCC2)cn1)c1cc(Br)cc(Cl)c1O	6.3979400086720375	6UIK	85bc9041e8aafd8daa8c4abb709d9c6aca203d53bf2b3998d5ba5d7e92907226	1	A	6U5Y	Q0M	193;194;195;196;197;198;210;219;220;222;235;236;237;238;241;242;243;244;258;259;260	193;194;195;196;197;198;210;219;220;222;235;236;237;238;241;242;243;244;258;259;260		query_holo_receptor	True	True	False	21.0	174.0	1.0	0.0	0.0	0.0	0.0	0.0	0.047619047619047616	0.09523809523809523	0.0	0.047619047619047616	0.14285714285714285	0.14285714285714285	0.0	0.09523809523809523	0.047619047619047616	0.047619047619047616	0.0	0.09523809523809523	0.047619047619047616	0.047619047619047616	0.047619047619047616	0.09523809523809523	0.0	0.6724137931034483	0.16091954022988506	0.16666666666666666	0.0	0.0	0.0	0.0	8.371067457192638	13.410645157948874	21.452	19.323000000000008	16.521	5.704498029662869	5.065194323008976	3.446342854766439	0.01904761904761905	0.11904761904761904	0.12380952380952381	0.11428571428571428	0.16666666666666666	0.3333333333333333	0.11904761904761904	0.004761904761904762	0.0	0.2619047619047619	5.238095238095238	1.5088551921671296
RCSB-6UIK-Q8M-KD:S1	RCSB-6UIK-Q8M-KD	S1	construct-006-4c5802bc11cc	4c5802bc11cc5b7f44d46300892a69aab5ae957cde8e1acb6ac683003f05de91	P61964	6UIK	Q8M	RWBIWQQGKHMDCL-UHFFFAOYSA-N	O=S(=O)(Nc1cn(C2CCCC2)cn1)c1cc(Br)cc(Cl)c1O	6.3979400086720375	6U5Y	b18b9f6a53408a71c1d8443a253c2884eb2b5aa49f06c4f4d04becc3fef57459	1	A	6U5Y	Q0M	193;194;195;196;197;198;210;219;220;222;235;236;237;238;241;242;243;244;258;259;260	193;194;195;196;197;198;210;219;220;222;235;236;237;238;241;242;243;244;258;259;260		fixed_historical_reference_receptor	False	True	False	21.0	174.0	1.0	0.0	0.0	0.0	0.0	0.0	0.047619047619047616	0.09523809523809523	0.0	0.047619047619047616	0.14285714285714285	0.14285714285714285	0.0	0.09523809523809523	0.047619047619047616	0.047619047619047616	0.0	0.09523809523809523	0.047619047619047616	0.047619047619047616	0.047619047619047616	0.09523809523809523	0.0	0.6724137931034483	0.16091954022988506	0.16666666666666666	0.0	0.0	0.0	0.0	8.312999892319503	11.818389120085032	20.965	19.436	19.383000000000003	5.6756077762005175	4.984547686964971	3.4709837131292387	0.023809523809523808	0.11428571428571428	0.10952380952380952	0.13333333333333333	0.17142857142857143	0.3238095238095238	0.11904761904761904	0.004761904761904762	0.0	0.24761904761904763	4.9523809523809526	1.361938061530961
RCSB-6U8O-Q1G-KD:S0	RCSB-6U8O-Q1G-KD	S0	construct-006-4c5802bc11cc	4c5802bc11cc5b7f44d46300892a69aab5ae957cde8e1acb6ac683003f05de91	P61964	6U8O	Q1G	DMCFTKWJTBOJFX-UHFFFAOYSA-N	N#CC1(c2ccc(O)c(NS(=O)(=O)c3cc(Br)ccc3O)c2)CCC1	6.539102157243452	6U8O	b995823fde62b5e12d76c48935a27d68b0020d9f52b7063cdc1747825d7081f2	1	A	6U5Y	Q0M	193;194;195;196;197;198;210;219;220;222;235;236;237;238;241;242;243;244;258;259;260	193;194;195;196;197;198;210;219;220;222;235;236;237;238;241;242;243;244;258;259;260		query_holo_receptor	True	True	False	21.0	174.0	1.0	0.0	0.0	0.0	0.0	0.0	0.047619047619047616	0.09523809523809523	0.0	0.047619047619047616	0.14285714285714285	0.14285714285714285	0.0	0.09523809523809523	0.047619047619047616	0.047619047619047616	0.0	0.09523809523809523	0.047619047619047616	0.047619047619047616	0.047619047619047616	0.09523809523809523	0.0	0.6724137931034483	0.16091954022988506	0.16666666666666666	0.0	0.0	0.0	0.0	8.383802486511982	12.492870916215555	21.79	19.733	17.905	5.724351389438614	5.033046457067177	3.491187285735361	0.014285714285714285	0.11904761904761904	0.12380952380952381	0.10952380952380952	0.18571428571428572	0.3142857142857143	0.12857142857142856	0.004761904761904762	0.0	0.2571428571428571	5.142857142857143	1.5822140691272524
RCSB-6U8O-Q1G-KD:S1	RCSB-6U8O-Q1G-KD	S1	construct-006-4c5802bc11cc	4c5802bc11cc5b7f44d46300892a69aab5ae957cde8e1acb6ac683003f05de91	P61964	6U8O	Q1G	DMCFTKWJTBOJFX-UHFFFAOYSA-N	N#CC1(c2ccc(O)c(NS(=O)(=O)c3cc(Br)ccc3O)c2)CCC1	6.539102157243452	6U5Y	b18b9f6a53408a71c1d8443a253c2884eb2b5aa49f06c4f4d04becc3fef57459	1	A	6U5Y	Q0M	193;194;195;196;197;198;210;219;220;222;235;236;237;238;241;242;243;244;258;259;260	193;194;195;196;197;198;210;219;220;222;235;236;237;238;241;242;243;244;258;259;260		fixed_historical_reference_receptor	False	True	False	21.0	174.0	1.0	0.0	0.0	0.0	0.0	0.0	0.047619047619047616	0.09523809523809523	0.0	0.047619047619047616	0.14285714285714285	0.14285714285714285	0.0	0.09523809523809523	0.047619047619047616	0.047619047619047616	0.0	0.09523809523809523	0.047619047619047616	0.047619047619047616	0.047619047619047616	0.09523809523809523	0.0	0.6724137931034483	0.16091954022988506	0.16666666666666666	0.0	0.0	0.0	0.0	8.312999892319503	11.818389120085032	20.965	19.436	19.383000000000003	5.6756077762005175	4.984547686964971	3.4709837131292387	0.023809523809523808	0.11428571428571428	0.10952380952380952	0.13333333333333333	0.17142857142857143	0.3238095238095238	0.11904761904761904	0.004761904761904762	0.0	0.24761904761904763	4.9523809523809526	1.361938061530961
RCSB-6UIF-Q8P-KD:S0	RCSB-6UIF-Q8P-KD	S0	construct-006-4c5802bc11cc	4c5802bc11cc5b7f44d46300892a69aab5ae957cde8e1acb6ac683003f05de91	P61964	6UIF	Q8P	KXQTXSQWNIVQDX-UHFFFAOYSA-N	CNC(=O)c1nc(NS(=O)(=O)c2cc(Br)cc(Cl)c2O)cn1C1CCCC1	6.769551078621726	6UIF	a766986317c02b5bf4bcf2775dc30619021731c26e0df02c9d98b053a265f9f1	1	A	6U5Y	Q0M	193;194;195;196;197;198;210;219;220;222;235;236;237;238;241;242;243;244;258;259;260	193;194;195;196;197;198;210;219;220;222;235;236;237;238;241;242;243;244;258;259;260		query_holo_receptor	True	True	False	21.0	170.0	1.0	0.0	0.0	0.0	0.0	0.0	0.047619047619047616	0.09523809523809523	0.0	0.047619047619047616	0.14285714285714285	0.14285714285714285	0.0	0.09523809523809523	0.047619047619047616	0.047619047619047616	0.0	0.09523809523809523	0.047619047619047616	0.047619047619047616	0.047619047619047616	0.09523809523809523	0.0	0.6705882352941176	0.1588235294117647	0.17058823529411765	0.0	0.0	0.0	0.0	8.273658767324857	12.001316393560304	20.451999999999998	19.992999999999995	19.360999999999997	5.569199589513798	5.080112631555568	3.4102640632362173	0.023809523809523808	0.11904761904761904	0.10476190476190476	0.12380952380952381	0.18095238095238095	0.3238095238095238	0.11904761904761904	0.004761904761904762	0.0	0.24761904761904763	4.9523809523809526	1.526782813512514
RCSB-6UIF-Q8P-KD:S1	RCSB-6UIF-Q8P-KD	S1	construct-006-4c5802bc11cc	4c5802bc11cc5b7f44d46300892a69aab5ae957cde8e1acb6ac683003f05de91	P61964	6UIF	Q8P	KXQTXSQWNIVQDX-UHFFFAOYSA-N	CNC(=O)c1nc(NS(=O)(=O)c2cc(Br)cc(Cl)c2O)cn1C1CCCC1	6.769551078621726	6U5Y	b18b9f6a53408a71c1d8443a253c2884eb2b5aa49f06c4f4d04becc3fef57459	1	A	6U5Y	Q0M	193;194;195;196;197;198;210;219;220;222;235;236;237;238;241;242;243;244;258;259;260	193;194;195;196;197;198;210;219;220;222;235;236;237;238;241;242;243;244;258;259;260		fixed_historical_reference_receptor	False	True	False	21.0	174.0	1.0	0.0	0.0	0.0	0.0	0.0	0.047619047619047616	0.09523809523809523	0.0	0.047619047619047616	0.14285714285714285	0.14285714285714285	0.0	0.09523809523809523	0.047619047619047616	0.047619047619047616	0.0	0.09523809523809523	0.047619047619047616	0.047619047619047616	0.047619047619047616	0.09523809523809523	0.0	0.6724137931034483	0.16091954022988506	0.16666666666666666	0.0	0.0	0.0	0.0	8.312999892319503	11.818389120085032	20.965	19.436	19.383000000000003	5.6756077762005175	4.984547686964971	3.4709837131292387	0.023809523809523808	0.11428571428571428	0.10952380952380952	0.13333333333333333	0.17142857142857143	0.3238095238095238	0.11904761904761904	0.004761904761904762	0.0	0.24761904761904763	4.9523809523809526	1.361938061530961
RCSB-6UJ4-Q8S-KD:S0	RCSB-6UJ4-Q8S-KD	S0	construct-006-4c5802bc11cc	4c5802bc11cc5b7f44d46300892a69aab5ae957cde8e1acb6ac683003f05de91	P61964	6UJ4	Q8S	WOKCPJTYIUMFPY-UHFFFAOYSA-N	Cc1nc(NS(=O)(=O)c2cc(Br)cc(Cl)c2O)cn1C1CCCC1	6.769551078621726	6UJ4	d9b712da4d75856ff87dc6ca7abac01f98ce8218073b7f7106e240c283f2fccc	1	A	6U5Y	Q0M	193;194;195;196;197;198;210;219;220;222;235;236;237;238;241;242;243;244;258;259;260	193;194;195;196;197;198;210;219;220;222;235;236;237;238;241;242;243;244;258;259;260		query_holo_receptor	True	True	False	21.0	170.0	1.0	0.0	0.0	0.0	0.0	0.0	0.047619047619047616	0.09523809523809523	0.0	0.047619047619047616	0.14285714285714285	0.14285714285714285	0.0	0.09523809523809523	0.047619047619047616	0.047619047619047616	0.0	0.09523809523809523	0.047619047619047616	0.047619047619047616	0.047619047619047616	0.09523809523809523	0.0	0.6705882352941176	0.1588235294117647	0.17058823529411765	0.0	0.0	0.0	0.0	8.250615358403174	11.957413982498815	19.602	19.362	18.935	5.524575166284207	5.107683912470817	3.38574778663163	0.023809523809523808	0.11904761904761904	0.10952380952380952	0.12857142857142856	0.17142857142857143	0.34285714285714286	0.1	0.004761904761904762	0.0	0.2523809523809524	5.0476190476190474	1.5267828135125139
RCSB-6UJ4-Q8S-KD:S1	RCSB-6UJ4-Q8S-KD	S1	construct-006-4c5802bc11cc	4c5802bc11cc5b7f44d46300892a69aab5ae957cde8e1acb6ac683003f05de91	P61964	6UJ4	Q8S	WOKCPJTYIUMFPY-UHFFFAOYSA-N	Cc1nc(NS(=O)(=O)c2cc(Br)cc(Cl)c2O)cn1C1CCCC1	6.769551078621726	6U5Y	b18b9f6a53408a71c1d8443a253c2884eb2b5aa49f06c4f4d04becc3fef57459	1	A	6U5Y	Q0M	193;194;195;196;197;198;210;219;220;222;235;236;237;238;241;242;243;244;258;259;260	193;194;195;196;197;198;210;219;220;222;235;236;237;238;241;242;243;244;258;259;260		fixed_historical_reference_receptor	False	True	False	21.0	174.0	1.0	0.0	0.0	0.0	0.0	0.0	0.047619047619047616	0.09523809523809523	0.0	0.047619047619047616	0.14285714285714285	0.14285714285714285	0.0	0.09523809523809523	0.047619047619047616	0.047619047619047616	0.0	0.09523809523809523	0.047619047619047616	0.047619047619047616	0.047619047619047616	0.09523809523809523	0.0	0.6724137931034483	0.16091954022988506	0.16666666666666666	0.0	0.0	0.0	0.0	8.312999892319503	11.818389120085032	20.965	19.436	19.383000000000003	5.6756077762005175	4.984547686964971	3.4709837131292387	0.023809523809523808	0.11428571428571428	0.10952380952380952	0.13333333333333333	0.17142857142857143	0.3238095238095238	0.11904761904761904	0.004761904761904762	0.0	0.24761904761904763	4.9523809523809526	1.361938061530961
RCSB-6UOZ-QF1-KD:S0	RCSB-6UOZ-QF1-KD	S0	construct-006-4c5802bc11cc	4c5802bc11cc5b7f44d46300892a69aab5ae957cde8e1acb6ac683003f05de91	P61964	6UOZ	QF1	ZBIVDOJYQHNICX-UHFFFAOYSA-N	CS(=O)(=O)c1nc(NS(=O)(=O)c2cc(Br)cc(Cl)c2O)cn1C1CCCC1	7.0	6UOZ	e3be6a405027d4199c419209c9d6572486febddfebb10c901c302f4aba49c10f	1	A	6U5Y	Q0M	193;194;195;196;197;198;210;219;220;222;235;236;237;238;241;242;243;244;258;259;260	193;194;195;196;197;198;210;219;220;222;235;236;237;238;241;242;243;244;258;259;260		query_holo_receptor	True	True	False	21.0	170.0	1.0	0.0	0.0	0.0	0.0	0.0	0.047619047619047616	0.09523809523809523	0.0	0.047619047619047616	0.14285714285714285	0.14285714285714285	0.0	0.09523809523809523	0.047619047619047616	0.047619047619047616	0.0	0.09523809523809523	0.047619047619047616	0.047619047619047616	0.047619047619047616	0.09523809523809523	0.0	0.6705882352941176	0.1588235294117647	0.17058823529411765	0.0	0.0	0.0	0.0	8.25955564098786	12.014518414446448	20.348	19.940000000000005	19.294	5.558885841958166	5.062708482074692	3.418776156489395	0.01904761904761905	0.12857142857142856	0.1	0.12857142857142856	0.18095238095238095	0.319047619047619	0.11904761904761904	0.004761904761904762	0.0	0.24761904761904763	4.9523809523809526	1.526782813512514
RCSB-6UOZ-QF1-KD:S1	RCSB-6UOZ-QF1-KD	S1	construct-006-4c5802bc11cc	4c5802bc11cc5b7f44d46300892a69aab5ae957cde8e1acb6ac683003f05de91	P61964	6UOZ	QF1	ZBIVDOJYQHNICX-UHFFFAOYSA-N	CS(=O)(=O)c1nc(NS(=O)(=O)c2cc(Br)cc(Cl)c2O)cn1C1CCCC1	7.0	6U5Y	b18b9f6a53408a71c1d8443a253c2884eb2b5aa49f06c4f4d04becc3fef57459	1	A	6U5Y	Q0M	193;194;195;196;197;198;210;219;220;222;235;236;237;238;241;242;243;244;258;259;260	193;194;195;196;197;198;210;219;220;222;235;236;237;238;241;242;243;244;258;259;260		fixed_historical_reference_receptor	False	True	False	21.0	174.0	1.0	0.0	0.0	0.0	0.0	0.0	0.047619047619047616	0.09523809523809523	0.0	0.047619047619047616	0.14285714285714285	0.14285714285714285	0.0	0.09523809523809523	0.047619047619047616	0.047619047619047616	0.0	0.09523809523809523	0.047619047619047616	0.047619047619047616	0.047619047619047616	0.09523809523809523	0.0	0.6724137931034483	0.16091954022988506	0.16666666666666666	0.0	0.0	0.0	0.0	8.312999892319503	11.818389120085032	20.965	19.436	19.383000000000003	5.6756077762005175	4.984547686964971	3.4709837131292387	0.023809523809523808	0.11428571428571428	0.10952380952380952	0.13333333333333333	0.17142857142857143	0.3238095238095238	0.11904761904761904	0.004761904761904762	0.0	0.24761904761904763	4.9523809523809526	1.361938061530961
RCSB-6U5M-Q0S-KD:S0	RCSB-6U5M-Q0S-KD	S0	construct-006-4c5802bc11cc	4c5802bc11cc5b7f44d46300892a69aab5ae957cde8e1acb6ac683003f05de91	P61964	6U5M	Q0S	GXKWWSXTDOWSFB-UHFFFAOYSA-N	CS(=O)(=O)c1cc(NS(=O)(=O)c2cc(Br)ccc2O)cc(S(F)(F)(F)(F)F)c1	6.291579099865287	6U5M	bd1c8ecc417a6d30651dd388757a65f32329de086354af14f171734e46c30cc0	1	B	6U5Y	Q0M	193;194;195;196;197;198;210;219;220;222;235;236;237;238;241;242;243;244;258;259;260	193;194;195;196;197;198;210;219;220;222;235;236;237;238;241;242;243;244;258;259;260		query_holo_receptor	True	True	False	21.0	171.0	1.0	0.0	0.0	0.0	0.0	0.0	0.047619047619047616	0.09523809523809523	0.0	0.047619047619047616	0.14285714285714285	0.14285714285714285	0.0	0.09523809523809523	0.047619047619047616	0.047619047619047616	0.0	0.09523809523809523	0.047619047619047616	0.047619047619047616	0.047619047619047616	0.09523809523809523	0.0	0.672514619883041	0.15789473684210525	0.1695906432748538	0.0	0.0	0.0	0.0	8.283942095411374	11.986262984132486	20.139999999999997	19.096000000000004	16.972	5.634452697970471	5.00724188867155	3.435719444715303	0.023809523809523808	0.11904761904761904	0.10952380952380952	0.12380952380952381	0.18095238095238095	0.3238095238095238	0.11428571428571428	0.004761904761904762	0.0	0.2523809523809524	5.0476190476190474	1.4952684255340554
RCSB-6U5M-Q0S-KD:S1	RCSB-6U5M-Q0S-KD	S1	construct-006-4c5802bc11cc	4c5802bc11cc5b7f44d46300892a69aab5ae957cde8e1acb6ac683003f05de91	P61964	6U5M	Q0S	GXKWWSXTDOWSFB-UHFFFAOYSA-N	CS(=O)(=O)c1cc(NS(=O)(=O)c2cc(Br)ccc2O)cc(S(F)(F)(F)(F)F)c1	6.291579099865287	6U5Y	b18b9f6a53408a71c1d8443a253c2884eb2b5aa49f06c4f4d04becc3fef57459	1	A	6U5Y	Q0M	193;194;195;196;197;198;210;219;220;222;235;236;237;238;241;242;243;244;258;259;260	193;194;195;196;197;198;210;219;220;222;235;236;237;238;241;242;243;244;258;259;260		fixed_historical_reference_receptor	False	True	False	21.0	174.0	1.0	0.0	0.0	0.0	0.0	0.0	0.047619047619047616	0.09523809523809523	0.0	0.047619047619047616	0.14285714285714285	0.14285714285714285	0.0	0.09523809523809523	0.047619047619047616	0.047619047619047616	0.0	0.09523809523809523	0.047619047619047616	0.047619047619047616	0.047619047619047616	0.09523809523809523	0.0	0.6724137931034483	0.16091954022988506	0.16666666666666666	0.0	0.0	0.0	0.0	8.312999892319503	11.818389120085032	20.965	19.436	19.383000000000003	5.6756077762005175	4.984547686964971	3.4709837131292387	0.023809523809523808	0.11428571428571428	0.10952380952380952	0.13333333333333333	0.17142857142857143	0.3238095238095238	0.11904761904761904	0.004761904761904762	0.0	0.24761904761904763	4.9523809523809526	1.361938061530961
RCSB-6U8L-Q1P-KD:S0	RCSB-6U8L-Q1P-KD	S0	construct-006-4c5802bc11cc	4c5802bc11cc5b7f44d46300892a69aab5ae957cde8e1acb6ac683003f05de91	P61964	6U8L	Q1P	LZQVQCAIOFNYFL-UHFFFAOYSA-N	O=C(O)c1c(O)c(NS(=O)(=O)c2cc(Br)ccc2O)cc(C2CC2)c1F	6.913640169325252	6U8L	4db17ebde1b517d05539b1f7eee8e1c679981ccc81a4efad50126d2717ab1f7a	1	B	6U5Y	Q0M	193;194;195;196;197;198;210;219;220;222;235;236;237;238;241;242;243;244;258;259;260	193;194;195;196;197;198;210;219;220;222;235;236;237;238;241;242;243;244;258;259;260		query_holo_receptor	True	True	False	21.0	174.0	1.0	0.0	0.0	0.0	0.0	0.0	0.047619047619047616	0.09523809523809523	0.0	0.047619047619047616	0.14285714285714285	0.14285714285714285	0.0	0.09523809523809523	0.047619047619047616	0.047619047619047616	0.0	0.09523809523809523	0.047619047619047616	0.047619047619047616	0.047619047619047616	0.09523809523809523	0.0	0.6724137931034483	0.16091954022988506	0.16666666666666666	0.0	0.0	0.0	0.0	8.37747054232017	13.205264020345844	21.571999999999996	19.173000000000002	16.391999999999996	5.787417675638941	4.992203280322456	3.430118910924495	0.01904761904761905	0.11428571428571428	0.11904761904761904	0.12857142857142856	0.1761904761904762	0.30952380952380953	0.12857142857142856	0.004761904761904762	0.0	0.2523809523809524	5.0476190476190474	1.4952684255340554
RCSB-6U8L-Q1P-KD:S1	RCSB-6U8L-Q1P-KD	S1	construct-006-4c5802bc11cc	4c5802bc11cc5b7f44d46300892a69aab5ae957cde8e1acb6ac683003f05de91	P61964	6U8L	Q1P	LZQVQCAIOFNYFL-UHFFFAOYSA-N	O=C(O)c1c(O)c(NS(=O)(=O)c2cc(Br)ccc2O)cc(C2CC2)c1F	6.913640169325252	6U5Y	b18b9f6a53408a71c1d8443a253c2884eb2b5aa49f06c4f4d04becc3fef57459	1	A	6U5Y	Q0M	193;194;195;196;197;198;210;219;220;222;235;236;237;238;241;242;243;244;258;259;260	193;194;195;196;197;198;210;219;220;222;235;236;237;238;241;242;243;244;258;259;260		fixed_historical_reference_receptor	False	True	False	21.0	174.0	1.0	0.0	0.0	0.0	0.0	0.0	0.047619047619047616	0.09523809523809523	0.0	0.047619047619047616	0.14285714285714285	0.14285714285714285	0.0	0.09523809523809523	0.047619047619047616	0.047619047619047616	0.0	0.09523809523809523	0.047619047619047616	0.047619047619047616	0.047619047619047616	0.09523809523809523	0.0	0.6724137931034483	0.16091954022988506	0.16666666666666666	0.0	0.0	0.0	0.0	8.312999892319503	11.818389120085032	20.965	19.436	19.383000000000003	5.6756077762005175	4.984547686964971	3.4709837131292387	0.023809523809523808	0.11428571428571428	0.10952380952380952	0.13333333333333333	0.17142857142857143	0.3238095238095238	0.11904761904761904	0.004761904761904762	0.0	0.24761904761904763	4.9523809523809526	1.361938061530961
RCSB-5U4D-XLO-KD:S0	RCSB-5U4D-XLO-KD	S0	construct-007-c863deb44383	c863deb44383d7aaa833b975f4a87af77d63581d8e92f1f718f0d3300424a4c7	P02766	5U4D	XLO	FFFUYAAIQHIBGO-SNAWJCMRSA-N	O=C(O)c1cccc(/C=C/c2ccc(O)cc2Cl)c1	6.327902142064282	5U4D	803ae7e247c71003f348aefbd36c8514a443a0a144a38c3584b25db8a4c45768	1	A	5U4B	XOS	14;16;18;55;107;109;110;111;118;119;120;122	14;16;18;55;107;109;110;111;118;119;120;122		query_holo_receptor	True	True	False	12.0	86.0	1.0	0.0	0.16666666666666666	0.0	0.0	0.08333333333333333	0.0	0.0	0.0	0.0	0.08333333333333333	0.16666666666666666	0.08333333333333333	0.0	0.0	0.0	0.0	0.08333333333333333	0.25	0.08333333333333333	0.0	0.0	0.0	0.627906976744186	0.1511627906976744	0.20930232558139536	0.011627906976744186	0.0	0.0	0.0	7.01837067041637	10.29796917685827	19.312999999999995	16.676000000000002	11.12	5.203514998677795	4.23338410133191	2.0638356466749403	0.015151515151515152	0.21212121212121213	0.22727272727272727	0.13636363636363635	0.18181818181818182	0.21212121212121213	0.015151515151515152	0.0	0.0	0.45454545454545453	5.0	1.8257418583505538
RCSB-5U4D-XLO-KD:S1	RCSB-5U4D-XLO-KD	S1	construct-007-c863deb44383	c863deb44383d7aaa833b975f4a87af77d63581d8e92f1f718f0d3300424a4c7	P02766	5U4D	XLO	FFFUYAAIQHIBGO-SNAWJCMRSA-N	O=C(O)c1cccc(/C=C/c2ccc(O)cc2Cl)c1	6.327902142064282	5U4B	b391c3a1c2a2243423df115b8e2fa1cd0dcbcaf1a8ae87b9da3f04a09e2d9501	1	B	5U4B	XOS	14;16;18;55;107;109;110;111;118;119;120;122	14;16;18;55;107;109;110;111;118;119;120;122		fixed_historical_reference_receptor	False	True	False	12.0	86.0	1.0	0.0	0.16666666666666666	0.0	0.0	0.08333333333333333	0.0	0.0	0.0	0.0	0.08333333333333333	0.16666666666666666	0.08333333333333333	0.0	0.0	0.0	0.0	0.08333333333333333	0.25	0.08333333333333333	0.0	0.0	0.0	0.627906976744186	0.1511627906976744	0.20930232558139536	0.011627906976744186	0.0	0.0	0.0	6.9340952932469975	10.417946507315445	18.173000000000002	16.025	11.847999999999999	5.110535776663881	4.202028593306887	2.075345106795494	0.015151515151515152	0.22727272727272727	0.21212121212121213	0.13636363636363635	0.18181818181818182	0.22727272727272727	0.0	0.0	0.0	0.45454545454545453	5.0	1.8257418583505538
RCSB-5U4F-IWW-KD:S0	RCSB-5U4F-IWW-KD	S0	construct-007-c863deb44383	c863deb44383d7aaa833b975f4a87af77d63581d8e92f1f718f0d3300424a4c7	P02766	5U4F	IWW	HTUPKLSVPPCVMY-OWOJBTEDSA-N	OB(O)c1ccc(/C=C/c2ccc(B(O)O)cc2Cl)c(Cl)c1	6.327902142064282	5U4F	ecda0f305163f906b5c4c0f47913151b88cf3397cc9b748946b47d326a091d6c	1	A	5U4B	XOS	14;16;18;55;107;109;110;111;118;119;120;122	14;16;18;55;107;109;110;111;118;119;120;122		query_holo_receptor	True	True	False	12.0	86.0	1.0	0.0	0.16666666666666666	0.0	0.0	0.08333333333333333	0.0	0.0	0.0	0.0	0.08333333333333333	0.16666666666666666	0.08333333333333333	0.0	0.0	0.0	0.0	0.08333333333333333	0.25	0.08333333333333333	0.0	0.0	0.0	0.627906976744186	0.1511627906976744	0.20930232558139536	0.011627906976744186	0.0	0.0	0.0	6.993299573991138	10.36869382003016	18.33	16.697	11.142999999999999	5.164706390909953	4.242030113308405	2.058452657960149	0.015151515151515152	0.22727272727272727	0.21212121212121213	0.13636363636363635	0.18181818181818182	0.21212121212121213	0.015151515151515152	0.0	0.0	0.45454545454545453	5.0	1.8257418583505538
RCSB-5U4F-IWW-KD:S1	RCSB-5U4F-IWW-KD	S1	construct-007-c863deb44383	c863deb44383d7aaa833b975f4a87af77d63581d8e92f1f718f0d3300424a4c7	P02766	5U4F	IWW	HTUPKLSVPPCVMY-OWOJBTEDSA-N	OB(O)c1ccc(/C=C/c2ccc(B(O)O)cc2Cl)c(Cl)c1	6.327902142064282	5U4B	b391c3a1c2a2243423df115b8e2fa1cd0dcbcaf1a8ae87b9da3f04a09e2d9501	1	B	5U4B	XOS	14;16;18;55;107;109;110;111;118;119;120;122	14;16;18;55;107;109;110;111;118;119;120;122		fixed_historical_reference_receptor	False	True	False	12.0	86.0	1.0	0.0	0.16666666666666666	0.0	0.0	0.08333333333333333	0.0	0.0	0.0	0.0	0.08333333333333333	0.16666666666666666	0.08333333333333333	0.0	0.0	0.0	0.0	0.08333333333333333	0.25	0.08333333333333333	0.0	0.0	0.0	0.627906976744186	0.1511627906976744	0.20930232558139536	0.011627906976744186	0.0	0.0	0.0	6.9340952932469975	10.417946507315445	18.173000000000002	16.025	11.847999999999999	5.110535776663881	4.202028593306887	2.075345106795494	0.015151515151515152	0.22727272727272727	0.21212121212121213	0.13636363636363635	0.18181818181818182	0.22727272727272727	0.0	0.0	0.0	0.45454545454545453	5.0	1.8257418583505538
RCSB-5U49-S2L-KD:S0	RCSB-5U49-S2L-KD	S0	construct-007-c863deb44383	c863deb44383d7aaa833b975f4a87af77d63581d8e92f1f718f0d3300424a4c7	P02766	5U49	S2L	YSKUNWVWMAIANA-OWOJBTEDSA-N	Oc1cc(O)cc(/C=C/c2ccc(O)cc2Cl)c1	6.136677139879544	5U49	38b1ba0c2b8a63f6bda4d03c0a8434c74b37cabfecec1f1c2a9debf233c3ca9b	1	A	5U4B	XOS	14;16;18;55;107;109;110;111;118;119;120;122	14;16;18;55;107;109;110;111;118;119;120;122		query_holo_receptor	True	True	False	12.0	86.0	1.0	0.0	0.16666666666666666	0.0	0.0	0.08333333333333333	0.0	0.0	0.0	0.0	0.08333333333333333	0.16666666666666666	0.08333333333333333	0.0	0.0	0.0	0.0	0.08333333333333333	0.25	0.08333333333333333	0.0	0.0	0.0	0.627906976744186	0.1511627906976744	0.20930232558139536	0.011627906976744186	0.0	0.0	0.0	7.029807785990829	10.506218357623688	17.900000000000006	16.476	11.400999999999996	5.191091934865811	4.254317415036168	2.0908240872604313	0.015151515151515152	0.22727272727272727	0.21212121212121213	0.13636363636363635	0.18181818181818182	0.21212121212121213	0.015151515151515152	0.0	0.0	0.45454545454545453	5.0	1.8257418583505538
RCSB-5U49-S2L-KD:S1	RCSB-5U49-S2L-KD	S1	construct-007-c863deb44383	c863deb44383d7aaa833b975f4a87af77d63581d8e92f1f718f0d3300424a4c7	P02766	5U49	S2L	YSKUNWVWMAIANA-OWOJBTEDSA-N	Oc1cc(O)cc(/C=C/c2ccc(O)cc2Cl)c1	6.136677139879544	5U4B	b391c3a1c2a2243423df115b8e2fa1cd0dcbcaf1a8ae87b9da3f04a09e2d9501	1	B	5U4B	XOS	14;16;18;55;107;109;110;111;118;119;120;122	14;16;18;55;107;109;110;111;118;119;120;122		fixed_historical_reference_receptor	False	True	False	12.0	86.0	1.0	0.0	0.16666666666666666	0.0	0.0	0.08333333333333333	0.0	0.0	0.0	0.0	0.08333333333333333	0.16666666666666666	0.08333333333333333	0.0	0.0	0.0	0.0	0.08333333333333333	0.25	0.08333333333333333	0.0	0.0	0.0	0.627906976744186	0.1511627906976744	0.20930232558139536	0.011627906976744186	0.0	0.0	0.0	6.9340952932469975	10.417946507315445	18.173000000000002	16.025	11.847999999999999	5.110535776663881	4.202028593306887	2.075345106795494	0.015151515151515152	0.22727272727272727	0.21212121212121213	0.13636363636363635	0.18181818181818182	0.22727272727272727	0.0	0.0	0.0	0.45454545454545453	5.0	1.8257418583505538
RCSB-5U4E-XLB-KD:S0	RCSB-5U4E-XLB-KD	S0	construct-007-c863deb44383	c863deb44383d7aaa833b975f4a87af77d63581d8e92f1f718f0d3300424a4c7	P02766	5U4E	XLB	ZEPBMSWEDHLTGZ-SNAWJCMRSA-N	O=C(O)c1cccc(/C=C/c2ccc(B(O)O)cc2Cl)c1	6.346787486224656	5U4E	651f620c3a2070267c5ee8a037bc383b1b29d4b905dec3a1aababba7e8e43413	1	A	5U4B	XOS	14;16;18;55;107;109;110;111;118;119;120;122	14;16;18;55;107;109;110;111;118;119;120;122		query_holo_receptor	True	True	False	12.0	86.0	1.0	0.0	0.16666666666666666	0.0	0.0	0.08333333333333333	0.0	0.0	0.0	0.0	0.08333333333333333	0.16666666666666666	0.08333333333333333	0.0	0.0	0.0	0.0	0.08333333333333333	0.25	0.08333333333333333	0.0	0.0	0.0	0.627906976744186	0.1511627906976744	0.20930232558139536	0.011627906976744186	0.0	0.0	0.0	6.995390979141526	10.358635456181563	18.381999999999998	16.594	11.234	5.186877057189346	4.199305952549128	2.0970528990807287	0.015151515151515152	0.21212121212121213	0.21212121212121213	0.15151515151515152	0.18181818181818182	0.21212121212121213	0.015151515151515152	0.0	0.0	0.4393939393939394	4.833333333333333	1.7716909687891083
RCSB-5U4E-XLB-KD:S1	RCSB-5U4E-XLB-KD	S1	construct-007-c863deb44383	c863deb44383d7aaa833b975f4a87af77d63581d8e92f1f718f0d3300424a4c7	P02766	5U4E	XLB	ZEPBMSWEDHLTGZ-SNAWJCMRSA-N	O=C(O)c1cccc(/C=C/c2ccc(B(O)O)cc2Cl)c1	6.346787486224656	5U4B	b391c3a1c2a2243423df115b8e2fa1cd0dcbcaf1a8ae87b9da3f04a09e2d9501	1	B	5U4B	XOS	14;16;18;55;107;109;110;111;118;119;120;122	14;16;18;55;107;109;110;111;118;119;120;122		fixed_historical_reference_receptor	False	True	False	12.0	86.0	1.0	0.0	0.16666666666666666	0.0	0.0	0.08333333333333333	0.0	0.0	0.0	0.0	0.08333333333333333	0.16666666666666666	0.08333333333333333	0.0	0.0	0.0	0.0	0.08333333333333333	0.25	0.08333333333333333	0.0	0.0	0.0	0.627906976744186	0.1511627906976744	0.20930232558139536	0.011627906976744186	0.0	0.0	0.0	6.9340952932469975	10.417946507315445	18.173000000000002	16.025	11.847999999999999	5.110535776663881	4.202028593306887	2.075345106795494	0.015151515151515152	0.22727272727272727	0.21212121212121213	0.13636363636363635	0.18181818181818182	0.22727272727272727	0.0	0.0	0.0	0.45454545454545453	5.0	1.8257418583505538
RCSB-5U48-S4B-KD:S0	RCSB-5U48-S4B-KD	S0	construct-007-c863deb44383	c863deb44383d7aaa833b975f4a87af77d63581d8e92f1f718f0d3300424a4c7	P02766	5U48	S4B	DYVLARRBNBVUFX-OWOJBTEDSA-N	OB(O)c1ccc(/C=C/c2cc(O)cc(O)c2)cc1	6.327902142064282	5U48	545f3e54490ee2c4ef69f5008aa489b4de5fe79d9d6e5e32b9f8570684c0a2b1	1	A	5U4B	XOS	14;16;18;55;107;109;110;111;118;119;120;122	14;16;18;55;107;109;110;111;118;119;120;122		query_holo_receptor	True	True	False	12.0	86.0	1.0	0.0	0.16666666666666666	0.0	0.0	0.08333333333333333	0.0	0.0	0.0	0.0	0.08333333333333333	0.16666666666666666	0.08333333333333333	0.0	0.0	0.0	0.0	0.08333333333333333	0.25	0.08333333333333333	0.0	0.0	0.0	0.627906976744186	0.1511627906976744	0.20930232558139536	0.011627906976744186	0.0	0.0	0.0	7.012869665544677	10.417705412137712	18.415000000000003	16.701	11.106	5.1859337502332234	4.237555149992348	2.080759100636594	0.015151515151515152	0.21212121212121213	0.22727272727272727	0.13636363636363635	0.18181818181818182	0.21212121212121213	0.015151515151515152	0.0	0.0	0.45454545454545453	5.0	1.8257418583505538
RCSB-5U48-S4B-KD:S1	RCSB-5U48-S4B-KD	S1	construct-007-c863deb44383	c863deb44383d7aaa833b975f4a87af77d63581d8e92f1f718f0d3300424a4c7	P02766	5U48	S4B	DYVLARRBNBVUFX-OWOJBTEDSA-N	OB(O)c1ccc(/C=C/c2cc(O)cc(O)c2)cc1	6.327902142064282	5U4B	b391c3a1c2a2243423df115b8e2fa1cd0dcbcaf1a8ae87b9da3f04a09e2d9501	1	B	5U4B	XOS	14;16;18;55;107;109;110;111;118;119;120;122	14;16;18;55;107;109;110;111;118;119;120;122		fixed_historical_reference_receptor	False	True	False	12.0	86.0	1.0	0.0	0.16666666666666666	0.0	0.0	0.08333333333333333	0.0	0.0	0.0	0.0	0.08333333333333333	0.16666666666666666	0.08333333333333333	0.0	0.0	0.0	0.0	0.08333333333333333	0.25	0.08333333333333333	0.0	0.0	0.0	0.627906976744186	0.1511627906976744	0.20930232558139536	0.011627906976744186	0.0	0.0	0.0	6.9340952932469975	10.417946507315445	18.173000000000002	16.025	11.847999999999999	5.110535776663881	4.202028593306887	2.075345106795494	0.015151515151515152	0.22727272727272727	0.21212121212121213	0.13636363636363635	0.18181818181818182	0.22727272727272727	0.0	0.0	0.0	0.45454545454545453	5.0	1.8257418583505538
RCSB-5U4A-7VG-KD:S0	RCSB-5U4A-7VG-KD	S0	construct-007-c863deb44383	c863deb44383d7aaa833b975f4a87af77d63581d8e92f1f718f0d3300424a4c7	P02766	5U4A	7VG	KRQCUYXETWACBK-OWOJBTEDSA-N	OB(O)c1ccc(/C=C/c2cc(O)cc(O)c2)c(Cl)c1	6.356547323513812	5U4A	065756b895ccb1fd664fb3996c1ab2aee2cd6e759f6740798b5da658fde12cf0	1	A	5U4B	XOS	14;16;18;55;107;109;110;111;118;119;120;122	14;16;18;55;107;109;110;111;118;119;120;122		query_holo_receptor	True	True	False	12.0	86.0	1.0	0.0	0.16666666666666666	0.0	0.0	0.08333333333333333	0.0	0.0	0.0	0.0	0.08333333333333333	0.16666666666666666	0.08333333333333333	0.0	0.0	0.0	0.0	0.08333333333333333	0.25	0.08333333333333333	0.0	0.0	0.0	0.627906976744186	0.1511627906976744	0.20930232558139536	0.011627906976744186	0.0	0.0	0.0	6.993407994207481	10.275714797681912	18.4	16.560000000000002	11.235	5.178007533070449	4.22075335240879	2.069114423863686	0.015151515151515152	0.21212121212121213	0.22727272727272727	0.13636363636363635	0.18181818181818182	0.21212121212121213	0.015151515151515152	0.0	0.0	0.45454545454545453	5.0	1.8257418583505538
RCSB-5U4A-7VG-KD:S1	RCSB-5U4A-7VG-KD	S1	construct-007-c863deb44383	c863deb44383d7aaa833b975f4a87af77d63581d8e92f1f718f0d3300424a4c7	P02766	5U4A	7VG	KRQCUYXETWACBK-OWOJBTEDSA-N	OB(O)c1ccc(/C=C/c2cc(O)cc(O)c2)c(Cl)c1	6.356547323513812	5U4B	b391c3a1c2a2243423df115b8e2fa1cd0dcbcaf1a8ae87b9da3f04a09e2d9501	1	B	5U4B	XOS	14;16;18;55;107;109;110;111;118;119;120;122	14;16;18;55;107;109;110;111;118;119;120;122		fixed_historical_reference_receptor	False	True	False	12.0	86.0	1.0	0.0	0.16666666666666666	0.0	0.0	0.08333333333333333	0.0	0.0	0.0	0.0	0.08333333333333333	0.16666666666666666	0.08333333333333333	0.0	0.0	0.0	0.0	0.08333333333333333	0.25	0.08333333333333333	0.0	0.0	0.0	0.627906976744186	0.1511627906976744	0.20930232558139536	0.011627906976744186	0.0	0.0	0.0	6.9340952932469975	10.417946507315445	18.173000000000002	16.025	11.847999999999999	5.110535776663881	4.202028593306887	2.075345106795494	0.015151515151515152	0.22727272727272727	0.21212121212121213	0.13636363636363635	0.18181818181818182	0.22727272727272727	0.0	0.0	0.0	0.45454545454545453	5.0	1.8257418583505538
RCSB-5U4C-XBS-KD:S0	RCSB-5U4C-XBS-KD	S0	construct-007-c863deb44383	c863deb44383d7aaa833b975f4a87af77d63581d8e92f1f718f0d3300424a4c7	P02766	5U4C	XBS	YDRUKHFGOZJRHC-SNAWJCMRSA-N	O=C(O)c1cccc(/C=C/c2ccc(B(O)O)cc2)c1	6.00436480540245	5U4C	27dc67c6bf9893e44cf1afbba1a594c69f2cdfa217b90547802ed058820b3572	1	A	5U4B	XOS	14;16;18;55;107;109;110;111;118;119;120;122	14;16;18;55;107;109;110;111;118;119;120;122		query_holo_receptor	True	True	False	12.0	86.0	1.0	0.0	0.16666666666666666	0.0	0.0	0.08333333333333333	0.0	0.0	0.0	0.0	0.08333333333333333	0.16666666666666666	0.08333333333333333	0.0	0.0	0.0	0.0	0.08333333333333333	0.25	0.08333333333333333	0.0	0.0	0.0	0.627906976744186	0.1511627906976744	0.20930232558139536	0.011627906976744186	0.0	0.0	0.0	7.004160268072375	10.387518613179767	18.248999999999995	16.750999999999998	11.037000000000006	5.173227739590424	4.234504988580552	2.089244676159846	0.015151515151515152	0.21212121212121213	0.21212121212121213	0.15151515151515152	0.18181818181818182	0.21212121212121213	0.015151515151515152	0.0	0.0	0.4393939393939394	4.833333333333333	1.7716909687891083
RCSB-5U4C-XBS-KD:S1	RCSB-5U4C-XBS-KD	S1	construct-007-c863deb44383	c863deb44383d7aaa833b975f4a87af77d63581d8e92f1f718f0d3300424a4c7	P02766	5U4C	XBS	YDRUKHFGOZJRHC-SNAWJCMRSA-N	O=C(O)c1cccc(/C=C/c2ccc(B(O)O)cc2)c1	6.00436480540245	5U4B	b391c3a1c2a2243423df115b8e2fa1cd0dcbcaf1a8ae87b9da3f04a09e2d9501	1	B	5U4B	XOS	14;16;18;55;107;109;110;111;118;119;120;122	14;16;18;55;107;109;110;111;118;119;120;122		fixed_historical_reference_receptor	False	True	False	12.0	86.0	1.0	0.0	0.16666666666666666	0.0	0.0	0.08333333333333333	0.0	0.0	0.0	0.0	0.08333333333333333	0.16666666666666666	0.08333333333333333	0.0	0.0	0.0	0.0	0.08333333333333333	0.25	0.08333333333333333	0.0	0.0	0.0	0.627906976744186	0.1511627906976744	0.20930232558139536	0.011627906976744186	0.0	0.0	0.0	6.9340952932469975	10.417946507315445	18.173000000000002	16.025	11.847999999999999	5.110535776663881	4.202028593306887	2.075345106795494	0.015151515151515152	0.22727272727272727	0.21212121212121213	0.13636363636363635	0.18181818181818182	0.22727272727272727	0.0	0.0	0.0	0.45454545454545453	5.0	1.8257418583505538
RCSB-3SHY-5FO-KD:S0	RCSB-3SHY-5FO-KD	S0	construct-008-60863bf56b3f	60863bf56b3f99bffa130791145a7e04a563d17ac96baa1de4d96493ba2f0ea1	O76074	3SHY	5FO	MMOIQVJIHPNAIU-UHFFFAOYSA-N	CCCOc1ccc(S(=O)(=O)N2CCN(C)CC2)cc1-c1nc(CC)c(F)c(=O)[nH]1	5.769551078621726	3SHY	a68fbf12707506deb02a7cd8d6d618ff5fa6dd553775671bcf8ea2007f0af8cb	1	A	3SIE	5BO	99;100;167;212;251;252;254;255;262;265;266;267;269;270;273;291;300;302;303;304;306;307;310;311;340	99;100;167;212;251;252;254;255;262;265;266;267;269;270;273;300;302;303;304;306;307;310;311;340	291	query_holo_receptor	True	True	False	24.0	193.0	0.96	0.040000000000000036	0.16666666666666666	0.0	0.041666666666666664	0.041666666666666664	0.08333333333333333	0.041666666666666664	0.041666666666666664	0.20833333333333334	0.0	0.08333333333333333	0.041666666666666664	0.0	0.0	0.08333333333333333	0.0	0.041666666666666664	0.0	0.041666666666666664	0.041666666666666664	0.041666666666666664	0.0	0.6787564766839378	0.15025906735751296	0.16580310880829016	0.0051813471502590676	0.0	0.0	0.0	9.646640460384333	21.68804874443593	32.6	24.007000000000005	21.772000000000002	6.742013443356551	5.41350740297344	4.277483430648843	0.0036231884057971015	0.07971014492753623	0.10507246376811594	0.11956521739130435	0.16304347826086957	0.2971014492753623	0.15217391304347827	0.07608695652173914	0.0036231884057971015	0.18840579710144928	4.333333333333333	2.074983266331455
RCSB-3SHY-5FO-KD:S1	RCSB-3SHY-5FO-KD	S1	construct-008-60863bf56b3f	60863bf56b3f99bffa130791145a7e04a563d17ac96baa1de4d96493ba2f0ea1	O76074	3SHY	5FO	MMOIQVJIHPNAIU-UHFFFAOYSA-N	CCCOc1ccc(S(=O)(=O)N2CCN(C)CC2)cc1-c1nc(CC)c(F)c(=O)[nH]1	5.769551078621726	3SIE	dcc9e51fbfb68683a4229b8488d79ef77e50341c5bca7a1cbc7597071b98558f	1	A	3SIE	5BO	99;100;167;212;251;252;254;255;262;265;266;267;269;270;273;291;300;302;303;304;306;307;310;311;340	99;100;167;212;251;252;254;255;262;265;266;267;269;270;273;291;300;302;303;304;306;307;310;311;340		fixed_historical_reference_receptor	False	True	False	25.0	199.0	1.0	0.0	0.16	0.0	0.04	0.04	0.08	0.04	0.04	0.2	0.0	0.12	0.04	0.0	0.0	0.08	0.0	0.04	0.0	0.04	0.04	0.04	0.0	0.678391959798995	0.1507537688442211	0.1658291457286432	0.005025125628140704	0.0	0.0	0.0	8.903815988115628	13.984706455042097	24.612000000000002	23.639000000000003	20.348	5.597429438030689	5.343880964912512	4.403369058952093	0.0033333333333333335	0.08333333333333333	0.09666666666666666	0.14	0.18333333333333332	0.3233333333333333	0.15666666666666668	0.013333333333333334	0.0	0.18333333333333332	4.4	1.9390719429665315
RCSB-4OEX-5EO-KD:S0	RCSB-4OEX-5EO-KD	S0	construct-008-60863bf56b3f	60863bf56b3f99bffa130791145a7e04a563d17ac96baa1de4d96493ba2f0ea1	O76074	4OEX	5EO	AFKWCGKAOQNLTO-UHFFFAOYSA-N	CCCOc1ccc(S(=O)(=O)N2CCN(C)CC2)cc1-c1nc(CC)cc(=O)[nH]1	5.823908740944319	4OEX	1e9cf6df4a50361fe52b7e7b2cee96e6aa1995a1affc339a1712b4cbf70144ab	1	A	3SIE	5BO	99;100;167;212;251;252;254;255;262;265;266;267;269;270;273;291;300;302;303;304;306;307;310;311;340	99;100;167;212;251;252;254;255;262;265;266;267;269;270;273;300;302;303;304;306;307;310;311;340	291	query_holo_receptor	True	True	False	24.0	194.0	0.96	0.040000000000000036	0.16666666666666666	0.0	0.041666666666666664	0.041666666666666664	0.08333333333333333	0.041666666666666664	0.041666666666666664	0.20833333333333334	0.0	0.08333333333333333	0.041666666666666664	0.0	0.0	0.08333333333333333	0.0	0.041666666666666664	0.0	0.041666666666666664	0.041666666666666664	0.041666666666666664	0.0	0.6804123711340206	0.14948453608247422	0.16494845360824742	0.005154639175257732	0.0	0.0	0.0	9.660919568072178	22.129097219585788	27.793	27.396	21.849	6.7519942085052875	5.437656803634229	4.263312045225091	0.0036231884057971015	0.08695652173913043	0.09782608695652174	0.12318840579710146	0.16666666666666666	0.2971014492753623	0.14492753623188406	0.07608695652173914	0.0036231884057971015	0.18840579710144928	4.333333333333333	2.074983266331455
RCSB-4OEX-5EO-KD:S1	RCSB-4OEX-5EO-KD	S1	construct-008-60863bf56b3f	60863bf56b3f99bffa130791145a7e04a563d17ac96baa1de4d96493ba2f0ea1	O76074	4OEX	5EO	AFKWCGKAOQNLTO-UHFFFAOYSA-N	CCCOc1ccc(S(=O)(=O)N2CCN(C)CC2)cc1-c1nc(CC)cc(=O)[nH]1	5.823908740944319	3SIE	dcc9e51fbfb68683a4229b8488d79ef77e50341c5bca7a1cbc7597071b98558f	1	A	3SIE	5BO	99;100;167;212;251;252;254;255;262;265;266;267;269;270;273;291;300;302;303;304;306;307;310;311;340	99;100;167;212;251;252;254;255;262;265;266;267;269;270;273;291;300;302;303;304;306;307;310;311;340		fixed_historical_reference_receptor	False	True	False	25.0	199.0	1.0	0.0	0.16	0.0	0.04	0.04	0.08	0.04	0.04	0.2	0.0	0.12	0.04	0.0	0.0	0.08	0.0	0.04	0.0	0.04	0.04	0.04	0.0	0.678391959798995	0.1507537688442211	0.1658291457286432	0.005025125628140704	0.0	0.0	0.0	8.903815988115628	13.984706455042097	24.612000000000002	23.639000000000003	20.348	5.597429438030689	5.343880964912512	4.403369058952093	0.0033333333333333335	0.08333333333333333	0.09666666666666666	0.14	0.18333333333333332	0.3233333333333333	0.15666666666666668	0.013333333333333334	0.0	0.18333333333333332	4.4	1.9390719429665315
RCSB-4G2W-NI0-KD:S0	RCSB-4G2W-NI0-KD	S0	construct-008-60863bf56b3f	60863bf56b3f99bffa130791145a7e04a563d17ac96baa1de4d96493ba2f0ea1	O76074	4G2W	NI0	FJJLJIBQQGUEHI-UHFFFAOYSA-N	CCCOc1ccc(S(=O)(=O)N2CCN(C)CC2)cc1-c1nc(CC)c(CC)c(=O)[nH]1	6.882728704344236	4G2W	e45c3f61c97da45b91bc0ccddfc53e9a21fea511066421c57ebc00f1044ff54c	1	A	3SIE	5BO	99;100;167;212;251;252;254;255;262;265;266;267;269;270;273;291;300;302;303;304;306;307;310;311;340	99;100;167;212;251;252;254;255;262;265;266;267;269;270;273;300;302;303;304;306;307;310;311;340	291	query_holo_receptor	True	True	False	24.0	194.0	0.96	0.040000000000000036	0.16666666666666666	0.0	0.041666666666666664	0.041666666666666664	0.08333333333333333	0.041666666666666664	0.041666666666666664	0.20833333333333334	0.0	0.08333333333333333	0.041666666666666664	0.0	0.0	0.08333333333333333	0.0	0.041666666666666664	0.0	0.041666666666666664	0.041666666666666664	0.041666666666666664	0.0	0.6804123711340206	0.14948453608247422	0.16494845360824742	0.005154639175257732	0.0	0.0	0.0	9.674057906042329	22.168748428199745	27.668	27.486999999999995	21.551000000000002	6.774771363199367	5.458335981617802	4.23041814217109	0.0036231884057971015	0.08333333333333333	0.10144927536231885	0.13043478260869565	0.15217391304347827	0.3007246376811594	0.14855072463768115	0.07608695652173914	0.0036231884057971015	0.18840579710144928	4.333333333333333	2.074983266331455
RCSB-4G2W-NI0-KD:S1	RCSB-4G2W-NI0-KD	S1	construct-008-60863bf56b3f	60863bf56b3f99bffa130791145a7e04a563d17ac96baa1de4d96493ba2f0ea1	O76074	4G2W	NI0	FJJLJIBQQGUEHI-UHFFFAOYSA-N	CCCOc1ccc(S(=O)(=O)N2CCN(C)CC2)cc1-c1nc(CC)c(CC)c(=O)[nH]1	6.882728704344236	3SIE	dcc9e51fbfb68683a4229b8488d79ef77e50341c5bca7a1cbc7597071b98558f	1	A	3SIE	5BO	99;100;167;212;251;252;254;255;262;265;266;267;269;270;273;291;300;302;303;304;306;307;310;311;340	99;100;167;212;251;252;254;255;262;265;266;267;269;270;273;291;300;302;303;304;306;307;310;311;340		fixed_historical_reference_receptor	False	True	False	25.0	199.0	1.0	0.0	0.16	0.0	0.04	0.04	0.08	0.04	0.04	0.2	0.0	0.12	0.04	0.0	0.0	0.08	0.0	0.04	0.0	0.04	0.04	0.04	0.0	0.678391959798995	0.1507537688442211	0.1658291457286432	0.005025125628140704	0.0	0.0	0.0	8.903815988115628	13.984706455042097	24.612000000000002	23.639000000000003	20.348	5.597429438030689	5.343880964912512	4.403369058952093	0.0033333333333333335	0.08333333333333333	0.09666666666666666	0.14	0.18333333333333332	0.3233333333333333	0.15666666666666668	0.013333333333333334	0.0	0.18333333333333332	4.4	1.9390719429665315
RCSB-4OEW-5IO-KD:S0	RCSB-4OEW-5IO-KD	S0	construct-008-60863bf56b3f	60863bf56b3f99bffa130791145a7e04a563d17ac96baa1de4d96493ba2f0ea1	O76074	4OEW	5IO	CLYYLXSJJMHCHN-UHFFFAOYSA-N	CCCOc1ccc(S(=O)(=O)N2CCN(C)CC2)cc1-c1nc(CC)c(I)c(=O)[nH]1	6.823908740944319	4OEW	ba9b060d1d4ee36a3f96aa0f4342809844da1955d6538e88e3b1575074014411	1	A	3SIE	5BO	99;100;167;212;251;252;254;255;262;265;266;267;269;270;273;291;300;302;303;304;306;307;310;311;340	99;100;167;212;251;252;254;255;262;265;266;267;269;270;273;300;302;303;304;306;307;310;311;340	291	query_holo_receptor	True	True	False	24.0	194.0	0.96	0.040000000000000036	0.16666666666666666	0.0	0.041666666666666664	0.041666666666666664	0.08333333333333333	0.041666666666666664	0.041666666666666664	0.20833333333333334	0.0	0.08333333333333333	0.041666666666666664	0.0	0.0	0.08333333333333333	0.0	0.041666666666666664	0.0	0.041666666666666664	0.041666666666666664	0.041666666666666664	0.0	0.6804123711340206	0.14948453608247422	0.16494845360824742	0.005154639175257732	0.0	0.0	0.0	9.67041210530217	21.773033648293197	32.802	23.906999999999996	21.741	6.764300883561513	5.428353914453428	4.277157656956527	0.0036231884057971015	0.08333333333333333	0.10144927536231885	0.12318840579710146	0.15579710144927536	0.30434782608695654	0.14855072463768115	0.07608695652173914	0.0036231884057971015	0.18840579710144928	4.333333333333333	2.074983266331455
RCSB-4OEW-5IO-KD:S1	RCSB-4OEW-5IO-KD	S1	construct-008-60863bf56b3f	60863bf56b3f99bffa130791145a7e04a563d17ac96baa1de4d96493ba2f0ea1	O76074	4OEW	5IO	CLYYLXSJJMHCHN-UHFFFAOYSA-N	CCCOc1ccc(S(=O)(=O)N2CCN(C)CC2)cc1-c1nc(CC)c(I)c(=O)[nH]1	6.823908740944319	3SIE	dcc9e51fbfb68683a4229b8488d79ef77e50341c5bca7a1cbc7597071b98558f	1	A	3SIE	5BO	99;100;167;212;251;252;254;255;262;265;266;267;269;270;273;291;300;302;303;304;306;307;310;311;340	99;100;167;212;251;252;254;255;262;265;266;267;269;270;273;291;300;302;303;304;306;307;310;311;340		fixed_historical_reference_receptor	False	True	False	25.0	199.0	1.0	0.0	0.16	0.0	0.04	0.04	0.08	0.04	0.04	0.2	0.0	0.12	0.04	0.0	0.0	0.08	0.0	0.04	0.0	0.04	0.04	0.04	0.0	0.678391959798995	0.1507537688442211	0.1658291457286432	0.005025125628140704	0.0	0.0	0.0	8.903815988115628	13.984706455042097	24.612000000000002	23.639000000000003	20.348	5.597429438030689	5.343880964912512	4.403369058952093	0.0033333333333333335	0.08333333333333333	0.09666666666666666	0.14	0.18333333333333332	0.3233333333333333	0.15666666666666668	0.013333333333333334	0.0	0.18333333333333332	4.4	1.9390719429665315
RCSB-6IWI-B0C-KD:S0	RCSB-6IWI-B0C-KD	S0	construct-008-60863bf56b3f	60863bf56b3f99bffa130791145a7e04a563d17ac96baa1de4d96493ba2f0ea1	O76074	6IWI	B0C	PIOIVHHIGWTEJQ-UHFFFAOYSA-N	CCCOc1ccc(NC(=O)CN2CCN(C)CC2)cc1-c1nc(CC)c(CC)c(=O)[nH]1	7.086186147616283	6IWI	7936735cda9e33231464d1f63bacd7870b6753d5f3511cbf748e87a4645d7ae6	1	A	3SIE	5BO	99;100;167;212;251;252;254;255;262;265;266;267;269;270;273;291;300;302;303;304;306;307;310;311;340	99;100;167;212;251;252;254;255;262;265;266;267;269;270;273;300;302;303;304;306;307;310;311;340	291	query_holo_receptor	True	True	False	24.0	193.0	0.96	0.040000000000000036	0.16666666666666666	0.0	0.041666666666666664	0.041666666666666664	0.08333333333333333	0.041666666666666664	0.041666666666666664	0.20833333333333334	0.0	0.08333333333333333	0.041666666666666664	0.0	0.0	0.08333333333333333	0.0	0.041666666666666664	0.0	0.041666666666666664	0.041666666666666664	0.041666666666666664	0.0	0.6787564766839378	0.15025906735751296	0.16580310880829016	0.0051813471502590676	0.0	0.0	0.0	9.629887369445605	22.22746774454286	28.101	27.698	21.275	6.69208709852483	5.500278012866485	4.2068566406692565	0.0036231884057971015	0.08333333333333333	0.10144927536231885	0.11956521739130435	0.15942028985507245	0.30434782608695654	0.14855072463768115	0.07608695652173914	0.0036231884057971015	0.18840579710144928	4.333333333333333	2.074983266331455
RCSB-6IWI-B0C-KD:S1	RCSB-6IWI-B0C-KD	S1	construct-008-60863bf56b3f	60863bf56b3f99bffa130791145a7e04a563d17ac96baa1de4d96493ba2f0ea1	O76074	6IWI	B0C	PIOIVHHIGWTEJQ-UHFFFAOYSA-N	CCCOc1ccc(NC(=O)CN2CCN(C)CC2)cc1-c1nc(CC)c(CC)c(=O)[nH]1	7.086186147616283	3SIE	dcc9e51fbfb68683a4229b8488d79ef77e50341c5bca7a1cbc7597071b98558f	1	A	3SIE	5BO	99;100;167;212;251;252;254;255;262;265;266;267;269;270;273;291;300;302;303;304;306;307;310;311;340	99;100;167;212;251;252;254;255;262;265;266;267;269;270;273;291;300;302;303;304;306;307;310;311;340		fixed_historical_reference_receptor	False	True	False	25.0	199.0	1.0	0.0	0.16	0.0	0.04	0.04	0.08	0.04	0.04	0.2	0.0	0.12	0.04	0.0	0.0	0.08	0.0	0.04	0.0	0.04	0.04	0.04	0.0	0.678391959798995	0.1507537688442211	0.1658291457286432	0.005025125628140704	0.0	0.0	0.0	8.903815988115628	13.984706455042097	24.612000000000002	23.639000000000003	20.348	5.597429438030689	5.343880964912512	4.403369058952093	0.0033333333333333335	0.08333333333333333	0.09666666666666666	0.14	0.18333333333333332	0.3233333333333333	0.15666666666666668	0.013333333333333334	0.0	0.18333333333333332	4.4	1.9390719429665315
RCSB-3SHZ-5CO-KD:S0	RCSB-3SHZ-5CO-KD	S0	construct-008-60863bf56b3f	60863bf56b3f99bffa130791145a7e04a563d17ac96baa1de4d96493ba2f0ea1	O76074	3SHZ	5CO	HVJOKVUJWQTZFF-UHFFFAOYSA-N	CCCOc1ccc(S(=O)(=O)N2CCN(C)CC2)cc1-c1nc(CC)c(Cl)c(=O)[nH]1	6.113509274827518	3SHZ	a3a010c9ed8f96ee87dd3ddb6af12cc1f8ce5049d8409061e71e39b6fbbdffb9	1	A	3SIE	5BO	99;100;167;212;251;252;254;255;262;265;266;267;269;270;273;291;300;302;303;304;306;307;310;311;340	99;100;167;212;251;252;254;255;262;265;266;267;269;270;273;300;302;303;304;306;307;310;311;340	291	query_holo_receptor	True	True	False	24.0	193.0	0.96	0.040000000000000036	0.16666666666666666	0.0	0.041666666666666664	0.041666666666666664	0.08333333333333333	0.041666666666666664	0.041666666666666664	0.20833333333333334	0.0	0.08333333333333333	0.041666666666666664	0.0	0.0	0.08333333333333333	0.0	0.041666666666666664	0.0	0.041666666666666664	0.041666666666666664	0.041666666666666664	0.0	0.6787564766839378	0.15025906735751296	0.16580310880829016	0.0051813471502590676	0.0	0.0	0.0	9.59928629794935	21.650602788579867	32.550000000000004	23.97	21.584999999999997	6.652983860070086	5.4803619051724635	4.224894859754443	0.0036231884057971015	0.08333333333333333	0.10144927536231885	0.12318840579710146	0.15942028985507245	0.2971014492753623	0.15217391304347827	0.07608695652173914	0.0036231884057971015	0.18840579710144928	4.333333333333333	2.074983266331455
RCSB-3SHZ-5CO-KD:S1	RCSB-3SHZ-5CO-KD	S1	construct-008-60863bf56b3f	60863bf56b3f99bffa130791145a7e04a563d17ac96baa1de4d96493ba2f0ea1	O76074	3SHZ	5CO	HVJOKVUJWQTZFF-UHFFFAOYSA-N	CCCOc1ccc(S(=O)(=O)N2CCN(C)CC2)cc1-c1nc(CC)c(Cl)c(=O)[nH]1	6.113509274827518	3SIE	dcc9e51fbfb68683a4229b8488d79ef77e50341c5bca7a1cbc7597071b98558f	1	A	3SIE	5BO	99;100;167;212;251;252;254;255;262;265;266;267;269;270;273;291;300;302;303;304;306;307;310;311;340	99;100;167;212;251;252;254;255;262;265;266;267;269;270;273;291;300;302;303;304;306;307;310;311;340		fixed_historical_reference_receptor	False	True	False	25.0	199.0	1.0	0.0	0.16	0.0	0.04	0.04	0.08	0.04	0.04	0.2	0.0	0.12	0.04	0.0	0.0	0.08	0.0	0.04	0.0	0.04	0.04	0.04	0.0	0.678391959798995	0.1507537688442211	0.1658291457286432	0.005025125628140704	0.0	0.0	0.0	8.903815988115628	13.984706455042097	24.612000000000002	23.639000000000003	20.348	5.597429438030689	5.343880964912512	4.403369058952093	0.0033333333333333335	0.08333333333333333	0.09666666666666666	0.14	0.18333333333333332	0.3233333333333333	0.15666666666666668	0.013333333333333334	0.0	0.18333333333333332	4.4	1.9390719429665315
RCSB-6I0Z-GZQ-KD:S0	RCSB-6I0Z-GZQ-KD	S0	construct-009-2b786a6db716	2b786a6db716e3e887b22be571240bab2f5ece00a09ed5d79924f54bbed70aba	Q16658	6I0Z	GZQ	NVSSRRQIUAFBIU-UHFFFAOYSA-N	CC(=O)N(C)c1ccc(Cl)cc1Cl	4.036212172654444	6I0Z	69837ae2f84683f85c39d89f75b81f5988d52e760dbdbee0941671b9960fb315	1	A	6I12	H08	14;16;48;60;62;93;94;95;101;103;134;213;214;215;216;217;224	14;16;48;60;62;93;94;95;101;103;134;213;214;215;216;217;224		query_holo_receptor	True	True	False	17.0	148.0	1.0	0.0	0.058823529411764705	0.0	0.0	0.058823529411764705	0.11764705882352941	0.0	0.0	0.058823529411764705	0.0	0.29411764705882354	0.0	0.0	0.0	0.0	0.11764705882352941	0.0	0.058823529411764705	0.17647058823529413	0.058823529411764705	0.0	0.0	0.7027027027027027	0.16216216216216217	0.13513513513513514	0.0	0.0	0.0	0.0	8.469336042429129	13.467216604582239	24.733999999999998	21.720999999999997	17.419	6.0397427794936505	4.793096677186559	3.5039098733110445	0.0	0.08823529411764706	0.16176470588235295	0.11764705882352941	0.23529411764705882	0.3088235294117647	0.07352941176470588	0.014705882352941176	0.0	0.25	4.0	1.3719886811400708
RCSB-6I0Z-GZQ-KD:S1	RCSB-6I0Z-GZQ-KD	S1	construct-009-2b786a6db716	2b786a6db716e3e887b22be571240bab2f5ece00a09ed5d79924f54bbed70aba	Q16658	6I0Z	GZQ	NVSSRRQIUAFBIU-UHFFFAOYSA-N	CC(=O)N(C)c1ccc(Cl)cc1Cl	4.036212172654444	6I12	3828829d61cf1a3aa1ead3c34878c0a24fe33bd78daf2344a43d8822195b9e79	1	A	6I12	H08	14;16;48;60;62;93;94;95;101;103;134;213;214;215;216;217;224	14;16;48;60;62;93;94;95;101;103;134;213;214;215;216;217;224		fixed_historical_reference_receptor	False	True	False	17.0	148.0	1.0	0.0	0.058823529411764705	0.0	0.0	0.058823529411764705	0.11764705882352941	0.0	0.0	0.058823529411764705	0.0	0.29411764705882354	0.0	0.0	0.0	0.0	0.11764705882352941	0.0	0.058823529411764705	0.17647058823529413	0.058823529411764705	0.0	0.0	0.7027027027027027	0.16216216216216217	0.13513513513513514	0.0	0.0	0.0	0.0	8.302272078429027	12.440940082909675	21.8	21.43	18.716	5.503894264168588	4.856524217819115	3.879309489438912	0.007352941176470588	0.08088235294117647	0.11764705882352941	0.13970588235294118	0.25	0.3088235294117647	0.09558823529411764	0.0	0.0	0.20588235294117646	3.2941176470588234	1.0718157151934469
RCSB-6I13-H0Q-KD:S0	RCSB-6I13-H0Q-KD	S0	construct-009-2b786a6db716	2b786a6db716e3e887b22be571240bab2f5ece00a09ed5d79924f54bbed70aba	Q16658	6I13	H0Q	XBJCGFCUIMJMDK-UHFFFAOYSA-N	Cn1cc(NC(=O)c2cn(Cc3cccc(Cl)c3)c(=O)c3ccccc23)cn1	5.119186407719209	6I13	298e577143faaf25016087a63bfc1915351577c5c14502c912db5982c33e2923	1	A	6I12	H08	14;16;48;60;62;93;94;95;101;103;134;213;214;215;216;217;224	14;16;48;60;62;93;94;95;101;103;134;213;214;215;216;217;224		query_holo_receptor	True	True	False	17.0	148.0	1.0	0.0	0.058823529411764705	0.0	0.0	0.058823529411764705	0.11764705882352941	0.0	0.0	0.058823529411764705	0.0	0.29411764705882354	0.0	0.0	0.0	0.0	0.11764705882352941	0.0	0.058823529411764705	0.17647058823529413	0.058823529411764705	0.0	0.0	0.7027027027027027	0.16216216216216217	0.13513513513513514	0.0	0.0	0.0	0.0	8.330366100029924	12.38436766916857	21.739	21.510999999999996	18.797	5.529489600666043	4.839509758173068	3.9241418701674773	0.007352941176470588	0.08088235294117647	0.125	0.125	0.23529411764705882	0.3235294117647059	0.10294117647058823	0.0	0.0	0.21323529411764705	3.411764705882353	1.0878377652298192
RCSB-6I13-H0Q-KD:S1	RCSB-6I13-H0Q-KD	S1	construct-009-2b786a6db716	2b786a6db716e3e887b22be571240bab2f5ece00a09ed5d79924f54bbed70aba	Q16658	6I13	H0Q	XBJCGFCUIMJMDK-UHFFFAOYSA-N	Cn1cc(NC(=O)c2cn(Cc3cccc(Cl)c3)c(=O)c3ccccc23)cn1	5.119186407719209	6I12	3828829d61cf1a3aa1ead3c34878c0a24fe33bd78daf2344a43d8822195b9e79	1	A	6I12	H08	14;16;48;60;62;93;94;95;101;103;134;213;214;215;216;217;224	14;16;48;60;62;93;94;95;101;103;134;213;214;215;216;217;224		fixed_historical_reference_receptor	False	True	False	17.0	148.0	1.0	0.0	0.058823529411764705	0.0	0.0	0.058823529411764705	0.11764705882352941	0.0	0.0	0.058823529411764705	0.0	0.29411764705882354	0.0	0.0	0.0	0.0	0.11764705882352941	0.0	0.058823529411764705	0.17647058823529413	0.058823529411764705	0.0	0.0	0.7027027027027027	0.16216216216216217	0.13513513513513514	0.0	0.0	0.0	0.0	8.302272078429027	12.440940082909675	21.8	21.43	18.716	5.503894264168588	4.856524217819115	3.879309489438912	0.007352941176470588	0.08088235294117647	0.11764705882352941	0.13970588235294118	0.25	0.3088235294117647	0.09558823529411764	0.0	0.0	0.20588235294117646	3.2941176470588234	1.0718157151934469
RCSB-6I11-H0H-KD:S0	RCSB-6I11-H0H-KD	S0	construct-009-2b786a6db716	2b786a6db716e3e887b22be571240bab2f5ece00a09ed5d79924f54bbed70aba	Q16658	6I11	H0H	VTTHLQZKGGQAGE-UHFFFAOYSA-N	Cn1cc(NC(=O)c2cn(Cc3ccccc3)c(=O)c3ccccc23)cn1	4.533132379645891	6I11	f1120365339ae70e8db796da2878ad9844bf6c142188151517fa79f7234f27cb	1	A	6I12	H08	14;16;48;60;62;93;94;95;101;103;134;213;214;215;216;217;224	14;16;48;60;62;93;94;95;101;103;134;213;214;215;216;217;224		query_holo_receptor	True	True	False	17.0	148.0	1.0	0.0	0.058823529411764705	0.0	0.0	0.058823529411764705	0.11764705882352941	0.0	0.0	0.058823529411764705	0.0	0.29411764705882354	0.0	0.0	0.0	0.0	0.11764705882352941	0.0	0.058823529411764705	0.17647058823529413	0.058823529411764705	0.0	0.0	0.7027027027027027	0.16216216216216217	0.13513513513513514	0.0	0.0	0.0	0.0	8.267952062798155	12.48973978904615	21.697	21.335	18.512	5.454101469230367	4.86232651125784	3.869055359385102	0.007352941176470588	0.08088235294117647	0.125	0.13970588235294118	0.25	0.3088235294117647	0.08823529411764706	0.0	0.0	0.21323529411764705	3.411764705882353	1.0878377652298192
RCSB-6I11-H0H-KD:S1	RCSB-6I11-H0H-KD	S1	construct-009-2b786a6db716	2b786a6db716e3e887b22be571240bab2f5ece00a09ed5d79924f54bbed70aba	Q16658	6I11	H0H	VTTHLQZKGGQAGE-UHFFFAOYSA-N	Cn1cc(NC(=O)c2cn(Cc3ccccc3)c(=O)c3ccccc23)cn1	4.533132379645891	6I12	3828829d61cf1a3aa1ead3c34878c0a24fe33bd78daf2344a43d8822195b9e79	1	A	6I12	H08	14;16;48;60;62;93;94;95;101;103;134;213;214;215;216;217;224	14;16;48;60;62;93;94;95;101;103;134;213;214;215;216;217;224		fixed_historical_reference_receptor	False	True	False	17.0	148.0	1.0	0.0	0.058823529411764705	0.0	0.0	0.058823529411764705	0.11764705882352941	0.0	0.0	0.058823529411764705	0.0	0.29411764705882354	0.0	0.0	0.0	0.0	0.11764705882352941	0.0	0.058823529411764705	0.17647058823529413	0.058823529411764705	0.0	0.0	0.7027027027027027	0.16216216216216217	0.13513513513513514	0.0	0.0	0.0	0.0	8.302272078429027	12.440940082909675	21.8	21.43	18.716	5.503894264168588	4.856524217819115	3.879309489438912	0.007352941176470588	0.08088235294117647	0.11764705882352941	0.13970588235294118	0.25	0.3088235294117647	0.09558823529411764	0.0	0.0	0.20588235294117646	3.2941176470588234	1.0718157151934469
RCSB-6I14-GZN-KD:S0	RCSB-6I14-GZN-KD	S0	construct-009-2b786a6db716	2b786a6db716e3e887b22be571240bab2f5ece00a09ed5d79924f54bbed70aba	Q16658	6I14	GZN	ARDJWVHRRXSBIV-UHFFFAOYSA-N	Cn1cc(NC(=O)c2cn(Cc3ccc(Cl)c(Cl)c3)c(=O)c3ccccc23)cn1	5.823908740944319	6I14	35b702ee33c7b7e633fde6df7a4123b060212e368ae7a59734164aced5311c50	1	A	6I12	H08	14;16;48;60;62;93;94;95;101;103;134;213;214;215;216;217;224	14;16;48;60;62;93;94;95;101;103;134;213;214;215;216;217;224		query_holo_receptor	True	True	False	17.0	148.0	1.0	0.0	0.058823529411764705	0.0	0.0	0.058823529411764705	0.11764705882352941	0.0	0.0	0.058823529411764705	0.0	0.29411764705882354	0.0	0.0	0.0	0.0	0.11764705882352941	0.0	0.058823529411764705	0.17647058823529413	0.058823529411764705	0.0	0.0	0.7027027027027027	0.16216216216216217	0.13513513513513514	0.0	0.0	0.0	0.0	8.286306344134523	12.42122295963839	21.768	21.380000000000003	18.647	5.481552990611917	4.848730464384834	3.886548922077791	0.007352941176470588	0.08088235294117647	0.125	0.13970588235294118	0.23529411764705882	0.3235294117647059	0.08823529411764706	0.0	0.0	0.21323529411764705	3.411764705882353	1.0878377652298192
RCSB-6I14-GZN-KD:S1	RCSB-6I14-GZN-KD	S1	construct-009-2b786a6db716	2b786a6db716e3e887b22be571240bab2f5ece00a09ed5d79924f54bbed70aba	Q16658	6I14	GZN	ARDJWVHRRXSBIV-UHFFFAOYSA-N	Cn1cc(NC(=O)c2cn(Cc3ccc(Cl)c(Cl)c3)c(=O)c3ccccc23)cn1	5.823908740944319	6I12	3828829d61cf1a3aa1ead3c34878c0a24fe33bd78daf2344a43d8822195b9e79	1	A	6I12	H08	14;16;48;60;62;93;94;95;101;103;134;213;214;215;216;217;224	14;16;48;60;62;93;94;95;101;103;134;213;214;215;216;217;224		fixed_historical_reference_receptor	False	True	False	17.0	148.0	1.0	0.0	0.058823529411764705	0.0	0.0	0.058823529411764705	0.11764705882352941	0.0	0.0	0.058823529411764705	0.0	0.29411764705882354	0.0	0.0	0.0	0.0	0.11764705882352941	0.0	0.058823529411764705	0.17647058823529413	0.058823529411764705	0.0	0.0	0.7027027027027027	0.16216216216216217	0.13513513513513514	0.0	0.0	0.0	0.0	8.302272078429027	12.440940082909675	21.8	21.43	18.716	5.503894264168588	4.856524217819115	3.879309489438912	0.007352941176470588	0.08088235294117647	0.11764705882352941	0.13970588235294118	0.25	0.3088235294117647	0.09558823529411764	0.0	0.0	0.20588235294117646	3.2941176470588234	1.0718157151934469
RCSB-4B33-1NP-KD:S0	RCSB-4B33-1NP-KD	S0	construct-010-2fedea507c74	2fedea507c74508309eb4953725e4c98a750b5c2baf20667cab46609e06762f4	O74036	4B33	1NP	KJCVRFUGPWSIIH-UHFFFAOYSA-N	Oc1cccc2ccccc12	3.366531544420414	4B33	ac513fb42851edf0749d4bb5e5f200ead9a894573bd982ffdab3d407e6159a35	1	A	4B2I	LZ1	63;64;65;95;96;97;107;108;109;111;112;113;115;129	63;64;65;95;96;97;107;108;109;111;112;113;115;129		query_holo_receptor	True	True	False	14.0	114.0	1.0	0.0	0.21428571428571427	0.0	0.0	0.07142857142857142	0.0	0.0	0.0	0.07142857142857142	0.0	0.21428571428571427	0.14285714285714285	0.0	0.0	0.07142857142857142	0.0	0.0	0.0	0.07142857142857142	0.07142857142857142	0.07142857142857142	0.0	0.6842105263157895	0.14035087719298245	0.15789473684210525	0.017543859649122806	0.0	0.0	0.0	7.456205337043939	12.824228565010332	20.786	16.823	13.431	5.7043414086440505	3.779048137601972	2.9621415049721067	0.01098901098901099	0.14285714285714285	0.23076923076923078	0.15384615384615385	0.21978021978021978	0.2087912087912088	0.03296703296703297	0.0	0.0	0.38461538461538464	5.0	1.3627702877384937
RCSB-4B33-1NP-KD:S1	RCSB-4B33-1NP-KD	S1	construct-010-2fedea507c74	2fedea507c74508309eb4953725e4c98a750b5c2baf20667cab46609e06762f4	O74036	4B33	1NP	KJCVRFUGPWSIIH-UHFFFAOYSA-N	Oc1cccc2ccccc12	3.366531544420414	4B2I	8faca6954820f4982da6764e163848a7796ffaeecf6d03a3bc36a128b75508fa	1	A	4B2I	LZ1	63;64;65;95;96;97;107;108;109;111;112;113;115;129	63;64;65;95;96;97;107;108;109;111;112;113;115;129		fixed_historical_reference_receptor	False	True	False	14.0	114.0	1.0	0.0	0.21428571428571427	0.0	0.0	0.07142857142857142	0.0	0.0	0.0	0.07142857142857142	0.0	0.21428571428571427	0.14285714285714285	0.0	0.0	0.07142857142857142	0.0	0.0	0.0	0.07142857142857142	0.07142857142857142	0.07142857142857142	0.0	0.6842105263157895	0.14035087719298245	0.15789473684210525	0.017543859649122806	0.0	0.0	0.0	7.450352859800267	12.788243290859786	20.861	16.931	13.385	5.701809050737985	3.797671132910138	2.928280254811251	0.01098901098901099	0.14285714285714285	0.23076923076923078	0.14285714285714285	0.24175824175824176	0.1978021978021978	0.03296703296703297	0.0	0.0	0.38461538461538464	5.0	1.1952286093343936
RCSB-4B32-03V-KD:S0	RCSB-4B32-03V-KD	S0	construct-010-2fedea507c74	2fedea507c74508309eb4953725e4c98a750b5c2baf20667cab46609e06762f4	O74036	4B32	03V	JWAZRIHNYRIHIV-UHFFFAOYSA-N	Oc1ccc2ccccc2c1	3.3372421683184257	4B32	e92572bec90436ed4672a5c19b88d337b6d81e088b95a208934863fd75f4c757	1	A	4B2I	LZ1	63;64;65;95;96;97;107;108;109;111;112;113;115;129	63;64;65;95;96;97;107;108;109;111;112;113;115;129		query_holo_receptor	True	True	False	14.0	114.0	1.0	0.0	0.21428571428571427	0.0	0.0	0.07142857142857142	0.0	0.0	0.0	0.07142857142857142	0.0	0.21428571428571427	0.14285714285714285	0.0	0.0	0.07142857142857142	0.0	0.0	0.0	0.07142857142857142	0.07142857142857142	0.07142857142857142	0.0	0.6842105263157895	0.14035087719298245	0.15789473684210525	0.017543859649122806	0.0	0.0	0.0	7.471559872871444	12.805951758588277	21.544	16.813	13.429000000000002	5.7050352333801175	3.78808220999713	2.987844221189831	0.01098901098901099	0.13186813186813187	0.25274725274725274	0.14285714285714285	0.21978021978021978	0.2087912087912088	0.03296703296703297	0.0	0.0	0.3956043956043956	5.142857142857143	1.1866605518454392
RCSB-4B32-03V-KD:S1	RCSB-4B32-03V-KD	S1	construct-010-2fedea507c74	2fedea507c74508309eb4953725e4c98a750b5c2baf20667cab46609e06762f4	O74036	4B32	03V	JWAZRIHNYRIHIV-UHFFFAOYSA-N	Oc1ccc2ccccc2c1	3.3372421683184257	4B2I	8faca6954820f4982da6764e163848a7796ffaeecf6d03a3bc36a128b75508fa	1	A	4B2I	LZ1	63;64;65;95;96;97;107;108;109;111;112;113;115;129	63;64;65;95;96;97;107;108;109;111;112;113;115;129		fixed_historical_reference_receptor	False	True	False	14.0	114.0	1.0	0.0	0.21428571428571427	0.0	0.0	0.07142857142857142	0.0	0.0	0.0	0.07142857142857142	0.0	0.21428571428571427	0.14285714285714285	0.0	0.0	0.07142857142857142	0.0	0.0	0.0	0.07142857142857142	0.07142857142857142	0.07142857142857142	0.0	0.6842105263157895	0.14035087719298245	0.15789473684210525	0.017543859649122806	0.0	0.0	0.0	7.450352859800267	12.788243290859786	20.861	16.931	13.385	5.701809050737985	3.797671132910138	2.928280254811251	0.01098901098901099	0.14285714285714285	0.23076923076923078	0.14285714285714285	0.24175824175824176	0.1978021978021978	0.03296703296703297	0.0	0.0	0.38461538461538464	5.0	1.1952286093343936
RCSB-4B3D-5MI-KD:S0	RCSB-4B3D-5MI-KD	S0	construct-010-2fedea507c74	2fedea507c74508309eb4953725e4c98a750b5c2baf20667cab46609e06762f4	O74036	4B3D	5MI	YPKBCLZFIYBSHK-UHFFFAOYSA-N	Cc1ccc2[nH]ccc2c1	2.6777807052660805	4B3D	1f9c354c68c9bac094d36c3689142806d0a0f33806b3e03a279644b74dfdb0cf	1	A	4B2I	LZ1	63;64;65;95;96;97;107;108;109;111;112;113;115;129	63;64;65;95;96;97;107;108;109;111;112;113;115;129		query_holo_receptor	True	True	False	14.0	114.0	1.0	0.0	0.21428571428571427	0.0	0.0	0.07142857142857142	0.0	0.0	0.0	0.07142857142857142	0.0	0.21428571428571427	0.14285714285714285	0.0	0.0	0.07142857142857142	0.0	0.0	0.0	0.07142857142857142	0.07142857142857142	0.07142857142857142	0.0	0.6842105263157895	0.14035087719298245	0.15789473684210525	0.017543859649122806	0.0	0.0	0.0	7.43252537224905	12.700100287751441	22.579	18.848	14.662	5.683288592537938	3.773915084861155	2.949615079177524	0.01098901098901099	0.15384615384615385	0.21978021978021978	0.15384615384615385	0.21978021978021978	0.2087912087912088	0.03296703296703297	0.0	0.0	0.38461538461538464	5.0	1.1952286093343936
RCSB-4B3D-5MI-KD:S1	RCSB-4B3D-5MI-KD	S1	construct-010-2fedea507c74	2fedea507c74508309eb4953725e4c98a750b5c2baf20667cab46609e06762f4	O74036	4B3D	5MI	YPKBCLZFIYBSHK-UHFFFAOYSA-N	Cc1ccc2[nH]ccc2c1	2.6777807052660805	4B2I	8faca6954820f4982da6764e163848a7796ffaeecf6d03a3bc36a128b75508fa	1	A	4B2I	LZ1	63;64;65;95;96;97;107;108;109;111;112;113;115;129	63;64;65;95;96;97;107;108;109;111;112;113;115;129		fixed_historical_reference_receptor	False	True	False	14.0	114.0	1.0	0.0	0.21428571428571427	0.0	0.0	0.07142857142857142	0.0	0.0	0.0	0.07142857142857142	0.0	0.21428571428571427	0.14285714285714285	0.0	0.0	0.07142857142857142	0.0	0.0	0.0	0.07142857142857142	0.07142857142857142	0.07142857142857142	0.0	0.6842105263157895	0.14035087719298245	0.15789473684210525	0.017543859649122806	0.0	0.0	0.0	7.450352859800267	12.788243290859786	20.861	16.931	13.385	5.701809050737985	3.797671132910138	2.928280254811251	0.01098901098901099	0.14285714285714285	0.23076923076923078	0.14285714285714285	0.24175824175824176	0.1978021978021978	0.03296703296703297	0.0	0.0	0.38461538461538464	5.0	1.1952286093343936
RCSB-4B2L-TR7-KD:S0	RCSB-4B2L-TR7-KD	S0	construct-010-2fedea507c74	2fedea507c74508309eb4953725e4c98a750b5c2baf20667cab46609e06762f4	O74036	4B2L	TR7	KCUNTYMNJVXYKZ-JTQLQIEISA-N	COC(=O)[C@@H](N)Cc1c[nH]c2ccccc12	3.2441251443275085	4B2L	19206488610a15a8c5636c514b4088cf6537bed5c064fb12ca572223572a57fe	1	A	4B2I	LZ1	63;64;65;95;96;97;107;108;109;111;112;113;115;129	63;64;65;95;96;97;107;108;109;111;112;113;115;129		query_holo_receptor	True	True	False	14.0	114.0	1.0	0.0	0.21428571428571427	0.0	0.0	0.07142857142857142	0.0	0.0	0.0	0.07142857142857142	0.0	0.21428571428571427	0.14285714285714285	0.0	0.0	0.07142857142857142	0.0	0.0	0.0	0.07142857142857142	0.07142857142857142	0.07142857142857142	0.0	0.6842105263157895	0.14035087719298245	0.15789473684210525	0.017543859649122806	0.0	0.0	0.0	7.490523486104002	12.886868467712562	20.859	16.9	13.399	5.729904040722186	3.837209899232333	2.924373773857338	0.01098901098901099	0.14285714285714285	0.23076923076923078	0.14285714285714285	0.23076923076923078	0.2087912087912088	0.03296703296703297	0.0	0.0	0.38461538461538464	5.0	1.4142135623730951
RCSB-4B2L-TR7-KD:S1	RCSB-4B2L-TR7-KD	S1	construct-010-2fedea507c74	2fedea507c74508309eb4953725e4c98a750b5c2baf20667cab46609e06762f4	O74036	4B2L	TR7	KCUNTYMNJVXYKZ-JTQLQIEISA-N	COC(=O)[C@@H](N)Cc1c[nH]c2ccccc12	3.2441251443275085	4B2I	8faca6954820f4982da6764e163848a7796ffaeecf6d03a3bc36a128b75508fa	1	A	4B2I	LZ1	63;64;65;95;96;97;107;108;109;111;112;113;115;129	63;64;65;95;96;97;107;108;109;111;112;113;115;129		fixed_historical_reference_receptor	False	True	False	14.0	114.0	1.0	0.0	0.21428571428571427	0.0	0.0	0.07142857142857142	0.0	0.0	0.0	0.07142857142857142	0.0	0.21428571428571427	0.14285714285714285	0.0	0.0	0.07142857142857142	0.0	0.0	0.0	0.07142857142857142	0.07142857142857142	0.07142857142857142	0.0	0.6842105263157895	0.14035087719298245	0.15789473684210525	0.017543859649122806	0.0	0.0	0.0	7.450352859800267	12.788243290859786	20.861	16.931	13.385	5.701809050737985	3.797671132910138	2.928280254811251	0.01098901098901099	0.14285714285714285	0.23076923076923078	0.14285714285714285	0.24175824175824176	0.1978021978021978	0.03296703296703297	0.0	0.0	0.38461538461538464	5.0	1.1952286093343936
RCSB-4B34-ABV-KD:S0	RCSB-4B34-ABV-KD	S0	construct-010-2fedea507c74	2fedea507c74508309eb4953725e4c98a750b5c2baf20667cab46609e06762f4	O74036	4B34	ABV	UHGULLIUJBCTEF-UHFFFAOYSA-N	Nc1nc2ccccc2s1	3.136677139879544	4B34	3ee5b848a749a3490e6628cff54aed4c610e22135d37b443f933f38edadf9b82	1	A	4B2I	LZ1	63;64;65;95;96;97;107;108;109;111;112;113;115;129	63;64;65;95;96;97;107;108;109;111;112;113;115;129		query_holo_receptor	True	True	False	14.0	114.0	1.0	0.0	0.21428571428571427	0.0	0.0	0.07142857142857142	0.0	0.0	0.0	0.07142857142857142	0.0	0.21428571428571427	0.14285714285714285	0.0	0.0	0.07142857142857142	0.0	0.0	0.0	0.07142857142857142	0.07142857142857142	0.07142857142857142	0.0	0.6842105263157895	0.14035087719298245	0.15789473684210525	0.017543859649122806	0.0	0.0	0.0	7.5492751515893515	12.942479122098147	21.219	16.855	13.406	5.832120862267886	3.7926027505467044	2.9315671472524185	0.01098901098901099	0.15384615384615385	0.2087912087912088	0.13186813186813187	0.24175824175824176	0.21978021978021978	0.03296703296703297	0.0	0.0	0.37362637362637363	4.857142857142857	1.456862718169367
RCSB-4B34-ABV-KD:S1	RCSB-4B34-ABV-KD	S1	construct-010-2fedea507c74	2fedea507c74508309eb4953725e4c98a750b5c2baf20667cab46609e06762f4	O74036	4B34	ABV	UHGULLIUJBCTEF-UHFFFAOYSA-N	Nc1nc2ccccc2s1	3.136677139879544	4B2I	8faca6954820f4982da6764e163848a7796ffaeecf6d03a3bc36a128b75508fa	1	A	4B2I	LZ1	63;64;65;95;96;97;107;108;109;111;112;113;115;129	63;64;65;95;96;97;107;108;109;111;112;113;115;129		fixed_historical_reference_receptor	False	True	False	14.0	114.0	1.0	0.0	0.21428571428571427	0.0	0.0	0.07142857142857142	0.0	0.0	0.0	0.07142857142857142	0.0	0.21428571428571427	0.14285714285714285	0.0	0.0	0.07142857142857142	0.0	0.0	0.0	0.07142857142857142	0.07142857142857142	0.07142857142857142	0.0	0.6842105263157895	0.14035087719298245	0.15789473684210525	0.017543859649122806	0.0	0.0	0.0	7.450352859800267	12.788243290859786	20.861	16.931	13.385	5.701809050737985	3.797671132910138	2.928280254811251	0.01098901098901099	0.14285714285714285	0.23076923076923078	0.14285714285714285	0.24175824175824176	0.1978021978021978	0.03296703296703297	0.0	0.0	0.38461538461538464	5.0	1.1952286093343936
RCSB-6QLO-J5E-KD:S0	RCSB-6QLO-J5E-KD	S0	construct-011-4f6fb808c4a8	4f6fb808c4a82020b43c250bf9d4643eb416c379f5db1f8b1ec12c3b9239f487	P17931	6QLO	J5E	DWZCKGAEDMIIIZ-IFLJBQAJSA-N	Cc1ccc(S[C@@H]2O[C@H](CO)[C@H](O)[C@H](n3cc(-c4ccc(F)c(F)c4)nn3)[C@H]2O)cc1	5.055517327849831	6QLO	b670804d8427369805205ec247ddc86a52c2a3c38c23c58158709d85ccee81e4	1	A	6QLR	J4N	32;33;34;36;46;48;49;50;60;61;62;69;70;72;125;126;127	32;33;34;36;46;48;49;50;60;61;62;69;70;72;125;126;127		query_holo_receptor	True	True	False	17.0	134.0	1.0	0.0	0.058823529411764705	0.058823529411764705	0.11764705882352941	0.058823529411764705	0.0	0.11764705882352941	0.058823529411764705	0.058823529411764705	0.0	0.0	0.0	0.11764705882352941	0.058823529411764705	0.0	0.11764705882352941	0.058823529411764705	0.0	0.058823529411764705	0.058823529411764705	0.0	0.0	0.5895522388059702	0.208955223880597	0.19402985074626866	0.007462686567164179	0.0	0.0	0.0	7.903060590907369	12.790586097666525	21.525	17.122	15.758	6.463393390256159	3.633492753600026	2.7350764149987143	0.029411764705882353	0.18382352941176472	0.1323529411764706	0.19117647058823528	0.13970588235294118	0.20588235294117646	0.09558823529411764	0.022058823529411766	0.0	0.34558823529411764	5.529411764705882	1.7529016971472164
RCSB-6QLO-J5E-KD:S1	RCSB-6QLO-J5E-KD	S1	construct-011-4f6fb808c4a8	4f6fb808c4a82020b43c250bf9d4643eb416c379f5db1f8b1ec12c3b9239f487	P17931	6QLO	J5E	DWZCKGAEDMIIIZ-IFLJBQAJSA-N	Cc1ccc(S[C@@H]2O[C@H](CO)[C@H](O)[C@H](n3cc(-c4ccc(F)c(F)c4)nn3)[C@H]2O)cc1	5.055517327849831	6QLR	10026e11c2277d5b1745642e55c10bc1c1d101fc60b3d5492bba78b8ab907d66	1	A	6QLR	J4N	32;33;34;36;46;48;49;50;60;61;62;69;70;72;125;126;127	32;33;34;36;46;48;49;50;60;61;62;69;70;72;125;126;127		fixed_historical_reference_receptor	False	True	False	17.0	134.0	1.0	0.0	0.058823529411764705	0.058823529411764705	0.11764705882352941	0.058823529411764705	0.0	0.11764705882352941	0.058823529411764705	0.058823529411764705	0.0	0.0	0.0	0.11764705882352941	0.058823529411764705	0.0	0.11764705882352941	0.058823529411764705	0.0	0.058823529411764705	0.058823529411764705	0.0	0.0	0.5895522388059702	0.208955223880597	0.19402985074626866	0.007462686567164179	0.0	0.0	0.0	7.867722591654979	12.654301055013313	21.542	17.032	15.782	6.4095333228158555	3.6451372178745296	2.744433643908563	0.022058823529411766	0.19117647058823528	0.1323529411764706	0.19117647058823528	0.13970588235294118	0.20588235294117646	0.10294117647058823	0.014705882352941176	0.0	0.34558823529411764	5.529411764705882	1.7529016971472164
RCSB-6QLT-J5W-KD:S0	RCSB-6QLT-J5W-KD	S0	construct-011-4f6fb808c4a8	4f6fb808c4a82020b43c250bf9d4643eb416c379f5db1f8b1ec12c3b9239f487	P17931	6QLT	J5W	SPWDDLPVHYIRJF-IFLJBQAJSA-N	Cc1ccc(S[C@@H]2O[C@H](CO)[C@H](O)[C@H](n3cc(-c4ccccc4F)nn3)[C@H]2O)cc1	4.036212172654444	6QLT	ce190606e25962632530ca8045767a94b9cbca72e1100cba15658630834647b4	1	A	6QLR	J4N	32;33;34;36;46;48;49;50;60;61;62;69;70;72;125;126;127	32;33;34;36;46;48;49;50;60;61;62;69;70;72;125;126;127		query_holo_receptor	True	True	False	17.0	134.0	1.0	0.0	0.058823529411764705	0.058823529411764705	0.11764705882352941	0.058823529411764705	0.0	0.11764705882352941	0.058823529411764705	0.058823529411764705	0.0	0.0	0.0	0.11764705882352941	0.058823529411764705	0.0	0.11764705882352941	0.058823529411764705	0.0	0.058823529411764705	0.058823529411764705	0.0	0.0	0.5895522388059702	0.208955223880597	0.19402985074626866	0.007462686567164179	0.0	0.0	0.0	7.899855072863957	12.822028618549783	21.387	17.413	15.604	6.450062707483523	3.634617354155377	2.7557136880774267	0.029411764705882353	0.17647058823529413	0.13970588235294118	0.19117647058823528	0.13970588235294118	0.20588235294117646	0.09558823529411764	0.022058823529411766	0.0	0.34558823529411764	5.529411764705882	1.7529016971472164
RCSB-6QLT-J5W-KD:S1	RCSB-6QLT-J5W-KD	S1	construct-011-4f6fb808c4a8	4f6fb808c4a82020b43c250bf9d4643eb416c379f5db1f8b1ec12c3b9239f487	P17931	6QLT	J5W	SPWDDLPVHYIRJF-IFLJBQAJSA-N	Cc1ccc(S[C@@H]2O[C@H](CO)[C@H](O)[C@H](n3cc(-c4ccccc4F)nn3)[C@H]2O)cc1	4.036212172654444	6QLR	10026e11c2277d5b1745642e55c10bc1c1d101fc60b3d5492bba78b8ab907d66	1	A	6QLR	J4N	32;33;34;36;46;48;49;50;60;61;62;69;70;72;125;126;127	32;33;34;36;46;48;49;50;60;61;62;69;70;72;125;126;127		fixed_historical_reference_receptor	False	True	False	17.0	134.0	1.0	0.0	0.058823529411764705	0.058823529411764705	0.11764705882352941	0.058823529411764705	0.0	0.11764705882352941	0.058823529411764705	0.058823529411764705	0.0	0.0	0.0	0.11764705882352941	0.058823529411764705	0.0	0.11764705882352941	0.058823529411764705	0.0	0.058823529411764705	0.058823529411764705	0.0	0.0	0.5895522388059702	0.208955223880597	0.19402985074626866	0.007462686567164179	0.0	0.0	0.0	7.867722591654979	12.654301055013313	21.542	17.032	15.782	6.4095333228158555	3.6451372178745296	2.744433643908563	0.022058823529411766	0.19117647058823528	0.1323529411764706	0.19117647058823528	0.13970588235294118	0.20588235294117646	0.10294117647058823	0.014705882352941176	0.0	0.34558823529411764	5.529411764705882	1.7529016971472164
RCSB-6QLQ-J4E-KD:S0	RCSB-6QLQ-J4E-KD	S0	construct-011-4f6fb808c4a8	4f6fb808c4a82020b43c250bf9d4643eb416c379f5db1f8b1ec12c3b9239f487	P17931	6QLQ	J4E	LEJGTTBPRKJROI-IFLJBQAJSA-N	Cc1ccc(S[C@@H]2O[C@H](CO)[C@H](O)[C@H](n3cc(-c4ccc(F)cc4)nn3)[C@H]2O)cc1	4.508638306165727	6QLQ	449b0dbcde2664cfde5fb1e92e5314a85a2f4d879e804d414b852fa47dc76b74	1	A	6QLR	J4N	32;33;34;36;46;48;49;50;60;61;62;69;70;72;125;126;127	32;33;34;36;46;48;49;50;60;61;62;69;70;72;125;126;127		query_holo_receptor	True	True	False	17.0	134.0	1.0	0.0	0.058823529411764705	0.058823529411764705	0.11764705882352941	0.058823529411764705	0.0	0.11764705882352941	0.058823529411764705	0.058823529411764705	0.0	0.0	0.0	0.11764705882352941	0.058823529411764705	0.0	0.11764705882352941	0.058823529411764705	0.0	0.058823529411764705	0.058823529411764705	0.0	0.0	0.5895522388059702	0.208955223880597	0.19402985074626866	0.007462686567164179	0.0	0.0	0.0	7.9537537588188885	12.841589431284833	21.479	16.971	15.777	6.525389584979367	3.637198222577001	2.7298862082239084	0.029411764705882353	0.19117647058823528	0.125	0.19117647058823528	0.125	0.22058823529411764	0.09558823529411764	0.022058823529411766	0.0	0.34558823529411764	5.529411764705882	1.7529016971472164
RCSB-6QLQ-J4E-KD:S1	RCSB-6QLQ-J4E-KD	S1	construct-011-4f6fb808c4a8	4f6fb808c4a82020b43c250bf9d4643eb416c379f5db1f8b1ec12c3b9239f487	P17931	6QLQ	J4E	LEJGTTBPRKJROI-IFLJBQAJSA-N	Cc1ccc(S[C@@H]2O[C@H](CO)[C@H](O)[C@H](n3cc(-c4ccc(F)cc4)nn3)[C@H]2O)cc1	4.508638306165727	6QLR	10026e11c2277d5b1745642e55c10bc1c1d101fc60b3d5492bba78b8ab907d66	1	A	6QLR	J4N	32;33;34;36;46;48;49;50;60;61;62;69;70;72;125;126;127	32;33;34;36;46;48;49;50;60;61;62;69;70;72;125;126;127		fixed_historical_reference_receptor	False	True	False	17.0	134.0	1.0	0.0	0.058823529411764705	0.058823529411764705	0.11764705882352941	0.058823529411764705	0.0	0.11764705882352941	0.058823529411764705	0.058823529411764705	0.0	0.0	0.0	0.11764705882352941	0.058823529411764705	0.0	0.11764705882352941	0.058823529411764705	0.0	0.058823529411764705	0.058823529411764705	0.0	0.0	0.5895522388059702	0.208955223880597	0.19402985074626866	0.007462686567164179	0.0	0.0	0.0	7.867722591654979	12.654301055013313	21.542	17.032	15.782	6.4095333228158555	3.6451372178745296	2.744433643908563	0.022058823529411766	0.19117647058823528	0.1323529411764706	0.19117647058823528	0.13970588235294118	0.20588235294117646	0.10294117647058823	0.014705882352941176	0.0	0.34558823529411764	5.529411764705882	1.7529016971472164
RCSB-6QLN-J5Q-KD:S0	RCSB-6QLN-J5Q-KD	S0	construct-011-4f6fb808c4a8	4f6fb808c4a82020b43c250bf9d4643eb416c379f5db1f8b1ec12c3b9239f487	P17931	6QLN	J5Q	LTAMTECRMDNLJJ-IFLJBQAJSA-N	Cc1ccc(S[C@@H]2O[C@H](CO)[C@H](O)[C@H](n3cc(-c4cccc(F)c4)nn3)[C@H]2O)cc1	4.657577319177793	6QLN	53b3ebff3849a9e06be72e43230f5e1f2cd1f981888804420774025643bf372b	1	A	6QLR	J4N	32;33;34;36;46;48;49;50;60;61;62;69;70;72;125;126;127	32;33;34;36;46;48;49;50;60;61;62;69;70;72;125;126;127		query_holo_receptor	True	True	False	17.0	134.0	1.0	0.0	0.058823529411764705	0.058823529411764705	0.11764705882352941	0.058823529411764705	0.0	0.11764705882352941	0.058823529411764705	0.058823529411764705	0.0	0.0	0.0	0.11764705882352941	0.058823529411764705	0.0	0.11764705882352941	0.058823529411764705	0.0	0.058823529411764705	0.058823529411764705	0.0	0.0	0.5895522388059702	0.208955223880597	0.19402985074626866	0.007462686567164179	0.0	0.0	0.0	7.875865243541728	12.678632508475605	21.570999999999998	17.07	15.763	6.419391482067995	3.6452664467857354	2.7445762635276827	0.022058823529411766	0.19852941176470587	0.125	0.19117647058823528	0.13970588235294118	0.20588235294117646	0.10294117647058823	0.014705882352941176	0.0	0.34558823529411764	5.529411764705882	1.7529016971472164
RCSB-6QLN-J5Q-KD:S1	RCSB-6QLN-J5Q-KD	S1	construct-011-4f6fb808c4a8	4f6fb808c4a82020b43c250bf9d4643eb416c379f5db1f8b1ec12c3b9239f487	P17931	6QLN	J5Q	LTAMTECRMDNLJJ-IFLJBQAJSA-N	Cc1ccc(S[C@@H]2O[C@H](CO)[C@H](O)[C@H](n3cc(-c4cccc(F)c4)nn3)[C@H]2O)cc1	4.657577319177793	6QLR	10026e11c2277d5b1745642e55c10bc1c1d101fc60b3d5492bba78b8ab907d66	1	A	6QLR	J4N	32;33;34;36;46;48;49;50;60;61;62;69;70;72;125;126;127	32;33;34;36;46;48;49;50;60;61;62;69;70;72;125;126;127		fixed_historical_reference_receptor	False	True	False	17.0	134.0	1.0	0.0	0.058823529411764705	0.058823529411764705	0.11764705882352941	0.058823529411764705	0.0	0.11764705882352941	0.058823529411764705	0.058823529411764705	0.0	0.0	0.0	0.11764705882352941	0.058823529411764705	0.0	0.11764705882352941	0.058823529411764705	0.0	0.058823529411764705	0.058823529411764705	0.0	0.0	0.5895522388059702	0.208955223880597	0.19402985074626866	0.007462686567164179	0.0	0.0	0.0	7.867722591654979	12.654301055013313	21.542	17.032	15.782	6.4095333228158555	3.6451372178745296	2.744433643908563	0.022058823529411766	0.19117647058823528	0.1323529411764706	0.19117647058823528	0.13970588235294118	0.20588235294117646	0.10294117647058823	0.014705882352941176	0.0	0.34558823529411764	5.529411764705882	1.7529016971472164
RCSB-6QLU-J62-KD:S0	RCSB-6QLU-J62-KD	S0	construct-011-4f6fb808c4a8	4f6fb808c4a82020b43c250bf9d4643eb416c379f5db1f8b1ec12c3b9239f487	P17931	6QLU	J62	YMMGKBVLXHTWGR-CTWRKMMKSA-N	Cc1ccc(S[C@@H]2O[C@H](CO)[C@H](O)[C@H](n3cc(-c4ccc(F)c(C)c4)nn3)[C@H]2O)cc1	4.638272163982407	6QLU	17362c82e13f72c9f5200203dc146831e4f2edc34272591323585e0aad728a25	1	A	6QLR	J4N	32;33;34;36;46;48;49;50;60;61;62;69;70;72;125;126;127	32;33;34;36;46;48;49;50;60;61;62;69;70;72;125;126;127		query_holo_receptor	True	True	False	17.0	134.0	1.0	0.0	0.058823529411764705	0.058823529411764705	0.11764705882352941	0.058823529411764705	0.0	0.11764705882352941	0.058823529411764705	0.058823529411764705	0.0	0.0	0.0	0.11764705882352941	0.058823529411764705	0.0	0.11764705882352941	0.058823529411764705	0.0	0.058823529411764705	0.058823529411764705	0.0	0.0	0.5895522388059702	0.208955223880597	0.19402985074626866	0.007462686567164179	0.0	0.0	0.0	7.908397525061691	12.770454205818663	21.706	17.026	15.705	6.471283244410937	3.620202347489374	2.7494325865968294	0.029411764705882353	0.19117647058823528	0.125	0.19117647058823528	0.125	0.22058823529411764	0.09558823529411764	0.022058823529411766	0.0	0.34558823529411764	5.529411764705882	1.7529016971472164
RCSB-6QLU-J62-KD:S1	RCSB-6QLU-J62-KD	S1	construct-011-4f6fb808c4a8	4f6fb808c4a82020b43c250bf9d4643eb416c379f5db1f8b1ec12c3b9239f487	P17931	6QLU	J62	YMMGKBVLXHTWGR-CTWRKMMKSA-N	Cc1ccc(S[C@@H]2O[C@H](CO)[C@H](O)[C@H](n3cc(-c4ccc(F)c(C)c4)nn3)[C@H]2O)cc1	4.638272163982407	6QLR	10026e11c2277d5b1745642e55c10bc1c1d101fc60b3d5492bba78b8ab907d66	1	A	6QLR	J4N	32;33;34;36;46;48;49;50;60;61;62;69;70;72;125;126;127	32;33;34;36;46;48;49;50;60;61;62;69;70;72;125;126;127		fixed_historical_reference_receptor	False	True	False	17.0	134.0	1.0	0.0	0.058823529411764705	0.058823529411764705	0.11764705882352941	0.058823529411764705	0.0	0.11764705882352941	0.058823529411764705	0.058823529411764705	0.0	0.0	0.0	0.11764705882352941	0.058823529411764705	0.0	0.11764705882352941	0.058823529411764705	0.0	0.058823529411764705	0.058823529411764705	0.0	0.0	0.5895522388059702	0.208955223880597	0.19402985074626866	0.007462686567164179	0.0	0.0	0.0	7.867722591654979	12.654301055013313	21.542	17.032	15.782	6.4095333228158555	3.6451372178745296	2.744433643908563	0.022058823529411766	0.19117647058823528	0.1323529411764706	0.19117647058823528	0.13970588235294118	0.20588235294117646	0.10294117647058823	0.014705882352941176	0.0	0.34558823529411764	5.529411764705882	1.7529016971472164
RCSB-4TZ8-39U-KD:S0	RCSB-4TZ8-39U-KD	S0	construct-012-90b947063061	90b947063061d4b396499ec38038b226dd533bd87bad1f083bdb79fc8393ec1d	Q6PL18	4TZ8	39U	KRPZAWRISMXVDQ-UHFFFAOYSA-N	CC1(C)CNC(=O)c2sc(N)nc2C1	3.3010299956639813	4TZ8	acb11eab88448d5cd5b2b609a2281ddad481722021556cf848c954cbb69eecfc	1	A	4TYL	39O	30;31;33;34;35;36;39;40;43;81;82;85;86;96	30;31;33;34;35;36;39;40;43;81;82;85;86;96		query_holo_receptor	True	True	False	14.0	112.0	1.0	0.0	0.07142857142857142	0.0	0.07142857142857142	0.07142857142857142	0.07142857142857142	0.0	0.0	0.07142857142857142	0.07142857142857142	0.0	0.0	0.14285714285714285	0.07142857142857142	0.0	0.0	0.0	0.0	0.21428571428571427	0.0	0.14285714285714285	0.0	0.6785714285714286	0.14285714285714285	0.17857142857142858	0.0	0.0	0.0	0.0	7.602850503424586	10.890808643124169	19.982999999999997	15.927000000000021	13.282	5.358711605024787	4.533542403067442	2.9213933304479296	0.03296703296703297	0.12087912087912088	0.13186813186813187	0.17582417582417584	0.17582417582417584	0.34065934065934067	0.02197802197802198	0.0	0.0	0.2857142857142857	3.7142857142857144	0.7953949089757174
RCSB-4TZ8-39U-KD:S1	RCSB-4TZ8-39U-KD	S1	construct-012-90b947063061	90b947063061d4b396499ec38038b226dd533bd87bad1f083bdb79fc8393ec1d	Q6PL18	4TZ8	39U	KRPZAWRISMXVDQ-UHFFFAOYSA-N	CC1(C)CNC(=O)c2sc(N)nc2C1	3.3010299956639813	4TYL	f37930ae40401ea4a448444d7d776973377fff95740654b74be0877daeb2880d	1	A	4TYL	39O	30;31;33;34;35;36;39;40;43;81;82;85;86;96	30;31;33;34;35;36;39;40;43;81;82;85;86;96		fixed_historical_reference_receptor	False	True	False	14.0	112.0	1.0	0.0	0.07142857142857142	0.0	0.07142857142857142	0.07142857142857142	0.07142857142857142	0.0	0.0	0.07142857142857142	0.07142857142857142	0.0	0.0	0.14285714285714285	0.07142857142857142	0.0	0.0	0.0	0.0	0.21428571428571427	0.0	0.14285714285714285	0.0	0.6785714285714286	0.14285714285714285	0.17857142857142858	0.0	0.0	0.0	0.0	7.54477979792247	11.155262136614061	19.761000000000003	15.912	13.453999999999999	5.29538254321284	4.523806975897272	2.9013438894758563	0.03296703296703297	0.14285714285714285	0.10989010989010989	0.18681318681318682	0.16483516483516483	0.34065934065934067	0.02197802197802198	0.0	0.0	0.2857142857142857	3.7142857142857144	0.7953949089757174
RCSB-6HIE-G7Q-KD:S0	RCSB-6HIE-G7Q-KD	S0	construct-012-90b947063061	90b947063061d4b396499ec38038b226dd533bd87bad1f083bdb79fc8393ec1d	Q6PL18	6HIE	G7Q	XAAULFWATXYIOV-OAHLLOKOSA-N	CC(=O)c1csc(NC(=O)[C@H]2CNCCN2CCC2CCC(F)(F)CC2)n1	4.6020599913279625	6HIE	27e3d602f2e77f841ecfd68e9941e3816b6325f8d02019e1ec9fc4a13f2b64c1	1	A	4TYL	39O	30;31;33;34;35;36;39;40;43;81;82;85;86;96	30;31;33;34;35;36;39;40;43;81;82;85;86;96		query_holo_receptor	True	True	False	14.0	116.0	1.0	0.0	0.07142857142857142	0.0	0.07142857142857142	0.07142857142857142	0.07142857142857142	0.0	0.0	0.07142857142857142	0.07142857142857142	0.0	0.0	0.14285714285714285	0.07142857142857142	0.0	0.0	0.0	0.0	0.21428571428571427	0.0	0.14285714285714285	0.0	0.6724137931034483	0.13793103448275862	0.1896551724137931	0.0	0.0	0.0	0.0	7.642371088490237	11.317629754789568	20.730000000000004	16.285	14.466000000000001	5.454279479103427	4.340613026724532	3.1330096983973705	0.02197802197802198	0.13186813186813187	0.13186813186813187	0.16483516483516483	0.24175824175824176	0.25274725274725274	0.054945054945054944	0.0	0.0	0.2857142857142857	3.7142857142857144	0.8806305718527108
RCSB-6HIE-G7Q-KD:S1	RCSB-6HIE-G7Q-KD	S1	construct-012-90b947063061	90b947063061d4b396499ec38038b226dd533bd87bad1f083bdb79fc8393ec1d	Q6PL18	6HIE	G7Q	XAAULFWATXYIOV-OAHLLOKOSA-N	CC(=O)c1csc(NC(=O)[C@H]2CNCCN2CCC2CCC(F)(F)CC2)n1	4.6020599913279625	4TYL	f37930ae40401ea4a448444d7d776973377fff95740654b74be0877daeb2880d	1	A	4TYL	39O	30;31;33;34;35;36;39;40;43;81;82;85;86;96	30;31;33;34;35;36;39;40;43;81;82;85;86;96		fixed_historical_reference_receptor	False	True	False	14.0	112.0	1.0	0.0	0.07142857142857142	0.0	0.07142857142857142	0.07142857142857142	0.07142857142857142	0.0	0.0	0.07142857142857142	0.07142857142857142	0.0	0.0	0.14285714285714285	0.07142857142857142	0.0	0.0	0.0	0.0	0.21428571428571427	0.0	0.14285714285714285	0.0	0.6785714285714286	0.14285714285714285	0.17857142857142858	0.0	0.0	0.0	0.0	7.54477979792247	11.155262136614061	19.761000000000003	15.912	13.453999999999999	5.29538254321284	4.523806975897272	2.9013438894758563	0.03296703296703297	0.14285714285714285	0.10989010989010989	0.18681318681318682	0.16483516483516483	0.34065934065934067	0.02197802197802198	0.0	0.0	0.2857142857142857	3.7142857142857144	0.7953949089757174
RCSB-5A5Q-6XC-KD:S0	RCSB-5A5Q-6XC-KD	S0	construct-012-90b947063061	90b947063061d4b396499ec38038b226dd533bd87bad1f083bdb79fc8393ec1d	Q6PL18	5A5Q	6XC	WPUMQOWFWIAZCU-UHFFFAOYSA-N	Cc1cc2ccnc(NC3CCNCC3)c2[nH]c1=O	4.6777807052660805	5A5Q	996c881b2571765c7b3d065ecd9f5c725a107546b3763bdcdd725793f62c45de	1	A	4TYL	39O	30;31;33;34;35;36;39;40;43;81;82;85;86;96	30;31;33;34;35;36;39;40;43;81;82;85;86;96		query_holo_receptor	True	True	False	14.0	118.0	1.0	0.0	0.07142857142857142	0.0	0.07142857142857142	0.07142857142857142	0.07142857142857142	0.0	0.0	0.07142857142857142	0.07142857142857142	0.0	0.0	0.14285714285714285	0.07142857142857142	0.0	0.0	0.0	0.0	0.21428571428571427	0.0	0.14285714285714285	0.0	0.6694915254237288	0.1440677966101695	0.1864406779661017	0.0	0.0	0.0	0.0	7.716990154445529	13.790000406469463	19.613	18.167	14.596	5.364327505437485	4.60776545380624	3.089405279487603	0.01098901098901099	0.14285714285714285	0.0989010989010989	0.2087912087912088	0.17582417582417584	0.34065934065934067	0.02197802197802198	0.0	0.0	0.25274725274725274	3.2857142857142856	1.0301575072754254
RCSB-5A5Q-6XC-KD:S1	RCSB-5A5Q-6XC-KD	S1	construct-012-90b947063061	90b947063061d4b396499ec38038b226dd533bd87bad1f083bdb79fc8393ec1d	Q6PL18	5A5Q	6XC	WPUMQOWFWIAZCU-UHFFFAOYSA-N	Cc1cc2ccnc(NC3CCNCC3)c2[nH]c1=O	4.6777807052660805	4TYL	f37930ae40401ea4a448444d7d776973377fff95740654b74be0877daeb2880d	1	A	4TYL	39O	30;31;33;34;35;36;39;40;43;81;82;85;86;96	30;31;33;34;35;36;39;40;43;81;82;85;86;96		fixed_historical_reference_receptor	False	True	False	14.0	112.0	1.0	0.0	0.07142857142857142	0.0	0.07142857142857142	0.07142857142857142	0.07142857142857142	0.0	0.0	0.07142857142857142	0.07142857142857142	0.0	0.0	0.14285714285714285	0.07142857142857142	0.0	0.0	0.0	0.0	0.21428571428571427	0.0	0.14285714285714285	0.0	0.6785714285714286	0.14285714285714285	0.17857142857142858	0.0	0.0	0.0	0.0	7.54477979792247	11.155262136614061	19.761000000000003	15.912	13.453999999999999	5.29538254321284	4.523806975897272	2.9013438894758563	0.03296703296703297	0.14285714285714285	0.10989010989010989	0.18681318681318682	0.16483516483516483	0.34065934065934067	0.02197802197802198	0.0	0.0	0.2857142857142857	3.7142857142857144	0.7953949089757174
RCSB-6S57-KVT-KD:S0	RCSB-6S57-KVT-KD	S0	construct-012-90b947063061	90b947063061d4b396499ec38038b226dd533bd87bad1f083bdb79fc8393ec1d	Q6PL18	6S57	KVT	ZHCSIBLDPZYQBH-UHFFFAOYSA-N	Cc1ccc(NC(=O)CN2C(=O)NC(C)(C)C2=O)cc1S(=O)(=O)N1CCCCCC1	5.100015437450609	6S57	2107425ca4953f91181349ae44361a1a364b1bb6f649c4111757a9bfffa2fcf9	1	A	4TYL	39O	30;31;33;34;35;36;39;40;43;81;82;85;86;96	30;31;33;34;35;36;39;40;43;81;82;85;86;96		query_holo_receptor	True	True	False	14.0	118.0	1.0	0.0	0.07142857142857142	0.0	0.07142857142857142	0.07142857142857142	0.07142857142857142	0.0	0.0	0.07142857142857142	0.07142857142857142	0.0	0.0	0.14285714285714285	0.07142857142857142	0.0	0.0	0.0	0.0	0.21428571428571427	0.0	0.14285714285714285	0.0	0.6694915254237288	0.1440677966101695	0.1864406779661017	0.0	0.0	0.0	0.0	7.848135619460887	11.692023930661419	20.347	16.381	15.195	5.6021886557626	4.520528371586157	3.126265856957812	0.01098901098901099	0.13186813186813187	0.13186813186813187	0.17582417582417584	0.16483516483516483	0.32967032967032966	0.054945054945054944	0.0	0.0	0.27472527472527475	3.5714285714285716	0.9035079029052512
RCSB-6S57-KVT-KD:S1	RCSB-6S57-KVT-KD	S1	construct-012-90b947063061	90b947063061d4b396499ec38038b226dd533bd87bad1f083bdb79fc8393ec1d	Q6PL18	6S57	KVT	ZHCSIBLDPZYQBH-UHFFFAOYSA-N	Cc1ccc(NC(=O)CN2C(=O)NC(C)(C)C2=O)cc1S(=O)(=O)N1CCCCCC1	5.100015437450609	4TYL	f37930ae40401ea4a448444d7d776973377fff95740654b74be0877daeb2880d	1	A	4TYL	39O	30;31;33;34;35;36;39;40;43;81;82;85;86;96	30;31;33;34;35;36;39;40;43;81;82;85;86;96		fixed_historical_reference_receptor	False	True	False	14.0	112.0	1.0	0.0	0.07142857142857142	0.0	0.07142857142857142	0.07142857142857142	0.07142857142857142	0.0	0.0	0.07142857142857142	0.07142857142857142	0.0	0.0	0.14285714285714285	0.07142857142857142	0.0	0.0	0.0	0.0	0.21428571428571427	0.0	0.14285714285714285	0.0	0.6785714285714286	0.14285714285714285	0.17857142857142858	0.0	0.0	0.0	0.0	7.54477979792247	11.155262136614061	19.761000000000003	15.912	13.453999999999999	5.29538254321284	4.523806975897272	2.9013438894758563	0.03296703296703297	0.14285714285714285	0.10989010989010989	0.18681318681318682	0.16483516483516483	0.34065934065934067	0.02197802197802198	0.0	0.0	0.2857142857142857	3.7142857142857144	0.7953949089757174
RCSB-8WGS-WGH-KD:S0	RCSB-8WGS-WGH-KD	S0	construct-013-989a0da4f5c7	989a0da4f5c71b0c05ffa31bdbac60d3af0d2680d91b8ba192341edbf8dc2635	P02766	8WGS	WGH	CIPAOTDUDSOTHT-UHFFFAOYSA-N	CCc1oc2cccc(I)c2c1C(=O)c1cc(I)c(O)c(I)c1	6.920818753952375	8WGS	b972b7c6268132aa94aa9af2f3ace09a7fe9c11dc90df238e3ff4d12b6b81d2b	1	A	7ERK	1N1	45;47;49;84;86;88;138;140;141;142;149;150;151;153	45;47;49;84;86;88;138;140;141;142;149;150;151;153		query_holo_receptor	True	True	False	14.0	102.0	1.0	0.0	0.14285714285714285	0.0	0.0	0.07142857142857142	0.0	0.0	0.07142857142857142	0.0	0.07142857142857142	0.14285714285714285	0.07142857142857142	0.0	0.0	0.0	0.0	0.14285714285714285	0.21428571428571427	0.07142857142857142	0.0	0.0	0.0	0.6176470588235294	0.16666666666666666	0.20588235294117646	0.00980392156862745	0.0	0.0	0.0	7.799227261528568	12.287984372815542	20.907	18.46	13.886	6.0498259727697485	4.400550233756239	2.205155145643696	0.01098901098901099	0.18681318681318682	0.15384615384615385	0.16483516483516483	0.14285714285714285	0.24175824175824176	0.0989010989010989	0.0	0.0	0.3516483516483517	4.571428571428571	1.7612611437054218
RCSB-8WGS-WGH-KD:S1	RCSB-8WGS-WGH-KD	S1	construct-013-989a0da4f5c7	989a0da4f5c71b0c05ffa31bdbac60d3af0d2680d91b8ba192341edbf8dc2635	P02766	8WGS	WGH	CIPAOTDUDSOTHT-UHFFFAOYSA-N	CCc1oc2cccc(I)c2c1C(=O)c1cc(I)c(O)c(I)c1	6.920818753952375	7ERK	95cb0afd37c0f088b09b46c509af59549284593407ecabba07e43cb4d2868067	1	A	7ERK	1N1	45;47;49;84;86;88;138;140;141;142;149;150;151;153	45;47;49;84;86;88;138;140;141;142;149;150;151;153		fixed_historical_reference_receptor	False	True	False	14.0	102.0	1.0	0.0	0.14285714285714285	0.0	0.0	0.07142857142857142	0.0	0.0	0.07142857142857142	0.0	0.07142857142857142	0.14285714285714285	0.07142857142857142	0.0	0.0	0.0	0.0	0.14285714285714285	0.21428571428571427	0.07142857142857142	0.0	0.0	0.0	0.6176470588235294	0.16666666666666666	0.20588235294117646	0.00980392156862745	0.0	0.0	0.0	7.879503284306758	12.224749463026857	20.858999999999998	18.518	13.973999999999998	6.1189212326696385	4.449698313697674	2.201263244789617	0.01098901098901099	0.18681318681318682	0.16483516483516483	0.14285714285714285	0.14285714285714285	0.23076923076923078	0.12087912087912088	0.0	0.0	0.3626373626373626	4.714285714285714	1.829464067837957
RCSB-8II2-R75-KD:S0	RCSB-8II2-R75-KD	S0	construct-013-989a0da4f5c7	989a0da4f5c71b0c05ffa31bdbac60d3af0d2680d91b8ba192341edbf8dc2635	P02766	8II2	R75	WHQCHUCQKNIQEC-UHFFFAOYSA-N	CCc1oc2ccccc2c1C(=O)c1cc(Br)c(O)c(Br)c1	6.698970004336019	8II2	621d9ff49669e39ca42f4a1c08b302c990e0b33b5ee29c23c04f83f3d1212328	1	A	7ERK	1N1	45;47;49;84;86;88;138;140;141;142;149;150;151;153	45;47;49;84;86;88;138;140;141;142;149;150;151;153		query_holo_receptor	True	True	False	14.0	102.0	1.0	0.0	0.14285714285714285	0.0	0.0	0.07142857142857142	0.0	0.0	0.07142857142857142	0.0	0.07142857142857142	0.14285714285714285	0.07142857142857142	0.0	0.0	0.0	0.0	0.14285714285714285	0.21428571428571427	0.07142857142857142	0.0	0.0	0.0	0.6176470588235294	0.16666666666666666	0.20588235294117646	0.00980392156862745	0.0	0.0	0.0	7.743105654084742	12.186233011318608	21.039	18.255	13.426	6.023491876397762	4.328592930968721	2.221826731150939	0.01098901098901099	0.1978021978021978	0.15384615384615385	0.15384615384615385	0.14285714285714285	0.24175824175824176	0.0989010989010989	0.0	0.0	0.3626373626373626	4.714285714285714	1.829464067837957
RCSB-8II2-R75-KD:S1	RCSB-8II2-R75-KD	S1	construct-013-989a0da4f5c7	989a0da4f5c71b0c05ffa31bdbac60d3af0d2680d91b8ba192341edbf8dc2635	P02766	8II2	R75	WHQCHUCQKNIQEC-UHFFFAOYSA-N	CCc1oc2ccccc2c1C(=O)c1cc(Br)c(O)c(Br)c1	6.698970004336019	7ERK	95cb0afd37c0f088b09b46c509af59549284593407ecabba07e43cb4d2868067	1	A	7ERK	1N1	45;47;49;84;86;88;138;140;141;142;149;150;151;153	45;47;49;84;86;88;138;140;141;142;149;150;151;153		fixed_historical_reference_receptor	False	True	False	14.0	102.0	1.0	0.0	0.14285714285714285	0.0	0.0	0.07142857142857142	0.0	0.0	0.07142857142857142	0.0	0.07142857142857142	0.14285714285714285	0.07142857142857142	0.0	0.0	0.0	0.0	0.14285714285714285	0.21428571428571427	0.07142857142857142	0.0	0.0	0.0	0.6176470588235294	0.16666666666666666	0.20588235294117646	0.00980392156862745	0.0	0.0	0.0	7.879503284306758	12.224749463026857	20.858999999999998	18.518	13.973999999999998	6.1189212326696385	4.449698313697674	2.201263244789617	0.01098901098901099	0.18681318681318682	0.16483516483516483	0.14285714285714285	0.14285714285714285	0.23076923076923078	0.12087912087912088	0.0	0.0	0.3626373626373626	4.714285714285714	1.829464067837957
RCSB-8II3-PKK-KD:S0	RCSB-8II3-PKK-KD	S0	construct-013-989a0da4f5c7	989a0da4f5c71b0c05ffa31bdbac60d3af0d2680d91b8ba192341edbf8dc2635	P02766	8II3	PKK	YOSYHCQGAMQBMM-UHFFFAOYSA-N	CCc1oc2cc(O)ccc2c1C(=O)c1cc(I)c(O)c(I)c1	6.3872161432802645	8II3	fbba33528a55f82e01221cb18cf6ba5c8651f0c201b6430edc7a42ce5a12ef40	1	A	7ERK	1N1	45;47;49;84;86;88;138;140;141;142;149;150;151;153	45;47;49;84;86;88;138;140;141;142;149;150;151;153		query_holo_receptor	True	True	False	14.0	102.0	1.0	0.0	0.14285714285714285	0.0	0.0	0.07142857142857142	0.0	0.0	0.07142857142857142	0.0	0.07142857142857142	0.14285714285714285	0.07142857142857142	0.0	0.0	0.0	0.0	0.14285714285714285	0.21428571428571427	0.07142857142857142	0.0	0.0	0.0	0.6176470588235294	0.16666666666666666	0.20588235294117646	0.00980392156862745	0.0	0.0	0.0	7.731070242942254	12.318554056217296	20.23	18.1	13.968	6.0369057424238965	4.2984894964548275	2.2018638030686852	0.01098901098901099	0.18681318681318682	0.16483516483516483	0.15384615384615385	0.14285714285714285	0.25274725274725274	0.08791208791208792	0.0	0.0	0.3626373626373626	4.714285714285714	1.829464067837957
RCSB-8II3-PKK-KD:S1	RCSB-8II3-PKK-KD	S1	construct-013-989a0da4f5c7	989a0da4f5c71b0c05ffa31bdbac60d3af0d2680d91b8ba192341edbf8dc2635	P02766	8II3	PKK	YOSYHCQGAMQBMM-UHFFFAOYSA-N	CCc1oc2cc(O)ccc2c1C(=O)c1cc(I)c(O)c(I)c1	6.3872161432802645	7ERK	95cb0afd37c0f088b09b46c509af59549284593407ecabba07e43cb4d2868067	1	A	7ERK	1N1	45;47;49;84;86;88;138;140;141;142;149;150;151;153	45;47;49;84;86;88;138;140;141;142;149;150;151;153		fixed_historical_reference_receptor	False	True	False	14.0	102.0	1.0	0.0	0.14285714285714285	0.0	0.0	0.07142857142857142	0.0	0.0	0.07142857142857142	0.0	0.07142857142857142	0.14285714285714285	0.07142857142857142	0.0	0.0	0.0	0.0	0.14285714285714285	0.21428571428571427	0.07142857142857142	0.0	0.0	0.0	0.6176470588235294	0.16666666666666666	0.20588235294117646	0.00980392156862745	0.0	0.0	0.0	7.879503284306758	12.224749463026857	20.858999999999998	18.518	13.973999999999998	6.1189212326696385	4.449698313697674	2.201263244789617	0.01098901098901099	0.18681318681318682	0.16483516483516483	0.14285714285714285	0.14285714285714285	0.23076923076923078	0.12087912087912088	0.0	0.0	0.3626373626373626	4.714285714285714	1.829464067837957
RCSB-8WGT-WGJ-KD:S0	RCSB-8WGT-WGJ-KD	S0	construct-013-989a0da4f5c7	989a0da4f5c71b0c05ffa31bdbac60d3af0d2680d91b8ba192341edbf8dc2635	P02766	8WGT	WGJ	IRLOWOFOTVYBRR-UHFFFAOYSA-N	CCc1oc2c(Cl)ccc(Cl)c2c1C(=O)c1cc(I)c(O)c(I)c1	7.275724130399211	8WGT	b9a33d78ea7045de20c1e4347e5225bd1a3028835956cc707591d8b6a0b1c8d6	1	A	7ERK	1N1	45;47;49;84;86;88;138;140;141;142;149;150;151;153	45;47;49;84;86;88;138;140;141;142;149;150;151;153		query_holo_receptor	True	True	False	14.0	102.0	1.0	0.0	0.14285714285714285	0.0	0.0	0.07142857142857142	0.0	0.0	0.07142857142857142	0.0	0.07142857142857142	0.14285714285714285	0.07142857142857142	0.0	0.0	0.0	0.0	0.14285714285714285	0.21428571428571427	0.07142857142857142	0.0	0.0	0.0	0.6176470588235294	0.16666666666666666	0.20588235294117646	0.00980392156862745	0.0	0.0	0.0	7.825351579602463	12.32268970029396	20.944000000000003	18.111	14.152	6.114997285373161	4.355013817628274	2.208345578149498	0.01098901098901099	0.1978021978021978	0.15384615384615385	0.15384615384615385	0.14285714285714285	0.23076923076923078	0.10989010989010989	0.0	0.0	0.3626373626373626	4.714285714285714	1.829464067837957
RCSB-8WGT-WGJ-KD:S1	RCSB-8WGT-WGJ-KD	S1	construct-013-989a0da4f5c7	989a0da4f5c71b0c05ffa31bdbac60d3af0d2680d91b8ba192341edbf8dc2635	P02766	8WGT	WGJ	IRLOWOFOTVYBRR-UHFFFAOYSA-N	CCc1oc2c(Cl)ccc(Cl)c2c1C(=O)c1cc(I)c(O)c(I)c1	7.275724130399211	7ERK	95cb0afd37c0f088b09b46c509af59549284593407ecabba07e43cb4d2868067	1	A	7ERK	1N1	45;47;49;84;86;88;138;140;141;142;149;150;151;153	45;47;49;84;86;88;138;140;141;142;149;150;151;153		fixed_historical_reference_receptor	False	True	False	14.0	102.0	1.0	0.0	0.14285714285714285	0.0	0.0	0.07142857142857142	0.0	0.0	0.07142857142857142	0.0	0.07142857142857142	0.14285714285714285	0.07142857142857142	0.0	0.0	0.0	0.0	0.14285714285714285	0.21428571428571427	0.07142857142857142	0.0	0.0	0.0	0.6176470588235294	0.16666666666666666	0.20588235294117646	0.00980392156862745	0.0	0.0	0.0	7.879503284306758	12.224749463026857	20.858999999999998	18.518	13.973999999999998	6.1189212326696385	4.449698313697674	2.201263244789617	0.01098901098901099	0.18681318681318682	0.16483516483516483	0.14285714285714285	0.14285714285714285	0.23076923076923078	0.12087912087912088	0.0	0.0	0.3626373626373626	4.714285714285714	1.829464067837957
RCSB-8II4-PKQ-KD:S0	RCSB-8II4-PKQ-KD	S0	construct-013-989a0da4f5c7	989a0da4f5c71b0c05ffa31bdbac60d3af0d2680d91b8ba192341edbf8dc2635	P02766	8II4	PKQ	FEXBXMFVRKZOOZ-UHFFFAOYSA-N	CCc1oc2cc(O)ccc2c1C(=O)c1cc(Br)c(O)c(Br)c1	6.154901959985743	8II4	1604a41c7e9ad83d7fbd18fdb4291a9c7ccf0c7c1c3b687e92fad4ee07ac3ab0	1	A	7ERK	1N1	45;47;49;84;86;88;138;140;141;142;149;150;151;153	45;47;49;84;86;88;138;140;141;142;149;150;151;153		query_holo_receptor	True	True	False	14.0	102.0	1.0	0.0	0.14285714285714285	0.0	0.0	0.07142857142857142	0.0	0.0	0.07142857142857142	0.0	0.07142857142857142	0.14285714285714285	0.07142857142857142	0.0	0.0	0.0	0.0	0.14285714285714285	0.21428571428571427	0.07142857142857142	0.0	0.0	0.0	0.6176470588235294	0.16666666666666666	0.20588235294117646	0.00980392156862745	0.0	0.0	0.0	7.767485356049269	12.328422742670355	21.032	18.235	14.020999999999999	6.060370465466221	4.3360669952421915	2.1918625847702935	0.01098901098901099	0.18681318681318682	0.16483516483516483	0.15384615384615385	0.14285714285714285	0.24175824175824176	0.0989010989010989	0.0	0.0	0.3626373626373626	4.714285714285714	1.829464067837957
RCSB-8II4-PKQ-KD:S1	RCSB-8II4-PKQ-KD	S1	construct-013-989a0da4f5c7	989a0da4f5c71b0c05ffa31bdbac60d3af0d2680d91b8ba192341edbf8dc2635	P02766	8II4	PKQ	FEXBXMFVRKZOOZ-UHFFFAOYSA-N	CCc1oc2cc(O)ccc2c1C(=O)c1cc(Br)c(O)c(Br)c1	6.154901959985743	7ERK	95cb0afd37c0f088b09b46c509af59549284593407ecabba07e43cb4d2868067	1	A	7ERK	1N1	45;47;49;84;86;88;138;140;141;142;149;150;151;153	45;47;49;84;86;88;138;140;141;142;149;150;151;153		fixed_historical_reference_receptor	False	True	False	14.0	102.0	1.0	0.0	0.14285714285714285	0.0	0.0	0.07142857142857142	0.0	0.0	0.07142857142857142	0.0	0.07142857142857142	0.14285714285714285	0.07142857142857142	0.0	0.0	0.0	0.0	0.14285714285714285	0.21428571428571427	0.07142857142857142	0.0	0.0	0.0	0.6176470588235294	0.16666666666666666	0.20588235294117646	0.00980392156862745	0.0	0.0	0.0	7.879503284306758	12.224749463026857	20.858999999999998	18.518	13.973999999999998	6.1189212326696385	4.449698313697674	2.201263244789617	0.01098901098901099	0.18681318681318682	0.16483516483516483	0.14285714285714285	0.14285714285714285	0.23076923076923078	0.12087912087912088	0.0	0.0	0.3626373626373626	4.714285714285714	1.829464067837957
RCSB-6FTZ-E7E-KD:S0	RCSB-6FTZ-E7E-KD	S0	construct-014-d42e073edd05	d42e073edd056c1ef440ee068596dffdb0ebd33b818916dda91aee772ab00ecd	P00746	6FTZ	E7E	BDFMFQJHWMAJCS-UHFFFAOYSA-N	NCc1cccc(NC(=O)c2cccc3[nH]c(C(N)=O)cc23)c1	3.0	6FTZ	eb1112c2c586068eeccfb70c1bc03ab48eb6701c08be0863a9692efcf71f8706	1	A	5FBI	5WD	130;177;178;179;180;181;182;183;197;198;199;200;201;202;203;204;212	130;177;178;179;180;181;182;183;197;198;199;200;201;202;203;204;212		query_holo_receptor	True	True	False	17.0	117.0	1.0	0.0	0.0	0.11764705882352941	0.11764705882352941	0.0	0.0	0.11764705882352941	0.0	0.11764705882352941	0.058823529411764705	0.0	0.0	0.0	0.0	0.0	0.058823529411764705	0.23529411764705882	0.058823529411764705	0.11764705882352941	0.0	0.0	0.0	0.5811965811965812	0.1794871794871795	0.2222222222222222	0.017094017094017096	0.0	0.0	0.0	6.89231864136247	10.00849346624536	17.913	16.632	15.575000000000001	4.589161842446918	3.7814825033118216	3.484829969316779	0.03676470588235294	0.16176470588235295	0.13970588235294118	0.23529411764705882	0.27205882352941174	0.14705882352941177	0.007352941176470588	0.0	0.0	0.3382352941176471	5.411764705882353	1.4974025954538654
RCSB-6FTZ-E7E-KD:S1	RCSB-6FTZ-E7E-KD	S1	construct-014-d42e073edd05	d42e073edd056c1ef440ee068596dffdb0ebd33b818916dda91aee772ab00ecd	P00746	6FTZ	E7E	BDFMFQJHWMAJCS-UHFFFAOYSA-N	NCc1cccc(NC(=O)c2cccc3[nH]c(C(N)=O)cc23)c1	3.0	5FBI	f54c8857401beaddba24f1d00d7a3d1926e5c0b20cbf8f064b15bb0989cec040	1	A	5FBI	5WD	130;177;178;179;180;181;182;183;197;198;199;200;201;202;203;204;212	130;177;178;179;180;181;182;183;197;198;199;200;201;202;203;204;212		fixed_historical_reference_receptor	False	True	False	17.0	117.0	1.0	0.0	0.0	0.11764705882352941	0.11764705882352941	0.0	0.0	0.11764705882352941	0.0	0.11764705882352941	0.058823529411764705	0.0	0.0	0.0	0.0	0.0	0.058823529411764705	0.23529411764705882	0.058823529411764705	0.11764705882352941	0.0	0.0	0.0	0.5811965811965812	0.1794871794871795	0.2222222222222222	0.017094017094017096	0.0	0.0	0.0	6.768369957569801	9.811306986540238	17.189	17.131	15.238	4.294662357459213	4.033250517100641	3.3316058266643256	0.029411764705882353	0.16176470588235295	0.16176470588235295	0.25735294117647056	0.22794117647058823	0.15441176470588236	0.007352941176470588	0.0	0.0	0.35294117647058826	5.647058823529412	1.7129670327718867
RCSB-6FUH-E88-KD:S0	RCSB-6FUH-E88-KD	S0	construct-014-d42e073edd05	d42e073edd056c1ef440ee068596dffdb0ebd33b818916dda91aee772ab00ecd	P00746	6FUH	E88	SBAJWMCMBZQORT-KRWDZBQOSA-N	CC(C)[C@H](Nc1nc(Nc2cccc(CN)c2)c2ccccc2n1)C(=O)O	3.769551078621726	6FUH	dfd7e19c68f929b08949b74279994f08e6667af02c63418e95c5f68e3e052e46	1	A	5FBI	5WD	130;177;178;179;180;181;182;183;197;198;199;200;201;202;203;204;212	130;177;178;179;180;181;182;183;197;198;199;200;201;202;203;204;212		query_holo_receptor	True	True	False	17.0	117.0	1.0	0.0	0.0	0.11764705882352941	0.11764705882352941	0.0	0.0	0.11764705882352941	0.0	0.11764705882352941	0.058823529411764705	0.0	0.0	0.0	0.0	0.0	0.058823529411764705	0.23529411764705882	0.058823529411764705	0.11764705882352941	0.0	0.0	0.0	0.5811965811965812	0.1794871794871795	0.2222222222222222	0.017094017094017096	0.0	0.0	0.0	6.879975955401753	9.84061833527828	18.042	16.541	15.168	4.624805880825168	3.766527386909241	3.4290685550530866	0.03676470588235294	0.16176470588235295	0.1323529411764706	0.25735294117647056	0.25	0.15441176470588236	0.007352941176470588	0.0	0.0	0.33088235294117646	5.294117647058823	1.4456712620522951
RCSB-6FUH-E88-KD:S1	RCSB-6FUH-E88-KD	S1	construct-014-d42e073edd05	d42e073edd056c1ef440ee068596dffdb0ebd33b818916dda91aee772ab00ecd	P00746	6FUH	E88	SBAJWMCMBZQORT-KRWDZBQOSA-N	CC(C)[C@H](Nc1nc(Nc2cccc(CN)c2)c2ccccc2n1)C(=O)O	3.769551078621726	5FBI	f54c8857401beaddba24f1d00d7a3d1926e5c0b20cbf8f064b15bb0989cec040	1	A	5FBI	5WD	130;177;178;179;180;181;182;183;197;198;199;200;201;202;203;204;212	130;177;178;179;180;181;182;183;197;198;199;200;201;202;203;204;212		fixed_historical_reference_receptor	False	True	False	17.0	117.0	1.0	0.0	0.0	0.11764705882352941	0.11764705882352941	0.0	0.0	0.11764705882352941	0.0	0.11764705882352941	0.058823529411764705	0.0	0.0	0.0	0.0	0.0	0.058823529411764705	0.23529411764705882	0.058823529411764705	0.11764705882352941	0.0	0.0	0.0	0.5811965811965812	0.1794871794871795	0.2222222222222222	0.017094017094017096	0.0	0.0	0.0	6.768369957569801	9.811306986540238	17.189	17.131	15.238	4.294662357459213	4.033250517100641	3.3316058266643256	0.029411764705882353	0.16176470588235295	0.16176470588235295	0.25735294117647056	0.22794117647058823	0.15441176470588236	0.007352941176470588	0.0	0.0	0.35294117647058826	5.647058823529412	1.7129670327718867
RCSB-6FUG-E85-KD:S0	RCSB-6FUG-E85-KD	S0	construct-014-d42e073edd05	d42e073edd056c1ef440ee068596dffdb0ebd33b818916dda91aee772ab00ecd	P00746	6FUG	E85	OUMZUIUUJCKLOT-UHFFFAOYSA-N	NCc1cccc(Nc2n[nH]c3ncnc(Nc4cccc(O)c4)c23)c1	4.301029995663981	6FUG	df540864ea67eb4f2383f8a4c8fd3143d402e4371f76397513159de7c81e71ce	1	A	5FBI	5WD	130;177;178;179;180;181;182;183;197;198;199;200;201;202;203;204;212	130;177;178;179;180;181;182;183;197;198;202;203;204;212	199;200;201	query_holo_receptor	True	True	False	14.0	95.0	0.8235294117647058	0.17647058823529416	0.0	0.14285714285714285	0.14285714285714285	0.0	0.0	0.07142857142857142	0.0	0.14285714285714285	0.07142857142857142	0.0	0.0	0.0	0.0	0.0	0.07142857142857142	0.14285714285714285	0.07142857142857142	0.14285714285714285	0.0	0.0	0.0	0.6	0.15789473684210525	0.22105263157894736	0.021052631578947368	0.0	0.0	0.0	6.7370909491047914	10.222060396711452	16.233	15.051	14.743	4.558529095769837	4.061189973361219	2.8486738914449017	0.03296703296703297	0.17582417582417584	0.14285714285714285	0.25274725274725274	0.25274725274725274	0.13186813186813187	0.01098901098901099	0.0	0.0	0.3516483516483517	4.571428571428571	1.8789923482808435
RCSB-6FUG-E85-KD:S1	RCSB-6FUG-E85-KD	S1	construct-014-d42e073edd05	d42e073edd056c1ef440ee068596dffdb0ebd33b818916dda91aee772ab00ecd	P00746	6FUG	E85	OUMZUIUUJCKLOT-UHFFFAOYSA-N	NCc1cccc(Nc2n[nH]c3ncnc(Nc4cccc(O)c4)c23)c1	4.301029995663981	5FBI	f54c8857401beaddba24f1d00d7a3d1926e5c0b20cbf8f064b15bb0989cec040	1	A	5FBI	5WD	130;177;178;179;180;181;182;183;197;198;199;200;201;202;203;204;212	130;177;178;179;180;181;182;183;197;198;199;200;201;202;203;204;212		fixed_historical_reference_receptor	False	True	False	17.0	117.0	1.0	0.0	0.0	0.11764705882352941	0.11764705882352941	0.0	0.0	0.11764705882352941	0.0	0.11764705882352941	0.058823529411764705	0.0	0.0	0.0	0.0	0.0	0.058823529411764705	0.23529411764705882	0.058823529411764705	0.11764705882352941	0.0	0.0	0.0	0.5811965811965812	0.1794871794871795	0.2222222222222222	0.017094017094017096	0.0	0.0	0.0	6.768369957569801	9.811306986540238	17.189	17.131	15.238	4.294662357459213	4.033250517100641	3.3316058266643256	0.029411764705882353	0.16176470588235295	0.16176470588235295	0.25735294117647056	0.22794117647058823	0.15441176470588236	0.007352941176470588	0.0	0.0	0.35294117647058826	5.647058823529412	1.7129670327718867
RCSB-5MT4-M7O-KD:S0	RCSB-5MT4-M7O-KD	S0	construct-014-d42e073edd05	d42e073edd056c1ef440ee068596dffdb0ebd33b818916dda91aee772ab00ecd	P00746	5MT4	M7O	QCLRLHJAKXQKSY-UHFFFAOYSA-N	O=C(NCc1ccccc1)Nc1ccccc1C(=O)O	3.3010299956639813	5MT4	506a2cb5fbb1896da42bb54d93a71e625fe4a7bc8cee2a65aeed49146e3e3255	1	A	5FBI	5WD	130;177;178;179;180;181;182;183;197;198;199;200;201;202;203;204;212	130;177;178;179;180;181;182;183;197;198;199;200;201;202;203;204;212		query_holo_receptor	True	True	False	17.0	117.0	1.0	0.0	0.0	0.11764705882352941	0.11764705882352941	0.0	0.0	0.11764705882352941	0.0	0.11764705882352941	0.058823529411764705	0.0	0.0	0.0	0.0	0.0	0.058823529411764705	0.23529411764705882	0.058823529411764705	0.11764705882352941	0.0	0.0	0.0	0.5811965811965812	0.1794871794871795	0.2222222222222222	0.017094017094017096	0.0	0.0	0.0	6.722762566315109	9.68637740749198	17.613	17.055	15.495000000000001	4.272546603915897	3.941365487895699	3.37735401331266	0.03676470588235294	0.15441176470588236	0.16176470588235295	0.2426470588235294	0.2426470588235294	0.15441176470588236	0.007352941176470588	0.0	0.0	0.35294117647058826	5.647058823529412	1.7803230529907714
RCSB-5MT4-M7O-KD:S1	RCSB-5MT4-M7O-KD	S1	construct-014-d42e073edd05	d42e073edd056c1ef440ee068596dffdb0ebd33b818916dda91aee772ab00ecd	P00746	5MT4	M7O	QCLRLHJAKXQKSY-UHFFFAOYSA-N	O=C(NCc1ccccc1)Nc1ccccc1C(=O)O	3.3010299956639813	5FBI	f54c8857401beaddba24f1d00d7a3d1926e5c0b20cbf8f064b15bb0989cec040	1	A	5FBI	5WD	130;177;178;179;180;181;182;183;197;198;199;200;201;202;203;204;212	130;177;178;179;180;181;182;183;197;198;199;200;201;202;203;204;212		fixed_historical_reference_receptor	False	True	False	17.0	117.0	1.0	0.0	0.0	0.11764705882352941	0.11764705882352941	0.0	0.0	0.11764705882352941	0.0	0.11764705882352941	0.058823529411764705	0.0	0.0	0.0	0.0	0.0	0.058823529411764705	0.23529411764705882	0.058823529411764705	0.11764705882352941	0.0	0.0	0.0	0.5811965811965812	0.1794871794871795	0.2222222222222222	0.017094017094017096	0.0	0.0	0.0	6.768369957569801	9.811306986540238	17.189	17.131	15.238	4.294662357459213	4.033250517100641	3.3316058266643256	0.029411764705882353	0.16176470588235295	0.16176470588235295	0.25735294117647056	0.22794117647058823	0.15441176470588236	0.007352941176470588	0.0	0.0	0.35294117647058826	5.647058823529412	1.7129670327718867
RCSB-6FUI-E7W-KD:S0	RCSB-6FUI-E7W-KD	S0	construct-014-d42e073edd05	d42e073edd056c1ef440ee068596dffdb0ebd33b818916dda91aee772ab00ecd	P00746	6FUI	E7W	HGCXJWRMCKMKEG-MJGOQNOKSA-N	NCc1cccc(Nc2nc(N[C@H]3CCCC[C@H]3C(=O)O)nc3ccccc23)c1	4.455931955649724	6FUI	cf01fddcabc0f0992bec040fbfe4c6406bf158339e372290940375cf6c7638dc	1	A	5FBI	5WD	130;177;178;179;180;181;182;183;197;198;199;200;201;202;203;204;212	130;177;178;179;180;181;182;183;197;198;199;200;201;202;203;204;212		query_holo_receptor	True	True	False	17.0	117.0	1.0	0.0	0.0	0.11764705882352941	0.11764705882352941	0.0	0.0	0.11764705882352941	0.0	0.11764705882352941	0.058823529411764705	0.0	0.0	0.0	0.0	0.0	0.058823529411764705	0.23529411764705882	0.058823529411764705	0.11764705882352941	0.0	0.0	0.0	0.5811965811965812	0.1794871794871795	0.2222222222222222	0.017094017094017096	0.0	0.0	0.0	6.8656356604034885	10.022074225529103	17.746	16.753	15.218	4.593559568193648	3.8290209193595057	3.3726491537021652	0.03676470588235294	0.16176470588235295	0.14705882352941177	0.25	0.25	0.14705882352941177	0.007352941176470588	0.0	0.0	0.34558823529411764	5.529411764705882	1.3770235189081912
RCSB-6FUI-E7W-KD:S1	RCSB-6FUI-E7W-KD	S1	construct-014-d42e073edd05	d42e073edd056c1ef440ee068596dffdb0ebd33b818916dda91aee772ab00ecd	P00746	6FUI	E7W	HGCXJWRMCKMKEG-MJGOQNOKSA-N	NCc1cccc(Nc2nc(N[C@H]3CCCC[C@H]3C(=O)O)nc3ccccc23)c1	4.455931955649724	5FBI	f54c8857401beaddba24f1d00d7a3d1926e5c0b20cbf8f064b15bb0989cec040	1	A	5FBI	5WD	130;177;178;179;180;181;182;183;197;198;199;200;201;202;203;204;212	130;177;178;179;180;181;182;183;197;198;199;200;201;202;203;204;212		fixed_historical_reference_receptor	False	True	False	17.0	117.0	1.0	0.0	0.0	0.11764705882352941	0.11764705882352941	0.0	0.0	0.11764705882352941	0.0	0.11764705882352941	0.058823529411764705	0.0	0.0	0.0	0.0	0.0	0.058823529411764705	0.23529411764705882	0.058823529411764705	0.11764705882352941	0.0	0.0	0.0	0.5811965811965812	0.1794871794871795	0.2222222222222222	0.017094017094017096	0.0	0.0	0.0	6.768369957569801	9.811306986540238	17.189	17.131	15.238	4.294662357459213	4.033250517100641	3.3316058266643256	0.029411764705882353	0.16176470588235295	0.16176470588235295	0.25735294117647056	0.22794117647058823	0.15441176470588236	0.007352941176470588	0.0	0.0	0.35294117647058826	5.647058823529412	1.7129670327718867
RCSB-5LLE-V51-KD:S0	RCSB-5LLE-V51-KD	S0	construct-015-e6a24c903c1e	e6a24c903c1ef211037c64a6835a8a484f48b17be1cae50d6998913f21acf7d4	P00918	5LLE	V51	JWHCFABOVLDALW-IGOHWLOGSA-N	NS(=O)(=O)c1c(F)c(F)c(NC23CC4CC(CC(C4)C2)C3)c(F)c1F	8.301029995663981	5LLE	0a5a5f42485f669905d2a53c187fe658d1fcb3fd8d7a5cb984001a7dc7bb2ca5	1	A	4HT0	V50	91;92;94;96;106;119;121;130;131;134;135;140;142;196;197;198;199;200;201;202;203;206;208	91;92;94;96;106;119;121;130;131;134;135;140;142;196;197;198;199;200;201;202;203;206;208		query_holo_receptor	True	True	False	23.0	188.0	1.0	0.0	0.0	0.0	0.0	0.043478260869565216	0.043478260869565216	0.043478260869565216	0.13043478260869565	0.043478260869565216	0.0	0.17391304347826086	0.0	0.0	0.08695652173913043	0.08695652173913043	0.0	0.043478260869565216	0.08695652173913043	0.17391304347826086	0.043478260869565216	0.0	0.0	0.6702127659574468	0.1702127659574468	0.1595744680851064	0.0	0.0	0.0	0.0	8.555106604649612	13.657765526416462	24.322	18.336	17.253999999999998	5.916573124147586	4.933996027991314	3.72017401196501	0.003952569169960474	0.12648221343873517	0.09881422924901186	0.1541501976284585	0.17391304347826086	0.34782608695652173	0.07905138339920949	0.015810276679841896	0.0	0.22924901185770752	5.043478260869565	1.6544606600382998
RCSB-5LLE-V51-KD:S1	RCSB-5LLE-V51-KD	S1	construct-015-e6a24c903c1e	e6a24c903c1ef211037c64a6835a8a484f48b17be1cae50d6998913f21acf7d4	P00918	5LLE	V51	JWHCFABOVLDALW-IGOHWLOGSA-N	NS(=O)(=O)c1c(F)c(F)c(NC23CC4CC(CC(C4)C2)C3)c(F)c1F	8.301029995663981	4HT0	6a0446ec03c094f9564e663e59e404e88b97f68b88f5352d9b18c8e2c9dcbdd1	1	A	4HT0	V50	91;92;94;96;106;119;121;130;131;134;135;140;142;196;197;198;199;200;201;202;203;206;208	91;92;94;96;106;119;121;130;131;134;135;140;142;196;197;198;199;200;201;202;203;206;208		fixed_historical_reference_receptor	False	True	False	23.0	188.0	1.0	0.0	0.0	0.0	0.0	0.043478260869565216	0.043478260869565216	0.043478260869565216	0.13043478260869565	0.043478260869565216	0.0	0.17391304347826086	0.0	0.0	0.08695652173913043	0.08695652173913043	0.0	0.043478260869565216	0.08695652173913043	0.17391304347826086	0.043478260869565216	0.0	0.0	0.6702127659574468	0.1702127659574468	0.1595744680851064	0.0	0.0	0.0	0.0	8.526150903679612	13.699841006090232	24.233	18.307	17.212	5.913990932743465	4.880694507209566	3.7281069736582286	0.003952569169960474	0.12648221343873517	0.09881422924901186	0.15019762845849802	0.18181818181818182	0.35177865612648224	0.07114624505928854	0.015810276679841896	0.0	0.22924901185770752	5.043478260869565	1.6544606600382998
RCSB-6GOT-F6W-KD:S0	RCSB-6GOT-F6W-KD	S0	construct-015-e6a24c903c1e	e6a24c903c1ef211037c64a6835a8a484f48b17be1cae50d6998913f21acf7d4	P00918	6GOT	F6W	BIDLYFNXVUUEMA-UHFFFAOYSA-N	NS(=O)(=O)c1ccc(SCCc2ccccc2)cc1	7.6020599913279625	6GOT	1de3451752864644d884c5809527cd9ac4e21a428f9cacb2449802a722bfabd2	1	A	4HT0	V50	91;92;94;96;106;119;121;130;131;134;135;140;142;196;197;198;199;200;201;202;203;206;208	91;92;94;96;106;119;121;130;131;134;135;140;142;196;197;198;199;200;201;202;203;206;208		query_holo_receptor	True	True	False	23.0	188.0	1.0	0.0	0.0	0.0	0.0	0.043478260869565216	0.043478260869565216	0.043478260869565216	0.13043478260869565	0.043478260869565216	0.0	0.17391304347826086	0.0	0.0	0.08695652173913043	0.08695652173913043	0.0	0.043478260869565216	0.08695652173913043	0.17391304347826086	0.043478260869565216	0.0	0.0	0.6702127659574468	0.1702127659574468	0.1595744680851064	0.0	0.0	0.0	0.0	8.622909647344802	14.9612659579593	26.147	18.43	17.173000000000002	6.034899176149802	4.89897289438785	3.732911370503148	0.003952569169960474	0.12648221343873517	0.09486166007905138	0.15019762845849802	0.17391304347826086	0.35177865612648224	0.07905138339920949	0.019762845849802372	0.0	0.22529644268774704	4.956521739130435	1.517385075357839
RCSB-6GOT-F6W-KD:S1	RCSB-6GOT-F6W-KD	S1	construct-015-e6a24c903c1e	e6a24c903c1ef211037c64a6835a8a484f48b17be1cae50d6998913f21acf7d4	P00918	6GOT	F6W	BIDLYFNXVUUEMA-UHFFFAOYSA-N	NS(=O)(=O)c1ccc(SCCc2ccccc2)cc1	7.6020599913279625	4HT0	6a0446ec03c094f9564e663e59e404e88b97f68b88f5352d9b18c8e2c9dcbdd1	1	A	4HT0	V50	91;92;94;96;106;119;121;130;131;134;135;140;142;196;197;198;199;200;201;202;203;206;208	91;92;94;96;106;119;121;130;131;134;135;140;142;196;197;198;199;200;201;202;203;206;208		fixed_historical_reference_receptor	False	True	False	23.0	188.0	1.0	0.0	0.0	0.0	0.0	0.043478260869565216	0.043478260869565216	0.043478260869565216	0.13043478260869565	0.043478260869565216	0.0	0.17391304347826086	0.0	0.0	0.08695652173913043	0.08695652173913043	0.0	0.043478260869565216	0.08695652173913043	0.17391304347826086	0.043478260869565216	0.0	0.0	0.6702127659574468	0.1702127659574468	0.1595744680851064	0.0	0.0	0.0	0.0	8.526150903679612	13.699841006090232	24.233	18.307	17.212	5.913990932743465	4.880694507209566	3.7281069736582286	0.003952569169960474	0.12648221343873517	0.09881422924901186	0.15019762845849802	0.18181818181818182	0.35177865612648224	0.07114624505928854	0.015810276679841896	0.0	0.22924901185770752	5.043478260869565	1.6544606600382998
RCSB-5LLG-VD9-KD:S0	RCSB-5LLG-VD9-KD	S0	construct-015-e6a24c903c1e	e6a24c903c1ef211037c64a6835a8a484f48b17be1cae50d6998913f21acf7d4	P00918	5LLG	VD9	QFWWUTSCPNTDPO-UHFFFAOYSA-N	CCCSc1ccc(S(N)(=O)=O)cc1	7.886056647693163	5LLG	a83b5cca2386d8886d2ef92e24b21bf75c68ff250cee109ded49eed80f025910	1	A	4HT0	V50	91;92;94;96;106;119;121;130;131;134;135;140;142;196;197;198;199;200;201;202;203;206;208	91;92;94;96;106;119;121;130;131;134;135;140;142;196;197;198;199;200;201;202;203;206;208		query_holo_receptor	True	True	False	23.0	188.0	1.0	0.0	0.0	0.0	0.0	0.043478260869565216	0.043478260869565216	0.043478260869565216	0.13043478260869565	0.043478260869565216	0.0	0.17391304347826086	0.0	0.0	0.08695652173913043	0.08695652173913043	0.0	0.043478260869565216	0.08695652173913043	0.17391304347826086	0.043478260869565216	0.0	0.0	0.6702127659574468	0.1702127659574468	0.1595744680851064	0.0	0.0	0.0	0.0	8.615449508703149	14.932441664939343	25.979	18.416	17.167	6.016762845196102	4.918422283697078	3.71936249119565	0.003952569169960474	0.12648221343873517	0.09486166007905138	0.15019762845849802	0.16996047430830039	0.3557312252964427	0.07905138339920949	0.019762845849802372	0.0	0.22529644268774704	4.956521739130435	1.517385075357839
RCSB-5LLG-VD9-KD:S1	RCSB-5LLG-VD9-KD	S1	construct-015-e6a24c903c1e	e6a24c903c1ef211037c64a6835a8a484f48b17be1cae50d6998913f21acf7d4	P00918	5LLG	VD9	QFWWUTSCPNTDPO-UHFFFAOYSA-N	CCCSc1ccc(S(N)(=O)=O)cc1	7.886056647693163	4HT0	6a0446ec03c094f9564e663e59e404e88b97f68b88f5352d9b18c8e2c9dcbdd1	1	A	4HT0	V50	91;92;94;96;106;119;121;130;131;134;135;140;142;196;197;198;199;200;201;202;203;206;208	91;92;94;96;106;119;121;130;131;134;135;140;142;196;197;198;199;200;201;202;203;206;208		fixed_historical_reference_receptor	False	True	False	23.0	188.0	1.0	0.0	0.0	0.0	0.0	0.043478260869565216	0.043478260869565216	0.043478260869565216	0.13043478260869565	0.043478260869565216	0.0	0.17391304347826086	0.0	0.0	0.08695652173913043	0.08695652173913043	0.0	0.043478260869565216	0.08695652173913043	0.17391304347826086	0.043478260869565216	0.0	0.0	0.6702127659574468	0.1702127659574468	0.1595744680851064	0.0	0.0	0.0	0.0	8.526150903679612	13.699841006090232	24.233	18.307	17.212	5.913990932743465	4.880694507209566	3.7281069736582286	0.003952569169960474	0.12648221343873517	0.09881422924901186	0.15019762845849802	0.18181818181818182	0.35177865612648224	0.07114624505928854	0.015810276679841896	0.0	0.22924901185770752	5.043478260869565	1.6544606600382998
RCSB-4QSB-EWY-KD:S0	RCSB-4QSB-EWY-KD	S0	construct-015-e6a24c903c1e	e6a24c903c1ef211037c64a6835a8a484f48b17be1cae50d6998913f21acf7d4	P00918	4QSB	EWY	NYRNFJQJOXIJHL-UHFFFAOYSA-N	Cc1cc(=O)[nH]c(SCC(=O)c2cccc(S(N)(=O)=O)c2)n1	5.903089986991944	4QSB	b0b1a4e4f8c34ad495ee3d19c9e27403c1722e19930883edae099ee5ef1e7346	1	A	4HT0	V50	91;92;94;96;106;119;121;130;131;134;135;140;142;196;197;198;199;200;201;202;203;206;208	91;92;94;96;106;119;121;130;131;134;135;140;142;196;197;198;199;200;201;202;203;206;208		query_holo_receptor	True	True	False	23.0	188.0	1.0	0.0	0.0	0.0	0.0	0.043478260869565216	0.043478260869565216	0.043478260869565216	0.13043478260869565	0.043478260869565216	0.0	0.17391304347826086	0.0	0.0	0.08695652173913043	0.08695652173913043	0.0	0.043478260869565216	0.08695652173913043	0.17391304347826086	0.043478260869565216	0.0	0.0	0.6702127659574468	0.1702127659574468	0.1595744680851064	0.0	0.0	0.0	0.0	8.568087685438392	13.724154988317583	24.302	18.472	17.06	5.928042264727525	4.945893924909592	3.715989071096358	0.003952569169960474	0.12648221343873517	0.09486166007905138	0.1541501976284585	0.17391304347826086	0.3557312252964427	0.07509881422924901	0.015810276679841896	0.0	0.22529644268774704	4.956521739130435	1.517385075357839
RCSB-4QSB-EWY-KD:S1	RCSB-4QSB-EWY-KD	S1	construct-015-e6a24c903c1e	e6a24c903c1ef211037c64a6835a8a484f48b17be1cae50d6998913f21acf7d4	P00918	4QSB	EWY	NYRNFJQJOXIJHL-UHFFFAOYSA-N	Cc1cc(=O)[nH]c(SCC(=O)c2cccc(S(N)(=O)=O)c2)n1	5.903089986991944	4HT0	6a0446ec03c094f9564e663e59e404e88b97f68b88f5352d9b18c8e2c9dcbdd1	1	A	4HT0	V50	91;92;94;96;106;119;121;130;131;134;135;140;142;196;197;198;199;200;201;202;203;206;208	91;92;94;96;106;119;121;130;131;134;135;140;142;196;197;198;199;200;201;202;203;206;208		fixed_historical_reference_receptor	False	True	False	23.0	188.0	1.0	0.0	0.0	0.0	0.0	0.043478260869565216	0.043478260869565216	0.043478260869565216	0.13043478260869565	0.043478260869565216	0.0	0.17391304347826086	0.0	0.0	0.08695652173913043	0.08695652173913043	0.0	0.043478260869565216	0.08695652173913043	0.17391304347826086	0.043478260869565216	0.0	0.0	0.6702127659574468	0.1702127659574468	0.1595744680851064	0.0	0.0	0.0	0.0	8.526150903679612	13.699841006090232	24.233	18.307	17.212	5.913990932743465	4.880694507209566	3.7281069736582286	0.003952569169960474	0.12648221343873517	0.09881422924901186	0.15019762845849802	0.18181818181818182	0.35177865612648224	0.07114624505928854	0.015810276679841896	0.0	0.22924901185770752	5.043478260869565	1.6544606600382998
RCSB-5NLK-92E-KD:S0	RCSB-5NLK-92E-KD	S0	construct-016-fad0d613c720	fad0d613c720bf690dc06f3680b572e681578a5cfac0e6a2921c82863c76f76e	Q92793	5NLK	92E	CERSGKCXWDUOHE-UHFFFAOYSA-N	CCOc1ccc(C(C)=O)cc1NC(=O)c1cc(NC(C)=O)cc(NC(=O)c2ccco2)c1	7.455931955649724	5NLK	0ed911ef4161422847689f58d95d805008ecde92dd257eb6ee53e2d6f7cc2f35	1	A	5EP7	5QR	28;31;32;33;35;36;37;41;42;44;47;85;86;89;90;95;96	28;31;32;33;35;36;37;41;42;44;47;85;86;89;90;95;96		query_holo_receptor	True	True	False	17.0	143.0	1.0	0.0	0.058823529411764705	0.0	0.0	0.0	0.058823529411764705	0.0	0.0	0.058823529411764705	0.0	0.17647058823529413	0.0	0.11764705882352941	0.17647058823529413	0.058823529411764705	0.058823529411764705	0.0	0.0	0.11764705882352941	0.0	0.11764705882352941	0.0	0.6853146853146853	0.16083916083916083	0.15384615384615385	0.0	0.0	0.0	0.0	8.262785524050619	14.314163990020166	19.985999999999997	18.14	17.604	5.620746173247554	4.682106536900275	3.8417073612521744	0.007352941176470588	0.09558823529411764	0.11764705882352941	0.17647058823529413	0.17647058823529413	0.3235294117647059	0.09558823529411764	0.007352941176470588	0.0	0.22058823529411764	3.5294117647058822	1.3336216527946627
RCSB-5NLK-92E-KD:S1	RCSB-5NLK-92E-KD	S1	construct-016-fad0d613c720	fad0d613c720bf690dc06f3680b572e681578a5cfac0e6a2921c82863c76f76e	Q92793	5NLK	92E	CERSGKCXWDUOHE-UHFFFAOYSA-N	CCOc1ccc(C(C)=O)cc1NC(=O)c1cc(NC(C)=O)cc(NC(=O)c2ccco2)c1	7.455931955649724	5EP7	7812b96265e1fa63da74025be1f31a39d14a1045f3fcb5296583306be52b1ca6	1	A	5EP7	5QR	28;31;32;33;35;36;37;41;42;44;47;85;86;89;90;95;96	28;31;32;33;35;36;37;41;42;44;47;85;86;89;90;95;96		fixed_historical_reference_receptor	False	True	False	17.0	143.0	1.0	0.0	0.058823529411764705	0.0	0.0	0.0	0.058823529411764705	0.0	0.0	0.058823529411764705	0.0	0.17647058823529413	0.0	0.11764705882352941	0.17647058823529413	0.058823529411764705	0.058823529411764705	0.0	0.0	0.11764705882352941	0.0	0.11764705882352941	0.0	0.6853146853146853	0.16083916083916083	0.15384615384615385	0.0	0.0	0.0	0.0	8.547646187664979	14.52949382117104	21.211	20.023	19.317	5.975114964967607	4.791659452028402	3.7947669494595675	0.007352941176470588	0.09558823529411764	0.10294117647058823	0.17647058823529413	0.16911764705882354	0.3014705882352941	0.1323529411764706	0.014705882352941176	0.0	0.20588235294117646	3.2941176470588234	1.0718157151934469
RCSB-5MPZ-4I8-KD:S0	RCSB-5MPZ-4I8-KD	S0	construct-016-fad0d613c720	fad0d613c720bf690dc06f3680b572e681578a5cfac0e6a2921c82863c76f76e	Q92793	5MPZ	4I8	FUJBKRLYHYJMNF-UHFFFAOYSA-N	COC(=O)c1ccc2[nH]c(=O)oc2c1	4.070581074285707	5MPZ	132f1b0ce426907e64c7e696d4b02a6f9ac5554efd42a44f03720dc3092db988	1	A	5EP7	5QR	28;31;32;33;35;36;37;41;42;44;47;85;86;89;90;95;96	28;31;32;33;35;36;37;41;42;44;47;85;86;89;90;95;96		query_holo_receptor	True	True	False	17.0	143.0	1.0	0.0	0.058823529411764705	0.0	0.0	0.0	0.058823529411764705	0.0	0.0	0.058823529411764705	0.0	0.17647058823529413	0.0	0.11764705882352941	0.17647058823529413	0.058823529411764705	0.058823529411764705	0.0	0.0	0.11764705882352941	0.0	0.11764705882352941	0.0	0.6853146853146853	0.16083916083916083	0.15384615384615385	0.0	0.0	0.0	0.0	8.36254755090816	14.260848572131364	18.887	18.741999999999997	17.980999999999995	5.750935278857015	4.7541632284751385	3.775827982921452	0.0	0.10294117647058823	0.125	0.16911764705882354	0.16176470588235295	0.33088235294117646	0.10294117647058823	0.007352941176470588	0.0	0.22794117647058823	3.6470588235294117	1.2806788857104259
RCSB-5MPZ-4I8-KD:S1	RCSB-5MPZ-4I8-KD	S1	construct-016-fad0d613c720	fad0d613c720bf690dc06f3680b572e681578a5cfac0e6a2921c82863c76f76e	Q92793	5MPZ	4I8	FUJBKRLYHYJMNF-UHFFFAOYSA-N	COC(=O)c1ccc2[nH]c(=O)oc2c1	4.070581074285707	5EP7	7812b96265e1fa63da74025be1f31a39d14a1045f3fcb5296583306be52b1ca6	1	A	5EP7	5QR	28;31;32;33;35;36;37;41;42;44;47;85;86;89;90;95;96	28;31;32;33;35;36;37;41;42;44;47;85;86;89;90;95;96		fixed_historical_reference_receptor	False	True	False	17.0	143.0	1.0	0.0	0.058823529411764705	0.0	0.0	0.0	0.058823529411764705	0.0	0.0	0.058823529411764705	0.0	0.17647058823529413	0.0	0.11764705882352941	0.17647058823529413	0.058823529411764705	0.058823529411764705	0.0	0.0	0.11764705882352941	0.0	0.11764705882352941	0.0	0.6853146853146853	0.16083916083916083	0.15384615384615385	0.0	0.0	0.0	0.0	8.547646187664979	14.52949382117104	21.211	20.023	19.317	5.975114964967607	4.791659452028402	3.7947669494595675	0.007352941176470588	0.09558823529411764	0.10294117647058823	0.17647058823529413	0.16911764705882354	0.3014705882352941	0.1323529411764706	0.014705882352941176	0.0	0.20588235294117646	3.2941176470588234	1.0718157151934469
RCSB-5H85-5XS-KD:S0	RCSB-5H85-5XS-KD	S0	construct-016-fad0d613c720	fad0d613c720bf690dc06f3680b572e681578a5cfac0e6a2921c82863c76f76e	Q92793	5H85	5XS	NEJKFBOKJSVKCS-UHFFFAOYSA-N	COC(=O)c1cccc(C(=O)Nc2ncnc3nc[nH]c23)c1	4.698970004336019	5H85	c094d31715a1284eb99989ad3077452609532511d61f87ad18d53640f2960373	1	A	5EP7	5QR	28;31;32;33;35;36;37;41;42;44;47;85;86;89;90;95;96	28;31;32;33;35;36;37;41;42;44;47;85;86;89;90;95;96		query_holo_receptor	True	True	False	17.0	143.0	1.0	0.0	0.058823529411764705	0.0	0.0	0.0	0.058823529411764705	0.0	0.0	0.058823529411764705	0.0	0.17647058823529413	0.0	0.11764705882352941	0.17647058823529413	0.058823529411764705	0.058823529411764705	0.0	0.0	0.11764705882352941	0.0	0.11764705882352941	0.0	0.6853146853146853	0.16083916083916083	0.15384615384615385	0.0	0.0	0.0	0.0	8.545679141400901	14.495794048969094	21.159	20.127	19.211000000000002	5.964619812705724	4.7910212766808025	3.807631495305794	0.007352941176470588	0.09558823529411764	0.09558823529411764	0.18382352941176472	0.16911764705882354	0.3014705882352941	0.1323529411764706	0.014705882352941176	0.0	0.19852941176470587	3.176470588235294	1.042355596862903
RCSB-5H85-5XS-KD:S1	RCSB-5H85-5XS-KD	S1	construct-016-fad0d613c720	fad0d613c720bf690dc06f3680b572e681578a5cfac0e6a2921c82863c76f76e	Q92793	5H85	5XS	NEJKFBOKJSVKCS-UHFFFAOYSA-N	COC(=O)c1cccc(C(=O)Nc2ncnc3nc[nH]c23)c1	4.698970004336019	5EP7	7812b96265e1fa63da74025be1f31a39d14a1045f3fcb5296583306be52b1ca6	1	A	5EP7	5QR	28;31;32;33;35;36;37;41;42;44;47;85;86;89;90;95;96	28;31;32;33;35;36;37;41;42;44;47;85;86;89;90;95;96		fixed_historical_reference_receptor	False	True	False	17.0	143.0	1.0	0.0	0.058823529411764705	0.0	0.0	0.0	0.058823529411764705	0.0	0.0	0.058823529411764705	0.0	0.17647058823529413	0.0	0.11764705882352941	0.17647058823529413	0.058823529411764705	0.058823529411764705	0.0	0.0	0.11764705882352941	0.0	0.11764705882352941	0.0	0.6853146853146853	0.16083916083916083	0.15384615384615385	0.0	0.0	0.0	0.0	8.547646187664979	14.52949382117104	21.211	20.023	19.317	5.975114964967607	4.791659452028402	3.7947669494595675	0.007352941176470588	0.09558823529411764	0.10294117647058823	0.17647058823529413	0.16911764705882354	0.3014705882352941	0.1323529411764706	0.014705882352941176	0.0	0.20588235294117646	3.2941176470588234	1.0718157151934469
RCSB-5MQE-PKU-KD:S0	RCSB-5MQE-PKU-KD	S0	construct-016-fad0d613c720	fad0d613c720bf690dc06f3680b572e681578a5cfac0e6a2921c82863c76f76e	Q92793	5MQE	PKU	HQGRBJIXXLIGLE-UHFFFAOYSA-N	CNC(=O)c1cc(Br)c[nH]1	5.3979400086720375	5MQE	a8d8a3aeeccbc609a04cdde62a8e4bb0c832121fab89c1b3faecd28c618859be	1	A	5EP7	5QR	28;31;32;33;35;36;37;41;42;44;47;85;86;89;90;95;96	28;31;32;33;35;36;37;41;42;44;47;85;86;89;90;95;96		query_holo_receptor	True	True	False	17.0	143.0	1.0	0.0	0.058823529411764705	0.0	0.0	0.0	0.058823529411764705	0.0	0.0	0.058823529411764705	0.0	0.17647058823529413	0.0	0.11764705882352941	0.17647058823529413	0.058823529411764705	0.058823529411764705	0.0	0.0	0.11764705882352941	0.0	0.11764705882352941	0.0	0.6853146853146853	0.16083916083916083	0.15384615384615385	0.0	0.0	0.0	0.0	8.546365754063533	14.740674364236366	24.26	20.436	17.49	5.9677159815440035	4.93340903050825	3.6177629695094553	0.007352941176470588	0.08823529411764706	0.125	0.16911764705882354	0.14705882352941177	0.33088235294117646	0.11029411764705882	0.022058823529411766	0.0	0.22058823529411764	3.5294117647058822	1.143660123248446
RCSB-5MQE-PKU-KD:S1	RCSB-5MQE-PKU-KD	S1	construct-016-fad0d613c720	fad0d613c720bf690dc06f3680b572e681578a5cfac0e6a2921c82863c76f76e	Q92793	5MQE	PKU	HQGRBJIXXLIGLE-UHFFFAOYSA-N	CNC(=O)c1cc(Br)c[nH]1	5.3979400086720375	5EP7	7812b96265e1fa63da74025be1f31a39d14a1045f3fcb5296583306be52b1ca6	1	A	5EP7	5QR	28;31;32;33;35;36;37;41;42;44;47;85;86;89;90;95;96	28;31;32;33;35;36;37;41;42;44;47;85;86;89;90;95;96		fixed_historical_reference_receptor	False	True	False	17.0	143.0	1.0	0.0	0.058823529411764705	0.0	0.0	0.0	0.058823529411764705	0.0	0.0	0.058823529411764705	0.0	0.17647058823529413	0.0	0.11764705882352941	0.17647058823529413	0.058823529411764705	0.058823529411764705	0.0	0.0	0.11764705882352941	0.0	0.11764705882352941	0.0	0.6853146853146853	0.16083916083916083	0.15384615384615385	0.0	0.0	0.0	0.0	8.547646187664979	14.52949382117104	21.211	20.023	19.317	5.975114964967607	4.791659452028402	3.7947669494595675	0.007352941176470588	0.09558823529411764	0.10294117647058823	0.17647058823529413	0.16911764705882354	0.3014705882352941	0.1323529411764706	0.014705882352941176	0.0	0.20588235294117646	3.2941176470588234	1.0718157151934469
RCSB-5MME-8Q6-KD:S0	RCSB-5MME-8Q6-KD	S0	construct-016-fad0d613c720	fad0d613c720bf690dc06f3680b572e681578a5cfac0e6a2921c82863c76f76e	Q92793	5MME	8Q6	UNAGVZCODUSBMG-UHFFFAOYSA-N	CCOc1ccc(C(C)=O)cc1Nc1cc(C(=O)OC)cc(C(=O)OC)c1	5.853871964321762	5MME	67c22ae552473318d86b2167c743211d6d16ceeb9e94e55f8f7f691ce47c99cc	1	A	5EP7	5QR	28;31;32;33;35;36;37;41;42;44;47;85;86;89;90;95;96	28;31;32;33;35;36;37;41;42;44;47;85;86;89;90;95;96		query_holo_receptor	True	True	False	17.0	143.0	1.0	0.0	0.058823529411764705	0.0	0.0	0.0	0.058823529411764705	0.0	0.0	0.058823529411764705	0.0	0.17647058823529413	0.0	0.11764705882352941	0.17647058823529413	0.058823529411764705	0.058823529411764705	0.0	0.0	0.11764705882352941	0.0	0.11764705882352941	0.0	0.6853146853146853	0.16083916083916083	0.15384615384615385	0.0	0.0	0.0	0.0	8.414352358923894	14.2753146679638	20.435	19.259	15.558	5.640565847127594	4.849496662285174	3.9329028295688726	0.007352941176470588	0.10294117647058823	0.11029411764705882	0.18382352941176472	0.16911764705882354	0.29411764705882354	0.1323529411764706	0.0	0.0	0.22058823529411764	3.5294117647058822	1.459961605410689
RCSB-5MME-8Q6-KD:S1	RCSB-5MME-8Q6-KD	S1	construct-016-fad0d613c720	fad0d613c720bf690dc06f3680b572e681578a5cfac0e6a2921c82863c76f76e	Q92793	5MME	8Q6	UNAGVZCODUSBMG-UHFFFAOYSA-N	CCOc1ccc(C(C)=O)cc1Nc1cc(C(=O)OC)cc(C(=O)OC)c1	5.853871964321762	5EP7	7812b96265e1fa63da74025be1f31a39d14a1045f3fcb5296583306be52b1ca6	1	A	5EP7	5QR	28;31;32;33;35;36;37;41;42;44;47;85;86;89;90;95;96	28;31;32;33;35;36;37;41;42;44;47;85;86;89;90;95;96		fixed_historical_reference_receptor	False	True	False	17.0	143.0	1.0	0.0	0.058823529411764705	0.0	0.0	0.0	0.058823529411764705	0.0	0.0	0.058823529411764705	0.0	0.17647058823529413	0.0	0.11764705882352941	0.17647058823529413	0.058823529411764705	0.058823529411764705	0.0	0.0	0.11764705882352941	0.0	0.11764705882352941	0.0	0.6853146853146853	0.16083916083916083	0.15384615384615385	0.0	0.0	0.0	0.0	8.547646187664979	14.52949382117104	21.211	20.023	19.317	5.975114964967607	4.791659452028402	3.7947669494595675	0.007352941176470588	0.09558823529411764	0.10294117647058823	0.17647058823529413	0.16911764705882354	0.3014705882352941	0.1323529411764706	0.014705882352941176	0.0	0.20588235294117646	3.2941176470588234	1.0718157151934469
RCSB-7AVT-S3T-KD:S0	RCSB-7AVT-S3T-KD	S0	construct-017-11db684aee95	11db684aee95db542900a23de058467ceecfc6e98d1a0d124d73ce486cc9a27e	Q07889	7AVT	S3T	MNDALSIIIRYSTC-LLVKDONJSA-N	COc1cc2nc(C)nc(N[C@H](C)c3cccc(N)c3)c2cc1OC	6.910094888560602	7AVT	b3d0be1e95185b86d5bd429eea0b0a958cb5441ffe9d3f014f8409526bac0998	1	A	7AVL	S2Z	312;313;316;317;318;322;328;336;339;340;341;342;343;344;347	312;313;316;317;318;322;328;336;339;340;341;342;343;344;347		query_holo_receptor	True	True	False	15.0	127.0	1.0	0.0	0.06666666666666667	0.0	0.0	0.26666666666666666	0.06666666666666667	0.0	0.06666666666666667	0.0	0.06666666666666667	0.06666666666666667	0.06666666666666667	0.06666666666666667	0.0	0.0	0.0	0.06666666666666667	0.0	0.13333333333333333	0.0	0.06666666666666667	0.0	0.6377952755905512	0.14960629921259844	0.2047244094488189	0.007874015748031496	0.0	0.0	0.0	7.713589405998679	12.894687825969593	22.406999999999996	21.767	15.945	5.570101118677489	4.279158012514068	3.1878271214072265	0.0	0.1619047619047619	0.18095238095238095	0.10476190476190476	0.22857142857142856	0.26666666666666666	0.05714285714285714	0.0	0.0	0.34285714285714286	4.8	1.7587874611030558
RCSB-7AVT-S3T-KD:S1	RCSB-7AVT-S3T-KD	S1	construct-017-11db684aee95	11db684aee95db542900a23de058467ceecfc6e98d1a0d124d73ce486cc9a27e	Q07889	7AVT	S3T	MNDALSIIIRYSTC-LLVKDONJSA-N	COc1cc2nc(C)nc(N[C@H](C)c3cccc(N)c3)c2cc1OC	6.910094888560602	7AVL	ba6829428fead5f58fc9ecd53d8d754d8ec2b4fa7d858d93df8add409b5e4ce1	1	A	7AVL	S2Z	312;313;316;317;318;322;328;336;339;340;341;342;343;344;347	312;313;316;317;318;322;328;336;339;340;341;342;343;344;347		fixed_historical_reference_receptor	False	True	False	15.0	127.0	1.0	0.0	0.06666666666666667	0.0	0.0	0.26666666666666666	0.06666666666666667	0.0	0.06666666666666667	0.0	0.06666666666666667	0.06666666666666667	0.06666666666666667	0.06666666666666667	0.0	0.0	0.0	0.06666666666666667	0.0	0.13333333333333333	0.0	0.06666666666666667	0.0	0.6377952755905512	0.14960629921259844	0.2047244094488189	0.007874015748031496	0.0	0.0	0.0	7.7124367079145575	12.775078576072922	22.046	21.804	15.901999999999994	5.565204130794662	4.262414425123852	3.2158989761293952	0.0	0.1619047619047619	0.18095238095238095	0.10476190476190476	0.23809523809523808	0.26666666666666666	0.047619047619047616	0.0	0.0	0.34285714285714286	4.8	1.7587874611030558
RCSB-7AVS-S3Q-KD:S0	RCSB-7AVS-S3Q-KD	S0	construct-017-11db684aee95	11db684aee95db542900a23de058467ceecfc6e98d1a0d124d73ce486cc9a27e	Q07889	7AVS	S3Q	UWEJNKMEGIGAGY-LLVKDONJSA-N	COc1cc2nc(C)nc(N[C@H](C)c3cccc(C(F)(F)F)c3)c2cc1OC	6.982966660701219	7AVS	27499f1cb5debeb48954478ab10f8b9d5beaed2bfce5af77700bcb0f55f45afd	1	A	7AVL	S2Z	312;313;316;317;318;322;328;336;339;340;341;342;343;344;347	312;313;316;317;318;322;328;336;339;340;341;342;343;344;347		query_holo_receptor	True	True	False	15.0	127.0	1.0	0.0	0.06666666666666667	0.0	0.0	0.26666666666666666	0.06666666666666667	0.0	0.06666666666666667	0.0	0.06666666666666667	0.06666666666666667	0.06666666666666667	0.06666666666666667	0.0	0.0	0.0	0.06666666666666667	0.0	0.13333333333333333	0.0	0.06666666666666667	0.0	0.6377952755905512	0.14960629921259844	0.2047244094488189	0.007874015748031496	0.0	0.0	0.0	7.678877018870699	12.799235826595577	22.219	21.746	15.909000000000002	5.4954231538825065	4.310444817014829	3.191479611431443	0.0	0.1619047619047619	0.18095238095238095	0.11428571428571428	0.21904761904761905	0.2761904761904762	0.047619047619047616	0.0	0.0	0.34285714285714286	4.8	1.7587874611030558
RCSB-7AVS-S3Q-KD:S1	RCSB-7AVS-S3Q-KD	S1	construct-017-11db684aee95	11db684aee95db542900a23de058467ceecfc6e98d1a0d124d73ce486cc9a27e	Q07889	7AVS	S3Q	UWEJNKMEGIGAGY-LLVKDONJSA-N	COc1cc2nc(C)nc(N[C@H](C)c3cccc(C(F)(F)F)c3)c2cc1OC	6.982966660701219	7AVL	ba6829428fead5f58fc9ecd53d8d754d8ec2b4fa7d858d93df8add409b5e4ce1	1	A	7AVL	S2Z	312;313;316;317;318;322;328;336;339;340;341;342;343;344;347	312;313;316;317;318;322;328;336;339;340;341;342;343;344;347		fixed_historical_reference_receptor	False	True	False	15.0	127.0	1.0	0.0	0.06666666666666667	0.0	0.0	0.26666666666666666	0.06666666666666667	0.0	0.06666666666666667	0.0	0.06666666666666667	0.06666666666666667	0.06666666666666667	0.06666666666666667	0.0	0.0	0.0	0.06666666666666667	0.0	0.13333333333333333	0.0	0.06666666666666667	0.0	0.6377952755905512	0.14960629921259844	0.2047244094488189	0.007874015748031496	0.0	0.0	0.0	7.7124367079145575	12.775078576072922	22.046	21.804	15.901999999999994	5.565204130794662	4.262414425123852	3.2158989761293952	0.0	0.1619047619047619	0.18095238095238095	0.10476190476190476	0.23809523809523808	0.26666666666666666	0.047619047619047616	0.0	0.0	0.34285714285714286	4.8	1.7587874611030558
RCSB-7AVU-S3Z-KD:S0	RCSB-7AVU-S3Z-KD	S0	construct-017-11db684aee95	11db684aee95db542900a23de058467ceecfc6e98d1a0d124d73ce486cc9a27e	Q07889	7AVU	S3Z	UCSYKUAZQWUWGJ-SNVBAGLBSA-N	COc1cc2nc(C)nc(N[C@H](C)c3cc(N)cc(C(F)(F)F)c3)c2cc1OC	7.795880017344075	7AVU	472ecf91ef0fa3062b6dcdd7a0990ac0fd9a6d29c1dc31db2b30d20a9dda2586	1	A	7AVL	S2Z	312;313;316;317;318;322;328;336;339;340;341;342;343;344;347	312;313;316;317;318;322;328;336;339;340;341;342;343;344;347		query_holo_receptor	True	True	False	15.0	127.0	1.0	0.0	0.06666666666666667	0.0	0.0	0.26666666666666666	0.06666666666666667	0.0	0.06666666666666667	0.0	0.06666666666666667	0.06666666666666667	0.06666666666666667	0.06666666666666667	0.0	0.0	0.0	0.06666666666666667	0.0	0.13333333333333333	0.0	0.06666666666666667	0.0	0.6377952755905512	0.14960629921259844	0.2047244094488189	0.007874015748031496	0.0	0.0	0.0	7.79351398581747	12.865615716042011	22.259999999999998	21.958	16.167	5.602861676187621	4.360991270578901	3.2138071539180992	0.0	0.1619047619047619	0.17142857142857143	0.09523809523809523	0.23809523809523808	0.26666666666666666	0.06666666666666667	0.0	0.0	0.3333333333333333	4.666666666666667	1.8856180831641267
RCSB-7AVU-S3Z-KD:S1	RCSB-7AVU-S3Z-KD	S1	construct-017-11db684aee95	11db684aee95db542900a23de058467ceecfc6e98d1a0d124d73ce486cc9a27e	Q07889	7AVU	S3Z	UCSYKUAZQWUWGJ-SNVBAGLBSA-N	COc1cc2nc(C)nc(N[C@H](C)c3cc(N)cc(C(F)(F)F)c3)c2cc1OC	7.795880017344075	7AVL	ba6829428fead5f58fc9ecd53d8d754d8ec2b4fa7d858d93df8add409b5e4ce1	1	A	7AVL	S2Z	312;313;316;317;318;322;328;336;339;340;341;342;343;344;347	312;313;316;317;318;322;328;336;339;340;341;342;343;344;347		fixed_historical_reference_receptor	False	True	False	15.0	127.0	1.0	0.0	0.06666666666666667	0.0	0.0	0.26666666666666666	0.06666666666666667	0.0	0.06666666666666667	0.0	0.06666666666666667	0.06666666666666667	0.06666666666666667	0.06666666666666667	0.0	0.0	0.0	0.06666666666666667	0.0	0.13333333333333333	0.0	0.06666666666666667	0.0	0.6377952755905512	0.14960629921259844	0.2047244094488189	0.007874015748031496	0.0	0.0	0.0	7.7124367079145575	12.775078576072922	22.046	21.804	15.901999999999994	5.565204130794662	4.262414425123852	3.2158989761293952	0.0	0.1619047619047619	0.18095238095238095	0.10476190476190476	0.23809523809523808	0.26666666666666666	0.047619047619047616	0.0	0.0	0.34285714285714286	4.8	1.7587874611030558
RCSB-7AVV-S2W-KD:S0	RCSB-7AVV-S2W-KD	S0	construct-017-11db684aee95	11db684aee95db542900a23de058467ceecfc6e98d1a0d124d73ce486cc9a27e	Q07889	7AVV	S2W	CVDHTLSRRHNJAW-SNVBAGLBSA-N	Cc1nc(N[C@H](C)c2cc(N)cc(C(F)(F)F)c2)c2ccccc2n1	6.455931955649724	7AVV	0ccbcdce5e118f0bdf72279996998de8698e5d58c2837dc98b47cc3bed898145	1	A	7AVL	S2Z	312;313;316;317;318;322;328;336;339;340;341;342;343;344;347	312;313;316;317;318;322;328;336;339;340;341;342;343;344;347		query_holo_receptor	True	True	False	15.0	127.0	1.0	0.0	0.06666666666666667	0.0	0.0	0.26666666666666666	0.06666666666666667	0.0	0.06666666666666667	0.0	0.06666666666666667	0.06666666666666667	0.06666666666666667	0.06666666666666667	0.0	0.0	0.0	0.06666666666666667	0.0	0.13333333333333333	0.0	0.06666666666666667	0.0	0.6377952755905512	0.14960629921259844	0.2047244094488189	0.007874015748031496	0.0	0.0	0.0	7.756697880792318	12.933315734021038	22.661	21.911	16.294	5.576579904021124	4.331262158968052	3.2106520674540837	0.0	0.1619047619047619	0.17142857142857143	0.10476190476190476	0.23809523809523808	0.26666666666666666	0.05714285714285714	0.0	0.0	0.3333333333333333	4.666666666666667	1.8856180831641267
RCSB-7AVV-S2W-KD:S1	RCSB-7AVV-S2W-KD	S1	construct-017-11db684aee95	11db684aee95db542900a23de058467ceecfc6e98d1a0d124d73ce486cc9a27e	Q07889	7AVV	S2W	CVDHTLSRRHNJAW-SNVBAGLBSA-N	Cc1nc(N[C@H](C)c2cc(N)cc(C(F)(F)F)c2)c2ccccc2n1	6.455931955649724	7AVL	ba6829428fead5f58fc9ecd53d8d754d8ec2b4fa7d858d93df8add409b5e4ce1	1	A	7AVL	S2Z	312;313;316;317;318;322;328;336;339;340;341;342;343;344;347	312;313;316;317;318;322;328;336;339;340;341;342;343;344;347		fixed_historical_reference_receptor	False	True	False	15.0	127.0	1.0	0.0	0.06666666666666667	0.0	0.0	0.26666666666666666	0.06666666666666667	0.0	0.06666666666666667	0.0	0.06666666666666667	0.06666666666666667	0.06666666666666667	0.06666666666666667	0.0	0.0	0.0	0.06666666666666667	0.0	0.13333333333333333	0.0	0.06666666666666667	0.0	0.6377952755905512	0.14960629921259844	0.2047244094488189	0.007874015748031496	0.0	0.0	0.0	7.7124367079145575	12.775078576072922	22.046	21.804	15.901999999999994	5.565204130794662	4.262414425123852	3.2158989761293952	0.0	0.1619047619047619	0.18095238095238095	0.10476190476190476	0.23809523809523808	0.26666666666666666	0.047619047619047616	0.0	0.0	0.34285714285714286	4.8	1.7587874611030558
RCSB-6PDH-OAV-KD:S0	RCSB-6PDH-OAV-KD	S0	construct-018-17684ef8ed95	17684ef8ed9582b1aad81bb33a2cecbe3d21031365dc007726680ba05869a483	P0AEG4	6PDH	OAV	ABKHTUJKHPJZLS-UHFFFAOYSA-N	CCN(CCn1cccn1)C(=O)Cc1ccc(Oc2ccc(C#N)c(C)c2)cc1	4.2076083105017466	6PDH	d65ce2dad3f8f6ae45a61d0ff7ea24ec08b79aa7939b5954951b53e23d603a34	1	A	6PBI	O6Y	30;32;35;36;39;40;148;149;150;151;163;164;168;170;171;174	30;32;35;36;39;40;148;149;150;151;163;164;168;170;171;174		query_holo_receptor	True	True	False	16.0	124.0	1.0	0.0	0.0	0.0625	0.0	0.0	0.125	0.0625	0.0625	0.0	0.0	0.0625	0.0625	0.0625	0.125	0.125	0.0625	0.0	0.0625	0.125	0.0	0.0	0.0	0.6532258064516129	0.1693548387096774	0.16129032258064516	0.016129032258064516	0.0	0.0	0.0	8.60284034272602	16.35831336160039	23.80286	18.90756	18.79362	6.8624418203101865	4.610262568866164	2.379334627874721	0.025	0.08333333333333333	0.13333333333333333	0.13333333333333333	0.15833333333333333	0.275	0.10833333333333334	0.08333333333333333	0.0	0.24166666666666667	3.625	1.2183492931011204
RCSB-6PDH-OAV-KD:S1	RCSB-6PDH-OAV-KD	S1	construct-018-17684ef8ed95	17684ef8ed9582b1aad81bb33a2cecbe3d21031365dc007726680ba05869a483	P0AEG4	6PDH	OAV	ABKHTUJKHPJZLS-UHFFFAOYSA-N	CCN(CCn1cccn1)C(=O)Cc1ccc(Oc2ccc(C#N)c(C)c2)cc1	4.2076083105017466	6PBI	4bf5b0ea10f317025901fa484ba527f6a58a5cc07bfe8ae36a72b222c435b391	1	A	6PBI	O6Y	30;32;35;36;39;40;148;149;150;151;163;164;168;170;171;174	30;32;35;36;39;40;148;149;150;151;163;164;168;170;171;174		fixed_historical_reference_receptor	False	True	False	16.0	121.0	1.0	0.0	0.0	0.0625	0.0	0.0	0.125	0.0625	0.0625	0.0	0.0	0.0625	0.0625	0.0625	0.125	0.125	0.0625	0.0	0.0625	0.125	0.0	0.0	0.0	0.6611570247933884	0.1652892561983471	0.15702479338842976	0.01652892561983471	0.0	0.0	0.0	8.698402696990968	17.144768841186732	29.1507	17.6107	14.27807	7.098891453141236	4.414246334558405	2.4046577538967404	0.03333333333333333	0.05	0.16666666666666666	0.11666666666666667	0.16666666666666666	0.26666666666666666	0.11666666666666667	0.08333333333333333	0.0	0.25	3.75	1.299038105676658
RCSB-6WHD-KFS-KD:S0	RCSB-6WHD-KFS-KD	S0	construct-018-17684ef8ed95	17684ef8ed9582b1aad81bb33a2cecbe3d21031365dc007726680ba05869a483	P0AEG4	6WHD	KFS	VDBBDYPELPDNGF-UHFFFAOYSA-N	Cc1cc(Oc2ccc(CC(=O)O)cc2)ccc1C#N	3.309803919971486	6WHD	35c314c7f223e6fafef902d7504a6598ee58e1167b6164b2ac962c5a9bb85ffa	1	A	6PBI	O6Y	30;32;35;36;39;40;148;149;150;151;163;164;168;170;171;174	30;32;35;36;39;40;148;149;150;151;163;164;168;170;171;174		query_holo_receptor	True	True	False	16.0	124.0	1.0	0.0	0.0	0.0625	0.0	0.0	0.125	0.0625	0.0625	0.0	0.0	0.0625	0.0625	0.0625	0.125	0.125	0.0625	0.0	0.0625	0.125	0.0	0.0	0.0	0.6532258064516129	0.1693548387096774	0.16129032258064516	0.016129032258064516	0.0	0.0	0.0	8.749644136746706	17.105071887091032	29.45	17.686999999999998	13.966000000000001	7.0992345118417175	4.47357809123385	2.4787579404237996	0.025	0.058333333333333334	0.16666666666666666	0.1	0.18333333333333332	0.25833333333333336	0.125	0.08333333333333333	0.0	0.25	3.75	1.299038105676658
RCSB-6WHD-KFS-KD:S1	RCSB-6WHD-KFS-KD	S1	construct-018-17684ef8ed95	17684ef8ed9582b1aad81bb33a2cecbe3d21031365dc007726680ba05869a483	P0AEG4	6WHD	KFS	VDBBDYPELPDNGF-UHFFFAOYSA-N	Cc1cc(Oc2ccc(CC(=O)O)cc2)ccc1C#N	3.309803919971486	6PBI	4bf5b0ea10f317025901fa484ba527f6a58a5cc07bfe8ae36a72b222c435b391	1	A	6PBI	O6Y	30;32;35;36;39;40;148;149;150;151;163;164;168;170;171;174	30;32;35;36;39;40;148;149;150;151;163;164;168;170;171;174		fixed_historical_reference_receptor	False	True	False	16.0	121.0	1.0	0.0	0.0	0.0625	0.0	0.0	0.125	0.0625	0.0625	0.0	0.0	0.0625	0.0625	0.0625	0.125	0.125	0.0625	0.0	0.0625	0.125	0.0	0.0	0.0	0.6611570247933884	0.1652892561983471	0.15702479338842976	0.01652892561983471	0.0	0.0	0.0	8.698402696990968	17.144768841186732	29.1507	17.6107	14.27807	7.098891453141236	4.414246334558405	2.4046577538967404	0.03333333333333333	0.05	0.16666666666666666	0.11666666666666667	0.16666666666666666	0.26666666666666666	0.11666666666666667	0.08333333333333333	0.0	0.25	3.75	1.299038105676658
RCSB-6PG1-O7P-KD:S0	RCSB-6PG1-O7P-KD	S0	construct-018-17684ef8ed95	17684ef8ed9582b1aad81bb33a2cecbe3d21031365dc007726680ba05869a483	P0AEG4	6PG1	O7P	WFOOODRZHBDNTB-UHFFFAOYSA-N	Cc1cc(Oc2ccc(CC(=O)N3CCN(C)C(=O)C3)cc2)ccc1C#N	3.3187587626244124	6PG1	c58b8b9318b332e78ef4bd3cfc2ccce65a40f3b16546ef3cea8f451d6de49d7c	1	B	6PBI	O6Y	30;32;35;36;39;40;148;149;150;151;163;164;168;170;171;174	30;32;35;36;39;40;148;149;150;151;163;164;168;170;171;174		query_holo_receptor	True	True	False	16.0	130.0	1.0	0.0	0.0	0.0625	0.0	0.0	0.125	0.0625	0.0625	0.0	0.0	0.0625	0.0625	0.0625	0.125	0.125	0.0625	0.0	0.0625	0.125	0.0	0.0	0.0	0.6461538461538462	0.18461538461538463	0.15384615384615385	0.015384615384615385	0.0	0.0	0.0	9.465231392340177	20.543840008066834	33.25085	18.78571	14.45654	7.840983930558012	4.860050998560124	2.1188394471190426	0.025	0.08333333333333333	0.125	0.14166666666666666	0.14166666666666666	0.275	0.11666666666666667	0.09166666666666666	0.0	0.23333333333333334	3.5	1.3228756555322954
RCSB-6PG1-O7P-KD:S1	RCSB-6PG1-O7P-KD	S1	construct-018-17684ef8ed95	17684ef8ed9582b1aad81bb33a2cecbe3d21031365dc007726680ba05869a483	P0AEG4	6PG1	O7P	WFOOODRZHBDNTB-UHFFFAOYSA-N	Cc1cc(Oc2ccc(CC(=O)N3CCN(C)C(=O)C3)cc2)ccc1C#N	3.3187587626244124	6PBI	4bf5b0ea10f317025901fa484ba527f6a58a5cc07bfe8ae36a72b222c435b391	1	A	6PBI	O6Y	30;32;35;36;39;40;148;149;150;151;163;164;168;170;171;174	30;32;35;36;39;40;148;149;150;151;163;164;168;170;171;174		fixed_historical_reference_receptor	False	True	False	16.0	121.0	1.0	0.0	0.0	0.0625	0.0	0.0	0.125	0.0625	0.0625	0.0	0.0	0.0625	0.0625	0.0625	0.125	0.125	0.0625	0.0	0.0625	0.125	0.0	0.0	0.0	0.6611570247933884	0.1652892561983471	0.15702479338842976	0.01652892561983471	0.0	0.0	0.0	8.698402696990968	17.144768841186732	29.1507	17.6107	14.27807	7.098891453141236	4.414246334558405	2.4046577538967404	0.03333333333333333	0.05	0.16666666666666666	0.11666666666666667	0.16666666666666666	0.26666666666666666	0.11666666666666667	0.08333333333333333	0.0	0.25	3.75	1.299038105676658
RCSB-6PLI-ONY-KD:S0	RCSB-6PLI-ONY-KD	S0	construct-018-17684ef8ed95	17684ef8ed9582b1aad81bb33a2cecbe3d21031365dc007726680ba05869a483	P0AEG4	6PLI	ONY	IRHPSNSMVQKDNH-UHFFFAOYSA-N	Cc1nc(CCN(C)C(=O)Cc2ccc(Oc3ccc(C#N)c(C)c3)cc2)no1	3.638272163982407	6PLI	cd1c891c9b117cc913004077228ba72240a30621464c0cb4467f9bbc7f25d5c5	1	B	6PBI	O6Y	30;32;35;36;39;40;148;149;150;151;163;164;168;170;171;174	30;32;35;36;39;40;148;149;150;151;163;164;168;170;171;174		query_holo_receptor	True	True	False	16.0	130.0	1.0	0.0	0.0	0.0625	0.0	0.0	0.125	0.0625	0.0625	0.0	0.0	0.0625	0.0625	0.0625	0.125	0.125	0.0625	0.0	0.0625	0.125	0.0	0.0	0.0	0.6461538461538462	0.18461538461538463	0.15384615384615385	0.015384615384615385	0.0	0.0	0.0	9.505172488505105	21.074744125983475	34.13015	18.72274	12.45772	7.848988565435027	4.927980701773387	2.1110870988316943	0.025	0.08333333333333333	0.125	0.13333333333333333	0.13333333333333333	0.2916666666666667	0.11666666666666667	0.09166666666666666	0.0	0.23333333333333334	3.5	1.3228756555322954
RCSB-6PLI-ONY-KD:S1	RCSB-6PLI-ONY-KD	S1	construct-018-17684ef8ed95	17684ef8ed9582b1aad81bb33a2cecbe3d21031365dc007726680ba05869a483	P0AEG4	6PLI	ONY	IRHPSNSMVQKDNH-UHFFFAOYSA-N	Cc1nc(CCN(C)C(=O)Cc2ccc(Oc3ccc(C#N)c(C)c3)cc2)no1	3.638272163982407	6PBI	4bf5b0ea10f317025901fa484ba527f6a58a5cc07bfe8ae36a72b222c435b391	1	A	6PBI	O6Y	30;32;35;36;39;40;148;149;150;151;163;164;168;170;171;174	30;32;35;36;39;40;148;149;150;151;163;164;168;170;171;174		fixed_historical_reference_receptor	False	True	False	16.0	121.0	1.0	0.0	0.0	0.0625	0.0	0.0	0.125	0.0625	0.0625	0.0	0.0	0.0625	0.0625	0.0625	0.125	0.125	0.0625	0.0	0.0625	0.125	0.0	0.0	0.0	0.6611570247933884	0.1652892561983471	0.15702479338842976	0.01652892561983471	0.0	0.0	0.0	8.698402696990968	17.144768841186732	29.1507	17.6107	14.27807	7.098891453141236	4.414246334558405	2.4046577538967404	0.03333333333333333	0.05	0.16666666666666666	0.11666666666666667	0.16666666666666666	0.26666666666666666	0.11666666666666667	0.08333333333333333	0.0	0.25	3.75	1.299038105676658
RCSB-5BOJ-4TX-KD:S0	RCSB-5BOJ-4TX-KD	S0	construct-019-1be38543a2db	1be38543a2db6ca4b3174a623300252e6f33aa0ea487c0c122a2d72db9e98cb4	P02766	5BOJ	4TX	HEMJJKBWTPKOJG-UHFFFAOYSA-N	Cc1ccc(C)c(OCCCC(C)(C)C(=O)O)c1	7.0	5BOJ	fb4a6160feae4f21bb4cb9fdb8905b39b4903643f2da1a87a5b8bae8bbef5d67	1	A	3P3R	3M1	13;15;17;54;106;107;108;109;110;117;118;119;120;121	13;15;17;54;106;107;108;109;110;117;118;119;120;121		query_holo_receptor	True	True	False	14.0	99.0	1.0	0.0	0.21428571428571427	0.0	0.0	0.07142857142857142	0.0	0.0	0.0	0.07142857142857142	0.07142857142857142	0.14285714285714285	0.07142857142857142	0.0	0.0	0.0	0.0	0.07142857142857142	0.21428571428571427	0.07142857142857142	0.0	0.0	0.0	0.6363636363636364	0.15151515151515152	0.20202020202020202	0.010101010101010102	0.0	0.0	0.0	6.965633065564193	10.681310059247291	18.993	16.893	10.933	4.91970402638347	4.436851096993828	2.151954609180256	0.02197802197802198	0.2087912087912088	0.24175824175824176	0.12087912087912088	0.2087912087912088	0.18681318681318682	0.01098901098901099	0.0	0.0	0.4725274725274725	6.142857142857143	2.166535841157586
RCSB-5BOJ-4TX-KD:S1	RCSB-5BOJ-4TX-KD	S1	construct-019-1be38543a2db	1be38543a2db6ca4b3174a623300252e6f33aa0ea487c0c122a2d72db9e98cb4	P02766	5BOJ	4TX	HEMJJKBWTPKOJG-UHFFFAOYSA-N	Cc1ccc(C)c(OCCCC(C)(C)C(=O)O)c1	7.0	3P3R	dbc7c72c637fb3820fcd3613a1a1c974c65be983d541d9185da2ca844ed2898c	1	B	3P3R	3M1	13;15;17;54;106;107;108;109;110;117;118;119;120;121	13;15;17;54;106;107;108;109;110;117;118;119;120;121		fixed_historical_reference_receptor	False	True	False	14.0	99.0	1.0	0.0	0.21428571428571427	0.0	0.0	0.07142857142857142	0.0	0.0	0.0	0.07142857142857142	0.07142857142857142	0.14285714285714285	0.07142857142857142	0.0	0.0	0.0	0.0	0.07142857142857142	0.21428571428571427	0.07142857142857142	0.0	0.0	0.0	0.6363636363636364	0.15151515151515152	0.20202020202020202	0.010101010101010102	0.0	0.0	0.0	6.8110868228646995	10.712632744176425	18.203	15.926	12.032	4.773067718714558	4.324740764424453	2.2148014768126663	0.02197802197802198	0.21978021978021978	0.24175824175824176	0.10989010989010989	0.2087912087912088	0.1978021978021978	0.0	0.0	0.0	0.4835164835164835	6.285714285714286	2.2497165354319457
RCSB-4WO0-AGI-KD:S0	RCSB-4WO0-AGI-KD	S0	construct-019-1be38543a2db	1be38543a2db6ca4b3174a623300252e6f33aa0ea487c0c122a2d72db9e98cb4	P02766	4WO0	AGI	KZNIFHPLKGYRTM-UHFFFAOYSA-N	O=c1cc(-c2ccc(O)cc2)oc2cc(O)cc(O)c12	6.6020599913279625	4WO0	bf592b42f9a9ec77c71a7028840f2466d6c264964e9a17f7db6af1cc0596930f	1	A	3P3R	3M1	13;15;17;54;106;107;108;109;110;117;118;119;120;121	13;15;17;54;106;107;108;109;110;117;118;119;120;121		query_holo_receptor	True	True	False	14.0	99.0	1.0	0.0	0.21428571428571427	0.0	0.0	0.07142857142857142	0.0	0.0	0.0	0.07142857142857142	0.07142857142857142	0.14285714285714285	0.07142857142857142	0.0	0.0	0.0	0.0	0.07142857142857142	0.21428571428571427	0.07142857142857142	0.0	0.0	0.0	0.6363636363636364	0.15151515151515152	0.20202020202020202	0.010101010101010102	0.0	0.0	0.0	6.864968721605182	10.625907614086435	18.288	16.616999999999997	11.015	4.838612742046142	4.366314556782635	2.1565990522937417	0.02197802197802198	0.21978021978021978	0.24175824175824176	0.10989010989010989	0.2087912087912088	0.1978021978021978	0.0	0.0	0.0	0.4835164835164835	6.285714285714286	2.2497165354319457
RCSB-4WO0-AGI-KD:S1	RCSB-4WO0-AGI-KD	S1	construct-019-1be38543a2db	1be38543a2db6ca4b3174a623300252e6f33aa0ea487c0c122a2d72db9e98cb4	P02766	4WO0	AGI	KZNIFHPLKGYRTM-UHFFFAOYSA-N	O=c1cc(-c2ccc(O)cc2)oc2cc(O)cc(O)c12	6.6020599913279625	3P3R	dbc7c72c637fb3820fcd3613a1a1c974c65be983d541d9185da2ca844ed2898c	1	B	3P3R	3M1	13;15;17;54;106;107;108;109;110;117;118;119;120;121	13;15;17;54;106;107;108;109;110;117;118;119;120;121		fixed_historical_reference_receptor	False	True	False	14.0	99.0	1.0	0.0	0.21428571428571427	0.0	0.0	0.07142857142857142	0.0	0.0	0.0	0.07142857142857142	0.07142857142857142	0.14285714285714285	0.07142857142857142	0.0	0.0	0.0	0.0	0.07142857142857142	0.21428571428571427	0.07142857142857142	0.0	0.0	0.0	0.6363636363636364	0.15151515151515152	0.20202020202020202	0.010101010101010102	0.0	0.0	0.0	6.8110868228646995	10.712632744176425	18.203	15.926	12.032	4.773067718714558	4.324740764424453	2.2148014768126663	0.02197802197802198	0.21978021978021978	0.24175824175824176	0.10989010989010989	0.2087912087912088	0.1978021978021978	0.0	0.0	0.0	0.4835164835164835	6.285714285714286	2.2497165354319457
RCSB-4QXV-LU2-KD:S0	RCSB-4QXV-LU2-KD	S0	construct-019-1be38543a2db	1be38543a2db6ca4b3174a623300252e6f33aa0ea487c0c122a2d72db9e98cb4	P02766	4QXV	LU2	IQPNAANSBPBGFQ-UHFFFAOYSA-N	O=c1cc(-c2ccc(O)c(O)c2)oc2cc(O)cc(O)c12	7.154901959985743	4QXV	d6fc5cc7a0743bbd7762f5119fb2d8f0c2541dd35bc14e01b16715ed3e7fad8b	1	A	3P3R	3M1	13;15;17;54;106;107;108;109;110;117;118;119;120;121	13;15;17;54;106;107;108;109;110;117;118;119;120;121		query_holo_receptor	True	True	False	14.0	99.0	1.0	0.0	0.21428571428571427	0.0	0.0	0.07142857142857142	0.0	0.0	0.0	0.07142857142857142	0.07142857142857142	0.14285714285714285	0.07142857142857142	0.0	0.0	0.0	0.0	0.07142857142857142	0.21428571428571427	0.07142857142857142	0.0	0.0	0.0	0.6363636363636364	0.15151515151515152	0.20202020202020202	0.010101010101010102	0.0	0.0	0.0	6.859346578526145	10.63858297697987	18.157	16.666999999999998	11.027	4.8038095498747415	4.3866416105605435	2.1751838251902686	0.02197802197802198	0.2087912087912088	0.25274725274725274	0.10989010989010989	0.2087912087912088	0.1978021978021978	0.0	0.0	0.0	0.4835164835164835	6.285714285714286	2.2497165354319457
RCSB-4QXV-LU2-KD:S1	RCSB-4QXV-LU2-KD	S1	construct-019-1be38543a2db	1be38543a2db6ca4b3174a623300252e6f33aa0ea487c0c122a2d72db9e98cb4	P02766	4QXV	LU2	IQPNAANSBPBGFQ-UHFFFAOYSA-N	O=c1cc(-c2ccc(O)c(O)c2)oc2cc(O)cc(O)c12	7.154901959985743	3P3R	dbc7c72c637fb3820fcd3613a1a1c974c65be983d541d9185da2ca844ed2898c	1	B	3P3R	3M1	13;15;17;54;106;107;108;109;110;117;118;119;120;121	13;15;17;54;106;107;108;109;110;117;118;119;120;121		fixed_historical_reference_receptor	False	True	False	14.0	99.0	1.0	0.0	0.21428571428571427	0.0	0.0	0.07142857142857142	0.0	0.0	0.0	0.07142857142857142	0.07142857142857142	0.14285714285714285	0.07142857142857142	0.0	0.0	0.0	0.0	0.07142857142857142	0.21428571428571427	0.07142857142857142	0.0	0.0	0.0	0.6363636363636364	0.15151515151515152	0.20202020202020202	0.010101010101010102	0.0	0.0	0.0	6.8110868228646995	10.712632744176425	18.203	15.926	12.032	4.773067718714558	4.324740764424453	2.2148014768126663	0.02197802197802198	0.21978021978021978	0.24175824175824176	0.10989010989010989	0.2087912087912088	0.1978021978021978	0.0	0.0	0.0	0.4835164835164835	6.285714285714286	2.2497165354319457
RCSB-3RJW-CIQ-KD:S0	RCSB-3RJW-CIQ-KD	S0	construct-020-2acb35da5928	2acb35da5928b53ae053d27888f8b46ac564433b4e6d30fc36092001e0437d0a	Q96KQ7	3RJW	CIQ	QOECJCJVIMVJGX-UHFFFAOYSA-N	COc1cc2c(NC3CCN(C(C)C)CC3)nc(C3CCCCC3)nc2cc1OCCCN1CCCC1	5.847711655616943	3RJW	27a94aad16755ba191adb6f0a91a133a59106c45c42b811fe407c478e77ce6d6	1	B	3K5K	DXQ	157;164;167;168;169;170;171;173;174;175;176;177;178;186;187;188;242;244;245;247;248;249;251;252	157;164;167;168;169;170;171;173;174;175;176;177;178;186;187;188;242;244;245;247;248;249;251;252		query_holo_receptor	True	True	False	24.0	203.0	1.0	0.0	0.041666666666666664	0.041666666666666664	0.16666666666666666	0.041666666666666664	0.125	0.041666666666666664	0.0	0.041666666666666664	0.041666666666666664	0.041666666666666664	0.0	0.0	0.0	0.0	0.08333333333333333	0.041666666666666664	0.0	0.08333333333333333	0.041666666666666664	0.16666666666666666	0.0	0.6699507389162561	0.14285714285714285	0.18226600985221675	0.0049261083743842365	0.0	0.0	0.0	9.602303917614995	16.903181046434245	24.317	22.405	22.009	7.065357749891716	5.181831037490712	3.9285604858761256	0.0	0.09420289855072464	0.09782608695652174	0.12681159420289856	0.17391304347826086	0.2572463768115942	0.1956521739130435	0.05434782608695652	0.0	0.19202898550724637	4.416666666666667	1.6562172428626492
RCSB-3RJW-CIQ-KD:S1	RCSB-3RJW-CIQ-KD	S1	construct-020-2acb35da5928	2acb35da5928b53ae053d27888f8b46ac564433b4e6d30fc36092001e0437d0a	Q96KQ7	3RJW	CIQ	QOECJCJVIMVJGX-UHFFFAOYSA-N	COc1cc2c(NC3CCN(C(C)C)CC3)nc(C3CCCCC3)nc2cc1OCCCN1CCCC1	5.847711655616943	3K5K	bdfea58623f348314af16ea5341e00d07b3d57838fff67394b1f22de3ea12bf3	1	B	3K5K	DXQ	157;164;167;168;169;170;171;173;174;175;176;177;178;186;187;188;242;244;245;247;248;249;251;252	157;164;167;168;169;170;171;173;174;175;176;177;178;186;187;188;242;244;245;247;248;249;251;252		fixed_historical_reference_receptor	False	True	False	24.0	209.0	1.0	0.0	0.041666666666666664	0.041666666666666664	0.16666666666666666	0.041666666666666664	0.125	0.041666666666666664	0.0	0.041666666666666664	0.041666666666666664	0.041666666666666664	0.0	0.0	0.0	0.0	0.08333333333333333	0.041666666666666664	0.0	0.08333333333333333	0.041666666666666664	0.16666666666666666	0.0	0.6794258373205742	0.13875598086124402	0.17703349282296652	0.004784688995215311	0.0	0.0	0.0	9.488448966782864	16.824080467531147	25.559	22.4	21.365	6.868584306748481	5.235059066040895	3.9303142357061334	0.0036231884057971015	0.09782608695652174	0.09782608695652174	0.11594202898550725	0.18115942028985507	0.2717391304347826	0.19202898550724637	0.03985507246376811	0.0	0.19927536231884058	4.583333333333333	1.777560750641795
RCSB-5TTF-7KZ-KD:S0	RCSB-5TTF-7KZ-KD	S0	construct-020-2acb35da5928	2acb35da5928b53ae053d27888f8b46ac564433b4e6d30fc36092001e0437d0a	Q96KQ7	5TTF	7KZ	ZYNUWSFRZCRKSN-UHFFFAOYSA-N	CCCCCCNc1nc(NC2CCN(C)CC2)c2cc(OC)c(OC)cc2n1	6.214670164989233	5TTF	c3d1db0dfed138699f99efefe939fb55b5d47fabd22ba32ce14ebe083777167f	1	C	3K5K	DXQ	157;164;167;168;169;170;171;173;174;175;176;177;178;186;187;188;242;244;245;247;248;249;251;252	157;164;167;168;169;170;171;173;174;175;176;177;178;186;187;188;242;244;245;247;248;249;251;252		query_holo_receptor	True	True	False	24.0	211.0	1.0	0.0	0.041666666666666664	0.041666666666666664	0.16666666666666666	0.041666666666666664	0.125	0.041666666666666664	0.0	0.041666666666666664	0.041666666666666664	0.041666666666666664	0.0	0.0	0.0	0.0	0.08333333333333333	0.041666666666666664	0.0	0.08333333333333333	0.041666666666666664	0.16666666666666666	0.0	0.6777251184834123	0.15165876777251186	0.16587677725118483	0.004739336492890996	0.0	0.0	0.0	9.386683553854551	16.581970081077465	25.485000000000003	21.724999999999998	21.214	6.709240496156308	5.125506071833478	4.101841978006693	0.010869565217391304	0.07608695652173914	0.11231884057971014	0.12318840579710146	0.18840579710144928	0.2644927536231884	0.18115942028985507	0.043478260869565216	0.0	0.19927536231884058	4.583333333333333	1.8008485654145256
RCSB-5TTF-7KZ-KD:S1	RCSB-5TTF-7KZ-KD	S1	construct-020-2acb35da5928	2acb35da5928b53ae053d27888f8b46ac564433b4e6d30fc36092001e0437d0a	Q96KQ7	5TTF	7KZ	ZYNUWSFRZCRKSN-UHFFFAOYSA-N	CCCCCCNc1nc(NC2CCN(C)CC2)c2cc(OC)c(OC)cc2n1	6.214670164989233	3K5K	bdfea58623f348314af16ea5341e00d07b3d57838fff67394b1f22de3ea12bf3	1	B	3K5K	DXQ	157;164;167;168;169;170;171;173;174;175;176;177;178;186;187;188;242;244;245;247;248;249;251;252	157;164;167;168;169;170;171;173;174;175;176;177;178;186;187;188;242;244;245;247;248;249;251;252		fixed_historical_reference_receptor	False	True	False	24.0	209.0	1.0	0.0	0.041666666666666664	0.041666666666666664	0.16666666666666666	0.041666666666666664	0.125	0.041666666666666664	0.0	0.041666666666666664	0.041666666666666664	0.041666666666666664	0.0	0.0	0.0	0.0	0.08333333333333333	0.041666666666666664	0.0	0.08333333333333333	0.041666666666666664	0.16666666666666666	0.0	0.6794258373205742	0.13875598086124402	0.17703349282296652	0.004784688995215311	0.0	0.0	0.0	9.488448966782864	16.824080467531147	25.559	22.4	21.365	6.868584306748481	5.235059066040895	3.9303142357061334	0.0036231884057971015	0.09782608695652174	0.09782608695652174	0.11594202898550725	0.18115942028985507	0.2717391304347826	0.19202898550724637	0.03985507246376811	0.0	0.19927536231884058	4.583333333333333	1.777560750641795
RCSB-7T7L-G4R-KD:S0	RCSB-7T7L-G4R-KD	S0	construct-020-2acb35da5928	2acb35da5928b53ae053d27888f8b46ac564433b4e6d30fc36092001e0437d0a	Q96KQ7	7T7L	G4R	JBMUWBUCVSKHLE-UHFFFAOYSA-N	C=CC(=O)Nc1nc(NC2CCN(C(C)C)CC2)c2cc(OC)c(OCCCN3CCCC3)cc2n1	6.102372908709558	7T7L	614d884b84b0f2aa31357d587bc65ff9018e44e5e685418c77b4b2b21f32889b	1	A	3K5K	DXQ	157;164;167;168;169;170;171;173;174;175;176;177;178;186;187;188;242;244;245;247;248;249;251;252	157;164;167;168;169;170;171;173;174;175;176;177;178;186;187;188;242;244;245;247;248;249;251;252		query_holo_receptor	True	True	False	24.0	218.0	1.0	0.0	0.041666666666666664	0.041666666666666664	0.16666666666666666	0.041666666666666664	0.125	0.041666666666666664	0.0	0.041666666666666664	0.041666666666666664	0.041666666666666664	0.0	0.0	0.0	0.0	0.08333333333333333	0.041666666666666664	0.0	0.08333333333333333	0.041666666666666664	0.16666666666666666	0.0	0.6697247706422018	0.14678899082568808	0.17889908256880735	0.0045871559633027525	0.0	0.0	0.0	9.697068094695105	16.98598817616964	25.470999999999997	23.873	21.919999999999998	6.938874229528513	5.407639282521645	4.079533239240445	0.007246376811594203	0.07971014492753623	0.11231884057971014	0.10144927536231885	0.18478260869565216	0.27898550724637683	0.17391304347826086	0.06159420289855073	0.0	0.19927536231884058	4.583333333333333	1.7539637649874324
RCSB-7T7L-G4R-KD:S1	RCSB-7T7L-G4R-KD	S1	construct-020-2acb35da5928	2acb35da5928b53ae053d27888f8b46ac564433b4e6d30fc36092001e0437d0a	Q96KQ7	7T7L	G4R	JBMUWBUCVSKHLE-UHFFFAOYSA-N	C=CC(=O)Nc1nc(NC2CCN(C(C)C)CC2)c2cc(OC)c(OCCCN3CCCC3)cc2n1	6.102372908709558	3K5K	bdfea58623f348314af16ea5341e00d07b3d57838fff67394b1f22de3ea12bf3	1	B	3K5K	DXQ	157;164;167;168;169;170;171;173;174;175;176;177;178;186;187;188;242;244;245;247;248;249;251;252	157;164;167;168;169;170;171;173;174;175;176;177;178;186;187;188;242;244;245;247;248;249;251;252		fixed_historical_reference_receptor	False	True	False	24.0	209.0	1.0	0.0	0.041666666666666664	0.041666666666666664	0.16666666666666666	0.041666666666666664	0.125	0.041666666666666664	0.0	0.041666666666666664	0.041666666666666664	0.041666666666666664	0.0	0.0	0.0	0.0	0.08333333333333333	0.041666666666666664	0.0	0.08333333333333333	0.041666666666666664	0.16666666666666666	0.0	0.6794258373205742	0.13875598086124402	0.17703349282296652	0.004784688995215311	0.0	0.0	0.0	9.488448966782864	16.824080467531147	25.559	22.4	21.365	6.868584306748481	5.235059066040895	3.9303142357061334	0.0036231884057971015	0.09782608695652174	0.09782608695652174	0.11594202898550725	0.18115942028985507	0.2717391304347826	0.19202898550724637	0.03985507246376811	0.0	0.19927536231884058	4.583333333333333	1.777560750641795
RCSB-7X73-J26-KD:S0	RCSB-7X73-J26-KD	S0	construct-020-2acb35da5928	2acb35da5928b53ae053d27888f8b46ac564433b4e6d30fc36092001e0437d0a	Q96KQ7	7X73	J26	OWORSODZTADOQX-IBGZPJMESA-N	Cc1c(C(=O)N[C@@H](CCC2CC2)C(=O)Nc2ccc(C#N)cc2)[nH]c2c1C(=O)CC(C)(C)C2	6.1249387366083	7X73	e0bc2a37ec090c2b770104c2e95efec27d6a711657bc13fe8899dab53453c1c6	1	A	3K5K	DXQ	157;164;167;168;169;170;171;173;174;175;176;177;178;186;187;188;242;244;245;247;248;249;251;252	157;164;167;168;169;170;171;173;174;175;176;177;178;186;187;188;242;244;245;247;248;249;251;252		query_holo_receptor	True	True	False	24.0	218.0	1.0	0.0	0.041666666666666664	0.041666666666666664	0.16666666666666666	0.041666666666666664	0.125	0.041666666666666664	0.0	0.041666666666666664	0.041666666666666664	0.041666666666666664	0.0	0.0	0.0	0.0	0.08333333333333333	0.041666666666666664	0.0	0.08333333333333333	0.041666666666666664	0.16666666666666666	0.0	0.6697247706422018	0.14678899082568808	0.17889908256880735	0.0045871559633027525	0.0	0.0	0.0	9.636702263979272	16.711530945761066	23.62528	22.24503	22.007050000000003	6.872976181159682	5.263077319949571	4.234175960210833	0.007246376811594203	0.07971014492753623	0.09420289855072464	0.13768115942028986	0.15579710144927536	0.286231884057971	0.18840579710144928	0.050724637681159424	0.0	0.18115942028985507	4.166666666666667	1.4624940645653537
RCSB-7X73-J26-KD:S1	RCSB-7X73-J26-KD	S1	construct-020-2acb35da5928	2acb35da5928b53ae053d27888f8b46ac564433b4e6d30fc36092001e0437d0a	Q96KQ7	7X73	J26	OWORSODZTADOQX-IBGZPJMESA-N	Cc1c(C(=O)N[C@@H](CCC2CC2)C(=O)Nc2ccc(C#N)cc2)[nH]c2c1C(=O)CC(C)(C)C2	6.1249387366083	3K5K	bdfea58623f348314af16ea5341e00d07b3d57838fff67394b1f22de3ea12bf3	1	B	3K5K	DXQ	157;164;167;168;169;170;171;173;174;175;176;177;178;186;187;188;242;244;245;247;248;249;251;252	157;164;167;168;169;170;171;173;174;175;176;177;178;186;187;188;242;244;245;247;248;249;251;252		fixed_historical_reference_receptor	False	True	False	24.0	209.0	1.0	0.0	0.041666666666666664	0.041666666666666664	0.16666666666666666	0.041666666666666664	0.125	0.041666666666666664	0.0	0.041666666666666664	0.041666666666666664	0.041666666666666664	0.0	0.0	0.0	0.0	0.08333333333333333	0.041666666666666664	0.0	0.08333333333333333	0.041666666666666664	0.16666666666666666	0.0	0.6794258373205742	0.13875598086124402	0.17703349282296652	0.004784688995215311	0.0	0.0	0.0	9.488448966782864	16.824080467531147	25.559	22.4	21.365	6.868584306748481	5.235059066040895	3.9303142357061334	0.0036231884057971015	0.09782608695652174	0.09782608695652174	0.11594202898550725	0.18115942028985507	0.2717391304347826	0.19202898550724637	0.03985507246376811	0.0	0.19927536231884058	4.583333333333333	1.777560750641795
RCSB-4K9X-8AW-KD:S0	RCSB-4K9X-8AW-KD	S0	construct-022-46b8fca0fc9d	46b8fca0fc9ded15fa7688f7d5ca0a1847515ff0884a5e3ba90386ea204f16d2	P08684	4K9X	8AW	BKYKAZAUMANNMI-FTBPSBKWSA-N	CC[C@H](C)C(=O)N[C@H](CC[C@H](Cc1ccccc1)NC(=O)OCc1cncs1)Cc1ccccc1	6.795880017344075	4K9X	fef009651bea5ce8c90e5eaa081913e9b6999f7b9025794ac55895b966c585e2	1	A	4K9W	7AW	30;33;37;56;85;86;88;94;99;100;190;191;193;195;204;221;280;281;284;285;289;349;350;351;352;353;354;422;461;462	30;33;37;56;85;86;88;94;99;100;190;191;195;204;221;280;281;284;285;289;349;350;351;352;353;354;422;461;462	193	query_holo_receptor	True	True	False	29.0	245.0	0.9666666666666667	0.033333333333333326	0.06896551724137931	0.034482758620689655	0.034482758620689655	0.034482758620689655	0.1724137931034483	0.034482758620689655	0.0	0.1724137931034483	0.0	0.13793103448275862	0.06896551724137931	0.0	0.0	0.0	0.10344827586206896	0.034482758620689655	0.06896551724137931	0.0	0.0	0.034482758620689655	0.0	0.6816326530612244	0.15510204081632653	0.1510204081632653	0.012244897959183673	0.0	0.0	0.0	10.933162597754501	16.978123117912084	27.143	26.907	26.413	8.103363902919638	5.419564441015204	4.9495312015867245	0.0049261083743842365	0.046798029556650245	0.07635467980295567	0.08374384236453201	0.11576354679802955	0.29064039408866993	0.22413793103448276	0.15763546798029557	0.0	0.12807881773399016	3.586206896551724	1.2181739125969444
RCSB-4K9X-8AW-KD:S1	RCSB-4K9X-8AW-KD	S1	construct-022-46b8fca0fc9d	46b8fca0fc9ded15fa7688f7d5ca0a1847515ff0884a5e3ba90386ea204f16d2	P08684	4K9X	8AW	BKYKAZAUMANNMI-FTBPSBKWSA-N	CC[C@H](C)C(=O)N[C@H](CC[C@H](Cc1ccccc1)NC(=O)OCc1cncs1)Cc1ccccc1	6.795880017344075	4K9W	65ffa97abe9dca65c85e578160d1ea7b4548cce4fcb79cb20eb098f163bdc997	1	D	4K9W	7AW	30;33;37;56;85;86;88;94;99;100;190;191;193;195;204;221;280;281;284;285;289;349;350;351;352;353;354;422;461;462	30;33;37;56;85;86;88;94;99;100;190;191;193;195;204;221;280;281;284;285;289;349;350;351;352;353;354;422;461;462		fixed_historical_reference_receptor	False	True	False	30.0	256.0	1.0	0.0	0.06666666666666667	0.03333333333333333	0.03333333333333333	0.03333333333333333	0.2	0.03333333333333333	0.0	0.16666666666666666	0.0	0.13333333333333333	0.06666666666666667	0.0	0.0	0.0	0.1	0.03333333333333333	0.06666666666666667	0.0	0.0	0.03333333333333333	0.0	0.6875	0.15234375	0.1484375	0.01171875	0.0	0.0	0.0	10.73574442935269	16.63539057617343	28.36399999999999	26.264	20.435000000000002	7.911441912055355	5.408685448770838	4.838534596425432	0.004597701149425287	0.0367816091954023	0.09425287356321839	0.0735632183908046	0.13333333333333333	0.30344827586206896	0.2160919540229885	0.13793103448275862	0.0	0.135632183908046	3.933333333333333	1.2631530214330944
RCSB-4K9V-6AW-KD:S0	RCSB-4K9V-6AW-KD	S0	construct-022-46b8fca0fc9d	46b8fca0fc9ded15fa7688f7d5ca0a1847515ff0884a5e3ba90386ea204f16d2	P08684	4K9V	6AW	SUQJOWRIFVHNKN-WFXMLNOXSA-N	CC[C@@H](CC[C@H](CC)NC(=O)[C@H](CO)NC(=O)N(C)Cc1csc(C(C)C)n1)NC(=O)OCc1cncs1	5.638272163982407	4K9V	7caa63f034f26ac8365f481dbda5bf3522f2b4e65fad2394f4eec5744e3efbcd	1	A	4K9W	7AW	30;33;37;56;85;86;88;94;99;100;190;191;193;195;204;221;280;281;284;285;289;349;350;351;352;353;354;422;461;462	30;33;37;56;85;86;88;94;99;100;190;191;193;195;204;221;280;281;284;285;289;349;350;351;352;353;354;422;461;462		query_holo_receptor	True	True	False	30.0	256.0	1.0	0.0	0.06666666666666667	0.03333333333333333	0.03333333333333333	0.03333333333333333	0.2	0.03333333333333333	0.0	0.16666666666666666	0.0	0.13333333333333333	0.06666666666666667	0.0	0.0	0.0	0.1	0.03333333333333333	0.06666666666666667	0.0	0.0	0.03333333333333333	0.0	0.6875	0.15234375	0.1484375	0.01171875	0.0	0.0	0.0	10.806483389114	17.11526936169289	27.604	26.819	24.734	8.050496990524039	5.198001802493722	4.995033403895537	0.004597701149425287	0.041379310344827586	0.07586206896551724	0.09885057471264368	0.1310344827586207	0.26436781609195403	0.22298850574712645	0.16091954022988506	0.0	0.12183908045977011	3.533333333333333	1.2840906856172147
RCSB-4K9V-6AW-KD:S1	RCSB-4K9V-6AW-KD	S1	construct-022-46b8fca0fc9d	46b8fca0fc9ded15fa7688f7d5ca0a1847515ff0884a5e3ba90386ea204f16d2	P08684	4K9V	6AW	SUQJOWRIFVHNKN-WFXMLNOXSA-N	CC[C@@H](CC[C@H](CC)NC(=O)[C@H](CO)NC(=O)N(C)Cc1csc(C(C)C)n1)NC(=O)OCc1cncs1	5.638272163982407	4K9W	65ffa97abe9dca65c85e578160d1ea7b4548cce4fcb79cb20eb098f163bdc997	1	D	4K9W	7AW	30;33;37;56;85;86;88;94;99;100;190;191;193;195;204;221;280;281;284;285;289;349;350;351;352;353;354;422;461;462	30;33;37;56;85;86;88;94;99;100;190;191;193;195;204;221;280;281;284;285;289;349;350;351;352;353;354;422;461;462		fixed_historical_reference_receptor	False	True	False	30.0	256.0	1.0	0.0	0.06666666666666667	0.03333333333333333	0.03333333333333333	0.03333333333333333	0.2	0.03333333333333333	0.0	0.16666666666666666	0.0	0.13333333333333333	0.06666666666666667	0.0	0.0	0.0	0.1	0.03333333333333333	0.06666666666666667	0.0	0.0	0.03333333333333333	0.0	0.6875	0.15234375	0.1484375	0.01171875	0.0	0.0	0.0	10.73574442935269	16.63539057617343	28.36399999999999	26.264	20.435000000000002	7.911441912055355	5.408685448770838	4.838534596425432	0.004597701149425287	0.0367816091954023	0.09425287356321839	0.0735632183908046	0.13333333333333333	0.30344827586206896	0.2160919540229885	0.13793103448275862	0.0	0.135632183908046	3.933333333333333	1.2631530214330944
RCSB-4D7D-PKT-KD:S0	RCSB-4D7D-PKT-KD	S0	construct-022-46b8fca0fc9d	46b8fca0fc9ded15fa7688f7d5ca0a1847515ff0884a5e3ba90386ea204f16d2	P08684	4D7D	PKT	KSORMZFPXQKUAB-FQEVSTJZSA-N	CC(C)(C)OC(=O)N[C@H](CSCCC(=O)NCc1cccnc1)Cc1c[nH]c2ccccc12	6.301029995663981	4D7D	2aa4184262b4699e3da0168aba68d801a5a1d39f2a08011fbe10ce9d7d52b87c	1	A	4K9W	7AW	30;33;37;56;85;86;88;94;99;100;190;191;193;195;204;221;280;281;284;285;289;349;350;351;352;353;354;422;461;462	30;33;37;56;85;86;88;94;99;100;190;191;193;195;204;221;280;281;284;285;289;349;350;351;352;353;354;422;461;462		query_holo_receptor	True	True	False	30.0	256.0	1.0	0.0	0.06666666666666667	0.03333333333333333	0.03333333333333333	0.03333333333333333	0.2	0.03333333333333333	0.0	0.16666666666666666	0.0	0.13333333333333333	0.06666666666666667	0.0	0.0	0.0	0.1	0.03333333333333333	0.06666666666666667	0.0	0.0	0.03333333333333333	0.0	0.6875	0.15234375	0.1484375	0.01171875	0.0	0.0	0.0	10.941226701755705	16.963263768472054	27.23	26.82	24.756	8.079041192115278	5.399702149259772	5.028195685789887	0.004597701149425287	0.04597701149425287	0.06896551724137931	0.08505747126436781	0.135632183908046	0.26436781609195403	0.2367816091954023	0.15862068965517243	0.0	0.11954022988505747	3.466666666666667	1.284090685617215
RCSB-4D7D-PKT-KD:S1	RCSB-4D7D-PKT-KD	S1	construct-022-46b8fca0fc9d	46b8fca0fc9ded15fa7688f7d5ca0a1847515ff0884a5e3ba90386ea204f16d2	P08684	4D7D	PKT	KSORMZFPXQKUAB-FQEVSTJZSA-N	CC(C)(C)OC(=O)N[C@H](CSCCC(=O)NCc1cccnc1)Cc1c[nH]c2ccccc12	6.301029995663981	4K9W	65ffa97abe9dca65c85e578160d1ea7b4548cce4fcb79cb20eb098f163bdc997	1	D	4K9W	7AW	30;33;37;56;85;86;88;94;99;100;190;191;193;195;204;221;280;281;284;285;289;349;350;351;352;353;354;422;461;462	30;33;37;56;85;86;88;94;99;100;190;191;193;195;204;221;280;281;284;285;289;349;350;351;352;353;354;422;461;462		fixed_historical_reference_receptor	False	True	False	30.0	256.0	1.0	0.0	0.06666666666666667	0.03333333333333333	0.03333333333333333	0.03333333333333333	0.2	0.03333333333333333	0.0	0.16666666666666666	0.0	0.13333333333333333	0.06666666666666667	0.0	0.0	0.0	0.1	0.03333333333333333	0.06666666666666667	0.0	0.0	0.03333333333333333	0.0	0.6875	0.15234375	0.1484375	0.01171875	0.0	0.0	0.0	10.73574442935269	16.63539057617343	28.36399999999999	26.264	20.435000000000002	7.911441912055355	5.408685448770838	4.838534596425432	0.004597701149425287	0.0367816091954023	0.09425287356321839	0.0735632183908046	0.13333333333333333	0.30344827586206896	0.2160919540229885	0.13793103448275862	0.0	0.135632183908046	3.933333333333333	1.2631530214330944
RCSB-4D78-J9K-KD:S0	RCSB-4D78-J9K-KD	S0	construct-022-46b8fca0fc9d	46b8fca0fc9ded15fa7688f7d5ca0a1847515ff0884a5e3ba90386ea204f16d2	P08684	4D78	J9K	MVQZDJDMEHCEJW-FQEVSTJZSA-N	CC(C)(C)OC(=O)N[C@H](CSCCC(=O)NCc1cccnc1)Cc1ccccc1	6.045757490560675	4D78	0683f8a92445bfc4749fe56508c7acf886af2752f17f37e53a4928d5f24b0b55	1	A	4K9W	7AW	30;33;37;56;85;86;88;94;99;100;190;191;193;195;204;221;280;281;284;285;289;349;350;351;352;353;354;422;461;462	30;33;37;56;85;86;88;94;99;100;190;191;193;195;204;221;280;281;284;285;289;349;350;351;352;353;354;422;461;462		query_holo_receptor	True	True	False	30.0	256.0	1.0	0.0	0.06666666666666667	0.03333333333333333	0.03333333333333333	0.03333333333333333	0.2	0.03333333333333333	0.0	0.16666666666666666	0.0	0.13333333333333333	0.06666666666666667	0.0	0.0	0.0	0.1	0.03333333333333333	0.06666666666666667	0.0	0.0	0.03333333333333333	0.0	0.6875	0.15234375	0.1484375	0.01171875	0.0	0.0	0.0	10.876303010990195	16.745981993493444	27.743000000000002	27.203999999999997	26.177	8.020900881548712	5.3853371873167095	4.995724133111159	0.004597701149425287	0.03908045977011494	0.08275862068965517	0.08275862068965517	0.135632183908046	0.27586206896551724	0.22758620689655173	0.15172413793103448	0.0	0.12643678160919541	3.6666666666666665	1.1352924243950933
RCSB-4D78-J9K-KD:S1	RCSB-4D78-J9K-KD	S1	construct-022-46b8fca0fc9d	46b8fca0fc9ded15fa7688f7d5ca0a1847515ff0884a5e3ba90386ea204f16d2	P08684	4D78	J9K	MVQZDJDMEHCEJW-FQEVSTJZSA-N	CC(C)(C)OC(=O)N[C@H](CSCCC(=O)NCc1cccnc1)Cc1ccccc1	6.045757490560675	4K9W	65ffa97abe9dca65c85e578160d1ea7b4548cce4fcb79cb20eb098f163bdc997	1	D	4K9W	7AW	30;33;37;56;85;86;88;94;99;100;190;191;193;195;204;221;280;281;284;285;289;349;350;351;352;353;354;422;461;462	30;33;37;56;85;86;88;94;99;100;190;191;193;195;204;221;280;281;284;285;289;349;350;351;352;353;354;422;461;462		fixed_historical_reference_receptor	False	True	False	30.0	256.0	1.0	0.0	0.06666666666666667	0.03333333333333333	0.03333333333333333	0.03333333333333333	0.2	0.03333333333333333	0.0	0.16666666666666666	0.0	0.13333333333333333	0.06666666666666667	0.0	0.0	0.0	0.1	0.03333333333333333	0.06666666666666667	0.0	0.0	0.03333333333333333	0.0	0.6875	0.15234375	0.1484375	0.01171875	0.0	0.0	0.0	10.73574442935269	16.63539057617343	28.36399999999999	26.264	20.435000000000002	7.911441912055355	5.408685448770838	4.838534596425432	0.004597701149425287	0.0367816091954023	0.09425287356321839	0.0735632183908046	0.13333333333333333	0.30344827586206896	0.2160919540229885	0.13793103448275862	0.0	0.135632183908046	3.933333333333333	1.2631530214330944
RCSB-188L-OXE-KD:S0	RCSB-188L-OXE-KD	S0	construct-023-68918bffe9f0	68918bffe9f0b52d1d25109d9df34081cac2a3c0e84ad22585b5167bae6d0489	P00720	188L	OXE	CTQNGGLPUBDAKN-UHFFFAOYSA-N	Cc1ccccc1C	3.327902142064283	188L	f2ca8ec11064b6f624dd066c7d92ffc858d3784614a80a6e81800670a567428d	1	A	182L	BZF	78;84;85;87;88;91;98;99;100;102;103;111;118;121;133;153	78;84;85;87;88;91;98;99;100;102;103;111;118;121;133;153		query_holo_receptor	True	True	False	16.0	127.0	1.0	0.0	0.125	0.0	0.0	0.0	0.0625	0.0	0.0	0.125	0.0625	0.3125	0.0625	0.0	0.0	0.0	0.0	0.0	0.0	0.1875	0.0	0.0625	0.0	0.7244094488188977	0.13385826771653545	0.13385826771653545	0.007874015748031496	0.0	0.0	0.0	7.596703037061149	12.929452897417914	19.057000000000002	18.421	17.332	5.135384766832478	4.306337508325276	3.5767551767307006	0.016666666666666666	0.09166666666666666	0.2	0.15833333333333333	0.26666666666666666	0.23333333333333334	0.03333333333333333	0.0	0.0	0.30833333333333335	4.625	1.6153559979150107
RCSB-188L-OXE-KD:S1	RCSB-188L-OXE-KD	S1	construct-023-68918bffe9f0	68918bffe9f0b52d1d25109d9df34081cac2a3c0e84ad22585b5167bae6d0489	P00720	188L	OXE	CTQNGGLPUBDAKN-UHFFFAOYSA-N	Cc1ccccc1C	3.327902142064283	182L	f8ca7c88f6c2540d056bba5faaeda274daa90c7bac4e86722d96046f88ae0365	1	A	182L	BZF	78;84;85;87;88;91;98;99;100;102;103;111;118;121;133;153	78;84;85;87;88;91;98;99;100;102;103;111;118;121;133;153		fixed_historical_reference_receptor	False	True	False	16.0	127.0	1.0	0.0	0.125	0.0	0.0	0.0	0.0625	0.0	0.0	0.125	0.0625	0.3125	0.0625	0.0	0.0	0.0	0.0	0.0	0.0	0.1875	0.0	0.0625	0.0	0.7244094488188977	0.13385826771653545	0.13385826771653545	0.007874015748031496	0.0	0.0	0.0	7.570505068750035	12.661078536708137	18.639	18.469	16.845000000000002	5.145726935562899	4.282083256890845	3.5352233708278686	0.008333333333333333	0.1	0.20833333333333334	0.15	0.275	0.225	0.03333333333333333	0.0	0.0	0.31666666666666665	4.75	1.5206906325745548
RCSB-183L-DEN-KD:S0	RCSB-183L-DEN-KD	S0	construct-023-68918bffe9f0	68918bffe9f0b52d1d25109d9df34081cac2a3c0e84ad22585b5167bae6d0489	P00720	183L	DEN	YBYIRNPNPLQARY-UHFFFAOYSA-N	C1=Cc2ccccc2C1	3.714442690992226	183L	f92bec0b24bcf7baeeb183011c2c5d8e00cc0d19a444487d6987ac083a3b1ea2	1	A	182L	BZF	78;84;85;87;88;91;98;99;100;102;103;111;118;121;133;153	78;84;85;87;88;91;98;99;100;102;103;111;118;121;133;153		query_holo_receptor	True	True	False	16.0	127.0	1.0	0.0	0.125	0.0	0.0	0.0	0.0625	0.0	0.0	0.125	0.0625	0.3125	0.0625	0.0	0.0	0.0	0.0	0.0	0.0	0.1875	0.0	0.0625	0.0	0.7244094488188977	0.13385826771653545	0.13385826771653545	0.007874015748031496	0.0	0.0	0.0	7.595497284873849	12.908033639420793	18.929000000000002	18.482	17.047	5.137877176702147	4.3086354347944	3.5678365730065664	0.008333333333333333	0.1	0.2	0.15	0.275	0.23333333333333334	0.03333333333333333	0.0	0.0	0.30833333333333335	4.625	1.6153559979150107
RCSB-183L-DEN-KD:S1	RCSB-183L-DEN-KD	S1	construct-023-68918bffe9f0	68918bffe9f0b52d1d25109d9df34081cac2a3c0e84ad22585b5167bae6d0489	P00720	183L	DEN	YBYIRNPNPLQARY-UHFFFAOYSA-N	C1=Cc2ccccc2C1	3.714442690992226	182L	f8ca7c88f6c2540d056bba5faaeda274daa90c7bac4e86722d96046f88ae0365	1	A	182L	BZF	78;84;85;87;88;91;98;99;100;102;103;111;118;121;133;153	78;84;85;87;88;91;98;99;100;102;103;111;118;121;133;153		fixed_historical_reference_receptor	False	True	False	16.0	127.0	1.0	0.0	0.125	0.0	0.0	0.0	0.0625	0.0	0.0	0.125	0.0625	0.3125	0.0625	0.0	0.0	0.0	0.0	0.0	0.0	0.1875	0.0	0.0625	0.0	0.7244094488188977	0.13385826771653545	0.13385826771653545	0.007874015748031496	0.0	0.0	0.0	7.570505068750035	12.661078536708137	18.639	18.469	16.845000000000002	5.145726935562899	4.282083256890845	3.5352233708278686	0.008333333333333333	0.1	0.20833333333333334	0.15	0.275	0.225	0.03333333333333333	0.0	0.0	0.31666666666666665	4.75	1.5206906325745548
RCSB-185L-IND-KD:S0	RCSB-185L-IND-KD	S0	construct-023-68918bffe9f0	68918bffe9f0b52d1d25109d9df34081cac2a3c0e84ad22585b5167bae6d0489	P00720	185L	IND	SIKJAQJRHWYJAI-UHFFFAOYSA-N	c1ccc2[nH]ccc2c1	3.5376020021010435	185L	cd09f1ed0e01e4d8c972b0c434d719d8735e4f8f3142d6f7d77ca3ead6d8a006	1	A	182L	BZF	78;84;85;87;88;91;98;99;100;102;103;111;118;121;133;153	78;84;85;87;88;91;98;99;100;102;103;111;118;121;133;153		query_holo_receptor	True	True	False	16.0	127.0	1.0	0.0	0.125	0.0	0.0	0.0	0.0625	0.0	0.0	0.125	0.0625	0.3125	0.0625	0.0	0.0	0.0	0.0	0.0	0.0	0.1875	0.0	0.0625	0.0	0.7244094488188977	0.13385826771653545	0.13385826771653545	0.007874015748031496	0.0	0.0	0.0	7.570794208436384	12.688689460568186	18.801000000000002	18.436	16.480999999999998	5.153336613718575	4.277823793978305	3.529910803387889	0.008333333333333333	0.10833333333333334	0.2	0.15	0.275	0.225	0.03333333333333333	0.0	0.0	0.31666666666666665	4.75	1.5206906325745548
RCSB-185L-IND-KD:S1	RCSB-185L-IND-KD	S1	construct-023-68918bffe9f0	68918bffe9f0b52d1d25109d9df34081cac2a3c0e84ad22585b5167bae6d0489	P00720	185L	IND	SIKJAQJRHWYJAI-UHFFFAOYSA-N	c1ccc2[nH]ccc2c1	3.5376020021010435	182L	f8ca7c88f6c2540d056bba5faaeda274daa90c7bac4e86722d96046f88ae0365	1	A	182L	BZF	78;84;85;87;88;91;98;99;100;102;103;111;118;121;133;153	78;84;85;87;88;91;98;99;100;102;103;111;118;121;133;153		fixed_historical_reference_receptor	False	True	False	16.0	127.0	1.0	0.0	0.125	0.0	0.0	0.0	0.0625	0.0	0.0	0.125	0.0625	0.3125	0.0625	0.0	0.0	0.0	0.0	0.0	0.0	0.1875	0.0	0.0625	0.0	0.7244094488188977	0.13385826771653545	0.13385826771653545	0.007874015748031496	0.0	0.0	0.0	7.570505068750035	12.661078536708137	18.639	18.469	16.845000000000002	5.145726935562899	4.282083256890845	3.5352233708278686	0.008333333333333333	0.1	0.20833333333333334	0.15	0.275	0.225	0.03333333333333333	0.0	0.0	0.31666666666666665	4.75	1.5206906325745548
RCSB-184L-I4B-KD:S0	RCSB-184L-I4B-KD	S0	construct-023-68918bffe9f0	68918bffe9f0b52d1d25109d9df34081cac2a3c0e84ad22585b5167bae6d0489	P00720	184L	I4B	KXUHSQYYJYAXGZ-UHFFFAOYSA-N	CC(C)Cc1ccccc1	4.721246399047171	184L	416729912974656548d39e303593d1e1c9b82f7fe3d3ab9cb02c3db45e7f0863	1	A	182L	BZF	78;84;85;87;88;91;98;99;100;102;103;111;118;121;133;153	78;84;85;87;88;91;98;99;100;102;103;111;118;121;133;153		query_holo_receptor	True	True	False	16.0	127.0	1.0	0.0	0.125	0.0	0.0	0.0	0.0625	0.0	0.0	0.125	0.0625	0.3125	0.0625	0.0	0.0	0.0	0.0	0.0	0.0	0.1875	0.0	0.0625	0.0	0.7244094488188977	0.13385826771653545	0.13385826771653545	0.007874015748031496	0.0	0.0	0.0	7.614646308895301	12.758878750438056	19.158	18.445	16.967000000000002	5.1259661245324235	4.317877836824139	3.614310540889057	0.008333333333333333	0.1	0.2	0.13333333333333333	0.2833333333333333	0.24166666666666667	0.03333333333333333	0.0	0.0	0.30833333333333335	4.625	1.6153559979150107
RCSB-184L-I4B-KD:S1	RCSB-184L-I4B-KD	S1	construct-023-68918bffe9f0	68918bffe9f0b52d1d25109d9df34081cac2a3c0e84ad22585b5167bae6d0489	P00720	184L	I4B	KXUHSQYYJYAXGZ-UHFFFAOYSA-N	CC(C)Cc1ccccc1	4.721246399047171	182L	f8ca7c88f6c2540d056bba5faaeda274daa90c7bac4e86722d96046f88ae0365	1	A	182L	BZF	78;84;85;87;88;91;98;99;100;102;103;111;118;121;133;153	78;84;85;87;88;91;98;99;100;102;103;111;118;121;133;153		fixed_historical_reference_receptor	False	True	False	16.0	127.0	1.0	0.0	0.125	0.0	0.0	0.0	0.0625	0.0	0.0	0.125	0.0625	0.3125	0.0625	0.0	0.0	0.0	0.0	0.0	0.0	0.1875	0.0	0.0625	0.0	0.7244094488188977	0.13385826771653545	0.13385826771653545	0.007874015748031496	0.0	0.0	0.0	7.570505068750035	12.661078536708137	18.639	18.469	16.845000000000002	5.145726935562899	4.282083256890845	3.5352233708278686	0.008333333333333333	0.1	0.20833333333333334	0.15	0.275	0.225	0.03333333333333333	0.0	0.0	0.31666666666666665	4.75	1.5206906325745548
RCSB-4MP7-PFT-KD:S0	RCSB-4MP7-PFT-KD	S0	construct-026-997c3e281e6e	997c3e281e6e11dac489ba593cb5a0984827e53dbec97b282c143a25a519a182	Q15119	4MP7	PFT	FYANAIGOGAIFAF-UHFFFAOYSA-N	O=C(c1ccc(O)cc1O)N1Cc2ccccc2C1	5.738261452647462	4MP7	7458b1273b8c48f8a1974f6770c6ba1f2fe8a07d2f7d5079e29f704daf75f03e	1	A	4MPC	PV2	244;245;246;248;249;251;252;253;255;256;281;283;285;286;287;288;293;296;323;339;341;346;347;349	244;245;246;248;249;251;252;253;255;256;281;283;285;286;287;288;293;296;323;339;341;346;347;349		query_holo_receptor	True	True	False	24.0	168.0	1.0	0.0	0.125	0.0	0.041666666666666664	0.08333333333333333	0.041666666666666664	0.16666666666666666	0.0	0.041666666666666664	0.0	0.16666666666666666	0.041666666666666664	0.041666666666666664	0.0	0.0	0.041666666666666664	0.08333333333333333	0.08333333333333333	0.041666666666666664	0.0	0.0	0.0	0.6190476190476191	0.16666666666666666	0.20833333333333334	0.005952380952380952	0.0	0.0	0.0	8.351904822814937	12.582900573025304	19.897	19.795	19.006	5.503906048206984	4.843169038751542	4.000630705769839	0.018115942028985508	0.11956521739130435	0.14492753623188406	0.15579710144927536	0.17028985507246377	0.30434782608695654	0.08695652173913043	0.0	0.0	0.2826086956521739	6.5	2.23606797749979
RCSB-4MP7-PFT-KD:S1	RCSB-4MP7-PFT-KD	S1	construct-026-997c3e281e6e	997c3e281e6e11dac489ba593cb5a0984827e53dbec97b282c143a25a519a182	Q15119	4MP7	PFT	FYANAIGOGAIFAF-UHFFFAOYSA-N	O=C(c1ccc(O)cc1O)N1Cc2ccccc2C1	5.738261452647462	4MPC	e5e7d88e002b79bb30aeee466dc2238ad25152ca410d71207edac13e631be966	1	A	4MPC	PV2	244;245;246;248;249;251;252;253;255;256;281;283;285;286;287;288;293;296;323;339;341;346;347;349	244;245;246;248;249;251;252;253;255;256;281;283;285;286;287;288;293;296;323;339;341;346;347;349		fixed_historical_reference_receptor	False	True	False	24.0	168.0	1.0	0.0	0.125	0.0	0.041666666666666664	0.08333333333333333	0.041666666666666664	0.16666666666666666	0.0	0.041666666666666664	0.0	0.16666666666666666	0.041666666666666664	0.041666666666666664	0.0	0.0	0.041666666666666664	0.08333333333333333	0.08333333333333333	0.041666666666666664	0.0	0.0	0.0	0.6190476190476191	0.16666666666666666	0.20833333333333334	0.005952380952380952	0.0	0.0	0.0	8.380418932569366	12.630137349255595	19.991999999999997	19.623	19.189	5.510790986833228	4.898484396844222	3.983397394019134	0.018115942028985508	0.12318840579710146	0.14130434782608695	0.14130434782608695	0.17753623188405798	0.30434782608695654	0.09420289855072464	0.0	0.0	0.2826086956521739	6.5	2.23606797749979
RCSB-4MPE-PV8-KD:S0	RCSB-4MPE-PV8-KD	S0	construct-026-997c3e281e6e	997c3e281e6e11dac489ba593cb5a0984827e53dbec97b282c143a25a519a182	Q15119	4MPE	PV8	WRKXOYGLVREKOE-UHFFFAOYSA-N	O=S(=O)(c1ccc(O)cc1O)N1Cc2ccc(O)cc2C1	6.370590400897282	4MPE	736645b651cdccfdb25ed889d8299bb0485e15d09a868a0e295961513cdd7eea	1	A	4MPC	PV2	244;245;246;248;249;251;252;253;255;256;281;283;285;286;287;288;293;296;323;339;341;346;347;349	244;245;246;248;249;251;252;253;255;256;281;283;285;286;287;288;293;296;323;339;341;346;347;349		query_holo_receptor	True	True	False	24.0	168.0	1.0	0.0	0.125	0.0	0.041666666666666664	0.08333333333333333	0.041666666666666664	0.16666666666666666	0.0	0.041666666666666664	0.0	0.16666666666666666	0.041666666666666664	0.041666666666666664	0.0	0.0	0.041666666666666664	0.08333333333333333	0.08333333333333333	0.041666666666666664	0.0	0.0	0.0	0.6190476190476191	0.16666666666666666	0.20833333333333334	0.005952380952380952	0.0	0.0	0.0	8.395819649095886	12.595539773338814	20.025	19.779	19.213	5.531265806982288	4.897893978169459	3.9881726055004822	0.018115942028985508	0.11956521739130435	0.14492753623188406	0.14855072463768115	0.17028985507246377	0.3007246376811594	0.09782608695652174	0.0	0.0	0.2826086956521739	6.5	2.23606797749979
RCSB-4MPE-PV8-KD:S1	RCSB-4MPE-PV8-KD	S1	construct-026-997c3e281e6e	997c3e281e6e11dac489ba593cb5a0984827e53dbec97b282c143a25a519a182	Q15119	4MPE	PV8	WRKXOYGLVREKOE-UHFFFAOYSA-N	O=S(=O)(c1ccc(O)cc1O)N1Cc2ccc(O)cc2C1	6.370590400897282	4MPC	e5e7d88e002b79bb30aeee466dc2238ad25152ca410d71207edac13e631be966	1	A	4MPC	PV2	244;245;246;248;249;251;252;253;255;256;281;283;285;286;287;288;293;296;323;339;341;346;347;349	244;245;246;248;249;251;252;253;255;256;281;283;285;286;287;288;293;296;323;339;341;346;347;349		fixed_historical_reference_receptor	False	True	False	24.0	168.0	1.0	0.0	0.125	0.0	0.041666666666666664	0.08333333333333333	0.041666666666666664	0.16666666666666666	0.0	0.041666666666666664	0.0	0.16666666666666666	0.041666666666666664	0.041666666666666664	0.0	0.0	0.041666666666666664	0.08333333333333333	0.08333333333333333	0.041666666666666664	0.0	0.0	0.0	0.6190476190476191	0.16666666666666666	0.20833333333333334	0.005952380952380952	0.0	0.0	0.0	8.380418932569366	12.630137349255595	19.991999999999997	19.623	19.189	5.510790986833228	4.898484396844222	3.983397394019134	0.018115942028985508	0.12318840579710146	0.14130434782608695	0.14130434782608695	0.17753623188405798	0.30434782608695654	0.09420289855072464	0.0	0.0	0.2826086956521739	6.5	2.23606797749979
RCSB-4MP2-PV1-KD:S0	RCSB-4MP2-PV1-KD	S0	construct-026-997c3e281e6e	997c3e281e6e11dac489ba593cb5a0984827e53dbec97b282c143a25a519a182	Q15119	4MP2	PV1	OTKZPCDLOLLPPV-UHFFFAOYSA-N	O=C(c1cc(Br)c(O)cc1O)N1Cc2ccccc2C1	5.447331783887806	4MP2	5d50205acb9222d8a62a06b5829d47b9aadb0a16c035ccef931469e3f218b112	1	A	4MPC	PV2	244;245;246;248;249;251;252;253;255;256;281;283;285;286;287;288;293;296;323;339;341;346;347;349	244;245;246;248;249;251;252;253;255;256;281;283;285;286;287;288;293;296;323;339;341;346;347;349		query_holo_receptor	True	True	False	24.0	168.0	1.0	0.0	0.125	0.0	0.041666666666666664	0.08333333333333333	0.041666666666666664	0.16666666666666666	0.0	0.041666666666666664	0.0	0.16666666666666666	0.041666666666666664	0.041666666666666664	0.0	0.0	0.041666666666666664	0.08333333333333333	0.08333333333333333	0.041666666666666664	0.0	0.0	0.0	0.6190476190476191	0.16666666666666666	0.20833333333333334	0.005952380952380952	0.0	0.0	0.0	8.351579349612003	12.818799308065778	20.268	19.893	19.056	5.549861074874904	4.881304927242436	3.888544957915839	0.018115942028985508	0.11956521739130435	0.14130434782608695	0.15579710144927536	0.17753623188405798	0.2898550724637681	0.09782608695652174	0.0	0.0	0.27898550724637683	6.416666666666667	2.289771944005681
RCSB-4MP2-PV1-KD:S1	RCSB-4MP2-PV1-KD	S1	construct-026-997c3e281e6e	997c3e281e6e11dac489ba593cb5a0984827e53dbec97b282c143a25a519a182	Q15119	4MP2	PV1	OTKZPCDLOLLPPV-UHFFFAOYSA-N	O=C(c1cc(Br)c(O)cc1O)N1Cc2ccccc2C1	5.447331783887806	4MPC	e5e7d88e002b79bb30aeee466dc2238ad25152ca410d71207edac13e631be966	1	A	4MPC	PV2	244;245;246;248;249;251;252;253;255;256;281;283;285;286;287;288;293;296;323;339;341;346;347;349	244;245;246;248;249;251;252;253;255;256;281;283;285;286;287;288;293;296;323;339;341;346;347;349		fixed_historical_reference_receptor	False	True	False	24.0	168.0	1.0	0.0	0.125	0.0	0.041666666666666664	0.08333333333333333	0.041666666666666664	0.16666666666666666	0.0	0.041666666666666664	0.0	0.16666666666666666	0.041666666666666664	0.041666666666666664	0.0	0.0	0.041666666666666664	0.08333333333333333	0.08333333333333333	0.041666666666666664	0.0	0.0	0.0	0.6190476190476191	0.16666666666666666	0.20833333333333334	0.005952380952380952	0.0	0.0	0.0	8.380418932569366	12.630137349255595	19.991999999999997	19.623	19.189	5.510790986833228	4.898484396844222	3.983397394019134	0.018115942028985508	0.12318840579710146	0.14130434782608695	0.14130434782608695	0.17753623188405798	0.30434782608695654	0.09420289855072464	0.0	0.0	0.2826086956521739	6.5	2.23606797749979
RCSB-5J71-P35-KD:S0	RCSB-5J71-P35-KD	S0	construct-026-997c3e281e6e	997c3e281e6e11dac489ba593cb5a0984827e53dbec97b282c143a25a519a182	Q15119	5J71	P35	HQHMYMINMCVYMC-UHFFFAOYSA-N	O=S(=O)(c1ccc(O)cc1O)N1Cc2ccc(NC3CCNCC3)cc2C1	6.958607314841775	5J71	12e25ca73794dd8563fb9fffc35a7954895218401d133a08d0dd6b390af59d7a	1	A	4MPC	PV2	244;245;246;248;249;251;252;253;255;256;281;283;285;286;287;288;293;296;323;339;341;346;347;349	244;245;246;248;249;251;252;253;255;256;281;283;285;286;287;288;293;296;323;339;341;346;347;349		query_holo_receptor	True	True	False	24.0	168.0	1.0	0.0	0.125	0.0	0.041666666666666664	0.08333333333333333	0.041666666666666664	0.16666666666666666	0.0	0.041666666666666664	0.0	0.16666666666666666	0.041666666666666664	0.041666666666666664	0.0	0.0	0.041666666666666664	0.08333333333333333	0.08333333333333333	0.041666666666666664	0.0	0.0	0.0	0.6190476190476191	0.16666666666666666	0.20833333333333334	0.005952380952380952	0.0	0.0	0.0	8.387357656276153	12.653210720358734	20.012	19.750999999999998	19.139	5.534893362920381	4.883513143830511	3.9829666442777034	0.018115942028985508	0.12318840579710146	0.14130434782608695	0.13768115942028986	0.17391304347826086	0.3115942028985507	0.09420289855072464	0.0	0.0	0.2826086956521739	6.5	2.23606797749979
RCSB-5J71-P35-KD:S1	RCSB-5J71-P35-KD	S1	construct-026-997c3e281e6e	997c3e281e6e11dac489ba593cb5a0984827e53dbec97b282c143a25a519a182	Q15119	5J71	P35	HQHMYMINMCVYMC-UHFFFAOYSA-N	O=S(=O)(c1ccc(O)cc1O)N1Cc2ccc(NC3CCNCC3)cc2C1	6.958607314841775	4MPC	e5e7d88e002b79bb30aeee466dc2238ad25152ca410d71207edac13e631be966	1	A	4MPC	PV2	244;245;246;248;249;251;252;253;255;256;281;283;285;286;287;288;293;296;323;339;341;346;347;349	244;245;246;248;249;251;252;253;255;256;281;283;285;286;287;288;293;296;323;339;341;346;347;349		fixed_historical_reference_receptor	False	True	False	24.0	168.0	1.0	0.0	0.125	0.0	0.041666666666666664	0.08333333333333333	0.041666666666666664	0.16666666666666666	0.0	0.041666666666666664	0.0	0.16666666666666666	0.041666666666666664	0.041666666666666664	0.0	0.0	0.041666666666666664	0.08333333333333333	0.08333333333333333	0.041666666666666664	0.0	0.0	0.0	0.6190476190476191	0.16666666666666666	0.20833333333333334	0.005952380952380952	0.0	0.0	0.0	8.380418932569366	12.630137349255595	19.991999999999997	19.623	19.189	5.510790986833228	4.898484396844222	3.983397394019134	0.018115942028985508	0.12318840579710146	0.14130434782608695	0.14130434782608695	0.17753623188405798	0.30434782608695654	0.09420289855072464	0.0	0.0	0.2826086956521739	6.5	2.23606797749979
RCSB-5E73-UO1-KD:S0	RCSB-5E73-UO1-KD	S0	construct-027-baf0440a45db	baf0440a45dbe76a30c76e6114506b8d464552e80483a38a66f97c77a6b87031	Q9UIF8	5E73	UO1	NXETYAFZIDRMKK-UHFFFAOYSA-N	CC(=O)N(c1cc(O)ccc1C)c1cn(C(C)=O)c2ccccc12	4.638272163982407	5E73	9be6e4ffa0fc1ef53a0ad408183e85c9d643601244e9f17bf66ba50d9fd563ec	1	A	5E74	5KH	32;33;34;35;36;37;38;39;42;43;46;81;84;85;88;89;95	32;33;34;35;36;37;38;39;42;43;46;81;84;85;88;89;95		query_holo_receptor	True	True	False	17.0	145.0	1.0	0.0	0.0	0.058823529411764705	0.0	0.0	0.11764705882352941	0.0	0.0	0.058823529411764705	0.0	0.17647058823529413	0.0	0.17647058823529413	0.11764705882352941	0.0	0.0	0.0	0.0	0.17647058823529413	0.058823529411764705	0.058823529411764705	0.0	0.7034482758620689	0.14482758620689656	0.14482758620689656	0.006896551724137931	0.0	0.0	0.0	8.106963635915402	13.394178554020382	19.621000000000002	18.560000000000002	16.889	5.4279311906261904	4.91159470661583	3.483770919826014	0.014705882352941176	0.11764705882352941	0.125	0.15441176470588236	0.17647058823529413	0.35294117647058826	0.058823529411764705	0.0	0.0	0.25735294117647056	4.117647058823529	1.0222439527636922
RCSB-5E73-UO1-KD:S1	RCSB-5E73-UO1-KD	S1	construct-027-baf0440a45db	baf0440a45dbe76a30c76e6114506b8d464552e80483a38a66f97c77a6b87031	Q9UIF8	5E73	UO1	NXETYAFZIDRMKK-UHFFFAOYSA-N	CC(=O)N(c1cc(O)ccc1C)c1cn(C(C)=O)c2ccccc12	4.638272163982407	5E74	d8d7df4304f5acd52cb2fbf4fd5ee391779daff505c02f352d5ca92a142dfdbf	1	A	5E74	5KH	32;33;34;35;36;37;38;39;42;43;46;81;84;85;88;89;95	32;33;34;35;36;37;38;39;42;43;46;81;84;85;88;89;95		fixed_historical_reference_receptor	False	True	False	17.0	145.0	1.0	0.0	0.0	0.058823529411764705	0.0	0.0	0.11764705882352941	0.0	0.0	0.058823529411764705	0.0	0.17647058823529413	0.0	0.17647058823529413	0.11764705882352941	0.0	0.0	0.0	0.0	0.17647058823529413	0.058823529411764705	0.058823529411764705	0.0	0.7034482758620689	0.14482758620689656	0.14482758620689656	0.006896551724137931	0.0	0.0	0.0	8.139032008570059	13.375333909000753	19.708000000000002	18.492	17.446	5.408180961484661	4.976331846458348	3.497362160012492	0.014705882352941176	0.11029411764705882	0.1323529411764706	0.15441176470588236	0.16911764705882354	0.34558823529411764	0.07352941176470588	0.0	0.0	0.25735294117647056	4.117647058823529	1.0222439527636922
RCSB-5MGE-7MX-KD:S0	RCSB-5MGE-7MX-KD	S0	construct-027-baf0440a45db	baf0440a45dbe76a30c76e6114506b8d464552e80483a38a66f97c77a6b87031	Q9UIF8	5MGE	7MX	WGSWOEOJYNQPRP-UHFFFAOYSA-N	CCOC(=O)c1cn(C)c(=O)cc1Cl	4.060480747381382	5MGE	aff1f9a02cdb0d9442f2730a3a86814c9845c391d1fe9f79599ec179ab419bc3	1	A	5E74	5KH	32;33;34;35;36;37;38;39;42;43;46;81;84;85;88;89;95	32;33;34;35;36;37;38;39;42;43;46;81;84;85;88;89;95		query_holo_receptor	True	True	False	17.0	145.0	1.0	0.0	0.0	0.058823529411764705	0.0	0.0	0.11764705882352941	0.0	0.0	0.058823529411764705	0.0	0.17647058823529413	0.0	0.17647058823529413	0.11764705882352941	0.0	0.0	0.0	0.0	0.17647058823529413	0.058823529411764705	0.058823529411764705	0.0	0.7034482758620689	0.14482758620689656	0.14482758620689656	0.006896551724137931	0.0	0.0	0.0	8.063952209735849	13.010031486900063	19.113	18.701	17.166	5.254059584995486	4.9930684722865175	3.5343245959135037	0.014705882352941176	0.11764705882352941	0.125	0.14705882352941177	0.20588235294117646	0.3382352941176471	0.051470588235294115	0.0	0.0	0.25735294117647056	4.117647058823529	1.0222439527636922
RCSB-5MGE-7MX-KD:S1	RCSB-5MGE-7MX-KD	S1	construct-027-baf0440a45db	baf0440a45dbe76a30c76e6114506b8d464552e80483a38a66f97c77a6b87031	Q9UIF8	5MGE	7MX	WGSWOEOJYNQPRP-UHFFFAOYSA-N	CCOC(=O)c1cn(C)c(=O)cc1Cl	4.060480747381382	5E74	d8d7df4304f5acd52cb2fbf4fd5ee391779daff505c02f352d5ca92a142dfdbf	1	A	5E74	5KH	32;33;34;35;36;37;38;39;42;43;46;81;84;85;88;89;95	32;33;34;35;36;37;38;39;42;43;46;81;84;85;88;89;95		fixed_historical_reference_receptor	False	True	False	17.0	145.0	1.0	0.0	0.0	0.058823529411764705	0.0	0.0	0.11764705882352941	0.0	0.0	0.058823529411764705	0.0	0.17647058823529413	0.0	0.17647058823529413	0.11764705882352941	0.0	0.0	0.0	0.0	0.17647058823529413	0.058823529411764705	0.058823529411764705	0.0	0.7034482758620689	0.14482758620689656	0.14482758620689656	0.006896551724137931	0.0	0.0	0.0	8.139032008570059	13.375333909000753	19.708000000000002	18.492	17.446	5.408180961484661	4.976331846458348	3.497362160012492	0.014705882352941176	0.11029411764705882	0.1323529411764706	0.15441176470588236	0.16911764705882354	0.34558823529411764	0.07352941176470588	0.0	0.0	0.25735294117647056	4.117647058823529	1.0222439527636922
RCSB-5MGF-7MW-KD:S0	RCSB-5MGF-7MW-KD	S0	construct-027-baf0440a45db	baf0440a45dbe76a30c76e6114506b8d464552e80483a38a66f97c77a6b87031	Q9UIF8	5MGF	7MW	GMDIDIYLWBUNEW-UHFFFAOYSA-N	CCC(=O)c1c[nH]c(C(=O)OC)c1	4.267606240177032	5MGF	7af284355a1e2c65bd38bc24379917f0c774011c0a32f1f4eb41d4a59e11e617	1	A	5E74	5KH	32;33;34;35;36;37;38;39;42;43;46;81;84;85;88;89;95	32;33;34;35;36;37;38;39;42;43;46;81;84;85;88;89;95		query_holo_receptor	True	True	False	17.0	145.0	1.0	0.0	0.0	0.058823529411764705	0.0	0.0	0.11764705882352941	0.0	0.0	0.058823529411764705	0.0	0.17647058823529413	0.0	0.17647058823529413	0.11764705882352941	0.0	0.0	0.0	0.0	0.17647058823529413	0.058823529411764705	0.058823529411764705	0.0	0.7034482758620689	0.14482758620689656	0.14482758620689656	0.006896551724137931	0.0	0.0	0.0	8.062527618144403	12.914794345744173	19.327	18.489	17.275	5.262861338793128	4.990813199495736	3.521139833877236	0.014705882352941176	0.11029411764705882	0.1323529411764706	0.15441176470588236	0.19852941176470587	0.33088235294117646	0.058823529411764705	0.0	0.0	0.25735294117647056	4.117647058823529	1.0222439527636922
RCSB-5MGF-7MW-KD:S1	RCSB-5MGF-7MW-KD	S1	construct-027-baf0440a45db	baf0440a45dbe76a30c76e6114506b8d464552e80483a38a66f97c77a6b87031	Q9UIF8	5MGF	7MW	GMDIDIYLWBUNEW-UHFFFAOYSA-N	CCC(=O)c1c[nH]c(C(=O)OC)c1	4.267606240177032	5E74	d8d7df4304f5acd52cb2fbf4fd5ee391779daff505c02f352d5ca92a142dfdbf	1	A	5E74	5KH	32;33;34;35;36;37;38;39;42;43;46;81;84;85;88;89;95	32;33;34;35;36;37;38;39;42;43;46;81;84;85;88;89;95		fixed_historical_reference_receptor	False	True	False	17.0	145.0	1.0	0.0	0.0	0.058823529411764705	0.0	0.0	0.11764705882352941	0.0	0.0	0.058823529411764705	0.0	0.17647058823529413	0.0	0.17647058823529413	0.11764705882352941	0.0	0.0	0.0	0.0	0.17647058823529413	0.058823529411764705	0.058823529411764705	0.0	0.7034482758620689	0.14482758620689656	0.14482758620689656	0.006896551724137931	0.0	0.0	0.0	8.139032008570059	13.375333909000753	19.708000000000002	18.492	17.446	5.408180961484661	4.976331846458348	3.497362160012492	0.014705882352941176	0.11029411764705882	0.1323529411764706	0.15441176470588236	0.16911764705882354	0.34558823529411764	0.07352941176470588	0.0	0.0	0.25735294117647056	4.117647058823529	1.0222439527636922
RCSB-5X4O-YAM-KD:S0	RCSB-5X4O-YAM-KD	S0	construct-028-c2d68d73bda9	c2d68d73bda977efa2d54d77956afe6558025a234f1ccc3fef8ece4a522db925	P41182	5X4O	YAM	MZDKLVOWGIOKTN-UHFFFAOYSA-N	CN(c1ncccc1CNc1nc(Nc2ccc3c(c2)CC(=O)N3)ncc1C(F)(F)F)S(C)(=O)=O	4.055517327849832	5X4O	c76f0de0d2d1c88aea2910cc70ffb7221df6954530e4b05b57205106026b677c	1	A	5X4M	7ZF	32;33;34;35;36;37;40;42	32;33;34;35;36;37;40;42		query_holo_receptor	True	True	False	8.0	70.0	1.0	0.0	0.0	0.0	0.0	0.0	0.0	0.0	0.0	0.125	0.0	0.375	0.0	0.25	0.0	0.0	0.25	0.0	0.0	0.0	0.0	0.0	0.0	0.6285714285714286	0.22857142857142856	0.14285714285714285	0.0	0.0	0.0	0.0	5.613945963820268	8.461546286475254	15.174000000000003	11.851	10.113	4.266387864178901	2.910106842149601	2.2012728236988153	0.0	0.35714285714285715	0.2857142857142857	0.17857142857142858	0.14285714285714285	0.03571428571428571	0.0	0.0	0.0	0.6428571428571429	4.5	1.3228756555322954
RCSB-5X4O-YAM-KD:S1	RCSB-5X4O-YAM-KD	S1	construct-028-c2d68d73bda9	c2d68d73bda977efa2d54d77956afe6558025a234f1ccc3fef8ece4a522db925	P41182	5X4O	YAM	MZDKLVOWGIOKTN-UHFFFAOYSA-N	CN(c1ncccc1CNc1nc(Nc2ccc3c(c2)CC(=O)N3)ncc1C(F)(F)F)S(C)(=O)=O	4.055517327849832	5X4M	7f768b296db0d2591e6ef0be430c7ae87a31b8b832770ddd81f1032c3d146039	1	A	5X4M	7ZF	32;33;34;35;36;37;40;42	32;33;34;35;36;37;40;42		fixed_historical_reference_receptor	False	True	False	8.0	70.0	1.0	0.0	0.0	0.0	0.0	0.0	0.0	0.0	0.0	0.125	0.0	0.375	0.0	0.25	0.0	0.0	0.25	0.0	0.0	0.0	0.0	0.0	0.0	0.6285714285714286	0.22857142857142856	0.14285714285714285	0.0	0.0	0.0	0.0	5.728018656515335	8.766790550499454	15.163999999999998	14.001999999999999	10.114	4.327093504293864	3.0515079363441653	2.1851221588081016	0.0	0.32142857142857145	0.32142857142857145	0.14285714285714285	0.17857142857142858	0.03571428571428571	0.0	0.0	0.0	0.6428571428571429	4.5	1.3228756555322954
RCSB-5X9O-80R-KD:S0	RCSB-5X9O-80R-KD	S0	construct-028-c2d68d73bda9	c2d68d73bda977efa2d54d77956afe6558025a234f1ccc3fef8ece4a522db925	P41182	5X9O	80R	LBXJVISQYZQJLT-UHFFFAOYSA-N	O=c1[nH]c2ccc(Nc3ccc([N+](=O)[O-])cc3Cl)cc2[nH]1	5.301029995663981	5X9O	29c4868813d5b0e2df25a10f0c2c54a89af1158efe4beb31b28627abdda20918	1	A	5X4M	7ZF	32;33;34;35;36;37;40;42	32;33;34;35;36;37;40;42		query_holo_receptor	True	True	False	8.0	70.0	1.0	0.0	0.0	0.0	0.0	0.0	0.0	0.0	0.0	0.125	0.0	0.375	0.0	0.25	0.0	0.0	0.25	0.0	0.0	0.0	0.0	0.0	0.0	0.6285714285714286	0.22857142857142856	0.14285714285714285	0.0	0.0	0.0	0.0	5.744138372359803	8.405645272368927	15.104999999999997	13.866999999999999	10.103000000000002	4.3661375862212	3.0051025076769498	2.213894111595346	0.0	0.35714285714285715	0.2857142857142857	0.14285714285714285	0.17857142857142858	0.03571428571428571	0.0	0.0	0.0	0.6428571428571429	4.5	1.3228756555322954
RCSB-5X9O-80R-KD:S1	RCSB-5X9O-80R-KD	S1	construct-028-c2d68d73bda9	c2d68d73bda977efa2d54d77956afe6558025a234f1ccc3fef8ece4a522db925	P41182	5X9O	80R	LBXJVISQYZQJLT-UHFFFAOYSA-N	O=c1[nH]c2ccc(Nc3ccc([N+](=O)[O-])cc3Cl)cc2[nH]1	5.301029995663981	5X4M	7f768b296db0d2591e6ef0be430c7ae87a31b8b832770ddd81f1032c3d146039	1	A	5X4M	7ZF	32;33;34;35;36;37;40;42	32;33;34;35;36;37;40;42		fixed_historical_reference_receptor	False	True	False	8.0	70.0	1.0	0.0	0.0	0.0	0.0	0.0	0.0	0.0	0.0	0.125	0.0	0.375	0.0	0.25	0.0	0.0	0.25	0.0	0.0	0.0	0.0	0.0	0.0	0.6285714285714286	0.22857142857142856	0.14285714285714285	0.0	0.0	0.0	0.0	5.728018656515335	8.766790550499454	15.163999999999998	14.001999999999999	10.114	4.327093504293864	3.0515079363441653	2.1851221588081016	0.0	0.32142857142857145	0.32142857142857145	0.14285714285714285	0.17857142857142858	0.03571428571428571	0.0	0.0	0.0	0.6428571428571429	4.5	1.3228756555322954
RCSB-5X4P-7ZO-KD:S0	RCSB-5X4P-7ZO-KD	S0	construct-028-c2d68d73bda9	c2d68d73bda977efa2d54d77956afe6558025a234f1ccc3fef8ece4a522db925	P41182	5X4P	7ZO	XGLOINXVRYWOSM-UHFFFAOYSA-N	O=C1Cc2cc(Nc3ncncc3Cl)ccc2N1	5.031517051446064	5X4P	c230e4d04589c644442e8c85dbeef08f2932d545f79f3ba24279b110c1b93308	1	A	5X4M	7ZF	32;33;34;35;36;37;40;42	32;33;34;35;36;37;40;42		query_holo_receptor	True	True	False	8.0	70.0	1.0	0.0	0.0	0.0	0.0	0.0	0.0	0.0	0.0	0.125	0.0	0.375	0.0	0.25	0.0	0.0	0.25	0.0	0.0	0.0	0.0	0.0	0.0	0.6285714285714286	0.22857142857142856	0.14285714285714285	0.0	0.0	0.0	0.0	5.6222854453305295	8.439611010827555	15.196000000000002	12.739	10.280999999999999	4.333644797992847	2.774471346205327	2.2653752763484127	0.0	0.39285714285714285	0.25	0.17857142857142858	0.14285714285714285	0.03571428571428571	0.0	0.0	0.0	0.6428571428571429	4.5	1.3228756555322954
RCSB-5X4P-7ZO-KD:S1	RCSB-5X4P-7ZO-KD	S1	construct-028-c2d68d73bda9	c2d68d73bda977efa2d54d77956afe6558025a234f1ccc3fef8ece4a522db925	P41182	5X4P	7ZO	XGLOINXVRYWOSM-UHFFFAOYSA-N	O=C1Cc2cc(Nc3ncncc3Cl)ccc2N1	5.031517051446064	5X4M	7f768b296db0d2591e6ef0be430c7ae87a31b8b832770ddd81f1032c3d146039	1	A	5X4M	7ZF	32;33;34;35;36;37;40;42	32;33;34;35;36;37;40;42		fixed_historical_reference_receptor	False	True	False	8.0	70.0	1.0	0.0	0.0	0.0	0.0	0.0	0.0	0.0	0.0	0.125	0.0	0.375	0.0	0.25	0.0	0.0	0.25	0.0	0.0	0.0	0.0	0.0	0.0	0.6285714285714286	0.22857142857142856	0.14285714285714285	0.0	0.0	0.0	0.0	5.728018656515335	8.766790550499454	15.163999999999998	14.001999999999999	10.114	4.327093504293864	3.0515079363441653	2.1851221588081016	0.0	0.32142857142857145	0.32142857142857145	0.14285714285714285	0.17857142857142858	0.03571428571428571	0.0	0.0	0.0	0.6428571428571429	4.5	1.3228756555322954
RCSB-5X4N-7ZL-KD:S0	RCSB-5X4N-7ZL-KD	S0	construct-028-c2d68d73bda9	c2d68d73bda977efa2d54d77956afe6558025a234f1ccc3fef8ece4a522db925	P41182	5X4N	7ZL	FRISIUXBSNAYFR-UHFFFAOYSA-N	Nc1ncc(Cl)c(Nc2ccccc2)n1	4.167491087293763	5X4N	8adfd89ae6fda71c375b218f5077b8be256a31c6d5120dfbbe3aeca207e4f32d	1	A	5X4M	7ZF	32;33;34;35;36;37;40;42	32;33;34;35;36;37;40;42		query_holo_receptor	True	True	False	8.0	70.0	1.0	0.0	0.0	0.0	0.0	0.0	0.0	0.0	0.0	0.125	0.0	0.375	0.0	0.25	0.0	0.0	0.25	0.0	0.0	0.0	0.0	0.0	0.0	0.6285714285714286	0.22857142857142856	0.14285714285714285	0.0	0.0	0.0	0.0	5.723687250347971	8.476280165610278	15.32	14.542000000000002	10.26	4.429567442146464	2.8130377665930495	2.2861204121815506	0.0	0.39285714285714285	0.25	0.17857142857142858	0.14285714285714285	0.03571428571428571	0.0	0.0	0.0	0.6428571428571429	4.5	1.3228756555322954
RCSB-5X4N-7ZL-KD:S1	RCSB-5X4N-7ZL-KD	S1	construct-028-c2d68d73bda9	c2d68d73bda977efa2d54d77956afe6558025a234f1ccc3fef8ece4a522db925	P41182	5X4N	7ZL	FRISIUXBSNAYFR-UHFFFAOYSA-N	Nc1ncc(Cl)c(Nc2ccccc2)n1	4.167491087293763	5X4M	7f768b296db0d2591e6ef0be430c7ae87a31b8b832770ddd81f1032c3d146039	1	A	5X4M	7ZF	32;33;34;35;36;37;40;42	32;33;34;35;36;37;40;42		fixed_historical_reference_receptor	False	True	False	8.0	70.0	1.0	0.0	0.0	0.0	0.0	0.0	0.0	0.0	0.0	0.125	0.0	0.375	0.0	0.25	0.0	0.0	0.25	0.0	0.0	0.0	0.0	0.0	0.0	0.6285714285714286	0.22857142857142856	0.14285714285714285	0.0	0.0	0.0	0.0	5.728018656515335	8.766790550499454	15.163999999999998	14.001999999999999	10.114	4.327093504293864	3.0515079363441653	2.1851221588081016	0.0	0.32142857142857145	0.32142857142857145	0.14285714285714285	0.17857142857142858	0.03571428571428571	0.0	0.0	0.0	0.6428571428571429	4.5	1.3228756555322954
RCSB-4AJK-88S-KD:S0	RCSB-4AJK-88S-KD	S0	construct-030-2c56ee04d79a	2c56ee04d79a8fb712e55186eebd40553619fc3bd56349d3fd4b875b8b214967	P04642	4AJK	88S	OVXHZNUBLPBIEB-UHFFFAOYSA-N	Cc1nc2ccc(NC(=O)CCNC(N)=O)cc2s1	3.1135092748275177	4AJK	b0471764b38a0fe02cbe2bb3cf9bbd369b94135a7d01356254392ed897843079	1	A	4AJL	88W	25;26;27;28;29;30;31;50;51;52;82;93;94;95;96;97;98;114;115;118;119;135;136;137	25;26;27;28;29;30;31;50;51;52;82;93;94;95;96;97;98;114;115;118;119;135;136;137		query_holo_receptor	True	True	False	24.0	168.0	1.0	0.0	0.125	0.0	0.041666666666666664	0.0	0.041666666666666664	0.16666666666666666	0.0	0.125	0.0	0.0	0.0	0.08333333333333333	0.0	0.0	0.041666666666666664	0.041666666666666664	0.041666666666666664	0.25	0.0	0.041666666666666664	0.0	0.6428571428571429	0.17261904761904762	0.18452380952380953	0.0	0.0	0.0	0.0	8.640038493015245	14.049702382669745	23.16	20.133	18.908	6.184135471731647	4.913314056682746	3.5022961908524075	0.025362318840579712	0.11594202898550725	0.11231884057971014	0.18115942028985507	0.20652173913043478	0.2463768115942029	0.09782608695652174	0.014492753623188406	0.0	0.2536231884057971	5.833333333333333	2.6246692913372702
RCSB-4AJK-88S-KD:S1	RCSB-4AJK-88S-KD	S1	construct-030-2c56ee04d79a	2c56ee04d79a8fb712e55186eebd40553619fc3bd56349d3fd4b875b8b214967	P04642	4AJK	88S	OVXHZNUBLPBIEB-UHFFFAOYSA-N	Cc1nc2ccc(NC(=O)CCNC(N)=O)cc2s1	3.1135092748275177	4AJL	27fdc807f3de27748faf3b32390e71d5c8ffaab1d6d8be04c2b85bcb36781e34	1	D	4AJL	88W	25;26;27;28;29;30;31;50;51;52;82;93;94;95;96;97;98;114;115;118;119;135;136;137	25;26;27;28;29;30;31;50;51;52;82;93;94;95;96;97;98;114;115;118;119;135;136;137		fixed_historical_reference_receptor	False	True	False	24.0	168.0	1.0	0.0	0.125	0.0	0.041666666666666664	0.0	0.041666666666666664	0.16666666666666666	0.0	0.125	0.0	0.0	0.0	0.08333333333333333	0.0	0.0	0.041666666666666664	0.041666666666666664	0.041666666666666664	0.25	0.0	0.041666666666666664	0.0	0.6428571428571429	0.17261904761904762	0.18452380952380953	0.0	0.0	0.0	0.0	8.64372502831065	14.081062688537697	24.589	20.895000000000003	20.034	6.19758164028669	4.884008113056341	3.528516533704373	0.028985507246376812	0.11231884057971014	0.11231884057971014	0.18478260869565216	0.19927536231884058	0.2463768115942029	0.10144927536231885	0.014492753623188406	0.0	0.2536231884057971	5.833333333333333	2.6246692913372702
RCSB-4AL4-W7E-KD:S0	RCSB-4AL4-W7E-KD	S0	construct-030-2c56ee04d79a	2c56ee04d79a8fb712e55186eebd40553619fc3bd56349d3fd4b875b8b214967	P04642	4AL4	W7E	YPEMYPUMNYOIMU-UHFFFAOYSA-N	Cc1nc2ccc(NC(=O)CCNC(=O)NCCOc3ccc(CC(C(=O)O)C(=O)O)cc3)cc2s1	6.886056647693163	4AL4	e29a0f20c2841212feca0453df55ccd620b5437e26b48754f1c86dbeaaf773df	1	A	4AJL	88W	25;26;27;28;29;30;31;50;51;52;82;93;94;95;96;97;98;114;115;118;119;135;136;137	25;26;27;28;29;30;31;50;51;52;82;93;94;95;96;97;98;114;115;118;119;135;136;137		query_holo_receptor	True	True	False	24.0	168.0	1.0	0.0	0.125	0.0	0.041666666666666664	0.0	0.041666666666666664	0.16666666666666666	0.0	0.125	0.0	0.0	0.0	0.08333333333333333	0.0	0.0	0.041666666666666664	0.041666666666666664	0.041666666666666664	0.25	0.0	0.041666666666666664	0.0	0.6428571428571429	0.17261904761904762	0.18452380952380953	0.0	0.0	0.0	0.0	8.728760737208948	13.95925010367122	23.448	20.093	19.191	6.216298306474894	5.016558102842333	3.5189549831114326	0.028985507246376812	0.10507246376811594	0.11956521739130435	0.16666666666666666	0.19927536231884058	0.2536231884057971	0.10869565217391304	0.018115942028985508	0.0	0.2536231884057971	5.833333333333333	2.6246692913372702
RCSB-4AL4-W7E-KD:S1	RCSB-4AL4-W7E-KD	S1	construct-030-2c56ee04d79a	2c56ee04d79a8fb712e55186eebd40553619fc3bd56349d3fd4b875b8b214967	P04642	4AL4	W7E	YPEMYPUMNYOIMU-UHFFFAOYSA-N	Cc1nc2ccc(NC(=O)CCNC(=O)NCCOc3ccc(CC(C(=O)O)C(=O)O)cc3)cc2s1	6.886056647693163	4AJL	27fdc807f3de27748faf3b32390e71d5c8ffaab1d6d8be04c2b85bcb36781e34	1	D	4AJL	88W	25;26;27;28;29;30;31;50;51;52;82;93;94;95;96;97;98;114;115;118;119;135;136;137	25;26;27;28;29;30;31;50;51;52;82;93;94;95;96;97;98;114;115;118;119;135;136;137		fixed_historical_reference_receptor	False	True	False	24.0	168.0	1.0	0.0	0.125	0.0	0.041666666666666664	0.0	0.041666666666666664	0.16666666666666666	0.0	0.125	0.0	0.0	0.0	0.08333333333333333	0.0	0.0	0.041666666666666664	0.041666666666666664	0.041666666666666664	0.25	0.0	0.041666666666666664	0.0	0.6428571428571429	0.17261904761904762	0.18452380952380953	0.0	0.0	0.0	0.0	8.64372502831065	14.081062688537697	24.589	20.895000000000003	20.034	6.19758164028669	4.884008113056341	3.528516533704373	0.028985507246376812	0.11231884057971014	0.11231884057971014	0.18478260869565216	0.19927536231884058	0.2463768115942029	0.10144927536231885	0.014492753623188406	0.0	0.2536231884057971	5.833333333333333	2.6246692913372702
RCSB-4AJN-88V-KD:S0	RCSB-4AJN-88V-KD	S0	construct-030-2c56ee04d79a	2c56ee04d79a8fb712e55186eebd40553619fc3bd56349d3fd4b875b8b214967	P04642	4AJN	88V	GADNEHRFYQNKCC-UHFFFAOYSA-N	Cc1nc2ccc(NC(=O)CCNC(=O)NCCc3ccc(CC(C(=O)O)C(=O)O)cc3)cc2s1	7.161150909262744	4AJN	1cd5147959e7abd0a25d70e2291d29a31a631c317364fda5f9d5dd4ecf9a0214	1	A	4AJL	88W	25;26;27;28;29;30;31;50;51;52;82;93;94;95;96;97;98;114;115;118;119;135;136;137	25;26;27;28;29;30;31;50;51;52;82;93;94;95;96;97;98;114;115;118;119;135;136;137		query_holo_receptor	True	True	False	24.0	168.0	1.0	0.0	0.125	0.0	0.041666666666666664	0.0	0.041666666666666664	0.16666666666666666	0.0	0.125	0.0	0.0	0.0	0.08333333333333333	0.0	0.0	0.041666666666666664	0.041666666666666664	0.041666666666666664	0.25	0.0	0.041666666666666664	0.0	0.6428571428571429	0.17261904761904762	0.18452380952380953	0.0	0.0	0.0	0.0	8.661707170876676	14.089645584453413	22.192999999999998	20.191	18.442999999999998	6.149928197737336	4.990240720184618	3.5072855360382236	0.028985507246376812	0.10144927536231885	0.12681159420289856	0.17391304347826086	0.19927536231884058	0.2608695652173913	0.09057971014492754	0.018115942028985508	0.0	0.2572463768115942	5.916666666666667	2.5967394084804805
RCSB-4AJN-88V-KD:S1	RCSB-4AJN-88V-KD	S1	construct-030-2c56ee04d79a	2c56ee04d79a8fb712e55186eebd40553619fc3bd56349d3fd4b875b8b214967	P04642	4AJN	88V	GADNEHRFYQNKCC-UHFFFAOYSA-N	Cc1nc2ccc(NC(=O)CCNC(=O)NCCc3ccc(CC(C(=O)O)C(=O)O)cc3)cc2s1	7.161150909262744	4AJL	27fdc807f3de27748faf3b32390e71d5c8ffaab1d6d8be04c2b85bcb36781e34	1	D	4AJL	88W	25;26;27;28;29;30;31;50;51;52;82;93;94;95;96;97;98;114;115;118;119;135;136;137	25;26;27;28;29;30;31;50;51;52;82;93;94;95;96;97;98;114;115;118;119;135;136;137		fixed_historical_reference_receptor	False	True	False	24.0	168.0	1.0	0.0	0.125	0.0	0.041666666666666664	0.0	0.041666666666666664	0.16666666666666666	0.0	0.125	0.0	0.0	0.0	0.08333333333333333	0.0	0.0	0.041666666666666664	0.041666666666666664	0.041666666666666664	0.25	0.0	0.041666666666666664	0.0	0.6428571428571429	0.17261904761904762	0.18452380952380953	0.0	0.0	0.0	0.0	8.64372502831065	14.081062688537697	24.589	20.895000000000003	20.034	6.19758164028669	4.884008113056341	3.528516533704373	0.028985507246376812	0.11231884057971014	0.11231884057971014	0.18478260869565216	0.19927536231884058	0.2463768115942029	0.10144927536231885	0.014492753623188406	0.0	0.2536231884057971	5.833333333333333	2.6246692913372702
RCSB-3B25-B2K-KD:S0	RCSB-3B25-B2K-KD	S0	construct-031-37b3e0822467	37b3e08224673f1c7a40192bc344e8ce9b08a2c252c8040f5f555dc6124dd8e8	P07900	3B25	B2K	XUOYIZBDMDPDEJ-UHFFFAOYSA-N	Cc1ccc(S(=O)(=O)c2cc(C)nc(N)n2)cc1	6.065501548756432	3B25	793eda7faa55d366e89eeb39178b23900e4fb9ecd72b9386ad11557a1b883f6f	1	A	3B28	B2X	41;44;45;48;86;88;89;90;91;95;96;99;100;106;128;129;130;131;132;143;145;177;179	41;44;45;48;86;88;89;90;91;95;96;99;100;106;128;129;130;131;132;143;145;177;179		query_holo_receptor	True	True	False	23.0	163.0	1.0	0.0	0.043478260869565216	0.0	0.08695652173913043	0.0	0.043478260869565216	0.17391304347826086	0.0	0.043478260869565216	0.0	0.13043478260869565	0.043478260869565216	0.08695652173913043	0.0	0.0	0.0	0.08695652173913043	0.08695652173913043	0.13043478260869565	0.0	0.043478260869565216	0.0	0.6319018404907976	0.15337423312883436	0.2085889570552147	0.006134969325153374	0.0	0.0	0.0	8.955247237553042	16.835937632074675	24.600999999999992	19.076	18.791	6.270202946992354	5.153501602480041	3.784498556277361	0.011857707509881422	0.10276679841897234	0.10276679841897234	0.13438735177865613	0.12648221343873517	0.35177865612648224	0.13043478260869565	0.039525691699604744	0.0	0.21739130434782608	4.782608695652174	1.8405226511753674
RCSB-3B25-B2K-KD:S1	RCSB-3B25-B2K-KD	S1	construct-031-37b3e0822467	37b3e08224673f1c7a40192bc344e8ce9b08a2c252c8040f5f555dc6124dd8e8	P07900	3B25	B2K	XUOYIZBDMDPDEJ-UHFFFAOYSA-N	Cc1ccc(S(=O)(=O)c2cc(C)nc(N)n2)cc1	6.065501548756432	3B28	8693e883ae095382776b5d8d3bbad5efe3b1620fb63a7a64f96f6596d0709e1e	1	A	3B28	B2X	41;44;45;48;86;88;89;90;91;95;96;99;100;106;128;129;130;131;132;143;145;177;179	41;44;45;48;86;88;89;90;91;95;96;99;100;106;128;129;130;131;132;143;145;177;179		fixed_historical_reference_receptor	False	True	False	23.0	163.0	1.0	0.0	0.043478260869565216	0.0	0.08695652173913043	0.0	0.043478260869565216	0.17391304347826086	0.0	0.043478260869565216	0.0	0.13043478260869565	0.043478260869565216	0.08695652173913043	0.0	0.0	0.0	0.08695652173913043	0.08695652173913043	0.13043478260869565	0.0	0.043478260869565216	0.0	0.6319018404907976	0.15337423312883436	0.2085889570552147	0.006134969325153374	0.0	0.0	0.0	8.47594271889074	14.148517199562953	23.277	18.978	16.773999999999997	6.046528660880098	4.598711498882504	3.7593814221382664	0.011857707509881422	0.1067193675889328	0.11462450592885376	0.15019762845849802	0.16600790513833993	0.31620553359683795	0.12648221343873517	0.007905138339920948	0.0	0.233201581027668	5.130434782608695	1.3926623806997365
RCSB-3B27-B2T-KD:S0	RCSB-3B27-B2T-KD	S0	construct-031-37b3e0822467	37b3e08224673f1c7a40192bc344e8ce9b08a2c252c8040f5f555dc6124dd8e8	P07900	3B27	B2T	JVOIPLKVZOLUDL-UHFFFAOYSA-N	CSc1nc(N)nc(-c2ccccc2Cl)n1	5.161150909262744	3B27	f619b107e5376f8022222765915691cc06d442e78f706b1cf3fb0afb98ab1dec	1	A	3B28	B2X	41;44;45;48;86;88;89;90;91;95;96;99;100;106;128;129;130;131;132;143;145;177;179	41;44;45;48;86;88;89;90;91;95;96;99;100;106;128;129;130;131;132;143;145;177;179		query_holo_receptor	True	True	False	23.0	163.0	1.0	0.0	0.043478260869565216	0.0	0.08695652173913043	0.0	0.043478260869565216	0.17391304347826086	0.0	0.043478260869565216	0.0	0.13043478260869565	0.043478260869565216	0.08695652173913043	0.0	0.0	0.0	0.08695652173913043	0.08695652173913043	0.13043478260869565	0.0	0.043478260869565216	0.0	0.6319018404907976	0.15337423312883436	0.2085889570552147	0.006134969325153374	0.0	0.0	0.0	8.821315802302255	17.305266350650964	21.968	20.563000000000002	19.442	6.400224802984864	4.691672377503933	3.852394743191746	0.011857707509881422	0.10276679841897234	0.11067193675889328	0.12648221343873517	0.17391304347826086	0.2964426877470356	0.1383399209486166	0.039525691699604744	0.0	0.22529644268774704	4.956521739130435	1.517385075357839
RCSB-3B27-B2T-KD:S1	RCSB-3B27-B2T-KD	S1	construct-031-37b3e0822467	37b3e08224673f1c7a40192bc344e8ce9b08a2c252c8040f5f555dc6124dd8e8	P07900	3B27	B2T	JVOIPLKVZOLUDL-UHFFFAOYSA-N	CSc1nc(N)nc(-c2ccccc2Cl)n1	5.161150909262744	3B28	8693e883ae095382776b5d8d3bbad5efe3b1620fb63a7a64f96f6596d0709e1e	1	A	3B28	B2X	41;44;45;48;86;88;89;90;91;95;96;99;100;106;128;129;130;131;132;143;145;177;179	41;44;45;48;86;88;89;90;91;95;96;99;100;106;128;129;130;131;132;143;145;177;179		fixed_historical_reference_receptor	False	True	False	23.0	163.0	1.0	0.0	0.043478260869565216	0.0	0.08695652173913043	0.0	0.043478260869565216	0.17391304347826086	0.0	0.043478260869565216	0.0	0.13043478260869565	0.043478260869565216	0.08695652173913043	0.0	0.0	0.0	0.08695652173913043	0.08695652173913043	0.13043478260869565	0.0	0.043478260869565216	0.0	0.6319018404907976	0.15337423312883436	0.2085889570552147	0.006134969325153374	0.0	0.0	0.0	8.47594271889074	14.148517199562953	23.277	18.978	16.773999999999997	6.046528660880098	4.598711498882504	3.7593814221382664	0.011857707509881422	0.1067193675889328	0.11462450592885376	0.15019762845849802	0.16600790513833993	0.31620553359683795	0.12648221343873517	0.007905138339920948	0.0	0.233201581027668	5.130434782608695	1.3926623806997365
RCSB-3B24-B2J-KD:S0	RCSB-3B24-B2J-KD	S0	construct-031-37b3e0822467	37b3e08224673f1c7a40192bc344e8ce9b08a2c252c8040f5f555dc6124dd8e8	P07900	3B24	B2J	PJQMCVIFTDRXNT-UHFFFAOYSA-N	CCSc1nc(C)nc(N)n1	7.376750709602099	3B24	dda766b36dcb0dfa373acec9f041f2ca739be997c062ad8edd89d3f88f26fd38	1	A	3B28	B2X	41;44;45;48;86;88;89;90;91;95;96;99;100;106;128;129;130;131;132;143;145;177;179	41;44;45;48;86;88;89;90;91;95;96;99;100;106;128;129;130;131;132;143;145;177;179		query_holo_receptor	True	True	False	23.0	163.0	1.0	0.0	0.043478260869565216	0.0	0.08695652173913043	0.0	0.043478260869565216	0.17391304347826086	0.0	0.043478260869565216	0.0	0.13043478260869565	0.043478260869565216	0.08695652173913043	0.0	0.0	0.0	0.08695652173913043	0.08695652173913043	0.13043478260869565	0.0	0.043478260869565216	0.0	0.6319018404907976	0.15337423312883436	0.2085889570552147	0.006134969325153374	0.0	0.0	0.0	8.703249060886137	16.832783945830414	24.811	18.453999999999997	18.041999999999994	6.297570085474848	4.6571127020012	3.794529814773742	0.011857707509881422	0.09881422924901186	0.1225296442687747	0.15019762845849802	0.1383399209486166	0.3201581027667984	0.11857707509881422	0.039525691699604744	0.0	0.233201581027668	5.130434782608695	1.727132527481844
RCSB-3B24-B2J-KD:S1	RCSB-3B24-B2J-KD	S1	construct-031-37b3e0822467	37b3e08224673f1c7a40192bc344e8ce9b08a2c252c8040f5f555dc6124dd8e8	P07900	3B24	B2J	PJQMCVIFTDRXNT-UHFFFAOYSA-N	CCSc1nc(C)nc(N)n1	7.376750709602099	3B28	8693e883ae095382776b5d8d3bbad5efe3b1620fb63a7a64f96f6596d0709e1e	1	A	3B28	B2X	41;44;45;48;86;88;89;90;91;95;96;99;100;106;128;129;130;131;132;143;145;177;179	41;44;45;48;86;88;89;90;91;95;96;99;100;106;128;129;130;131;132;143;145;177;179		fixed_historical_reference_receptor	False	True	False	23.0	163.0	1.0	0.0	0.043478260869565216	0.0	0.08695652173913043	0.0	0.043478260869565216	0.17391304347826086	0.0	0.043478260869565216	0.0	0.13043478260869565	0.043478260869565216	0.08695652173913043	0.0	0.0	0.0	0.08695652173913043	0.08695652173913043	0.13043478260869565	0.0	0.043478260869565216	0.0	0.6319018404907976	0.15337423312883436	0.2085889570552147	0.006134969325153374	0.0	0.0	0.0	8.47594271889074	14.148517199562953	23.277	18.978	16.773999999999997	6.046528660880098	4.598711498882504	3.7593814221382664	0.011857707509881422	0.1067193675889328	0.11462450592885376	0.15019762845849802	0.16600790513833993	0.31620553359683795	0.12648221343873517	0.007905138339920948	0.0	0.233201581027668	5.130434782608695	1.3926623806997365
RCSB-6T0M-GOZ-KD:S0	RCSB-6T0M-GOZ-KD	S0	construct-033-4212e6c5e472	4212e6c5e472fd686b30c69e8d14749addd3c89eee2f3eab47f1d4c1637dfa2c	P00760	6T0M	GOZ	ULOXRVUIRNGIOC-CVEARBPZSA-N	Nc1cc(CNC(=O)[C@@H]2CCCN2C(=O)[C@H](N)Cc2ccccc2)cc(N)n1	7.167491087293763	6T0M	fe872464bd5449a20e59de84ec9c5f1e9a9e519463fc6eff448f75794f7ae941	1	A	6SY3	LXW	63;99;101;104;175;194;195;196;197;198;199;200;214;215;216;217;218;219;220;221;225;226;227;228;229	63;99;101;104;175;194;195;196;197;198;199;200;214;215;216;217;218;219;220;221;225;226;227;228;229		query_holo_receptor	True	True	False	25.0	182.0	1.0	0.0	0.04	0.08	0.08	0.0	0.0	0.16	0.04	0.0	0.04	0.04	0.0	0.0	0.04	0.04	0.0	0.2	0.0	0.08	0.04	0.12	0.0	0.6263736263736264	0.15934065934065933	0.2032967032967033	0.01098901098901099	0.0	0.0	0.0	8.648129036888193	16.41436041322894	25.00116	20.98076	16.39269	6.400741522519287	4.971160113000185	3.0179812675830378	0.02666666666666667	0.09666666666666666	0.15666666666666668	0.17	0.16666666666666666	0.23666666666666666	0.12	0.02666666666666667	0.0	0.28	6.72	1.9701776569639602
RCSB-6T0M-GOZ-KD:S1	RCSB-6T0M-GOZ-KD	S1	construct-033-4212e6c5e472	4212e6c5e472fd686b30c69e8d14749addd3c89eee2f3eab47f1d4c1637dfa2c	P00760	6T0M	GOZ	ULOXRVUIRNGIOC-CVEARBPZSA-N	Nc1cc(CNC(=O)[C@@H]2CCCN2C(=O)[C@H](N)Cc2ccccc2)cc(N)n1	7.167491087293763	6SY3	029f534f88ba3af5595c9814f3945d6d4f6c454b4cb8f28b4a0c2a898cfc5f61	1	A	6SY3	LXW	63;99;101;104;175;194;195;196;197;198;199;200;214;215;216;217;218;219;220;221;225;226;227;228;229	63;99;101;104;175;194;195;196;197;198;199;200;214;215;216;217;218;219;220;221;225;226;227;228;229		fixed_historical_reference_receptor	False	True	False	25.0	186.0	1.0	0.0	0.04	0.08	0.08	0.0	0.0	0.16	0.04	0.0	0.04	0.04	0.0	0.0	0.04	0.04	0.0	0.2	0.0	0.08	0.04	0.12	0.0	0.6236559139784946	0.16129032258064516	0.20430107526881722	0.010752688172043012	0.0	0.0	0.0	8.66182339970551	16.41614159873515	24.88332	21.01646	16.28396	6.287488465083268	5.035502698179764	3.184083225318572	0.023333333333333334	0.09666666666666666	0.15333333333333332	0.17333333333333334	0.16666666666666666	0.24	0.12	0.02666666666666667	0.0	0.2733333333333333	6.56	1.981514572240134
RCSB-6T0P-M6Q-KD:S0	RCSB-6T0P-M6Q-KD	S0	construct-033-4212e6c5e472	4212e6c5e472fd686b30c69e8d14749addd3c89eee2f3eab47f1d4c1637dfa2c	P00760	6T0P	M6Q	LOSWCWUZWRHVLI-SJORKVTESA-N	Nc1cc(CNC(=O)[C@@H]2CCCN2C(=O)[C@H](N)Cc2ccccc2)ccn1	7.42021640338319	6T0P	24ea80af1fbbe91fe99c350a456297f7ed2d74ec0ee3abf4278175cbcb2bc170	1	A	6SY3	LXW	63;99;101;104;175;194;195;196;197;198;199;200;214;215;216;217;218;219;220;221;225;226;227;228;229	63;99;101;104;175;194;195;196;197;198;199;200;214;215;216;217;218;219;220;221;225;226;227;228;229		query_holo_receptor	True	True	False	25.0	186.0	1.0	0.0	0.04	0.08	0.08	0.0	0.0	0.16	0.04	0.0	0.04	0.04	0.0	0.0	0.04	0.04	0.0	0.2	0.0	0.08	0.04	0.12	0.0	0.6236559139784946	0.16129032258064516	0.20430107526881722	0.010752688172043012	0.0	0.0	0.0	8.681100438881485	16.462705422754876	24.9465	21.16221	16.36795	6.318348141399333	5.0273001771474455	3.188453312011512	0.023333333333333334	0.09666666666666666	0.15333333333333332	0.17333333333333334	0.16333333333333333	0.24333333333333335	0.12	0.02666666666666667	0.0	0.2733333333333333	6.56	1.981514572240134
RCSB-6T0P-M6Q-KD:S1	RCSB-6T0P-M6Q-KD	S1	construct-033-4212e6c5e472	4212e6c5e472fd686b30c69e8d14749addd3c89eee2f3eab47f1d4c1637dfa2c	P00760	6T0P	M6Q	LOSWCWUZWRHVLI-SJORKVTESA-N	Nc1cc(CNC(=O)[C@@H]2CCCN2C(=O)[C@H](N)Cc2ccccc2)ccn1	7.42021640338319	6SY3	029f534f88ba3af5595c9814f3945d6d4f6c454b4cb8f28b4a0c2a898cfc5f61	1	A	6SY3	LXW	63;99;101;104;175;194;195;196;197;198;199;200;214;215;216;217;218;219;220;221;225;226;227;228;229	63;99;101;104;175;194;195;196;197;198;199;200;214;215;216;217;218;219;220;221;225;226;227;228;229		fixed_historical_reference_receptor	False	True	False	25.0	186.0	1.0	0.0	0.04	0.08	0.08	0.0	0.0	0.16	0.04	0.0	0.04	0.04	0.0	0.0	0.04	0.04	0.0	0.2	0.0	0.08	0.04	0.12	0.0	0.6236559139784946	0.16129032258064516	0.20430107526881722	0.010752688172043012	0.0	0.0	0.0	8.66182339970551	16.41614159873515	24.88332	21.01646	16.28396	6.287488465083268	5.035502698179764	3.184083225318572	0.023333333333333334	0.09666666666666666	0.15333333333333332	0.17333333333333334	0.16666666666666666	0.24	0.12	0.02666666666666667	0.0	0.2733333333333333	6.56	1.981514572240134
RCSB-6T5W-J5K-KD:S0	RCSB-6T5W-J5K-KD	S0	construct-033-4212e6c5e472	4212e6c5e472fd686b30c69e8d14749addd3c89eee2f3eab47f1d4c1637dfa2c	P00760	6T5W	J5K	IWAABGNHPAYUJJ-SJORKVTESA-N	Nc1ccc(CNC(=O)[C@@H]2CCCN2C(=O)[C@H](N)Cc2ccccc2)cn1	7.366531544420413	6T5W	7974edef884ba0a527e6d32d92fe4a70afca052776660f14033ba00f46ef081e	1	A	6SY3	LXW	63;99;101;104;175;194;195;196;197;198;199;200;214;215;216;217;218;219;220;221;225;226;227;228;229	63;99;101;104;175;194;195;196;197;198;199;200;214;215;216;217;218;219;220;221;225;226;227;228;229		query_holo_receptor	True	True	False	25.0	183.0	1.0	0.0	0.04	0.08	0.08	0.0	0.0	0.16	0.04	0.0	0.04	0.04	0.0	0.0	0.04	0.04	0.0	0.2	0.0	0.08	0.04	0.12	0.0	0.6284153005464481	0.15846994535519127	0.20218579234972678	0.01092896174863388	0.0	0.0	0.0	8.62315617748379	16.382747875183128	25.20271	20.985960000000002	16.309179999999998	6.361076919989649	4.9761085142267545	3.0222288023728208	0.03333333333333333	0.09	0.15333333333333332	0.17333333333333334	0.17	0.23333333333333334	0.12	0.02666666666666667	0.0	0.27666666666666667	6.64	1.9975985582694036
RCSB-6T5W-J5K-KD:S1	RCSB-6T5W-J5K-KD	S1	construct-033-4212e6c5e472	4212e6c5e472fd686b30c69e8d14749addd3c89eee2f3eab47f1d4c1637dfa2c	P00760	6T5W	J5K	IWAABGNHPAYUJJ-SJORKVTESA-N	Nc1ccc(CNC(=O)[C@@H]2CCCN2C(=O)[C@H](N)Cc2ccccc2)cn1	7.366531544420413	6SY3	029f534f88ba3af5595c9814f3945d6d4f6c454b4cb8f28b4a0c2a898cfc5f61	1	A	6SY3	LXW	63;99;101;104;175;194;195;196;197;198;199;200;214;215;216;217;218;219;220;221;225;226;227;228;229	63;99;101;104;175;194;195;196;197;198;199;200;214;215;216;217;218;219;220;221;225;226;227;228;229		fixed_historical_reference_receptor	False	True	False	25.0	186.0	1.0	0.0	0.04	0.08	0.08	0.0	0.0	0.16	0.04	0.0	0.04	0.04	0.0	0.0	0.04	0.04	0.0	0.2	0.0	0.08	0.04	0.12	0.0	0.6236559139784946	0.16129032258064516	0.20430107526881722	0.010752688172043012	0.0	0.0	0.0	8.66182339970551	16.41614159873515	24.88332	21.01646	16.28396	6.287488465083268	5.035502698179764	3.184083225318572	0.023333333333333334	0.09666666666666666	0.15333333333333332	0.17333333333333334	0.16666666666666666	0.24	0.12	0.02666666666666667	0.0	0.2733333333333333	6.56	1.981514572240134
RCSB-3UNZ-0BZ-KD:S0	RCSB-3UNZ-0BZ-KD	S0	construct-034-4b9e20d92aa0	4b9e20d92aa0bd349feda098eb162e182b5558fc924a138b4b2bd78e7d0faee1	O14965	3UNZ	0BZ	DSRXYFSONVBAKS-UHFFFAOYSA-N	O=C(O)c1ccc(Nc2nccc(Nc3ccccc3F)n2)cc1	7.795880017344075	3UNZ	b6e4628ec9bc425b50b9cfc9b9efcfce2808266e04916eca7906aab7074dbe92	1	A	3UP2	0C8	15;16;17;18;19;25;38;72;88;89;90;91;92;93;94;95;98;138;139;140;141;151;152	15;16;17;18;19;25;38;72;88;89;90;91;92;93;94;95;98;138;139;140;141;151;152		query_holo_receptor	True	True	False	23.0	176.0	1.0	0.0	0.13043478260869565	0.0	0.043478260869565216	0.08695652173913043	0.0	0.08695652173913043	0.0	0.0	0.043478260869565216	0.2608695652173913	0.0	0.043478260869565216	0.08695652173913043	0.0	0.08695652173913043	0.0	0.043478260869565216	0.043478260869565216	0.0	0.043478260869565216	0.0	0.6420454545454546	0.17613636363636365	0.18181818181818182	0.0	0.0	0.0	0.0	8.857457581534929	15.142462380007615	22.387	21.936	20.837	5.7288911476037505	4.987824621687921	4.555871658736855	0.015810276679841896	0.10276679841897234	0.09881422924901186	0.13043478260869565	0.18181818181818182	0.33992094861660077	0.12648221343873517	0.003952569169960474	0.0	0.21739130434782608	4.782608695652174	1.4128762442845149
RCSB-3UNZ-0BZ-KD:S1	RCSB-3UNZ-0BZ-KD	S1	construct-034-4b9e20d92aa0	4b9e20d92aa0bd349feda098eb162e182b5558fc924a138b4b2bd78e7d0faee1	O14965	3UNZ	0BZ	DSRXYFSONVBAKS-UHFFFAOYSA-N	O=C(O)c1ccc(Nc2nccc(Nc3ccccc3F)n2)cc1	7.795880017344075	3UP2	11d81780c2842c95629f8ad5cee694318b848cc538229075a63f660be457d420	1	A	3UP2	0C8	15;16;17;18;19;25;38;72;88;89;90;91;92;93;94;95;98;138;139;140;141;151;152	15;16;17;18;19;25;38;72;88;89;90;91;92;93;94;95;98;138;139;140;141;151;152		fixed_historical_reference_receptor	False	True	False	23.0	176.0	1.0	0.0	0.13043478260869565	0.0	0.043478260869565216	0.08695652173913043	0.0	0.08695652173913043	0.0	0.0	0.043478260869565216	0.2608695652173913	0.0	0.043478260869565216	0.08695652173913043	0.0	0.08695652173913043	0.0	0.043478260869565216	0.043478260869565216	0.0	0.043478260869565216	0.0	0.6420454545454546	0.17613636363636365	0.18181818181818182	0.0	0.0	0.0	0.0	8.590821629806342	12.58247861624491	22.607999999999997	20.051	19.619999999999997	5.515436993772632	4.874354485620109	4.42976741955917	0.011857707509881422	0.1067193675889328	0.08300395256916997	0.1541501976284585	0.1976284584980237	0.33992094861660077	0.1067193675889328	0.0	0.0	0.2015810276679842	4.434782608695652	1.555525549565071
RCSB-3UOD-0C3-KD:S0	RCSB-3UOD-0C3-KD	S0	construct-034-4b9e20d92aa0	4b9e20d92aa0bd349feda098eb162e182b5558fc924a138b4b2bd78e7d0faee1	O14965	3UOD	0C3	QFNWNXOHCUAEBM-UHFFFAOYSA-N	O=C(O)c1ccc(Nc2nccc(Nc3ccccc3C(F)(F)F)n2)cc1	7.309803919971486	3UOD	bf72d016ce7751ae69df5ee558852036f4edeb2ffd70b12c209c5d42fcd06f28	1	A	3UP2	0C8	15;16;17;18;19;25;38;72;88;89;90;91;92;93;94;95;98;138;139;140;141;151;152	15;16;17;18;19;25;38;72;88;89;90;91;92;93;94;95;98;138;139;140;141;151;152		query_holo_receptor	True	True	False	23.0	176.0	1.0	0.0	0.13043478260869565	0.0	0.043478260869565216	0.08695652173913043	0.0	0.08695652173913043	0.0	0.0	0.043478260869565216	0.2608695652173913	0.0	0.043478260869565216	0.08695652173913043	0.0	0.08695652173913043	0.0	0.043478260869565216	0.043478260869565216	0.0	0.043478260869565216	0.0	0.6420454545454546	0.17613636363636365	0.18181818181818182	0.0	0.0	0.0	0.0	8.635284105001388	13.193151451252394	22.326999999999998	20.020000000000003	19.661	5.48573321535944	4.995922716058321	4.417648568997338	0.015810276679841896	0.10276679841897234	0.08695652173913043	0.1541501976284585	0.18181818181818182	0.3438735177865613	0.11462450592885376	0.0	0.0	0.20553359683794467	4.521739130434782	1.4705682195902403
RCSB-3UOD-0C3-KD:S1	RCSB-3UOD-0C3-KD	S1	construct-034-4b9e20d92aa0	4b9e20d92aa0bd349feda098eb162e182b5558fc924a138b4b2bd78e7d0faee1	O14965	3UOD	0C3	QFNWNXOHCUAEBM-UHFFFAOYSA-N	O=C(O)c1ccc(Nc2nccc(Nc3ccccc3C(F)(F)F)n2)cc1	7.309803919971486	3UP2	11d81780c2842c95629f8ad5cee694318b848cc538229075a63f660be457d420	1	A	3UP2	0C8	15;16;17;18;19;25;38;72;88;89;90;91;92;93;94;95;98;138;139;140;141;151;152	15;16;17;18;19;25;38;72;88;89;90;91;92;93;94;95;98;138;139;140;141;151;152		fixed_historical_reference_receptor	False	True	False	23.0	176.0	1.0	0.0	0.13043478260869565	0.0	0.043478260869565216	0.08695652173913043	0.0	0.08695652173913043	0.0	0.0	0.043478260869565216	0.2608695652173913	0.0	0.043478260869565216	0.08695652173913043	0.0	0.08695652173913043	0.0	0.043478260869565216	0.043478260869565216	0.0	0.043478260869565216	0.0	0.6420454545454546	0.17613636363636365	0.18181818181818182	0.0	0.0	0.0	0.0	8.590821629806342	12.58247861624491	22.607999999999997	20.051	19.619999999999997	5.515436993772632	4.874354485620109	4.42976741955917	0.011857707509881422	0.1067193675889328	0.08300395256916997	0.1541501976284585	0.1976284584980237	0.33992094861660077	0.1067193675889328	0.0	0.0	0.2015810276679842	4.434782608695652	1.555525549565071
RCSB-3UO5-0BX-KD:S0	RCSB-3UO5-0BX-KD	S0	construct-034-4b9e20d92aa0	4b9e20d92aa0bd349feda098eb162e182b5558fc924a138b4b2bd78e7d0faee1	O14965	3UO5	0BX	BUKMSYYNNHEANR-UHFFFAOYSA-N	O=C(O)c1ccc(Nc2nccc(Nc3ccccc3)n2)cc1	7.4089353929735005	3UO5	eb6a5283f5d21e75a1127af82d717a8af1b0a337784512d6247773eaa1373355	1	A	3UP2	0C8	15;16;17;18;19;25;38;72;88;89;90;91;92;93;94;95;98;138;139;140;141;151;152	15;16;17;18;19;25;38;72;88;89;90;91;92;93;94;95;98;138;139;140;141;151;152		query_holo_receptor	True	True	False	23.0	176.0	1.0	0.0	0.13043478260869565	0.0	0.043478260869565216	0.08695652173913043	0.0	0.08695652173913043	0.0	0.0	0.043478260869565216	0.2608695652173913	0.0	0.043478260869565216	0.08695652173913043	0.0	0.08695652173913043	0.0	0.043478260869565216	0.043478260869565216	0.0	0.043478260869565216	0.0	0.6420454545454546	0.17613636363636365	0.18181818181818182	0.0	0.0	0.0	0.0	8.74342280881321	13.673226370188422	22.273999999999997	20.785	19.709	5.632551238785824	4.969634021089176	4.474879512630523	0.015810276679841896	0.10276679841897234	0.08695652173913043	0.14624505928853754	0.17391304347826086	0.35177865612648224	0.1225296442687747	0.0	0.0	0.20553359683794467	4.521739130434782	1.4705682195902403
RCSB-3UO5-0BX-KD:S1	RCSB-3UO5-0BX-KD	S1	construct-034-4b9e20d92aa0	4b9e20d92aa0bd349feda098eb162e182b5558fc924a138b4b2bd78e7d0faee1	O14965	3UO5	0BX	BUKMSYYNNHEANR-UHFFFAOYSA-N	O=C(O)c1ccc(Nc2nccc(Nc3ccccc3)n2)cc1	7.4089353929735005	3UP2	11d81780c2842c95629f8ad5cee694318b848cc538229075a63f660be457d420	1	A	3UP2	0C8	15;16;17;18;19;25;38;72;88;89;90;91;92;93;94;95;98;138;139;140;141;151;152	15;16;17;18;19;25;38;72;88;89;90;91;92;93;94;95;98;138;139;140;141;151;152		fixed_historical_reference_receptor	False	True	False	23.0	176.0	1.0	0.0	0.13043478260869565	0.0	0.043478260869565216	0.08695652173913043	0.0	0.08695652173913043	0.0	0.0	0.043478260869565216	0.2608695652173913	0.0	0.043478260869565216	0.08695652173913043	0.0	0.08695652173913043	0.0	0.043478260869565216	0.043478260869565216	0.0	0.043478260869565216	0.0	0.6420454545454546	0.17613636363636365	0.18181818181818182	0.0	0.0	0.0	0.0	8.590821629806342	12.58247861624491	22.607999999999997	20.051	19.619999999999997	5.515436993772632	4.874354485620109	4.42976741955917	0.011857707509881422	0.1067193675889328	0.08300395256916997	0.1541501976284585	0.1976284584980237	0.33992094861660077	0.1067193675889328	0.0	0.0	0.2015810276679842	4.434782608695652	1.555525549565071
RCSB-7CAJ-FNC-KD:S0	RCSB-7CAJ-FNC-KD	S0	construct-035-4f0c729feeb4	4f0c729feeb48359181ab8aff14e4aae346f23597e7567e08cbeef9103768c7b	Q15047	7CAJ	FNC	JRIBEBYKWORBGC-LSDHHAIUSA-N	CN1C[C@H](Nc2nc3cc[nH]c3c(=O)n2C)C[C@H](c2ccccc2)C1	5.795880017344075	7CAJ	1ba021bac35a34fbe0d5c9d3c756692a46f3dfba397a3c26d52a1358839c05c6	1	A	7CD9	FVR	40;41;42;44;98;100;105;107;127;129;130;131;188;215;216;217;224	40;41;42;44;98;100;105;107;127;129;130;131;188;215;216;217;224		query_holo_receptor	True	True	False	17.0	165.0	1.0	0.0	0.0	0.058823529411764705	0.11764705882352941	0.058823529411764705	0.058823529411764705	0.058823529411764705	0.058823529411764705	0.0	0.058823529411764705	0.0	0.0	0.0	0.0	0.0	0.058823529411764705	0.0	0.11764705882352941	0.0	0.17647058823529413	0.17647058823529413	0.0	0.6787878787878788	0.15757575757575756	0.15757575757575756	0.006060606060606061	0.0	0.0	0.0	10.598460577742477	17.99879156365047	29.342000000000002	27.985999999999997	22.369	8.825696801074418	4.6621194620178485	3.563577516392834	0.0	0.08823529411764706	0.08823529411764706	0.11029411764705882	0.11764705882352941	0.27205882352941174	0.15441176470588236	0.16911764705882354	0.0	0.17647058823529413	2.823529411764706	1.6173796570432377
RCSB-7CAJ-FNC-KD:S1	RCSB-7CAJ-FNC-KD	S1	construct-035-4f0c729feeb4	4f0c729feeb48359181ab8aff14e4aae346f23597e7567e08cbeef9103768c7b	Q15047	7CAJ	FNC	JRIBEBYKWORBGC-LSDHHAIUSA-N	CN1C[C@H](Nc2nc3cc[nH]c3c(=O)n2C)C[C@H](c2ccccc2)C1	5.795880017344075	7CD9	8d639f46ff5c77b50ca6e2166989b92d4cf5b97682b54a3746f77314ecca0b5f	1	A	7CD9	FVR	40;41;42;44;98;100;105;107;127;129;130;131;188;215;216;217;224	40;41;42;44;98;100;105;107;127;129;130;131;188;215;216;217;224		fixed_historical_reference_receptor	False	True	False	17.0	168.0	1.0	0.0	0.0	0.058823529411764705	0.11764705882352941	0.058823529411764705	0.058823529411764705	0.058823529411764705	0.058823529411764705	0.0	0.058823529411764705	0.0	0.0	0.0	0.0	0.0	0.058823529411764705	0.0	0.11764705882352941	0.0	0.17647058823529413	0.17647058823529413	0.0	0.6726190476190477	0.15476190476190477	0.16666666666666666	0.005952380952380952	0.0	0.0	0.0	10.376816678786092	17.962118726327258	28.556999999999995	27.974999999999998	15.247	8.679305237367295	4.494111854292038	3.4858203658326414	0.0	0.08823529411764706	0.11764705882352941	0.08823529411764706	0.125	0.2867647058823529	0.125	0.16911764705882354	0.0	0.20588235294117646	3.2941176470588234	1.4043925160368613
RCSB-7C9N-FN9-KD:S0	RCSB-7C9N-FN9-KD	S0	construct-035-4f0c729feeb4	4f0c729feeb48359181ab8aff14e4aae346f23597e7567e08cbeef9103768c7b	Q15047	7C9N	FN9	FAOILJOQEQTGLJ-JKSUJKDBSA-N	CN1C[C@H](Nc2nc3ccn(C)c3c(=O)n2C)C[C@H](c2ccccc2)C1	5.356547323513812	7C9N	a1f39cc30ad205f9894d538555003e910619a19c45b28b399da9d7f1fd6ee2c0	1	A	7CD9	FVR	40;41;42;44;98;100;105;107;127;129;130;131;188;215;216;217;224	40;41;42;44;98;100;105;107;127;129;130;131;188;215;216;217;224		query_holo_receptor	True	True	False	17.0	165.0	1.0	0.0	0.0	0.058823529411764705	0.11764705882352941	0.058823529411764705	0.058823529411764705	0.058823529411764705	0.058823529411764705	0.0	0.058823529411764705	0.0	0.0	0.0	0.0	0.0	0.058823529411764705	0.0	0.11764705882352941	0.0	0.17647058823529413	0.17647058823529413	0.0	0.6787878787878788	0.15757575757575756	0.15757575757575756	0.006060606060606061	0.0	0.0	0.0	10.566029300519219	17.945583076622594	29.63	27.546999999999997	21.897999999999996	8.835347179079536	4.66243516899153	3.4408303793580055	0.0	0.08823529411764706	0.09558823529411764	0.09558823529411764	0.125	0.27941176470588236	0.14705882352941177	0.16911764705882354	0.0	0.18382352941176472	2.9411764705882355	1.4336538361122282
RCSB-7C9N-FN9-KD:S1	RCSB-7C9N-FN9-KD	S1	construct-035-4f0c729feeb4	4f0c729feeb48359181ab8aff14e4aae346f23597e7567e08cbeef9103768c7b	Q15047	7C9N	FN9	FAOILJOQEQTGLJ-JKSUJKDBSA-N	CN1C[C@H](Nc2nc3ccn(C)c3c(=O)n2C)C[C@H](c2ccccc2)C1	5.356547323513812	7CD9	8d639f46ff5c77b50ca6e2166989b92d4cf5b97682b54a3746f77314ecca0b5f	1	A	7CD9	FVR	40;41;42;44;98;100;105;107;127;129;130;131;188;215;216;217;224	40;41;42;44;98;100;105;107;127;129;130;131;188;215;216;217;224		fixed_historical_reference_receptor	False	True	False	17.0	168.0	1.0	0.0	0.0	0.058823529411764705	0.11764705882352941	0.058823529411764705	0.058823529411764705	0.058823529411764705	0.058823529411764705	0.0	0.058823529411764705	0.0	0.0	0.0	0.0	0.0	0.058823529411764705	0.0	0.11764705882352941	0.0	0.17647058823529413	0.17647058823529413	0.0	0.6726190476190477	0.15476190476190477	0.16666666666666666	0.005952380952380952	0.0	0.0	0.0	10.376816678786092	17.962118726327258	28.556999999999995	27.974999999999998	15.247	8.679305237367295	4.494111854292038	3.4858203658326414	0.0	0.08823529411764706	0.11764705882352941	0.08823529411764706	0.125	0.2867647058823529	0.125	0.16911764705882354	0.0	0.20588235294117646	3.2941176470588234	1.4043925160368613
RCSB-7CJT-G09-KD:S0	RCSB-7CJT-G09-KD	S0	construct-035-4f0c729feeb4	4f0c729feeb48359181ab8aff14e4aae346f23597e7567e08cbeef9103768c7b	Q15047	7CJT	G09	NBDJDKAXIGWAIM-XZOQPEGZSA-N	C=CCn1c(N[C@@H]2C[C@H](c3ccc(OCc4ccccc4)cc3)CN(C)C2)nc2cc[nH]c2c1=O	7.096910013008056	7CJT	424783eb31995c289aaea5e7c0c0dfb92e45bf30b68614857d13cf442ea6cd5a	1	A	7CD9	FVR	40;41;42;44;98;100;105;107;127;129;130;131;188;215;216;217;224	40;41;42;44;98;100;105;107;127;129;130;131;188;215;216;217;224		query_holo_receptor	True	True	False	17.0	165.0	1.0	0.0	0.0	0.058823529411764705	0.11764705882352941	0.058823529411764705	0.058823529411764705	0.058823529411764705	0.058823529411764705	0.0	0.058823529411764705	0.0	0.0	0.0	0.0	0.0	0.058823529411764705	0.0	0.11764705882352941	0.0	0.17647058823529413	0.17647058823529413	0.0	0.6787878787878788	0.15757575757575756	0.15757575757575756	0.006060606060606061	0.0	0.0	0.0	10.514236041514183	18.22469991812618	27.853	27.073	23.337999999999997	8.813952148442446	4.575461645890285	3.453774426425335	0.0	0.08823529411764706	0.11764705882352941	0.08088235294117647	0.125	0.27941176470588236	0.1323529411764706	0.17647058823529413	0.0	0.20588235294117646	3.2941176470588234	1.4858036400370693
RCSB-7CJT-G09-KD:S1	RCSB-7CJT-G09-KD	S1	construct-035-4f0c729feeb4	4f0c729feeb48359181ab8aff14e4aae346f23597e7567e08cbeef9103768c7b	Q15047	7CJT	G09	NBDJDKAXIGWAIM-XZOQPEGZSA-N	C=CCn1c(N[C@@H]2C[C@H](c3ccc(OCc4ccccc4)cc3)CN(C)C2)nc2cc[nH]c2c1=O	7.096910013008056	7CD9	8d639f46ff5c77b50ca6e2166989b92d4cf5b97682b54a3746f77314ecca0b5f	1	A	7CD9	FVR	40;41;42;44;98;100;105;107;127;129;130;131;188;215;216;217;224	40;41;42;44;98;100;105;107;127;129;130;131;188;215;216;217;224		fixed_historical_reference_receptor	False	True	False	17.0	168.0	1.0	0.0	0.0	0.058823529411764705	0.11764705882352941	0.058823529411764705	0.058823529411764705	0.058823529411764705	0.058823529411764705	0.0	0.058823529411764705	0.0	0.0	0.0	0.0	0.0	0.058823529411764705	0.0	0.11764705882352941	0.0	0.17647058823529413	0.17647058823529413	0.0	0.6726190476190477	0.15476190476190477	0.16666666666666666	0.005952380952380952	0.0	0.0	0.0	10.376816678786092	17.962118726327258	28.556999999999995	27.974999999999998	15.247	8.679305237367295	4.494111854292038	3.4858203658326414	0.0	0.08823529411764706	0.11764705882352941	0.08823529411764706	0.125	0.2867647058823529	0.125	0.16911764705882354	0.0	0.20588235294117646	3.2941176470588234	1.4043925160368613
RCSB-6BGV-DQG-KD:S0	RCSB-6BGV-DQG-KD	S0	construct-037-682d0d6b3d7a	682d0d6b3d7a36c275c378e2b34b8cd03010dd5cb336209dd74416dfab467698	P29375	6BGV	DQG	AWPYWZMMJZGPOX-NRFANRHFSA-N	O=C(O)c1ccnc2cc([C@@H](OCCN3CCCCC3)c3ccccc3Cl)[nH]c12	7.221848749616356	6BGV	4010edac184ef4a1eb9363506c920a0ca01095b575d636ab3996d68dd7363eaa	1	A	5IWF	LQT	151;152;154;210;212;214;221;222;225;227;228;233;234;235;243;245;313;317;323;325;326;327	151;152;154;210;212;214;221;222;225;227;228;233;234;235;243;245;313;317;323;325;326;327		query_holo_receptor	True	True	False	22.0	189.0	1.0	0.0	0.09090909090909091	0.0	0.09090909090909091	0.045454545454545456	0.045454545454545456	0.045454545454545456	0.09090909090909091	0.045454545454545456	0.045454545454545456	0.0	0.0	0.13636363636363635	0.0	0.0	0.0	0.09090909090909091	0.0	0.09090909090909091	0.09090909090909091	0.09090909090909091	0.0	0.6455026455026455	0.1693121693121693	0.18518518518518517	0.0	0.0	0.0	0.0	8.904954564895942	14.80569803372749	25.277	21.8	20.400999999999996	6.160186408166692	5.02134511899143	4.0170153616186655	0.004329004329004329	0.07792207792207792	0.12987012987012986	0.10822510822510822	0.18181818181818182	0.3203463203463203	0.16017316017316016	0.017316017316017316	0.0	0.21212121212121213	4.454545454545454	1.5587661999529314
RCSB-6BGV-DQG-KD:S1	RCSB-6BGV-DQG-KD	S1	construct-037-682d0d6b3d7a	682d0d6b3d7a36c275c378e2b34b8cd03010dd5cb336209dd74416dfab467698	P29375	6BGV	DQG	AWPYWZMMJZGPOX-NRFANRHFSA-N	O=C(O)c1ccnc2cc([C@@H](OCCN3CCCCC3)c3ccccc3Cl)[nH]c12	7.221848749616356	5IWF	2b288c6621d24b7e473b3ee1891849643d868512887685b2d31d86e8e5d5cfb2	1	A	5IWF	LQT	151;152;154;210;212;214;221;222;225;227;228;233;234;235;243;245;313;317;323;325;326;327	151;152;154;210;212;214;221;222;225;227;228;233;234;235;243;245;313;317;323;325;326;327		fixed_historical_reference_receptor	False	True	False	22.0	189.0	1.0	0.0	0.09090909090909091	0.0	0.09090909090909091	0.045454545454545456	0.045454545454545456	0.045454545454545456	0.09090909090909091	0.045454545454545456	0.045454545454545456	0.0	0.0	0.13636363636363635	0.0	0.0	0.0	0.09090909090909091	0.0	0.09090909090909091	0.09090909090909091	0.09090909090909091	0.0	0.6455026455026455	0.1693121693121693	0.18518518518518517	0.0	0.0	0.0	0.0	8.8638122236759	14.73962116367306	24.913	21.633	20.411	6.118161538467045	4.949129030978815	4.079385782263254	0.004329004329004329	0.08225108225108226	0.12987012987012986	0.1038961038961039	0.18181818181818182	0.329004329004329	0.15151515151515152	0.017316017316017316	0.0	0.21645021645021645	4.545454545454546	1.671343300986385
RCSB-6BH2-90V-KD:S0	RCSB-6BH2-90V-KD	S0	construct-037-682d0d6b3d7a	682d0d6b3d7a36c275c378e2b34b8cd03010dd5cb336209dd74416dfab467698	P29375	6BH2	90V	CXEXTVGTDZRKJS-LLVKDONJSA-N	CC(C)c1cc(C(=O)N2CC[C@@H](NC(=O)C3CC3)C2)[nH]n1	5.619788758288394	6BH2	c2ac3364569b58411554d84b16354f50ebebae7ff9ead7d97b4c26f0a98cfcab	1	A	5IWF	LQT	151;152;154;210;212;214;221;222;225;227;228;233;234;235;243;245;313;317;323;325;326;327	151;152;154;210;212;214;221;222;225;227;228;233;234;235;243;245;313;317;323;325;326;327		query_holo_receptor	True	True	False	22.0	189.0	1.0	0.0	0.09090909090909091	0.0	0.09090909090909091	0.045454545454545456	0.045454545454545456	0.045454545454545456	0.09090909090909091	0.045454545454545456	0.045454545454545456	0.0	0.0	0.13636363636363635	0.0	0.0	0.0	0.09090909090909091	0.0	0.09090909090909091	0.09090909090909091	0.09090909090909091	0.0	0.6455026455026455	0.1693121693121693	0.18518518518518517	0.0	0.0	0.0	0.0	9.006984254332897	15.095515538300338	25.068	22.721	19.793999999999997	6.19534612155029	5.0469233728272975	4.155961532642242	0.0	0.08225108225108226	0.11688311688311688	0.1038961038961039	0.19913419913419914	0.329004329004329	0.1471861471861472	0.021645021645021644	0.0	0.19913419913419914	4.181818181818182	1.6688690682441654
RCSB-6BH2-90V-KD:S1	RCSB-6BH2-90V-KD	S1	construct-037-682d0d6b3d7a	682d0d6b3d7a36c275c378e2b34b8cd03010dd5cb336209dd74416dfab467698	P29375	6BH2	90V	CXEXTVGTDZRKJS-LLVKDONJSA-N	CC(C)c1cc(C(=O)N2CC[C@@H](NC(=O)C3CC3)C2)[nH]n1	5.619788758288394	5IWF	2b288c6621d24b7e473b3ee1891849643d868512887685b2d31d86e8e5d5cfb2	1	A	5IWF	LQT	151;152;154;210;212;214;221;222;225;227;228;233;234;235;243;245;313;317;323;325;326;327	151;152;154;210;212;214;221;222;225;227;228;233;234;235;243;245;313;317;323;325;326;327		fixed_historical_reference_receptor	False	True	False	22.0	189.0	1.0	0.0	0.09090909090909091	0.0	0.09090909090909091	0.045454545454545456	0.045454545454545456	0.045454545454545456	0.09090909090909091	0.045454545454545456	0.045454545454545456	0.0	0.0	0.13636363636363635	0.0	0.0	0.0	0.09090909090909091	0.0	0.09090909090909091	0.09090909090909091	0.09090909090909091	0.0	0.6455026455026455	0.1693121693121693	0.18518518518518517	0.0	0.0	0.0	0.0	8.8638122236759	14.73962116367306	24.913	21.633	20.411	6.118161538467045	4.949129030978815	4.079385782263254	0.004329004329004329	0.08225108225108226	0.12987012987012986	0.1038961038961039	0.18181818181818182	0.329004329004329	0.15151515151515152	0.017316017316017316	0.0	0.21645021645021645	4.545454545454546	1.671343300986385
RCSB-6BH0-DO1-KD:S0	RCSB-6BH0-DO1-KD	S0	construct-037-682d0d6b3d7a	682d0d6b3d7a36c275c378e2b34b8cd03010dd5cb336209dd74416dfab467698	P29375	6BH0	DO1	AWPYWZMMJZGPOX-OAQYLSRUSA-N	O=C(O)c1ccnc2cc([C@H](OCCN3CCCCC3)c3ccccc3Cl)[nH]c12	6.657577319177793	6BH0	97a7ce46afeac70c9094e1bb78f7d9d06858c5f80f1517267a1c4def0844aa15	1	A	5IWF	LQT	151;152;154;210;212;214;221;222;225;227;228;233;234;235;243;245;313;317;323;325;326;327	151;152;154;210;212;214;221;222;225;227;228;233;234;235;243;245;313;317;323;325;326;327		query_holo_receptor	True	True	False	22.0	187.0	1.0	0.0	0.09090909090909091	0.0	0.09090909090909091	0.045454545454545456	0.045454545454545456	0.045454545454545456	0.09090909090909091	0.045454545454545456	0.045454545454545456	0.0	0.0	0.13636363636363635	0.0	0.0	0.0	0.09090909090909091	0.0	0.09090909090909091	0.09090909090909091	0.09090909090909091	0.0	0.6417112299465241	0.1711229946524064	0.18716577540106952	0.0	0.0	0.0	0.0	8.969540548850205	13.505563780223174	25.185	21.913	20.623	6.073879813873681	5.133913112228074	4.147719592761611	0.004329004329004329	0.0735930735930736	0.12987012987012986	0.1038961038961039	0.1645021645021645	0.3333333333333333	0.17316017316017315	0.017316017316017316	0.0	0.2077922077922078	4.363636363636363	1.5824450168662916
RCSB-6BH0-DO1-KD:S1	RCSB-6BH0-DO1-KD	S1	construct-037-682d0d6b3d7a	682d0d6b3d7a36c275c378e2b34b8cd03010dd5cb336209dd74416dfab467698	P29375	6BH0	DO1	AWPYWZMMJZGPOX-OAQYLSRUSA-N	O=C(O)c1ccnc2cc([C@H](OCCN3CCCCC3)c3ccccc3Cl)[nH]c12	6.657577319177793	5IWF	2b288c6621d24b7e473b3ee1891849643d868512887685b2d31d86e8e5d5cfb2	1	A	5IWF	LQT	151;152;154;210;212;214;221;222;225;227;228;233;234;235;243;245;313;317;323;325;326;327	151;152;154;210;212;214;221;222;225;227;228;233;234;235;243;245;313;317;323;325;326;327		fixed_historical_reference_receptor	False	True	False	22.0	189.0	1.0	0.0	0.09090909090909091	0.0	0.09090909090909091	0.045454545454545456	0.045454545454545456	0.045454545454545456	0.09090909090909091	0.045454545454545456	0.045454545454545456	0.0	0.0	0.13636363636363635	0.0	0.0	0.0	0.09090909090909091	0.0	0.09090909090909091	0.09090909090909091	0.09090909090909091	0.0	0.6455026455026455	0.1693121693121693	0.18518518518518517	0.0	0.0	0.0	0.0	8.8638122236759	14.73962116367306	24.913	21.633	20.411	6.118161538467045	4.949129030978815	4.079385782263254	0.004329004329004329	0.08225108225108226	0.12987012987012986	0.1038961038961039	0.18181818181818182	0.329004329004329	0.15151515151515152	0.017316017316017316	0.0	0.21645021645021645	4.545454545454546	1.671343300986385
RCSB-5F2P-5TY-KD:S0	RCSB-5F2P-5TY-KD	S0	construct-039-90fec4b83698	90fec4b836986f10bbadc7efebe17b38248dc617ec5cb903f1db919321382f73	Q9H8M2	5F2P	5TY	YKBGUFTWJZHVCT-UHFFFAOYSA-N	CN(C)c1ncc2c(=O)n(C)ccc2n1	4.425968732272281	5F2P	ebb05381f6e1c63331076719a6b3a69de81d1ee433ac56691d4caf3fa8112c00	1	A	4Z6H	4L2	31;32;33;34;35;36;37;38;39;42;43;46;84;85;88;89;95	31;32;33;34;35;36;37;38;39;42;43;46;84;85;88;89;95		query_holo_receptor	True	True	False	17.0	143.0	1.0	0.0	0.17647058823529413	0.0	0.0	0.0	0.17647058823529413	0.058823529411764705	0.058823529411764705	0.058823529411764705	0.0	0.0	0.0	0.11764705882352941	0.058823529411764705	0.0	0.0	0.0	0.058823529411764705	0.058823529411764705	0.0	0.17647058823529413	0.0	0.6923076923076923	0.14685314685314685	0.16083916083916083	0.0	0.0	0.0	0.0	7.846306155054111	13.948913831220358	19.315	16.792	15.864999999999998	5.592560958324915	4.3801618614207705	3.331961025284491	0.0	0.13970588235294118	0.14705882352941177	0.14705882352941177	0.18382352941176472	0.33088235294117646	0.051470588235294115	0.0	0.0	0.2867647058823529	4.588235294117647	1.4166581857402702
RCSB-5F2P-5TY-KD:S1	RCSB-5F2P-5TY-KD	S1	construct-039-90fec4b83698	90fec4b836986f10bbadc7efebe17b38248dc617ec5cb903f1db919321382f73	Q9H8M2	5F2P	5TY	YKBGUFTWJZHVCT-UHFFFAOYSA-N	CN(C)c1ncc2c(=O)n(C)ccc2n1	4.425968732272281	4Z6H	7306ad9a29c230c0bc91f89e13a43b5bb6f8313bb11efd95b52b8dd8c8e516ff	1	A	4Z6H	4L2	31;32;33;34;35;36;37;38;39;42;43;46;84;85;88;89;95	31;32;33;34;35;36;37;38;39;42;43;46;84;85;88;89;95		fixed_historical_reference_receptor	False	True	False	17.0	143.0	1.0	0.0	0.17647058823529413	0.0	0.0	0.0	0.17647058823529413	0.058823529411764705	0.058823529411764705	0.058823529411764705	0.0	0.0	0.0	0.11764705882352941	0.058823529411764705	0.0	0.0	0.0	0.058823529411764705	0.058823529411764705	0.0	0.17647058823529413	0.0	0.6923076923076923	0.14685314685314685	0.16083916083916083	0.0	0.0	0.0	0.0	8.077657266337578	14.106617497488571	19.204000000000008	17.925	17.460000000000008	5.788436920384881	4.51719540516301	3.367119036018126	0.007352941176470588	0.15441176470588236	0.10294117647058823	0.13970588235294118	0.19117647058823528	0.33088235294117646	0.07352941176470588	0.0	0.0	0.2647058823529412	4.235294117647059	1.0017286097603766
RCSB-5F25-5TU-KD:S0	RCSB-5F25-5TU-KD	S0	construct-039-90fec4b83698	90fec4b836986f10bbadc7efebe17b38248dc617ec5cb903f1db919321382f73	Q9H8M2	5F25	5TU	LCFYRSDVZKRXGW-UHFFFAOYSA-N	Cc1cc(-c2ccc(C(N)=O)cc2)cn(C)c1=O	5.040958607678906	5F25	f34f5b7d0778973a08ec35b6d17743a1df8babeacd1e472e18e45e6b9e5e14c8	1	A	4Z6H	4L2	31;32;33;34;35;36;37;38;39;42;43;46;84;85;88;89;95	31;32;33;34;35;36;37;38;39;42;43;46;84;85;88;89;95		query_holo_receptor	True	True	False	17.0	143.0	1.0	0.0	0.17647058823529413	0.0	0.0	0.0	0.17647058823529413	0.058823529411764705	0.058823529411764705	0.058823529411764705	0.0	0.0	0.0	0.11764705882352941	0.058823529411764705	0.0	0.0	0.0	0.058823529411764705	0.058823529411764705	0.0	0.17647058823529413	0.0	0.6923076923076923	0.14685314685314685	0.16083916083916083	0.0	0.0	0.0	0.0	8.051754407268334	13.886179889986407	19.305999999999997	18.209	15.96	5.750889276893271	4.550696433597913	3.3240312166281245	0.007352941176470588	0.13970588235294118	0.10294117647058823	0.19117647058823528	0.16176470588235295	0.3235294117647059	0.07352941176470588	0.0	0.0	0.25	4.0	1.0289915108550531
RCSB-5F25-5TU-KD:S1	RCSB-5F25-5TU-KD	S1	construct-039-90fec4b83698	90fec4b836986f10bbadc7efebe17b38248dc617ec5cb903f1db919321382f73	Q9H8M2	5F25	5TU	LCFYRSDVZKRXGW-UHFFFAOYSA-N	Cc1cc(-c2ccc(C(N)=O)cc2)cn(C)c1=O	5.040958607678906	4Z6H	7306ad9a29c230c0bc91f89e13a43b5bb6f8313bb11efd95b52b8dd8c8e516ff	1	A	4Z6H	4L2	31;32;33;34;35;36;37;38;39;42;43;46;84;85;88;89;95	31;32;33;34;35;36;37;38;39;42;43;46;84;85;88;89;95		fixed_historical_reference_receptor	False	True	False	17.0	143.0	1.0	0.0	0.17647058823529413	0.0	0.0	0.0	0.17647058823529413	0.058823529411764705	0.058823529411764705	0.058823529411764705	0.0	0.0	0.0	0.11764705882352941	0.058823529411764705	0.0	0.0	0.0	0.058823529411764705	0.058823529411764705	0.0	0.17647058823529413	0.0	0.6923076923076923	0.14685314685314685	0.16083916083916083	0.0	0.0	0.0	0.0	8.077657266337578	14.106617497488571	19.204000000000008	17.925	17.460000000000008	5.788436920384881	4.51719540516301	3.367119036018126	0.007352941176470588	0.15441176470588236	0.10294117647058823	0.13970588235294118	0.19117647058823528	0.33088235294117646	0.07352941176470588	0.0	0.0	0.2647058823529412	4.235294117647059	1.0017286097603766
RCSB-4Z6I-4L3-KD:S0	RCSB-4Z6I-4L3-KD	S0	construct-039-90fec4b83698	90fec4b836986f10bbadc7efebe17b38248dc617ec5cb903f1db919321382f73	Q9H8M2	4Z6I	4L3	SMDVXOGKDHVOGV-SQJMNOBHSA-N	Cc1cc(=O)n(C)c2cc(N3C(=O)CC[C@H](NC(=O)OC(C)(C)C)[C@H]3c3ccccc3)ccc12	6.30715308072277	4Z6I	d62e5280ff6172718b4fd09f2e35bc53e6645530c6f52115cf3d9e4c0fd7f732	1	A	4Z6H	4L2	31;32;33;34;35;36;37;38;39;42;43;46;84;85;88;89;95	31;32;33;34;35;36;37;38;39;42;43;46;84;85;88;89;95		query_holo_receptor	True	True	False	17.0	143.0	1.0	0.0	0.17647058823529413	0.0	0.0	0.0	0.17647058823529413	0.058823529411764705	0.058823529411764705	0.058823529411764705	0.0	0.0	0.0	0.11764705882352941	0.058823529411764705	0.0	0.0	0.0	0.058823529411764705	0.058823529411764705	0.0	0.17647058823529413	0.0	0.6923076923076923	0.14685314685314685	0.16083916083916083	0.0	0.0	0.0	0.0	8.027226570911903	13.379473855991565	20.901999999999997	19.979	16.975	5.640536560796653	4.682490240615951	3.2703209129390842	0.007352941176470588	0.14705882352941177	0.10294117647058823	0.16911764705882354	0.17647058823529413	0.3382352941176471	0.058823529411764705	0.0	0.0	0.25735294117647056	4.117647058823529	0.9629826790438176
RCSB-4Z6I-4L3-KD:S1	RCSB-4Z6I-4L3-KD	S1	construct-039-90fec4b83698	90fec4b836986f10bbadc7efebe17b38248dc617ec5cb903f1db919321382f73	Q9H8M2	4Z6I	4L3	SMDVXOGKDHVOGV-SQJMNOBHSA-N	Cc1cc(=O)n(C)c2cc(N3C(=O)CC[C@H](NC(=O)OC(C)(C)C)[C@H]3c3ccccc3)ccc12	6.30715308072277	4Z6H	7306ad9a29c230c0bc91f89e13a43b5bb6f8313bb11efd95b52b8dd8c8e516ff	1	A	4Z6H	4L2	31;32;33;34;35;36;37;38;39;42;43;46;84;85;88;89;95	31;32;33;34;35;36;37;38;39;42;43;46;84;85;88;89;95		fixed_historical_reference_receptor	False	True	False	17.0	143.0	1.0	0.0	0.17647058823529413	0.0	0.0	0.0	0.17647058823529413	0.058823529411764705	0.058823529411764705	0.058823529411764705	0.0	0.0	0.0	0.11764705882352941	0.058823529411764705	0.0	0.0	0.0	0.058823529411764705	0.058823529411764705	0.0	0.17647058823529413	0.0	0.6923076923076923	0.14685314685314685	0.16083916083916083	0.0	0.0	0.0	0.0	8.077657266337578	14.106617497488571	19.204000000000008	17.925	17.460000000000008	5.788436920384881	4.51719540516301	3.367119036018126	0.007352941176470588	0.15441176470588236	0.10294117647058823	0.13970588235294118	0.19117647058823528	0.33088235294117646	0.07352941176470588	0.0	0.0	0.2647058823529412	4.235294117647059	1.0017286097603766
RCSB-7Z62-IEC-KD:S0	RCSB-7Z62-IEC-KD	S0	construct-040-ac2363267f3b	ac2363267f3bff112da89037b97f9c4d544249427c1030054021fb3dfd307f2a	Q05097	7Z62	IEC	FXBHOHBIBVREQU-IFLJBQAJSA-N	C=C(c1ccc(OC)cc1)c1ccc(S[C@@H]2O[C@H](CO)[C@H](O)[C@H](O)[C@H]2O)cc1	5.522878745280337	7Z62	50e6cf3c2f2c8d1d7c51f35e300c879bcbae6b1d0d6f98a90e44ec7ced7f2500	1	A	4A6S	GS9	36;37;38;50;51;52;53;55;62;100;101;104;105;107;108	36;37;38;50;51;52;53;55;62;100;101;104;105;107;108		query_holo_receptor	True	True	False	15.0	121.0	1.0	0.0	0.0	0.06666666666666667	0.13333333333333333	0.0	0.0	0.06666666666666667	0.06666666666666667	0.0	0.0	0.06666666666666667	0.0	0.13333333333333333	0.13333333333333333	0.06666666666666667	0.0	0.0	0.06666666666666667	0.06666666666666667	0.0	0.13333333333333333	0.0	0.6198347107438017	0.1652892561983471	0.2066115702479339	0.008264462809917356	0.0	0.0	0.0	7.142859043139267	10.499202376816427	18.473	16.470999999999997	12.869999999999997	5.43291090675913	4.038071013607453	2.2798896636542256	0.02857142857142857	0.17142857142857143	0.17142857142857143	0.2	0.1619047619047619	0.24761904761904763	0.01904761904761905	0.0	0.0	0.37142857142857144	5.2	1.0456258094238748
RCSB-7Z62-IEC-KD:S1	RCSB-7Z62-IEC-KD	S1	construct-040-ac2363267f3b	ac2363267f3bff112da89037b97f9c4d544249427c1030054021fb3dfd307f2a	Q05097	7Z62	IEC	FXBHOHBIBVREQU-IFLJBQAJSA-N	C=C(c1ccc(OC)cc1)c1ccc(S[C@@H]2O[C@H](CO)[C@H](O)[C@H](O)[C@H]2O)cc1	5.522878745280337	4A6S	bebac54d74b37a72d0e702303a0debe74b77a4d2a57131fe9232b02d1eed640a	1	A	4A6S	GS9	36;37;38;50;51;52;53;55;62;100;101;104;105;107;108	36;37;38;50;51;52;53;55;62;100;101;104;105;107;108		fixed_historical_reference_receptor	False	True	False	15.0	121.0	1.0	0.0	0.0	0.06666666666666667	0.13333333333333333	0.0	0.0	0.06666666666666667	0.06666666666666667	0.0	0.0	0.06666666666666667	0.0	0.13333333333333333	0.13333333333333333	0.06666666666666667	0.0	0.0	0.06666666666666667	0.06666666666666667	0.0	0.13333333333333333	0.0	0.6198347107438017	0.1652892561983471	0.2066115702479339	0.008264462809917356	0.0	0.0	0.0	7.216070965648258	10.638525987684067	19.839	16.093000000000004	15.305000000000007	5.521540450463864	4.0136809682921895	2.339794076394785	0.02857142857142857	0.17142857142857143	0.17142857142857143	0.18095238095238095	0.19047619047619047	0.23809523809523808	0.01904761904761905	0.0	0.0	0.37142857142857144	5.2	1.0456258094238748
RCSB-4LK7-GAL-KD:S0	RCSB-4LK7-GAL-KD	S0	construct-040-ac2363267f3b	ac2363267f3bff112da89037b97f9c4d544249427c1030054021fb3dfd307f2a	Q05097	4LK7	GAL	WQZGKKKJIJFFOK-FPRJBGLDSA-N	OC[C@H]1O[C@@H](O)[C@H](O)[C@@H](O)[C@H]1O	4.057991946977687	4LK7	e169c1e62e3e3eec2971ca37a80152da037c80412b34a6ca7051b3dfbb3d4f70	1	A	4A6S	GS9	36;37;38;50;51;52;53;55;62;100;101;104;105;107;108	36;37;38;50;51;52;53;55;62;100;101;104;105;107;108		query_holo_receptor	True	True	False	15.0	121.0	1.0	0.0	0.0	0.06666666666666667	0.13333333333333333	0.0	0.0	0.06666666666666667	0.06666666666666667	0.0	0.0	0.06666666666666667	0.0	0.13333333333333333	0.13333333333333333	0.06666666666666667	0.0	0.0	0.06666666666666667	0.06666666666666667	0.0	0.13333333333333333	0.0	0.6198347107438017	0.1652892561983471	0.2066115702479339	0.008264462809917356	0.0	0.0	0.0	7.145306639327364	10.542518090624332	18.82	14.525999999999998	14.343000000000004	5.3921286940775905	4.08937649590438	2.292892276419812	0.02857142857142857	0.1619047619047619	0.18095238095238095	0.2	0.1619047619047619	0.24761904761904763	0.01904761904761905	0.0	0.0	0.37142857142857144	5.2	1.0456258094238748
RCSB-4LK7-GAL-KD:S1	RCSB-4LK7-GAL-KD	S1	construct-040-ac2363267f3b	ac2363267f3bff112da89037b97f9c4d544249427c1030054021fb3dfd307f2a	Q05097	4LK7	GAL	WQZGKKKJIJFFOK-FPRJBGLDSA-N	OC[C@H]1O[C@@H](O)[C@H](O)[C@@H](O)[C@H]1O	4.057991946977687	4A6S	bebac54d74b37a72d0e702303a0debe74b77a4d2a57131fe9232b02d1eed640a	1	A	4A6S	GS9	36;37;38;50;51;52;53;55;62;100;101;104;105;107;108	36;37;38;50;51;52;53;55;62;100;101;104;105;107;108		fixed_historical_reference_receptor	False	True	False	15.0	121.0	1.0	0.0	0.0	0.06666666666666667	0.13333333333333333	0.0	0.0	0.06666666666666667	0.06666666666666667	0.0	0.0	0.06666666666666667	0.0	0.13333333333333333	0.13333333333333333	0.06666666666666667	0.0	0.0	0.06666666666666667	0.06666666666666667	0.0	0.13333333333333333	0.0	0.6198347107438017	0.1652892561983471	0.2066115702479339	0.008264462809917356	0.0	0.0	0.0	7.216070965648258	10.638525987684067	19.839	16.093000000000004	15.305000000000007	5.521540450463864	4.0136809682921895	2.339794076394785	0.02857142857142857	0.17142857142857143	0.17142857142857143	0.18095238095238095	0.19047619047619047	0.23809523809523808	0.01904761904761905	0.0	0.0	0.37142857142857144	5.2	1.0456258094238748
RCSB-7Z63-IE3-KD:S0	RCSB-7Z63-IE3-KD	S0	construct-040-ac2363267f3b	ac2363267f3bff112da89037b97f9c4d544249427c1030054021fb3dfd307f2a	Q05097	7Z63	IE3	MGBZLSXWJZVCBJ-YNIWLMFPSA-N	COc1ccc(C(=O)c2cc(OC)c(OC)c(OC)c2)cc1S[C@@H]1O[C@H](CO)[C@H](O)[C@H](O)[C@H]1O	5.991399828238082	7Z63	1fdf12b22d18218a50923ed29d49a0eb9b48504f11a4670259603e6ba4aca463	1	A	4A6S	GS9	36;37;38;50;51;52;53;55;62;100;101;104;105;107;108	36;37;38;50;51;52;53;55;62;100;101;104;105;107;108		query_holo_receptor	True	True	False	15.0	121.0	1.0	0.0	0.0	0.06666666666666667	0.13333333333333333	0.0	0.0	0.06666666666666667	0.06666666666666667	0.0	0.0	0.06666666666666667	0.0	0.13333333333333333	0.13333333333333333	0.06666666666666667	0.0	0.0	0.06666666666666667	0.06666666666666667	0.0	0.13333333333333333	0.0	0.6198347107438017	0.1652892561983471	0.2066115702479339	0.008264462809917356	0.0	0.0	0.0	7.118611231006116	10.435186729315282	17.463	16.794999999999998	12.554000000000002	5.370408091942057	4.059022390864583	2.3146662858109033	0.0380952380952381	0.1619047619047619	0.17142857142857143	0.19047619047619047	0.17142857142857143	0.2571428571428571	0.009523809523809525	0.0	0.0	0.37142857142857144	5.2	1.0456258094238748
RCSB-7Z63-IE3-KD:S1	RCSB-7Z63-IE3-KD	S1	construct-040-ac2363267f3b	ac2363267f3bff112da89037b97f9c4d544249427c1030054021fb3dfd307f2a	Q05097	7Z63	IE3	MGBZLSXWJZVCBJ-YNIWLMFPSA-N	COc1ccc(C(=O)c2cc(OC)c(OC)c(OC)c2)cc1S[C@@H]1O[C@H](CO)[C@H](O)[C@H](O)[C@H]1O	5.991399828238082	4A6S	bebac54d74b37a72d0e702303a0debe74b77a4d2a57131fe9232b02d1eed640a	1	A	4A6S	GS9	36;37;38;50;51;52;53;55;62;100;101;104;105;107;108	36;37;38;50;51;52;53;55;62;100;101;104;105;107;108		fixed_historical_reference_receptor	False	True	False	15.0	121.0	1.0	0.0	0.0	0.06666666666666667	0.13333333333333333	0.0	0.0	0.06666666666666667	0.06666666666666667	0.0	0.0	0.06666666666666667	0.0	0.13333333333333333	0.13333333333333333	0.06666666666666667	0.0	0.0	0.06666666666666667	0.06666666666666667	0.0	0.13333333333333333	0.0	0.6198347107438017	0.1652892561983471	0.2066115702479339	0.008264462809917356	0.0	0.0	0.0	7.216070965648258	10.638525987684067	19.839	16.093000000000004	15.305000000000007	5.521540450463864	4.0136809682921895	2.339794076394785	0.02857142857142857	0.17142857142857143	0.17142857142857143	0.18095238095238095	0.19047619047619047	0.23809523809523808	0.01904761904761905	0.0	0.0	0.37142857142857144	5.2	1.0456258094238748
RCSB-3C49-KU8-KD:S0	RCSB-3C49-KU8-KD	S0	construct-041-af8addec2ede	af8addec2ede8822dd17537922964c9d6a80b885a86e8d395e942cdce83d6335	Q9Y6F1	3C49	KU8	HGEPGGJUGUMFHT-UHFFFAOYSA-N	O=C(c1cc(Cc2n[nH]c(=O)c3ccccc23)ccc1F)N1CCCNCC1	7.154901959985743	3C49	dc80da63777540a16bb4cf784d71ccf91129bbc8aff160e6fb66a7a4ad980782	1	A	3C4H	DRL	208;209;210;211;239;240;241;246;247;248;250;264;338;339;340	208;209;210;211;239;240;241;246;247;248;250;264;338;339;340		query_holo_receptor	True	True	False	15.0	130.0	1.0	0.0	0.13333333333333333	0.0	0.0	0.06666666666666667	0.06666666666666667	0.06666666666666667	0.06666666666666667	0.0	0.06666666666666667	0.0	0.06666666666666667	0.0	0.0	0.0	0.0	0.13333333333333333	0.06666666666666667	0.0	0.06666666666666667	0.2	0.0	0.6692307692307692	0.14615384615384616	0.17692307692307693	0.007692307692307693	0.0	0.0	0.0	7.1375723555913435	10.742877824554906	18.227999999999998	18.139	17.64	5.1907501570219585	3.656209073701425	3.2608568119532078	0.01904761904761905	0.13333333333333333	0.24761904761904763	0.2	0.2	0.17142857142857143	0.02857142857142857	0.0	0.0	0.4	5.6	1.7813852287849852
RCSB-3C49-KU8-KD:S1	RCSB-3C49-KU8-KD	S1	construct-041-af8addec2ede	af8addec2ede8822dd17537922964c9d6a80b885a86e8d395e942cdce83d6335	Q9Y6F1	3C49	KU8	HGEPGGJUGUMFHT-UHFFFAOYSA-N	O=C(c1cc(Cc2n[nH]c(=O)c3ccccc23)ccc1F)N1CCCNCC1	7.154901959985743	3C4H	cf7d08126e5e29c1e778b057545ae89650130338fae127a3abacc22272188e83	1	A	3C4H	DRL	208;209;210;211;239;240;241;246;247;248;250;264;338;339;340	208;209;210;211;239;240;241;246;247;248;250;264;338;339;340		fixed_historical_reference_receptor	False	True	False	15.0	130.0	1.0	0.0	0.13333333333333333	0.0	0.0	0.06666666666666667	0.06666666666666667	0.06666666666666667	0.06666666666666667	0.0	0.06666666666666667	0.0	0.06666666666666667	0.0	0.0	0.0	0.0	0.13333333333333333	0.06666666666666667	0.0	0.06666666666666667	0.2	0.0	0.6692307692307692	0.14615384615384616	0.17692307692307693	0.007692307692307693	0.0	0.0	0.0	7.1321099912741905	10.713202986684482	18.316	18.145	17.572	5.145508552805243	3.6788166900959314	3.2950026435972473	0.01904761904761905	0.1523809523809524	0.21904761904761905	0.2	0.2	0.18095238095238095	0.02857142857142857	0.0	0.0	0.3904761904761905	5.466666666666667	1.7074997966487597
RCSB-3CE0-P34-KD:S0	RCSB-3CE0-P34-KD	S0	construct-041-af8addec2ede	af8addec2ede8822dd17537922964c9d6a80b885a86e8d395e942cdce83d6335	Q9Y6F1	3CE0	P34	UYJZZVDLGDDTCL-UHFFFAOYSA-N	CN(C)CC(=O)Nc1ccc2[nH]c(=O)c3ccccc3c2c1	6.154901959985743	3CE0	2dcbbc61ef4edbe8b480433203ac213c7ad2526085cf315915bffe176c9575e7	1	A	3C4H	DRL	208;209;210;211;239;240;241;246;247;248;250;264;338;339;340	208;209;210;211;239;240;241;246;247;248;250;264;338;339;340		query_holo_receptor	True	True	False	15.0	130.0	1.0	0.0	0.13333333333333333	0.0	0.0	0.06666666666666667	0.06666666666666667	0.06666666666666667	0.06666666666666667	0.0	0.06666666666666667	0.0	0.06666666666666667	0.0	0.0	0.0	0.0	0.13333333333333333	0.06666666666666667	0.0	0.06666666666666667	0.2	0.0	0.6692307692307692	0.14615384615384616	0.17692307692307693	0.007692307692307693	0.0	0.0	0.0	7.137506547136345	10.788272980647577	18.465	18.423	17.505	5.143146775286216	3.7253234748631945	3.2579143582835943	0.01904761904761905	0.1523809523809524	0.22857142857142856	0.2	0.19047619047619047	0.18095238095238095	0.02857142857142857	0.0	0.0	0.4	5.6	1.6653327995729064
RCSB-3CE0-P34-KD:S1	RCSB-3CE0-P34-KD	S1	construct-041-af8addec2ede	af8addec2ede8822dd17537922964c9d6a80b885a86e8d395e942cdce83d6335	Q9Y6F1	3CE0	P34	UYJZZVDLGDDTCL-UHFFFAOYSA-N	CN(C)CC(=O)Nc1ccc2[nH]c(=O)c3ccccc3c2c1	6.154901959985743	3C4H	cf7d08126e5e29c1e778b057545ae89650130338fae127a3abacc22272188e83	1	A	3C4H	DRL	208;209;210;211;239;240;241;246;247;248;250;264;338;339;340	208;209;210;211;239;240;241;246;247;248;250;264;338;339;340		fixed_historical_reference_receptor	False	True	False	15.0	130.0	1.0	0.0	0.13333333333333333	0.0	0.0	0.06666666666666667	0.06666666666666667	0.06666666666666667	0.06666666666666667	0.0	0.06666666666666667	0.0	0.06666666666666667	0.0	0.0	0.0	0.0	0.13333333333333333	0.06666666666666667	0.0	0.06666666666666667	0.2	0.0	0.6692307692307692	0.14615384615384616	0.17692307692307693	0.007692307692307693	0.0	0.0	0.0	7.1321099912741905	10.713202986684482	18.316	18.145	17.572	5.145508552805243	3.6788166900959314	3.2950026435972473	0.01904761904761905	0.1523809523809524	0.21904761904761905	0.2	0.2	0.18095238095238095	0.02857142857142857	0.0	0.0	0.3904761904761905	5.466666666666667	1.7074997966487597
RCSB-8G44-ZU9-KD:S0	RCSB-8G44-ZU9-KD	S0	construct-042-b818769d59cf	b818769d59cf6fd4f1022afa7f6b60e90feb3ecba9b9867182a471a9039cb1d4	Q9UBN7	8G44	ZU9	QZFFZTYIGSWGJT-UHFFFAOYSA-N	O=C(O)CCc1nc2ccccc2c(=O)n1CC(=O)NCc1ccccc1	6.207608310501746	8G44	b02a749ed2c3bc398339c6c249a1a871e5481750ab7fedfdcdfdeb329568f8b3	1	A	6CE6	EYP	35;37;47;48;49;50;53;55;56;67;76;78;81;83	35;37;47;48;49;50;53;55;56;67;76;78;81;83		query_holo_receptor	True	True	False	14.0	130.0	1.0	0.0	0.0	0.07142857142857142	0.0	0.07142857142857142	0.0	0.14285714285714285	0.0	0.0	0.0	0.07142857142857142	0.07142857142857142	0.0	0.0	0.07142857142857142	0.07142857142857142	0.0	0.0	0.07142857142857142	0.14285714285714285	0.21428571428571427	0.0	0.676923076923077	0.15384615384615385	0.15384615384615385	0.015384615384615385	0.0	0.0	0.0	7.592104914812149	12.687128909957126	19.657	17.749	16.131	5.514788220701512	3.842307239873036	3.530416829886507	0.02197802197802198	0.10989010989010989	0.2087912087912088	0.18681318681318682	0.17582417582417584	0.24175824175824176	0.054945054945054944	0.0	0.0	0.34065934065934067	4.428571428571429	1.720227796970328
RCSB-8G44-ZU9-KD:S1	RCSB-8G44-ZU9-KD	S1	construct-042-b818769d59cf	b818769d59cf6fd4f1022afa7f6b60e90feb3ecba9b9867182a471a9039cb1d4	Q9UBN7	8G44	ZU9	QZFFZTYIGSWGJT-UHFFFAOYSA-N	O=C(O)CCc1nc2ccccc2c(=O)n1CC(=O)NCc1ccccc1	6.207608310501746	6CE6	ad55af7d85f7921dcae959cbe3ca0d433c92fa29f40aee64001329e6c01ac7c5	1	A	6CE6	EYP	35;37;47;48;49;50;53;55;56;67;76;78;81;83	35;37;47;48;49;50;53;55;56;67;76;78;81;83		fixed_historical_reference_receptor	False	True	False	14.0	130.0	1.0	0.0	0.0	0.07142857142857142	0.0	0.07142857142857142	0.0	0.14285714285714285	0.0	0.0	0.0	0.07142857142857142	0.07142857142857142	0.0	0.0	0.07142857142857142	0.07142857142857142	0.0	0.0	0.07142857142857142	0.14285714285714285	0.21428571428571427	0.0	0.676923076923077	0.15384615384615385	0.15384615384615385	0.015384615384615385	0.0	0.0	0.0	7.471967991019271	12.127371147168848	19.04	18.336	15.809	5.42363325570759	3.784147922450782	3.4777481891894793	0.02197802197802198	0.13186813186813187	0.18681318681318682	0.1978021978021978	0.18681318681318682	0.23076923076923078	0.04395604395604396	0.0	0.0	0.34065934065934067	4.428571428571429	1.720227796970328
RCSB-8G43-ZU6-KD:S0	RCSB-8G43-ZU6-KD	S0	construct-042-b818769d59cf	b818769d59cf6fd4f1022afa7f6b60e90feb3ecba9b9867182a471a9039cb1d4	Q9UBN7	8G43	ZU6	DEMTVGMQPPAESO-UHFFFAOYSA-N	CNC(=O)Cn1c(CCC(=O)O)nc2ccccc2c1=O	4.853871964321762	8G43	da42c77c4dbc2ac3834b9dbda942f0a8ecbe8d38e26686c8a8317de34790073a	1	A	6CE6	EYP	35;37;47;48;49;50;53;55;56;67;76;78;81;83	35;37;47;48;49;50;53;55;56;67;76;78;81;83		query_holo_receptor	True	True	False	14.0	130.0	1.0	0.0	0.0	0.07142857142857142	0.0	0.07142857142857142	0.0	0.14285714285714285	0.0	0.0	0.0	0.07142857142857142	0.07142857142857142	0.0	0.0	0.07142857142857142	0.07142857142857142	0.0	0.0	0.07142857142857142	0.14285714285714285	0.21428571428571427	0.0	0.676923076923077	0.15384615384615385	0.15384615384615385	0.015384615384615385	0.0	0.0	0.0	7.540848679243897	12.65602696576947	19.833	17.555	16.056	5.457837215592456	3.8000435857727295	3.554726498280277	0.02197802197802198	0.10989010989010989	0.2087912087912088	0.1978021978021978	0.17582417582417584	0.24175824175824176	0.04395604395604396	0.0	0.0	0.34065934065934067	4.428571428571429	1.720227796970328
RCSB-8G43-ZU6-KD:S1	RCSB-8G43-ZU6-KD	S1	construct-042-b818769d59cf	b818769d59cf6fd4f1022afa7f6b60e90feb3ecba9b9867182a471a9039cb1d4	Q9UBN7	8G43	ZU6	DEMTVGMQPPAESO-UHFFFAOYSA-N	CNC(=O)Cn1c(CCC(=O)O)nc2ccccc2c1=O	4.853871964321762	6CE6	ad55af7d85f7921dcae959cbe3ca0d433c92fa29f40aee64001329e6c01ac7c5	1	A	6CE6	EYP	35;37;47;48;49;50;53;55;56;67;76;78;81;83	35;37;47;48;49;50;53;55;56;67;76;78;81;83		fixed_historical_reference_receptor	False	True	False	14.0	130.0	1.0	0.0	0.0	0.07142857142857142	0.0	0.07142857142857142	0.0	0.14285714285714285	0.0	0.0	0.0	0.07142857142857142	0.07142857142857142	0.0	0.0	0.07142857142857142	0.07142857142857142	0.0	0.0	0.07142857142857142	0.14285714285714285	0.21428571428571427	0.0	0.676923076923077	0.15384615384615385	0.15384615384615385	0.015384615384615385	0.0	0.0	0.0	7.471967991019271	12.127371147168848	19.04	18.336	15.809	5.42363325570759	3.784147922450782	3.4777481891894793	0.02197802197802198	0.13186813186813187	0.18681318681318682	0.1978021978021978	0.18681318681318682	0.23076923076923078	0.04395604395604396	0.0	0.0	0.34065934065934067	4.428571428571429	1.720227796970328
RCSB-6CED-EYA-KD:S0	RCSB-6CED-EYA-KD	S0	construct-042-b818769d59cf	b818769d59cf6fd4f1022afa7f6b60e90feb3ecba9b9867182a471a9039cb1d4	Q9UBN7	6CED	EYA	UXGWMRNLTMHSST-UHFFFAOYSA-N	Cn1c(CCC(=O)O)nc2ccccc2c1=O	5.823908740944319	6CED	cbd4137f49c88c19d6ac336c762140c6c6ae96de95a6d7c38884f35f95512f46	1	A	6CE6	EYP	35;37;47;48;49;50;53;55;56;67;76;78;81;83	35;37;47;48;49;50;53;55;56;67;76;78;81;83		query_holo_receptor	True	True	False	14.0	130.0	1.0	0.0	0.0	0.07142857142857142	0.0	0.07142857142857142	0.0	0.14285714285714285	0.0	0.0	0.0	0.07142857142857142	0.07142857142857142	0.0	0.0	0.07142857142857142	0.07142857142857142	0.0	0.0	0.07142857142857142	0.14285714285714285	0.21428571428571427	0.0	0.676923076923077	0.15384615384615385	0.15384615384615385	0.015384615384615385	0.0	0.0	0.0	7.4943543395390675	12.589950858139002	19.731	17.848	15.876000000000001	5.427650253720621	3.795366964259373	3.5072994306821172	0.02197802197802198	0.12087912087912088	0.1978021978021978	0.2087912087912088	0.15384615384615385	0.26373626373626374	0.03296703296703297	0.0	0.0	0.34065934065934067	4.428571428571429	1.720227796970328
RCSB-6CED-EYA-KD:S1	RCSB-6CED-EYA-KD	S1	construct-042-b818769d59cf	b818769d59cf6fd4f1022afa7f6b60e90feb3ecba9b9867182a471a9039cb1d4	Q9UBN7	6CED	EYA	UXGWMRNLTMHSST-UHFFFAOYSA-N	Cn1c(CCC(=O)O)nc2ccccc2c1=O	5.823908740944319	6CE6	ad55af7d85f7921dcae959cbe3ca0d433c92fa29f40aee64001329e6c01ac7c5	1	A	6CE6	EYP	35;37;47;48;49;50;53;55;56;67;76;78;81;83	35;37;47;48;49;50;53;55;56;67;76;78;81;83		fixed_historical_reference_receptor	False	True	False	14.0	130.0	1.0	0.0	0.0	0.07142857142857142	0.0	0.07142857142857142	0.0	0.14285714285714285	0.0	0.0	0.0	0.07142857142857142	0.07142857142857142	0.0	0.0	0.07142857142857142	0.07142857142857142	0.0	0.0	0.07142857142857142	0.14285714285714285	0.21428571428571427	0.0	0.676923076923077	0.15384615384615385	0.15384615384615385	0.015384615384615385	0.0	0.0	0.0	7.471967991019271	12.127371147168848	19.04	18.336	15.809	5.42363325570759	3.784147922450782	3.4777481891894793	0.02197802197802198	0.13186813186813187	0.18681318681318682	0.1978021978021978	0.18681318681318682	0.23076923076923078	0.04395604395604396	0.0	0.0	0.34065934065934067	4.428571428571429	1.720227796970328
RCSB-7MS5-ZOG-KD:S0	RCSB-7MS5-ZOG-KD	S0	construct-043-bfab01cca0a7	bfab01cca0a732a81b57649f1c7f71e20efa331cb3b046e452884598beec6200	P45974	7MS5	ZOG	MCLQTWVCUVNNQM-UHFFFAOYSA-N	O=C(O)CCC(=O)c1ccc(S(=O)(=O)N2CCC(c3ccc(F)c(F)c3)CC2)cc1	4.920818753952375	7MS5	428546849eb5cb023646169f1c790fca1513e6baa5043f7c353ec5992eed4069	1	A	6DXH	HH4	38;40;50;51;52;62;64;65;76;90;92;95;96;97	38;40;50;51;52;62;64;65;76;90;92;95;96;97		query_holo_receptor	True	True	False	14.0	116.0	1.0	0.0	0.14285714285714285	0.07142857142857142	0.14285714285714285	0.0	0.0	0.07142857142857142	0.0	0.0	0.0	0.0	0.07142857142857142	0.14285714285714285	0.0	0.0	0.07142857142857142	0.0	0.0	0.07142857142857142	0.07142857142857142	0.14285714285714285	0.0	0.6206896551724138	0.1724137931034483	0.1896551724137931	0.017241379310344827	0.0	0.0	0.0	7.316098452387498	12.124087018402697	20.39	17.540999999999997	11.156	5.702367637600634	3.6738914366637845	2.7405878205743113	0.02197802197802198	0.16483516483516483	0.17582417582417584	0.17582417582417584	0.17582417582417584	0.2087912087912088	0.07692307692307693	0.0	0.0	0.3626373626373626	4.714285714285714	1.6225452416572208
RCSB-7MS5-ZOG-KD:S1	RCSB-7MS5-ZOG-KD	S1	construct-043-bfab01cca0a7	bfab01cca0a732a81b57649f1c7f71e20efa331cb3b046e452884598beec6200	P45974	7MS5	ZOG	MCLQTWVCUVNNQM-UHFFFAOYSA-N	O=C(O)CCC(=O)c1ccc(S(=O)(=O)N2CCC(c3ccc(F)c(F)c3)CC2)cc1	4.920818753952375	6DXH	ea0ecda1da9dc0137b260740761f3ee055aafdbcf08d2de4fcfb4e70b88b6310	1	A	6DXH	HH4	38;40;50;51;52;62;64;65;76;90;92;95;96;97	38;40;50;51;52;62;64;65;76;90;92;95;96;97		fixed_historical_reference_receptor	False	True	False	14.0	116.0	1.0	0.0	0.14285714285714285	0.07142857142857142	0.14285714285714285	0.0	0.0	0.07142857142857142	0.0	0.0	0.0	0.0	0.07142857142857142	0.14285714285714285	0.0	0.0	0.07142857142857142	0.0	0.0	0.07142857142857142	0.07142857142857142	0.14285714285714285	0.0	0.6206896551724138	0.1724137931034483	0.1896551724137931	0.017241379310344827	0.0	0.0	0.0	7.39448213493825	12.285965611183453	20.965	17.491	12.751000000000001	5.793050004934093	3.658784315656666	2.7806896654892674	0.02197802197802198	0.16483516483516483	0.17582417582417584	0.14285714285714285	0.21978021978021978	0.1978021978021978	0.07692307692307693	0.0	0.0	0.3626373626373626	4.714285714285714	1.5779087167410373
RCSB-7MS6-ZPV-KD:S0	RCSB-7MS6-ZPV-KD	S0	construct-043-bfab01cca0a7	bfab01cca0a732a81b57649f1c7f71e20efa331cb3b046e452884598beec6200	P45974	7MS6	ZPV	IOUTWRYTULEKGO-UHFFFAOYSA-N	O=C(O)CNC(=O)c1ccc(S(=O)(=O)N2CCC(c3ccccc3)CC2)cc1F	5.045757490560675	7MS6	232b284d7fbdba11d76c613fcb0cdf9a4b9f882422fcf4d8b2d393126cd0a1ff	1	A	6DXH	HH4	38;40;50;51;52;62;64;65;76;90;92;95;96;97	38;40;50;51;52;62;64;65;76;90;92;95;96;97		query_holo_receptor	True	True	False	14.0	116.0	1.0	0.0	0.14285714285714285	0.07142857142857142	0.14285714285714285	0.0	0.0	0.07142857142857142	0.0	0.0	0.0	0.0	0.07142857142857142	0.14285714285714285	0.0	0.0	0.07142857142857142	0.0	0.0	0.07142857142857142	0.07142857142857142	0.14285714285714285	0.0	0.6206896551724138	0.1724137931034483	0.1896551724137931	0.017241379310344827	0.0	0.0	0.0	7.297438166278012	12.301909616720883	18.391000000000002	17.206000000000003	13.661000000000001	5.707291461775578	3.6295913906127573	2.739615720896699	0.01098901098901099	0.18681318681318682	0.15384615384615385	0.17582417582417584	0.18681318681318682	0.21978021978021978	0.06593406593406594	0.0	0.0	0.3516483516483517	4.571428571428571	1.5452362609131383
RCSB-7MS6-ZPV-KD:S1	RCSB-7MS6-ZPV-KD	S1	construct-043-bfab01cca0a7	bfab01cca0a732a81b57649f1c7f71e20efa331cb3b046e452884598beec6200	P45974	7MS6	ZPV	IOUTWRYTULEKGO-UHFFFAOYSA-N	O=C(O)CNC(=O)c1ccc(S(=O)(=O)N2CCC(c3ccccc3)CC2)cc1F	5.045757490560675	6DXH	ea0ecda1da9dc0137b260740761f3ee055aafdbcf08d2de4fcfb4e70b88b6310	1	A	6DXH	HH4	38;40;50;51;52;62;64;65;76;90;92;95;96;97	38;40;50;51;52;62;64;65;76;90;92;95;96;97		fixed_historical_reference_receptor	False	True	False	14.0	116.0	1.0	0.0	0.14285714285714285	0.07142857142857142	0.14285714285714285	0.0	0.0	0.07142857142857142	0.0	0.0	0.0	0.0	0.07142857142857142	0.14285714285714285	0.0	0.0	0.07142857142857142	0.0	0.0	0.07142857142857142	0.07142857142857142	0.14285714285714285	0.0	0.6206896551724138	0.1724137931034483	0.1896551724137931	0.017241379310344827	0.0	0.0	0.0	7.39448213493825	12.285965611183453	20.965	17.491	12.751000000000001	5.793050004934093	3.658784315656666	2.7806896654892674	0.02197802197802198	0.16483516483516483	0.17582417582417584	0.14285714285714285	0.21978021978021978	0.1978021978021978	0.07692307692307693	0.0	0.0	0.3626373626373626	4.714285714285714	1.5779087167410373
RCSB-6NFT-KKG-KD:S0	RCSB-6NFT-KKG-KD	S0	construct-043-bfab01cca0a7	bfab01cca0a732a81b57649f1c7f71e20efa331cb3b046e452884598beec6200	P45974	6NFT	KKG	BBBICQPTZBHLBM-UHFFFAOYSA-N	O=C(O)Cn1cnc2ccccc2c1=O	3.6575773191777934	6NFT	6cba6a8f69ee5c2c3fcf38ee84e51d5a589245108b8f5662ef660336449dd379	1	A	6DXH	HH4	38;40;50;51;52;62;64;65;76;90;92;95;96;97	38;40;50;51;52;62;64;65;76;90;92;95;96;97		query_holo_receptor	True	True	False	14.0	116.0	1.0	0.0	0.14285714285714285	0.07142857142857142	0.14285714285714285	0.0	0.0	0.07142857142857142	0.0	0.0	0.0	0.0	0.07142857142857142	0.14285714285714285	0.0	0.0	0.07142857142857142	0.0	0.0	0.07142857142857142	0.07142857142857142	0.14285714285714285	0.0	0.6206896551724138	0.1724137931034483	0.1896551724137931	0.017241379310344827	0.0	0.0	0.0	7.1996781118955475	12.003818664272918	20.0	17.308999999999997	11.366	5.546288685689369	3.6896558098954135	2.7313891583600727	0.02197802197802198	0.17582417582417584	0.17582417582417584	0.18681318681318682	0.18681318681318682	0.18681318681318682	0.06593406593406594	0.0	0.0	0.37362637362637363	4.857142857142857	1.6413036132965795
RCSB-6NFT-KKG-KD:S1	RCSB-6NFT-KKG-KD	S1	construct-043-bfab01cca0a7	bfab01cca0a732a81b57649f1c7f71e20efa331cb3b046e452884598beec6200	P45974	6NFT	KKG	BBBICQPTZBHLBM-UHFFFAOYSA-N	O=C(O)Cn1cnc2ccccc2c1=O	3.6575773191777934	6DXH	ea0ecda1da9dc0137b260740761f3ee055aafdbcf08d2de4fcfb4e70b88b6310	1	A	6DXH	HH4	38;40;50;51;52;62;64;65;76;90;92;95;96;97	38;40;50;51;52;62;64;65;76;90;92;95;96;97		fixed_historical_reference_receptor	False	True	False	14.0	116.0	1.0	0.0	0.14285714285714285	0.07142857142857142	0.14285714285714285	0.0	0.0	0.07142857142857142	0.0	0.0	0.0	0.0	0.07142857142857142	0.14285714285714285	0.0	0.0	0.07142857142857142	0.0	0.0	0.07142857142857142	0.07142857142857142	0.14285714285714285	0.0	0.6206896551724138	0.1724137931034483	0.1896551724137931	0.017241379310344827	0.0	0.0	0.0	7.39448213493825	12.285965611183453	20.965	17.491	12.751000000000001	5.793050004934093	3.658784315656666	2.7806896654892674	0.02197802197802198	0.16483516483516483	0.17582417582417584	0.14285714285714285	0.21978021978021978	0.1978021978021978	0.07692307692307693	0.0	0.0	0.3626373626373626	4.714285714285714	1.5779087167410373
RCSB-8AE7-LVU-KD:S0	RCSB-8AE7-LVU-KD	S0	construct-046-e314686107a8	e314686107a8aa87dc3412bd7107896368ad14fabb05afc4787c83cc0b4c5efe	P68400	8AE7	LVU	LIFGJTPUCFFUJO-UHFFFAOYSA-N	N#CCc1n[nH]c2cc(Br)c(Br)cc12	4.991399828238082	8AE7	3e740bdb0a5aa90cd80618f43e8a192fee86143e68375063d143091f0e82d48d	1	A	5CSV	GAB	44;50;52;65;67;80;84;94;112;113;115;117;159;162;173;174;175	44;50;52;65;67;80;84;94;112;113;115;117;159;162;173;174;175		query_holo_receptor	True	True	False	17.0	145.0	1.0	0.0	0.0	0.0	0.058823529411764705	0.11764705882352941	0.058823529411764705	0.0	0.058823529411764705	0.11764705882352941	0.058823529411764705	0.11764705882352941	0.058823529411764705	0.058823529411764705	0.0	0.0	0.0	0.058823529411764705	0.0	0.17647058823529413	0.058823529411764705	0.0	0.0	0.6689655172413793	0.15172413793103448	0.1724137931034483	0.006896551724137931	0.0	0.0	0.0	8.476437735474551	13.021568497850472	24.39100000000002	19.664999999999964	16.819000000000003	5.73963447766495	4.669926860524512	4.135018242224379	0.0	0.10294117647058823	0.09558823529411764	0.18382352941176472	0.18382352941176472	0.3235294117647059	0.10294117647058823	0.007352941176470588	0.0	0.19852941176470587	3.176470588235294	1.2941176470588236
RCSB-8AE7-LVU-KD:S1	RCSB-8AE7-LVU-KD	S1	construct-046-e314686107a8	e314686107a8aa87dc3412bd7107896368ad14fabb05afc4787c83cc0b4c5efe	P68400	8AE7	LVU	LIFGJTPUCFFUJO-UHFFFAOYSA-N	N#CCc1n[nH]c2cc(Br)c(Br)cc12	4.991399828238082	5CSV	0a7ebd7029d43e77ef836843618f263ef866a45aac093e1bf93875b2090eeacb	1	A	5CSV	GAB	44;50;52;65;67;80;84;94;112;113;115;117;159;162;173;174;175	44;50;52;65;67;80;84;94;112;113;115;117;159;162;173;174;175		fixed_historical_reference_receptor	False	True	False	17.0	145.0	1.0	0.0	0.0	0.0	0.058823529411764705	0.11764705882352941	0.058823529411764705	0.0	0.058823529411764705	0.11764705882352941	0.058823529411764705	0.11764705882352941	0.058823529411764705	0.058823529411764705	0.0	0.0	0.0	0.058823529411764705	0.0	0.17647058823529413	0.058823529411764705	0.0	0.0	0.6689655172413793	0.15172413793103448	0.1724137931034483	0.006896551724137931	0.0	0.0	0.0	8.23939724880063	12.483074513139565	23.657	20.39	16.711	5.735358022210225	4.410685168502409	3.941978148717355	0.0	0.10294117647058823	0.1323529411764706	0.15441176470588236	0.20588235294117646	0.3235294117647059	0.08088235294117647	0.0	0.0	0.23529411764705882	3.764705882352941	1.0588235294117647
RCSB-5CSP-54G-KD:S0	RCSB-5CSP-54G-KD	S0	construct-046-e314686107a8	e314686107a8aa87dc3412bd7107896368ad14fabb05afc4787c83cc0b4c5efe	P68400	5CSP	54G	DLGBEGBHXSAQOC-UHFFFAOYSA-N	Cc1ccc(O)c(C(=O)O)c1	4.236572006437063	5CSP	36761dec6b815c0557130743ff7b7283fe492925adc8d6d4f731d52dc6bac7a8	1	A	5CSV	GAB	44;50;52;65;67;80;84;94;112;113;115;117;159;162;173;174;175	44;50;52;65;67;80;84;94;112;113;115;117;159;162;173;174;175		query_holo_receptor	True	True	False	17.0	145.0	1.0	0.0	0.0	0.0	0.058823529411764705	0.11764705882352941	0.058823529411764705	0.0	0.058823529411764705	0.11764705882352941	0.058823529411764705	0.11764705882352941	0.058823529411764705	0.058823529411764705	0.0	0.0	0.0	0.058823529411764705	0.0	0.17647058823529413	0.058823529411764705	0.0	0.0	0.6689655172413793	0.15172413793103448	0.1724137931034483	0.006896551724137931	0.0	0.0	0.0	8.263591806303893	12.52222772334616	23.668	20.701000000000008	16.723	5.7407044730278995	4.450545602056546	3.9400387737413762	0.0	0.08088235294117647	0.13970588235294118	0.14705882352941177	0.21323529411764705	0.3382352941176471	0.07352941176470588	0.007352941176470588	0.0	0.22058823529411764	3.5294117647058822	1.0910139406465535
RCSB-5CSP-54G-KD:S1	RCSB-5CSP-54G-KD	S1	construct-046-e314686107a8	e314686107a8aa87dc3412bd7107896368ad14fabb05afc4787c83cc0b4c5efe	P68400	5CSP	54G	DLGBEGBHXSAQOC-UHFFFAOYSA-N	Cc1ccc(O)c(C(=O)O)c1	4.236572006437063	5CSV	0a7ebd7029d43e77ef836843618f263ef866a45aac093e1bf93875b2090eeacb	1	A	5CSV	GAB	44;50;52;65;67;80;84;94;112;113;115;117;159;162;173;174;175	44;50;52;65;67;80;84;94;112;113;115;117;159;162;173;174;175		fixed_historical_reference_receptor	False	True	False	17.0	145.0	1.0	0.0	0.0	0.0	0.058823529411764705	0.11764705882352941	0.058823529411764705	0.0	0.058823529411764705	0.11764705882352941	0.058823529411764705	0.11764705882352941	0.058823529411764705	0.058823529411764705	0.0	0.0	0.0	0.058823529411764705	0.0	0.17647058823529413	0.058823529411764705	0.0	0.0	0.6689655172413793	0.15172413793103448	0.1724137931034483	0.006896551724137931	0.0	0.0	0.0	8.23939724880063	12.483074513139565	23.657	20.39	16.711	5.735358022210225	4.410685168502409	3.941978148717355	0.0	0.10294117647058823	0.1323529411764706	0.15441176470588236	0.20588235294117646	0.3235294117647059	0.08088235294117647	0.0	0.0	0.23529411764705882	3.764705882352941	1.0588235294117647
RCSB-8AEC-LW3-KD:S0	RCSB-8AEC-LW3-KD	S0	construct-046-e314686107a8	e314686107a8aa87dc3412bd7107896368ad14fabb05afc4787c83cc0b4c5efe	P68400	8AEC	LW3	FAGVHGZPQSWXCE-UHFFFAOYSA-N	N#CCc1n[nH]c2cc(Cl)c(Br)cc12	4.801342913045577	8AEC	5d120ace75c96e612061bbe2857031210d489ca77b24d7c20db9c8f554f32b18	1	A	5CSV	GAB	44;50;52;65;67;80;84;94;112;113;115;117;159;162;173;174;175	44;50;52;65;67;80;84;94;112;113;115;117;159;162;173;174;175		query_holo_receptor	True	True	False	17.0	145.0	1.0	0.0	0.0	0.0	0.058823529411764705	0.11764705882352941	0.058823529411764705	0.0	0.058823529411764705	0.11764705882352941	0.058823529411764705	0.11764705882352941	0.058823529411764705	0.058823529411764705	0.0	0.0	0.0	0.058823529411764705	0.0	0.17647058823529413	0.058823529411764705	0.0	0.0	0.6689655172413793	0.15172413793103448	0.1724137931034483	0.006896551724137931	0.0	0.0	0.0	8.48867428257067	12.969400566543499	24.52199999999999	19.765999999999963	16.924000000000007	5.748287868253296	4.7175450655046784	4.093842475499163	0.0	0.11764705882352941	0.08823529411764706	0.16176470588235295	0.19852941176470587	0.3161764705882353	0.11029411764705882	0.007352941176470588	0.0	0.20588235294117646	3.2941176470588234	1.2725475089872904
RCSB-8AEC-LW3-KD:S1	RCSB-8AEC-LW3-KD	S1	construct-046-e314686107a8	e314686107a8aa87dc3412bd7107896368ad14fabb05afc4787c83cc0b4c5efe	P68400	8AEC	LW3	FAGVHGZPQSWXCE-UHFFFAOYSA-N	N#CCc1n[nH]c2cc(Cl)c(Br)cc12	4.801342913045577	5CSV	0a7ebd7029d43e77ef836843618f263ef866a45aac093e1bf93875b2090eeacb	1	A	5CSV	GAB	44;50;52;65;67;80;84;94;112;113;115;117;159;162;173;174;175	44;50;52;65;67;80;84;94;112;113;115;117;159;162;173;174;175		fixed_historical_reference_receptor	False	True	False	17.0	145.0	1.0	0.0	0.0	0.0	0.058823529411764705	0.11764705882352941	0.058823529411764705	0.0	0.058823529411764705	0.11764705882352941	0.058823529411764705	0.11764705882352941	0.058823529411764705	0.058823529411764705	0.0	0.0	0.0	0.058823529411764705	0.0	0.17647058823529413	0.058823529411764705	0.0	0.0	0.6689655172413793	0.15172413793103448	0.1724137931034483	0.006896551724137931	0.0	0.0	0.0	8.23939724880063	12.483074513139565	23.657	20.39	16.711	5.735358022210225	4.410685168502409	3.941978148717355	0.0	0.10294117647058823	0.1323529411764706	0.15441176470588236	0.20588235294117646	0.3235294117647059	0.08088235294117647	0.0	0.0	0.23529411764705882	3.764705882352941	1.0588235294117647
RCSB-7A6W-R3E-KD:S0	RCSB-7A6W-R3E-KD	S0	construct-049-226bc9b1a66a	226bc9b1a66a817531eb53818cd516d599e47e0ace8b491d58681e05d66ec1c7	Q13451	7A6W	R3E	MDPYBQRKSBXYSJ-QCXYFFPESA-N	COc1ccc(CC[C@H]2OC(=O)[C@@H]3CCCCN3C(=O)[C@@H](C3CCCCC3)c3cc(OC)c(c(OC)c3)OCCOC/C=C\COc3cccc2c3)cc1OC	6.97469413473523	7A6W	8e002a97f7cb35b8c92e2af8af6732eb188ff4ddbcd06b27ff3b70aa2c1a0ab0	1	A	7B9Z	T58	47;49;50;51;56;57;58;63;67;74;75;76;77;78;80;102;103;107;108;111;112;118;119;120	47;49;50;51;56;57;58;63;67;74;75;76;77;78;80;102;103;107;108;111;112;118;119;120		query_holo_receptor	True	True	False	24.0	198.0	1.0	0.0	0.041666666666666664	0.0	0.041666666666666664	0.0	0.16666666666666666	0.125	0.0	0.08333333333333333	0.16666666666666666	0.08333333333333333	0.0	0.0	0.0	0.041666666666666664	0.041666666666666664	0.041666666666666664	0.0	0.041666666666666664	0.041666666666666664	0.08333333333333333	0.0	0.702020202020202	0.14646464646464646	0.15151515151515152	0.0	0.0	0.0	0.0	9.194993415226326	15.47009220810522	25.750999999999998	22.372	19.329	6.270560618108518	5.3675364536982615	4.051854619665214	0.010869565217391304	0.09782608695652174	0.09057971014492754	0.12681159420289856	0.14492753623188406	0.286231884057971	0.18840579710144928	0.05434782608695652	0.0	0.19927536231884058	4.583333333333333	1.8911342863183696
RCSB-7A6W-R3E-KD:S1	RCSB-7A6W-R3E-KD	S1	construct-049-226bc9b1a66a	226bc9b1a66a817531eb53818cd516d599e47e0ace8b491d58681e05d66ec1c7	Q13451	7A6W	R3E	MDPYBQRKSBXYSJ-QCXYFFPESA-N	COc1ccc(CC[C@H]2OC(=O)[C@@H]3CCCCN3C(=O)[C@@H](C3CCCCC3)c3cc(OC)c(c(OC)c3)OCCOC/C=C\COc3cccc2c3)cc1OC	6.97469413473523	7B9Z	423d6b18ecb2b39a551c612da44d1c2aea55c085662ad3189f4d2c66553e1fb0	1	A	7B9Z	T58	47;49;50;51;56;57;58;63;67;74;75;76;77;78;80;102;103;107;108;111;112;118;119;120	47;49;50;51;56;57;58;63;67;74;75;76;77;78;80;102;103;107;108;111;112;118;119;120		fixed_historical_reference_receptor	False	True	False	24.0	208.0	1.0	0.0	0.041666666666666664	0.0	0.041666666666666664	0.0	0.16666666666666666	0.125	0.0	0.08333333333333333	0.16666666666666666	0.08333333333333333	0.0	0.0	0.0	0.041666666666666664	0.041666666666666664	0.041666666666666664	0.0	0.041666666666666664	0.041666666666666664	0.08333333333333333	0.0	0.6971153846153846	0.15865384615384615	0.14423076923076922	0.0	0.0	0.0	0.0	9.380848526180593	16.15319748014929	27.360999999999997	23.560000000000002	20.779	6.315504899572647	5.397255643144658	4.357103218557215	0.0036231884057971015	0.10144927536231885	0.09782608695652174	0.10507246376811594	0.15942028985507245	0.286231884057971	0.1956521739130435	0.050724637681159424	0.0	0.2028985507246377	4.666666666666667	1.5986105077709065
RCSB-7A6X-R3B-KD:S0	RCSB-7A6X-R3B-KD	S0	construct-049-226bc9b1a66a	226bc9b1a66a817531eb53818cd516d599e47e0ace8b491d58681e05d66ec1c7	Q13451	7A6X	R3B	YSZSLPRWNYBWRS-LSFNHRITSA-N	COc1ccc(CC[C@H]2OC(=O)[C@@H]3CCCCN3C(=O)[C@@H](C3CCCCC3)c3cc(OC)c(c(OC)c3)OCCCOc3cccc2c3)cc1OC	7.154901959985743	7A6X	9359c07a803c393c0852616e157b3322e4f24ee6f6db64029c7dcd0499d286fb	1	A	7B9Z	T58	47;49;50;51;56;57;58;63;67;74;75;76;77;78;80;102;103;107;108;111;112;118;119;120	47;49;50;51;56;57;58;63;67;74;75;76;77;78;80;102;103;107;108;111;112;118;119;120		query_holo_receptor	True	True	False	24.0	204.0	1.0	0.0	0.041666666666666664	0.0	0.041666666666666664	0.0	0.16666666666666666	0.125	0.0	0.08333333333333333	0.16666666666666666	0.08333333333333333	0.0	0.0	0.0	0.041666666666666664	0.041666666666666664	0.041666666666666664	0.0	0.041666666666666664	0.041666666666666664	0.08333333333333333	0.0	0.696078431372549	0.1568627450980392	0.14705882352941177	0.0	0.0	0.0	0.0	9.267661920333685	16.512351273944077	24.026	21.476	20.950000000000003	6.032244046665689	5.644201842030529	4.200544583442555	0.0036231884057971015	0.10507246376811594	0.09420289855072464	0.11594202898550725	0.15942028985507245	0.2898550724637681	0.18115942028985507	0.050724637681159424	0.0	0.2028985507246377	4.666666666666667	1.7480147469502525
RCSB-7A6X-R3B-KD:S1	RCSB-7A6X-R3B-KD	S1	construct-049-226bc9b1a66a	226bc9b1a66a817531eb53818cd516d599e47e0ace8b491d58681e05d66ec1c7	Q13451	7A6X	R3B	YSZSLPRWNYBWRS-LSFNHRITSA-N	COc1ccc(CC[C@H]2OC(=O)[C@@H]3CCCCN3C(=O)[C@@H](C3CCCCC3)c3cc(OC)c(c(OC)c3)OCCCOc3cccc2c3)cc1OC	7.154901959985743	7B9Z	423d6b18ecb2b39a551c612da44d1c2aea55c085662ad3189f4d2c66553e1fb0	1	A	7B9Z	T58	47;49;50;51;56;57;58;63;67;74;75;76;77;78;80;102;103;107;108;111;112;118;119;120	47;49;50;51;56;57;58;63;67;74;75;76;77;78;80;102;103;107;108;111;112;118;119;120		fixed_historical_reference_receptor	False	True	False	24.0	208.0	1.0	0.0	0.041666666666666664	0.0	0.041666666666666664	0.0	0.16666666666666666	0.125	0.0	0.08333333333333333	0.16666666666666666	0.08333333333333333	0.0	0.0	0.0	0.041666666666666664	0.041666666666666664	0.041666666666666664	0.0	0.041666666666666664	0.041666666666666664	0.08333333333333333	0.0	0.6971153846153846	0.15865384615384615	0.14423076923076922	0.0	0.0	0.0	0.0	9.380848526180593	16.15319748014929	27.360999999999997	23.560000000000002	20.779	6.315504899572647	5.397255643144658	4.357103218557215	0.0036231884057971015	0.10144927536231885	0.09782608695652174	0.10507246376811594	0.15942028985507245	0.286231884057971	0.1956521739130435	0.050724637681159424	0.0	0.2028985507246377	4.666666666666667	1.5986105077709065
RCSB-5VD0-8X7-KD:S0	RCSB-5VD0-8X7-KD	S0	construct-050-27409f179f54	27409f179f54750d7eeed1249ff00e0449a329cf79b68d9e1b4d3f211f6d7ef2	Q99640	5VD0	8X7	BKWJAKQVGHWELA-UHFFFAOYSA-N	C=CCn1c(=O)c2cnc(Nc3ccc(N4CCN(C)CC4)cc3)nc2n1-c1cccc(C(C)(C)O)n1	6.489454989793388	5VD0	9ee28fb088ec505bad15dad9b45c3f4b0c144dc00a005dd8554fdcb169780376	1	A	5VCZ	XZN	65;66;73;86;87;88;106;110;120;122;134;135;136;137;138;139;140;141;142;145;186;189;199;200;201;202	65;66;73;86;87;88;106;110;120;122;134;135;136;137;138;139;140;141;142;145;186;189;199;200;201;202		query_holo_receptor	True	True	False	26.0	190.0	1.0	0.0	0.07692307692307693	0.038461538461538464	0.038461538461538464	0.07692307692307693	0.07692307692307693	0.15384615384615385	0.038461538461538464	0.0	0.038461538461538464	0.15384615384615385	0.0	0.0	0.038461538461538464	0.07692307692307693	0.0	0.038461538461538464	0.038461538461538464	0.11538461538461539	0.0	0.0	0.0	0.6421052631578947	0.1631578947368421	0.18947368421052632	0.005263157894736842	0.0	0.0	0.0	8.73602010570836	15.624442602336641	22.984	20.633000000000003	18.89	6.249184623473568	4.582058678135166	4.033667946076928	0.009230769230769232	0.10461538461538461	0.09846153846153846	0.13538461538461538	0.16	0.3415384615384615	0.13230769230769232	0.018461538461538463	0.0	0.2123076923076923	5.3076923076923075	1.611717449212074
RCSB-5VD0-8X7-KD:S1	RCSB-5VD0-8X7-KD	S1	construct-050-27409f179f54	27409f179f54750d7eeed1249ff00e0449a329cf79b68d9e1b4d3f211f6d7ef2	Q99640	5VD0	8X7	BKWJAKQVGHWELA-UHFFFAOYSA-N	C=CCn1c(=O)c2cnc(Nc3ccc(N4CCN(C)CC4)cc3)nc2n1-c1cccc(C(C)(C)O)n1	6.489454989793388	5VCZ	6900af50d522cfc76ba3af86681891b2c348d3d4d55737dfb87c05b093ce83e4	1	A	5VCZ	XZN	65;66;73;86;87;88;106;110;120;122;134;135;136;137;138;139;140;141;142;145;186;189;199;200;201;202	65;66;73;86;87;88;106;110;120;122;134;135;136;137;138;139;140;141;142;145;186;189;199;200;201;202		fixed_historical_reference_receptor	False	True	False	26.0	190.0	1.0	0.0	0.07692307692307693	0.038461538461538464	0.038461538461538464	0.07692307692307693	0.07692307692307693	0.15384615384615385	0.038461538461538464	0.0	0.038461538461538464	0.15384615384615385	0.0	0.0	0.038461538461538464	0.07692307692307693	0.0	0.038461538461538464	0.038461538461538464	0.11538461538461539	0.0	0.0	0.0	0.6421052631578947	0.1631578947368421	0.18947368421052632	0.005263157894736842	0.0	0.0	0.0	8.782152818064247	15.900468449112397	23.149	19.307000000000002	18.168	6.307004122832605	4.583796975239364	4.041869914308572	0.012307692307692308	0.10153846153846154	0.09230769230769231	0.14153846153846153	0.15692307692307692	0.3415384615384615	0.13538461538461538	0.018461538461538463	0.0	0.20615384615384616	5.153846153846154	1.7027648939368196
RCSB-5VD3-H8H-KD:S0	RCSB-5VD3-H8H-KD	S0	construct-050-27409f179f54	27409f179f54750d7eeed1249ff00e0449a329cf79b68d9e1b4d3f211f6d7ef2	Q99640	5VD3	H8H	OUKYUETWWIPKQR-UHFFFAOYSA-N	CN1CCN(CCOc2cc(OC3CCOCC3)c3c(Nc4c(Cl)ccc5c4OCO5)ncnc3c2)CC1	5.5502131530142265	5VD3	96b8b5e2ff9c14295dd23ba2fcbd64c64472022aaaa965c57380e6f98e311872	1	A	5VCZ	XZN	65;66;73;86;87;88;106;110;120;122;134;135;136;137;138;139;140;141;142;145;186;189;199;200;201;202	65;66;73;86;87;88;106;110;120;122;134;135;136;137;138;139;140;141;142;145;186;189;199;200;201;202		query_holo_receptor	True	True	False	26.0	190.0	1.0	0.0	0.07692307692307693	0.038461538461538464	0.038461538461538464	0.07692307692307693	0.07692307692307693	0.15384615384615385	0.038461538461538464	0.0	0.038461538461538464	0.15384615384615385	0.0	0.0	0.038461538461538464	0.07692307692307693	0.0	0.038461538461538464	0.038461538461538464	0.11538461538461539	0.0	0.0	0.0	0.6421052631578947	0.1631578947368421	0.18947368421052632	0.005263157894736842	0.0	0.0	0.0	8.717747919470018	15.739073141705159	23.068	19.701999999999998	18.923000000000002	6.23375195453994	4.584374115514519	4.015342989794744	0.012307692307692308	0.1076923076923077	0.09538461538461539	0.12615384615384614	0.15384615384615385	0.36	0.12615384615384614	0.018461538461538463	0.0	0.2153846153846154	5.384615384615385	1.755801878540512
RCSB-5VD3-H8H-KD:S1	RCSB-5VD3-H8H-KD	S1	construct-050-27409f179f54	27409f179f54750d7eeed1249ff00e0449a329cf79b68d9e1b4d3f211f6d7ef2	Q99640	5VD3	H8H	OUKYUETWWIPKQR-UHFFFAOYSA-N	CN1CCN(CCOc2cc(OC3CCOCC3)c3c(Nc4c(Cl)ccc5c4OCO5)ncnc3c2)CC1	5.5502131530142265	5VCZ	6900af50d522cfc76ba3af86681891b2c348d3d4d55737dfb87c05b093ce83e4	1	A	5VCZ	XZN	65;66;73;86;87;88;106;110;120;122;134;135;136;137;138;139;140;141;142;145;186;189;199;200;201;202	65;66;73;86;87;88;106;110;120;122;134;135;136;137;138;139;140;141;142;145;186;189;199;200;201;202		fixed_historical_reference_receptor	False	True	False	26.0	190.0	1.0	0.0	0.07692307692307693	0.038461538461538464	0.038461538461538464	0.07692307692307693	0.07692307692307693	0.15384615384615385	0.038461538461538464	0.0	0.038461538461538464	0.15384615384615385	0.0	0.0	0.038461538461538464	0.07692307692307693	0.0	0.038461538461538464	0.038461538461538464	0.11538461538461539	0.0	0.0	0.0	0.6421052631578947	0.1631578947368421	0.18947368421052632	0.005263157894736842	0.0	0.0	0.0	8.782152818064247	15.900468449112397	23.149	19.307000000000002	18.168	6.307004122832605	4.583796975239364	4.041869914308572	0.012307692307692308	0.10153846153846154	0.09230769230769231	0.14153846153846153	0.15692307692307692	0.3415384615384615	0.13538461538461538	0.018461538461538463	0.0	0.20615384615384616	5.153846153846154	1.7027648939368196
RCSB-6T1J-M7T-KD:S0	RCSB-6T1J-M7T-KD	S0	construct-051-31c871f0f628	31c871f0f62862664d6fba8c0e50ac3d03a9f881d9ecf3810d175bd7a50366ab	Q03111	6T1J	M7T	UTOUOHONUGPBCF-UHFFFAOYSA-N	O=C(NCc1ccc(CN2CCCC2)cc1)N1CCN(C(=O)c2cccs2)CC1	4.7423214251308154	6T1J	d8c9c7e55a4c326bc04b6afa6f2e310610ba68fde00038efc289a9b591e48d73	1	A	6T1I	M7W	26;28;32;56;58;59;60;75;76;77;78;79;80;81	26;28;32;56;58;59;60;75;76;77;78;79;80;81		query_holo_receptor	True	True	False	14.0	119.0	1.0	0.0	0.07142857142857142	0.0	0.0	0.14285714285714285	0.21428571428571427	0.14285714285714285	0.07142857142857142	0.0	0.0	0.0	0.0	0.0	0.07142857142857142	0.0	0.0	0.14285714285714285	0.0	0.0	0.07142857142857142	0.07142857142857142	0.0	0.680672268907563	0.14285714285714285	0.17647058823529413	0.0	0.0	0.0	0.0	7.096393132420619	11.54090932245484	16.673	16.499000000000002	15.506	4.657068908046183	4.011486417764494	3.546615484608818	0.01098901098901099	0.18681318681318682	0.06593406593406594	0.31868131868131866	0.2087912087912088	0.18681318681318682	0.02197802197802198	0.0	0.0	0.26373626373626374	3.4285714285714284	1.1157499537009508
RCSB-6T1J-M7T-KD:S1	RCSB-6T1J-M7T-KD	S1	construct-051-31c871f0f628	31c871f0f62862664d6fba8c0e50ac3d03a9f881d9ecf3810d175bd7a50366ab	Q03111	6T1J	M7T	UTOUOHONUGPBCF-UHFFFAOYSA-N	O=C(NCc1ccc(CN2CCCC2)cc1)N1CCN(C(=O)c2cccs2)CC1	4.7423214251308154	6T1I	ae528ddaee1dfee48917373e181b285825c5a709e616051f9e8aab106b172eff	1	A	6T1I	M7W	26;28;32;56;58;59;60;75;76;77;78;79;80;81	26;28;32;56;58;59;60;75;76;77;78;79;80;81		fixed_historical_reference_receptor	False	True	False	14.0	119.0	1.0	0.0	0.07142857142857142	0.0	0.0	0.14285714285714285	0.21428571428571427	0.14285714285714285	0.07142857142857142	0.0	0.0	0.0	0.0	0.0	0.07142857142857142	0.0	0.0	0.14285714285714285	0.0	0.0	0.07142857142857142	0.07142857142857142	0.0	0.680672268907563	0.14285714285714285	0.17647058823529413	0.0	0.0	0.0	0.0	7.097983876143658	11.895642109113844	16.769000000000002	16.085	15.882000000000001	4.676853432601396	4.001317425178915	3.5352335055720787	0.02197802197802198	0.17582417582417584	0.07692307692307693	0.2967032967032967	0.23076923076923078	0.17582417582417584	0.02197802197802198	0.0	0.0	0.27472527472527475	3.5714285714285716	1.1157499537009508
RCSB-6T1L-M7N-KD:S0	RCSB-6T1L-M7N-KD	S0	construct-051-31c871f0f628	31c871f0f62862664d6fba8c0e50ac3d03a9f881d9ecf3810d175bd7a50366ab	Q03111	6T1L	M7N	BZUHDDVBSAICQG-UHFFFAOYSA-N	CCN(CC)Cc1ccc(CNC(=O)N2CCN(c3ncccn3)CC2)cc1	4.767003889607846	6T1L	ac614a076af768037708549773cbd73e22caf94864b95936282404239d0d9118	1	A	6T1I	M7W	26;28;32;56;58;59;60;75;76;77;78;79;80;81	26;28;32;56;58;59;60;75;76;77;78;79;80;81		query_holo_receptor	True	True	False	14.0	119.0	1.0	0.0	0.07142857142857142	0.0	0.0	0.14285714285714285	0.21428571428571427	0.14285714285714285	0.07142857142857142	0.0	0.0	0.0	0.0	0.0	0.07142857142857142	0.0	0.0	0.14285714285714285	0.0	0.0	0.07142857142857142	0.07142857142857142	0.0	0.680672268907563	0.14285714285714285	0.17647058823529413	0.0	0.0	0.0	0.0	7.079620155484051	11.556461212161002	16.712	16.525	15.581	4.611767414711183	4.036411062007069	3.5440102422328184	0.01098901098901099	0.18681318681318682	0.06593406593406594	0.3076923076923077	0.24175824175824176	0.17582417582417584	0.01098901098901099	0.0	0.0	0.26373626373626374	3.4285714285714284	1.1157499537009508
RCSB-6T1L-M7N-KD:S1	RCSB-6T1L-M7N-KD	S1	construct-051-31c871f0f628	31c871f0f62862664d6fba8c0e50ac3d03a9f881d9ecf3810d175bd7a50366ab	Q03111	6T1L	M7N	BZUHDDVBSAICQG-UHFFFAOYSA-N	CCN(CC)Cc1ccc(CNC(=O)N2CCN(c3ncccn3)CC2)cc1	4.767003889607846	6T1I	ae528ddaee1dfee48917373e181b285825c5a709e616051f9e8aab106b172eff	1	A	6T1I	M7W	26;28;32;56;58;59;60;75;76;77;78;79;80;81	26;28;32;56;58;59;60;75;76;77;78;79;80;81		fixed_historical_reference_receptor	False	True	False	14.0	119.0	1.0	0.0	0.07142857142857142	0.0	0.0	0.14285714285714285	0.21428571428571427	0.14285714285714285	0.07142857142857142	0.0	0.0	0.0	0.0	0.0	0.07142857142857142	0.0	0.0	0.14285714285714285	0.0	0.0	0.07142857142857142	0.07142857142857142	0.0	0.680672268907563	0.14285714285714285	0.17647058823529413	0.0	0.0	0.0	0.0	7.097983876143658	11.895642109113844	16.769000000000002	16.085	15.882000000000001	4.676853432601396	4.001317425178915	3.5352335055720787	0.02197802197802198	0.17582417582417584	0.07692307692307693	0.2967032967032967	0.23076923076923078	0.17582417582417584	0.02197802197802198	0.0	0.0	0.27472527472527475	3.5714285714285716	1.1157499537009508
RCSB-6HQY-GKW-KD:S0	RCSB-6HQY-GKW-KD	S0	construct-054-50c213a0f7bf	50c213a0f7bfe7bf6868307a32f2a7d213c3a355f11261b7583392a19622df71	A5H660	6HQY	GKW	AJRGHIGYPXNABY-UHFFFAOYSA-N	COc1ccc(Cn2ccc3ccc(C(=O)NO)cc32)cc1	6.435333935747911	6HQY	529d99b5c4352481f017b8e4adf65ef6ff0c774b7df69d01bd3bf2662cd02a4e	1	A	6HSH	GOK	100;101;142;143;150;151;152;153;187;188;189;190;217;282;286;293;339;340;341;342	100;101;142;143;150;151;152;153;187;188;189;190;217;282;286;293;339;340;341;342		query_holo_receptor	True	True	False	20.0	165.0	1.0	0.0	0.0	0.05	0.15	0.0	0.1	0.2	0.25	0.0	0.0	0.05	0.0	0.0	0.0	0.05	0.0	0.05	0.0	0.0	0.0	0.1	0.0	0.6242424242424243	0.18787878787878787	0.18181818181818182	0.006060606060606061	0.0	0.0	0.0	8.64185477114412	18.36216988364026	22.938	21.37400000000001	16.617000000000004	6.288280265120894	4.583631994694931	3.758923107759244	0.031578947368421054	0.09473684210526316	0.15263157894736842	0.1368421052631579	0.18947368421052632	0.29473684210526313	0.05789473684210526	0.042105263157894736	0.0	0.2789473684210526	5.3	1.9519221295943134
RCSB-6HQY-GKW-KD:S1	RCSB-6HQY-GKW-KD	S1	construct-054-50c213a0f7bf	50c213a0f7bfe7bf6868307a32f2a7d213c3a355f11261b7583392a19622df71	A5H660	6HQY	GKW	AJRGHIGYPXNABY-UHFFFAOYSA-N	COc1ccc(Cn2ccc3ccc(C(=O)NO)cc32)cc1	6.435333935747911	6HSH	f5a30499bf0a588ec89b987b00091f38d63c31f77075158236f678033efb57f6	1	D	6HSH	GOK	100;101;142;143;150;151;152;153;187;188;189;190;217;282;286;293;339;340;341;342	100;101;142;143;150;151;152;153;187;188;189;190;217;282;286;293;339;340;341;342		fixed_historical_reference_receptor	False	True	False	20.0	165.0	1.0	0.0	0.0	0.05	0.15	0.0	0.1	0.2	0.25	0.0	0.0	0.05	0.0	0.0	0.0	0.05	0.0	0.05	0.0	0.0	0.0	0.1	0.0	0.6242424242424243	0.18787878787878787	0.18181818181818182	0.006060606060606061	0.0	0.0	0.0	8.602263789576238	18.940273304258312	23.214	22.213	17.523999999999994	6.388475745435272	4.552371311254512	3.5301891450610214	0.03684210526315789	0.08947368421052632	0.14736842105263157	0.1631578947368421	0.17894736842105263	0.2789473684210526	0.06315789473684211	0.042105263157894736	0.0	0.2736842105263158	5.2	1.8867962264113207
RCSB-6HRQ-GM5-KD:S0	RCSB-6HRQ-GM5-KD	S0	construct-054-50c213a0f7bf	50c213a0f7bfe7bf6868307a32f2a7d213c3a355f11261b7583392a19622df71	A5H660	6HRQ	GM5	DORPIZJGSLWDIY-UHFFFAOYSA-N	O=C(NO)c1cccc(-c2cn(CSc3ccccc3)nn2)c1	7.086186147616283	6HRQ	2555433d9d6220ea2d86884e430574e9d474bb2d27fcfecaab294bed85c3e767	1	A	6HSH	GOK	100;101;142;143;150;151;152;153;187;188;189;190;217;282;286;293;339;340;341;342	100;101;142;143;150;151;152;153;187;188;189;190;217;282;286;293;339;340;341;342		query_holo_receptor	True	True	False	20.0	165.0	1.0	0.0	0.0	0.05	0.15	0.0	0.1	0.2	0.25	0.0	0.0	0.05	0.0	0.0	0.0	0.05	0.0	0.05	0.0	0.0	0.0	0.1	0.0	0.6242424242424243	0.18787878787878787	0.18181818181818182	0.006060606060606061	0.0	0.0	0.0	8.538317425036896	17.908514391566555	22.288	21.009	17.125	6.217894740852402	4.61305989969389	3.6000455280739003	0.03684210526315789	0.09473684210526316	0.13157894736842105	0.15789473684210525	0.18947368421052632	0.28421052631578947	0.06842105263157895	0.03684210526315789	0.0	0.2631578947368421	5.0	1.7320508075688772
RCSB-6HRQ-GM5-KD:S1	RCSB-6HRQ-GM5-KD	S1	construct-054-50c213a0f7bf	50c213a0f7bfe7bf6868307a32f2a7d213c3a355f11261b7583392a19622df71	A5H660	6HRQ	GM5	DORPIZJGSLWDIY-UHFFFAOYSA-N	O=C(NO)c1cccc(-c2cn(CSc3ccccc3)nn2)c1	7.086186147616283	6HSH	f5a30499bf0a588ec89b987b00091f38d63c31f77075158236f678033efb57f6	1	D	6HSH	GOK	100;101;142;143;150;151;152;153;187;188;189;190;217;282;286;293;339;340;341;342	100;101;142;143;150;151;152;153;187;188;189;190;217;282;286;293;339;340;341;342		fixed_historical_reference_receptor	False	True	False	20.0	165.0	1.0	0.0	0.0	0.05	0.15	0.0	0.1	0.2	0.25	0.0	0.0	0.05	0.0	0.0	0.0	0.05	0.0	0.05	0.0	0.0	0.0	0.1	0.0	0.6242424242424243	0.18787878787878787	0.18181818181818182	0.006060606060606061	0.0	0.0	0.0	8.602263789576238	18.940273304258312	23.214	22.213	17.523999999999994	6.388475745435272	4.552371311254512	3.5301891450610214	0.03684210526315789	0.08947368421052632	0.14736842105263157	0.1631578947368421	0.17894736842105263	0.2789473684210526	0.06315789473684211	0.042105263157894736	0.0	0.2736842105263158	5.2	1.8867962264113207
RCSB-4LVB-20N-KD:S0	RCSB-4LVB-20N-KD	S0	construct-055-55e07f4ed0ce	55e07f4ed0ce8af3ab3438da5c3328ac0059868d28e3cf58be62b24c7e32b714	P43490	4LVB	20N	XJFJFROTOPBZCO-UHFFFAOYSA-N	CC(=O)Nc1ccc(NC(=O)C2CC2)cc1	4.107905397309519	4LVB	dadad4a26bf783b9abacabbb6e7eed2dc6ba37fbb94d2fd8e4080bd6ab78696a	1	A	4LVD	1EB	191;192;193;194;196;219;241;242;243;244;245;275;311;313;351;353	191;192;193;194;196;219;241;242;243;244;245;275;311;313;351;353		query_holo_receptor	True	True	False	16.0	119.0	1.0	0.0	0.125	0.0	0.1875	0.0	0.0625	0.125	0.0625	0.0625	0.0	0.0	0.0	0.0	0.0625	0.0	0.125	0.125	0.0	0.0625	0.0	0.0	0.0	0.5966386554621849	0.20168067226890757	0.20168067226890757	0.0	0.0	0.0	0.0	7.938394515059822	13.393331873844238	21.022	17.889000000000003	16.337999999999997	5.347188921831868	4.838672507631347	3.318572957592313	0.025	0.10833333333333334	0.13333333333333333	0.125	0.225	0.31666666666666665	0.06666666666666667	0.0	0.0	0.26666666666666666	4.0	1.1726039399558574
RCSB-4LVB-20N-KD:S1	RCSB-4LVB-20N-KD	S1	construct-055-55e07f4ed0ce	55e07f4ed0ce8af3ab3438da5c3328ac0059868d28e3cf58be62b24c7e32b714	P43490	4LVB	20N	XJFJFROTOPBZCO-UHFFFAOYSA-N	CC(=O)Nc1ccc(NC(=O)C2CC2)cc1	4.107905397309519	4LVD	1e9943427f18f00cf8a1efdbf3ba72ca6835491845008513fce077335debedbb	1	A	4LVD	1EB	191;192;193;194;196;219;241;242;243;244;245;275;311;313;351;353	191;192;193;194;196;219;241;242;243;244;245;275;311;313;351;353		fixed_historical_reference_receptor	False	True	False	16.0	119.0	1.0	0.0	0.125	0.0	0.1875	0.0	0.0625	0.125	0.0625	0.0625	0.0	0.0	0.0	0.0	0.0625	0.0	0.125	0.125	0.0	0.0625	0.0	0.0	0.0	0.5966386554621849	0.20168067226890757	0.20168067226890757	0.0	0.0	0.0	0.0	7.94576972107034	13.516260231312582	22.031	16.785	16.599	5.3447934254220755	4.842658690444954	3.3342310219451097	0.025	0.1	0.14166666666666666	0.125	0.225	0.30833333333333335	0.075	0.0	0.0	0.26666666666666666	4.0	1.1726039399558574
RCSB-4LV9-20J-KD:S0	RCSB-4LV9-20J-KD	S0	construct-055-55e07f4ed0ce	55e07f4ed0ce8af3ab3438da5c3328ac0059868d28e3cf58be62b24c7e32b714	P43490	4LV9	20J	GDLBFKVLRPITMI-UHFFFAOYSA-N	CC1=Nc2ccc(Cl)cc2S(=O)(=O)N1	3.638272163982407	4LV9	2f968b1d2d0866c41bc1eea096abc1648f05cda27220ea7af4ec591860e4c289	1	A	4LVD	1EB	191;192;193;194;196;219;241;242;243;244;245;275;311;313;351;353	191;192;193;194;196;219;241;242;243;244;245;275;311;313;351;353		query_holo_receptor	True	True	False	16.0	119.0	1.0	0.0	0.125	0.0	0.1875	0.0	0.0625	0.125	0.0625	0.0625	0.0	0.0	0.0	0.0	0.0625	0.0	0.125	0.125	0.0	0.0625	0.0	0.0	0.0	0.5966386554621849	0.20168067226890757	0.20168067226890757	0.0	0.0	0.0	0.0	7.923593157853145	13.414793357087563	20.948999999999998	17.989	16.494	5.310548206042905	4.841385646889011	3.3380220641225167	0.025	0.10833333333333334	0.13333333333333333	0.125	0.23333333333333334	0.31666666666666665	0.058333333333333334	0.0	0.0	0.26666666666666666	4.0	1.1726039399558574
RCSB-4LV9-20J-KD:S1	RCSB-4LV9-20J-KD	S1	construct-055-55e07f4ed0ce	55e07f4ed0ce8af3ab3438da5c3328ac0059868d28e3cf58be62b24c7e32b714	P43490	4LV9	20J	GDLBFKVLRPITMI-UHFFFAOYSA-N	CC1=Nc2ccc(Cl)cc2S(=O)(=O)N1	3.638272163982407	4LVD	1e9943427f18f00cf8a1efdbf3ba72ca6835491845008513fce077335debedbb	1	A	4LVD	1EB	191;192;193;194;196;219;241;242;243;244;245;275;311;313;351;353	191;192;193;194;196;219;241;242;243;244;245;275;311;313;351;353		fixed_historical_reference_receptor	False	True	False	16.0	119.0	1.0	0.0	0.125	0.0	0.1875	0.0	0.0625	0.125	0.0625	0.0625	0.0	0.0	0.0	0.0	0.0625	0.0	0.125	0.125	0.0	0.0625	0.0	0.0	0.0	0.5966386554621849	0.20168067226890757	0.20168067226890757	0.0	0.0	0.0	0.0	7.94576972107034	13.516260231312582	22.031	16.785	16.599	5.3447934254220755	4.842658690444954	3.3342310219451097	0.025	0.1	0.14166666666666666	0.125	0.225	0.30833333333333335	0.075	0.0	0.0	0.26666666666666666	4.0	1.1726039399558574
RCSB-5IA5-GV0-KD:S0	RCSB-5IA5-GV0-KD	S0	construct-056-5e2cf644e754	5e2cf644e7545b7dba71e2b656457a43d79ef2598dd7c40b2ca07fe245cb39a8	P29317	5IA5	GV0	UQRCJCNVNUFYDX-UHFFFAOYSA-N	CN1CCN(C2CCN(C(=O)Nc3cc(Oc4ccc(NC(=O)C5(C(=O)Nc6ccc(F)cc6)CC5)c(F)c4)ccn3)CC2)CC1	7.6020599913279625	5IA5	91ebe2e56c899c0558b7c8122ff1e2e33e8da73aac623879e9903e57f240314e	1	A	5I9Z	627	23;25;27;28;33;49;50;52;69;82;98;99;100;101;102;103;104;105;112;149;150;151;152;162;163	23;25;27;28;33;49;50;52;69;82;98;99;100;101;102;103;104;105;112;149;150;151;152;162;163		query_holo_receptor	True	True	False	25.0	191.0	1.0	0.0	0.12	0.0	0.04	0.16	0.0	0.08	0.0	0.12	0.08	0.04	0.04	0.08	0.0	0.0	0.04	0.04	0.04	0.08	0.0	0.04	0.0	0.6178010471204188	0.16753926701570682	0.2094240837696335	0.005235602094240838	0.0	0.0	0.0	9.91035811197674	17.966285245909972	25.089	24.186999999999998	20.590000000000003	6.314126911969234	5.900992093398521	4.8502877812370215	0.013333333333333334	0.07666666666666666	0.08	0.10666666666666667	0.14	0.2866666666666667	0.21666666666666667	0.08	0.0	0.17	4.08	1.9983993594874874
RCSB-5IA5-GV0-KD:S1	RCSB-5IA5-GV0-KD	S1	construct-056-5e2cf644e754	5e2cf644e7545b7dba71e2b656457a43d79ef2598dd7c40b2ca07fe245cb39a8	P29317	5IA5	GV0	UQRCJCNVNUFYDX-UHFFFAOYSA-N	CN1CCN(C2CCN(C(=O)Nc3cc(Oc4ccc(NC(=O)C5(C(=O)Nc6ccc(F)cc6)CC5)c(F)c4)ccn3)CC2)CC1	7.6020599913279625	5I9Z	9d4a0963341224fb6bd78c141c499a47e3dbf6f3d8cd5c0a90f50c985041a50b	1	A	5I9Z	627	23;25;27;28;33;49;50;52;69;82;98;99;100;101;102;103;104;105;112;149;150;151;152;162;163	23;25;27;28;33;49;50;52;69;82;98;99;100;101;102;103;104;105;112;149;150;151;152;162;163		fixed_historical_reference_receptor	False	True	False	25.0	191.0	1.0	0.0	0.12	0.0	0.04	0.16	0.0	0.08	0.0	0.12	0.08	0.04	0.04	0.08	0.0	0.0	0.04	0.04	0.04	0.08	0.0	0.04	0.0	0.6178010471204188	0.16753926701570682	0.2094240837696335	0.005235602094240838	0.0	0.0	0.0	9.459795700581818	17.65951871218992	24.754000000000005	24.195999999999998	21.908	5.925059590587475	5.824930441997321	4.5223432964146495	0.01	0.08666666666666667	0.09	0.12	0.13666666666666666	0.36333333333333334	0.14	0.05333333333333334	0.0	0.18666666666666668	4.48	1.8998947339260668
RCSB-5IA4-88Z-KD:S0	RCSB-5IA4-88Z-KD	S0	construct-056-5e2cf644e754	5e2cf644e7545b7dba71e2b656457a43d79ef2598dd7c40b2ca07fe245cb39a8	P29317	5IA4	88Z	CXQHYVUVSFXTMY-UHFFFAOYSA-N	COc1cc2c(Oc3ccc(NC(=O)C4(C(=O)Nc5ccc(F)cc5)CC4)cc3F)ccnc2cc1OCCCN1CCOCC1	7.2839966563652006	5IA4	0d90fcf55d9fe407f78d0fc482c2dd0e168815b4a7582bb83dba109b7d85e5f2	1	A	5I9Z	627	23;25;27;28;33;49;50;52;69;82;98;99;100;101;102;103;104;105;112;149;150;151;152;162;163	23;25;27;28;33;49;50;52;69;82;98;99;100;101;102;103;104;105;112;149;150;151;152;162;163		query_holo_receptor	True	True	False	25.0	191.0	1.0	0.0	0.12	0.0	0.04	0.16	0.0	0.08	0.0	0.12	0.08	0.04	0.04	0.08	0.0	0.0	0.04	0.04	0.04	0.08	0.0	0.04	0.0	0.6178010471204188	0.16753926701570682	0.2094240837696335	0.005235602094240838	0.0	0.0	0.0	9.882606521288537	17.903436417920336	24.957	24.168	21.293000000000006	6.3243346198640635	5.848953545196825	4.843391961913996	0.013333333333333334	0.08	0.07666666666666666	0.1	0.15333333333333332	0.30333333333333334	0.20333333333333334	0.07	0.0	0.17	4.08	1.9983993594874874
RCSB-5IA4-88Z-KD:S1	RCSB-5IA4-88Z-KD	S1	construct-056-5e2cf644e754	5e2cf644e7545b7dba71e2b656457a43d79ef2598dd7c40b2ca07fe245cb39a8	P29317	5IA4	88Z	CXQHYVUVSFXTMY-UHFFFAOYSA-N	COc1cc2c(Oc3ccc(NC(=O)C4(C(=O)Nc5ccc(F)cc5)CC4)cc3F)ccnc2cc1OCCCN1CCOCC1	7.2839966563652006	5I9Z	9d4a0963341224fb6bd78c141c499a47e3dbf6f3d8cd5c0a90f50c985041a50b	1	A	5I9Z	627	23;25;27;28;33;49;50;52;69;82;98;99;100;101;102;103;104;105;112;149;150;151;152;162;163	23;25;27;28;33;49;50;52;69;82;98;99;100;101;102;103;104;105;112;149;150;151;152;162;163		fixed_historical_reference_receptor	False	True	False	25.0	191.0	1.0	0.0	0.12	0.0	0.04	0.16	0.0	0.08	0.0	0.12	0.08	0.04	0.04	0.08	0.0	0.0	0.04	0.04	0.04	0.08	0.0	0.04	0.0	0.6178010471204188	0.16753926701570682	0.2094240837696335	0.005235602094240838	0.0	0.0	0.0	9.459795700581818	17.65951871218992	24.754000000000005	24.195999999999998	21.908	5.925059590587475	5.824930441997321	4.5223432964146495	0.01	0.08666666666666667	0.09	0.12	0.13666666666666666	0.36333333333333334	0.14	0.05333333333333334	0.0	0.18666666666666668	4.48	1.8998947339260668
RCSB-5LVN-ADN-KD:S0	RCSB-5LVN-ADN-KD	S0	construct-057-64fd661d958f	64fd661d958fea02b9768538d24b3ec07f04cb4f54bafa455ee5f25ebb4ffe3c	O15530	5LVN	ADN	OIRDTQYFTABQOQ-KQYNXXCUSA-N	Nc1ncnc2c1ncn2[C@@H]1O[C@H](CO)[C@@H](O)[C@H]1O	4.698970004336019	5LVN	e01e3696b3820b9cb46e7da695c58520144dec83fd1017dd3b6ea18dbe56925e	1	A	3HRF	P47	28;65;67;68;70;71;76;79;80;83;100;101;102;107;108;109	28;65;67;68;70;71;76;79;80;83;100;101;102;107;108;109		query_holo_receptor	True	True	False	16.0	131.0	1.0	0.0	0.0	0.0	0.0	0.0	0.125	0.0	0.0	0.125	0.125	0.125	0.0	0.0	0.0	0.0625	0.125	0.0	0.125	0.125	0.0	0.0625	0.0	0.7022900763358778	0.1450381679389313	0.15267175572519084	0.0	0.0	0.0	0.0	8.002453476183575	15.127964043770364	25.922	20.055999999999997	15.741999999999997	6.108711243988736	4.381164855385783	2.7437753344581006	0.0	0.13333333333333333	0.20833333333333334	0.1	0.175	0.25833333333333336	0.09166666666666666	0.03333333333333333	0.0	0.3416666666666667	5.125	1.7633419974582356
RCSB-5LVN-ADN-KD:S1	RCSB-5LVN-ADN-KD	S1	construct-057-64fd661d958f	64fd661d958fea02b9768538d24b3ec07f04cb4f54bafa455ee5f25ebb4ffe3c	O15530	5LVN	ADN	OIRDTQYFTABQOQ-KQYNXXCUSA-N	Nc1ncnc2c1ncn2[C@@H]1O[C@H](CO)[C@@H](O)[C@H]1O	4.698970004336019	3HRF	dcc860b5b457405cd42eb79494daccd3c0fd016ce82f75517fd009974a4243b0	1	A	3HRF	P47	28;65;67;68;70;71;76;79;80;83;100;101;102;107;108;109	28;65;67;68;70;71;76;79;80;83;100;101;102;107;108;109		fixed_historical_reference_receptor	False	True	False	16.0	137.0	1.0	0.0	0.0	0.0	0.0	0.0	0.125	0.0	0.0	0.125	0.125	0.125	0.0	0.0	0.0	0.0625	0.125	0.0	0.125	0.125	0.0	0.0625	0.0	0.6934306569343066	0.16058394160583941	0.145985401459854	0.0	0.0	0.0	0.0	8.035686063634715	13.752490990999032	24.943	19.761	15.764	6.124743318002912	4.294762706064106	2.935095075201618	0.0	0.125	0.225	0.075	0.2	0.26666666666666666	0.09166666666666666	0.016666666666666666	0.0	0.35	5.25	1.4361406616345072
RCSB-4RQK-R1S-KD:S0	RCSB-4RQK-R1S-KD	S0	construct-057-64fd661d958f	64fd661d958fea02b9768538d24b3ec07f04cb4f54bafa455ee5f25ebb4ffe3c	O15530	4RQK	R1S	VLGMTYRMKMVUHJ-UHFFFAOYSA-N	O=S(=O)(Nc1nc2ccc(Cl)cc2s1)c1csc2ccccc12	5.823908740944319	4RQK	25bb3168e291f298435defbfb8717dd120875a72fa19ad06b0f17cc8397311b5	1	A	3HRF	P47	28;65;67;68;70;71;76;79;80;83;100;101;102;107;108;109	28;65;67;68;70;71;76;79;80;83;100;101;102;107;108;109		query_holo_receptor	True	True	False	16.0	143.0	1.0	0.0	0.0	0.0	0.0	0.0	0.125	0.0	0.0	0.125	0.125	0.125	0.0	0.0	0.0	0.0625	0.125	0.0	0.125	0.125	0.0	0.0625	0.0	0.6853146853146853	0.17482517482517482	0.13986013986013987	0.0	0.0	0.0	0.0	8.478099673081376	14.921378807627331	25.844	23.683	15.892	6.519569488933203	4.623473688831923	2.827875314498984	0.0	0.1	0.24166666666666667	0.06666666666666667	0.2	0.24166666666666667	0.11666666666666667	0.03333333333333333	0.0	0.3416666666666667	5.125	1.5360257159305635
RCSB-4RQK-R1S-KD:S1	RCSB-4RQK-R1S-KD	S1	construct-057-64fd661d958f	64fd661d958fea02b9768538d24b3ec07f04cb4f54bafa455ee5f25ebb4ffe3c	O15530	4RQK	R1S	VLGMTYRMKMVUHJ-UHFFFAOYSA-N	O=S(=O)(Nc1nc2ccc(Cl)cc2s1)c1csc2ccccc12	5.823908740944319	3HRF	dcc860b5b457405cd42eb79494daccd3c0fd016ce82f75517fd009974a4243b0	1	A	3HRF	P47	28;65;67;68;70;71;76;79;80;83;100;101;102;107;108;109	28;65;67;68;70;71;76;79;80;83;100;101;102;107;108;109		fixed_historical_reference_receptor	False	True	False	16.0	137.0	1.0	0.0	0.0	0.0	0.0	0.0	0.125	0.0	0.0	0.125	0.125	0.125	0.0	0.0	0.0	0.0625	0.125	0.0	0.125	0.125	0.0	0.0625	0.0	0.6934306569343066	0.16058394160583941	0.145985401459854	0.0	0.0	0.0	0.0	8.035686063634715	13.752490990999032	24.943	19.761	15.764	6.124743318002912	4.294762706064106	2.935095075201618	0.0	0.125	0.225	0.075	0.2	0.26666666666666666	0.09166666666666666	0.016666666666666666	0.0	0.35	5.25	1.4361406616345072
RCSB-6EQ2-BU8-KD:S0	RCSB-6EQ2-BU8-KD	S0	construct-058-7dd2d4fe658a	7dd2d4fe658a802fabe6e6b5cba9d392721ca80cd5b42caf168417e0c481af6e	P36639	6EQ2	BU8	KXQPVJRJUJJWQJ-UHFFFAOYSA-N	Nc1nc2ncccc2[nH]1	5.886056647693163	6EQ2	643efc29be7732ae538a1425ddbae4ed09b153b1f8f4147e8375ceaf99bb269e	1	A	6EQ5	AX7	35;53;59;96;98;100;107;109;143;145;146;149;165	35;53;59;96;98;100;107;109;143;145;146;149;165		query_holo_receptor	True	True	False	13.0	127.0	1.0	0.0	0.0	0.0	0.15384615384615385	0.0	0.3076923076923077	0.0	0.0	0.07692307692307693	0.0	0.07692307692307693	0.07692307692307693	0.07692307692307693	0.0	0.0	0.0	0.0	0.0	0.07692307692307693	0.15384615384615385	0.0	0.0	0.7244094488188977	0.12598425196850394	0.14173228346456693	0.007874015748031496	0.0	0.0	0.0	7.592306786094768	12.24601661398162	18.837	17.848	14.881999999999998	5.259237319782971	3.9372868190520323	3.8054326498969653	0.01282051282051282	0.10256410256410256	0.1794871794871795	0.11538461538461539	0.32051282051282054	0.23076923076923078	0.038461538461538464	0.0	0.0	0.2948717948717949	3.5384615384615383	1.3367805536140587
RCSB-6EQ2-BU8-KD:S1	RCSB-6EQ2-BU8-KD	S1	construct-058-7dd2d4fe658a	7dd2d4fe658a802fabe6e6b5cba9d392721ca80cd5b42caf168417e0c481af6e	P36639	6EQ2	BU8	KXQPVJRJUJJWQJ-UHFFFAOYSA-N	Nc1nc2ncccc2[nH]1	5.886056647693163	6EQ5	63e64dbc0bcc8b234f86121e2b97a8e739931d23525718597302c1af9b0bf2c5	1	A	6EQ5	AX7	35;53;59;96;98;100;107;109;143;145;146;149;165	35;53;59;96;98;100;107;109;143;145;146;149;165		fixed_historical_reference_receptor	False	True	False	13.0	127.0	1.0	0.0	0.0	0.0	0.15384615384615385	0.0	0.3076923076923077	0.0	0.0	0.07692307692307693	0.0	0.07692307692307693	0.07692307692307693	0.07692307692307693	0.0	0.0	0.0	0.0	0.0	0.07692307692307693	0.15384615384615385	0.0	0.0	0.7244094488188977	0.12598425196850394	0.14173228346456693	0.007874015748031496	0.0	0.0	0.0	7.712484162462048	12.15785570173641	19.101	18.012	14.319	5.377583847889199	4.09883400488407	3.709927723764321	0.0	0.11538461538461539	0.15384615384615385	0.1282051282051282	0.3076923076923077	0.2564102564102564	0.038461538461538464	0.0	0.0	0.2692307692307692	3.230769230769231	1.6245163139956058
RCSB-6EQ6-EV2-KD:S0	RCSB-6EQ6-EV2-KD	S0	construct-058-7dd2d4fe658a	7dd2d4fe658a802fabe6e6b5cba9d392721ca80cd5b42caf168417e0c481af6e	P36639	6EQ6	EV2	LWWDIFFPFOZSSB-UHFFFAOYSA-N	Nc1nc2ccccc2nc1N1CCCC1	4.823908740944319	6EQ6	d72a13fe1d582bc4b60d04f32d98e6c315c76e352ec34d5f45184336047ebff6	1	A	6EQ5	AX7	35;53;59;96;98;100;107;109;143;145;146;149;165	35;53;59;96;98;100;107;109;143;145;146;149;165		query_holo_receptor	True	True	False	13.0	127.0	1.0	0.0	0.0	0.0	0.15384615384615385	0.0	0.3076923076923077	0.0	0.0	0.07692307692307693	0.0	0.07692307692307693	0.07692307692307693	0.07692307692307693	0.0	0.0	0.0	0.0	0.0	0.07692307692307693	0.15384615384615385	0.0	0.0	0.7244094488188977	0.12598425196850394	0.14173228346456693	0.007874015748031496	0.0	0.0	0.0	7.758621639420979	12.754948733464838	19.013999999999996	18.186	15.357	5.149606444649997	4.359285356264866	3.8307172163402208	0.01282051282051282	0.07692307692307693	0.16666666666666666	0.15384615384615385	0.28205128205128205	0.2692307692307692	0.038461538461538464	0.0	0.0	0.2564102564102564	3.076923076923077	1.5913969896597848
RCSB-6EQ6-EV2-KD:S1	RCSB-6EQ6-EV2-KD	S1	construct-058-7dd2d4fe658a	7dd2d4fe658a802fabe6e6b5cba9d392721ca80cd5b42caf168417e0c481af6e	P36639	6EQ6	EV2	LWWDIFFPFOZSSB-UHFFFAOYSA-N	Nc1nc2ccccc2nc1N1CCCC1	4.823908740944319	6EQ5	63e64dbc0bcc8b234f86121e2b97a8e739931d23525718597302c1af9b0bf2c5	1	A	6EQ5	AX7	35;53;59;96;98;100;107;109;143;145;146;149;165	35;53;59;96;98;100;107;109;143;145;146;149;165		fixed_historical_reference_receptor	False	True	False	13.0	127.0	1.0	0.0	0.0	0.0	0.15384615384615385	0.0	0.3076923076923077	0.0	0.0	0.07692307692307693	0.0	0.07692307692307693	0.07692307692307693	0.07692307692307693	0.0	0.0	0.0	0.0	0.0	0.07692307692307693	0.15384615384615385	0.0	0.0	0.7244094488188977	0.12598425196850394	0.14173228346456693	0.007874015748031496	0.0	0.0	0.0	7.712484162462048	12.15785570173641	19.101	18.012	14.319	5.377583847889199	4.09883400488407	3.709927723764321	0.0	0.11538461538461539	0.15384615384615385	0.1282051282051282	0.3076923076923077	0.2564102564102564	0.038461538461538464	0.0	0.0	0.2692307692307692	3.230769230769231	1.6245163139956058
RCSB-5H8E-5Y3-KD:S0	RCSB-5H8E-5Y3-KD	S0	construct-061-920a294dd28c	920a294dd28c44be34ad519a7de9e65ae46653dae7459f2123ec3e7927057431	P68400	5H8E	5Y3	FBMJGDCKBKUMJF-UHFFFAOYSA-N	CC(=O)Nc1cc(Nc2cc(NC3CC3)n3ncc(C#N)c3n2)ccc1N(C)CCN	11.221848745841319	5H8E	c13217a74a7568ade54d456c389845da639fcbfa628b5cf26cfafa6f3d405971	1	A	5H8G	5Y4	43;45;46;47;48;49;51;52;53;55;66;67;68;81;95;113;114;115;116;117;118;156;158;160;161;163;174;175;176;177;178	43;45;46;47;48;49;51;52;53;55;66;67;68;81;95;113;114;115;116;117;118;156;158;160;161;163;174;175;176;177;178		query_holo_receptor	True	True	False	31.0	256.0	1.0	0.0	0.0	0.0	0.06451612903225806	0.12903225806451613	0.03225806451612903	0.0967741935483871	0.06451612903225806	0.06451612903225806	0.0967741935483871	0.06451612903225806	0.03225806451612903	0.0967741935483871	0.0	0.0	0.06451612903225806	0.03225806451612903	0.0	0.12903225806451613	0.03225806451612903	0.0	0.0	0.625	0.1875	0.18359375	0.00390625	0.0	0.0	0.0	9.983461225320385	16.701312927947093	25.303000000000004	24.41	23.448999999999998	6.8871771438726626	5.722103467458584	4.415180736288383	0.004301075268817204	0.08172043010752689	0.07526881720430108	0.1053763440860215	0.14193548387096774	0.3333333333333333	0.18924731182795698	0.06881720430107527	0.0	0.16129032258064516	4.838709677419355	1.6674642559122692
RCSB-5H8E-5Y3-KD:S1	RCSB-5H8E-5Y3-KD	S1	construct-061-920a294dd28c	920a294dd28c44be34ad519a7de9e65ae46653dae7459f2123ec3e7927057431	P68400	5H8E	5Y3	FBMJGDCKBKUMJF-UHFFFAOYSA-N	CC(=O)Nc1cc(Nc2cc(NC3CC3)n3ncc(C#N)c3n2)ccc1N(C)CCN	11.221848745841319	5H8G	51db04bdf34ce561c23d5e68ae2c3018f4ed4a50716e80f73e8149b731862433	1	A	5H8G	5Y4	43;45;46;47;48;49;51;52;53;55;66;67;68;81;95;113;114;115;116;117;118;156;158;160;161;163;174;175;176;177;178	43;45;46;47;48;49;51;52;53;55;66;67;68;81;95;113;114;115;116;117;118;156;158;160;161;163;174;175;176;177;178		fixed_historical_reference_receptor	False	True	False	31.0	256.0	1.0	0.0	0.0	0.0	0.06451612903225806	0.12903225806451613	0.03225806451612903	0.0967741935483871	0.06451612903225806	0.06451612903225806	0.0967741935483871	0.06451612903225806	0.03225806451612903	0.0967741935483871	0.0	0.0	0.06451612903225806	0.03225806451612903	0.0	0.12903225806451613	0.03225806451612903	0.0	0.0	0.625	0.1875	0.18359375	0.00390625	0.0	0.0	0.0	9.922835227414803	16.24883411438864	29.548	22.402	21.898	6.73039164665549	5.7466996125952825	4.487753424114497	0.004301075268817204	0.08602150537634409	0.07096774193548387	0.1053763440860215	0.14193548387096774	0.3311827956989247	0.1935483870967742	0.06666666666666667	0.0	0.16129032258064516	4.838709677419355	1.6674642559122692
RCSB-5H8B-5Y2-KD:S0	RCSB-5H8B-5Y2-KD	S0	construct-061-920a294dd28c	920a294dd28c44be34ad519a7de9e65ae46653dae7459f2123ec3e7927057431	P68400	5H8B	5Y2	GDSQVLMYYCNAGP-UHFFFAOYSA-N	CC(=O)Nc1cc(Nc2cc(NC3CC3)n3ncc(C#N)c3n2)ccc1C	11.301030005371219	5H8B	1af4d3e250a8ed839a1702956e2f6112426c776c449dea13120cd40467250876	1	A	5H8G	5Y4	43;45;46;47;48;49;51;52;53;55;66;67;68;81;95;113;114;115;116;117;118;156;158;160;161;163;174;175;176;177;178	43;45;46;47;48;49;51;52;53;55;66;67;68;81;95;113;114;115;116;117;118;156;158;160;161;163;174;175;176;177;178		query_holo_receptor	True	True	False	31.0	256.0	1.0	0.0	0.0	0.0	0.06451612903225806	0.12903225806451613	0.03225806451612903	0.0967741935483871	0.06451612903225806	0.06451612903225806	0.0967741935483871	0.06451612903225806	0.03225806451612903	0.0967741935483871	0.0	0.0	0.06451612903225806	0.03225806451612903	0.0	0.12903225806451613	0.03225806451612903	0.0	0.0	0.625	0.1875	0.18359375	0.00390625	0.0	0.0	0.0	9.941132953603155	16.85256098482431	25.084999999999997	24.491	23.164	6.82497771453033	5.725785626237735	4.41148303405423	0.004301075268817204	0.08602150537634409	0.07311827956989247	0.1053763440860215	0.14193548387096774	0.32688172043010755	0.1978494623655914	0.06451612903225806	0.0	0.16344086021505377	4.903225806451613	1.74789899150246
RCSB-5H8B-5Y2-KD:S1	RCSB-5H8B-5Y2-KD	S1	construct-061-920a294dd28c	920a294dd28c44be34ad519a7de9e65ae46653dae7459f2123ec3e7927057431	P68400	5H8B	5Y2	GDSQVLMYYCNAGP-UHFFFAOYSA-N	CC(=O)Nc1cc(Nc2cc(NC3CC3)n3ncc(C#N)c3n2)ccc1C	11.301030005371219	5H8G	51db04bdf34ce561c23d5e68ae2c3018f4ed4a50716e80f73e8149b731862433	1	A	5H8G	5Y4	43;45;46;47;48;49;51;52;53;55;66;67;68;81;95;113;114;115;116;117;118;156;158;160;161;163;174;175;176;177;178	43;45;46;47;48;49;51;52;53;55;66;67;68;81;95;113;114;115;116;117;118;156;158;160;161;163;174;175;176;177;178		fixed_historical_reference_receptor	False	True	False	31.0	256.0	1.0	0.0	0.0	0.0	0.06451612903225806	0.12903225806451613	0.03225806451612903	0.0967741935483871	0.06451612903225806	0.06451612903225806	0.0967741935483871	0.06451612903225806	0.03225806451612903	0.0967741935483871	0.0	0.0	0.06451612903225806	0.03225806451612903	0.0	0.12903225806451613	0.03225806451612903	0.0	0.0	0.625	0.1875	0.18359375	0.00390625	0.0	0.0	0.0	9.922835227414803	16.24883411438864	29.548	22.402	21.898	6.73039164665549	5.7466996125952825	4.487753424114497	0.004301075268817204	0.08602150537634409	0.07096774193548387	0.1053763440860215	0.14193548387096774	0.3311827956989247	0.1935483870967742	0.06666666666666667	0.0	0.16129032258064516	4.838709677419355	1.6674642559122692
RCSB-6RL9-SAN-KD:S0	RCSB-6RL9-SAN-KD	S0	construct-062-9efbec4633b7	9efbec4633b7c8a7c0e372c71395e62fc5c5589a95071ecce66b9afa00f9dcdb	P00918	6RL9	SAN	FDDDEECHVMSUSB-UHFFFAOYSA-N	Nc1ccc(S(N)(=O)=O)cc1	5.255707016877324	6RL9	3f5e7225d250d816a7dc526419e6bbae02118abafabcf31b99efcda0539f2481	1	A	6RKN	FBS	97;99;101;111;124;126;135;145;147;201;202;203;204;205;206;211;213	97;99;101;111;124;126;135;145;147;201;202;203;204;205;206;211;213		query_holo_receptor	True	True	False	17.0	144.0	1.0	0.0	0.0	0.0	0.0	0.058823529411764705	0.058823529411764705	0.0	0.17647058823529413	0.0	0.0	0.11764705882352941	0.0	0.0	0.11764705882352941	0.058823529411764705	0.0	0.058823529411764705	0.11764705882352941	0.17647058823529413	0.058823529411764705	0.0	0.0	0.6666666666666666	0.1736111111111111	0.1597222222222222	0.0	0.0	0.0	0.0	7.874347877007758	13.51744699959513	23.987000000000002	17.494999999999997	16.8	5.048643693320927	4.4830256348203035	4.052040535775946	0.007352941176470588	0.125	0.125	0.20588235294117646	0.19852941176470587	0.3161764705882353	0.022058823529411766	0.0	0.0	0.25735294117647056	4.117647058823529	1.3232025740237636
RCSB-6RL9-SAN-KD:S1	RCSB-6RL9-SAN-KD	S1	construct-062-9efbec4633b7	9efbec4633b7c8a7c0e372c71395e62fc5c5589a95071ecce66b9afa00f9dcdb	P00918	6RL9	SAN	FDDDEECHVMSUSB-UHFFFAOYSA-N	Nc1ccc(S(N)(=O)=O)cc1	5.255707016877324	6RKN	b9093d2e0fb3b8358bfbd78ec8067a837196463c63841d3fbf2231d1dcf4e37f	1	A	6RKN	FBS	97;99;101;111;124;126;135;145;147;201;202;203;204;205;206;211;213	97;99;101;111;124;126;135;145;147;201;202;203;204;205;206;211;213		fixed_historical_reference_receptor	False	True	False	17.0	144.0	1.0	0.0	0.0	0.0	0.0	0.058823529411764705	0.058823529411764705	0.0	0.17647058823529413	0.0	0.0	0.11764705882352941	0.0	0.0	0.11764705882352941	0.058823529411764705	0.0	0.058823529411764705	0.11764705882352941	0.17647058823529413	0.058823529411764705	0.0	0.0	0.6666666666666666	0.1736111111111111	0.1597222222222222	0.0	0.0	0.0	0.0	7.902533465644836	13.685166661771952	24.166	17.515	16.820999999999998	5.07179276221891	4.503398819424974	4.0554102660448805	0.007352941176470588	0.125	0.125	0.20588235294117646	0.19117647058823528	0.3235294117647059	0.022058823529411766	0.0	0.0	0.25735294117647056	4.117647058823529	1.3232025740237636
RCSB-6SD7-L7T-KD:S0	RCSB-6SD7-L7T-KD	S0	construct-062-9efbec4633b7	9efbec4633b7c8a7c0e372c71395e62fc5c5589a95071ecce66b9afa00f9dcdb	P00918	6SD7	L7T	ZWVYQZBCSXCUOO-UHFFFAOYSA-N	NS(=O)(=O)c1c(F)c(F)c(F)c(F)c1F	7.568636235841012	6SD7	c06ad89c6c0cd99b63571db25e8f7a1ea04ab5e28b588cb07587c6f954cc3509	1	A	6RKN	FBS	97;99;101;111;124;126;135;145;147;201;202;203;204;205;206;211;213	97;99;101;111;124;126;135;145;147;201;202;203;204;205;206;211;213		query_holo_receptor	True	True	False	17.0	144.0	1.0	0.0	0.0	0.0	0.0	0.058823529411764705	0.058823529411764705	0.0	0.17647058823529413	0.0	0.0	0.11764705882352941	0.0	0.0	0.11764705882352941	0.058823529411764705	0.0	0.058823529411764705	0.11764705882352941	0.17647058823529413	0.058823529411764705	0.0	0.0	0.6666666666666666	0.1736111111111111	0.1597222222222222	0.0	0.0	0.0	0.0	7.884215446954922	13.606202711877414	24.04893	17.34276	16.74745	5.055776739560232	4.4893044855245	4.055381610893593	0.007352941176470588	0.125	0.125	0.19852941176470587	0.22058823529411764	0.3014705882352941	0.022058823529411766	0.0	0.0	0.25735294117647056	4.117647058823529	1.3232025740237636
RCSB-6SD7-L7T-KD:S1	RCSB-6SD7-L7T-KD	S1	construct-062-9efbec4633b7	9efbec4633b7c8a7c0e372c71395e62fc5c5589a95071ecce66b9afa00f9dcdb	P00918	6SD7	L7T	ZWVYQZBCSXCUOO-UHFFFAOYSA-N	NS(=O)(=O)c1c(F)c(F)c(F)c(F)c1F	7.568636235841012	6RKN	b9093d2e0fb3b8358bfbd78ec8067a837196463c63841d3fbf2231d1dcf4e37f	1	A	6RKN	FBS	97;99;101;111;124;126;135;145;147;201;202;203;204;205;206;211;213	97;99;101;111;124;126;135;145;147;201;202;203;204;205;206;211;213		fixed_historical_reference_receptor	False	True	False	17.0	144.0	1.0	0.0	0.0	0.0	0.0	0.058823529411764705	0.058823529411764705	0.0	0.17647058823529413	0.0	0.0	0.11764705882352941	0.0	0.0	0.11764705882352941	0.058823529411764705	0.0	0.058823529411764705	0.11764705882352941	0.17647058823529413	0.058823529411764705	0.0	0.0	0.6666666666666666	0.1736111111111111	0.1597222222222222	0.0	0.0	0.0	0.0	7.902533465644836	13.685166661771952	24.166	17.515	16.820999999999998	5.07179276221891	4.503398819424974	4.0554102660448805	0.007352941176470588	0.125	0.125	0.20588235294117646	0.19117647058823528	0.3235294117647059	0.022058823529411766	0.0	0.0	0.25735294117647056	4.117647058823529	1.3232025740237636
RCSB-3B9L-AZZ-KD:S0	RCSB-3B9L-AZZ-KD	S0	construct-063-a35bb68136a5	a35bb68136a5125af3a3f3c491520a248e39ed972d4c377c5b823a5f41dab387	P02768	3B9L	AZZ	HBOMLICNUCNMMY-XLPZGREQSA-N	Cc1cn([C@H]2C[C@H](N=[N+]=[N-])[C@@H](CO)O2)c(=O)[nH]c1=O	4.356547323513812	3B9L	706ffa4b778a1bb2808791e95c6bced19071247f01c840ce13302ee5956f988a	1	A	2BXG	IBP	387;388;391;392;395;403;407;410;411;414;430;431;433;434;435;437;438;449;450;453;457;485;488;489	387;388;391;392;395;403;407;410;411;414;430;431;433;434;435;437;438;449;450;453;457;485;488;489		query_holo_receptor	True	True	False	24.0	191.0	1.0	0.0	0.041666666666666664	0.125	0.0	0.041666666666666664	0.125	0.08333333333333333	0.0	0.041666666666666664	0.041666666666666664	0.20833333333333334	0.0	0.041666666666666664	0.0	0.0	0.08333333333333333	0.08333333333333333	0.0	0.041666666666666664	0.0	0.041666666666666664	0.0	0.6596858638743456	0.16753926701570682	0.15706806282722513	0.015706806282722512	0.0	0.0	0.0	9.229834721550759	16.015164256726315	26.72	20.317999999999998	18.137	6.51228822493848	5.390708271766873	3.704080910452123	0.0036231884057971015	0.10869565217391304	0.09057971014492754	0.13405797101449277	0.16304347826086957	0.34057971014492755	0.13405797101449277	0.025362318840579712	0.0	0.2028985507246377	4.666666666666667	1.9507833184532708
RCSB-3B9L-AZZ-KD:S1	RCSB-3B9L-AZZ-KD	S1	construct-063-a35bb68136a5	a35bb68136a5125af3a3f3c491520a248e39ed972d4c377c5b823a5f41dab387	P02768	3B9L	AZZ	HBOMLICNUCNMMY-XLPZGREQSA-N	Cc1cn([C@H]2C[C@H](N=[N+]=[N-])[C@@H](CO)O2)c(=O)[nH]c1=O	4.356547323513812	2BXG	c71b89d3de6fee6cb7ecf8a3ee928089c3fc2c0a486fabecc3c58b1995e131dd	1	A	2BXG	IBP	387;388;391;392;395;403;407;410;411;414;430;431;433;434;435;437;438;449;450;453;457;485;488;489	387;388;391;392;395;403;407;410;411;414;430;431;433;434;435;437;438;449;450;453;457;485;488;489		fixed_historical_reference_receptor	False	True	False	24.0	191.0	1.0	0.0	0.041666666666666664	0.125	0.0	0.041666666666666664	0.125	0.08333333333333333	0.0	0.041666666666666664	0.041666666666666664	0.20833333333333334	0.0	0.041666666666666664	0.0	0.0	0.08333333333333333	0.08333333333333333	0.0	0.041666666666666664	0.0	0.041666666666666664	0.0	0.6596858638743456	0.16753926701570682	0.15706806282722513	0.015706806282722512	0.0	0.0	0.0	8.907411241588719	15.505000065826565	24.807000000000002	20.732	17.772	6.618615221050788	4.793134563100014	3.5442585462225993	0.0036231884057971015	0.10507246376811594	0.10869565217391304	0.14492753623188406	0.18478260869565216	0.30434782608695654	0.12318840579710146	0.025362318840579712	0.0	0.21739130434782608	5.0	1.6072751268321592
RCSB-4Z69-DIF-KD:S0	RCSB-4Z69-DIF-KD	S0	construct-063-a35bb68136a5	a35bb68136a5125af3a3f3c491520a248e39ed972d4c377c5b823a5f41dab387	P02768	4Z69	DIF	DCOPUUMXTXDBNB-UHFFFAOYSA-N	O=C(O)Cc1ccccc1Nc1c(Cl)cccc1Cl	5.609948503541013	4Z69	8bb15d8f2e42540e4f5a56f39e0345c46be38c93289be799225fac3d70d22b53	1	A	2BXG	IBP	387;388;391;392;395;403;407;410;411;414;430;431;433;434;435;437;438;449;450;453;457;485;488;489	387;388;391;392;395;403;407;410;411;414;430;431;433;434;435;437;438;449;450;453;457;485;488;489		query_holo_receptor	True	True	False	24.0	191.0	1.0	0.0	0.041666666666666664	0.125	0.0	0.041666666666666664	0.125	0.08333333333333333	0.0	0.041666666666666664	0.041666666666666664	0.20833333333333334	0.0	0.041666666666666664	0.0	0.0	0.08333333333333333	0.08333333333333333	0.0	0.041666666666666664	0.0	0.041666666666666664	0.0	0.6596858638743456	0.16753926701570682	0.15706806282722513	0.015706806282722512	0.0	0.0	0.0	9.157403267295477	15.607721676095158	27.195999999999998	22.682000000000002	15.393999999999998	6.477060523446284	5.370830775112727	3.613848137455374	0.007246376811594203	0.10507246376811594	0.08695652173913043	0.14492753623188406	0.15579710144927536	0.34057971014492755	0.13043478260869565	0.028985507246376812	0.0	0.19927536231884058	4.583333333333333	1.8689717910004835
RCSB-4Z69-DIF-KD:S1	RCSB-4Z69-DIF-KD	S1	construct-063-a35bb68136a5	a35bb68136a5125af3a3f3c491520a248e39ed972d4c377c5b823a5f41dab387	P02768	4Z69	DIF	DCOPUUMXTXDBNB-UHFFFAOYSA-N	O=C(O)Cc1ccccc1Nc1c(Cl)cccc1Cl	5.609948503541013	2BXG	c71b89d3de6fee6cb7ecf8a3ee928089c3fc2c0a486fabecc3c58b1995e131dd	1	A	2BXG	IBP	387;388;391;392;395;403;407;410;411;414;430;431;433;434;435;437;438;449;450;453;457;485;488;489	387;388;391;392;395;403;407;410;411;414;430;431;433;434;435;437;438;449;450;453;457;485;488;489		fixed_historical_reference_receptor	False	True	False	24.0	191.0	1.0	0.0	0.041666666666666664	0.125	0.0	0.041666666666666664	0.125	0.08333333333333333	0.0	0.041666666666666664	0.041666666666666664	0.20833333333333334	0.0	0.041666666666666664	0.0	0.0	0.08333333333333333	0.08333333333333333	0.0	0.041666666666666664	0.0	0.041666666666666664	0.0	0.6596858638743456	0.16753926701570682	0.15706806282722513	0.015706806282722512	0.0	0.0	0.0	8.907411241588719	15.505000065826565	24.807000000000002	20.732	17.772	6.618615221050788	4.793134563100014	3.5442585462225993	0.0036231884057971015	0.10507246376811594	0.10869565217391304	0.14492753623188406	0.18478260869565216	0.30434782608695654	0.12318840579710146	0.025362318840579712	0.0	0.21739130434782608	5.0	1.6072751268321592
RCSB-3BUH-AED-KD:S0	RCSB-3BUH-AED-KD	S0	construct-064-ad692e3f3920	ad692e3f3920aa40ca5d4e313dfe51eadd2d494d07edff61a311e0ddf683c427	P56817	3BUH	AED	DOCCSEDGBYCYLS-UHFFFAOYSA-N	NCCc1ccc(O)c(C2CCCCC2)c1	3.6575773191777934	3BUH	b0d5f64cb155b13408ecabf0a9191b87df0ceb3405480152d8aa813b220cdc9c	1	A	3BRA	AEF	46;48;50;51;87;123;124;125;126;131;134;244;246;247	46;48;50;51;87;123;124;125;126;131;134;244;246;247		query_holo_receptor	True	True	False	14.0	118.0	1.0	0.0	0.0	0.0	0.14285714285714285	0.0	0.14285714285714285	0.14285714285714285	0.0	0.14285714285714285	0.07142857142857142	0.07142857142857142	0.0	0.0	0.0	0.0	0.0	0.07142857142857142	0.07142857142857142	0.0	0.07142857142857142	0.07142857142857142	0.0	0.6864406779661016	0.13559322033898305	0.17796610169491525	0.0	0.0	0.0	0.0	8.192385755925244	14.68671425965514	20.362000000000002	17.833	16.057000000000002	6.064662036765984	4.467040036219423	3.2218957258901266	0.02197802197802198	0.10989010989010989	0.15384615384615385	0.13186813186813187	0.17582417582417584	0.2967032967032967	0.10989010989010989	0.0	0.0	0.2857142857142857	3.7142857142857144	1.5779087167410373
RCSB-3BUH-AED-KD:S1	RCSB-3BUH-AED-KD	S1	construct-064-ad692e3f3920	ad692e3f3920aa40ca5d4e313dfe51eadd2d494d07edff61a311e0ddf683c427	P56817	3BUH	AED	DOCCSEDGBYCYLS-UHFFFAOYSA-N	NCCc1ccc(O)c(C2CCCCC2)c1	3.6575773191777934	3BRA	75b655cd9bbc197347eb8ae1f2692661074de0fe404f133193d2e6dbf14ce48a	1	A	3BRA	AEF	46;48;50;51;87;123;124;125;126;131;134;244;246;247	46;48;50;51;87;123;124;125;126;131;134;244;246;247		fixed_historical_reference_receptor	False	True	False	14.0	118.0	1.0	0.0	0.0	0.0	0.14285714285714285	0.0	0.14285714285714285	0.14285714285714285	0.0	0.14285714285714285	0.07142857142857142	0.07142857142857142	0.0	0.0	0.0	0.0	0.0	0.07142857142857142	0.07142857142857142	0.0	0.07142857142857142	0.07142857142857142	0.0	0.6864406779661016	0.13559322033898305	0.17796610169491525	0.0	0.0	0.0	0.0	8.207585198203281	14.498004041550411	20.452	17.902	16.160999999999998	6.1033297576331424	4.437519406096983	3.2283497604609144	0.02197802197802198	0.0989010989010989	0.16483516483516483	0.13186813186813187	0.15384615384615385	0.3076923076923077	0.12087912087912088	0.0	0.0	0.2857142857142857	3.7142857142857144	1.5779087167410373
RCSB-3BUG-AEH-KD:S0	RCSB-3BUG-AEH-KD	S0	construct-064-ad692e3f3920	ad692e3f3920aa40ca5d4e313dfe51eadd2d494d07edff61a311e0ddf683c427	P56817	3BUG	AEH	LDAFQVRTSOETPE-UHFFFAOYSA-N	CCc1cc(CCN)ccc1O	3.1804560644581317	3BUG	65fa0555594101badc3241bfee9e40abbac200092251925e9f1a158b4d237dd4	1	A	3BRA	AEF	46;48;50;51;87;123;124;125;126;131;134;244;246;247	46;48;50;51;87;123;124;125;126;131;134;244;246;247		query_holo_receptor	True	True	False	14.0	118.0	1.0	0.0	0.0	0.0	0.14285714285714285	0.0	0.14285714285714285	0.14285714285714285	0.0	0.14285714285714285	0.07142857142857142	0.07142857142857142	0.0	0.0	0.0	0.0	0.0	0.07142857142857142	0.07142857142857142	0.0	0.07142857142857142	0.07142857142857142	0.0	0.6864406779661016	0.13559322033898305	0.17796610169491525	0.0	0.0	0.0	0.0	8.172159044340274	14.705169100213443	20.357	17.415999999999997	15.999000000000002	6.074860408770388	4.417720372014324	3.219316880121655	0.02197802197802198	0.0989010989010989	0.16483516483516483	0.13186813186813187	0.17582417582417584	0.2857142857142857	0.12087912087912088	0.0	0.0	0.2857142857142857	3.7142857142857144	1.5779087167410373
RCSB-3BUG-AEH-KD:S1	RCSB-3BUG-AEH-KD	S1	construct-064-ad692e3f3920	ad692e3f3920aa40ca5d4e313dfe51eadd2d494d07edff61a311e0ddf683c427	P56817	3BUG	AEH	LDAFQVRTSOETPE-UHFFFAOYSA-N	CCc1cc(CCN)ccc1O	3.1804560644581317	3BRA	75b655cd9bbc197347eb8ae1f2692661074de0fe404f133193d2e6dbf14ce48a	1	A	3BRA	AEF	46;48;50;51;87;123;124;125;126;131;134;244;246;247	46;48;50;51;87;123;124;125;126;131;134;244;246;247		fixed_historical_reference_receptor	False	True	False	14.0	118.0	1.0	0.0	0.0	0.0	0.14285714285714285	0.0	0.14285714285714285	0.14285714285714285	0.0	0.14285714285714285	0.07142857142857142	0.07142857142857142	0.0	0.0	0.0	0.0	0.0	0.07142857142857142	0.07142857142857142	0.0	0.07142857142857142	0.07142857142857142	0.0	0.6864406779661016	0.13559322033898305	0.17796610169491525	0.0	0.0	0.0	0.0	8.207585198203281	14.498004041550411	20.452	17.902	16.160999999999998	6.1033297576331424	4.437519406096983	3.2283497604609144	0.02197802197802198	0.0989010989010989	0.16483516483516483	0.13186813186813187	0.15384615384615385	0.3076923076923077	0.12087912087912088	0.0	0.0	0.2857142857142857	3.7142857142857144	1.5779087167410373
RCSB-2XHT-C0Y-KD:S0	RCSB-2XHT-C0Y-KD	S0	construct-065-c6820d7c5ca9	c6820d7c5ca9a7f069c03d0e608d8f035bcc82fbe261c44bbfc515b6e1f3d7fe	P07900	2XHT	C0Y	KPZLYGXXDVGCGM-UHFFFAOYSA-N	CC(C)(C)c1cc(C(=O)N2CCOCC2)ccc1O	5.958607314841775	2XHT	76e02d31a72806b29db60ef176c862815b14698871b8efb195e430b9a9c273bd	1	A	2XAB	VHD	60;61;64;65;66;67;68;69;71;106;108;109;110;111;119;120;121;122;151;163;165;196;197;199	60;61;64;65;66;67;68;69;71;106;108;109;110;111;119;120;121;122;151;163;165;196;197;199		query_holo_receptor	True	True	False	24.0	169.0	1.0	0.0	0.041666666666666664	0.0	0.08333333333333333	0.041666666666666664	0.041666666666666664	0.16666666666666666	0.0	0.041666666666666664	0.041666666666666664	0.125	0.041666666666666664	0.08333333333333333	0.0	0.0	0.0	0.08333333333333333	0.125	0.08333333333333333	0.0	0.0	0.0	0.6153846153846154	0.15976331360946747	0.21893491124260356	0.005917159763313609	0.0	0.0	0.0	8.846365802610045	17.210431040024915	24.991999999999997	22.391	20.278	6.2704488196703485	4.757219791477019	4.038380785545433	0.021739130434782608	0.10507246376811594	0.10869565217391304	0.16304347826086957	0.15579710144927536	0.2572463768115942	0.13768115942028986	0.050724637681159424	0.0	0.23550724637681159	5.416666666666667	2.343726851737539
RCSB-2XHT-C0Y-KD:S1	RCSB-2XHT-C0Y-KD	S1	construct-065-c6820d7c5ca9	c6820d7c5ca9a7f069c03d0e608d8f035bcc82fbe261c44bbfc515b6e1f3d7fe	P07900	2XHT	C0Y	KPZLYGXXDVGCGM-UHFFFAOYSA-N	CC(C)(C)c1cc(C(=O)N2CCOCC2)ccc1O	5.958607314841775	2XAB	cb8b1b38a7a7f88dd21fb17f88cbf3019c98f022c33d565ea2358ec5904ba5d4	1	A	2XAB	VHD	60;61;64;65;66;67;68;69;71;106;108;109;110;111;119;120;121;122;151;163;165;196;197;199	60;61;64;65;66;67;68;69;71;106;108;109;110;111;119;120;121;122;151;163;165;196;197;199		fixed_historical_reference_receptor	False	True	False	24.0	169.0	1.0	0.0	0.041666666666666664	0.0	0.08333333333333333	0.041666666666666664	0.041666666666666664	0.16666666666666666	0.0	0.041666666666666664	0.041666666666666664	0.125	0.041666666666666664	0.08333333333333333	0.0	0.0	0.0	0.08333333333333333	0.125	0.08333333333333333	0.0	0.0	0.0	0.6153846153846154	0.15976331360946747	0.21893491124260356	0.005917159763313609	0.0	0.0	0.0	8.398357161472669	14.205244464493845	23.157	21.195999999999998	19.351000000000003	5.624807378238925	4.670306567240868	4.133059585507453	0.014492753623188406	0.12681159420289856	0.10869565217391304	0.17028985507246377	0.15579710144927536	0.322463768115942	0.09782608695652174	0.0036231884057971015	0.0	0.25	5.75	2.165063509461097
RCSB-2XDL-2DL-KD:S0	RCSB-2XDL-2DL-KD	S0	construct-065-c6820d7c5ca9	c6820d7c5ca9a7f069c03d0e608d8f035bcc82fbe261c44bbfc515b6e1f3d7fe	P07900	2XDL	2DL	BQJODPIMMWWMFC-UHFFFAOYSA-N	CCN(CC)C(=O)c1ccc(O)c(OC)c1	3.102372908709558	2XDL	dc2c6c2ab527402509baaedd6ae6ad38983ccb8303d918983bc305d4f08f7561	1	A	2XAB	VHD	60;61;64;65;66;67;68;69;71;106;108;109;110;111;119;120;121;122;151;163;165;196;197;199	60;61;64;65;66;67;68;69;71;106;108;109;110;111;119;120;121;122;151;163;165;196;197;199		query_holo_receptor	True	True	False	24.0	169.0	1.0	0.0	0.041666666666666664	0.0	0.08333333333333333	0.041666666666666664	0.041666666666666664	0.16666666666666666	0.0	0.041666666666666664	0.041666666666666664	0.125	0.041666666666666664	0.08333333333333333	0.0	0.0	0.0	0.08333333333333333	0.125	0.08333333333333333	0.0	0.0	0.0	0.6153846153846154	0.15976331360946747	0.21893491124260356	0.005917159763313609	0.0	0.0	0.0	8.280694702824631	14.004650413455854	23.036999999999992	21.802	19.388999999999996	5.504105463384039	4.646153059708446	4.085093579723202	0.021739130434782608	0.12318840579710146	0.11594202898550725	0.17028985507246377	0.15579710144927536	0.3188405797101449	0.09420289855072464	0.0	0.0	0.2608695652173913	6.0	2.140872096444188
RCSB-2XDL-2DL-KD:S1	RCSB-2XDL-2DL-KD	S1	construct-065-c6820d7c5ca9	c6820d7c5ca9a7f069c03d0e608d8f035bcc82fbe261c44bbfc515b6e1f3d7fe	P07900	2XDL	2DL	BQJODPIMMWWMFC-UHFFFAOYSA-N	CCN(CC)C(=O)c1ccc(O)c(OC)c1	3.102372908709558	2XAB	cb8b1b38a7a7f88dd21fb17f88cbf3019c98f022c33d565ea2358ec5904ba5d4	1	A	2XAB	VHD	60;61;64;65;66;67;68;69;71;106;108;109;110;111;119;120;121;122;151;163;165;196;197;199	60;61;64;65;66;67;68;69;71;106;108;109;110;111;119;120;121;122;151;163;165;196;197;199		fixed_historical_reference_receptor	False	True	False	24.0	169.0	1.0	0.0	0.041666666666666664	0.0	0.08333333333333333	0.041666666666666664	0.041666666666666664	0.16666666666666666	0.0	0.041666666666666664	0.041666666666666664	0.125	0.041666666666666664	0.08333333333333333	0.0	0.0	0.0	0.08333333333333333	0.125	0.08333333333333333	0.0	0.0	0.0	0.6153846153846154	0.15976331360946747	0.21893491124260356	0.005917159763313609	0.0	0.0	0.0	8.398357161472669	14.205244464493845	23.157	21.195999999999998	19.351000000000003	5.624807378238925	4.670306567240868	4.133059585507453	0.014492753623188406	0.12681159420289856	0.10869565217391304	0.17028985507246377	0.15579710144927536	0.322463768115942	0.09782608695652174	0.0036231884057971015	0.0	0.25	5.75	2.165063509461097
RCSB-5VSD-9HJ-KD:S0	RCSB-5VSD-9HJ-KD	S0	construct-066-cf6ef633d328	cf6ef633d32877e2c60eabfca5842ba1c27ef1a98ec1972d09ad408c7ad23ce5	Q9H9B1	5VSD	9HJ	RCWUUMJJJVFQSV-UHFFFAOYSA-N	CCCN(C)c1nc(NC2CCN(C)CC2)c2cc(OC)c(OC)cc2n1	7.2441251443275085	5VSD	98465722ab15799942fb7a91f378b39f221ed77819b398b09fd5414c1767a02c	1	A	5TUZ	7L6	156;157;158;160;161;162;163;164;166;167;169;170;171;179;180;181;237;240;241;242;244;245	156;157;158;160;161;162;163;164;166;167;169;170;171;179;180;181;237;240;241;242;244;245		query_holo_receptor	True	True	False	22.0	191.0	1.0	0.0	0.045454545454545456	0.045454545454545456	0.18181818181818182	0.045454545454545456	0.09090909090909091	0.0	0.0	0.045454545454545456	0.045454545454545456	0.045454545454545456	0.0	0.0	0.0	0.0	0.09090909090909091	0.13636363636363635	0.0	0.09090909090909091	0.045454545454545456	0.09090909090909091	0.0	0.643979057591623	0.15706806282722513	0.193717277486911	0.005235602094240838	0.0	0.0	0.0	9.355363071472027	15.431863604868411	28.735	23.290000000000003	14.876	7.252066726996997	4.941975719081027	3.241484594789738	0.0	0.1038961038961039	0.12987012987012986	0.12987012987012986	0.17316017316017315	0.2554112554112554	0.1645021645021645	0.04329004329004329	0.0	0.23376623376623376	4.909090909090909	1.648941558837914
RCSB-5VSD-9HJ-KD:S1	RCSB-5VSD-9HJ-KD	S1	construct-066-cf6ef633d328	cf6ef633d32877e2c60eabfca5842ba1c27ef1a98ec1972d09ad408c7ad23ce5	Q9H9B1	5VSD	9HJ	RCWUUMJJJVFQSV-UHFFFAOYSA-N	CCCN(C)c1nc(NC2CCN(C)CC2)c2cc(OC)c(OC)cc2n1	7.2441251443275085	5TUZ	21cc294906d58213bfe1f53ce3146c4d067456611dcff2f4cb26027869870ad0	1	B	5TUZ	7L6	156;157;158;160;161;162;163;164;166;167;169;170;171;179;180;181;237;240;241;242;244;245	156;157;158;160;161;162;163;164;166;167;169;170;171;179;180;181;237;240;241;242;244;245		fixed_historical_reference_receptor	False	True	False	22.0	191.0	1.0	0.0	0.045454545454545456	0.045454545454545456	0.18181818181818182	0.045454545454545456	0.09090909090909091	0.0	0.0	0.045454545454545456	0.045454545454545456	0.045454545454545456	0.0	0.0	0.0	0.0	0.09090909090909091	0.13636363636363635	0.0	0.09090909090909091	0.045454545454545456	0.09090909090909091	0.0	0.643979057591623	0.15706806282722513	0.193717277486911	0.005235602094240838	0.0	0.0	0.0	9.36075219044388	15.278465351334447	24.011	21.817	19.462000000000003	7.212684480178725	5.0222721377246735	3.2214355084221866	0.004329004329004329	0.09956709956709957	0.1341991341991342	0.12554112554112554	0.16883116883116883	0.2554112554112554	0.17316017316017315	0.03896103896103896	0.0	0.23809523809523808	5.0	1.5666989036012806
RCSB-5VSF-9HG-KD:S0	RCSB-5VSF-9HG-KD	S0	construct-066-cf6ef633d328	cf6ef633d32877e2c60eabfca5842ba1c27ef1a98ec1972d09ad408c7ad23ce5	Q9H9B1	5VSF	9HG	YBQHFHPOKHPBRB-UHFFFAOYSA-N	COc1cc2nc(N(C)C3CCCC3)nc(NC3CCN(C)CC3)c2cc1OC	7.026872146400302	5VSF	60e3b02497dea8d86e0839603cccd237eb6e33e13c106103ee9595c43f97c28e	1	A	5TUZ	7L6	156;157;158;160;161;162;163;164;166;167;169;170;171;179;180;181;237;240;241;242;244;245	156;157;158;160;161;162;163;164;166;167;169;170;171;179;180;181;237;240;241;242;244;245		query_holo_receptor	True	True	False	22.0	191.0	1.0	0.0	0.045454545454545456	0.045454545454545456	0.18181818181818182	0.045454545454545456	0.09090909090909091	0.0	0.0	0.045454545454545456	0.045454545454545456	0.045454545454545456	0.0	0.0	0.0	0.0	0.09090909090909091	0.13636363636363635	0.0	0.09090909090909091	0.045454545454545456	0.09090909090909091	0.0	0.643979057591623	0.15706806282722513	0.193717277486911	0.005235602094240838	0.0	0.0	0.0	9.359713006863249	15.349251852594978	28.608999999999998	23.205	15.05	7.267668374749438	4.9640115111670085	3.18493542831144	0.008658008658008658	0.09090909090909091	0.14285714285714285	0.11688311688311688	0.18181818181818182	0.24675324675324675	0.16883116883116883	0.04329004329004329	0.0	0.24242424242424243	5.090909090909091	1.5928559516304754
RCSB-5VSF-9HG-KD:S1	RCSB-5VSF-9HG-KD	S1	construct-066-cf6ef633d328	cf6ef633d32877e2c60eabfca5842ba1c27ef1a98ec1972d09ad408c7ad23ce5	Q9H9B1	5VSF	9HG	YBQHFHPOKHPBRB-UHFFFAOYSA-N	COc1cc2nc(N(C)C3CCCC3)nc(NC3CCN(C)CC3)c2cc1OC	7.026872146400302	5TUZ	21cc294906d58213bfe1f53ce3146c4d067456611dcff2f4cb26027869870ad0	1	B	5TUZ	7L6	156;157;158;160;161;162;163;164;166;167;169;170;171;179;180;181;237;240;241;242;244;245	156;157;158;160;161;162;163;164;166;167;169;170;171;179;180;181;237;240;241;242;244;245		fixed_historical_reference_receptor	False	True	False	22.0	191.0	1.0	0.0	0.045454545454545456	0.045454545454545456	0.18181818181818182	0.045454545454545456	0.09090909090909091	0.0	0.0	0.045454545454545456	0.045454545454545456	0.045454545454545456	0.0	0.0	0.0	0.0	0.09090909090909091	0.13636363636363635	0.0	0.09090909090909091	0.045454545454545456	0.09090909090909091	0.0	0.643979057591623	0.15706806282722513	0.193717277486911	0.005235602094240838	0.0	0.0	0.0	9.36075219044388	15.278465351334447	24.011	21.817	19.462000000000003	7.212684480178725	5.0222721377246735	3.2214355084221866	0.004329004329004329	0.09956709956709957	0.1341991341991342	0.12554112554112554	0.16883116883116883	0.2554112554112554	0.17316017316017315	0.03896103896103896	0.0	0.23809523809523808	5.0	1.5666989036012806
RCSB-5OIT-9WH-KD:S0	RCSB-5OIT-9WH-KD	S0	construct-068-e4ce5a06fca5	e4ce5a06fca5a8b3ceb16cc3ec2d275378317f0834f05697c48b6c9bd395e423	P9WGR1	5OIT	9WH	ZALOIVVPVGDBJF-UHFFFAOYSA-N	Cc1cc(N)n(Cc2nnc(Nc3ccn(Cc4c(F)cccc4Cl)n3)s2)n1	5.1487416512809245	5OIT	d44fdc91f8f6ec1cf24ba6a2f0d3db1bc97a9d3d1b73770cf940c72ca0b65c4e	1	A	5OIF	9W5	96;97;98;99;103;149;158;161;165;194;196;198;199	96;97;98;99;103;149;158;161;165;194;196;198;199		query_holo_receptor	True	True	False	13.0	106.0	1.0	0.0	0.07692307692307693	0.0	0.0	0.0	0.15384615384615385	0.07692307692307693	0.0	0.07692307692307693	0.07692307692307693	0.0	0.3076923076923077	0.0	0.07692307692307693	0.0	0.0	0.0	0.07692307692307693	0.0	0.0	0.07692307692307693	0.0	0.6886792452830188	0.1320754716981132	0.14150943396226415	0.03773584905660377	0.0	0.0	0.0	7.846887565332904	12.734424548237726	21.762999999999998	20.436	14.498999999999995	5.577421954958352	4.468207629094879	3.240544612040242	0.01282051282051282	0.14102564102564102	0.10256410256410256	0.15384615384615385	0.20512820512820512	0.34615384615384615	0.038461538461538464	0.0	0.0	0.2564102564102564	3.076923076923077	0.9970370305242862
RCSB-5OIT-9WH-KD:S1	RCSB-5OIT-9WH-KD	S1	construct-068-e4ce5a06fca5	e4ce5a06fca5a8b3ceb16cc3ec2d275378317f0834f05697c48b6c9bd395e423	P9WGR1	5OIT	9WH	ZALOIVVPVGDBJF-UHFFFAOYSA-N	Cc1cc(N)n(Cc2nnc(Nc3ccn(Cc4c(F)cccc4Cl)n3)s2)n1	5.1487416512809245	5OIF	bccfaedc97a6286169b4a5bd7d16d9b21782643ecb6b15fa7ebe76b9258b5ad6	1	A	5OIF	9W5	96;97;98;99;103;149;158;161;165;194;196;198;199	96;97;98;99;103;149;158;161;165;194;196;198;199		fixed_historical_reference_receptor	False	True	False	13.0	106.0	1.0	0.0	0.07692307692307693	0.0	0.0	0.0	0.15384615384615385	0.07692307692307693	0.0	0.07692307692307693	0.07692307692307693	0.0	0.3076923076923077	0.0	0.07692307692307693	0.0	0.0	0.0	0.07692307692307693	0.0	0.0	0.07692307692307693	0.0	0.6886792452830188	0.1320754716981132	0.14150943396226415	0.03773584905660377	0.0	0.0	0.0	8.047198429692083	12.454009019193094	17.641000000000005	17.205	16.014	5.670225987967227	4.708127291872814	3.2310179844349642	0.01282051282051282	0.14102564102564102	0.11538461538461539	0.11538461538461539	0.16666666666666666	0.3717948717948718	0.07692307692307693	0.0	0.0	0.2692307692307692	3.230769230769231	1.1200169060431566
RCSB-5OIS-9WK-KD:S0	RCSB-5OIS-9WK-KD	S0	construct-068-e4ce5a06fca5	e4ce5a06fca5a8b3ceb16cc3ec2d275378317f0834f05697c48b6c9bd395e423	P9WGR1	5OIS	9WK	HOVSFDUYYXXWGJ-UHFFFAOYSA-N	Cc1cc(N)n(Cc2ccc(C(=O)NCc3ccc(F)cc3Cl)cc2)n1	5.096910013008056	5OIS	9b56d9f81d8de3d0e8749a26ec36ad5c3550a9dbcf25c98094c1823fe4e223a4	1	A	5OIF	9W5	96;97;98;99;103;149;158;161;165;194;196;198;199	96;97;98;99;103;149;158;161;165;194;196;198;199		query_holo_receptor	True	True	False	13.0	106.0	1.0	0.0	0.07692307692307693	0.0	0.0	0.0	0.15384615384615385	0.07692307692307693	0.0	0.07692307692307693	0.07692307692307693	0.0	0.3076923076923077	0.0	0.07692307692307693	0.0	0.0	0.0	0.07692307692307693	0.0	0.0	0.07692307692307693	0.0	0.6886792452830188	0.1320754716981132	0.14150943396226415	0.03773584905660377	0.0	0.0	0.0	7.696576914295615	12.770089176136663	21.404	20.149	14.50800000000001	5.350044572097434	4.497607766511776	3.2227075034591572	0.02564102564102564	0.1282051282051282	0.10256410256410256	0.1794871794871795	0.23076923076923078	0.2948717948717949	0.038461538461538464	0.0	0.0	0.2564102564102564	3.076923076923077	0.9970370305242862
RCSB-5OIS-9WK-KD:S1	RCSB-5OIS-9WK-KD	S1	construct-068-e4ce5a06fca5	e4ce5a06fca5a8b3ceb16cc3ec2d275378317f0834f05697c48b6c9bd395e423	P9WGR1	5OIS	9WK	HOVSFDUYYXXWGJ-UHFFFAOYSA-N	Cc1cc(N)n(Cc2ccc(C(=O)NCc3ccc(F)cc3Cl)cc2)n1	5.096910013008056	5OIF	bccfaedc97a6286169b4a5bd7d16d9b21782643ecb6b15fa7ebe76b9258b5ad6	1	A	5OIF	9W5	96;97;98;99;103;149;158;161;165;194;196;198;199	96;97;98;99;103;149;158;161;165;194;196;198;199		fixed_historical_reference_receptor	False	True	False	13.0	106.0	1.0	0.0	0.07692307692307693	0.0	0.0	0.0	0.15384615384615385	0.07692307692307693	0.0	0.07692307692307693	0.07692307692307693	0.0	0.3076923076923077	0.0	0.07692307692307693	0.0	0.0	0.0	0.07692307692307693	0.0	0.0	0.07692307692307693	0.0	0.6886792452830188	0.1320754716981132	0.14150943396226415	0.03773584905660377	0.0	0.0	0.0	8.047198429692083	12.454009019193094	17.641000000000005	17.205	16.014	5.670225987967227	4.708127291872814	3.2310179844349642	0.01282051282051282	0.14102564102564102	0.11538461538461539	0.11538461538461539	0.16666666666666666	0.3717948717948718	0.07692307692307693	0.0	0.0	0.2692307692307692	3.230769230769231	1.1200169060431566
RCSB-6X4P-UOG-KD:S0	RCSB-6X4P-UOG-KD	S0	construct-069-eae4b87a5d0e	eae4b87a5d0eec79deb04e04c0f5bd00d350506eaa1bf4bf9e3fe7a1807a0bae	P62937	6X4P	UOG	YVBYTKCYPFMUBG-FFZLYJDLSA-N	CC(C)[C@@H]1OC(=O)C(C)(C)/C=C/c2ccc3ccc(nc3c2)[C@@H](C)NC(=O)[C@@H]2CCCN(N2)C(=O)[C@H](C)NC1=O	8.045757490560675	6X4P	0aab4c6d94237bcd13bf2c0eb92baa2aa22c383084dfdeaf60d078bbcf99e0c2	1	A	6X4O	UO7	56;57;59;62;63;65;74;75;76;102;103;104;105;106;113;114;115;124;128;151	56;57;59;62;63;65;74;75;76;102;103;104;105;106;113;114;115;124;128;151		query_holo_receptor	True	True	False	20.0	159.0	1.0	0.0	0.1	0.0	0.0	0.0	0.15	0.15	0.1	0.05	0.0	0.05	0.1	0.1	0.0	0.1	0.05	0.0	0.05	0.0	0.0	0.0	0.0	0.6352201257861635	0.1949685534591195	0.15723270440251572	0.012578616352201259	0.0	0.0	0.0	8.43198056285314	15.53163621556776	24.5351	20.1145	17.87395	5.786633862843561	5.03268370184644	3.50503345303502	0.021052631578947368	0.09473684210526316	0.12105263157894737	0.1368421052631579	0.18947368421052632	0.26842105263157895	0.15789473684210525	0.010526315789473684	0.0	0.23684210526315788	4.5	2.179449471770337
RCSB-6X4P-UOG-KD:S1	RCSB-6X4P-UOG-KD	S1	construct-069-eae4b87a5d0e	eae4b87a5d0eec79deb04e04c0f5bd00d350506eaa1bf4bf9e3fe7a1807a0bae	P62937	6X4P	UOG	YVBYTKCYPFMUBG-FFZLYJDLSA-N	CC(C)[C@@H]1OC(=O)C(C)(C)/C=C/c2ccc3ccc(nc3c2)[C@@H](C)NC(=O)[C@@H]2CCCN(N2)C(=O)[C@H](C)NC1=O	8.045757490560675	6X4O	a35b5d7613b4391b9f6d0c6b5a4eadc54b670cece242fe05827d4ed2a98555c8	1	A	6X4O	UO7	56;57;59;62;63;65;74;75;76;102;103;104;105;106;113;114;115;124;128;151	56;57;59;62;63;65;74;75;76;102;103;104;105;106;113;114;115;124;128;151		fixed_historical_reference_receptor	False	True	False	20.0	159.0	1.0	0.0	0.1	0.0	0.0	0.0	0.15	0.15	0.1	0.05	0.0	0.05	0.1	0.1	0.0	0.1	0.05	0.0	0.05	0.0	0.0	0.0	0.0	0.6352201257861635	0.1949685534591195	0.15723270440251572	0.012578616352201259	0.0	0.0	0.0	8.493720406321682	15.602476651841663	24.80128	20.74515	17.6046	5.811064824611886	5.129429651878851	3.473292874398845	0.021052631578947368	0.09473684210526316	0.12631578947368421	0.12631578947368421	0.18947368421052632	0.26842105263157895	0.15789473684210525	0.015789473684210527	0.0	0.24210526315789474	4.6	2.130727575266252
RCSB-6X4N-UOD-KD:S0	RCSB-6X4N-UOD-KD	S0	construct-069-eae4b87a5d0e	eae4b87a5d0eec79deb04e04c0f5bd00d350506eaa1bf4bf9e3fe7a1807a0bae	P62937	6X4N	UOD	XCZDYKRNHKYRTQ-HQHUNAKVSA-N	CC(C)[C@@H]1NC(=O)C(C)(C)/C=C/c2ccc3ccc(nc3c2)[C@@H](C)OC(=O)[C@@H]2CCCN(N2)C(=O)[C@H](C)NC1=O	8.397940008672037	6X4N	5d43e4be8611d4506111055c0face8d38932de36458edf6d1572255c210090fb	1	A	6X4O	UO7	56;57;59;62;63;65;74;75;76;102;103;104;105;106;113;114;115;124;128;151	56;57;59;62;63;65;74;75;76;102;103;104;105;106;113;114;115;124;128;151		query_holo_receptor	True	True	False	20.0	159.0	1.0	0.0	0.1	0.0	0.0	0.0	0.15	0.15	0.1	0.05	0.0	0.05	0.1	0.1	0.0	0.1	0.05	0.0	0.05	0.0	0.0	0.0	0.0	0.6352201257861635	0.1949685534591195	0.15723270440251572	0.012578616352201259	0.0	0.0	0.0	8.47327893626837	15.627835535431046	24.748199999999997	20.198210000000003	17.85287	5.84482853446189	5.035641946696296	3.5038187052446155	0.021052631578947368	0.09473684210526316	0.12631578947368421	0.13157894736842105	0.18947368421052632	0.26842105263157895	0.14736842105263157	0.021052631578947368	0.0	0.24210526315789474	4.6	2.130727575266252
RCSB-6X4N-UOD-KD:S1	RCSB-6X4N-UOD-KD	S1	construct-069-eae4b87a5d0e	eae4b87a5d0eec79deb04e04c0f5bd00d350506eaa1bf4bf9e3fe7a1807a0bae	P62937	6X4N	UOD	XCZDYKRNHKYRTQ-HQHUNAKVSA-N	CC(C)[C@@H]1NC(=O)C(C)(C)/C=C/c2ccc3ccc(nc3c2)[C@@H](C)OC(=O)[C@@H]2CCCN(N2)C(=O)[C@H](C)NC1=O	8.397940008672037	6X4O	a35b5d7613b4391b9f6d0c6b5a4eadc54b670cece242fe05827d4ed2a98555c8	1	A	6X4O	UO7	56;57;59;62;63;65;74;75;76;102;103;104;105;106;113;114;115;124;128;151	56;57;59;62;63;65;74;75;76;102;103;104;105;106;113;114;115;124;128;151		fixed_historical_reference_receptor	False	True	False	20.0	159.0	1.0	0.0	0.1	0.0	0.0	0.0	0.15	0.15	0.1	0.05	0.0	0.05	0.1	0.1	0.0	0.1	0.05	0.0	0.05	0.0	0.0	0.0	0.0	0.6352201257861635	0.1949685534591195	0.15723270440251572	0.012578616352201259	0.0	0.0	0.0	8.493720406321682	15.602476651841663	24.80128	20.74515	17.6046	5.811064824611886	5.129429651878851	3.473292874398845	0.021052631578947368	0.09473684210526316	0.12631578947368421	0.12631578947368421	0.18947368421052632	0.26842105263157895	0.15789473684210525	0.015789473684210527	0.0	0.24210526315789474	4.6	2.130727575266252
