view_id	observation_id	mapping_tier	construct_group_id	construct_sha256	uniprot_accession	query_pdb_id	query_ligand_comp_id	inchikey	canonical_smiles	pKd	feature_structure_pdb_id	feature_structure_sha256	feature_protein_entity_id	feature_protein_asym_id	site_reference_pdb_id	site_reference_ligand_comp_id	pocket_positions_label_seq_id	present_positions_label_seq_id	missing_positions_label_seq_id	receptor_conformation_source	query_holo_receptor_privilege	historical_reference_ligand_used_only_for_site	query_ligand_coordinates_read	pocket_residue_count	pocket_atom_count	pocket_position_coverage	pocket_missing_fraction	aa_fraction_A	aa_fraction_C	aa_fraction_D	aa_fraction_E	aa_fraction_F	aa_fraction_G	aa_fraction_H	aa_fraction_I	aa_fraction_K	aa_fraction_L	aa_fraction_M	aa_fraction_N	aa_fraction_P	aa_fraction_Q	aa_fraction_R	aa_fraction_S	aa_fraction_T	aa_fraction_V	aa_fraction_W	aa_fraction_Y	aa_fraction_X	element_fraction_C	element_fraction_N	element_fraction_O	element_fraction_S	element_fraction_P	element_fraction_SE	element_fraction_OTHER	coord_radius_of_gyration	coord_max_radius	bbox_extent_large	bbox_extent_mid	bbox_extent_small	coord_std_large	coord_std_mid	coord_std_small	residue_pair_distance_bin_0	residue_pair_distance_bin_1	residue_pair_distance_bin_2	residue_pair_distance_bin_3	residue_pair_distance_bin_4	residue_pair_distance_bin_5	residue_pair_distance_bin_6	residue_pair_distance_bin_7	residue_pair_distance_bin_8	residue_contact_edge_density_8A	residue_contact_mean_degree_8A	residue_contact_degree_std_8A
RCSB-4UGY-EXI-KD:S2	RCSB-4UGY-EXI-KD	S2	construct-001-c5158f5b655d	c5158f5b655d67de07d6eb63e3de8d56dae628bbf9d60ddb27d479d5686cb629	O34453	4UGY	EXI	BAILAIZRWKFZJT-UHFFFAOYSA-N	CNCCN(C)c1cncc(CCc2cc(C)cc(N)n2)c1	4.239577516576788	AF-O34453-F1	ec3ab1272d6f2a54586bc635a3c657af3fd2367d1c7a706c24d95b2825203683	1	A	4UGK	7S9	128;129;132;216;217;218;235;236;237;238;239;240;243;248;254;329;357	128;129;132;216;217;218;235;236;237;238;239;240;243;248;254;329;357		alphafold_db_predicted_fixed_per_construct	False	True	False	17.0	164.0	1.0	0.0	0.0	0.0	0.0	0.058823529411764705	0.058823529411764705	0.058823529411764705	0.058823529411764705	0.11764705882352941	0.0	0.0	0.058823529411764705	0.11764705882352941	0.058823529411764705	0.058823529411764705	0.11764705882352941	0.0	0.0	0.0	0.11764705882352941	0.11764705882352941	0.0	0.6646341463414634	0.18292682926829268	0.14634146341463414	0.006097560975609756	0.0	0.0	0.0	9.251667248271094	16.229994400963815	22.873	21.548000000000002	18.322	5.81343843208321	5.344585834185111	4.8200293287632325	0.007352941176470588	0.125	0.08823529411764706	0.13970588235294118	0.16176470588235295	0.29411764705882354	0.16176470588235295	0.022058823529411766	0.0	0.22058823529411764	3.5294117647058822	2.0896846668625426
RCSB-4UGR-6E5-KD:S2	RCSB-4UGR-6E5-KD	S2	construct-001-c5158f5b655d	c5158f5b655d67de07d6eb63e3de8d56dae628bbf9d60ddb27d479d5686cb629	O34453	4UGR	6E5	GPVRORSBZUBDJB-DQEYMECFSA-N	[H]/N=C(\Nc1cccc(COC[C@@H]2C[C@H](OCc3cccc(N/C(=N\[H])c4cccs4)c3)CN2)c1)c1cccs1	4.958607314841775	AF-O34453-F1	ec3ab1272d6f2a54586bc635a3c657af3fd2367d1c7a706c24d95b2825203683	1	A	4UGK	7S9	128;129;132;216;217;218;235;236;237;238;239;240;243;248;254;329;357	128;129;132;216;217;218;235;236;237;238;239;240;243;248;254;329;357		alphafold_db_predicted_fixed_per_construct	False	True	False	17.0	164.0	1.0	0.0	0.0	0.0	0.0	0.058823529411764705	0.058823529411764705	0.058823529411764705	0.058823529411764705	0.11764705882352941	0.0	0.0	0.058823529411764705	0.11764705882352941	0.058823529411764705	0.058823529411764705	0.11764705882352941	0.0	0.0	0.0	0.11764705882352941	0.11764705882352941	0.0	0.6646341463414634	0.18292682926829268	0.14634146341463414	0.006097560975609756	0.0	0.0	0.0	9.251667248271094	16.229994400963815	22.873	21.548000000000002	18.322	5.81343843208321	5.344585834185111	4.8200293287632325	0.007352941176470588	0.125	0.08823529411764706	0.13970588235294118	0.16176470588235295	0.29411764705882354	0.16176470588235295	0.022058823529411766	0.0	0.22058823529411764	3.5294117647058822	2.0896846668625426
RCSB-4UGA-Q05-KD:S2	RCSB-4UGA-Q05-KD	S2	construct-001-c5158f5b655d	c5158f5b655d67de07d6eb63e3de8d56dae628bbf9d60ddb27d479d5686cb629	O34453	4UGA	Q05	DDZKIKXHCIUETL-UHFFFAOYSA-N	Cc1cc(N)nc(COc2cccc(CNCCc3cccc(F)c3)c2)c1	4.214670164989233	AF-O34453-F1	ec3ab1272d6f2a54586bc635a3c657af3fd2367d1c7a706c24d95b2825203683	1	A	4UGK	7S9	128;129;132;216;217;218;235;236;237;238;239;240;243;248;254;329;357	128;129;132;216;217;218;235;236;237;238;239;240;243;248;254;329;357		alphafold_db_predicted_fixed_per_construct	False	True	False	17.0	164.0	1.0	0.0	0.0	0.0	0.0	0.058823529411764705	0.058823529411764705	0.058823529411764705	0.058823529411764705	0.11764705882352941	0.0	0.0	0.058823529411764705	0.11764705882352941	0.058823529411764705	0.058823529411764705	0.11764705882352941	0.0	0.0	0.0	0.11764705882352941	0.11764705882352941	0.0	0.6646341463414634	0.18292682926829268	0.14634146341463414	0.006097560975609756	0.0	0.0	0.0	9.251667248271094	16.229994400963815	22.873	21.548000000000002	18.322	5.81343843208321	5.344585834185111	4.8200293287632325	0.007352941176470588	0.125	0.08823529411764706	0.13970588235294118	0.16176470588235295	0.29411764705882354	0.16176470588235295	0.022058823529411766	0.0	0.22058823529411764	3.5294117647058822	2.0896846668625426
RCSB-4UG5-XFK-KD:S2	RCSB-4UG5-XFK-KD	S2	construct-001-c5158f5b655d	c5158f5b655d67de07d6eb63e3de8d56dae628bbf9d60ddb27d479d5686cb629	O34453	4UG5	XFK	RDXKSGCNYFTVRW-UHFFFAOYSA-N	Cc1cc(N)nc(CCc2cncc(CCc3cc(C)nc(N)c3)c2)c1	5.298432014944073	AF-O34453-F1	ec3ab1272d6f2a54586bc635a3c657af3fd2367d1c7a706c24d95b2825203683	1	A	4UGK	7S9	128;129;132;216;217;218;235;236;237;238;239;240;243;248;254;329;357	128;129;132;216;217;218;235;236;237;238;239;240;243;248;254;329;357		alphafold_db_predicted_fixed_per_construct	False	True	False	17.0	164.0	1.0	0.0	0.0	0.0	0.0	0.058823529411764705	0.058823529411764705	0.058823529411764705	0.058823529411764705	0.11764705882352941	0.0	0.0	0.058823529411764705	0.11764705882352941	0.058823529411764705	0.058823529411764705	0.11764705882352941	0.0	0.0	0.0	0.11764705882352941	0.11764705882352941	0.0	0.6646341463414634	0.18292682926829268	0.14634146341463414	0.006097560975609756	0.0	0.0	0.0	9.251667248271094	16.229994400963815	22.873	21.548000000000002	18.322	5.81343843208321	5.344585834185111	4.8200293287632325	0.007352941176470588	0.125	0.08823529411764706	0.13970588235294118	0.16176470588235295	0.29411764705882354	0.16176470588235295	0.022058823529411766	0.0	0.22058823529411764	3.5294117647058822	2.0896846668625426
RCSB-4UG6-XFJ-KD:S2	RCSB-4UG6-XFJ-KD	S2	construct-001-c5158f5b655d	c5158f5b655d67de07d6eb63e3de8d56dae628bbf9d60ddb27d479d5686cb629	O34453	4UG6	XFJ	KZHFSPGMRFCRCE-UHFFFAOYSA-N	Cc1cc(N)nc(CCc2cncc(CCc3cc(C)cc(N)n3)c2)c1	5.571865205971211	AF-O34453-F1	ec3ab1272d6f2a54586bc635a3c657af3fd2367d1c7a706c24d95b2825203683	1	A	4UGK	7S9	128;129;132;216;217;218;235;236;237;238;239;240;243;248;254;329;357	128;129;132;216;217;218;235;236;237;238;239;240;243;248;254;329;357		alphafold_db_predicted_fixed_per_construct	False	True	False	17.0	164.0	1.0	0.0	0.0	0.0	0.0	0.058823529411764705	0.058823529411764705	0.058823529411764705	0.058823529411764705	0.11764705882352941	0.0	0.0	0.058823529411764705	0.11764705882352941	0.058823529411764705	0.058823529411764705	0.11764705882352941	0.0	0.0	0.0	0.11764705882352941	0.11764705882352941	0.0	0.6646341463414634	0.18292682926829268	0.14634146341463414	0.006097560975609756	0.0	0.0	0.0	9.251667248271094	16.229994400963815	22.873	21.548000000000002	18.322	5.81343843208321	5.344585834185111	4.8200293287632325	0.007352941176470588	0.125	0.08823529411764706	0.13970588235294118	0.16176470588235295	0.29411764705882354	0.16176470588235295	0.022058823529411766	0.0	0.22058823529411764	3.5294117647058822	2.0896846668625426
RCSB-4UG8-HW1-KD:S2	RCSB-4UG8-HW1-KD	S2	construct-001-c5158f5b655d	c5158f5b655d67de07d6eb63e3de8d56dae628bbf9d60ddb27d479d5686cb629	O34453	4UG8	HW1	WKAYHKZPKWNKSL-XLIONFOSSA-N	Cc1cc(N)nc(CCCCCO[C@H]2CNC[C@H]2Cc2cc(C)cc(N)n2)c1	6.346787486224656	AF-O34453-F1	ec3ab1272d6f2a54586bc635a3c657af3fd2367d1c7a706c24d95b2825203683	1	A	4UGK	7S9	128;129;132;216;217;218;235;236;237;238;239;240;243;248;254;329;357	128;129;132;216;217;218;235;236;237;238;239;240;243;248;254;329;357		alphafold_db_predicted_fixed_per_construct	False	True	False	17.0	164.0	1.0	0.0	0.0	0.0	0.0	0.058823529411764705	0.058823529411764705	0.058823529411764705	0.058823529411764705	0.11764705882352941	0.0	0.0	0.058823529411764705	0.11764705882352941	0.058823529411764705	0.058823529411764705	0.11764705882352941	0.0	0.0	0.0	0.11764705882352941	0.11764705882352941	0.0	0.6646341463414634	0.18292682926829268	0.14634146341463414	0.006097560975609756	0.0	0.0	0.0	9.251667248271094	16.229994400963815	22.873	21.548000000000002	18.322	5.81343843208321	5.344585834185111	4.8200293287632325	0.007352941176470588	0.125	0.08823529411764706	0.13970588235294118	0.16176470588235295	0.29411764705882354	0.16176470588235295	0.022058823529411766	0.0	0.22058823529411764	3.5294117647058822	2.0896846668625426
RCSB-4UGS-H36-KD:S2	RCSB-4UGS-H36-KD	S2	construct-001-c5158f5b655d	c5158f5b655d67de07d6eb63e3de8d56dae628bbf9d60ddb27d479d5686cb629	O34453	4UGS	H36	FJVFGYSUSVNZDG-UHFFFAOYSA-N	[H]/N=C(\Nc1cccc(OCCOc2cccc(N/C(=N/[H])c3cccs3)c2)c1)c1cccs1	3.8961962790440428	AF-O34453-F1	ec3ab1272d6f2a54586bc635a3c657af3fd2367d1c7a706c24d95b2825203683	1	A	4UGK	7S9	128;129;132;216;217;218;235;236;237;238;239;240;243;248;254;329;357	128;129;132;216;217;218;235;236;237;238;239;240;243;248;254;329;357		alphafold_db_predicted_fixed_per_construct	False	True	False	17.0	164.0	1.0	0.0	0.0	0.0	0.0	0.058823529411764705	0.058823529411764705	0.058823529411764705	0.058823529411764705	0.11764705882352941	0.0	0.0	0.058823529411764705	0.11764705882352941	0.058823529411764705	0.058823529411764705	0.11764705882352941	0.0	0.0	0.0	0.11764705882352941	0.11764705882352941	0.0	0.6646341463414634	0.18292682926829268	0.14634146341463414	0.006097560975609756	0.0	0.0	0.0	9.251667248271094	16.229994400963815	22.873	21.548000000000002	18.322	5.81343843208321	5.344585834185111	4.8200293287632325	0.007352941176470588	0.125	0.08823529411764706	0.13970588235294118	0.16176470588235295	0.29411764705882354	0.16176470588235295	0.022058823529411766	0.0	0.22058823529411764	3.5294117647058822	2.0896846668625426
RCSB-4UGM-1QE-KD:S2	RCSB-4UGM-1QE-KD	S2	construct-001-c5158f5b655d	c5158f5b655d67de07d6eb63e3de8d56dae628bbf9d60ddb27d479d5686cb629	O34453	4UGM	1QE	MNMWXAHXXVXJBB-UHFFFAOYSA-N	[H]/N=C(\Nc1cccc(CCc2cccc(N/C(=N/[H])c3cccs3)c2)c1)c1cccs1	4.00436480540245	AF-O34453-F1	ec3ab1272d6f2a54586bc635a3c657af3fd2367d1c7a706c24d95b2825203683	1	A	4UGK	7S9	128;129;132;216;217;218;235;236;237;238;239;240;243;248;254;329;357	128;129;132;216;217;218;235;236;237;238;239;240;243;248;254;329;357		alphafold_db_predicted_fixed_per_construct	False	True	False	17.0	164.0	1.0	0.0	0.0	0.0	0.0	0.058823529411764705	0.058823529411764705	0.058823529411764705	0.058823529411764705	0.11764705882352941	0.0	0.0	0.058823529411764705	0.11764705882352941	0.058823529411764705	0.058823529411764705	0.11764705882352941	0.0	0.0	0.0	0.11764705882352941	0.11764705882352941	0.0	0.6646341463414634	0.18292682926829268	0.14634146341463414	0.006097560975609756	0.0	0.0	0.0	9.251667248271094	16.229994400963815	22.873	21.548000000000002	18.322	5.81343843208321	5.344585834185111	4.8200293287632325	0.007352941176470588	0.125	0.08823529411764706	0.13970588235294118	0.16176470588235295	0.29411764705882354	0.16176470588235295	0.022058823529411766	0.0	0.22058823529411764	3.5294117647058822	2.0896846668625426
RCSB-4UGI-SKO-KD:S2	RCSB-4UGI-SKO-KD	S2	construct-001-c5158f5b655d	c5158f5b655d67de07d6eb63e3de8d56dae628bbf9d60ddb27d479d5686cb629	O34453	4UGI	SKO	AVQUEPVPLWZPMB-UHFFFAOYSA-N	CNCCN(C)c1cccc(CCc2cc(C)cc(N)n2)n1	4.73754891026957	AF-O34453-F1	ec3ab1272d6f2a54586bc635a3c657af3fd2367d1c7a706c24d95b2825203683	1	A	4UGK	7S9	128;129;132;216;217;218;235;236;237;238;239;240;243;248;254;329;357	128;129;132;216;217;218;235;236;237;238;239;240;243;248;254;329;357		alphafold_db_predicted_fixed_per_construct	False	True	False	17.0	164.0	1.0	0.0	0.0	0.0	0.0	0.058823529411764705	0.058823529411764705	0.058823529411764705	0.058823529411764705	0.11764705882352941	0.0	0.0	0.058823529411764705	0.11764705882352941	0.058823529411764705	0.058823529411764705	0.11764705882352941	0.0	0.0	0.0	0.11764705882352941	0.11764705882352941	0.0	0.6646341463414634	0.18292682926829268	0.14634146341463414	0.006097560975609756	0.0	0.0	0.0	9.251667248271094	16.229994400963815	22.873	21.548000000000002	18.322	5.81343843208321	5.344585834185111	4.8200293287632325	0.007352941176470588	0.125	0.08823529411764706	0.13970588235294118	0.16176470588235295	0.29411764705882354	0.16176470588235295	0.022058823529411766	0.0	0.22058823529411764	3.5294117647058822	2.0896846668625426
RCSB-4UG7-1EV-KD:S2	RCSB-4UG7-1EV-KD	S2	construct-001-c5158f5b655d	c5158f5b655d67de07d6eb63e3de8d56dae628bbf9d60ddb27d479d5686cb629	O34453	4UG7	1EV	IXUSJKAERUMZME-UHFFFAOYSA-N	Cc1cc(N)nc(CCc2cc(C#N)cc(CCc3cc(C)cc(N)n3)c2)c1	5.349692476868063	AF-O34453-F1	ec3ab1272d6f2a54586bc635a3c657af3fd2367d1c7a706c24d95b2825203683	1	A	4UGK	7S9	128;129;132;216;217;218;235;236;237;238;239;240;243;248;254;329;357	128;129;132;216;217;218;235;236;237;238;239;240;243;248;254;329;357		alphafold_db_predicted_fixed_per_construct	False	True	False	17.0	164.0	1.0	0.0	0.0	0.0	0.0	0.058823529411764705	0.058823529411764705	0.058823529411764705	0.058823529411764705	0.11764705882352941	0.0	0.0	0.058823529411764705	0.11764705882352941	0.058823529411764705	0.058823529411764705	0.11764705882352941	0.0	0.0	0.0	0.11764705882352941	0.11764705882352941	0.0	0.6646341463414634	0.18292682926829268	0.14634146341463414	0.006097560975609756	0.0	0.0	0.0	9.251667248271094	16.229994400963815	22.873	21.548000000000002	18.322	5.81343843208321	5.344585834185111	4.8200293287632325	0.007352941176470588	0.125	0.08823529411764706	0.13970588235294118	0.16176470588235295	0.29411764705882354	0.16176470588235295	0.022058823529411766	0.0	0.22058823529411764	3.5294117647058822	2.0896846668625426
RCSB-4UGH-4V4-KD:S2	RCSB-4UGH-4V4-KD	S2	construct-001-c5158f5b655d	c5158f5b655d67de07d6eb63e3de8d56dae628bbf9d60ddb27d479d5686cb629	O34453	4UGH	4V4	MIKRWQRFDGLBCF-UHFFFAOYSA-N	CNCCN(C)c1cccc(CCc2cc(C)cc(N)n2)c1	4.297052753818444	AF-O34453-F1	ec3ab1272d6f2a54586bc635a3c657af3fd2367d1c7a706c24d95b2825203683	1	A	4UGK	7S9	128;129;132;216;217;218;235;236;237;238;239;240;243;248;254;329;357	128;129;132;216;217;218;235;236;237;238;239;240;243;248;254;329;357		alphafold_db_predicted_fixed_per_construct	False	True	False	17.0	164.0	1.0	0.0	0.0	0.0	0.0	0.058823529411764705	0.058823529411764705	0.058823529411764705	0.058823529411764705	0.11764705882352941	0.0	0.0	0.058823529411764705	0.11764705882352941	0.058823529411764705	0.058823529411764705	0.11764705882352941	0.0	0.0	0.0	0.11764705882352941	0.11764705882352941	0.0	0.6646341463414634	0.18292682926829268	0.14634146341463414	0.006097560975609756	0.0	0.0	0.0	9.251667248271094	16.229994400963815	22.873	21.548000000000002	18.322	5.81343843208321	5.344585834185111	4.8200293287632325	0.007352941176470588	0.125	0.08823529411764706	0.13970588235294118	0.16176470588235295	0.29411764705882354	0.16176470588235295	0.022058823529411766	0.0	0.22058823529411764	3.5294117647058822	2.0896846668625426
RCSB-4UGL-S90-KD:S2	RCSB-4UGL-S90-KD	S2	construct-001-c5158f5b655d	c5158f5b655d67de07d6eb63e3de8d56dae628bbf9d60ddb27d479d5686cb629	O34453	4UGL	S90	CZBLKBKVAIKTJH-UHFFFAOYSA-N	CNCCN(c1cc(F)cc(CCc2cc(C)cc(N)n2)c1)C1CC1	4.206628751081045	AF-O34453-F1	ec3ab1272d6f2a54586bc635a3c657af3fd2367d1c7a706c24d95b2825203683	1	A	4UGK	7S9	128;129;132;216;217;218;235;236;237;238;239;240;243;248;254;329;357	128;129;132;216;217;218;235;236;237;238;239;240;243;248;254;329;357		alphafold_db_predicted_fixed_per_construct	False	True	False	17.0	164.0	1.0	0.0	0.0	0.0	0.0	0.058823529411764705	0.058823529411764705	0.058823529411764705	0.058823529411764705	0.11764705882352941	0.0	0.0	0.058823529411764705	0.11764705882352941	0.058823529411764705	0.058823529411764705	0.11764705882352941	0.0	0.0	0.0	0.11764705882352941	0.11764705882352941	0.0	0.6646341463414634	0.18292682926829268	0.14634146341463414	0.006097560975609756	0.0	0.0	0.0	9.251667248271094	16.229994400963815	22.873	21.548000000000002	18.322	5.81343843208321	5.344585834185111	4.8200293287632325	0.007352941176470588	0.125	0.08823529411764706	0.13970588235294118	0.16176470588235295	0.29411764705882354	0.16176470588235295	0.022058823529411766	0.0	0.22058823529411764	3.5294117647058822	2.0896846668625426
RCSB-4UGD-Q14-KD:S2	RCSB-4UGD-Q14-KD	S2	construct-001-c5158f5b655d	c5158f5b655d67de07d6eb63e3de8d56dae628bbf9d60ddb27d479d5686cb629	O34453	4UGD	Q14	ZLWWYKPNQBCOKF-INIZCTEOSA-N	Cc1cc(N)nc(COCC[C@@H](CN)OCc2cc(C)cc(N)n2)c1	4.421360790031928	AF-O34453-F1	ec3ab1272d6f2a54586bc635a3c657af3fd2367d1c7a706c24d95b2825203683	1	A	4UGK	7S9	128;129;132;216;217;218;235;236;237;238;239;240;243;248;254;329;357	128;129;132;216;217;218;235;236;237;238;239;240;243;248;254;329;357		alphafold_db_predicted_fixed_per_construct	False	True	False	17.0	164.0	1.0	0.0	0.0	0.0	0.0	0.058823529411764705	0.058823529411764705	0.058823529411764705	0.058823529411764705	0.11764705882352941	0.0	0.0	0.058823529411764705	0.11764705882352941	0.058823529411764705	0.058823529411764705	0.11764705882352941	0.0	0.0	0.0	0.11764705882352941	0.11764705882352941	0.0	0.6646341463414634	0.18292682926829268	0.14634146341463414	0.006097560975609756	0.0	0.0	0.0	9.251667248271094	16.229994400963815	22.873	21.548000000000002	18.322	5.81343843208321	5.344585834185111	4.8200293287632325	0.007352941176470588	0.125	0.08823529411764706	0.13970588235294118	0.16176470588235295	0.29411764705882354	0.16176470588235295	0.022058823529411766	0.0	0.22058823529411764	3.5294117647058822	2.0896846668625426
RCSB-4UGG-S5D-KD:S2	RCSB-4UGG-S5D-KD	S2	construct-001-c5158f5b655d	c5158f5b655d67de07d6eb63e3de8d56dae628bbf9d60ddb27d479d5686cb629	O34453	4UGG	S5D	HPGDXHOKQNTRIC-HXUWFJFHSA-N	Cc1cc(N)nc(CCc2cccc([C@H](N)Cc3cc(C)cc(N)n3)c2)c1	4.59176003468815	AF-O34453-F1	ec3ab1272d6f2a54586bc635a3c657af3fd2367d1c7a706c24d95b2825203683	1	A	4UGK	7S9	128;129;132;216;217;218;235;236;237;238;239;240;243;248;254;329;357	128;129;132;216;217;218;235;236;237;238;239;240;243;248;254;329;357		alphafold_db_predicted_fixed_per_construct	False	True	False	17.0	164.0	1.0	0.0	0.0	0.0	0.0	0.058823529411764705	0.058823529411764705	0.058823529411764705	0.058823529411764705	0.11764705882352941	0.0	0.0	0.058823529411764705	0.11764705882352941	0.058823529411764705	0.058823529411764705	0.11764705882352941	0.0	0.0	0.0	0.11764705882352941	0.11764705882352941	0.0	0.6646341463414634	0.18292682926829268	0.14634146341463414	0.006097560975609756	0.0	0.0	0.0	9.251667248271094	16.229994400963815	22.873	21.548000000000002	18.322	5.81343843208321	5.344585834185111	4.8200293287632325	0.007352941176470588	0.125	0.08823529411764706	0.13970588235294118	0.16176470588235295	0.29411764705882354	0.16176470588235295	0.022058823529411766	0.0	0.22058823529411764	3.5294117647058822	2.0896846668625426
RCSB-4UG9-1EW-KD:S2	RCSB-4UG9-1EW-KD	S2	construct-001-c5158f5b655d	c5158f5b655d67de07d6eb63e3de8d56dae628bbf9d60ddb27d479d5686cb629	O34453	4UG9	1EW	KSYDDSWEHNSQGZ-UHFFFAOYSA-N	Cc1cc(N)nc(CCc2ccc(CCCN)c(CCc3cc(C)cc(N)n3)c2)c1	5.064996848546345	AF-O34453-F1	ec3ab1272d6f2a54586bc635a3c657af3fd2367d1c7a706c24d95b2825203683	1	A	4UGK	7S9	128;129;132;216;217;218;235;236;237;238;239;240;243;248;254;329;357	128;129;132;216;217;218;235;236;237;238;239;240;243;248;254;329;357		alphafold_db_predicted_fixed_per_construct	False	True	False	17.0	164.0	1.0	0.0	0.0	0.0	0.0	0.058823529411764705	0.058823529411764705	0.058823529411764705	0.058823529411764705	0.11764705882352941	0.0	0.0	0.058823529411764705	0.11764705882352941	0.058823529411764705	0.058823529411764705	0.11764705882352941	0.0	0.0	0.0	0.11764705882352941	0.11764705882352941	0.0	0.6646341463414634	0.18292682926829268	0.14634146341463414	0.006097560975609756	0.0	0.0	0.0	9.251667248271094	16.229994400963815	22.873	21.548000000000002	18.322	5.81343843208321	5.344585834185111	4.8200293287632325	0.007352941176470588	0.125	0.08823529411764706	0.13970588235294118	0.16176470588235295	0.29411764705882354	0.16176470588235295	0.022058823529411766	0.0	0.22058823529411764	3.5294117647058822	2.0896846668625426
RCSB-4UGC-1Q6-KD:S2	RCSB-4UGC-1Q6-KD	S2	construct-001-c5158f5b655d	c5158f5b655d67de07d6eb63e3de8d56dae628bbf9d60ddb27d479d5686cb629	O34453	4UGC	1Q6	FVCUZJIKIIWHJD-HNNXBMFYSA-N	Cc1cc(N)nc(COC[C@H](CN)OCc2cc(C)cc(N)n2)c1	4.728158393463501	AF-O34453-F1	ec3ab1272d6f2a54586bc635a3c657af3fd2367d1c7a706c24d95b2825203683	1	A	4UGK	7S9	128;129;132;216;217;218;235;236;237;238;239;240;243;248;254;329;357	128;129;132;216;217;218;235;236;237;238;239;240;243;248;254;329;357		alphafold_db_predicted_fixed_per_construct	False	True	False	17.0	164.0	1.0	0.0	0.0	0.0	0.0	0.058823529411764705	0.058823529411764705	0.058823529411764705	0.058823529411764705	0.11764705882352941	0.0	0.0	0.058823529411764705	0.11764705882352941	0.058823529411764705	0.058823529411764705	0.11764705882352941	0.0	0.0	0.0	0.11764705882352941	0.11764705882352941	0.0	0.6646341463414634	0.18292682926829268	0.14634146341463414	0.006097560975609756	0.0	0.0	0.0	9.251667248271094	16.229994400963815	22.873	21.548000000000002	18.322	5.81343843208321	5.344585834185111	4.8200293287632325	0.007352941176470588	0.125	0.08823529411764706	0.13970588235294118	0.16176470588235295	0.29411764705882354	0.16176470588235295	0.022058823529411766	0.0	0.22058823529411764	3.5294117647058822	2.0896846668625426
RCSB-4UGO-1QF-KD:S2	RCSB-4UGO-1QF-KD	S2	construct-001-c5158f5b655d	c5158f5b655d67de07d6eb63e3de8d56dae628bbf9d60ddb27d479d5686cb629	O34453	4UGO	1QF	ZAOJVZLLICOZMJ-UHFFFAOYSA-N	[H]/N=C(/Nc1ccc(CCN(CC)Cc2cccc(N/C(=N/[H])c3cccs3)c2)cc1)c1cccs1	4.205511953340831	AF-O34453-F1	ec3ab1272d6f2a54586bc635a3c657af3fd2367d1c7a706c24d95b2825203683	1	A	4UGK	7S9	128;129;132;216;217;218;235;236;237;238;239;240;243;248;254;329;357	128;129;132;216;217;218;235;236;237;238;239;240;243;248;254;329;357		alphafold_db_predicted_fixed_per_construct	False	True	False	17.0	164.0	1.0	0.0	0.0	0.0	0.0	0.058823529411764705	0.058823529411764705	0.058823529411764705	0.058823529411764705	0.11764705882352941	0.0	0.0	0.058823529411764705	0.11764705882352941	0.058823529411764705	0.058823529411764705	0.11764705882352941	0.0	0.0	0.0	0.11764705882352941	0.11764705882352941	0.0	0.6646341463414634	0.18292682926829268	0.14634146341463414	0.006097560975609756	0.0	0.0	0.0	9.251667248271094	16.229994400963815	22.873	21.548000000000002	18.322	5.81343843208321	5.344585834185111	4.8200293287632325	0.007352941176470588	0.125	0.08823529411764706	0.13970588235294118	0.16176470588235295	0.29411764705882354	0.16176470588235295	0.022058823529411766	0.0	0.22058823529411764	3.5294117647058822	2.0896846668625426
RCSB-4UGB-QJ7-KD:S2	RCSB-4UGB-QJ7-KD	S2	construct-001-c5158f5b655d	c5158f5b655d67de07d6eb63e3de8d56dae628bbf9d60ddb27d479d5686cb629	O34453	4UGB	QJ7	IGLNPZZNPBQOMM-UHFFFAOYSA-N	Cc1cc(N)nc(COc2cncc(CNCCc3cccc(F)c3)c2)c1	3.6252516539898965	AF-O34453-F1	ec3ab1272d6f2a54586bc635a3c657af3fd2367d1c7a706c24d95b2825203683	1	A	4UGK	7S9	128;129;132;216;217;218;235;236;237;238;239;240;243;248;254;329;357	128;129;132;216;217;218;235;236;237;238;239;240;243;248;254;329;357		alphafold_db_predicted_fixed_per_construct	False	True	False	17.0	164.0	1.0	0.0	0.0	0.0	0.0	0.058823529411764705	0.058823529411764705	0.058823529411764705	0.058823529411764705	0.11764705882352941	0.0	0.0	0.058823529411764705	0.11764705882352941	0.058823529411764705	0.058823529411764705	0.11764705882352941	0.0	0.0	0.0	0.11764705882352941	0.11764705882352941	0.0	0.6646341463414634	0.18292682926829268	0.14634146341463414	0.006097560975609756	0.0	0.0	0.0	9.251667248271094	16.229994400963815	22.873	21.548000000000002	18.322	5.81343843208321	5.344585834185111	4.8200293287632325	0.007352941176470588	0.125	0.08823529411764706	0.13970588235294118	0.16176470588235295	0.29411764705882354	0.16176470588235295	0.022058823529411766	0.0	0.22058823529411764	3.5294117647058822	2.0896846668625426
RCSB-4UGN-H49-KD:S2	RCSB-4UGN-H49-KD	S2	construct-001-c5158f5b655d	c5158f5b655d67de07d6eb63e3de8d56dae628bbf9d60ddb27d479d5686cb629	O34453	4UGN	H49	MRTCFHYZEYSLIF-HNNXBMFYSA-N	N=C(Nc1cccc(CNC[C@@H]2CCCN2)c1)c1cccs1	4.749579997691106	AF-O34453-F1	ec3ab1272d6f2a54586bc635a3c657af3fd2367d1c7a706c24d95b2825203683	1	A	4UGK	7S9	128;129;132;216;217;218;235;236;237;238;239;240;243;248;254;329;357	128;129;132;216;217;218;235;236;237;238;239;240;243;248;254;329;357		alphafold_db_predicted_fixed_per_construct	False	True	False	17.0	164.0	1.0	0.0	0.0	0.0	0.0	0.058823529411764705	0.058823529411764705	0.058823529411764705	0.058823529411764705	0.11764705882352941	0.0	0.0	0.058823529411764705	0.11764705882352941	0.058823529411764705	0.058823529411764705	0.11764705882352941	0.0	0.0	0.0	0.11764705882352941	0.11764705882352941	0.0	0.6646341463414634	0.18292682926829268	0.14634146341463414	0.006097560975609756	0.0	0.0	0.0	9.251667248271094	16.229994400963815	22.873	21.548000000000002	18.322	5.81343843208321	5.344585834185111	4.8200293287632325	0.007352941176470588	0.125	0.08823529411764706	0.13970588235294118	0.16176470588235295	0.29411764705882354	0.16176470588235295	0.022058823529411766	0.0	0.22058823529411764	3.5294117647058822	2.0896846668625426
RCSB-5MYG-LS8-KD:S2	RCSB-5MYG-LS8-KD	S2	construct-002-cb5cf2af5e4a	cb5cf2af5e4a32c1730465cc84d1a4fc938ebaf2c2deaea72f5d7152c64279e9	P55201	5MYG	LS8	UEMQPCYDWCSVCU-UHFFFAOYSA-N	COc1cc(C#N)ccc1S(=O)(=O)Nc1ccc2c(c1)cc(C)c(=O)n2C	7.508638306165727	AF-P55201-F1	856d5172c9c5c0fe58f0bf6338e07bddd4e4fb54b59d55fbeac9fe1fbe1958fd	1	A	5ETB	5RO	652;653;657;658;661;662;665;700;703;704;707;708;714	652;653;657;658;661;662;665;700;703;704;707;708;714		alphafold_db_predicted_fixed_per_construct	False	True	False	13.0	114.0	1.0	0.0	0.0	0.07692307692307693	0.0	0.07692307692307693	0.15384615384615385	0.0	0.0	0.15384615384615385	0.0	0.0	0.0	0.15384615384615385	0.07692307692307693	0.0	0.0	0.0	0.0	0.15384615384615385	0.0	0.15384615384615385	0.0	0.6929824561403509	0.13157894736842105	0.16666666666666666	0.008771929824561403	0.0	0.0	0.0	7.474013281271596	11.332399251910836	18.048000000000002	16.680999999999997	16.627000000000002	5.17630481066836	4.143312647138539	3.4495946636869697	0.02564102564102564	0.14102564102564102	0.14102564102564102	0.16666666666666666	0.20512820512820512	0.2948717948717949	0.02564102564102564	0.0	0.0	0.3076923076923077	3.6923076923076925	1.065877420042386
RCSB-5EWH-5SG-KD:S2	RCSB-5EWH-5SG-KD	S2	construct-002-cb5cf2af5e4a	cb5cf2af5e4a32c1730465cc84d1a4fc938ebaf2c2deaea72f5d7152c64279e9	P55201	5EWH	5SG	CSNXUYRHPXGSJD-UHFFFAOYSA-N	Oc1cccc2cnccc12	3.769551078621726	AF-P55201-F1	856d5172c9c5c0fe58f0bf6338e07bddd4e4fb54b59d55fbeac9fe1fbe1958fd	1	A	5ETB	5RO	652;653;657;658;661;662;665;700;703;704;707;708;714	652;653;657;658;661;662;665;700;703;704;707;708;714		alphafold_db_predicted_fixed_per_construct	False	True	False	13.0	114.0	1.0	0.0	0.0	0.07692307692307693	0.0	0.07692307692307693	0.15384615384615385	0.0	0.0	0.15384615384615385	0.0	0.0	0.0	0.15384615384615385	0.07692307692307693	0.0	0.0	0.0	0.0	0.15384615384615385	0.0	0.15384615384615385	0.0	0.6929824561403509	0.13157894736842105	0.16666666666666666	0.008771929824561403	0.0	0.0	0.0	7.474013281271596	11.332399251910836	18.048000000000002	16.680999999999997	16.627000000000002	5.17630481066836	4.143312647138539	3.4495946636869697	0.02564102564102564	0.14102564102564102	0.14102564102564102	0.16666666666666666	0.20512820512820512	0.2948717948717949	0.02564102564102564	0.0	0.0	0.3076923076923077	3.6923076923076925	1.065877420042386
RCSB-5C85-4YO-KD:S2	RCSB-5C85-4YO-KD	S2	construct-002-cb5cf2af5e4a	cb5cf2af5e4a32c1730465cc84d1a4fc938ebaf2c2deaea72f5d7152c64279e9	P55201	5C85	4YO	AFHCUZXZHPMRQJ-UHFFFAOYSA-N	O=C1CNc2cc(Br)ccc2N1	3.9788107009300617	AF-P55201-F1	856d5172c9c5c0fe58f0bf6338e07bddd4e4fb54b59d55fbeac9fe1fbe1958fd	1	A	5ETB	5RO	652;653;657;658;661;662;665;700;703;704;707;708;714	652;653;657;658;661;662;665;700;703;704;707;708;714		alphafold_db_predicted_fixed_per_construct	False	True	False	13.0	114.0	1.0	0.0	0.0	0.07692307692307693	0.0	0.07692307692307693	0.15384615384615385	0.0	0.0	0.15384615384615385	0.0	0.0	0.0	0.15384615384615385	0.07692307692307693	0.0	0.0	0.0	0.0	0.15384615384615385	0.0	0.15384615384615385	0.0	0.6929824561403509	0.13157894736842105	0.16666666666666666	0.008771929824561403	0.0	0.0	0.0	7.474013281271596	11.332399251910836	18.048000000000002	16.680999999999997	16.627000000000002	5.17630481066836	4.143312647138539	3.4495946636869697	0.02564102564102564	0.14102564102564102	0.14102564102564102	0.16666666666666666	0.20512820512820512	0.2948717948717949	0.02564102564102564	0.0	0.0	0.3076923076923077	3.6923076923076925	1.065877420042386
RCSB-5O4S-9KW-KD:S2	RCSB-5O4S-9KW-KD	S2	construct-002-cb5cf2af5e4a	cb5cf2af5e4a32c1730465cc84d1a4fc938ebaf2c2deaea72f5d7152c64279e9	P55201	5O4S	9KW	HKFDPIBCGYGLOO-UHFFFAOYSA-N	Cn1c(=O)c(=O)n(C)c2cc(N3CCOCC3)c(NS(=O)(=O)c3ccc4c(c3)CCCC4)cc21	5.6020599913279625	AF-P55201-F1	856d5172c9c5c0fe58f0bf6338e07bddd4e4fb54b59d55fbeac9fe1fbe1958fd	1	A	5ETB	5RO	652;653;657;658;661;662;665;700;703;704;707;708;714	652;653;657;658;661;662;665;700;703;704;707;708;714		alphafold_db_predicted_fixed_per_construct	False	True	False	13.0	114.0	1.0	0.0	0.0	0.07692307692307693	0.0	0.07692307692307693	0.15384615384615385	0.0	0.0	0.15384615384615385	0.0	0.0	0.0	0.15384615384615385	0.07692307692307693	0.0	0.0	0.0	0.0	0.15384615384615385	0.0	0.15384615384615385	0.0	0.6929824561403509	0.13157894736842105	0.16666666666666666	0.008771929824561403	0.0	0.0	0.0	7.474013281271596	11.332399251910836	18.048000000000002	16.680999999999997	16.627000000000002	5.17630481066836	4.143312647138539	3.4495946636869697	0.02564102564102564	0.14102564102564102	0.14102564102564102	0.16666666666666666	0.20512820512820512	0.2948717948717949	0.02564102564102564	0.0	0.0	0.3076923076923077	3.6923076923076925	1.065877420042386
RCSB-5EPR-5QY-KD:S2	RCSB-5EPR-5QY-KD	S2	construct-002-cb5cf2af5e4a	cb5cf2af5e4a32c1730465cc84d1a4fc938ebaf2c2deaea72f5d7152c64279e9	P55201	5EPR	5QY	BEAJCHFCYQOFGS-LURJTMIESA-N	C[C@@H]1Nc2ccccc2NC1=O	4.040958607678906	AF-P55201-F1	856d5172c9c5c0fe58f0bf6338e07bddd4e4fb54b59d55fbeac9fe1fbe1958fd	1	A	5ETB	5RO	652;653;657;658;661;662;665;700;703;704;707;708;714	652;653;657;658;661;662;665;700;703;704;707;708;714		alphafold_db_predicted_fixed_per_construct	False	True	False	13.0	114.0	1.0	0.0	0.0	0.07692307692307693	0.0	0.07692307692307693	0.15384615384615385	0.0	0.0	0.15384615384615385	0.0	0.0	0.0	0.15384615384615385	0.07692307692307693	0.0	0.0	0.0	0.0	0.15384615384615385	0.0	0.15384615384615385	0.0	0.6929824561403509	0.13157894736842105	0.16666666666666666	0.008771929824561403	0.0	0.0	0.0	7.474013281271596	11.332399251910836	18.048000000000002	16.680999999999997	16.627000000000002	5.17630481066836	4.143312647138539	3.4495946636869697	0.02564102564102564	0.14102564102564102	0.14102564102564102	0.16666666666666666	0.20512820512820512	0.2948717948717949	0.02564102564102564	0.0	0.0	0.3076923076923077	3.6923076923076925	1.065877420042386
RCSB-5OV8-AXN-KD:S2	RCSB-5OV8-AXN-KD	S2	construct-002-cb5cf2af5e4a	cb5cf2af5e4a32c1730465cc84d1a4fc938ebaf2c2deaea72f5d7152c64279e9	P55201	5OV8	AXN	SSZHAOLXDMZGQV-UHFFFAOYSA-N	CC(C)Cc1ccc(S(=O)(=O)Nc2cc3c(cc2N2CCCC2)n(C)c(=O)c(=O)n3C)cc1	4.7447274948966935	AF-P55201-F1	856d5172c9c5c0fe58f0bf6338e07bddd4e4fb54b59d55fbeac9fe1fbe1958fd	1	A	5ETB	5RO	652;653;657;658;661;662;665;700;703;704;707;708;714	652;653;657;658;661;662;665;700;703;704;707;708;714		alphafold_db_predicted_fixed_per_construct	False	True	False	13.0	114.0	1.0	0.0	0.0	0.07692307692307693	0.0	0.07692307692307693	0.15384615384615385	0.0	0.0	0.15384615384615385	0.0	0.0	0.0	0.15384615384615385	0.07692307692307693	0.0	0.0	0.0	0.0	0.15384615384615385	0.0	0.15384615384615385	0.0	0.6929824561403509	0.13157894736842105	0.16666666666666666	0.008771929824561403	0.0	0.0	0.0	7.474013281271596	11.332399251910836	18.048000000000002	16.680999999999997	16.627000000000002	5.17630481066836	4.143312647138539	3.4495946636869697	0.02564102564102564	0.14102564102564102	0.14102564102564102	0.16666666666666666	0.20512820512820512	0.2948717948717949	0.02564102564102564	0.0	0.0	0.3076923076923077	3.6923076923076925	1.065877420042386
RCSB-5O55-9L5-KD:S2	RCSB-5O55-9L5-KD	S2	construct-002-cb5cf2af5e4a	cb5cf2af5e4a32c1730465cc84d1a4fc938ebaf2c2deaea72f5d7152c64279e9	P55201	5O55	9L5	ZHMKNBFQCHDNKP-NSHDSACASA-N	CCn1c(=O)c(C)nc2cc(C(=O)N[C@@H](C)c3cnn(C)c3C)ccc21	4.698970004336019	AF-P55201-F1	856d5172c9c5c0fe58f0bf6338e07bddd4e4fb54b59d55fbeac9fe1fbe1958fd	1	A	5ETB	5RO	652;653;657;658;661;662;665;700;703;704;707;708;714	652;653;657;658;661;662;665;700;703;704;707;708;714		alphafold_db_predicted_fixed_per_construct	False	True	False	13.0	114.0	1.0	0.0	0.0	0.07692307692307693	0.0	0.07692307692307693	0.15384615384615385	0.0	0.0	0.15384615384615385	0.0	0.0	0.0	0.15384615384615385	0.07692307692307693	0.0	0.0	0.0	0.0	0.15384615384615385	0.0	0.15384615384615385	0.0	0.6929824561403509	0.13157894736842105	0.16666666666666666	0.008771929824561403	0.0	0.0	0.0	7.474013281271596	11.332399251910836	18.048000000000002	16.680999999999997	16.627000000000002	5.17630481066836	4.143312647138539	3.4495946636869697	0.02564102564102564	0.14102564102564102	0.14102564102564102	0.16666666666666666	0.20512820512820512	0.2948717948717949	0.02564102564102564	0.0	0.0	0.3076923076923077	3.6923076923076925	1.065877420042386
RCSB-5D7X-XZ8-KD:S2	RCSB-5D7X-XZ8-KD	S2	construct-002-cb5cf2af5e4a	cb5cf2af5e4a32c1730465cc84d1a4fc938ebaf2c2deaea72f5d7152c64279e9	P55201	5D7X	XZ8	HCHHWOYUIPSLJH-UHFFFAOYSA-N	CC(=O)n1cc(-c2c(C)[nH][nH]c2=O)c2ccccc21	4.823908740944319	AF-P55201-F1	856d5172c9c5c0fe58f0bf6338e07bddd4e4fb54b59d55fbeac9fe1fbe1958fd	1	A	5ETB	5RO	652;653;657;658;661;662;665;700;703;704;707;708;714	652;653;657;658;661;662;665;700;703;704;707;708;714		alphafold_db_predicted_fixed_per_construct	False	True	False	13.0	114.0	1.0	0.0	0.0	0.07692307692307693	0.0	0.07692307692307693	0.15384615384615385	0.0	0.0	0.15384615384615385	0.0	0.0	0.0	0.15384615384615385	0.07692307692307693	0.0	0.0	0.0	0.0	0.15384615384615385	0.0	0.15384615384615385	0.0	0.6929824561403509	0.13157894736842105	0.16666666666666666	0.008771929824561403	0.0	0.0	0.0	7.474013281271596	11.332399251910836	18.048000000000002	16.680999999999997	16.627000000000002	5.17630481066836	4.143312647138539	3.4495946636869697	0.02564102564102564	0.14102564102564102	0.14102564102564102	0.16666666666666666	0.20512820512820512	0.2948717948717949	0.02564102564102564	0.0	0.0	0.3076923076923077	3.6923076923076925	1.065877420042386
RCSB-5O5A-9LN-KD:S2	RCSB-5O5A-9LN-KD	S2	construct-002-cb5cf2af5e4a	cb5cf2af5e4a32c1730465cc84d1a4fc938ebaf2c2deaea72f5d7152c64279e9	P55201	5O5A	9LN	WOECCYJDFDPEPV-UHFFFAOYSA-N	CCn1c(=O)c(=O)[nH]c2cc(C(=O)N(C)Cc3cnn(-c4ccccc4)c3)ccc21	4.769551078621726	AF-P55201-F1	856d5172c9c5c0fe58f0bf6338e07bddd4e4fb54b59d55fbeac9fe1fbe1958fd	1	A	5ETB	5RO	652;653;657;658;661;662;665;700;703;704;707;708;714	652;653;657;658;661;662;665;700;703;704;707;708;714		alphafold_db_predicted_fixed_per_construct	False	True	False	13.0	114.0	1.0	0.0	0.0	0.07692307692307693	0.0	0.07692307692307693	0.15384615384615385	0.0	0.0	0.15384615384615385	0.0	0.0	0.0	0.15384615384615385	0.07692307692307693	0.0	0.0	0.0	0.0	0.15384615384615385	0.0	0.15384615384615385	0.0	0.6929824561403509	0.13157894736842105	0.16666666666666666	0.008771929824561403	0.0	0.0	0.0	7.474013281271596	11.332399251910836	18.048000000000002	16.680999999999997	16.627000000000002	5.17630481066836	4.143312647138539	3.4495946636869697	0.02564102564102564	0.14102564102564102	0.14102564102564102	0.16666666666666666	0.20512820512820512	0.2948717948717949	0.02564102564102564	0.0	0.0	0.3076923076923077	3.6923076923076925	1.065877420042386
RCSB-5EPS-5QX-KD:S2	RCSB-5EPS-5QX-KD	S2	construct-002-cb5cf2af5e4a	cb5cf2af5e4a32c1730465cc84d1a4fc938ebaf2c2deaea72f5d7152c64279e9	P55201	5EPS	5QX	JFWAVAHCZRTHLM-UHFFFAOYSA-N	CN1C(=O)CNc2ccccc21	4.42021640338319	AF-P55201-F1	856d5172c9c5c0fe58f0bf6338e07bddd4e4fb54b59d55fbeac9fe1fbe1958fd	1	A	5ETB	5RO	652;653;657;658;661;662;665;700;703;704;707;708;714	652;653;657;658;661;662;665;700;703;704;707;708;714		alphafold_db_predicted_fixed_per_construct	False	True	False	13.0	114.0	1.0	0.0	0.0	0.07692307692307693	0.0	0.07692307692307693	0.15384615384615385	0.0	0.0	0.15384615384615385	0.0	0.0	0.0	0.15384615384615385	0.07692307692307693	0.0	0.0	0.0	0.0	0.15384615384615385	0.0	0.15384615384615385	0.0	0.6929824561403509	0.13157894736842105	0.16666666666666666	0.008771929824561403	0.0	0.0	0.0	7.474013281271596	11.332399251910836	18.048000000000002	16.680999999999997	16.627000000000002	5.17630481066836	4.143312647138539	3.4495946636869697	0.02564102564102564	0.14102564102564102	0.14102564102564102	0.16666666666666666	0.20512820512820512	0.2948717948717949	0.02564102564102564	0.0	0.0	0.3076923076923077	3.6923076923076925	1.065877420042386
RCSB-4O76-1M3-KD:S2	RCSB-4O76-1M3-KD	S2	construct-003-fbf3f5c695a3	fbf3f5c695a3b8c47960f7f87595ade0ba42d8f497f2c0c835fe377069f49978	O60885	4O76	1M3	JVDOKQYTTYUYDV-UHFFFAOYSA-N	Cc1cnc(Nc2ccc(N3CCN(C)CC3)cc2)nc1Nc1cccc(S(=O)(=O)NC(C)(C)C)c1	6.910094888560602	AF-O60885-F1	326addfc05f8e0327dd7db8252a087e675c6b4c2757e893bf0516187e82c18b0	1	A	4E96	0NS	81;82;83;87;92;94;97;132;135;136;139;140;145;146;149	81;82;83;87;92;94;97;132;135;136;139;140;145;146;149		alphafold_db_predicted_fixed_per_construct	False	True	False	15.0	133.0	1.0	0.0	0.0	0.06666666666666667	0.06666666666666667	0.0	0.06666666666666667	0.0	0.0	0.06666666666666667	0.0	0.13333333333333333	0.13333333333333333	0.13333333333333333	0.06666666666666667	0.0	0.0	0.0	0.0	0.06666666666666667	0.06666666666666667	0.13333333333333333	0.0	0.6842105263157895	0.13533834586466165	0.15789473684210525	0.022556390977443608	0.0	0.0	0.0	7.963477281688241	11.96913031955922	19.651000000000003	17.052	16.194	5.565611486586605	4.204504678634741	3.8422753159656007	0.01904761904761905	0.08571428571428572	0.1619047619047619	0.1619047619047619	0.22857142857142856	0.29523809523809524	0.047619047619047616	0.0	0.0	0.26666666666666666	3.7333333333333334	1.1234866364235145
RCSB-7MRA-ZMJ-KD:S2	RCSB-7MRA-ZMJ-KD	S2	construct-003-fbf3f5c695a3	fbf3f5c695a3b8c47960f7f87595ade0ba42d8f497f2c0c835fe377069f49978	O60885	7MRA	ZMJ	QIEVBHRUPLMWFP-UHFFFAOYSA-N	CCS(=O)(=O)Nc1cccc(-c2cn(C)c(=O)c3ccccc23)c1	7.086186147616283	AF-O60885-F1	326addfc05f8e0327dd7db8252a087e675c6b4c2757e893bf0516187e82c18b0	1	A	4E96	0NS	81;82;83;87;92;94;97;132;135;136;139;140;145;146;149	81;82;83;87;92;94;97;132;135;136;139;140;145;146;149		alphafold_db_predicted_fixed_per_construct	False	True	False	15.0	133.0	1.0	0.0	0.0	0.06666666666666667	0.06666666666666667	0.0	0.06666666666666667	0.0	0.0	0.06666666666666667	0.0	0.13333333333333333	0.13333333333333333	0.13333333333333333	0.06666666666666667	0.0	0.0	0.0	0.0	0.06666666666666667	0.06666666666666667	0.13333333333333333	0.0	0.6842105263157895	0.13533834586466165	0.15789473684210525	0.022556390977443608	0.0	0.0	0.0	7.963477281688241	11.96913031955922	19.651000000000003	17.052	16.194	5.565611486586605	4.204504678634741	3.8422753159656007	0.01904761904761905	0.08571428571428572	0.1619047619047619	0.1619047619047619	0.22857142857142856	0.29523809523809524	0.047619047619047616	0.0	0.0	0.26666666666666666	3.7333333333333334	1.1234866364235145
RCSB-5D26-L28-KD:S2	RCSB-5D26-L28-KD	S2	construct-003-fbf3f5c695a3	fbf3f5c695a3b8c47960f7f87595ade0ba42d8f497f2c0c835fe377069f49978	O60885	5D26	L28	BXFSSYQFFSWQEA-UHFFFAOYSA-N	CCc1c(C(=O)Nc2cc(S(=O)(=O)N(CC)CC)ccc2O)[nH]c(C)c1C(N)=O	6.0915149811213505	AF-O60885-F1	326addfc05f8e0327dd7db8252a087e675c6b4c2757e893bf0516187e82c18b0	1	A	4E96	0NS	81;82;83;87;92;94;97;132;135;136;139;140;145;146;149	81;82;83;87;92;94;97;132;135;136;139;140;145;146;149		alphafold_db_predicted_fixed_per_construct	False	True	False	15.0	133.0	1.0	0.0	0.0	0.06666666666666667	0.06666666666666667	0.0	0.06666666666666667	0.0	0.0	0.06666666666666667	0.0	0.13333333333333333	0.13333333333333333	0.13333333333333333	0.06666666666666667	0.0	0.0	0.0	0.0	0.06666666666666667	0.06666666666666667	0.13333333333333333	0.0	0.6842105263157895	0.13533834586466165	0.15789473684210525	0.022556390977443608	0.0	0.0	0.0	7.963477281688241	11.96913031955922	19.651000000000003	17.052	16.194	5.565611486586605	4.204504678634741	3.8422753159656007	0.01904761904761905	0.08571428571428572	0.1619047619047619	0.1619047619047619	0.22857142857142856	0.29523809523809524	0.047619047619047616	0.0	0.0	0.26666666666666666	3.7333333333333334	1.1234866364235145
RCSB-5EGU-5NQ-KD:S2	RCSB-5EGU-5NQ-KD	S2	construct-003-fbf3f5c695a3	fbf3f5c695a3b8c47960f7f87595ade0ba42d8f497f2c0c835fe377069f49978	O60885	5EGU	5NQ	FTDVJTZJKKOHSY-UHFFFAOYSA-N	CCCCc1c(C)nc2nc(SCc3nc4c(c(=O)[nH]c(=O)n4CCCC)n3CC)nn2c1C	5.853871964321762	AF-O60885-F1	326addfc05f8e0327dd7db8252a087e675c6b4c2757e893bf0516187e82c18b0	1	A	4E96	0NS	81;82;83;87;92;94;97;132;135;136;139;140;145;146;149	81;82;83;87;92;94;97;132;135;136;139;140;145;146;149		alphafold_db_predicted_fixed_per_construct	False	True	False	15.0	133.0	1.0	0.0	0.0	0.06666666666666667	0.06666666666666667	0.0	0.06666666666666667	0.0	0.0	0.06666666666666667	0.0	0.13333333333333333	0.13333333333333333	0.13333333333333333	0.06666666666666667	0.0	0.0	0.0	0.0	0.06666666666666667	0.06666666666666667	0.13333333333333333	0.0	0.6842105263157895	0.13533834586466165	0.15789473684210525	0.022556390977443608	0.0	0.0	0.0	7.963477281688241	11.96913031955922	19.651000000000003	17.052	16.194	5.565611486586605	4.204504678634741	3.8422753159656007	0.01904761904761905	0.08571428571428572	0.1619047619047619	0.1619047619047619	0.22857142857142856	0.29523809523809524	0.047619047619047616	0.0	0.0	0.26666666666666666	3.7333333333333334	1.1234866364235145
RCSB-6TPZ-NV2-KD:S2	RCSB-6TPZ-NV2-KD	S2	construct-003-fbf3f5c695a3	fbf3f5c695a3b8c47960f7f87595ade0ba42d8f497f2c0c835fe377069f49978	O60885	6TPZ	NV2	DDSHVVXWYKDTTQ-UHFFFAOYSA-N	COCC(COC)n1c(-c2cc(C)c(=O)n(C)c2)nc2cc(N3CCOCC3)ccc21	8.301029995663981	AF-O60885-F1	326addfc05f8e0327dd7db8252a087e675c6b4c2757e893bf0516187e82c18b0	1	A	4E96	0NS	81;82;83;87;92;94;97;132;135;136;139;140;145;146;149	81;82;83;87;92;94;97;132;135;136;139;140;145;146;149		alphafold_db_predicted_fixed_per_construct	False	True	False	15.0	133.0	1.0	0.0	0.0	0.06666666666666667	0.06666666666666667	0.0	0.06666666666666667	0.0	0.0	0.06666666666666667	0.0	0.13333333333333333	0.13333333333333333	0.13333333333333333	0.06666666666666667	0.0	0.0	0.0	0.0	0.06666666666666667	0.06666666666666667	0.13333333333333333	0.0	0.6842105263157895	0.13533834586466165	0.15789473684210525	0.022556390977443608	0.0	0.0	0.0	7.963477281688241	11.96913031955922	19.651000000000003	17.052	16.194	5.565611486586605	4.204504678634741	3.8422753159656007	0.01904761904761905	0.08571428571428572	0.1619047619047619	0.1619047619047619	0.22857142857142856	0.29523809523809524	0.047619047619047616	0.0	0.0	0.26666666666666666	3.7333333333333334	1.1234866364235145
RCSB-6FO5-DZH-KD:S2	RCSB-6FO5-DZH-KD	S2	construct-003-fbf3f5c695a3	fbf3f5c695a3b8c47960f7f87595ade0ba42d8f497f2c0c835fe377069f49978	O60885	6FO5	DZH	GUZDPSZLHQZPSV-UHFFFAOYSA-N	CCn1cnc2c1c(=O)[nH]c(=O)n2Cc1ccc(CNS(=O)(=O)c2ccc3c(c2)CCCC(=O)N3)cc1	6.721246399047171	AF-O60885-F1	326addfc05f8e0327dd7db8252a087e675c6b4c2757e893bf0516187e82c18b0	1	A	4E96	0NS	81;82;83;87;92;94;97;132;135;136;139;140;145;146;149	81;82;83;87;92;94;97;132;135;136;139;140;145;146;149		alphafold_db_predicted_fixed_per_construct	False	True	False	15.0	133.0	1.0	0.0	0.0	0.06666666666666667	0.06666666666666667	0.0	0.06666666666666667	0.0	0.0	0.06666666666666667	0.0	0.13333333333333333	0.13333333333333333	0.13333333333333333	0.06666666666666667	0.0	0.0	0.0	0.0	0.06666666666666667	0.06666666666666667	0.13333333333333333	0.0	0.6842105263157895	0.13533834586466165	0.15789473684210525	0.022556390977443608	0.0	0.0	0.0	7.963477281688241	11.96913031955922	19.651000000000003	17.052	16.194	5.565611486586605	4.204504678634741	3.8422753159656007	0.01904761904761905	0.08571428571428572	0.1619047619047619	0.1619047619047619	0.22857142857142856	0.29523809523809524	0.047619047619047616	0.0	0.0	0.26666666666666666	3.7333333333333334	1.1234866364235145
RCSB-7AXR-S7T-KD:S2	RCSB-7AXR-S7T-KD	S2	construct-003-fbf3f5c695a3	fbf3f5c695a3b8c47960f7f87595ade0ba42d8f497f2c0c835fe377069f49978	O60885	7AXR	S7T	JZECKTZTLWIBPJ-UHFFFAOYSA-N	CCc1c(C(=O)Nc2cccc(CCC(=O)NO)c2)[nH]c(C)c1C(C)=O	4.940058111938045	AF-O60885-F1	326addfc05f8e0327dd7db8252a087e675c6b4c2757e893bf0516187e82c18b0	1	A	4E96	0NS	81;82;83;87;92;94;97;132;135;136;139;140;145;146;149	81;82;83;87;92;94;97;132;135;136;139;140;145;146;149		alphafold_db_predicted_fixed_per_construct	False	True	False	15.0	133.0	1.0	0.0	0.0	0.06666666666666667	0.06666666666666667	0.0	0.06666666666666667	0.0	0.0	0.06666666666666667	0.0	0.13333333333333333	0.13333333333333333	0.13333333333333333	0.06666666666666667	0.0	0.0	0.0	0.0	0.06666666666666667	0.06666666666666667	0.13333333333333333	0.0	0.6842105263157895	0.13533834586466165	0.15789473684210525	0.022556390977443608	0.0	0.0	0.0	7.963477281688241	11.96913031955922	19.651000000000003	17.052	16.194	5.565611486586605	4.204504678634741	3.8422753159656007	0.01904761904761905	0.08571428571428572	0.1619047619047619	0.1619047619047619	0.22857142857142856	0.29523809523809524	0.047619047619047616	0.0	0.0	0.26666666666666666	3.7333333333333334	1.1234866364235145
RCSB-6FSY-E5Q-KD:S2	RCSB-6FSY-E5Q-KD	S2	construct-003-fbf3f5c695a3	fbf3f5c695a3b8c47960f7f87595ade0ba42d8f497f2c0c835fe377069f49978	O60885	6FSY	E5Q	RFDVEAHRRMEOHK-KRWDZBQOSA-N	Cc1noc(C)c1-c1cc(O)cc([C@@H](O)c2cccnc2)c1	6.607303046740334	AF-O60885-F1	326addfc05f8e0327dd7db8252a087e675c6b4c2757e893bf0516187e82c18b0	1	A	4E96	0NS	81;82;83;87;92;94;97;132;135;136;139;140;145;146;149	81;82;83;87;92;94;97;132;135;136;139;140;145;146;149		alphafold_db_predicted_fixed_per_construct	False	True	False	15.0	133.0	1.0	0.0	0.0	0.06666666666666667	0.06666666666666667	0.0	0.06666666666666667	0.0	0.0	0.06666666666666667	0.0	0.13333333333333333	0.13333333333333333	0.13333333333333333	0.06666666666666667	0.0	0.0	0.0	0.0	0.06666666666666667	0.06666666666666667	0.13333333333333333	0.0	0.6842105263157895	0.13533834586466165	0.15789473684210525	0.022556390977443608	0.0	0.0	0.0	7.963477281688241	11.96913031955922	19.651000000000003	17.052	16.194	5.565611486586605	4.204504678634741	3.8422753159656007	0.01904761904761905	0.08571428571428572	0.1619047619047619	0.1619047619047619	0.22857142857142856	0.29523809523809524	0.047619047619047616	0.0	0.0	0.26666666666666666	3.7333333333333334	1.1234866364235145
RCSB-4PS5-2TA-KD:S2	RCSB-4PS5-2TA-KD	S2	construct-003-fbf3f5c695a3	fbf3f5c695a3b8c47960f7f87595ade0ba42d8f497f2c0c835fe377069f49978	O60885	4PS5	2TA	JOOXLOJCABQBSG-UHFFFAOYSA-N	Cc1cnc(Nc2ccc(OCCN3CCCC3)cc2)nc1Nc1cccc(S(=O)(=O)NC(C)(C)C)c1	6.785156151952302	AF-O60885-F1	326addfc05f8e0327dd7db8252a087e675c6b4c2757e893bf0516187e82c18b0	1	A	4E96	0NS	81;82;83;87;92;94;97;132;135;136;139;140;145;146;149	81;82;83;87;92;94;97;132;135;136;139;140;145;146;149		alphafold_db_predicted_fixed_per_construct	False	True	False	15.0	133.0	1.0	0.0	0.0	0.06666666666666667	0.06666666666666667	0.0	0.06666666666666667	0.0	0.0	0.06666666666666667	0.0	0.13333333333333333	0.13333333333333333	0.13333333333333333	0.06666666666666667	0.0	0.0	0.0	0.0	0.06666666666666667	0.06666666666666667	0.13333333333333333	0.0	0.6842105263157895	0.13533834586466165	0.15789473684210525	0.022556390977443608	0.0	0.0	0.0	7.963477281688241	11.96913031955922	19.651000000000003	17.052	16.194	5.565611486586605	4.204504678634741	3.8422753159656007	0.01904761904761905	0.08571428571428572	0.1619047619047619	0.1619047619047619	0.22857142857142856	0.29523809523809524	0.047619047619047616	0.0	0.0	0.26666666666666666	3.7333333333333334	1.1234866364235145
RCSB-7MR9-ZMM-KD:S2	RCSB-7MR9-ZMM-KD	S2	construct-003-fbf3f5c695a3	fbf3f5c695a3b8c47960f7f87595ade0ba42d8f497f2c0c835fe377069f49978	O60885	7MR9	ZMM	IQHRPUHKLPCOKF-UHFFFAOYSA-N	Cn1cc(-c2cccc(N3CCCC3=O)c2)c2ccccc2c1=O	6.474955192963154	AF-O60885-F1	326addfc05f8e0327dd7db8252a087e675c6b4c2757e893bf0516187e82c18b0	1	A	4E96	0NS	81;82;83;87;92;94;97;132;135;136;139;140;145;146;149	81;82;83;87;92;94;97;132;135;136;139;140;145;146;149		alphafold_db_predicted_fixed_per_construct	False	True	False	15.0	133.0	1.0	0.0	0.0	0.06666666666666667	0.06666666666666667	0.0	0.06666666666666667	0.0	0.0	0.06666666666666667	0.0	0.13333333333333333	0.13333333333333333	0.13333333333333333	0.06666666666666667	0.0	0.0	0.0	0.0	0.06666666666666667	0.06666666666666667	0.13333333333333333	0.0	0.6842105263157895	0.13533834586466165	0.15789473684210525	0.022556390977443608	0.0	0.0	0.0	7.963477281688241	11.96913031955922	19.651000000000003	17.052	16.194	5.565611486586605	4.204504678634741	3.8422753159656007	0.01904761904761905	0.08571428571428572	0.1619047619047619	0.1619047619047619	0.22857142857142856	0.29523809523809524	0.047619047619047616	0.0	0.0	0.26666666666666666	3.7333333333333334	1.1234866364235145
RCSB-5D3L-57F-KD:S2	RCSB-5D3L-57F-KD	S2	construct-003-fbf3f5c695a3	fbf3f5c695a3b8c47960f7f87595ade0ba42d8f497f2c0c835fe377069f49978	O60885	5D3L	57F	CGYOKHBJOYVFIV-UHFFFAOYSA-N	CCc1c(C(=O)Nc2cc(S(=O)(=O)N(CC)CC)c(C)cc2O)[nH]c(C)c1C(C)=O	6.055517327849831	AF-O60885-F1	326addfc05f8e0327dd7db8252a087e675c6b4c2757e893bf0516187e82c18b0	1	A	4E96	0NS	81;82;83;87;92;94;97;132;135;136;139;140;145;146;149	81;82;83;87;92;94;97;132;135;136;139;140;145;146;149		alphafold_db_predicted_fixed_per_construct	False	True	False	15.0	133.0	1.0	0.0	0.0	0.06666666666666667	0.06666666666666667	0.0	0.06666666666666667	0.0	0.0	0.06666666666666667	0.0	0.13333333333333333	0.13333333333333333	0.13333333333333333	0.06666666666666667	0.0	0.0	0.0	0.0	0.06666666666666667	0.06666666666666667	0.13333333333333333	0.0	0.6842105263157895	0.13533834586466165	0.15789473684210525	0.022556390977443608	0.0	0.0	0.0	7.963477281688241	11.96913031955922	19.651000000000003	17.052	16.194	5.565611486586605	4.204504678634741	3.8422753159656007	0.01904761904761905	0.08571428571428572	0.1619047619047619	0.1619047619047619	0.22857142857142856	0.29523809523809524	0.047619047619047616	0.0	0.0	0.26666666666666666	3.7333333333333334	1.1234866364235145
RCSB-6Q3Z-HG8-KD:S2	RCSB-6Q3Z-HG8-KD	S2	construct-003-fbf3f5c695a3	fbf3f5c695a3b8c47960f7f87595ade0ba42d8f497f2c0c835fe377069f49978	O60885	6Q3Z	HG8	RKWOVOVDWBRGQO-XMMPIXPASA-N	CCOc1cc(C2CCN(C)CC2)ccc1Nc1ncc2c(n1)N(Cc1cc(C)cs1)[C@H](CC)C(=O)N2C	7.356547323513812	AF-O60885-F1	326addfc05f8e0327dd7db8252a087e675c6b4c2757e893bf0516187e82c18b0	1	A	4E96	0NS	81;82;83;87;92;94;97;132;135;136;139;140;145;146;149	81;82;83;87;92;94;97;132;135;136;139;140;145;146;149		alphafold_db_predicted_fixed_per_construct	False	True	False	15.0	133.0	1.0	0.0	0.0	0.06666666666666667	0.06666666666666667	0.0	0.06666666666666667	0.0	0.0	0.06666666666666667	0.0	0.13333333333333333	0.13333333333333333	0.13333333333333333	0.06666666666666667	0.0	0.0	0.0	0.0	0.06666666666666667	0.06666666666666667	0.13333333333333333	0.0	0.6842105263157895	0.13533834586466165	0.15789473684210525	0.022556390977443608	0.0	0.0	0.0	7.963477281688241	11.96913031955922	19.651000000000003	17.052	16.194	5.565611486586605	4.204504678634741	3.8422753159656007	0.01904761904761905	0.08571428571428572	0.1619047619047619	0.1619047619047619	0.22857142857142856	0.29523809523809524	0.047619047619047616	0.0	0.0	0.26666666666666666	3.7333333333333334	1.1234866364235145
RCSB-5EIS-5OU-KD:S2	RCSB-5EIS-5OU-KD	S2	construct-003-fbf3f5c695a3	fbf3f5c695a3b8c47960f7f87595ade0ba42d8f497f2c0c835fe377069f49978	O60885	5EIS	5OU	ZUHFEYWVQFKDLX-UHFFFAOYSA-N	CCn1cnc2c1c(=O)[nH]c(=O)n2Cc1ccc(Cl)cc1	5.7447274948966935	AF-O60885-F1	326addfc05f8e0327dd7db8252a087e675c6b4c2757e893bf0516187e82c18b0	1	A	4E96	0NS	81;82;83;87;92;94;97;132;135;136;139;140;145;146;149	81;82;83;87;92;94;97;132;135;136;139;140;145;146;149		alphafold_db_predicted_fixed_per_construct	False	True	False	15.0	133.0	1.0	0.0	0.0	0.06666666666666667	0.06666666666666667	0.0	0.06666666666666667	0.0	0.0	0.06666666666666667	0.0	0.13333333333333333	0.13333333333333333	0.13333333333333333	0.06666666666666667	0.0	0.0	0.0	0.0	0.06666666666666667	0.06666666666666667	0.13333333333333333	0.0	0.6842105263157895	0.13533834586466165	0.15789473684210525	0.022556390977443608	0.0	0.0	0.0	7.963477281688241	11.96913031955922	19.651000000000003	17.052	16.194	5.565611486586605	4.204504678634741	3.8422753159656007	0.01904761904761905	0.08571428571428572	0.1619047619047619	0.1619047619047619	0.22857142857142856	0.29523809523809524	0.047619047619047616	0.0	0.0	0.26666666666666666	3.7333333333333334	1.1234866364235145
RCSB-5D3T-56Y-KD:S2	RCSB-5D3T-56Y-KD	S2	construct-003-fbf3f5c695a3	fbf3f5c695a3b8c47960f7f87595ade0ba42d8f497f2c0c835fe377069f49978	O60885	5D3T	56Y	FETDKYPMSNKFSJ-UHFFFAOYSA-N	CCc1c(C(=O)N(C)Cc2cccc(C(N)=O)c2)[nH]c(C)c1C(C)=O	4.920818753952375	AF-O60885-F1	326addfc05f8e0327dd7db8252a087e675c6b4c2757e893bf0516187e82c18b0	1	A	4E96	0NS	81;82;83;87;92;94;97;132;135;136;139;140;145;146;149	81;82;83;87;92;94;97;132;135;136;139;140;145;146;149		alphafold_db_predicted_fixed_per_construct	False	True	False	15.0	133.0	1.0	0.0	0.0	0.06666666666666667	0.06666666666666667	0.0	0.06666666666666667	0.0	0.0	0.06666666666666667	0.0	0.13333333333333333	0.13333333333333333	0.13333333333333333	0.06666666666666667	0.0	0.0	0.0	0.0	0.06666666666666667	0.06666666666666667	0.13333333333333333	0.0	0.6842105263157895	0.13533834586466165	0.15789473684210525	0.022556390977443608	0.0	0.0	0.0	7.963477281688241	11.96913031955922	19.651000000000003	17.052	16.194	5.565611486586605	4.204504678634741	3.8422753159656007	0.01904761904761905	0.08571428571428572	0.1619047619047619	0.1619047619047619	0.22857142857142856	0.29523809523809524	0.047619047619047616	0.0	0.0	0.26666666666666666	3.7333333333333334	1.1234866364235145
RCSB-6Q3Y-HG5-KD:S2	RCSB-6Q3Y-HG5-KD	S2	construct-003-fbf3f5c695a3	fbf3f5c695a3b8c47960f7f87595ade0ba42d8f497f2c0c835fe377069f49978	O60885	6Q3Y	HG5	TWABWUVZWXSPTC-RUZDIDTESA-N	CCOc1cc(C2CCN(C)CC2)ccc1Nc1ncc2c(n1)N(Cc1ccccc1)[C@H](CC)C(=O)N2C	7.267606240177031	AF-O60885-F1	326addfc05f8e0327dd7db8252a087e675c6b4c2757e893bf0516187e82c18b0	1	A	4E96	0NS	81;82;83;87;92;94;97;132;135;136;139;140;145;146;149	81;82;83;87;92;94;97;132;135;136;139;140;145;146;149		alphafold_db_predicted_fixed_per_construct	False	True	False	15.0	133.0	1.0	0.0	0.0	0.06666666666666667	0.06666666666666667	0.0	0.06666666666666667	0.0	0.0	0.06666666666666667	0.0	0.13333333333333333	0.13333333333333333	0.13333333333333333	0.06666666666666667	0.0	0.0	0.0	0.0	0.06666666666666667	0.06666666666666667	0.13333333333333333	0.0	0.6842105263157895	0.13533834586466165	0.15789473684210525	0.022556390977443608	0.0	0.0	0.0	7.963477281688241	11.96913031955922	19.651000000000003	17.052	16.194	5.565611486586605	4.204504678634741	3.8422753159656007	0.01904761904761905	0.08571428571428572	0.1619047619047619	0.1619047619047619	0.22857142857142856	0.29523809523809524	0.047619047619047616	0.0	0.0	0.26666666666666666	3.7333333333333334	1.1234866364235145
RCSB-5O1E-9GT-KD:S2	RCSB-5O1E-9GT-KD	S2	construct-004-a02c0b37ee39	a02c0b37ee390691de476a5e290067f62640b1460c5b903bbcfaef2b46f1a3bb	P04637	5O1E	9GT	AITKRWKTZZLHEV-UHFFFAOYSA-N	C=CCOc1cc(C(=O)O)c(O)c(I)c1-n1cccc1	4.481486060122113	AF-P04637-F1	4332bff49301d04434b6e3b43c439aa5bd8238760e88c7142f7d0c0851a68e5d	1	A	2VUK	P83	109;145;146;147;148;149;150;151;157;220;221;222;223;227;228;229;230;257	109;145;146;147;148;149;150;151;157;220;221;222;223;227;228;229;230;257		alphafold_db_predicted_fixed_per_construct	False	True	False	18.0	145.0	1.0	0.0	0.0	0.05555555555555555	0.1111111111111111	0.05555555555555555	0.05555555555555555	0.0	0.0	0.0	0.0	0.1111111111111111	0.0	0.0	0.16666666666666666	0.0	0.0	0.1111111111111111	0.1111111111111111	0.1111111111111111	0.05555555555555555	0.05555555555555555	0.0	0.6620689655172414	0.1310344827586207	0.2	0.006896551724137931	0.0	0.0	0.0	7.373805094588854	11.631704447674469	19.444	17.014000000000003	15.36	4.82047832476659	4.247434790653921	3.61874121658108	0.013071895424836602	0.1437908496732026	0.1437908496732026	0.19607843137254902	0.2222222222222222	0.24183006535947713	0.0392156862745098	0.0	0.0	0.3006535947712418	5.111111111111111	1.9688939051854832
RCSB-5O1G-9GK-KD:S2	RCSB-5O1G-9GK-KD	S2	construct-004-a02c0b37ee39	a02c0b37ee390691de476a5e290067f62640b1460c5b903bbcfaef2b46f1a3bb	P04637	5O1G	9GK	SLRGCKWWQXFSSN-UHFFFAOYSA-N	O=C(O)c1cc(OCCc2ccccc2)c(-n2cccc2)c(I)c1O	3.935542010773082	AF-P04637-F1	4332bff49301d04434b6e3b43c439aa5bd8238760e88c7142f7d0c0851a68e5d	1	A	2VUK	P83	109;145;146;147;148;149;150;151;157;220;221;222;223;227;228;229;230;257	109;145;146;147;148;149;150;151;157;220;221;222;223;227;228;229;230;257		alphafold_db_predicted_fixed_per_construct	False	True	False	18.0	145.0	1.0	0.0	0.0	0.05555555555555555	0.1111111111111111	0.05555555555555555	0.05555555555555555	0.0	0.0	0.0	0.0	0.1111111111111111	0.0	0.0	0.16666666666666666	0.0	0.0	0.1111111111111111	0.1111111111111111	0.1111111111111111	0.05555555555555555	0.05555555555555555	0.0	0.6620689655172414	0.1310344827586207	0.2	0.006896551724137931	0.0	0.0	0.0	7.373805094588854	11.631704447674469	19.444	17.014000000000003	15.36	4.82047832476659	4.247434790653921	3.61874121658108	0.013071895424836602	0.1437908496732026	0.1437908496732026	0.19607843137254902	0.2222222222222222	0.24183006535947713	0.0392156862745098	0.0	0.0	0.3006535947712418	5.111111111111111	1.9688939051854832
RCSB-4AGQ-P96-KD:S2	RCSB-4AGQ-P96-KD	S2	construct-004-a02c0b37ee39	a02c0b37ee390691de476a5e290067f62640b1460c5b903bbcfaef2b46f1a3bb	P04637	4AGQ	P96	IZUZDXSTWPMHFT-UHFFFAOYSA-N	CCN(CC)C1CCN(Cc2cc(C#CCNc3ccccc3)cc(I)c2O)CC1	5.0	AF-P04637-F1	4332bff49301d04434b6e3b43c439aa5bd8238760e88c7142f7d0c0851a68e5d	1	A	2VUK	P83	109;145;146;147;148;149;150;151;157;220;221;222;223;227;228;229;230;257	109;145;146;147;148;149;150;151;157;220;221;222;223;227;228;229;230;257		alphafold_db_predicted_fixed_per_construct	False	True	False	18.0	145.0	1.0	0.0	0.0	0.05555555555555555	0.1111111111111111	0.05555555555555555	0.05555555555555555	0.0	0.0	0.0	0.0	0.1111111111111111	0.0	0.0	0.16666666666666666	0.0	0.0	0.1111111111111111	0.1111111111111111	0.1111111111111111	0.05555555555555555	0.05555555555555555	0.0	0.6620689655172414	0.1310344827586207	0.2	0.006896551724137931	0.0	0.0	0.0	7.373805094588854	11.631704447674469	19.444	17.014000000000003	15.36	4.82047832476659	4.247434790653921	3.61874121658108	0.013071895424836602	0.1437908496732026	0.1437908496732026	0.19607843137254902	0.2222222222222222	0.24183006535947713	0.0392156862745098	0.0	0.0	0.3006535947712418	5.111111111111111	1.9688939051854832
RCSB-5AOJ-Y0V-KD:S2	RCSB-5AOJ-Y0V-KD	S2	construct-004-a02c0b37ee39	a02c0b37ee390691de476a5e290067f62640b1460c5b903bbcfaef2b46f1a3bb	P04637	5AOJ	Y0V	YWYHXCFRZDCHOC-UHFFFAOYSA-N	O=C(O)c1cc(I)c(-n2cccc2)c(I)c1O	4.6777807052660805	AF-P04637-F1	4332bff49301d04434b6e3b43c439aa5bd8238760e88c7142f7d0c0851a68e5d	1	A	2VUK	P83	109;145;146;147;148;149;150;151;157;220;221;222;223;227;228;229;230;257	109;145;146;147;148;149;150;151;157;220;221;222;223;227;228;229;230;257		alphafold_db_predicted_fixed_per_construct	False	True	False	18.0	145.0	1.0	0.0	0.0	0.05555555555555555	0.1111111111111111	0.05555555555555555	0.05555555555555555	0.0	0.0	0.0	0.0	0.1111111111111111	0.0	0.0	0.16666666666666666	0.0	0.0	0.1111111111111111	0.1111111111111111	0.1111111111111111	0.05555555555555555	0.05555555555555555	0.0	0.6620689655172414	0.1310344827586207	0.2	0.006896551724137931	0.0	0.0	0.0	7.373805094588854	11.631704447674469	19.444	17.014000000000003	15.36	4.82047832476659	4.247434790653921	3.61874121658108	0.013071895424836602	0.1437908496732026	0.1437908496732026	0.19607843137254902	0.2222222222222222	0.24183006535947713	0.0392156862745098	0.0	0.0	0.3006535947712418	5.111111111111111	1.9688939051854832
RCSB-5O1D-9GW-KD:S2	RCSB-5O1D-9GW-KD	S2	construct-004-a02c0b37ee39	a02c0b37ee390691de476a5e290067f62640b1460c5b903bbcfaef2b46f1a3bb	P04637	5O1D	9GW	HDCGZTAEMHVMPH-UHFFFAOYSA-N	CCCOc1cc(C(=O)O)c(O)c(I)c1-n1cccc1	4.657577319177793	AF-P04637-F1	4332bff49301d04434b6e3b43c439aa5bd8238760e88c7142f7d0c0851a68e5d	1	A	2VUK	P83	109;145;146;147;148;149;150;151;157;220;221;222;223;227;228;229;230;257	109;145;146;147;148;149;150;151;157;220;221;222;223;227;228;229;230;257		alphafold_db_predicted_fixed_per_construct	False	True	False	18.0	145.0	1.0	0.0	0.0	0.05555555555555555	0.1111111111111111	0.05555555555555555	0.05555555555555555	0.0	0.0	0.0	0.0	0.1111111111111111	0.0	0.0	0.16666666666666666	0.0	0.0	0.1111111111111111	0.1111111111111111	0.1111111111111111	0.05555555555555555	0.05555555555555555	0.0	0.6620689655172414	0.1310344827586207	0.2	0.006896551724137931	0.0	0.0	0.0	7.373805094588854	11.631704447674469	19.444	17.014000000000003	15.36	4.82047832476659	4.247434790653921	3.61874121658108	0.013071895424836602	0.1437908496732026	0.1437908496732026	0.19607843137254902	0.2222222222222222	0.24183006535947713	0.0392156862745098	0.0	0.0	0.3006535947712418	5.111111111111111	1.9688939051854832
RCSB-5O1C-9GZ-KD:S2	RCSB-5O1C-9GZ-KD	S2	construct-004-a02c0b37ee39	a02c0b37ee390691de476a5e290067f62640b1460c5b903bbcfaef2b46f1a3bb	P04637	5O1C	9GZ	PZAQSVDHGPHHRK-UHFFFAOYSA-N	O=C(O)c1cc(-c2ccc(F)cc2)c(-n2cccc2)c(I)c1O	3.94692155651658	AF-P04637-F1	4332bff49301d04434b6e3b43c439aa5bd8238760e88c7142f7d0c0851a68e5d	1	A	2VUK	P83	109;145;146;147;148;149;150;151;157;220;221;222;223;227;228;229;230;257	109;145;146;147;148;149;150;151;157;220;221;222;223;227;228;229;230;257		alphafold_db_predicted_fixed_per_construct	False	True	False	18.0	145.0	1.0	0.0	0.0	0.05555555555555555	0.1111111111111111	0.05555555555555555	0.05555555555555555	0.0	0.0	0.0	0.0	0.1111111111111111	0.0	0.0	0.16666666666666666	0.0	0.0	0.1111111111111111	0.1111111111111111	0.1111111111111111	0.05555555555555555	0.05555555555555555	0.0	0.6620689655172414	0.1310344827586207	0.2	0.006896551724137931	0.0	0.0	0.0	7.373805094588854	11.631704447674469	19.444	17.014000000000003	15.36	4.82047832476659	4.247434790653921	3.61874121658108	0.013071895424836602	0.1437908496732026	0.1437908496732026	0.19607843137254902	0.2222222222222222	0.24183006535947713	0.0392156862745098	0.0	0.0	0.3006535947712418	5.111111111111111	1.9688939051854832
RCSB-5O1I-9GH-KD:S2	RCSB-5O1I-9GH-KD	S2	construct-004-a02c0b37ee39	a02c0b37ee390691de476a5e290067f62640b1460c5b903bbcfaef2b46f1a3bb	P04637	5O1I	9GH	SEBJATZOIHUGAU-UHFFFAOYSA-N	CCN(CC)c1nc2c(C(=O)O)c(O)c(I)c(-n3cccc3)c2s1	5.3979400086720375	AF-P04637-F1	4332bff49301d04434b6e3b43c439aa5bd8238760e88c7142f7d0c0851a68e5d	1	A	2VUK	P83	109;145;146;147;148;149;150;151;157;220;221;222;223;227;228;229;230;257	109;145;146;147;148;149;150;151;157;220;221;222;223;227;228;229;230;257		alphafold_db_predicted_fixed_per_construct	False	True	False	18.0	145.0	1.0	0.0	0.0	0.05555555555555555	0.1111111111111111	0.05555555555555555	0.05555555555555555	0.0	0.0	0.0	0.0	0.1111111111111111	0.0	0.0	0.16666666666666666	0.0	0.0	0.1111111111111111	0.1111111111111111	0.1111111111111111	0.05555555555555555	0.05555555555555555	0.0	0.6620689655172414	0.1310344827586207	0.2	0.006896551724137931	0.0	0.0	0.0	7.373805094588854	11.631704447674469	19.444	17.014000000000003	15.36	4.82047832476659	4.247434790653921	3.61874121658108	0.013071895424836602	0.1437908496732026	0.1437908496732026	0.19607843137254902	0.2222222222222222	0.24183006535947713	0.0392156862745098	0.0	0.0	0.3006535947712418	5.111111111111111	1.9688939051854832
RCSB-5O1H-9GN-KD:S2	RCSB-5O1H-9GN-KD	S2	construct-004-a02c0b37ee39	a02c0b37ee390691de476a5e290067f62640b1460c5b903bbcfaef2b46f1a3bb	P04637	5O1H	9GN	IUCGBTPKFYQLQH-UHFFFAOYSA-N	CCCSc1cc(C(=O)O)c(O)c(I)c1-n1cccc1	4.853871964321762	AF-P04637-F1	4332bff49301d04434b6e3b43c439aa5bd8238760e88c7142f7d0c0851a68e5d	1	A	2VUK	P83	109;145;146;147;148;149;150;151;157;220;221;222;223;227;228;229;230;257	109;145;146;147;148;149;150;151;157;220;221;222;223;227;228;229;230;257		alphafold_db_predicted_fixed_per_construct	False	True	False	18.0	145.0	1.0	0.0	0.0	0.05555555555555555	0.1111111111111111	0.05555555555555555	0.05555555555555555	0.0	0.0	0.0	0.0	0.1111111111111111	0.0	0.0	0.16666666666666666	0.0	0.0	0.1111111111111111	0.1111111111111111	0.1111111111111111	0.05555555555555555	0.05555555555555555	0.0	0.6620689655172414	0.1310344827586207	0.2	0.006896551724137931	0.0	0.0	0.0	7.373805094588854	11.631704447674469	19.444	17.014000000000003	15.36	4.82047832476659	4.247434790653921	3.61874121658108	0.013071895424836602	0.1437908496732026	0.1437908496732026	0.19607843137254902	0.2222222222222222	0.24183006535947713	0.0392156862745098	0.0	0.0	0.3006535947712418	5.111111111111111	1.9688939051854832
RCSB-5O1B-9H2-KD:S2	RCSB-5O1B-9H2-KD	S2	construct-004-a02c0b37ee39	a02c0b37ee390691de476a5e290067f62640b1460c5b903bbcfaef2b46f1a3bb	P04637	5O1B	9H2	AGXLMIQMLKHIFZ-UHFFFAOYSA-N	OCc1cc(I)c(-n2cccc2)c(I)c1O	4.698970004336019	AF-P04637-F1	4332bff49301d04434b6e3b43c439aa5bd8238760e88c7142f7d0c0851a68e5d	1	A	2VUK	P83	109;145;146;147;148;149;150;151;157;220;221;222;223;227;228;229;230;257	109;145;146;147;148;149;150;151;157;220;221;222;223;227;228;229;230;257		alphafold_db_predicted_fixed_per_construct	False	True	False	18.0	145.0	1.0	0.0	0.0	0.05555555555555555	0.1111111111111111	0.05555555555555555	0.05555555555555555	0.0	0.0	0.0	0.0	0.1111111111111111	0.0	0.0	0.16666666666666666	0.0	0.0	0.1111111111111111	0.1111111111111111	0.1111111111111111	0.05555555555555555	0.05555555555555555	0.0	0.6620689655172414	0.1310344827586207	0.2	0.006896551724137931	0.0	0.0	0.0	7.373805094588854	11.631704447674469	19.444	17.014000000000003	15.36	4.82047832476659	4.247434790653921	3.61874121658108	0.013071895424836602	0.1437908496732026	0.1437908496732026	0.19607843137254902	0.2222222222222222	0.24183006535947713	0.0392156862745098	0.0	0.0	0.3006535947712418	5.111111111111111	1.9688939051854832
RCSB-6RQB-Q47-KD:S2	RCSB-6RQB-Q47-KD	S2	construct-005-6f4aa0a92e90	6f4aa0a92e902b75f71eaad4d939a99889607aea7addb58c35e3b830ffbfe3b3	P9WPP7	6RQB	Q47	UHZMUUVMCUUKRQ-GJZGRUSLSA-N	O=C1N[C@@H](Cc2ccc(O)c(Br)c2)C(=O)N[C@H]1Cc1ccc(O)cc1	6.337242168318426	AF-P9WPP7-F1	a6871bcf3eda67652c145645c1d73f913bff3e49a760cbf5c276b354334a680a	1	A	2IJ7	TPF	62;77;78;82;83;84;85;86;87;167;168;169;229;230;232;233;236;237;280;284;343;385;386	62;77;78;82;83;84;85;86;87;167;168;169;229;230;232;233;236;237;280;284;343;385;386		alphafold_db_predicted_fixed_per_construct	False	True	False	23.0	178.0	1.0	0.0	0.08695652173913043	0.0	0.0	0.0	0.13043478260869565	0.08695652173913043	0.043478260869565216	0.043478260869565216	0.0	0.043478260869565216	0.13043478260869565	0.08695652173913043	0.0	0.043478260869565216	0.043478260869565216	0.043478260869565216	0.08695652173913043	0.13043478260869565	0.0	0.0	0.0	0.6460674157303371	0.17415730337078653	0.16292134831460675	0.016853932584269662	0.0	0.0	0.0	9.485348727076179	15.78903372554598	22.938	21.581	19.601	7.013779028284083	4.719454601861536	4.301801073691815	0.007905138339920948	0.09486166007905138	0.09881422924901186	0.11067193675889328	0.14624505928853754	0.2885375494071146	0.2134387351778656	0.039525691699604744	0.0	0.2015810276679842	4.434782608695652	1.498581559966442
RCSB-6RQ6-R2H-KD:S2	RCSB-6RQ6-R2H-KD	S2	construct-005-6f4aa0a92e90	6f4aa0a92e902b75f71eaad4d939a99889607aea7addb58c35e3b830ffbfe3b3	P9WPP7	6RQ6	R2H	BWLHGYWAFIMGJI-GJZGRUSLSA-N	O=C1N[C@@H](Cc2ccc(O)c(F)c2)C(=O)N[C@H]1Cc1ccc(O)cc1	4.892790030352131	AF-P9WPP7-F1	a6871bcf3eda67652c145645c1d73f913bff3e49a760cbf5c276b354334a680a	1	A	2IJ7	TPF	62;77;78;82;83;84;85;86;87;167;168;169;229;230;232;233;236;237;280;284;343;385;386	62;77;78;82;83;84;85;86;87;167;168;169;229;230;232;233;236;237;280;284;343;385;386		alphafold_db_predicted_fixed_per_construct	False	True	False	23.0	178.0	1.0	0.0	0.08695652173913043	0.0	0.0	0.0	0.13043478260869565	0.08695652173913043	0.043478260869565216	0.043478260869565216	0.0	0.043478260869565216	0.13043478260869565	0.08695652173913043	0.0	0.043478260869565216	0.043478260869565216	0.043478260869565216	0.08695652173913043	0.13043478260869565	0.0	0.0	0.0	0.6460674157303371	0.17415730337078653	0.16292134831460675	0.016853932584269662	0.0	0.0	0.0	9.485348727076179	15.78903372554598	22.938	21.581	19.601	7.013779028284083	4.719454601861536	4.301801073691815	0.007905138339920948	0.09486166007905138	0.09881422924901186	0.11067193675889328	0.14624505928853754	0.2885375494071146	0.2134387351778656	0.039525691699604744	0.0	0.2015810276679842	4.434782608695652	1.498581559966442
RCSB-6RQ0-KE2-KD:S2	RCSB-6RQ0-KE2-KD	S2	construct-005-6f4aa0a92e90	6f4aa0a92e902b75f71eaad4d939a99889607aea7addb58c35e3b830ffbfe3b3	P9WPP7	6RQ0	KE2	YBIHVNADQSTKMY-HOTGVXAUSA-N	Cc1cc(C[C@@H]2NC(=O)[C@H](Cc3ccc(O)cc3)NC2=O)ccc1O	5.958607314841775	AF-P9WPP7-F1	a6871bcf3eda67652c145645c1d73f913bff3e49a760cbf5c276b354334a680a	1	A	2IJ7	TPF	62;77;78;82;83;84;85;86;87;167;168;169;229;230;232;233;236;237;280;284;343;385;386	62;77;78;82;83;84;85;86;87;167;168;169;229;230;232;233;236;237;280;284;343;385;386		alphafold_db_predicted_fixed_per_construct	False	True	False	23.0	178.0	1.0	0.0	0.08695652173913043	0.0	0.0	0.0	0.13043478260869565	0.08695652173913043	0.043478260869565216	0.043478260869565216	0.0	0.043478260869565216	0.13043478260869565	0.08695652173913043	0.0	0.043478260869565216	0.043478260869565216	0.043478260869565216	0.08695652173913043	0.13043478260869565	0.0	0.0	0.0	0.6460674157303371	0.17415730337078653	0.16292134831460675	0.016853932584269662	0.0	0.0	0.0	9.485348727076179	15.78903372554598	22.938	21.581	19.601	7.013779028284083	4.719454601861536	4.301801073691815	0.007905138339920948	0.09486166007905138	0.09881422924901186	0.11067193675889328	0.14624505928853754	0.2885375494071146	0.2134387351778656	0.039525691699604744	0.0	0.2015810276679842	4.434782608695652	1.498581559966442
RCSB-6RQ9-KEQ-KD:S2	RCSB-6RQ9-KEQ-KD	S2	construct-005-6f4aa0a92e90	6f4aa0a92e902b75f71eaad4d939a99889607aea7addb58c35e3b830ffbfe3b3	P9WPP7	6RQ9	KEQ	SXIBGFQFSYRUSU-IRXDYDNUSA-N	COc1ccc(C[C@@H]2NC(=O)[C@H](Cc3ccc(O)cc3)NC2=O)cc1	4.982966660701219	AF-P9WPP7-F1	a6871bcf3eda67652c145645c1d73f913bff3e49a760cbf5c276b354334a680a	1	A	2IJ7	TPF	62;77;78;82;83;84;85;86;87;167;168;169;229;230;232;233;236;237;280;284;343;385;386	62;77;78;82;83;84;85;86;87;167;168;169;229;230;232;233;236;237;280;284;343;385;386		alphafold_db_predicted_fixed_per_construct	False	True	False	23.0	178.0	1.0	0.0	0.08695652173913043	0.0	0.0	0.0	0.13043478260869565	0.08695652173913043	0.043478260869565216	0.043478260869565216	0.0	0.043478260869565216	0.13043478260869565	0.08695652173913043	0.0	0.043478260869565216	0.043478260869565216	0.043478260869565216	0.08695652173913043	0.13043478260869565	0.0	0.0	0.0	0.6460674157303371	0.17415730337078653	0.16292134831460675	0.016853932584269662	0.0	0.0	0.0	9.485348727076179	15.78903372554598	22.938	21.581	19.601	7.013779028284083	4.719454601861536	4.301801073691815	0.007905138339920948	0.09486166007905138	0.09881422924901186	0.11067193675889328	0.14624505928853754	0.2885375494071146	0.2134387351778656	0.039525691699604744	0.0	0.2015810276679842	4.434782608695652	1.498581559966442
RCSB-6RQD-KEW-KD:S2	RCSB-6RQD-KEW-KD	S2	construct-005-6f4aa0a92e90	6f4aa0a92e902b75f71eaad4d939a99889607aea7addb58c35e3b830ffbfe3b3	P9WPP7	6RQD	KEW	DPXFBAHRLYLKSZ-GJZGRUSLSA-N	O=C1N[C@@H](Cc2ccc(O)c(Cl)c2)C(=O)N[C@H]1Cc1ccc(O)cc1	5.823908740944319	AF-P9WPP7-F1	a6871bcf3eda67652c145645c1d73f913bff3e49a760cbf5c276b354334a680a	1	A	2IJ7	TPF	62;77;78;82;83;84;85;86;87;167;168;169;229;230;232;233;236;237;280;284;343;385;386	62;77;78;82;83;84;85;86;87;167;168;169;229;230;232;233;236;237;280;284;343;385;386		alphafold_db_predicted_fixed_per_construct	False	True	False	23.0	178.0	1.0	0.0	0.08695652173913043	0.0	0.0	0.0	0.13043478260869565	0.08695652173913043	0.043478260869565216	0.043478260869565216	0.0	0.043478260869565216	0.13043478260869565	0.08695652173913043	0.0	0.043478260869565216	0.043478260869565216	0.043478260869565216	0.08695652173913043	0.13043478260869565	0.0	0.0	0.0	0.6460674157303371	0.17415730337078653	0.16292134831460675	0.016853932584269662	0.0	0.0	0.0	9.485348727076179	15.78903372554598	22.938	21.581	19.601	7.013779028284083	4.719454601861536	4.301801073691815	0.007905138339920948	0.09486166007905138	0.09881422924901186	0.11067193675889328	0.14624505928853754	0.2885375494071146	0.2134387351778656	0.039525691699604744	0.0	0.2015810276679842	4.434782608695652	1.498581559966442
RCSB-6RQ1-KE5-KD:S2	RCSB-6RQ1-KE5-KD	S2	construct-005-6f4aa0a92e90	6f4aa0a92e902b75f71eaad4d939a99889607aea7addb58c35e3b830ffbfe3b3	P9WPP7	6RQ1	KE5	OLLRPTQZHVLIEA-IRXDYDNUSA-N	Cc1cc(O)ccc1C[C@@H]1NC(=O)[C@H](Cc2ccc(O)cc2)NC1=O	4.400116927926312	AF-P9WPP7-F1	a6871bcf3eda67652c145645c1d73f913bff3e49a760cbf5c276b354334a680a	1	A	2IJ7	TPF	62;77;78;82;83;84;85;86;87;167;168;169;229;230;232;233;236;237;280;284;343;385;386	62;77;78;82;83;84;85;86;87;167;168;169;229;230;232;233;236;237;280;284;343;385;386		alphafold_db_predicted_fixed_per_construct	False	True	False	23.0	178.0	1.0	0.0	0.08695652173913043	0.0	0.0	0.0	0.13043478260869565	0.08695652173913043	0.043478260869565216	0.043478260869565216	0.0	0.043478260869565216	0.13043478260869565	0.08695652173913043	0.0	0.043478260869565216	0.043478260869565216	0.043478260869565216	0.08695652173913043	0.13043478260869565	0.0	0.0	0.0	0.6460674157303371	0.17415730337078653	0.16292134831460675	0.016853932584269662	0.0	0.0	0.0	9.485348727076179	15.78903372554598	22.938	21.581	19.601	7.013779028284083	4.719454601861536	4.301801073691815	0.007905138339920948	0.09486166007905138	0.09881422924901186	0.11067193675889328	0.14624505928853754	0.2885375494071146	0.2134387351778656	0.039525691699604744	0.0	0.2015810276679842	4.434782608695652	1.498581559966442
RCSB-6RQ8-KEH-KD:S2	RCSB-6RQ8-KEH-KD	S2	construct-005-6f4aa0a92e90	6f4aa0a92e902b75f71eaad4d939a99889607aea7addb58c35e3b830ffbfe3b3	P9WPP7	6RQ8	KEH	NQIPTQNZLHTHOS-GJZGRUSLSA-N	O=C1N[C@@H](Cc2ccc(O)c(I)c2)C(=O)N[C@H]1Cc1ccc(O)cc1	6.552841968657781	AF-P9WPP7-F1	a6871bcf3eda67652c145645c1d73f913bff3e49a760cbf5c276b354334a680a	1	A	2IJ7	TPF	62;77;78;82;83;84;85;86;87;167;168;169;229;230;232;233;236;237;280;284;343;385;386	62;77;78;82;83;84;85;86;87;167;168;169;229;230;232;233;236;237;280;284;343;385;386		alphafold_db_predicted_fixed_per_construct	False	True	False	23.0	178.0	1.0	0.0	0.08695652173913043	0.0	0.0	0.0	0.13043478260869565	0.08695652173913043	0.043478260869565216	0.043478260869565216	0.0	0.043478260869565216	0.13043478260869565	0.08695652173913043	0.0	0.043478260869565216	0.043478260869565216	0.043478260869565216	0.08695652173913043	0.13043478260869565	0.0	0.0	0.0	0.6460674157303371	0.17415730337078653	0.16292134831460675	0.016853932584269662	0.0	0.0	0.0	9.485348727076179	15.78903372554598	22.938	21.581	19.601	7.013779028284083	4.719454601861536	4.301801073691815	0.007905138339920948	0.09486166007905138	0.09881422924901186	0.11067193675889328	0.14624505928853754	0.2885375494071146	0.2134387351778656	0.039525691699604744	0.0	0.2015810276679842	4.434782608695652	1.498581559966442
RCSB-6RQ5-KEB-KD:S2	RCSB-6RQ5-KEB-KD	S2	construct-005-6f4aa0a92e90	6f4aa0a92e902b75f71eaad4d939a99889607aea7addb58c35e3b830ffbfe3b3	P9WPP7	6RQ5	KEB	UCEYENNEMBTPOB-IRXDYDNUSA-N	Cc1cc(C[C@@H]2NC(=O)[C@H](Cc3ccc(O)cc3)NC2=O)cc(C)c1O	4.82102305270683	AF-P9WPP7-F1	a6871bcf3eda67652c145645c1d73f913bff3e49a760cbf5c276b354334a680a	1	A	2IJ7	TPF	62;77;78;82;83;84;85;86;87;167;168;169;229;230;232;233;236;237;280;284;343;385;386	62;77;78;82;83;84;85;86;87;167;168;169;229;230;232;233;236;237;280;284;343;385;386		alphafold_db_predicted_fixed_per_construct	False	True	False	23.0	178.0	1.0	0.0	0.08695652173913043	0.0	0.0	0.0	0.13043478260869565	0.08695652173913043	0.043478260869565216	0.043478260869565216	0.0	0.043478260869565216	0.13043478260869565	0.08695652173913043	0.0	0.043478260869565216	0.043478260869565216	0.043478260869565216	0.08695652173913043	0.13043478260869565	0.0	0.0	0.0	0.6460674157303371	0.17415730337078653	0.16292134831460675	0.016853932584269662	0.0	0.0	0.0	9.485348727076179	15.78903372554598	22.938	21.581	19.601	7.013779028284083	4.719454601861536	4.301801073691815	0.007905138339920948	0.09486166007905138	0.09881422924901186	0.11067193675889328	0.14624505928853754	0.2885375494071146	0.2134387351778656	0.039525691699604744	0.0	0.2015810276679842	4.434782608695652	1.498581559966442
RCSB-6UIK-Q8M-KD:S2	RCSB-6UIK-Q8M-KD	S2	construct-006-4c5802bc11cc	4c5802bc11cc5b7f44d46300892a69aab5ae957cde8e1acb6ac683003f05de91	P61964	6UIK	Q8M	RWBIWQQGKHMDCL-UHFFFAOYSA-N	O=S(=O)(Nc1cn(C2CCCC2)cn1)c1cc(Br)cc(Cl)c1O	6.3979400086720375	AF-P61964-F1	83164afd59e414cf5855eb525d82037e0c19211a2aec92580830cf275b284e72	1	A	6U5Y	Q0M	223;224;225;226;227;228;240;249;250;252;265;266;267;268;271;272;273;274;288;289;290	223;224;225;226;227;228;240;249;250;252;265;266;267;268;271;272;273;274;288;289;290		alphafold_db_predicted_fixed_per_construct	False	True	False	21.0	174.0	1.0	0.0	0.0	0.0	0.0	0.0	0.047619047619047616	0.09523809523809523	0.0	0.047619047619047616	0.14285714285714285	0.14285714285714285	0.0	0.09523809523809523	0.047619047619047616	0.047619047619047616	0.0	0.09523809523809523	0.047619047619047616	0.047619047619047616	0.047619047619047616	0.09523809523809523	0.0	0.6724137931034483	0.16091954022988506	0.16666666666666666	0.0	0.0	0.0	0.0	8.339551522554304	13.094520636787738	22.299	21.443	19.418	5.622428014385312	5.132953390063039	3.40429321825154	0.014285714285714285	0.11904761904761904	0.11428571428571428	0.1380952380952381	0.16666666666666666	0.3380952380952381	0.10476190476190476	0.004761904761904762	0.0	0.24761904761904763	4.9523809523809526	1.557659736552012
RCSB-6U8O-Q1G-KD:S2	RCSB-6U8O-Q1G-KD	S2	construct-006-4c5802bc11cc	4c5802bc11cc5b7f44d46300892a69aab5ae957cde8e1acb6ac683003f05de91	P61964	6U8O	Q1G	DMCFTKWJTBOJFX-UHFFFAOYSA-N	N#CC1(c2ccc(O)c(NS(=O)(=O)c3cc(Br)ccc3O)c2)CCC1	6.539102157243452	AF-P61964-F1	83164afd59e414cf5855eb525d82037e0c19211a2aec92580830cf275b284e72	1	A	6U5Y	Q0M	223;224;225;226;227;228;240;249;250;252;265;266;267;268;271;272;273;274;288;289;290	223;224;225;226;227;228;240;249;250;252;265;266;267;268;271;272;273;274;288;289;290		alphafold_db_predicted_fixed_per_construct	False	True	False	21.0	174.0	1.0	0.0	0.0	0.0	0.0	0.0	0.047619047619047616	0.09523809523809523	0.0	0.047619047619047616	0.14285714285714285	0.14285714285714285	0.0	0.09523809523809523	0.047619047619047616	0.047619047619047616	0.0	0.09523809523809523	0.047619047619047616	0.047619047619047616	0.047619047619047616	0.09523809523809523	0.0	0.6724137931034483	0.16091954022988506	0.16666666666666666	0.0	0.0	0.0	0.0	8.339551522554304	13.094520636787738	22.299	21.443	19.418	5.622428014385312	5.132953390063039	3.40429321825154	0.014285714285714285	0.11904761904761904	0.11428571428571428	0.1380952380952381	0.16666666666666666	0.3380952380952381	0.10476190476190476	0.004761904761904762	0.0	0.24761904761904763	4.9523809523809526	1.557659736552012
RCSB-6UIF-Q8P-KD:S2	RCSB-6UIF-Q8P-KD	S2	construct-006-4c5802bc11cc	4c5802bc11cc5b7f44d46300892a69aab5ae957cde8e1acb6ac683003f05de91	P61964	6UIF	Q8P	KXQTXSQWNIVQDX-UHFFFAOYSA-N	CNC(=O)c1nc(NS(=O)(=O)c2cc(Br)cc(Cl)c2O)cn1C1CCCC1	6.769551078621726	AF-P61964-F1	83164afd59e414cf5855eb525d82037e0c19211a2aec92580830cf275b284e72	1	A	6U5Y	Q0M	223;224;225;226;227;228;240;249;250;252;265;266;267;268;271;272;273;274;288;289;290	223;224;225;226;227;228;240;249;250;252;265;266;267;268;271;272;273;274;288;289;290		alphafold_db_predicted_fixed_per_construct	False	True	False	21.0	174.0	1.0	0.0	0.0	0.0	0.0	0.0	0.047619047619047616	0.09523809523809523	0.0	0.047619047619047616	0.14285714285714285	0.14285714285714285	0.0	0.09523809523809523	0.047619047619047616	0.047619047619047616	0.0	0.09523809523809523	0.047619047619047616	0.047619047619047616	0.047619047619047616	0.09523809523809523	0.0	0.6724137931034483	0.16091954022988506	0.16666666666666666	0.0	0.0	0.0	0.0	8.339551522554304	13.094520636787738	22.299	21.443	19.418	5.622428014385312	5.132953390063039	3.40429321825154	0.014285714285714285	0.11904761904761904	0.11428571428571428	0.1380952380952381	0.16666666666666666	0.3380952380952381	0.10476190476190476	0.004761904761904762	0.0	0.24761904761904763	4.9523809523809526	1.557659736552012
RCSB-6UJ4-Q8S-KD:S2	RCSB-6UJ4-Q8S-KD	S2	construct-006-4c5802bc11cc	4c5802bc11cc5b7f44d46300892a69aab5ae957cde8e1acb6ac683003f05de91	P61964	6UJ4	Q8S	WOKCPJTYIUMFPY-UHFFFAOYSA-N	Cc1nc(NS(=O)(=O)c2cc(Br)cc(Cl)c2O)cn1C1CCCC1	6.769551078621726	AF-P61964-F1	83164afd59e414cf5855eb525d82037e0c19211a2aec92580830cf275b284e72	1	A	6U5Y	Q0M	223;224;225;226;227;228;240;249;250;252;265;266;267;268;271;272;273;274;288;289;290	223;224;225;226;227;228;240;249;250;252;265;266;267;268;271;272;273;274;288;289;290		alphafold_db_predicted_fixed_per_construct	False	True	False	21.0	174.0	1.0	0.0	0.0	0.0	0.0	0.0	0.047619047619047616	0.09523809523809523	0.0	0.047619047619047616	0.14285714285714285	0.14285714285714285	0.0	0.09523809523809523	0.047619047619047616	0.047619047619047616	0.0	0.09523809523809523	0.047619047619047616	0.047619047619047616	0.047619047619047616	0.09523809523809523	0.0	0.6724137931034483	0.16091954022988506	0.16666666666666666	0.0	0.0	0.0	0.0	8.339551522554304	13.094520636787738	22.299	21.443	19.418	5.622428014385312	5.132953390063039	3.40429321825154	0.014285714285714285	0.11904761904761904	0.11428571428571428	0.1380952380952381	0.16666666666666666	0.3380952380952381	0.10476190476190476	0.004761904761904762	0.0	0.24761904761904763	4.9523809523809526	1.557659736552012
RCSB-6UOZ-QF1-KD:S2	RCSB-6UOZ-QF1-KD	S2	construct-006-4c5802bc11cc	4c5802bc11cc5b7f44d46300892a69aab5ae957cde8e1acb6ac683003f05de91	P61964	6UOZ	QF1	ZBIVDOJYQHNICX-UHFFFAOYSA-N	CS(=O)(=O)c1nc(NS(=O)(=O)c2cc(Br)cc(Cl)c2O)cn1C1CCCC1	7.0	AF-P61964-F1	83164afd59e414cf5855eb525d82037e0c19211a2aec92580830cf275b284e72	1	A	6U5Y	Q0M	223;224;225;226;227;228;240;249;250;252;265;266;267;268;271;272;273;274;288;289;290	223;224;225;226;227;228;240;249;250;252;265;266;267;268;271;272;273;274;288;289;290		alphafold_db_predicted_fixed_per_construct	False	True	False	21.0	174.0	1.0	0.0	0.0	0.0	0.0	0.0	0.047619047619047616	0.09523809523809523	0.0	0.047619047619047616	0.14285714285714285	0.14285714285714285	0.0	0.09523809523809523	0.047619047619047616	0.047619047619047616	0.0	0.09523809523809523	0.047619047619047616	0.047619047619047616	0.047619047619047616	0.09523809523809523	0.0	0.6724137931034483	0.16091954022988506	0.16666666666666666	0.0	0.0	0.0	0.0	8.339551522554304	13.094520636787738	22.299	21.443	19.418	5.622428014385312	5.132953390063039	3.40429321825154	0.014285714285714285	0.11904761904761904	0.11428571428571428	0.1380952380952381	0.16666666666666666	0.3380952380952381	0.10476190476190476	0.004761904761904762	0.0	0.24761904761904763	4.9523809523809526	1.557659736552012
RCSB-6U5M-Q0S-KD:S2	RCSB-6U5M-Q0S-KD	S2	construct-006-4c5802bc11cc	4c5802bc11cc5b7f44d46300892a69aab5ae957cde8e1acb6ac683003f05de91	P61964	6U5M	Q0S	GXKWWSXTDOWSFB-UHFFFAOYSA-N	CS(=O)(=O)c1cc(NS(=O)(=O)c2cc(Br)ccc2O)cc(S(F)(F)(F)(F)F)c1	6.291579099865287	AF-P61964-F1	83164afd59e414cf5855eb525d82037e0c19211a2aec92580830cf275b284e72	1	A	6U5Y	Q0M	223;224;225;226;227;228;240;249;250;252;265;266;267;268;271;272;273;274;288;289;290	223;224;225;226;227;228;240;249;250;252;265;266;267;268;271;272;273;274;288;289;290		alphafold_db_predicted_fixed_per_construct	False	True	False	21.0	174.0	1.0	0.0	0.0	0.0	0.0	0.0	0.047619047619047616	0.09523809523809523	0.0	0.047619047619047616	0.14285714285714285	0.14285714285714285	0.0	0.09523809523809523	0.047619047619047616	0.047619047619047616	0.0	0.09523809523809523	0.047619047619047616	0.047619047619047616	0.047619047619047616	0.09523809523809523	0.0	0.6724137931034483	0.16091954022988506	0.16666666666666666	0.0	0.0	0.0	0.0	8.339551522554304	13.094520636787738	22.299	21.443	19.418	5.622428014385312	5.132953390063039	3.40429321825154	0.014285714285714285	0.11904761904761904	0.11428571428571428	0.1380952380952381	0.16666666666666666	0.3380952380952381	0.10476190476190476	0.004761904761904762	0.0	0.24761904761904763	4.9523809523809526	1.557659736552012
RCSB-6U8L-Q1P-KD:S2	RCSB-6U8L-Q1P-KD	S2	construct-006-4c5802bc11cc	4c5802bc11cc5b7f44d46300892a69aab5ae957cde8e1acb6ac683003f05de91	P61964	6U8L	Q1P	LZQVQCAIOFNYFL-UHFFFAOYSA-N	O=C(O)c1c(O)c(NS(=O)(=O)c2cc(Br)ccc2O)cc(C2CC2)c1F	6.913640169325252	AF-P61964-F1	83164afd59e414cf5855eb525d82037e0c19211a2aec92580830cf275b284e72	1	A	6U5Y	Q0M	223;224;225;226;227;228;240;249;250;252;265;266;267;268;271;272;273;274;288;289;290	223;224;225;226;227;228;240;249;250;252;265;266;267;268;271;272;273;274;288;289;290		alphafold_db_predicted_fixed_per_construct	False	True	False	21.0	174.0	1.0	0.0	0.0	0.0	0.0	0.0	0.047619047619047616	0.09523809523809523	0.0	0.047619047619047616	0.14285714285714285	0.14285714285714285	0.0	0.09523809523809523	0.047619047619047616	0.047619047619047616	0.0	0.09523809523809523	0.047619047619047616	0.047619047619047616	0.047619047619047616	0.09523809523809523	0.0	0.6724137931034483	0.16091954022988506	0.16666666666666666	0.0	0.0	0.0	0.0	8.339551522554304	13.094520636787738	22.299	21.443	19.418	5.622428014385312	5.132953390063039	3.40429321825154	0.014285714285714285	0.11904761904761904	0.11428571428571428	0.1380952380952381	0.16666666666666666	0.3380952380952381	0.10476190476190476	0.004761904761904762	0.0	0.24761904761904763	4.9523809523809526	1.557659736552012
RCSB-5U4D-XLO-KD:S2	RCSB-5U4D-XLO-KD	S2	construct-007-c863deb44383	c863deb44383d7aaa833b975f4a87af77d63581d8e92f1f718f0d3300424a4c7	P02766	5U4D	XLO	FFFUYAAIQHIBGO-SNAWJCMRSA-N	O=C(O)c1cccc(/C=C/c2ccc(O)cc2Cl)c1	6.327902142064282	AF-P02766-F1	043613789f0ecec3340293ccfa5d299febcd59d4a1f64bdb04bc6053738c1e30	1	A	5U4B	XOS	33;35;37;74;126;128;129;130;137;138;139;141	33;35;37;74;126;128;129;130;137;138;139;141		alphafold_db_predicted_fixed_per_construct	False	True	False	12.0	86.0	1.0	0.0	0.16666666666666666	0.0	0.0	0.08333333333333333	0.0	0.0	0.0	0.0	0.08333333333333333	0.16666666666666666	0.08333333333333333	0.0	0.0	0.0	0.0	0.08333333333333333	0.25	0.08333333333333333	0.0	0.0	0.0	0.627906976744186	0.1511627906976744	0.20930232558139536	0.011627906976744186	0.0	0.0	0.0	6.9926966213614	10.370852785402198	18.409	16.322	11.836	5.162170810105033	4.231621586855816	2.0840291052081135	0.015151515151515152	0.22727272727272727	0.21212121212121213	0.13636363636363635	0.18181818181818182	0.21212121212121213	0.015151515151515152	0.0	0.0	0.45454545454545453	5.0	1.8257418583505538
RCSB-5U4F-IWW-KD:S2	RCSB-5U4F-IWW-KD	S2	construct-007-c863deb44383	c863deb44383d7aaa833b975f4a87af77d63581d8e92f1f718f0d3300424a4c7	P02766	5U4F	IWW	HTUPKLSVPPCVMY-OWOJBTEDSA-N	OB(O)c1ccc(/C=C/c2ccc(B(O)O)cc2Cl)c(Cl)c1	6.327902142064282	AF-P02766-F1	043613789f0ecec3340293ccfa5d299febcd59d4a1f64bdb04bc6053738c1e30	1	A	5U4B	XOS	33;35;37;74;126;128;129;130;137;138;139;141	33;35;37;74;126;128;129;130;137;138;139;141		alphafold_db_predicted_fixed_per_construct	False	True	False	12.0	86.0	1.0	0.0	0.16666666666666666	0.0	0.0	0.08333333333333333	0.0	0.0	0.0	0.0	0.08333333333333333	0.16666666666666666	0.08333333333333333	0.0	0.0	0.0	0.0	0.08333333333333333	0.25	0.08333333333333333	0.0	0.0	0.0	0.627906976744186	0.1511627906976744	0.20930232558139536	0.011627906976744186	0.0	0.0	0.0	6.9926966213614	10.370852785402198	18.409	16.322	11.836	5.162170810105033	4.231621586855816	2.0840291052081135	0.015151515151515152	0.22727272727272727	0.21212121212121213	0.13636363636363635	0.18181818181818182	0.21212121212121213	0.015151515151515152	0.0	0.0	0.45454545454545453	5.0	1.8257418583505538
RCSB-5U49-S2L-KD:S2	RCSB-5U49-S2L-KD	S2	construct-007-c863deb44383	c863deb44383d7aaa833b975f4a87af77d63581d8e92f1f718f0d3300424a4c7	P02766	5U49	S2L	YSKUNWVWMAIANA-OWOJBTEDSA-N	Oc1cc(O)cc(/C=C/c2ccc(O)cc2Cl)c1	6.136677139879544	AF-P02766-F1	043613789f0ecec3340293ccfa5d299febcd59d4a1f64bdb04bc6053738c1e30	1	A	5U4B	XOS	33;35;37;74;126;128;129;130;137;138;139;141	33;35;37;74;126;128;129;130;137;138;139;141		alphafold_db_predicted_fixed_per_construct	False	True	False	12.0	86.0	1.0	0.0	0.16666666666666666	0.0	0.0	0.08333333333333333	0.0	0.0	0.0	0.0	0.08333333333333333	0.16666666666666666	0.08333333333333333	0.0	0.0	0.0	0.0	0.08333333333333333	0.25	0.08333333333333333	0.0	0.0	0.0	0.627906976744186	0.1511627906976744	0.20930232558139536	0.011627906976744186	0.0	0.0	0.0	6.9926966213614	10.370852785402198	18.409	16.322	11.836	5.162170810105033	4.231621586855816	2.0840291052081135	0.015151515151515152	0.22727272727272727	0.21212121212121213	0.13636363636363635	0.18181818181818182	0.21212121212121213	0.015151515151515152	0.0	0.0	0.45454545454545453	5.0	1.8257418583505538
RCSB-5U4E-XLB-KD:S2	RCSB-5U4E-XLB-KD	S2	construct-007-c863deb44383	c863deb44383d7aaa833b975f4a87af77d63581d8e92f1f718f0d3300424a4c7	P02766	5U4E	XLB	ZEPBMSWEDHLTGZ-SNAWJCMRSA-N	O=C(O)c1cccc(/C=C/c2ccc(B(O)O)cc2Cl)c1	6.346787486224656	AF-P02766-F1	043613789f0ecec3340293ccfa5d299febcd59d4a1f64bdb04bc6053738c1e30	1	A	5U4B	XOS	33;35;37;74;126;128;129;130;137;138;139;141	33;35;37;74;126;128;129;130;137;138;139;141		alphafold_db_predicted_fixed_per_construct	False	True	False	12.0	86.0	1.0	0.0	0.16666666666666666	0.0	0.0	0.08333333333333333	0.0	0.0	0.0	0.0	0.08333333333333333	0.16666666666666666	0.08333333333333333	0.0	0.0	0.0	0.0	0.08333333333333333	0.25	0.08333333333333333	0.0	0.0	0.0	0.627906976744186	0.1511627906976744	0.20930232558139536	0.011627906976744186	0.0	0.0	0.0	6.9926966213614	10.370852785402198	18.409	16.322	11.836	5.162170810105033	4.231621586855816	2.0840291052081135	0.015151515151515152	0.22727272727272727	0.21212121212121213	0.13636363636363635	0.18181818181818182	0.21212121212121213	0.015151515151515152	0.0	0.0	0.45454545454545453	5.0	1.8257418583505538
RCSB-5U48-S4B-KD:S2	RCSB-5U48-S4B-KD	S2	construct-007-c863deb44383	c863deb44383d7aaa833b975f4a87af77d63581d8e92f1f718f0d3300424a4c7	P02766	5U48	S4B	DYVLARRBNBVUFX-OWOJBTEDSA-N	OB(O)c1ccc(/C=C/c2cc(O)cc(O)c2)cc1	6.327902142064282	AF-P02766-F1	043613789f0ecec3340293ccfa5d299febcd59d4a1f64bdb04bc6053738c1e30	1	A	5U4B	XOS	33;35;37;74;126;128;129;130;137;138;139;141	33;35;37;74;126;128;129;130;137;138;139;141		alphafold_db_predicted_fixed_per_construct	False	True	False	12.0	86.0	1.0	0.0	0.16666666666666666	0.0	0.0	0.08333333333333333	0.0	0.0	0.0	0.0	0.08333333333333333	0.16666666666666666	0.08333333333333333	0.0	0.0	0.0	0.0	0.08333333333333333	0.25	0.08333333333333333	0.0	0.0	0.0	0.627906976744186	0.1511627906976744	0.20930232558139536	0.011627906976744186	0.0	0.0	0.0	6.9926966213614	10.370852785402198	18.409	16.322	11.836	5.162170810105033	4.231621586855816	2.0840291052081135	0.015151515151515152	0.22727272727272727	0.21212121212121213	0.13636363636363635	0.18181818181818182	0.21212121212121213	0.015151515151515152	0.0	0.0	0.45454545454545453	5.0	1.8257418583505538
RCSB-5U4A-7VG-KD:S2	RCSB-5U4A-7VG-KD	S2	construct-007-c863deb44383	c863deb44383d7aaa833b975f4a87af77d63581d8e92f1f718f0d3300424a4c7	P02766	5U4A	7VG	KRQCUYXETWACBK-OWOJBTEDSA-N	OB(O)c1ccc(/C=C/c2cc(O)cc(O)c2)c(Cl)c1	6.356547323513812	AF-P02766-F1	043613789f0ecec3340293ccfa5d299febcd59d4a1f64bdb04bc6053738c1e30	1	A	5U4B	XOS	33;35;37;74;126;128;129;130;137;138;139;141	33;35;37;74;126;128;129;130;137;138;139;141		alphafold_db_predicted_fixed_per_construct	False	True	False	12.0	86.0	1.0	0.0	0.16666666666666666	0.0	0.0	0.08333333333333333	0.0	0.0	0.0	0.0	0.08333333333333333	0.16666666666666666	0.08333333333333333	0.0	0.0	0.0	0.0	0.08333333333333333	0.25	0.08333333333333333	0.0	0.0	0.0	0.627906976744186	0.1511627906976744	0.20930232558139536	0.011627906976744186	0.0	0.0	0.0	6.9926966213614	10.370852785402198	18.409	16.322	11.836	5.162170810105033	4.231621586855816	2.0840291052081135	0.015151515151515152	0.22727272727272727	0.21212121212121213	0.13636363636363635	0.18181818181818182	0.21212121212121213	0.015151515151515152	0.0	0.0	0.45454545454545453	5.0	1.8257418583505538
RCSB-5U4C-XBS-KD:S2	RCSB-5U4C-XBS-KD	S2	construct-007-c863deb44383	c863deb44383d7aaa833b975f4a87af77d63581d8e92f1f718f0d3300424a4c7	P02766	5U4C	XBS	YDRUKHFGOZJRHC-SNAWJCMRSA-N	O=C(O)c1cccc(/C=C/c2ccc(B(O)O)cc2)c1	6.00436480540245	AF-P02766-F1	043613789f0ecec3340293ccfa5d299febcd59d4a1f64bdb04bc6053738c1e30	1	A	5U4B	XOS	33;35;37;74;126;128;129;130;137;138;139;141	33;35;37;74;126;128;129;130;137;138;139;141		alphafold_db_predicted_fixed_per_construct	False	True	False	12.0	86.0	1.0	0.0	0.16666666666666666	0.0	0.0	0.08333333333333333	0.0	0.0	0.0	0.0	0.08333333333333333	0.16666666666666666	0.08333333333333333	0.0	0.0	0.0	0.0	0.08333333333333333	0.25	0.08333333333333333	0.0	0.0	0.0	0.627906976744186	0.1511627906976744	0.20930232558139536	0.011627906976744186	0.0	0.0	0.0	6.9926966213614	10.370852785402198	18.409	16.322	11.836	5.162170810105033	4.231621586855816	2.0840291052081135	0.015151515151515152	0.22727272727272727	0.21212121212121213	0.13636363636363635	0.18181818181818182	0.21212121212121213	0.015151515151515152	0.0	0.0	0.45454545454545453	5.0	1.8257418583505538
RCSB-3SHY-5FO-KD:S2	RCSB-3SHY-5FO-KD	S2	construct-008-60863bf56b3f	60863bf56b3f99bffa130791145a7e04a563d17ac96baa1de4d96493ba2f0ea1	O76074	3SHY	5FO	MMOIQVJIHPNAIU-UHFFFAOYSA-N	CCCOc1ccc(S(=O)(=O)N2CCN(C)CC2)cc1-c1nc(CC)c(F)c(=O)[nH]1	5.769551078621726	AF-O76074-F1	62fb047677afbcae20622d5362f9a9ff7eb6975a0652e8e8724f1144653a7e4f	1	A	3SIE	5BO	612;613;680;725;764;765;767;768;775;778;779;780;782;783;786;804;813;815;816;817;819;820;823;824;853	612;613;680;725;764;765;767;768;775;778;779;780;782;783;786;804;813;815;816;817;819;820;823;824;853		alphafold_db_predicted_fixed_per_construct	False	True	False	25.0	202.0	1.0	0.0	0.16	0.0	0.04	0.04	0.08	0.04	0.04	0.2	0.0	0.12	0.04	0.0	0.0	0.08	0.0	0.04	0.0	0.04	0.04	0.04	0.0	0.6831683168316832	0.1485148514851485	0.16336633663366337	0.0049504950495049506	0.0	0.0	0.0	9.631279041519623	21.068820232507843	30.262999999999998	25.213	21.250999999999998	6.559180847724393	5.332766668772453	4.615222880738287	0.0033333333333333335	0.07666666666666666	0.11	0.1	0.19	0.3	0.15333333333333332	0.06666666666666667	0.0	0.19	4.56	2.060679499582601
RCSB-4OEX-5EO-KD:S2	RCSB-4OEX-5EO-KD	S2	construct-008-60863bf56b3f	60863bf56b3f99bffa130791145a7e04a563d17ac96baa1de4d96493ba2f0ea1	O76074	4OEX	5EO	AFKWCGKAOQNLTO-UHFFFAOYSA-N	CCCOc1ccc(S(=O)(=O)N2CCN(C)CC2)cc1-c1nc(CC)cc(=O)[nH]1	5.823908740944319	AF-O76074-F1	62fb047677afbcae20622d5362f9a9ff7eb6975a0652e8e8724f1144653a7e4f	1	A	3SIE	5BO	612;613;680;725;764;765;767;768;775;778;779;780;782;783;786;804;813;815;816;817;819;820;823;824;853	612;613;680;725;764;765;767;768;775;778;779;780;782;783;786;804;813;815;816;817;819;820;823;824;853		alphafold_db_predicted_fixed_per_construct	False	True	False	25.0	202.0	1.0	0.0	0.16	0.0	0.04	0.04	0.08	0.04	0.04	0.2	0.0	0.12	0.04	0.0	0.0	0.08	0.0	0.04	0.0	0.04	0.04	0.04	0.0	0.6831683168316832	0.1485148514851485	0.16336633663366337	0.0049504950495049506	0.0	0.0	0.0	9.631279041519623	21.068820232507843	30.262999999999998	25.213	21.250999999999998	6.559180847724393	5.332766668772453	4.615222880738287	0.0033333333333333335	0.07666666666666666	0.11	0.1	0.19	0.3	0.15333333333333332	0.06666666666666667	0.0	0.19	4.56	2.060679499582601
RCSB-4G2W-NI0-KD:S2	RCSB-4G2W-NI0-KD	S2	construct-008-60863bf56b3f	60863bf56b3f99bffa130791145a7e04a563d17ac96baa1de4d96493ba2f0ea1	O76074	4G2W	NI0	FJJLJIBQQGUEHI-UHFFFAOYSA-N	CCCOc1ccc(S(=O)(=O)N2CCN(C)CC2)cc1-c1nc(CC)c(CC)c(=O)[nH]1	6.882728704344236	AF-O76074-F1	62fb047677afbcae20622d5362f9a9ff7eb6975a0652e8e8724f1144653a7e4f	1	A	3SIE	5BO	612;613;680;725;764;765;767;768;775;778;779;780;782;783;786;804;813;815;816;817;819;820;823;824;853	612;613;680;725;764;765;767;768;775;778;779;780;782;783;786;804;813;815;816;817;819;820;823;824;853		alphafold_db_predicted_fixed_per_construct	False	True	False	25.0	202.0	1.0	0.0	0.16	0.0	0.04	0.04	0.08	0.04	0.04	0.2	0.0	0.12	0.04	0.0	0.0	0.08	0.0	0.04	0.0	0.04	0.04	0.04	0.0	0.6831683168316832	0.1485148514851485	0.16336633663366337	0.0049504950495049506	0.0	0.0	0.0	9.631279041519623	21.068820232507843	30.262999999999998	25.213	21.250999999999998	6.559180847724393	5.332766668772453	4.615222880738287	0.0033333333333333335	0.07666666666666666	0.11	0.1	0.19	0.3	0.15333333333333332	0.06666666666666667	0.0	0.19	4.56	2.060679499582601
RCSB-4OEW-5IO-KD:S2	RCSB-4OEW-5IO-KD	S2	construct-008-60863bf56b3f	60863bf56b3f99bffa130791145a7e04a563d17ac96baa1de4d96493ba2f0ea1	O76074	4OEW	5IO	CLYYLXSJJMHCHN-UHFFFAOYSA-N	CCCOc1ccc(S(=O)(=O)N2CCN(C)CC2)cc1-c1nc(CC)c(I)c(=O)[nH]1	6.823908740944319	AF-O76074-F1	62fb047677afbcae20622d5362f9a9ff7eb6975a0652e8e8724f1144653a7e4f	1	A	3SIE	5BO	612;613;680;725;764;765;767;768;775;778;779;780;782;783;786;804;813;815;816;817;819;820;823;824;853	612;613;680;725;764;765;767;768;775;778;779;780;782;783;786;804;813;815;816;817;819;820;823;824;853		alphafold_db_predicted_fixed_per_construct	False	True	False	25.0	202.0	1.0	0.0	0.16	0.0	0.04	0.04	0.08	0.04	0.04	0.2	0.0	0.12	0.04	0.0	0.0	0.08	0.0	0.04	0.0	0.04	0.04	0.04	0.0	0.6831683168316832	0.1485148514851485	0.16336633663366337	0.0049504950495049506	0.0	0.0	0.0	9.631279041519623	21.068820232507843	30.262999999999998	25.213	21.250999999999998	6.559180847724393	5.332766668772453	4.615222880738287	0.0033333333333333335	0.07666666666666666	0.11	0.1	0.19	0.3	0.15333333333333332	0.06666666666666667	0.0	0.19	4.56	2.060679499582601
RCSB-6IWI-B0C-KD:S2	RCSB-6IWI-B0C-KD	S2	construct-008-60863bf56b3f	60863bf56b3f99bffa130791145a7e04a563d17ac96baa1de4d96493ba2f0ea1	O76074	6IWI	B0C	PIOIVHHIGWTEJQ-UHFFFAOYSA-N	CCCOc1ccc(NC(=O)CN2CCN(C)CC2)cc1-c1nc(CC)c(CC)c(=O)[nH]1	7.086186147616283	AF-O76074-F1	62fb047677afbcae20622d5362f9a9ff7eb6975a0652e8e8724f1144653a7e4f	1	A	3SIE	5BO	612;613;680;725;764;765;767;768;775;778;779;780;782;783;786;804;813;815;816;817;819;820;823;824;853	612;613;680;725;764;765;767;768;775;778;779;780;782;783;786;804;813;815;816;817;819;820;823;824;853		alphafold_db_predicted_fixed_per_construct	False	True	False	25.0	202.0	1.0	0.0	0.16	0.0	0.04	0.04	0.08	0.04	0.04	0.2	0.0	0.12	0.04	0.0	0.0	0.08	0.0	0.04	0.0	0.04	0.04	0.04	0.0	0.6831683168316832	0.1485148514851485	0.16336633663366337	0.0049504950495049506	0.0	0.0	0.0	9.631279041519623	21.068820232507843	30.262999999999998	25.213	21.250999999999998	6.559180847724393	5.332766668772453	4.615222880738287	0.0033333333333333335	0.07666666666666666	0.11	0.1	0.19	0.3	0.15333333333333332	0.06666666666666667	0.0	0.19	4.56	2.060679499582601
RCSB-3SHZ-5CO-KD:S2	RCSB-3SHZ-5CO-KD	S2	construct-008-60863bf56b3f	60863bf56b3f99bffa130791145a7e04a563d17ac96baa1de4d96493ba2f0ea1	O76074	3SHZ	5CO	HVJOKVUJWQTZFF-UHFFFAOYSA-N	CCCOc1ccc(S(=O)(=O)N2CCN(C)CC2)cc1-c1nc(CC)c(Cl)c(=O)[nH]1	6.113509274827518	AF-O76074-F1	62fb047677afbcae20622d5362f9a9ff7eb6975a0652e8e8724f1144653a7e4f	1	A	3SIE	5BO	612;613;680;725;764;765;767;768;775;778;779;780;782;783;786;804;813;815;816;817;819;820;823;824;853	612;613;680;725;764;765;767;768;775;778;779;780;782;783;786;804;813;815;816;817;819;820;823;824;853		alphafold_db_predicted_fixed_per_construct	False	True	False	25.0	202.0	1.0	0.0	0.16	0.0	0.04	0.04	0.08	0.04	0.04	0.2	0.0	0.12	0.04	0.0	0.0	0.08	0.0	0.04	0.0	0.04	0.04	0.04	0.0	0.6831683168316832	0.1485148514851485	0.16336633663366337	0.0049504950495049506	0.0	0.0	0.0	9.631279041519623	21.068820232507843	30.262999999999998	25.213	21.250999999999998	6.559180847724393	5.332766668772453	4.615222880738287	0.0033333333333333335	0.07666666666666666	0.11	0.1	0.19	0.3	0.15333333333333332	0.06666666666666667	0.0	0.19	4.56	2.060679499582601
RCSB-6I0Z-GZQ-KD:S2	RCSB-6I0Z-GZQ-KD	S2	construct-009-2b786a6db716	2b786a6db716e3e887b22be571240bab2f5ece00a09ed5d79924f54bbed70aba	Q16658	6I0Z	GZQ	NVSSRRQIUAFBIU-UHFFFAOYSA-N	CC(=O)N(C)c1ccc(Cl)cc1Cl	4.036212172654444	AF-Q16658-F1	f320c1b004439fb055e374904134469d842b9238924df236af8a0b1609a25c3f	1	A	6I12	H08	14;16;48;60;62;93;94;95;101;103;134;213;214;215;216;217;224	14;16;48;60;62;93;94;95;101;103;134;213;214;215;216;217;224		alphafold_db_predicted_fixed_per_construct	False	True	False	17.0	148.0	1.0	0.0	0.058823529411764705	0.0	0.0	0.058823529411764705	0.11764705882352941	0.0	0.0	0.058823529411764705	0.0	0.29411764705882354	0.0	0.0	0.0	0.0	0.11764705882352941	0.0	0.058823529411764705	0.17647058823529413	0.058823529411764705	0.0	0.0	0.7027027027027027	0.16216216216216217	0.13513513513513514	0.0	0.0	0.0	0.0	7.817344720415767	12.738834007613843	21.679000000000002	20.091	16.994999999999997	5.488252084701641	4.0807549885461425	3.7864767602662175	0.0	0.08088235294117647	0.20588235294117646	0.14705882352941177	0.2647058823529412	0.2426470588235294	0.051470588235294115	0.007352941176470588	0.0	0.2867647058823529	4.588235294117647	1.9721240722635542
RCSB-6I13-H0Q-KD:S2	RCSB-6I13-H0Q-KD	S2	construct-009-2b786a6db716	2b786a6db716e3e887b22be571240bab2f5ece00a09ed5d79924f54bbed70aba	Q16658	6I13	H0Q	XBJCGFCUIMJMDK-UHFFFAOYSA-N	Cn1cc(NC(=O)c2cn(Cc3cccc(Cl)c3)c(=O)c3ccccc23)cn1	5.119186407719209	AF-Q16658-F1	f320c1b004439fb055e374904134469d842b9238924df236af8a0b1609a25c3f	1	A	6I12	H08	14;16;48;60;62;93;94;95;101;103;134;213;214;215;216;217;224	14;16;48;60;62;93;94;95;101;103;134;213;214;215;216;217;224		alphafold_db_predicted_fixed_per_construct	False	True	False	17.0	148.0	1.0	0.0	0.058823529411764705	0.0	0.0	0.058823529411764705	0.11764705882352941	0.0	0.0	0.058823529411764705	0.0	0.29411764705882354	0.0	0.0	0.0	0.0	0.11764705882352941	0.0	0.058823529411764705	0.17647058823529413	0.058823529411764705	0.0	0.0	0.7027027027027027	0.16216216216216217	0.13513513513513514	0.0	0.0	0.0	0.0	7.817344720415767	12.738834007613843	21.679000000000002	20.091	16.994999999999997	5.488252084701641	4.0807549885461425	3.7864767602662175	0.0	0.08088235294117647	0.20588235294117646	0.14705882352941177	0.2647058823529412	0.2426470588235294	0.051470588235294115	0.007352941176470588	0.0	0.2867647058823529	4.588235294117647	1.9721240722635542
RCSB-6I11-H0H-KD:S2	RCSB-6I11-H0H-KD	S2	construct-009-2b786a6db716	2b786a6db716e3e887b22be571240bab2f5ece00a09ed5d79924f54bbed70aba	Q16658	6I11	H0H	VTTHLQZKGGQAGE-UHFFFAOYSA-N	Cn1cc(NC(=O)c2cn(Cc3ccccc3)c(=O)c3ccccc23)cn1	4.533132379645891	AF-Q16658-F1	f320c1b004439fb055e374904134469d842b9238924df236af8a0b1609a25c3f	1	A	6I12	H08	14;16;48;60;62;93;94;95;101;103;134;213;214;215;216;217;224	14;16;48;60;62;93;94;95;101;103;134;213;214;215;216;217;224		alphafold_db_predicted_fixed_per_construct	False	True	False	17.0	148.0	1.0	0.0	0.058823529411764705	0.0	0.0	0.058823529411764705	0.11764705882352941	0.0	0.0	0.058823529411764705	0.0	0.29411764705882354	0.0	0.0	0.0	0.0	0.11764705882352941	0.0	0.058823529411764705	0.17647058823529413	0.058823529411764705	0.0	0.0	0.7027027027027027	0.16216216216216217	0.13513513513513514	0.0	0.0	0.0	0.0	7.817344720415767	12.738834007613843	21.679000000000002	20.091	16.994999999999997	5.488252084701641	4.0807549885461425	3.7864767602662175	0.0	0.08088235294117647	0.20588235294117646	0.14705882352941177	0.2647058823529412	0.2426470588235294	0.051470588235294115	0.007352941176470588	0.0	0.2867647058823529	4.588235294117647	1.9721240722635542
RCSB-6I14-GZN-KD:S2	RCSB-6I14-GZN-KD	S2	construct-009-2b786a6db716	2b786a6db716e3e887b22be571240bab2f5ece00a09ed5d79924f54bbed70aba	Q16658	6I14	GZN	ARDJWVHRRXSBIV-UHFFFAOYSA-N	Cn1cc(NC(=O)c2cn(Cc3ccc(Cl)c(Cl)c3)c(=O)c3ccccc23)cn1	5.823908740944319	AF-Q16658-F1	f320c1b004439fb055e374904134469d842b9238924df236af8a0b1609a25c3f	1	A	6I12	H08	14;16;48;60;62;93;94;95;101;103;134;213;214;215;216;217;224	14;16;48;60;62;93;94;95;101;103;134;213;214;215;216;217;224		alphafold_db_predicted_fixed_per_construct	False	True	False	17.0	148.0	1.0	0.0	0.058823529411764705	0.0	0.0	0.058823529411764705	0.11764705882352941	0.0	0.0	0.058823529411764705	0.0	0.29411764705882354	0.0	0.0	0.0	0.0	0.11764705882352941	0.0	0.058823529411764705	0.17647058823529413	0.058823529411764705	0.0	0.0	0.7027027027027027	0.16216216216216217	0.13513513513513514	0.0	0.0	0.0	0.0	7.817344720415767	12.738834007613843	21.679000000000002	20.091	16.994999999999997	5.488252084701641	4.0807549885461425	3.7864767602662175	0.0	0.08088235294117647	0.20588235294117646	0.14705882352941177	0.2647058823529412	0.2426470588235294	0.051470588235294115	0.007352941176470588	0.0	0.2867647058823529	4.588235294117647	1.9721240722635542
RCSB-6QLO-J5E-KD:S2	RCSB-6QLO-J5E-KD	S2	construct-011-4f6fb808c4a8	4f6fb808c4a82020b43c250bf9d4643eb416c379f5db1f8b1ec12c3b9239f487	P17931	6QLO	J5E	DWZCKGAEDMIIIZ-IFLJBQAJSA-N	Cc1ccc(S[C@@H]2O[C@H](CO)[C@H](O)[C@H](n3cc(-c4ccc(F)c(F)c4)nn3)[C@H]2O)cc1	5.055517327849831	AF-P17931-F1	11f974fb8e084aee0d53857bedc16ae0a1e92d262f4f840b30f8420740bf7cca	1	A	6QLR	J4N	144;145;146;148;158;160;161;162;172;173;174;181;182;184;237;238;239	144;145;146;148;158;160;161;162;172;173;174;181;182;184;237;238;239		alphafold_db_predicted_fixed_per_construct	False	True	False	17.0	134.0	1.0	0.0	0.058823529411764705	0.058823529411764705	0.11764705882352941	0.058823529411764705	0.0	0.11764705882352941	0.058823529411764705	0.058823529411764705	0.0	0.0	0.0	0.11764705882352941	0.058823529411764705	0.0	0.11764705882352941	0.058823529411764705	0.0	0.058823529411764705	0.058823529411764705	0.0	0.0	0.5895522388059702	0.208955223880597	0.19402985074626866	0.007462686567164179	0.0	0.0	0.0	7.815689951260528	12.984671703300071	24.541	18.197999999999997	12.84	6.43688555110808	3.61514999213107	2.5655807043563343	0.029411764705882353	0.19852941176470587	0.11764705882352941	0.19117647058823528	0.13970588235294118	0.20588235294117646	0.09558823529411764	0.022058823529411766	0.0	0.34558823529411764	5.529411764705882	1.7529016971472164
RCSB-6QLT-J5W-KD:S2	RCSB-6QLT-J5W-KD	S2	construct-011-4f6fb808c4a8	4f6fb808c4a82020b43c250bf9d4643eb416c379f5db1f8b1ec12c3b9239f487	P17931	6QLT	J5W	SPWDDLPVHYIRJF-IFLJBQAJSA-N	Cc1ccc(S[C@@H]2O[C@H](CO)[C@H](O)[C@H](n3cc(-c4ccccc4F)nn3)[C@H]2O)cc1	4.036212172654444	AF-P17931-F1	11f974fb8e084aee0d53857bedc16ae0a1e92d262f4f840b30f8420740bf7cca	1	A	6QLR	J4N	144;145;146;148;158;160;161;162;172;173;174;181;182;184;237;238;239	144;145;146;148;158;160;161;162;172;173;174;181;182;184;237;238;239		alphafold_db_predicted_fixed_per_construct	False	True	False	17.0	134.0	1.0	0.0	0.058823529411764705	0.058823529411764705	0.11764705882352941	0.058823529411764705	0.0	0.11764705882352941	0.058823529411764705	0.058823529411764705	0.0	0.0	0.0	0.11764705882352941	0.058823529411764705	0.0	0.11764705882352941	0.058823529411764705	0.0	0.058823529411764705	0.058823529411764705	0.0	0.0	0.5895522388059702	0.208955223880597	0.19402985074626866	0.007462686567164179	0.0	0.0	0.0	7.815689951260528	12.984671703300071	24.541	18.197999999999997	12.84	6.43688555110808	3.61514999213107	2.5655807043563343	0.029411764705882353	0.19852941176470587	0.11764705882352941	0.19117647058823528	0.13970588235294118	0.20588235294117646	0.09558823529411764	0.022058823529411766	0.0	0.34558823529411764	5.529411764705882	1.7529016971472164
RCSB-6QLQ-J4E-KD:S2	RCSB-6QLQ-J4E-KD	S2	construct-011-4f6fb808c4a8	4f6fb808c4a82020b43c250bf9d4643eb416c379f5db1f8b1ec12c3b9239f487	P17931	6QLQ	J4E	LEJGTTBPRKJROI-IFLJBQAJSA-N	Cc1ccc(S[C@@H]2O[C@H](CO)[C@H](O)[C@H](n3cc(-c4ccc(F)cc4)nn3)[C@H]2O)cc1	4.508638306165727	AF-P17931-F1	11f974fb8e084aee0d53857bedc16ae0a1e92d262f4f840b30f8420740bf7cca	1	A	6QLR	J4N	144;145;146;148;158;160;161;162;172;173;174;181;182;184;237;238;239	144;145;146;148;158;160;161;162;172;173;174;181;182;184;237;238;239		alphafold_db_predicted_fixed_per_construct	False	True	False	17.0	134.0	1.0	0.0	0.058823529411764705	0.058823529411764705	0.11764705882352941	0.058823529411764705	0.0	0.11764705882352941	0.058823529411764705	0.058823529411764705	0.0	0.0	0.0	0.11764705882352941	0.058823529411764705	0.0	0.11764705882352941	0.058823529411764705	0.0	0.058823529411764705	0.058823529411764705	0.0	0.0	0.5895522388059702	0.208955223880597	0.19402985074626866	0.007462686567164179	0.0	0.0	0.0	7.815689951260528	12.984671703300071	24.541	18.197999999999997	12.84	6.43688555110808	3.61514999213107	2.5655807043563343	0.029411764705882353	0.19852941176470587	0.11764705882352941	0.19117647058823528	0.13970588235294118	0.20588235294117646	0.09558823529411764	0.022058823529411766	0.0	0.34558823529411764	5.529411764705882	1.7529016971472164
RCSB-6QLN-J5Q-KD:S2	RCSB-6QLN-J5Q-KD	S2	construct-011-4f6fb808c4a8	4f6fb808c4a82020b43c250bf9d4643eb416c379f5db1f8b1ec12c3b9239f487	P17931	6QLN	J5Q	LTAMTECRMDNLJJ-IFLJBQAJSA-N	Cc1ccc(S[C@@H]2O[C@H](CO)[C@H](O)[C@H](n3cc(-c4cccc(F)c4)nn3)[C@H]2O)cc1	4.657577319177793	AF-P17931-F1	11f974fb8e084aee0d53857bedc16ae0a1e92d262f4f840b30f8420740bf7cca	1	A	6QLR	J4N	144;145;146;148;158;160;161;162;172;173;174;181;182;184;237;238;239	144;145;146;148;158;160;161;162;172;173;174;181;182;184;237;238;239		alphafold_db_predicted_fixed_per_construct	False	True	False	17.0	134.0	1.0	0.0	0.058823529411764705	0.058823529411764705	0.11764705882352941	0.058823529411764705	0.0	0.11764705882352941	0.058823529411764705	0.058823529411764705	0.0	0.0	0.0	0.11764705882352941	0.058823529411764705	0.0	0.11764705882352941	0.058823529411764705	0.0	0.058823529411764705	0.058823529411764705	0.0	0.0	0.5895522388059702	0.208955223880597	0.19402985074626866	0.007462686567164179	0.0	0.0	0.0	7.815689951260528	12.984671703300071	24.541	18.197999999999997	12.84	6.43688555110808	3.61514999213107	2.5655807043563343	0.029411764705882353	0.19852941176470587	0.11764705882352941	0.19117647058823528	0.13970588235294118	0.20588235294117646	0.09558823529411764	0.022058823529411766	0.0	0.34558823529411764	5.529411764705882	1.7529016971472164
RCSB-6QLU-J62-KD:S2	RCSB-6QLU-J62-KD	S2	construct-011-4f6fb808c4a8	4f6fb808c4a82020b43c250bf9d4643eb416c379f5db1f8b1ec12c3b9239f487	P17931	6QLU	J62	YMMGKBVLXHTWGR-CTWRKMMKSA-N	Cc1ccc(S[C@@H]2O[C@H](CO)[C@H](O)[C@H](n3cc(-c4ccc(F)c(C)c4)nn3)[C@H]2O)cc1	4.638272163982407	AF-P17931-F1	11f974fb8e084aee0d53857bedc16ae0a1e92d262f4f840b30f8420740bf7cca	1	A	6QLR	J4N	144;145;146;148;158;160;161;162;172;173;174;181;182;184;237;238;239	144;145;146;148;158;160;161;162;172;173;174;181;182;184;237;238;239		alphafold_db_predicted_fixed_per_construct	False	True	False	17.0	134.0	1.0	0.0	0.058823529411764705	0.058823529411764705	0.11764705882352941	0.058823529411764705	0.0	0.11764705882352941	0.058823529411764705	0.058823529411764705	0.0	0.0	0.0	0.11764705882352941	0.058823529411764705	0.0	0.11764705882352941	0.058823529411764705	0.0	0.058823529411764705	0.058823529411764705	0.0	0.0	0.5895522388059702	0.208955223880597	0.19402985074626866	0.007462686567164179	0.0	0.0	0.0	7.815689951260528	12.984671703300071	24.541	18.197999999999997	12.84	6.43688555110808	3.61514999213107	2.5655807043563343	0.029411764705882353	0.19852941176470587	0.11764705882352941	0.19117647058823528	0.13970588235294118	0.20588235294117646	0.09558823529411764	0.022058823529411766	0.0	0.34558823529411764	5.529411764705882	1.7529016971472164
RCSB-4TZ8-39U-KD:S2	RCSB-4TZ8-39U-KD	S2	construct-012-90b947063061	90b947063061d4b396499ec38038b226dd533bd87bad1f083bdb79fc8393ec1d	Q6PL18	4TZ8	39U	KRPZAWRISMXVDQ-UHFFFAOYSA-N	CC1(C)CNC(=O)c2sc(N)nc2C1	3.3010299956639813	AF-Q6PL18-F1	693af66a7e8d9c4501c1be853b3af992011b36a542ce9a6eb3c858980cd04bff	1	A	4TYL	39O	1008;1009;1011;1012;1013;1014;1017;1018;1021;1059;1060;1063;1064;1074	1008;1009;1011;1012;1013;1014;1017;1018;1021;1059;1060;1063;1064;1074		alphafold_db_predicted_fixed_per_construct	False	True	False	14.0	118.0	1.0	0.0	0.07142857142857142	0.0	0.07142857142857142	0.07142857142857142	0.07142857142857142	0.0	0.0	0.07142857142857142	0.07142857142857142	0.0	0.0	0.14285714285714285	0.07142857142857142	0.0	0.0	0.0	0.0	0.21428571428571427	0.0	0.14285714285714285	0.0	0.6694915254237288	0.1440677966101695	0.1864406779661017	0.0	0.0	0.0	0.0	7.711293123098775	11.141303656116051	19.915	17.561	14.739999999999995	5.483173771701733	4.461240742710643	3.081586937805135	0.01098901098901099	0.13186813186813187	0.15384615384615385	0.15384615384615385	0.16483516483516483	0.3626373626373626	0.02197802197802198	0.0	0.0	0.2967032967032967	3.857142857142857	1.0594569267279519
RCSB-6HIE-G7Q-KD:S2	RCSB-6HIE-G7Q-KD	S2	construct-012-90b947063061	90b947063061d4b396499ec38038b226dd533bd87bad1f083bdb79fc8393ec1d	Q6PL18	6HIE	G7Q	XAAULFWATXYIOV-OAHLLOKOSA-N	CC(=O)c1csc(NC(=O)[C@H]2CNCCN2CCC2CCC(F)(F)CC2)n1	4.6020599913279625	AF-Q6PL18-F1	693af66a7e8d9c4501c1be853b3af992011b36a542ce9a6eb3c858980cd04bff	1	A	4TYL	39O	1008;1009;1011;1012;1013;1014;1017;1018;1021;1059;1060;1063;1064;1074	1008;1009;1011;1012;1013;1014;1017;1018;1021;1059;1060;1063;1064;1074		alphafold_db_predicted_fixed_per_construct	False	True	False	14.0	118.0	1.0	0.0	0.07142857142857142	0.0	0.07142857142857142	0.07142857142857142	0.07142857142857142	0.0	0.0	0.07142857142857142	0.07142857142857142	0.0	0.0	0.14285714285714285	0.07142857142857142	0.0	0.0	0.0	0.0	0.21428571428571427	0.0	0.14285714285714285	0.0	0.6694915254237288	0.1440677966101695	0.1864406779661017	0.0	0.0	0.0	0.0	7.711293123098775	11.141303656116051	19.915	17.561	14.739999999999995	5.483173771701733	4.461240742710643	3.081586937805135	0.01098901098901099	0.13186813186813187	0.15384615384615385	0.15384615384615385	0.16483516483516483	0.3626373626373626	0.02197802197802198	0.0	0.0	0.2967032967032967	3.857142857142857	1.0594569267279519
RCSB-5A5Q-6XC-KD:S2	RCSB-5A5Q-6XC-KD	S2	construct-012-90b947063061	90b947063061d4b396499ec38038b226dd533bd87bad1f083bdb79fc8393ec1d	Q6PL18	5A5Q	6XC	WPUMQOWFWIAZCU-UHFFFAOYSA-N	Cc1cc2ccnc(NC3CCNCC3)c2[nH]c1=O	4.6777807052660805	AF-Q6PL18-F1	693af66a7e8d9c4501c1be853b3af992011b36a542ce9a6eb3c858980cd04bff	1	A	4TYL	39O	1008;1009;1011;1012;1013;1014;1017;1018;1021;1059;1060;1063;1064;1074	1008;1009;1011;1012;1013;1014;1017;1018;1021;1059;1060;1063;1064;1074		alphafold_db_predicted_fixed_per_construct	False	True	False	14.0	118.0	1.0	0.0	0.07142857142857142	0.0	0.07142857142857142	0.07142857142857142	0.07142857142857142	0.0	0.0	0.07142857142857142	0.07142857142857142	0.0	0.0	0.14285714285714285	0.07142857142857142	0.0	0.0	0.0	0.0	0.21428571428571427	0.0	0.14285714285714285	0.0	0.6694915254237288	0.1440677966101695	0.1864406779661017	0.0	0.0	0.0	0.0	7.711293123098775	11.141303656116051	19.915	17.561	14.739999999999995	5.483173771701733	4.461240742710643	3.081586937805135	0.01098901098901099	0.13186813186813187	0.15384615384615385	0.15384615384615385	0.16483516483516483	0.3626373626373626	0.02197802197802198	0.0	0.0	0.2967032967032967	3.857142857142857	1.0594569267279519
RCSB-6S57-KVT-KD:S2	RCSB-6S57-KVT-KD	S2	construct-012-90b947063061	90b947063061d4b396499ec38038b226dd533bd87bad1f083bdb79fc8393ec1d	Q6PL18	6S57	KVT	ZHCSIBLDPZYQBH-UHFFFAOYSA-N	Cc1ccc(NC(=O)CN2C(=O)NC(C)(C)C2=O)cc1S(=O)(=O)N1CCCCCC1	5.100015437450609	AF-Q6PL18-F1	693af66a7e8d9c4501c1be853b3af992011b36a542ce9a6eb3c858980cd04bff	1	A	4TYL	39O	1008;1009;1011;1012;1013;1014;1017;1018;1021;1059;1060;1063;1064;1074	1008;1009;1011;1012;1013;1014;1017;1018;1021;1059;1060;1063;1064;1074		alphafold_db_predicted_fixed_per_construct	False	True	False	14.0	118.0	1.0	0.0	0.07142857142857142	0.0	0.07142857142857142	0.07142857142857142	0.07142857142857142	0.0	0.0	0.07142857142857142	0.07142857142857142	0.0	0.0	0.14285714285714285	0.07142857142857142	0.0	0.0	0.0	0.0	0.21428571428571427	0.0	0.14285714285714285	0.0	0.6694915254237288	0.1440677966101695	0.1864406779661017	0.0	0.0	0.0	0.0	7.711293123098775	11.141303656116051	19.915	17.561	14.739999999999995	5.483173771701733	4.461240742710643	3.081586937805135	0.01098901098901099	0.13186813186813187	0.15384615384615385	0.15384615384615385	0.16483516483516483	0.3626373626373626	0.02197802197802198	0.0	0.0	0.2967032967032967	3.857142857142857	1.0594569267279519
RCSB-8WGS-WGH-KD:S2	RCSB-8WGS-WGH-KD	S2	construct-013-989a0da4f5c7	989a0da4f5c71b0c05ffa31bdbac60d3af0d2680d91b8ba192341edbf8dc2635	P02766	8WGS	WGH	CIPAOTDUDSOTHT-UHFFFAOYSA-N	CCc1oc2cccc(I)c2c1C(=O)c1cc(I)c(O)c(I)c1	6.920818753952375	AF-P02766-F1	043613789f0ecec3340293ccfa5d299febcd59d4a1f64bdb04bc6053738c1e30	1	A	7ERK	1N1	33;35;37;72;74;76;126;128;129;130;137;138;139;141	33;35;37;72;74;76;126;128;129;130;137;138;139;141		alphafold_db_predicted_fixed_per_construct	False	True	False	14.0	102.0	1.0	0.0	0.14285714285714285	0.0	0.0	0.07142857142857142	0.0	0.0	0.07142857142857142	0.0	0.07142857142857142	0.14285714285714285	0.07142857142857142	0.0	0.0	0.0	0.0	0.14285714285714285	0.21428571428571427	0.07142857142857142	0.0	0.0	0.0	0.6176470588235294	0.16666666666666666	0.20588235294117646	0.00980392156862745	0.0	0.0	0.0	7.710562102734092	12.211214850640712	21.453	16.322	12.168	6.00702313887522	4.301632470874816	2.205538264155105	0.01098901098901099	0.1978021978021978	0.16483516483516483	0.14285714285714285	0.14285714285714285	0.24175824175824176	0.0989010989010989	0.0	0.0	0.37362637362637363	4.857142857142857	1.8844151368961315
RCSB-8II2-R75-KD:S2	RCSB-8II2-R75-KD	S2	construct-013-989a0da4f5c7	989a0da4f5c71b0c05ffa31bdbac60d3af0d2680d91b8ba192341edbf8dc2635	P02766	8II2	R75	WHQCHUCQKNIQEC-UHFFFAOYSA-N	CCc1oc2ccccc2c1C(=O)c1cc(Br)c(O)c(Br)c1	6.698970004336019	AF-P02766-F1	043613789f0ecec3340293ccfa5d299febcd59d4a1f64bdb04bc6053738c1e30	1	A	7ERK	1N1	33;35;37;72;74;76;126;128;129;130;137;138;139;141	33;35;37;72;74;76;126;128;129;130;137;138;139;141		alphafold_db_predicted_fixed_per_construct	False	True	False	14.0	102.0	1.0	0.0	0.14285714285714285	0.0	0.0	0.07142857142857142	0.0	0.0	0.07142857142857142	0.0	0.07142857142857142	0.14285714285714285	0.07142857142857142	0.0	0.0	0.0	0.0	0.14285714285714285	0.21428571428571427	0.07142857142857142	0.0	0.0	0.0	0.6176470588235294	0.16666666666666666	0.20588235294117646	0.00980392156862745	0.0	0.0	0.0	7.710562102734092	12.211214850640712	21.453	16.322	12.168	6.00702313887522	4.301632470874816	2.205538264155105	0.01098901098901099	0.1978021978021978	0.16483516483516483	0.14285714285714285	0.14285714285714285	0.24175824175824176	0.0989010989010989	0.0	0.0	0.37362637362637363	4.857142857142857	1.8844151368961315
RCSB-8II3-PKK-KD:S2	RCSB-8II3-PKK-KD	S2	construct-013-989a0da4f5c7	989a0da4f5c71b0c05ffa31bdbac60d3af0d2680d91b8ba192341edbf8dc2635	P02766	8II3	PKK	YOSYHCQGAMQBMM-UHFFFAOYSA-N	CCc1oc2cc(O)ccc2c1C(=O)c1cc(I)c(O)c(I)c1	6.3872161432802645	AF-P02766-F1	043613789f0ecec3340293ccfa5d299febcd59d4a1f64bdb04bc6053738c1e30	1	A	7ERK	1N1	33;35;37;72;74;76;126;128;129;130;137;138;139;141	33;35;37;72;74;76;126;128;129;130;137;138;139;141		alphafold_db_predicted_fixed_per_construct	False	True	False	14.0	102.0	1.0	0.0	0.14285714285714285	0.0	0.0	0.07142857142857142	0.0	0.0	0.07142857142857142	0.0	0.07142857142857142	0.14285714285714285	0.07142857142857142	0.0	0.0	0.0	0.0	0.14285714285714285	0.21428571428571427	0.07142857142857142	0.0	0.0	0.0	0.6176470588235294	0.16666666666666666	0.20588235294117646	0.00980392156862745	0.0	0.0	0.0	7.710562102734092	12.211214850640712	21.453	16.322	12.168	6.00702313887522	4.301632470874816	2.205538264155105	0.01098901098901099	0.1978021978021978	0.16483516483516483	0.14285714285714285	0.14285714285714285	0.24175824175824176	0.0989010989010989	0.0	0.0	0.37362637362637363	4.857142857142857	1.8844151368961315
RCSB-8WGT-WGJ-KD:S2	RCSB-8WGT-WGJ-KD	S2	construct-013-989a0da4f5c7	989a0da4f5c71b0c05ffa31bdbac60d3af0d2680d91b8ba192341edbf8dc2635	P02766	8WGT	WGJ	IRLOWOFOTVYBRR-UHFFFAOYSA-N	CCc1oc2c(Cl)ccc(Cl)c2c1C(=O)c1cc(I)c(O)c(I)c1	7.275724130399211	AF-P02766-F1	043613789f0ecec3340293ccfa5d299febcd59d4a1f64bdb04bc6053738c1e30	1	A	7ERK	1N1	33;35;37;72;74;76;126;128;129;130;137;138;139;141	33;35;37;72;74;76;126;128;129;130;137;138;139;141		alphafold_db_predicted_fixed_per_construct	False	True	False	14.0	102.0	1.0	0.0	0.14285714285714285	0.0	0.0	0.07142857142857142	0.0	0.0	0.07142857142857142	0.0	0.07142857142857142	0.14285714285714285	0.07142857142857142	0.0	0.0	0.0	0.0	0.14285714285714285	0.21428571428571427	0.07142857142857142	0.0	0.0	0.0	0.6176470588235294	0.16666666666666666	0.20588235294117646	0.00980392156862745	0.0	0.0	0.0	7.710562102734092	12.211214850640712	21.453	16.322	12.168	6.00702313887522	4.301632470874816	2.205538264155105	0.01098901098901099	0.1978021978021978	0.16483516483516483	0.14285714285714285	0.14285714285714285	0.24175824175824176	0.0989010989010989	0.0	0.0	0.37362637362637363	4.857142857142857	1.8844151368961315
RCSB-8II4-PKQ-KD:S2	RCSB-8II4-PKQ-KD	S2	construct-013-989a0da4f5c7	989a0da4f5c71b0c05ffa31bdbac60d3af0d2680d91b8ba192341edbf8dc2635	P02766	8II4	PKQ	FEXBXMFVRKZOOZ-UHFFFAOYSA-N	CCc1oc2cc(O)ccc2c1C(=O)c1cc(Br)c(O)c(Br)c1	6.154901959985743	AF-P02766-F1	043613789f0ecec3340293ccfa5d299febcd59d4a1f64bdb04bc6053738c1e30	1	A	7ERK	1N1	33;35;37;72;74;76;126;128;129;130;137;138;139;141	33;35;37;72;74;76;126;128;129;130;137;138;139;141		alphafold_db_predicted_fixed_per_construct	False	True	False	14.0	102.0	1.0	0.0	0.14285714285714285	0.0	0.0	0.07142857142857142	0.0	0.0	0.07142857142857142	0.0	0.07142857142857142	0.14285714285714285	0.07142857142857142	0.0	0.0	0.0	0.0	0.14285714285714285	0.21428571428571427	0.07142857142857142	0.0	0.0	0.0	0.6176470588235294	0.16666666666666666	0.20588235294117646	0.00980392156862745	0.0	0.0	0.0	7.710562102734092	12.211214850640712	21.453	16.322	12.168	6.00702313887522	4.301632470874816	2.205538264155105	0.01098901098901099	0.1978021978021978	0.16483516483516483	0.14285714285714285	0.14285714285714285	0.24175824175824176	0.0989010989010989	0.0	0.0	0.37362637362637363	4.857142857142857	1.8844151368961315
RCSB-6FTZ-E7E-KD:S2	RCSB-6FTZ-E7E-KD	S2	construct-014-d42e073edd05	d42e073edd056c1ef440ee068596dffdb0ebd33b818916dda91aee772ab00ecd	P00746	6FTZ	E7E	BDFMFQJHWMAJCS-UHFFFAOYSA-N	NCc1cccc(NC(=O)c2cccc3[nH]c(C(N)=O)cc23)c1	3.0	AF-P00746-F1	ac7bb53647118e3a40d7ccea55d747f9f9e2cec63ba4c8aa3b29608cc319c6e2	1	A	5FBI	5WD	155;202;203;204;205;206;207;208;222;223;224;225;226;227;228;229;237	155;202;203;204;205;206;207;208;222;223;224;225;226;227;228;229;237		alphafold_db_predicted_fixed_per_construct	False	True	False	17.0	117.0	1.0	0.0	0.0	0.11764705882352941	0.11764705882352941	0.0	0.0	0.11764705882352941	0.0	0.11764705882352941	0.058823529411764705	0.0	0.0	0.0	0.0	0.0	0.058823529411764705	0.23529411764705882	0.058823529411764705	0.11764705882352941	0.0	0.0	0.0	0.5811965811965812	0.1794871794871795	0.2222222222222222	0.017094017094017096	0.0	0.0	0.0	6.89605954684103	9.840963783489963	15.633000000000001	15.208	14.77	4.363571028813173	4.188497884500655	3.3123059372004287	0.03676470588235294	0.13970588235294118	0.17647058823529413	0.22058823529411764	0.25735294117647056	0.16176470588235295	0.007352941176470588	0.0	0.0	0.35294117647058826	5.647058823529412	1.6428517698551697
RCSB-6FUH-E88-KD:S2	RCSB-6FUH-E88-KD	S2	construct-014-d42e073edd05	d42e073edd056c1ef440ee068596dffdb0ebd33b818916dda91aee772ab00ecd	P00746	6FUH	E88	SBAJWMCMBZQORT-KRWDZBQOSA-N	CC(C)[C@H](Nc1nc(Nc2cccc(CN)c2)c2ccccc2n1)C(=O)O	3.769551078621726	AF-P00746-F1	ac7bb53647118e3a40d7ccea55d747f9f9e2cec63ba4c8aa3b29608cc319c6e2	1	A	5FBI	5WD	155;202;203;204;205;206;207;208;222;223;224;225;226;227;228;229;237	155;202;203;204;205;206;207;208;222;223;224;225;226;227;228;229;237		alphafold_db_predicted_fixed_per_construct	False	True	False	17.0	117.0	1.0	0.0	0.0	0.11764705882352941	0.11764705882352941	0.0	0.0	0.11764705882352941	0.0	0.11764705882352941	0.058823529411764705	0.0	0.0	0.0	0.0	0.0	0.058823529411764705	0.23529411764705882	0.058823529411764705	0.11764705882352941	0.0	0.0	0.0	0.5811965811965812	0.1794871794871795	0.2222222222222222	0.017094017094017096	0.0	0.0	0.0	6.89605954684103	9.840963783489963	15.633000000000001	15.208	14.77	4.363571028813173	4.188497884500655	3.3123059372004287	0.03676470588235294	0.13970588235294118	0.17647058823529413	0.22058823529411764	0.25735294117647056	0.16176470588235295	0.007352941176470588	0.0	0.0	0.35294117647058826	5.647058823529412	1.6428517698551697
RCSB-6FUG-E85-KD:S2	RCSB-6FUG-E85-KD	S2	construct-014-d42e073edd05	d42e073edd056c1ef440ee068596dffdb0ebd33b818916dda91aee772ab00ecd	P00746	6FUG	E85	OUMZUIUUJCKLOT-UHFFFAOYSA-N	NCc1cccc(Nc2n[nH]c3ncnc(Nc4cccc(O)c4)c23)c1	4.301029995663981	AF-P00746-F1	ac7bb53647118e3a40d7ccea55d747f9f9e2cec63ba4c8aa3b29608cc319c6e2	1	A	5FBI	5WD	155;202;203;204;205;206;207;208;222;223;224;225;226;227;228;229;237	155;202;203;204;205;206;207;208;222;223;224;225;226;227;228;229;237		alphafold_db_predicted_fixed_per_construct	False	True	False	17.0	117.0	1.0	0.0	0.0	0.11764705882352941	0.11764705882352941	0.0	0.0	0.11764705882352941	0.0	0.11764705882352941	0.058823529411764705	0.0	0.0	0.0	0.0	0.0	0.058823529411764705	0.23529411764705882	0.058823529411764705	0.11764705882352941	0.0	0.0	0.0	0.5811965811965812	0.1794871794871795	0.2222222222222222	0.017094017094017096	0.0	0.0	0.0	6.89605954684103	9.840963783489963	15.633000000000001	15.208	14.77	4.363571028813173	4.188497884500655	3.3123059372004287	0.03676470588235294	0.13970588235294118	0.17647058823529413	0.22058823529411764	0.25735294117647056	0.16176470588235295	0.007352941176470588	0.0	0.0	0.35294117647058826	5.647058823529412	1.6428517698551697
RCSB-5MT4-M7O-KD:S2	RCSB-5MT4-M7O-KD	S2	construct-014-d42e073edd05	d42e073edd056c1ef440ee068596dffdb0ebd33b818916dda91aee772ab00ecd	P00746	5MT4	M7O	QCLRLHJAKXQKSY-UHFFFAOYSA-N	O=C(NCc1ccccc1)Nc1ccccc1C(=O)O	3.3010299956639813	AF-P00746-F1	ac7bb53647118e3a40d7ccea55d747f9f9e2cec63ba4c8aa3b29608cc319c6e2	1	A	5FBI	5WD	155;202;203;204;205;206;207;208;222;223;224;225;226;227;228;229;237	155;202;203;204;205;206;207;208;222;223;224;225;226;227;228;229;237		alphafold_db_predicted_fixed_per_construct	False	True	False	17.0	117.0	1.0	0.0	0.0	0.11764705882352941	0.11764705882352941	0.0	0.0	0.11764705882352941	0.0	0.11764705882352941	0.058823529411764705	0.0	0.0	0.0	0.0	0.0	0.058823529411764705	0.23529411764705882	0.058823529411764705	0.11764705882352941	0.0	0.0	0.0	0.5811965811965812	0.1794871794871795	0.2222222222222222	0.017094017094017096	0.0	0.0	0.0	6.89605954684103	9.840963783489963	15.633000000000001	15.208	14.77	4.363571028813173	4.188497884500655	3.3123059372004287	0.03676470588235294	0.13970588235294118	0.17647058823529413	0.22058823529411764	0.25735294117647056	0.16176470588235295	0.007352941176470588	0.0	0.0	0.35294117647058826	5.647058823529412	1.6428517698551697
RCSB-6FUI-E7W-KD:S2	RCSB-6FUI-E7W-KD	S2	construct-014-d42e073edd05	d42e073edd056c1ef440ee068596dffdb0ebd33b818916dda91aee772ab00ecd	P00746	6FUI	E7W	HGCXJWRMCKMKEG-MJGOQNOKSA-N	NCc1cccc(Nc2nc(N[C@H]3CCCC[C@H]3C(=O)O)nc3ccccc23)c1	4.455931955649724	AF-P00746-F1	ac7bb53647118e3a40d7ccea55d747f9f9e2cec63ba4c8aa3b29608cc319c6e2	1	A	5FBI	5WD	155;202;203;204;205;206;207;208;222;223;224;225;226;227;228;229;237	155;202;203;204;205;206;207;208;222;223;224;225;226;227;228;229;237		alphafold_db_predicted_fixed_per_construct	False	True	False	17.0	117.0	1.0	0.0	0.0	0.11764705882352941	0.11764705882352941	0.0	0.0	0.11764705882352941	0.0	0.11764705882352941	0.058823529411764705	0.0	0.0	0.0	0.0	0.0	0.058823529411764705	0.23529411764705882	0.058823529411764705	0.11764705882352941	0.0	0.0	0.0	0.5811965811965812	0.1794871794871795	0.2222222222222222	0.017094017094017096	0.0	0.0	0.0	6.89605954684103	9.840963783489963	15.633000000000001	15.208	14.77	4.363571028813173	4.188497884500655	3.3123059372004287	0.03676470588235294	0.13970588235294118	0.17647058823529413	0.22058823529411764	0.25735294117647056	0.16176470588235295	0.007352941176470588	0.0	0.0	0.35294117647058826	5.647058823529412	1.6428517698551697
RCSB-5LLE-V51-KD:S2	RCSB-5LLE-V51-KD	S2	construct-015-e6a24c903c1e	e6a24c903c1ef211037c64a6835a8a484f48b17be1cae50d6998913f21acf7d4	P00918	5LLE	V51	JWHCFABOVLDALW-IGOHWLOGSA-N	NS(=O)(=O)c1c(F)c(F)c(NC23CC4CC(CC(C4)C2)C3)c(F)c1F	8.301029995663981	AF-P00918-F1	173c4f1fa81ffb1a288c881040217d1473ed2d08cd792671252ee116cac10c7d	1	A	4HT0	V50	91;92;94;96;106;119;121;130;131;134;135;140;142;196;197;198;199;200;201;202;203;206;208	91;92;94;96;106;119;121;130;131;134;135;140;142;196;197;198;199;200;201;202;203;206;208		alphafold_db_predicted_fixed_per_construct	False	True	False	23.0	188.0	1.0	0.0	0.0	0.0	0.0	0.043478260869565216	0.043478260869565216	0.043478260869565216	0.13043478260869565	0.043478260869565216	0.0	0.17391304347826086	0.0	0.0	0.08695652173913043	0.08695652173913043	0.0	0.043478260869565216	0.08695652173913043	0.17391304347826086	0.043478260869565216	0.0	0.0	0.6702127659574468	0.1702127659574468	0.1595744680851064	0.0	0.0	0.0	0.0	8.738086359222233	15.385481775522814	26.322	19.532	18.197000000000003	6.1895920704381036	4.930033703232384	3.706463396256351	0.003952569169960474	0.11857707509881422	0.10276679841897234	0.14624505928853754	0.1541501976284585	0.35968379446640314	0.08695652173913043	0.02766798418972332	0.0	0.22529644268774704	4.956521739130435	1.5736487887699007
RCSB-6GOT-F6W-KD:S2	RCSB-6GOT-F6W-KD	S2	construct-015-e6a24c903c1e	e6a24c903c1ef211037c64a6835a8a484f48b17be1cae50d6998913f21acf7d4	P00918	6GOT	F6W	BIDLYFNXVUUEMA-UHFFFAOYSA-N	NS(=O)(=O)c1ccc(SCCc2ccccc2)cc1	7.6020599913279625	AF-P00918-F1	173c4f1fa81ffb1a288c881040217d1473ed2d08cd792671252ee116cac10c7d	1	A	4HT0	V50	91;92;94;96;106;119;121;130;131;134;135;140;142;196;197;198;199;200;201;202;203;206;208	91;92;94;96;106;119;121;130;131;134;135;140;142;196;197;198;199;200;201;202;203;206;208		alphafold_db_predicted_fixed_per_construct	False	True	False	23.0	188.0	1.0	0.0	0.0	0.0	0.0	0.043478260869565216	0.043478260869565216	0.043478260869565216	0.13043478260869565	0.043478260869565216	0.0	0.17391304347826086	0.0	0.0	0.08695652173913043	0.08695652173913043	0.0	0.043478260869565216	0.08695652173913043	0.17391304347826086	0.043478260869565216	0.0	0.0	0.6702127659574468	0.1702127659574468	0.1595744680851064	0.0	0.0	0.0	0.0	8.738086359222233	15.385481775522814	26.322	19.532	18.197000000000003	6.1895920704381036	4.930033703232384	3.706463396256351	0.003952569169960474	0.11857707509881422	0.10276679841897234	0.14624505928853754	0.1541501976284585	0.35968379446640314	0.08695652173913043	0.02766798418972332	0.0	0.22529644268774704	4.956521739130435	1.5736487887699007
RCSB-5LLG-VD9-KD:S2	RCSB-5LLG-VD9-KD	S2	construct-015-e6a24c903c1e	e6a24c903c1ef211037c64a6835a8a484f48b17be1cae50d6998913f21acf7d4	P00918	5LLG	VD9	QFWWUTSCPNTDPO-UHFFFAOYSA-N	CCCSc1ccc(S(N)(=O)=O)cc1	7.886056647693163	AF-P00918-F1	173c4f1fa81ffb1a288c881040217d1473ed2d08cd792671252ee116cac10c7d	1	A	4HT0	V50	91;92;94;96;106;119;121;130;131;134;135;140;142;196;197;198;199;200;201;202;203;206;208	91;92;94;96;106;119;121;130;131;134;135;140;142;196;197;198;199;200;201;202;203;206;208		alphafold_db_predicted_fixed_per_construct	False	True	False	23.0	188.0	1.0	0.0	0.0	0.0	0.0	0.043478260869565216	0.043478260869565216	0.043478260869565216	0.13043478260869565	0.043478260869565216	0.0	0.17391304347826086	0.0	0.0	0.08695652173913043	0.08695652173913043	0.0	0.043478260869565216	0.08695652173913043	0.17391304347826086	0.043478260869565216	0.0	0.0	0.6702127659574468	0.1702127659574468	0.1595744680851064	0.0	0.0	0.0	0.0	8.738086359222233	15.385481775522814	26.322	19.532	18.197000000000003	6.1895920704381036	4.930033703232384	3.706463396256351	0.003952569169960474	0.11857707509881422	0.10276679841897234	0.14624505928853754	0.1541501976284585	0.35968379446640314	0.08695652173913043	0.02766798418972332	0.0	0.22529644268774704	4.956521739130435	1.5736487887699007
RCSB-4QSB-EWY-KD:S2	RCSB-4QSB-EWY-KD	S2	construct-015-e6a24c903c1e	e6a24c903c1ef211037c64a6835a8a484f48b17be1cae50d6998913f21acf7d4	P00918	4QSB	EWY	NYRNFJQJOXIJHL-UHFFFAOYSA-N	Cc1cc(=O)[nH]c(SCC(=O)c2cccc(S(N)(=O)=O)c2)n1	5.903089986991944	AF-P00918-F1	173c4f1fa81ffb1a288c881040217d1473ed2d08cd792671252ee116cac10c7d	1	A	4HT0	V50	91;92;94;96;106;119;121;130;131;134;135;140;142;196;197;198;199;200;201;202;203;206;208	91;92;94;96;106;119;121;130;131;134;135;140;142;196;197;198;199;200;201;202;203;206;208		alphafold_db_predicted_fixed_per_construct	False	True	False	23.0	188.0	1.0	0.0	0.0	0.0	0.0	0.043478260869565216	0.043478260869565216	0.043478260869565216	0.13043478260869565	0.043478260869565216	0.0	0.17391304347826086	0.0	0.0	0.08695652173913043	0.08695652173913043	0.0	0.043478260869565216	0.08695652173913043	0.17391304347826086	0.043478260869565216	0.0	0.0	0.6702127659574468	0.1702127659574468	0.1595744680851064	0.0	0.0	0.0	0.0	8.738086359222233	15.385481775522814	26.322	19.532	18.197000000000003	6.1895920704381036	4.930033703232384	3.706463396256351	0.003952569169960474	0.11857707509881422	0.10276679841897234	0.14624505928853754	0.1541501976284585	0.35968379446640314	0.08695652173913043	0.02766798418972332	0.0	0.22529644268774704	4.956521739130435	1.5736487887699007
RCSB-5NLK-92E-KD:S2	RCSB-5NLK-92E-KD	S2	construct-016-fad0d613c720	fad0d613c720bf690dc06f3680b572e681578a5cfac0e6a2921c82863c76f76e	Q92793	5NLK	92E	CERSGKCXWDUOHE-UHFFFAOYSA-N	CCOc1ccc(C(C)=O)cc1NC(=O)c1cc(NC(C)=O)cc(NC(=O)c2ccco2)c1	7.455931955649724	AF-Q92793-F1	97b2856a1eef79649e537def9bc9ab3bbe9737a84ecfcaccafdeac1b87236376	1	A	5EP7	5QR	1106;1109;1110;1111;1113;1114;1115;1119;1120;1122;1125;1163;1164;1167;1168;1173;1174	1106;1109;1110;1111;1113;1114;1115;1119;1120;1122;1125;1163;1164;1167;1168;1173;1174		alphafold_db_predicted_fixed_per_construct	False	True	False	17.0	143.0	1.0	0.0	0.058823529411764705	0.0	0.0	0.0	0.058823529411764705	0.0	0.0	0.058823529411764705	0.0	0.17647058823529413	0.0	0.11764705882352941	0.17647058823529413	0.058823529411764705	0.058823529411764705	0.0	0.0	0.11764705882352941	0.0	0.11764705882352941	0.0	0.6853146853146853	0.16083916083916083	0.15384615384615385	0.0	0.0	0.0	0.0	8.641302034728119	14.318184779585911	22.576999999999998	20.044	19.538999999999998	5.833591001255303	5.051674352144684	3.8886891268592167	0.007352941176470588	0.08823529411764706	0.10294117647058823	0.17647058823529413	0.17647058823529413	0.27941176470588236	0.16911764705882354	0.0	0.0	0.19852941176470587	3.176470588235294	1.1997692973159495
RCSB-5MPZ-4I8-KD:S2	RCSB-5MPZ-4I8-KD	S2	construct-016-fad0d613c720	fad0d613c720bf690dc06f3680b572e681578a5cfac0e6a2921c82863c76f76e	Q92793	5MPZ	4I8	FUJBKRLYHYJMNF-UHFFFAOYSA-N	COC(=O)c1ccc2[nH]c(=O)oc2c1	4.070581074285707	AF-Q92793-F1	97b2856a1eef79649e537def9bc9ab3bbe9737a84ecfcaccafdeac1b87236376	1	A	5EP7	5QR	1106;1109;1110;1111;1113;1114;1115;1119;1120;1122;1125;1163;1164;1167;1168;1173;1174	1106;1109;1110;1111;1113;1114;1115;1119;1120;1122;1125;1163;1164;1167;1168;1173;1174		alphafold_db_predicted_fixed_per_construct	False	True	False	17.0	143.0	1.0	0.0	0.058823529411764705	0.0	0.0	0.0	0.058823529411764705	0.0	0.0	0.058823529411764705	0.0	0.17647058823529413	0.0	0.11764705882352941	0.17647058823529413	0.058823529411764705	0.058823529411764705	0.0	0.0	0.11764705882352941	0.0	0.11764705882352941	0.0	0.6853146853146853	0.16083916083916083	0.15384615384615385	0.0	0.0	0.0	0.0	8.641302034728119	14.318184779585911	22.576999999999998	20.044	19.538999999999998	5.833591001255303	5.051674352144684	3.8886891268592167	0.007352941176470588	0.08823529411764706	0.10294117647058823	0.17647058823529413	0.17647058823529413	0.27941176470588236	0.16911764705882354	0.0	0.0	0.19852941176470587	3.176470588235294	1.1997692973159495
RCSB-5H85-5XS-KD:S2	RCSB-5H85-5XS-KD	S2	construct-016-fad0d613c720	fad0d613c720bf690dc06f3680b572e681578a5cfac0e6a2921c82863c76f76e	Q92793	5H85	5XS	NEJKFBOKJSVKCS-UHFFFAOYSA-N	COC(=O)c1cccc(C(=O)Nc2ncnc3nc[nH]c23)c1	4.698970004336019	AF-Q92793-F1	97b2856a1eef79649e537def9bc9ab3bbe9737a84ecfcaccafdeac1b87236376	1	A	5EP7	5QR	1106;1109;1110;1111;1113;1114;1115;1119;1120;1122;1125;1163;1164;1167;1168;1173;1174	1106;1109;1110;1111;1113;1114;1115;1119;1120;1122;1125;1163;1164;1167;1168;1173;1174		alphafold_db_predicted_fixed_per_construct	False	True	False	17.0	143.0	1.0	0.0	0.058823529411764705	0.0	0.0	0.0	0.058823529411764705	0.0	0.0	0.058823529411764705	0.0	0.17647058823529413	0.0	0.11764705882352941	0.17647058823529413	0.058823529411764705	0.058823529411764705	0.0	0.0	0.11764705882352941	0.0	0.11764705882352941	0.0	0.6853146853146853	0.16083916083916083	0.15384615384615385	0.0	0.0	0.0	0.0	8.641302034728119	14.318184779585911	22.576999999999998	20.044	19.538999999999998	5.833591001255303	5.051674352144684	3.8886891268592167	0.007352941176470588	0.08823529411764706	0.10294117647058823	0.17647058823529413	0.17647058823529413	0.27941176470588236	0.16911764705882354	0.0	0.0	0.19852941176470587	3.176470588235294	1.1997692973159495
RCSB-5MQE-PKU-KD:S2	RCSB-5MQE-PKU-KD	S2	construct-016-fad0d613c720	fad0d613c720bf690dc06f3680b572e681578a5cfac0e6a2921c82863c76f76e	Q92793	5MQE	PKU	HQGRBJIXXLIGLE-UHFFFAOYSA-N	CNC(=O)c1cc(Br)c[nH]1	5.3979400086720375	AF-Q92793-F1	97b2856a1eef79649e537def9bc9ab3bbe9737a84ecfcaccafdeac1b87236376	1	A	5EP7	5QR	1106;1109;1110;1111;1113;1114;1115;1119;1120;1122;1125;1163;1164;1167;1168;1173;1174	1106;1109;1110;1111;1113;1114;1115;1119;1120;1122;1125;1163;1164;1167;1168;1173;1174		alphafold_db_predicted_fixed_per_construct	False	True	False	17.0	143.0	1.0	0.0	0.058823529411764705	0.0	0.0	0.0	0.058823529411764705	0.0	0.0	0.058823529411764705	0.0	0.17647058823529413	0.0	0.11764705882352941	0.17647058823529413	0.058823529411764705	0.058823529411764705	0.0	0.0	0.11764705882352941	0.0	0.11764705882352941	0.0	0.6853146853146853	0.16083916083916083	0.15384615384615385	0.0	0.0	0.0	0.0	8.641302034728119	14.318184779585911	22.576999999999998	20.044	19.538999999999998	5.833591001255303	5.051674352144684	3.8886891268592167	0.007352941176470588	0.08823529411764706	0.10294117647058823	0.17647058823529413	0.17647058823529413	0.27941176470588236	0.16911764705882354	0.0	0.0	0.19852941176470587	3.176470588235294	1.1997692973159495
RCSB-5MME-8Q6-KD:S2	RCSB-5MME-8Q6-KD	S2	construct-016-fad0d613c720	fad0d613c720bf690dc06f3680b572e681578a5cfac0e6a2921c82863c76f76e	Q92793	5MME	8Q6	UNAGVZCODUSBMG-UHFFFAOYSA-N	CCOc1ccc(C(C)=O)cc1Nc1cc(C(=O)OC)cc(C(=O)OC)c1	5.853871964321762	AF-Q92793-F1	97b2856a1eef79649e537def9bc9ab3bbe9737a84ecfcaccafdeac1b87236376	1	A	5EP7	5QR	1106;1109;1110;1111;1113;1114;1115;1119;1120;1122;1125;1163;1164;1167;1168;1173;1174	1106;1109;1110;1111;1113;1114;1115;1119;1120;1122;1125;1163;1164;1167;1168;1173;1174		alphafold_db_predicted_fixed_per_construct	False	True	False	17.0	143.0	1.0	0.0	0.058823529411764705	0.0	0.0	0.0	0.058823529411764705	0.0	0.0	0.058823529411764705	0.0	0.17647058823529413	0.0	0.11764705882352941	0.17647058823529413	0.058823529411764705	0.058823529411764705	0.0	0.0	0.11764705882352941	0.0	0.11764705882352941	0.0	0.6853146853146853	0.16083916083916083	0.15384615384615385	0.0	0.0	0.0	0.0	8.641302034728119	14.318184779585911	22.576999999999998	20.044	19.538999999999998	5.833591001255303	5.051674352144684	3.8886891268592167	0.007352941176470588	0.08823529411764706	0.10294117647058823	0.17647058823529413	0.17647058823529413	0.27941176470588236	0.16911764705882354	0.0	0.0	0.19852941176470587	3.176470588235294	1.1997692973159495
RCSB-7AVT-S3T-KD:S2	RCSB-7AVT-S3T-KD	S2	construct-017-11db684aee95	11db684aee95db542900a23de058467ceecfc6e98d1a0d124d73ce486cc9a27e	Q07889	7AVT	S3T	MNDALSIIIRYSTC-LLVKDONJSA-N	COc1cc2nc(C)nc(N[C@H](C)c3cccc(N)c3)c2cc1OC	6.910094888560602	AF-Q07889-F1	ea20a647bd0eeae0c06d8a086d00ed254e52c65400ab6e917f575a690b79289d	1	A	7AVL	S2Z	874;875;878;879;880;884;890;898;901;902;903;904;905;906;909	874;875;878;879;880;884;890;898;901;902;903;904;905;906;909		alphafold_db_predicted_fixed_per_construct	False	True	False	15.0	127.0	1.0	0.0	0.06666666666666667	0.0	0.0	0.26666666666666666	0.06666666666666667	0.0	0.06666666666666667	0.0	0.06666666666666667	0.06666666666666667	0.06666666666666667	0.06666666666666667	0.0	0.0	0.0	0.06666666666666667	0.0	0.13333333333333333	0.0	0.06666666666666667	0.0	0.6377952755905512	0.14960629921259844	0.2047244094488189	0.007874015748031496	0.0	0.0	0.0	7.833536539305182	12.786420245897322	19.704	18.524	15.972999999999999	5.669884672599437	4.347967327794426	3.211212018612848	0.0	0.1619047619047619	0.18095238095238095	0.08571428571428572	0.23809523809523808	0.26666666666666666	0.06666666666666667	0.0	0.0	0.34285714285714286	4.8	1.7587874611030558
RCSB-7AVS-S3Q-KD:S2	RCSB-7AVS-S3Q-KD	S2	construct-017-11db684aee95	11db684aee95db542900a23de058467ceecfc6e98d1a0d124d73ce486cc9a27e	Q07889	7AVS	S3Q	UWEJNKMEGIGAGY-LLVKDONJSA-N	COc1cc2nc(C)nc(N[C@H](C)c3cccc(C(F)(F)F)c3)c2cc1OC	6.982966660701219	AF-Q07889-F1	ea20a647bd0eeae0c06d8a086d00ed254e52c65400ab6e917f575a690b79289d	1	A	7AVL	S2Z	874;875;878;879;880;884;890;898;901;902;903;904;905;906;909	874;875;878;879;880;884;890;898;901;902;903;904;905;906;909		alphafold_db_predicted_fixed_per_construct	False	True	False	15.0	127.0	1.0	0.0	0.06666666666666667	0.0	0.0	0.26666666666666666	0.06666666666666667	0.0	0.06666666666666667	0.0	0.06666666666666667	0.06666666666666667	0.06666666666666667	0.06666666666666667	0.0	0.0	0.0	0.06666666666666667	0.0	0.13333333333333333	0.0	0.06666666666666667	0.0	0.6377952755905512	0.14960629921259844	0.2047244094488189	0.007874015748031496	0.0	0.0	0.0	7.833536539305182	12.786420245897322	19.704	18.524	15.972999999999999	5.669884672599437	4.347967327794426	3.211212018612848	0.0	0.1619047619047619	0.18095238095238095	0.08571428571428572	0.23809523809523808	0.26666666666666666	0.06666666666666667	0.0	0.0	0.34285714285714286	4.8	1.7587874611030558
RCSB-7AVU-S3Z-KD:S2	RCSB-7AVU-S3Z-KD	S2	construct-017-11db684aee95	11db684aee95db542900a23de058467ceecfc6e98d1a0d124d73ce486cc9a27e	Q07889	7AVU	S3Z	UCSYKUAZQWUWGJ-SNVBAGLBSA-N	COc1cc2nc(C)nc(N[C@H](C)c3cc(N)cc(C(F)(F)F)c3)c2cc1OC	7.795880017344075	AF-Q07889-F1	ea20a647bd0eeae0c06d8a086d00ed254e52c65400ab6e917f575a690b79289d	1	A	7AVL	S2Z	874;875;878;879;880;884;890;898;901;902;903;904;905;906;909	874;875;878;879;880;884;890;898;901;902;903;904;905;906;909		alphafold_db_predicted_fixed_per_construct	False	True	False	15.0	127.0	1.0	0.0	0.06666666666666667	0.0	0.0	0.26666666666666666	0.06666666666666667	0.0	0.06666666666666667	0.0	0.06666666666666667	0.06666666666666667	0.06666666666666667	0.06666666666666667	0.0	0.0	0.0	0.06666666666666667	0.0	0.13333333333333333	0.0	0.06666666666666667	0.0	0.6377952755905512	0.14960629921259844	0.2047244094488189	0.007874015748031496	0.0	0.0	0.0	7.833536539305182	12.786420245897322	19.704	18.524	15.972999999999999	5.669884672599437	4.347967327794426	3.211212018612848	0.0	0.1619047619047619	0.18095238095238095	0.08571428571428572	0.23809523809523808	0.26666666666666666	0.06666666666666667	0.0	0.0	0.34285714285714286	4.8	1.7587874611030558
RCSB-7AVV-S2W-KD:S2	RCSB-7AVV-S2W-KD	S2	construct-017-11db684aee95	11db684aee95db542900a23de058467ceecfc6e98d1a0d124d73ce486cc9a27e	Q07889	7AVV	S2W	CVDHTLSRRHNJAW-SNVBAGLBSA-N	Cc1nc(N[C@H](C)c2cc(N)cc(C(F)(F)F)c2)c2ccccc2n1	6.455931955649724	AF-Q07889-F1	ea20a647bd0eeae0c06d8a086d00ed254e52c65400ab6e917f575a690b79289d	1	A	7AVL	S2Z	874;875;878;879;880;884;890;898;901;902;903;904;905;906;909	874;875;878;879;880;884;890;898;901;902;903;904;905;906;909		alphafold_db_predicted_fixed_per_construct	False	True	False	15.0	127.0	1.0	0.0	0.06666666666666667	0.0	0.0	0.26666666666666666	0.06666666666666667	0.0	0.06666666666666667	0.0	0.06666666666666667	0.06666666666666667	0.06666666666666667	0.06666666666666667	0.0	0.0	0.0	0.06666666666666667	0.0	0.13333333333333333	0.0	0.06666666666666667	0.0	0.6377952755905512	0.14960629921259844	0.2047244094488189	0.007874015748031496	0.0	0.0	0.0	7.833536539305182	12.786420245897322	19.704	18.524	15.972999999999999	5.669884672599437	4.347967327794426	3.211212018612848	0.0	0.1619047619047619	0.18095238095238095	0.08571428571428572	0.23809523809523808	0.26666666666666666	0.06666666666666667	0.0	0.0	0.34285714285714286	4.8	1.7587874611030558
RCSB-6PDH-OAV-KD:S2	RCSB-6PDH-OAV-KD	S2	construct-018-17684ef8ed95	17684ef8ed9582b1aad81bb33a2cecbe3d21031365dc007726680ba05869a483	P0AEG4	6PDH	OAV	ABKHTUJKHPJZLS-UHFFFAOYSA-N	CCN(CCn1cccn1)C(=O)Cc1ccc(Oc2ccc(C#N)c(C)c2)cc1	4.2076083105017466	AF-P0AEG4-F1	fe3e95031ff8aae931ebeabfeaba2595059e2489f09a8c238778000c40f320ab	1	A	6PBI	O6Y	49;51;54;55;58;59;167;168;169;170;182;183;187;189;190;193	49;51;54;55;58;59;167;168;169;170;182;183;187;189;190;193		alphafold_db_predicted_fixed_per_construct	False	True	False	16.0	130.0	1.0	0.0	0.0	0.0625	0.0	0.0	0.125	0.0625	0.0625	0.0	0.0	0.0625	0.0625	0.0625	0.125	0.125	0.0625	0.0	0.0625	0.125	0.0	0.0	0.0	0.6461538461538462	0.18461538461538463	0.15384615384615385	0.015384615384615385	0.0	0.0	0.0	9.51034188625372	19.02357622810622	27.529000000000003	24.733	11.661000000000001	7.509348444103266	5.308955378488034	2.4230727450282616	0.025	0.058333333333333334	0.14166666666666666	0.11666666666666667	0.14166666666666666	0.30833333333333335	0.11666666666666667	0.09166666666666666	0.0	0.225	3.375	1.3169567191065923
RCSB-6WHD-KFS-KD:S2	RCSB-6WHD-KFS-KD	S2	construct-018-17684ef8ed95	17684ef8ed9582b1aad81bb33a2cecbe3d21031365dc007726680ba05869a483	P0AEG4	6WHD	KFS	VDBBDYPELPDNGF-UHFFFAOYSA-N	Cc1cc(Oc2ccc(CC(=O)O)cc2)ccc1C#N	3.309803919971486	AF-P0AEG4-F1	fe3e95031ff8aae931ebeabfeaba2595059e2489f09a8c238778000c40f320ab	1	A	6PBI	O6Y	49;51;54;55;58;59;167;168;169;170;182;183;187;189;190;193	49;51;54;55;58;59;167;168;169;170;182;183;187;189;190;193		alphafold_db_predicted_fixed_per_construct	False	True	False	16.0	130.0	1.0	0.0	0.0	0.0625	0.0	0.0	0.125	0.0625	0.0625	0.0	0.0	0.0625	0.0625	0.0625	0.125	0.125	0.0625	0.0	0.0625	0.125	0.0	0.0	0.0	0.6461538461538462	0.18461538461538463	0.15384615384615385	0.015384615384615385	0.0	0.0	0.0	9.51034188625372	19.02357622810622	27.529000000000003	24.733	11.661000000000001	7.509348444103266	5.308955378488034	2.4230727450282616	0.025	0.058333333333333334	0.14166666666666666	0.11666666666666667	0.14166666666666666	0.30833333333333335	0.11666666666666667	0.09166666666666666	0.0	0.225	3.375	1.3169567191065923
RCSB-6PG1-O7P-KD:S2	RCSB-6PG1-O7P-KD	S2	construct-018-17684ef8ed95	17684ef8ed9582b1aad81bb33a2cecbe3d21031365dc007726680ba05869a483	P0AEG4	6PG1	O7P	WFOOODRZHBDNTB-UHFFFAOYSA-N	Cc1cc(Oc2ccc(CC(=O)N3CCN(C)C(=O)C3)cc2)ccc1C#N	3.3187587626244124	AF-P0AEG4-F1	fe3e95031ff8aae931ebeabfeaba2595059e2489f09a8c238778000c40f320ab	1	A	6PBI	O6Y	49;51;54;55;58;59;167;168;169;170;182;183;187;189;190;193	49;51;54;55;58;59;167;168;169;170;182;183;187;189;190;193		alphafold_db_predicted_fixed_per_construct	False	True	False	16.0	130.0	1.0	0.0	0.0	0.0625	0.0	0.0	0.125	0.0625	0.0625	0.0	0.0	0.0625	0.0625	0.0625	0.125	0.125	0.0625	0.0	0.0625	0.125	0.0	0.0	0.0	0.6461538461538462	0.18461538461538463	0.15384615384615385	0.015384615384615385	0.0	0.0	0.0	9.51034188625372	19.02357622810622	27.529000000000003	24.733	11.661000000000001	7.509348444103266	5.308955378488034	2.4230727450282616	0.025	0.058333333333333334	0.14166666666666666	0.11666666666666667	0.14166666666666666	0.30833333333333335	0.11666666666666667	0.09166666666666666	0.0	0.225	3.375	1.3169567191065923
RCSB-6PLI-ONY-KD:S2	RCSB-6PLI-ONY-KD	S2	construct-018-17684ef8ed95	17684ef8ed9582b1aad81bb33a2cecbe3d21031365dc007726680ba05869a483	P0AEG4	6PLI	ONY	IRHPSNSMVQKDNH-UHFFFAOYSA-N	Cc1nc(CCN(C)C(=O)Cc2ccc(Oc3ccc(C#N)c(C)c3)cc2)no1	3.638272163982407	AF-P0AEG4-F1	fe3e95031ff8aae931ebeabfeaba2595059e2489f09a8c238778000c40f320ab	1	A	6PBI	O6Y	49;51;54;55;58;59;167;168;169;170;182;183;187;189;190;193	49;51;54;55;58;59;167;168;169;170;182;183;187;189;190;193		alphafold_db_predicted_fixed_per_construct	False	True	False	16.0	130.0	1.0	0.0	0.0	0.0625	0.0	0.0	0.125	0.0625	0.0625	0.0	0.0	0.0625	0.0625	0.0625	0.125	0.125	0.0625	0.0	0.0625	0.125	0.0	0.0	0.0	0.6461538461538462	0.18461538461538463	0.15384615384615385	0.015384615384615385	0.0	0.0	0.0	9.51034188625372	19.02357622810622	27.529000000000003	24.733	11.661000000000001	7.509348444103266	5.308955378488034	2.4230727450282616	0.025	0.058333333333333334	0.14166666666666666	0.11666666666666667	0.14166666666666666	0.30833333333333335	0.11666666666666667	0.09166666666666666	0.0	0.225	3.375	1.3169567191065923
RCSB-5BOJ-4TX-KD:S2	RCSB-5BOJ-4TX-KD	S2	construct-019-1be38543a2db	1be38543a2db6ca4b3174a623300252e6f33aa0ea487c0c122a2d72db9e98cb4	P02766	5BOJ	4TX	HEMJJKBWTPKOJG-UHFFFAOYSA-N	Cc1ccc(C)c(OCCCC(C)(C)C(=O)O)c1	7.0	AF-P02766-F1	043613789f0ecec3340293ccfa5d299febcd59d4a1f64bdb04bc6053738c1e30	1	A	3P3R	3M1	33;35;37;74;126;127;128;129;130;137;138;139;140;141	33;35;37;74;126;127;128;129;130;137;138;139;140;141		alphafold_db_predicted_fixed_per_construct	False	True	False	14.0	99.0	1.0	0.0	0.21428571428571427	0.0	0.0	0.07142857142857142	0.0	0.0	0.0	0.07142857142857142	0.07142857142857142	0.14285714285714285	0.07142857142857142	0.0	0.0	0.0	0.0	0.07142857142857142	0.21428571428571427	0.07142857142857142	0.0	0.0	0.0	0.6363636363636364	0.15151515151515152	0.20202020202020202	0.010101010101010102	0.0	0.0	0.0	6.8774280565330885	10.624100476905003	18.409	16.322	13.329	4.842217763473465	4.372021674671085	2.1765500867420347	0.02197802197802198	0.23076923076923078	0.23076923076923078	0.12087912087912088	0.1978021978021978	0.18681318681318682	0.01098901098901099	0.0	0.0	0.4835164835164835	6.285714285714286	2.2497165354319457
RCSB-4WO0-AGI-KD:S2	RCSB-4WO0-AGI-KD	S2	construct-019-1be38543a2db	1be38543a2db6ca4b3174a623300252e6f33aa0ea487c0c122a2d72db9e98cb4	P02766	4WO0	AGI	KZNIFHPLKGYRTM-UHFFFAOYSA-N	O=c1cc(-c2ccc(O)cc2)oc2cc(O)cc(O)c12	6.6020599913279625	AF-P02766-F1	043613789f0ecec3340293ccfa5d299febcd59d4a1f64bdb04bc6053738c1e30	1	A	3P3R	3M1	33;35;37;74;126;127;128;129;130;137;138;139;140;141	33;35;37;74;126;127;128;129;130;137;138;139;140;141		alphafold_db_predicted_fixed_per_construct	False	True	False	14.0	99.0	1.0	0.0	0.21428571428571427	0.0	0.0	0.07142857142857142	0.0	0.0	0.0	0.07142857142857142	0.07142857142857142	0.14285714285714285	0.07142857142857142	0.0	0.0	0.0	0.0	0.07142857142857142	0.21428571428571427	0.07142857142857142	0.0	0.0	0.0	0.6363636363636364	0.15151515151515152	0.20202020202020202	0.010101010101010102	0.0	0.0	0.0	6.8774280565330885	10.624100476905003	18.409	16.322	13.329	4.842217763473465	4.372021674671085	2.1765500867420347	0.02197802197802198	0.23076923076923078	0.23076923076923078	0.12087912087912088	0.1978021978021978	0.18681318681318682	0.01098901098901099	0.0	0.0	0.4835164835164835	6.285714285714286	2.2497165354319457
RCSB-4QXV-LU2-KD:S2	RCSB-4QXV-LU2-KD	S2	construct-019-1be38543a2db	1be38543a2db6ca4b3174a623300252e6f33aa0ea487c0c122a2d72db9e98cb4	P02766	4QXV	LU2	IQPNAANSBPBGFQ-UHFFFAOYSA-N	O=c1cc(-c2ccc(O)c(O)c2)oc2cc(O)cc(O)c12	7.154901959985743	AF-P02766-F1	043613789f0ecec3340293ccfa5d299febcd59d4a1f64bdb04bc6053738c1e30	1	A	3P3R	3M1	33;35;37;74;126;127;128;129;130;137;138;139;140;141	33;35;37;74;126;127;128;129;130;137;138;139;140;141		alphafold_db_predicted_fixed_per_construct	False	True	False	14.0	99.0	1.0	0.0	0.21428571428571427	0.0	0.0	0.07142857142857142	0.0	0.0	0.0	0.07142857142857142	0.07142857142857142	0.14285714285714285	0.07142857142857142	0.0	0.0	0.0	0.0	0.07142857142857142	0.21428571428571427	0.07142857142857142	0.0	0.0	0.0	0.6363636363636364	0.15151515151515152	0.20202020202020202	0.010101010101010102	0.0	0.0	0.0	6.8774280565330885	10.624100476905003	18.409	16.322	13.329	4.842217763473465	4.372021674671085	2.1765500867420347	0.02197802197802198	0.23076923076923078	0.23076923076923078	0.12087912087912088	0.1978021978021978	0.18681318681318682	0.01098901098901099	0.0	0.0	0.4835164835164835	6.285714285714286	2.2497165354319457
RCSB-3RJW-CIQ-KD:S2	RCSB-3RJW-CIQ-KD	S2	construct-020-2acb35da5928	2acb35da5928b53ae053d27888f8b46ac564433b4e6d30fc36092001e0437d0a	Q96KQ7	3RJW	CIQ	QOECJCJVIMVJGX-UHFFFAOYSA-N	COc1cc2c(NC3CCN(C(C)C)CC3)nc(C3CCCCC3)nc2cc1OCCCN1CCCC1	5.847711655616943	AF-Q96KQ7-F1	80c23a5e513fafd14135433f2f7f3259c78c55d53c4ea8e3bde122c3a32a10bd	1	A	3K5K	DXQ	1067;1074;1077;1078;1079;1080;1081;1083;1084;1085;1086;1087;1088;1096;1097;1098;1152;1154;1155;1157;1158;1159;1161;1162	1067;1074;1077;1078;1079;1080;1081;1083;1084;1085;1086;1087;1088;1096;1097;1098;1152;1154;1155;1157;1158;1159;1161;1162		alphafold_db_predicted_fixed_per_construct	False	True	False	24.0	218.0	1.0	0.0	0.041666666666666664	0.041666666666666664	0.16666666666666666	0.041666666666666664	0.125	0.041666666666666664	0.0	0.041666666666666664	0.041666666666666664	0.041666666666666664	0.0	0.0	0.0	0.0	0.08333333333333333	0.041666666666666664	0.0	0.08333333333333333	0.041666666666666664	0.16666666666666666	0.0	0.6697247706422018	0.14678899082568808	0.17889908256880735	0.0045871559633027525	0.0	0.0	0.0	9.524926698168525	16.726212021058874	25.170999999999996	23.207	21.749	6.6777935371008885	5.428644548730475	4.081803577449072	0.0036231884057971015	0.07608695652173914	0.11231884057971014	0.13043478260869565	0.18115942028985507	0.2717391304347826	0.18840579710144928	0.036231884057971016	0.0	0.19202898550724637	4.416666666666667	1.6811867501526678
RCSB-5TTF-7KZ-KD:S2	RCSB-5TTF-7KZ-KD	S2	construct-020-2acb35da5928	2acb35da5928b53ae053d27888f8b46ac564433b4e6d30fc36092001e0437d0a	Q96KQ7	5TTF	7KZ	ZYNUWSFRZCRKSN-UHFFFAOYSA-N	CCCCCCNc1nc(NC2CCN(C)CC2)c2cc(OC)c(OC)cc2n1	6.214670164989233	AF-Q96KQ7-F1	80c23a5e513fafd14135433f2f7f3259c78c55d53c4ea8e3bde122c3a32a10bd	1	A	3K5K	DXQ	1067;1074;1077;1078;1079;1080;1081;1083;1084;1085;1086;1087;1088;1096;1097;1098;1152;1154;1155;1157;1158;1159;1161;1162	1067;1074;1077;1078;1079;1080;1081;1083;1084;1085;1086;1087;1088;1096;1097;1098;1152;1154;1155;1157;1158;1159;1161;1162		alphafold_db_predicted_fixed_per_construct	False	True	False	24.0	218.0	1.0	0.0	0.041666666666666664	0.041666666666666664	0.16666666666666666	0.041666666666666664	0.125	0.041666666666666664	0.0	0.041666666666666664	0.041666666666666664	0.041666666666666664	0.0	0.0	0.0	0.0	0.08333333333333333	0.041666666666666664	0.0	0.08333333333333333	0.041666666666666664	0.16666666666666666	0.0	0.6697247706422018	0.14678899082568808	0.17889908256880735	0.0045871559633027525	0.0	0.0	0.0	9.524926698168525	16.726212021058874	25.170999999999996	23.207	21.749	6.6777935371008885	5.428644548730475	4.081803577449072	0.0036231884057971015	0.07608695652173914	0.11231884057971014	0.13043478260869565	0.18115942028985507	0.2717391304347826	0.18840579710144928	0.036231884057971016	0.0	0.19202898550724637	4.416666666666667	1.6811867501526678
RCSB-7T7L-G4R-KD:S2	RCSB-7T7L-G4R-KD	S2	construct-020-2acb35da5928	2acb35da5928b53ae053d27888f8b46ac564433b4e6d30fc36092001e0437d0a	Q96KQ7	7T7L	G4R	JBMUWBUCVSKHLE-UHFFFAOYSA-N	C=CC(=O)Nc1nc(NC2CCN(C(C)C)CC2)c2cc(OC)c(OCCCN3CCCC3)cc2n1	6.102372908709558	AF-Q96KQ7-F1	80c23a5e513fafd14135433f2f7f3259c78c55d53c4ea8e3bde122c3a32a10bd	1	A	3K5K	DXQ	1067;1074;1077;1078;1079;1080;1081;1083;1084;1085;1086;1087;1088;1096;1097;1098;1152;1154;1155;1157;1158;1159;1161;1162	1067;1074;1077;1078;1079;1080;1081;1083;1084;1085;1086;1087;1088;1096;1097;1098;1152;1154;1155;1157;1158;1159;1161;1162		alphafold_db_predicted_fixed_per_construct	False	True	False	24.0	218.0	1.0	0.0	0.041666666666666664	0.041666666666666664	0.16666666666666666	0.041666666666666664	0.125	0.041666666666666664	0.0	0.041666666666666664	0.041666666666666664	0.041666666666666664	0.0	0.0	0.0	0.0	0.08333333333333333	0.041666666666666664	0.0	0.08333333333333333	0.041666666666666664	0.16666666666666666	0.0	0.6697247706422018	0.14678899082568808	0.17889908256880735	0.0045871559633027525	0.0	0.0	0.0	9.524926698168525	16.726212021058874	25.170999999999996	23.207	21.749	6.6777935371008885	5.428644548730475	4.081803577449072	0.0036231884057971015	0.07608695652173914	0.11231884057971014	0.13043478260869565	0.18115942028985507	0.2717391304347826	0.18840579710144928	0.036231884057971016	0.0	0.19202898550724637	4.416666666666667	1.6811867501526678
RCSB-7X73-J26-KD:S2	RCSB-7X73-J26-KD	S2	construct-020-2acb35da5928	2acb35da5928b53ae053d27888f8b46ac564433b4e6d30fc36092001e0437d0a	Q96KQ7	7X73	J26	OWORSODZTADOQX-IBGZPJMESA-N	Cc1c(C(=O)N[C@@H](CCC2CC2)C(=O)Nc2ccc(C#N)cc2)[nH]c2c1C(=O)CC(C)(C)C2	6.1249387366083	AF-Q96KQ7-F1	80c23a5e513fafd14135433f2f7f3259c78c55d53c4ea8e3bde122c3a32a10bd	1	A	3K5K	DXQ	1067;1074;1077;1078;1079;1080;1081;1083;1084;1085;1086;1087;1088;1096;1097;1098;1152;1154;1155;1157;1158;1159;1161;1162	1067;1074;1077;1078;1079;1080;1081;1083;1084;1085;1086;1087;1088;1096;1097;1098;1152;1154;1155;1157;1158;1159;1161;1162		alphafold_db_predicted_fixed_per_construct	False	True	False	24.0	218.0	1.0	0.0	0.041666666666666664	0.041666666666666664	0.16666666666666666	0.041666666666666664	0.125	0.041666666666666664	0.0	0.041666666666666664	0.041666666666666664	0.041666666666666664	0.0	0.0	0.0	0.0	0.08333333333333333	0.041666666666666664	0.0	0.08333333333333333	0.041666666666666664	0.16666666666666666	0.0	0.6697247706422018	0.14678899082568808	0.17889908256880735	0.0045871559633027525	0.0	0.0	0.0	9.524926698168525	16.726212021058874	25.170999999999996	23.207	21.749	6.6777935371008885	5.428644548730475	4.081803577449072	0.0036231884057971015	0.07608695652173914	0.11231884057971014	0.13043478260869565	0.18115942028985507	0.2717391304347826	0.18840579710144928	0.036231884057971016	0.0	0.19202898550724637	4.416666666666667	1.6811867501526678
RCSB-4K9X-8AW-KD:S2	RCSB-4K9X-8AW-KD	S2	construct-022-46b8fca0fc9d	46b8fca0fc9ded15fa7688f7d5ca0a1847515ff0884a5e3ba90386ea204f16d2	P08684	4K9X	8AW	BKYKAZAUMANNMI-FTBPSBKWSA-N	CC[C@H](C)C(=O)N[C@H](CC[C@H](Cc1ccccc1)NC(=O)OCc1cncs1)Cc1ccccc1	6.795880017344075	AF-P08684-F1	4c7939d24b4a441f1d3552fbaed07590ae7fd834f78a47e2e8f2a85f1ff24658	1	A	4K9W	7AW	50;53;57;76;105;106;108;114;119;120;210;211;213;215;224;241;300;301;304;305;309;369;370;371;372;373;374;442;481;482	50;53;57;76;105;106;108;114;119;120;210;211;213;215;224;241;300;301;304;305;309;369;370;371;372;373;374;442;481;482		alphafold_db_predicted_fixed_per_construct	False	True	False	30.0	256.0	1.0	0.0	0.06666666666666667	0.03333333333333333	0.03333333333333333	0.03333333333333333	0.2	0.03333333333333333	0.0	0.16666666666666666	0.0	0.13333333333333333	0.06666666666666667	0.0	0.0	0.0	0.1	0.03333333333333333	0.06666666666666667	0.0	0.0	0.03333333333333333	0.0	0.6875	0.15234375	0.1484375	0.01171875	0.0	0.0	0.0	10.640607230007934	16.047698121639293	29.735	23.057	22.470000000000002	7.699422067557854	5.396495114602031	4.981893468047732	0.006896551724137931	0.034482758620689655	0.08735632183908046	0.09195402298850575	0.11954022988505747	0.30344827586206896	0.22528735632183908	0.1310344827586207	0.0	0.12873563218390804	3.7333333333333334	1.2364824660660938
RCSB-4K9V-6AW-KD:S2	RCSB-4K9V-6AW-KD	S2	construct-022-46b8fca0fc9d	46b8fca0fc9ded15fa7688f7d5ca0a1847515ff0884a5e3ba90386ea204f16d2	P08684	4K9V	6AW	SUQJOWRIFVHNKN-WFXMLNOXSA-N	CC[C@@H](CC[C@H](CC)NC(=O)[C@H](CO)NC(=O)N(C)Cc1csc(C(C)C)n1)NC(=O)OCc1cncs1	5.638272163982407	AF-P08684-F1	4c7939d24b4a441f1d3552fbaed07590ae7fd834f78a47e2e8f2a85f1ff24658	1	A	4K9W	7AW	50;53;57;76;105;106;108;114;119;120;210;211;213;215;224;241;300;301;304;305;309;369;370;371;372;373;374;442;481;482	50;53;57;76;105;106;108;114;119;120;210;211;213;215;224;241;300;301;304;305;309;369;370;371;372;373;374;442;481;482		alphafold_db_predicted_fixed_per_construct	False	True	False	30.0	256.0	1.0	0.0	0.06666666666666667	0.03333333333333333	0.03333333333333333	0.03333333333333333	0.2	0.03333333333333333	0.0	0.16666666666666666	0.0	0.13333333333333333	0.06666666666666667	0.0	0.0	0.0	0.1	0.03333333333333333	0.06666666666666667	0.0	0.0	0.03333333333333333	0.0	0.6875	0.15234375	0.1484375	0.01171875	0.0	0.0	0.0	10.640607230007934	16.047698121639293	29.735	23.057	22.470000000000002	7.699422067557854	5.396495114602031	4.981893468047732	0.006896551724137931	0.034482758620689655	0.08735632183908046	0.09195402298850575	0.11954022988505747	0.30344827586206896	0.22528735632183908	0.1310344827586207	0.0	0.12873563218390804	3.7333333333333334	1.2364824660660938
RCSB-4D7D-PKT-KD:S2	RCSB-4D7D-PKT-KD	S2	construct-022-46b8fca0fc9d	46b8fca0fc9ded15fa7688f7d5ca0a1847515ff0884a5e3ba90386ea204f16d2	P08684	4D7D	PKT	KSORMZFPXQKUAB-FQEVSTJZSA-N	CC(C)(C)OC(=O)N[C@H](CSCCC(=O)NCc1cccnc1)Cc1c[nH]c2ccccc12	6.301029995663981	AF-P08684-F1	4c7939d24b4a441f1d3552fbaed07590ae7fd834f78a47e2e8f2a85f1ff24658	1	A	4K9W	7AW	50;53;57;76;105;106;108;114;119;120;210;211;213;215;224;241;300;301;304;305;309;369;370;371;372;373;374;442;481;482	50;53;57;76;105;106;108;114;119;120;210;211;213;215;224;241;300;301;304;305;309;369;370;371;372;373;374;442;481;482		alphafold_db_predicted_fixed_per_construct	False	True	False	30.0	256.0	1.0	0.0	0.06666666666666667	0.03333333333333333	0.03333333333333333	0.03333333333333333	0.2	0.03333333333333333	0.0	0.16666666666666666	0.0	0.13333333333333333	0.06666666666666667	0.0	0.0	0.0	0.1	0.03333333333333333	0.06666666666666667	0.0	0.0	0.03333333333333333	0.0	0.6875	0.15234375	0.1484375	0.01171875	0.0	0.0	0.0	10.640607230007934	16.047698121639293	29.735	23.057	22.470000000000002	7.699422067557854	5.396495114602031	4.981893468047732	0.006896551724137931	0.034482758620689655	0.08735632183908046	0.09195402298850575	0.11954022988505747	0.30344827586206896	0.22528735632183908	0.1310344827586207	0.0	0.12873563218390804	3.7333333333333334	1.2364824660660938
RCSB-4D78-J9K-KD:S2	RCSB-4D78-J9K-KD	S2	construct-022-46b8fca0fc9d	46b8fca0fc9ded15fa7688f7d5ca0a1847515ff0884a5e3ba90386ea204f16d2	P08684	4D78	J9K	MVQZDJDMEHCEJW-FQEVSTJZSA-N	CC(C)(C)OC(=O)N[C@H](CSCCC(=O)NCc1cccnc1)Cc1ccccc1	6.045757490560675	AF-P08684-F1	4c7939d24b4a441f1d3552fbaed07590ae7fd834f78a47e2e8f2a85f1ff24658	1	A	4K9W	7AW	50;53;57;76;105;106;108;114;119;120;210;211;213;215;224;241;300;301;304;305;309;369;370;371;372;373;374;442;481;482	50;53;57;76;105;106;108;114;119;120;210;211;213;215;224;241;300;301;304;305;309;369;370;371;372;373;374;442;481;482		alphafold_db_predicted_fixed_per_construct	False	True	False	30.0	256.0	1.0	0.0	0.06666666666666667	0.03333333333333333	0.03333333333333333	0.03333333333333333	0.2	0.03333333333333333	0.0	0.16666666666666666	0.0	0.13333333333333333	0.06666666666666667	0.0	0.0	0.0	0.1	0.03333333333333333	0.06666666666666667	0.0	0.0	0.03333333333333333	0.0	0.6875	0.15234375	0.1484375	0.01171875	0.0	0.0	0.0	10.640607230007934	16.047698121639293	29.735	23.057	22.470000000000002	7.699422067557854	5.396495114602031	4.981893468047732	0.006896551724137931	0.034482758620689655	0.08735632183908046	0.09195402298850575	0.11954022988505747	0.30344827586206896	0.22528735632183908	0.1310344827586207	0.0	0.12873563218390804	3.7333333333333334	1.2364824660660938
RCSB-5J1R-6FG-KD:S2	RCSB-5J1R-6FG-KD	S2	construct-025-8861b7ad0d67	8861b7ad0d677d8417e4b2d204a1a814757a0d7978c9b8e429f70da9f0d4cc02	P9WMC1	5J1R	6FG	SGKPSOSDSZDXFD-UHFFFAOYSA-N	O=C(CCc1ccoc1)N1CCCC1	4.657577319177793	AF-P9WMC1-F1	16ce61fe40bbda70bce2151ace0e3b5a73f8d42dfac3167bd86c716416fc3d94	1	A	5J3L	6FR	87;103;106;107;110;114;138;142;145;148;149;175;176;177;179;180;183;184;207	87;103;106;107;110;114;138;142;145;148;149;175;176;177;179;180;183;184;207		alphafold_db_predicted_fixed_per_construct	False	True	False	19.0	185.0	1.0	0.0	0.0	0.0	0.0	0.05263157894736842	0.15789473684210525	0.05263157894736842	0.0	0.05263157894736842	0.0	0.21052631578947367	0.05263157894736842	0.10526315789473684	0.0	0.0	0.0	0.0	0.05263157894736842	0.0	0.21052631578947367	0.05263157894736842	0.0	0.7243243243243244	0.13513513513513514	0.13513513513513514	0.005405405405405406	0.0	0.0	0.0	8.397490699382972	13.476092053316206	21.84	19.976	16.654	6.0209658529715835	4.420136000769908	3.837736048541053	0.005847953216374269	0.08187134502923976	0.1695906432748538	0.14035087719298245	0.25146198830409355	0.25146198830409355	0.09941520467836257	0.0	0.0	0.2573099415204678	4.631578947368421	1.6290302674254906
RCSB-4MP7-PFT-KD:S2	RCSB-4MP7-PFT-KD	S2	construct-026-997c3e281e6e	997c3e281e6e11dac489ba593cb5a0984827e53dbec97b282c143a25a519a182	Q15119	4MP7	PFT	FYANAIGOGAIFAF-UHFFFAOYSA-N	O=C(c1ccc(O)cc1O)N1Cc2ccccc2C1	5.738261452647462	AF-Q15119-F1	5202ced10efd6aa5e90cd985603c3857dbd5ffbb8b15a8188c2f87dec7344b2f	1	A	4MPC	PV2	251;252;253;255;256;258;259;260;262;263;288;290;292;293;294;295;300;303;330;346;348;353;354;356	251;252;253;255;256;258;259;260;262;263;288;290;292;293;294;295;300;303;330;346;348;353;354;356		alphafold_db_predicted_fixed_per_construct	False	True	False	24.0	168.0	1.0	0.0	0.125	0.0	0.041666666666666664	0.08333333333333333	0.041666666666666664	0.16666666666666666	0.0	0.041666666666666664	0.0	0.16666666666666666	0.041666666666666664	0.041666666666666664	0.0	0.0	0.041666666666666664	0.08333333333333333	0.08333333333333333	0.041666666666666664	0.0	0.0	0.0	0.6190476190476191	0.16666666666666666	0.20833333333333334	0.005952380952380952	0.0	0.0	0.0	8.385594531045577	12.677845260774257	19.803	17.894	16.457	5.413298392720835	5.034513927400039	3.9582907504733087	0.018115942028985508	0.11956521739130435	0.14492753623188406	0.15217391304347827	0.16304347826086957	0.2971014492753623	0.10507246376811594	0.0	0.0	0.2826086956521739	6.5	2.23606797749979
RCSB-4MPE-PV8-KD:S2	RCSB-4MPE-PV8-KD	S2	construct-026-997c3e281e6e	997c3e281e6e11dac489ba593cb5a0984827e53dbec97b282c143a25a519a182	Q15119	4MPE	PV8	WRKXOYGLVREKOE-UHFFFAOYSA-N	O=S(=O)(c1ccc(O)cc1O)N1Cc2ccc(O)cc2C1	6.370590400897282	AF-Q15119-F1	5202ced10efd6aa5e90cd985603c3857dbd5ffbb8b15a8188c2f87dec7344b2f	1	A	4MPC	PV2	251;252;253;255;256;258;259;260;262;263;288;290;292;293;294;295;300;303;330;346;348;353;354;356	251;252;253;255;256;258;259;260;262;263;288;290;292;293;294;295;300;303;330;346;348;353;354;356		alphafold_db_predicted_fixed_per_construct	False	True	False	24.0	168.0	1.0	0.0	0.125	0.0	0.041666666666666664	0.08333333333333333	0.041666666666666664	0.16666666666666666	0.0	0.041666666666666664	0.0	0.16666666666666666	0.041666666666666664	0.041666666666666664	0.0	0.0	0.041666666666666664	0.08333333333333333	0.08333333333333333	0.041666666666666664	0.0	0.0	0.0	0.6190476190476191	0.16666666666666666	0.20833333333333334	0.005952380952380952	0.0	0.0	0.0	8.385594531045577	12.677845260774257	19.803	17.894	16.457	5.413298392720835	5.034513927400039	3.9582907504733087	0.018115942028985508	0.11956521739130435	0.14492753623188406	0.15217391304347827	0.16304347826086957	0.2971014492753623	0.10507246376811594	0.0	0.0	0.2826086956521739	6.5	2.23606797749979
RCSB-4MP2-PV1-KD:S2	RCSB-4MP2-PV1-KD	S2	construct-026-997c3e281e6e	997c3e281e6e11dac489ba593cb5a0984827e53dbec97b282c143a25a519a182	Q15119	4MP2	PV1	OTKZPCDLOLLPPV-UHFFFAOYSA-N	O=C(c1cc(Br)c(O)cc1O)N1Cc2ccccc2C1	5.447331783887806	AF-Q15119-F1	5202ced10efd6aa5e90cd985603c3857dbd5ffbb8b15a8188c2f87dec7344b2f	1	A	4MPC	PV2	251;252;253;255;256;258;259;260;262;263;288;290;292;293;294;295;300;303;330;346;348;353;354;356	251;252;253;255;256;258;259;260;262;263;288;290;292;293;294;295;300;303;330;346;348;353;354;356		alphafold_db_predicted_fixed_per_construct	False	True	False	24.0	168.0	1.0	0.0	0.125	0.0	0.041666666666666664	0.08333333333333333	0.041666666666666664	0.16666666666666666	0.0	0.041666666666666664	0.0	0.16666666666666666	0.041666666666666664	0.041666666666666664	0.0	0.0	0.041666666666666664	0.08333333333333333	0.08333333333333333	0.041666666666666664	0.0	0.0	0.0	0.6190476190476191	0.16666666666666666	0.20833333333333334	0.005952380952380952	0.0	0.0	0.0	8.385594531045577	12.677845260774257	19.803	17.894	16.457	5.413298392720835	5.034513927400039	3.9582907504733087	0.018115942028985508	0.11956521739130435	0.14492753623188406	0.15217391304347827	0.16304347826086957	0.2971014492753623	0.10507246376811594	0.0	0.0	0.2826086956521739	6.5	2.23606797749979
RCSB-5J71-P35-KD:S2	RCSB-5J71-P35-KD	S2	construct-026-997c3e281e6e	997c3e281e6e11dac489ba593cb5a0984827e53dbec97b282c143a25a519a182	Q15119	5J71	P35	HQHMYMINMCVYMC-UHFFFAOYSA-N	O=S(=O)(c1ccc(O)cc1O)N1Cc2ccc(NC3CCNCC3)cc2C1	6.958607314841775	AF-Q15119-F1	5202ced10efd6aa5e90cd985603c3857dbd5ffbb8b15a8188c2f87dec7344b2f	1	A	4MPC	PV2	251;252;253;255;256;258;259;260;262;263;288;290;292;293;294;295;300;303;330;346;348;353;354;356	251;252;253;255;256;258;259;260;262;263;288;290;292;293;294;295;300;303;330;346;348;353;354;356		alphafold_db_predicted_fixed_per_construct	False	True	False	24.0	168.0	1.0	0.0	0.125	0.0	0.041666666666666664	0.08333333333333333	0.041666666666666664	0.16666666666666666	0.0	0.041666666666666664	0.0	0.16666666666666666	0.041666666666666664	0.041666666666666664	0.0	0.0	0.041666666666666664	0.08333333333333333	0.08333333333333333	0.041666666666666664	0.0	0.0	0.0	0.6190476190476191	0.16666666666666666	0.20833333333333334	0.005952380952380952	0.0	0.0	0.0	8.385594531045577	12.677845260774257	19.803	17.894	16.457	5.413298392720835	5.034513927400039	3.9582907504733087	0.018115942028985508	0.11956521739130435	0.14492753623188406	0.15217391304347827	0.16304347826086957	0.2971014492753623	0.10507246376811594	0.0	0.0	0.2826086956521739	6.5	2.23606797749979
RCSB-5E73-UO1-KD:S2	RCSB-5E73-UO1-KD	S2	construct-027-baf0440a45db	baf0440a45dbe76a30c76e6114506b8d464552e80483a38a66f97c77a6b87031	Q9UIF8	5E73	UO1	NXETYAFZIDRMKK-UHFFFAOYSA-N	CC(=O)N(c1cc(O)ccc1C)c1cn(C(C)=O)c2ccccc12	4.638272163982407	AF-Q9UIF8-F1	60ac7fcb2d77ac379b23507fe04f20d6ecece204ac87b199e9a67912e840ef65	1	A	5E74	5KH	2083;2084;2085;2086;2087;2088;2089;2090;2093;2094;2097;2132;2135;2136;2139;2140;2146	2083;2084;2085;2086;2087;2088;2089;2090;2093;2094;2097;2132;2135;2136;2139;2140;2146		alphafold_db_predicted_fixed_per_construct	False	True	False	17.0	145.0	1.0	0.0	0.0	0.058823529411764705	0.0	0.0	0.11764705882352941	0.0	0.0	0.058823529411764705	0.0	0.17647058823529413	0.0	0.17647058823529413	0.11764705882352941	0.0	0.0	0.0	0.0	0.17647058823529413	0.058823529411764705	0.058823529411764705	0.0	0.7034482758620689	0.14482758620689656	0.14482758620689656	0.006896551724137931	0.0	0.0	0.0	7.873638276133894	11.520765971005067	20.937	19.888999999999996	19.54	5.160126553541189	4.727384998106194	3.608199652807526	0.014705882352941176	0.11764705882352941	0.13970588235294118	0.13970588235294118	0.22058823529411764	0.3382352941176471	0.029411764705882353	0.0	0.0	0.27205882352941174	4.352941176470588	1.1852612752711698
RCSB-5MGE-7MX-KD:S2	RCSB-5MGE-7MX-KD	S2	construct-027-baf0440a45db	baf0440a45dbe76a30c76e6114506b8d464552e80483a38a66f97c77a6b87031	Q9UIF8	5MGE	7MX	WGSWOEOJYNQPRP-UHFFFAOYSA-N	CCOC(=O)c1cn(C)c(=O)cc1Cl	4.060480747381382	AF-Q9UIF8-F1	60ac7fcb2d77ac379b23507fe04f20d6ecece204ac87b199e9a67912e840ef65	1	A	5E74	5KH	2083;2084;2085;2086;2087;2088;2089;2090;2093;2094;2097;2132;2135;2136;2139;2140;2146	2083;2084;2085;2086;2087;2088;2089;2090;2093;2094;2097;2132;2135;2136;2139;2140;2146		alphafold_db_predicted_fixed_per_construct	False	True	False	17.0	145.0	1.0	0.0	0.0	0.058823529411764705	0.0	0.0	0.11764705882352941	0.0	0.0	0.058823529411764705	0.0	0.17647058823529413	0.0	0.17647058823529413	0.11764705882352941	0.0	0.0	0.0	0.0	0.17647058823529413	0.058823529411764705	0.058823529411764705	0.0	0.7034482758620689	0.14482758620689656	0.14482758620689656	0.006896551724137931	0.0	0.0	0.0	7.873638276133894	11.520765971005067	20.937	19.888999999999996	19.54	5.160126553541189	4.727384998106194	3.608199652807526	0.014705882352941176	0.11764705882352941	0.13970588235294118	0.13970588235294118	0.22058823529411764	0.3382352941176471	0.029411764705882353	0.0	0.0	0.27205882352941174	4.352941176470588	1.1852612752711698
RCSB-5MGF-7MW-KD:S2	RCSB-5MGF-7MW-KD	S2	construct-027-baf0440a45db	baf0440a45dbe76a30c76e6114506b8d464552e80483a38a66f97c77a6b87031	Q9UIF8	5MGF	7MW	GMDIDIYLWBUNEW-UHFFFAOYSA-N	CCC(=O)c1c[nH]c(C(=O)OC)c1	4.267606240177032	AF-Q9UIF8-F1	60ac7fcb2d77ac379b23507fe04f20d6ecece204ac87b199e9a67912e840ef65	1	A	5E74	5KH	2083;2084;2085;2086;2087;2088;2089;2090;2093;2094;2097;2132;2135;2136;2139;2140;2146	2083;2084;2085;2086;2087;2088;2089;2090;2093;2094;2097;2132;2135;2136;2139;2140;2146		alphafold_db_predicted_fixed_per_construct	False	True	False	17.0	145.0	1.0	0.0	0.0	0.058823529411764705	0.0	0.0	0.11764705882352941	0.0	0.0	0.058823529411764705	0.0	0.17647058823529413	0.0	0.17647058823529413	0.11764705882352941	0.0	0.0	0.0	0.0	0.17647058823529413	0.058823529411764705	0.058823529411764705	0.0	0.7034482758620689	0.14482758620689656	0.14482758620689656	0.006896551724137931	0.0	0.0	0.0	7.873638276133894	11.520765971005067	20.937	19.888999999999996	19.54	5.160126553541189	4.727384998106194	3.608199652807526	0.014705882352941176	0.11764705882352941	0.13970588235294118	0.13970588235294118	0.22058823529411764	0.3382352941176471	0.029411764705882353	0.0	0.0	0.27205882352941174	4.352941176470588	1.1852612752711698
RCSB-5X4O-YAM-KD:S2	RCSB-5X4O-YAM-KD	S2	construct-028-c2d68d73bda9	c2d68d73bda977efa2d54d77956afe6558025a234f1ccc3fef8ece4a522db925	P41182	5X4O	YAM	MZDKLVOWGIOKTN-UHFFFAOYSA-N	CN(c1ncccc1CNc1nc(Nc2ccc3c(c2)CC(=O)N3)ncc1C(F)(F)F)S(C)(=O)=O	4.055517327849832	AF-P41182-F1	f150779fa2691f7e769b4b34d93cf2fa2d080e8086c739a1dde66540a06d9c48	1	A	5X4M	7ZF	20;21;22;23;24;25;28;30	20;21;22;23;24;25;28;30		alphafold_db_predicted_fixed_per_construct	False	True	False	8.0	70.0	1.0	0.0	0.0	0.0	0.0	0.0	0.0	0.0	0.0	0.125	0.0	0.375	0.0	0.25	0.0	0.0	0.25	0.0	0.0	0.0	0.0	0.0	0.0	0.6285714285714286	0.22857142857142856	0.14285714285714285	0.0	0.0	0.0	0.0	5.7796677000904975	9.660578841247517	16.858000000000004	14.512	10.057	4.474925094594879	2.887858144237455	2.244967585511157	0.0	0.42857142857142855	0.21428571428571427	0.17857142857142858	0.10714285714285714	0.07142857142857142	0.0	0.0	0.0	0.6428571428571429	4.5	1.3228756555322954
RCSB-5X9O-80R-KD:S2	RCSB-5X9O-80R-KD	S2	construct-028-c2d68d73bda9	c2d68d73bda977efa2d54d77956afe6558025a234f1ccc3fef8ece4a522db925	P41182	5X9O	80R	LBXJVISQYZQJLT-UHFFFAOYSA-N	O=c1[nH]c2ccc(Nc3ccc([N+](=O)[O-])cc3Cl)cc2[nH]1	5.301029995663981	AF-P41182-F1	f150779fa2691f7e769b4b34d93cf2fa2d080e8086c739a1dde66540a06d9c48	1	A	5X4M	7ZF	20;21;22;23;24;25;28;30	20;21;22;23;24;25;28;30		alphafold_db_predicted_fixed_per_construct	False	True	False	8.0	70.0	1.0	0.0	0.0	0.0	0.0	0.0	0.0	0.0	0.0	0.125	0.0	0.375	0.0	0.25	0.0	0.0	0.25	0.0	0.0	0.0	0.0	0.0	0.0	0.6285714285714286	0.22857142857142856	0.14285714285714285	0.0	0.0	0.0	0.0	5.7796677000904975	9.660578841247517	16.858000000000004	14.512	10.057	4.474925094594879	2.887858144237455	2.244967585511157	0.0	0.42857142857142855	0.21428571428571427	0.17857142857142858	0.10714285714285714	0.07142857142857142	0.0	0.0	0.0	0.6428571428571429	4.5	1.3228756555322954
RCSB-5X4P-7ZO-KD:S2	RCSB-5X4P-7ZO-KD	S2	construct-028-c2d68d73bda9	c2d68d73bda977efa2d54d77956afe6558025a234f1ccc3fef8ece4a522db925	P41182	5X4P	7ZO	XGLOINXVRYWOSM-UHFFFAOYSA-N	O=C1Cc2cc(Nc3ncncc3Cl)ccc2N1	5.031517051446064	AF-P41182-F1	f150779fa2691f7e769b4b34d93cf2fa2d080e8086c739a1dde66540a06d9c48	1	A	5X4M	7ZF	20;21;22;23;24;25;28;30	20;21;22;23;24;25;28;30		alphafold_db_predicted_fixed_per_construct	False	True	False	8.0	70.0	1.0	0.0	0.0	0.0	0.0	0.0	0.0	0.0	0.0	0.125	0.0	0.375	0.0	0.25	0.0	0.0	0.25	0.0	0.0	0.0	0.0	0.0	0.0	0.6285714285714286	0.22857142857142856	0.14285714285714285	0.0	0.0	0.0	0.0	5.7796677000904975	9.660578841247517	16.858000000000004	14.512	10.057	4.474925094594879	2.887858144237455	2.244967585511157	0.0	0.42857142857142855	0.21428571428571427	0.17857142857142858	0.10714285714285714	0.07142857142857142	0.0	0.0	0.0	0.6428571428571429	4.5	1.3228756555322954
RCSB-5X4N-7ZL-KD:S2	RCSB-5X4N-7ZL-KD	S2	construct-028-c2d68d73bda9	c2d68d73bda977efa2d54d77956afe6558025a234f1ccc3fef8ece4a522db925	P41182	5X4N	7ZL	FRISIUXBSNAYFR-UHFFFAOYSA-N	Nc1ncc(Cl)c(Nc2ccccc2)n1	4.167491087293763	AF-P41182-F1	f150779fa2691f7e769b4b34d93cf2fa2d080e8086c739a1dde66540a06d9c48	1	A	5X4M	7ZF	20;21;22;23;24;25;28;30	20;21;22;23;24;25;28;30		alphafold_db_predicted_fixed_per_construct	False	True	False	8.0	70.0	1.0	0.0	0.0	0.0	0.0	0.0	0.0	0.0	0.0	0.125	0.0	0.375	0.0	0.25	0.0	0.0	0.25	0.0	0.0	0.0	0.0	0.0	0.0	0.6285714285714286	0.22857142857142856	0.14285714285714285	0.0	0.0	0.0	0.0	5.7796677000904975	9.660578841247517	16.858000000000004	14.512	10.057	4.474925094594879	2.887858144237455	2.244967585511157	0.0	0.42857142857142855	0.21428571428571427	0.17857142857142858	0.10714285714285714	0.07142857142857142	0.0	0.0	0.0	0.6428571428571429	4.5	1.3228756555322954
RCSB-5MGK-7MW-KD:S2	RCSB-5MGK-7MW-KD	S2	construct-029-13705e998f4e	13705e998f4ed0e75d215c3d20e08222c0de609bb31f002dba7f9ad14c19474e	Q9UIF9	5MGK	7MW	GMDIDIYLWBUNEW-UHFFFAOYSA-N	CCC(=O)c1c[nH]c(C(=O)OC)c1	4.0	AF-Q9UIF9-F1	ba4658abd8916089cef0951ef593a950ab176784173fc46c5d2ee8f309765f4f	1	A	5MGJ	7MX	1816;1817;1818;1822;1827;1830;1865;1868;1869;1872;1873;1879	1816;1817;1818;1822;1827;1830;1865;1868;1869;1872;1873;1879		alphafold_db_predicted_fixed_per_construct	False	True	False	12.0	105.0	1.0	0.0	0.0	0.08333333333333333	0.0	0.0	0.16666666666666666	0.0	0.0	0.0	0.0	0.0	0.0	0.16666666666666666	0.08333333333333333	0.0	0.0	0.0	0.0	0.3333333333333333	0.08333333333333333	0.08333333333333333	0.0	0.7047619047619048	0.14285714285714285	0.14285714285714285	0.009523809523809525	0.0	0.0	0.0	7.120708792320748	10.361301496190812	17.439	14.494	14.265	5.151343977391758	3.633633661950747	3.3113222951506995	0.030303030303030304	0.13636363636363635	0.18181818181818182	0.16666666666666666	0.3333333333333333	0.15151515151515152	0.0	0.0	0.0	0.3484848484848485	3.8333333333333335	1.1426091000668408
RCSB-4AJK-88S-KD:S2	RCSB-4AJK-88S-KD	S2	construct-030-2c56ee04d79a	2c56ee04d79a8fb712e55186eebd40553619fc3bd56349d3fd4b875b8b214967	P04642	4AJK	88S	OVXHZNUBLPBIEB-UHFFFAOYSA-N	Cc1nc2ccc(NC(=O)CCNC(N)=O)cc2s1	3.1135092748275177	AF-P04642-F1	de7420c963e1ca1a54c07ea7f1efdd1a5ae43588fa11d08d87db592b0bbe2355	1	A	4AJL	88W	26;27;28;29;30;31;32;51;52;53;83;94;95;96;97;98;99;115;116;119;120;136;137;138	26;27;28;29;30;31;32;51;52;53;83;94;95;96;97;98;99;115;116;119;120;136;137;138		alphafold_db_predicted_fixed_per_construct	False	True	False	24.0	168.0	1.0	0.0	0.125	0.0	0.041666666666666664	0.0	0.041666666666666664	0.16666666666666666	0.0	0.125	0.0	0.0	0.0	0.08333333333333333	0.0	0.0	0.041666666666666664	0.041666666666666664	0.041666666666666664	0.25	0.0	0.041666666666666664	0.0	0.6428571428571429	0.17261904761904762	0.18452380952380953	0.0	0.0	0.0	0.0	8.68703970716528	14.2521264556236	25.507	24.093999999999998	20.178	6.100875692047955	5.018629533691441	3.613493083929262	0.03260869565217391	0.11231884057971014	0.10507246376811594	0.17391304347826086	0.18478260869565216	0.2826086956521739	0.08695652173913043	0.021739130434782608	0.0	0.25	5.75	2.680951323690902
RCSB-4AL4-W7E-KD:S2	RCSB-4AL4-W7E-KD	S2	construct-030-2c56ee04d79a	2c56ee04d79a8fb712e55186eebd40553619fc3bd56349d3fd4b875b8b214967	P04642	4AL4	W7E	YPEMYPUMNYOIMU-UHFFFAOYSA-N	Cc1nc2ccc(NC(=O)CCNC(=O)NCCOc3ccc(CC(C(=O)O)C(=O)O)cc3)cc2s1	6.886056647693163	AF-P04642-F1	de7420c963e1ca1a54c07ea7f1efdd1a5ae43588fa11d08d87db592b0bbe2355	1	A	4AJL	88W	26;27;28;29;30;31;32;51;52;53;83;94;95;96;97;98;99;115;116;119;120;136;137;138	26;27;28;29;30;31;32;51;52;53;83;94;95;96;97;98;99;115;116;119;120;136;137;138		alphafold_db_predicted_fixed_per_construct	False	True	False	24.0	168.0	1.0	0.0	0.125	0.0	0.041666666666666664	0.0	0.041666666666666664	0.16666666666666666	0.0	0.125	0.0	0.0	0.0	0.08333333333333333	0.0	0.0	0.041666666666666664	0.041666666666666664	0.041666666666666664	0.25	0.0	0.041666666666666664	0.0	0.6428571428571429	0.17261904761904762	0.18452380952380953	0.0	0.0	0.0	0.0	8.68703970716528	14.2521264556236	25.507	24.093999999999998	20.178	6.100875692047955	5.018629533691441	3.613493083929262	0.03260869565217391	0.11231884057971014	0.10507246376811594	0.17391304347826086	0.18478260869565216	0.2826086956521739	0.08695652173913043	0.021739130434782608	0.0	0.25	5.75	2.680951323690902
RCSB-4AJN-88V-KD:S2	RCSB-4AJN-88V-KD	S2	construct-030-2c56ee04d79a	2c56ee04d79a8fb712e55186eebd40553619fc3bd56349d3fd4b875b8b214967	P04642	4AJN	88V	GADNEHRFYQNKCC-UHFFFAOYSA-N	Cc1nc2ccc(NC(=O)CCNC(=O)NCCc3ccc(CC(C(=O)O)C(=O)O)cc3)cc2s1	7.161150909262744	AF-P04642-F1	de7420c963e1ca1a54c07ea7f1efdd1a5ae43588fa11d08d87db592b0bbe2355	1	A	4AJL	88W	26;27;28;29;30;31;32;51;52;53;83;94;95;96;97;98;99;115;116;119;120;136;137;138	26;27;28;29;30;31;32;51;52;53;83;94;95;96;97;98;99;115;116;119;120;136;137;138		alphafold_db_predicted_fixed_per_construct	False	True	False	24.0	168.0	1.0	0.0	0.125	0.0	0.041666666666666664	0.0	0.041666666666666664	0.16666666666666666	0.0	0.125	0.0	0.0	0.0	0.08333333333333333	0.0	0.0	0.041666666666666664	0.041666666666666664	0.041666666666666664	0.25	0.0	0.041666666666666664	0.0	0.6428571428571429	0.17261904761904762	0.18452380952380953	0.0	0.0	0.0	0.0	8.68703970716528	14.2521264556236	25.507	24.093999999999998	20.178	6.100875692047955	5.018629533691441	3.613493083929262	0.03260869565217391	0.11231884057971014	0.10507246376811594	0.17391304347826086	0.18478260869565216	0.2826086956521739	0.08695652173913043	0.021739130434782608	0.0	0.25	5.75	2.680951323690902
RCSB-3B25-B2K-KD:S2	RCSB-3B25-B2K-KD	S2	construct-031-37b3e0822467	37b3e08224673f1c7a40192bc344e8ce9b08a2c252c8040f5f555dc6124dd8e8	P07900	3B25	B2K	XUOYIZBDMDPDEJ-UHFFFAOYSA-N	Cc1ccc(S(=O)(=O)c2cc(C)nc(N)n2)cc1	6.065501548756432	AF-P07900-F1	3dea704bce2421f815c76178379596cb71d41d3ae819c71f921779bbedd31cbd	1	A	3B28	B2X	48;51;52;55;93;95;96;97;98;102;103;106;107;113;135;136;137;138;139;150;152;184;186	48;51;52;55;93;95;96;97;98;102;103;106;107;113;135;136;137;138;139;150;152;184;186		alphafold_db_predicted_fixed_per_construct	False	True	False	23.0	163.0	1.0	0.0	0.043478260869565216	0.0	0.08695652173913043	0.0	0.043478260869565216	0.17391304347826086	0.0	0.043478260869565216	0.0	0.13043478260869565	0.043478260869565216	0.08695652173913043	0.0	0.0	0.0	0.08695652173913043	0.08695652173913043	0.13043478260869565	0.0	0.043478260869565216	0.0	0.6319018404907976	0.15337423312883436	0.2085889570552147	0.006134969325153374	0.0	0.0	0.0	8.463292534891211	12.79293681259079	19.555	19.278	18.871	6.002105406737807	4.6002047373015245	3.8000220515758487	0.011857707509881422	0.1067193675889328	0.11857707509881422	0.13043478260869565	0.16996047430830039	0.33992094861660077	0.11857707509881422	0.003952569169960474	0.0	0.23715415019762845	5.217391304347826	1.3499282344573933
RCSB-3B27-B2T-KD:S2	RCSB-3B27-B2T-KD	S2	construct-031-37b3e0822467	37b3e08224673f1c7a40192bc344e8ce9b08a2c252c8040f5f555dc6124dd8e8	P07900	3B27	B2T	JVOIPLKVZOLUDL-UHFFFAOYSA-N	CSc1nc(N)nc(-c2ccccc2Cl)n1	5.161150909262744	AF-P07900-F1	3dea704bce2421f815c76178379596cb71d41d3ae819c71f921779bbedd31cbd	1	A	3B28	B2X	48;51;52;55;93;95;96;97;98;102;103;106;107;113;135;136;137;138;139;150;152;184;186	48;51;52;55;93;95;96;97;98;102;103;106;107;113;135;136;137;138;139;150;152;184;186		alphafold_db_predicted_fixed_per_construct	False	True	False	23.0	163.0	1.0	0.0	0.043478260869565216	0.0	0.08695652173913043	0.0	0.043478260869565216	0.17391304347826086	0.0	0.043478260869565216	0.0	0.13043478260869565	0.043478260869565216	0.08695652173913043	0.0	0.0	0.0	0.08695652173913043	0.08695652173913043	0.13043478260869565	0.0	0.043478260869565216	0.0	0.6319018404907976	0.15337423312883436	0.2085889570552147	0.006134969325153374	0.0	0.0	0.0	8.463292534891211	12.79293681259079	19.555	19.278	18.871	6.002105406737807	4.6002047373015245	3.8000220515758487	0.011857707509881422	0.1067193675889328	0.11857707509881422	0.13043478260869565	0.16996047430830039	0.33992094861660077	0.11857707509881422	0.003952569169960474	0.0	0.23715415019762845	5.217391304347826	1.3499282344573933
RCSB-3B24-B2J-KD:S2	RCSB-3B24-B2J-KD	S2	construct-031-37b3e0822467	37b3e08224673f1c7a40192bc344e8ce9b08a2c252c8040f5f555dc6124dd8e8	P07900	3B24	B2J	PJQMCVIFTDRXNT-UHFFFAOYSA-N	CCSc1nc(C)nc(N)n1	7.376750709602099	AF-P07900-F1	3dea704bce2421f815c76178379596cb71d41d3ae819c71f921779bbedd31cbd	1	A	3B28	B2X	48;51;52;55;93;95;96;97;98;102;103;106;107;113;135;136;137;138;139;150;152;184;186	48;51;52;55;93;95;96;97;98;102;103;106;107;113;135;136;137;138;139;150;152;184;186		alphafold_db_predicted_fixed_per_construct	False	True	False	23.0	163.0	1.0	0.0	0.043478260869565216	0.0	0.08695652173913043	0.0	0.043478260869565216	0.17391304347826086	0.0	0.043478260869565216	0.0	0.13043478260869565	0.043478260869565216	0.08695652173913043	0.0	0.0	0.0	0.08695652173913043	0.08695652173913043	0.13043478260869565	0.0	0.043478260869565216	0.0	0.6319018404907976	0.15337423312883436	0.2085889570552147	0.006134969325153374	0.0	0.0	0.0	8.463292534891211	12.79293681259079	19.555	19.278	18.871	6.002105406737807	4.6002047373015245	3.8000220515758487	0.011857707509881422	0.1067193675889328	0.11857707509881422	0.13043478260869565	0.16996047430830039	0.33992094861660077	0.11857707509881422	0.003952569169960474	0.0	0.23715415019762845	5.217391304347826	1.3499282344573933
RCSB-6T0M-GOZ-KD:S2	RCSB-6T0M-GOZ-KD	S2	construct-033-4212e6c5e472	4212e6c5e472fd686b30c69e8d14749addd3c89eee2f3eab47f1d4c1637dfa2c	P00760	6T0M	GOZ	ULOXRVUIRNGIOC-CVEARBPZSA-N	Nc1cc(CNC(=O)[C@@H]2CCCN2C(=O)[C@H](N)Cc2ccccc2)cc(N)n1	7.167491087293763	AF-P00760-F1	a0554e245d18e268eaebf8f5aa651cdd6e3c088b0b480ab757a21337d8e76298	1	A	6SY3	LXW	63;99;101;104;175;194;195;196;197;198;199;200;214;215;216;217;218;219;220;221;225;226;227;228;229	63;99;101;104;175;194;195;196;197;198;199;200;214;215;216;217;218;219;220;221;225;226;227;228;229		alphafold_db_predicted_fixed_per_construct	False	True	False	25.0	186.0	1.0	0.0	0.04	0.08	0.08	0.0	0.0	0.16	0.04	0.0	0.04	0.04	0.0	0.0	0.04	0.04	0.0	0.2	0.0	0.08	0.04	0.12	0.0	0.6236559139784946	0.16129032258064516	0.20430107526881722	0.010752688172043012	0.0	0.0	0.0	8.651940654846292	16.522554334718574	22.541	21.44	15.223	6.364326840744689	4.951261407741758	3.1363085676262656	0.02666666666666667	0.09	0.16666666666666666	0.17	0.16666666666666666	0.23333333333333334	0.12	0.02666666666666667	0.0	0.2833333333333333	6.8	1.8330302779823362
RCSB-6T0P-M6Q-KD:S2	RCSB-6T0P-M6Q-KD	S2	construct-033-4212e6c5e472	4212e6c5e472fd686b30c69e8d14749addd3c89eee2f3eab47f1d4c1637dfa2c	P00760	6T0P	M6Q	LOSWCWUZWRHVLI-SJORKVTESA-N	Nc1cc(CNC(=O)[C@@H]2CCCN2C(=O)[C@H](N)Cc2ccccc2)ccn1	7.42021640338319	AF-P00760-F1	a0554e245d18e268eaebf8f5aa651cdd6e3c088b0b480ab757a21337d8e76298	1	A	6SY3	LXW	63;99;101;104;175;194;195;196;197;198;199;200;214;215;216;217;218;219;220;221;225;226;227;228;229	63;99;101;104;175;194;195;196;197;198;199;200;214;215;216;217;218;219;220;221;225;226;227;228;229		alphafold_db_predicted_fixed_per_construct	False	True	False	25.0	186.0	1.0	0.0	0.04	0.08	0.08	0.0	0.0	0.16	0.04	0.0	0.04	0.04	0.0	0.0	0.04	0.04	0.0	0.2	0.0	0.08	0.04	0.12	0.0	0.6236559139784946	0.16129032258064516	0.20430107526881722	0.010752688172043012	0.0	0.0	0.0	8.651940654846292	16.522554334718574	22.541	21.44	15.223	6.364326840744689	4.951261407741758	3.1363085676262656	0.02666666666666667	0.09	0.16666666666666666	0.17	0.16666666666666666	0.23333333333333334	0.12	0.02666666666666667	0.0	0.2833333333333333	6.8	1.8330302779823362
RCSB-6T5W-J5K-KD:S2	RCSB-6T5W-J5K-KD	S2	construct-033-4212e6c5e472	4212e6c5e472fd686b30c69e8d14749addd3c89eee2f3eab47f1d4c1637dfa2c	P00760	6T5W	J5K	IWAABGNHPAYUJJ-SJORKVTESA-N	Nc1ccc(CNC(=O)[C@@H]2CCCN2C(=O)[C@H](N)Cc2ccccc2)cn1	7.366531544420413	AF-P00760-F1	a0554e245d18e268eaebf8f5aa651cdd6e3c088b0b480ab757a21337d8e76298	1	A	6SY3	LXW	63;99;101;104;175;194;195;196;197;198;199;200;214;215;216;217;218;219;220;221;225;226;227;228;229	63;99;101;104;175;194;195;196;197;198;199;200;214;215;216;217;218;219;220;221;225;226;227;228;229		alphafold_db_predicted_fixed_per_construct	False	True	False	25.0	186.0	1.0	0.0	0.04	0.08	0.08	0.0	0.0	0.16	0.04	0.0	0.04	0.04	0.0	0.0	0.04	0.04	0.0	0.2	0.0	0.08	0.04	0.12	0.0	0.6236559139784946	0.16129032258064516	0.20430107526881722	0.010752688172043012	0.0	0.0	0.0	8.651940654846292	16.522554334718574	22.541	21.44	15.223	6.364326840744689	4.951261407741758	3.1363085676262656	0.02666666666666667	0.09	0.16666666666666666	0.17	0.16666666666666666	0.23333333333333334	0.12	0.02666666666666667	0.0	0.2833333333333333	6.8	1.8330302779823362
RCSB-3UNZ-0BZ-KD:S2	RCSB-3UNZ-0BZ-KD	S2	construct-034-4b9e20d92aa0	4b9e20d92aa0bd349feda098eb162e182b5558fc924a138b4b2bd78e7d0faee1	O14965	3UNZ	0BZ	DSRXYFSONVBAKS-UHFFFAOYSA-N	O=C(O)c1ccc(Nc2nccc(Nc3ccccc3F)n2)cc1	7.795880017344075	AF-O14965-F1	7f2035b0f118f515f80cbd8a1459d9664414d6d5bcd700ebc564a3c14e5d6b28	1	A	3UP2	0C8	137;138;139;140;141;147;160;194;210;211;212;213;214;215;216;217;220;260;261;262;263;273;274	137;138;139;140;141;147;160;194;210;211;212;213;214;215;216;217;220;260;261;262;263;273;274		alphafold_db_predicted_fixed_per_construct	False	True	False	23.0	176.0	1.0	0.0	0.13043478260869565	0.0	0.043478260869565216	0.08695652173913043	0.0	0.08695652173913043	0.0	0.0	0.043478260869565216	0.2608695652173913	0.0	0.043478260869565216	0.08695652173913043	0.0	0.08695652173913043	0.0	0.043478260869565216	0.043478260869565216	0.0	0.043478260869565216	0.0	0.6420454545454546	0.17613636363636365	0.18181818181818182	0.0	0.0	0.0	0.0	8.799338833152905	15.903013987400568	22.512999999999998	21.581	20.823	5.643302097612335	4.959274057571214	4.581168645402405	0.011857707509881422	0.1067193675889328	0.08300395256916997	0.15019762845849802	0.1857707509881423	0.33992094861660077	0.1225296442687747	0.0	0.0	0.2015810276679842	4.434782608695652	1.498581559966442
RCSB-3UOD-0C3-KD:S2	RCSB-3UOD-0C3-KD	S2	construct-034-4b9e20d92aa0	4b9e20d92aa0bd349feda098eb162e182b5558fc924a138b4b2bd78e7d0faee1	O14965	3UOD	0C3	QFNWNXOHCUAEBM-UHFFFAOYSA-N	O=C(O)c1ccc(Nc2nccc(Nc3ccccc3C(F)(F)F)n2)cc1	7.309803919971486	AF-O14965-F1	7f2035b0f118f515f80cbd8a1459d9664414d6d5bcd700ebc564a3c14e5d6b28	1	A	3UP2	0C8	137;138;139;140;141;147;160;194;210;211;212;213;214;215;216;217;220;260;261;262;263;273;274	137;138;139;140;141;147;160;194;210;211;212;213;214;215;216;217;220;260;261;262;263;273;274		alphafold_db_predicted_fixed_per_construct	False	True	False	23.0	176.0	1.0	0.0	0.13043478260869565	0.0	0.043478260869565216	0.08695652173913043	0.0	0.08695652173913043	0.0	0.0	0.043478260869565216	0.2608695652173913	0.0	0.043478260869565216	0.08695652173913043	0.0	0.08695652173913043	0.0	0.043478260869565216	0.043478260869565216	0.0	0.043478260869565216	0.0	0.6420454545454546	0.17613636363636365	0.18181818181818182	0.0	0.0	0.0	0.0	8.799338833152905	15.903013987400568	22.512999999999998	21.581	20.823	5.643302097612335	4.959274057571214	4.581168645402405	0.011857707509881422	0.1067193675889328	0.08300395256916997	0.15019762845849802	0.1857707509881423	0.33992094861660077	0.1225296442687747	0.0	0.0	0.2015810276679842	4.434782608695652	1.498581559966442
RCSB-3UO5-0BX-KD:S2	RCSB-3UO5-0BX-KD	S2	construct-034-4b9e20d92aa0	4b9e20d92aa0bd349feda098eb162e182b5558fc924a138b4b2bd78e7d0faee1	O14965	3UO5	0BX	BUKMSYYNNHEANR-UHFFFAOYSA-N	O=C(O)c1ccc(Nc2nccc(Nc3ccccc3)n2)cc1	7.4089353929735005	AF-O14965-F1	7f2035b0f118f515f80cbd8a1459d9664414d6d5bcd700ebc564a3c14e5d6b28	1	A	3UP2	0C8	137;138;139;140;141;147;160;194;210;211;212;213;214;215;216;217;220;260;261;262;263;273;274	137;138;139;140;141;147;160;194;210;211;212;213;214;215;216;217;220;260;261;262;263;273;274		alphafold_db_predicted_fixed_per_construct	False	True	False	23.0	176.0	1.0	0.0	0.13043478260869565	0.0	0.043478260869565216	0.08695652173913043	0.0	0.08695652173913043	0.0	0.0	0.043478260869565216	0.2608695652173913	0.0	0.043478260869565216	0.08695652173913043	0.0	0.08695652173913043	0.0	0.043478260869565216	0.043478260869565216	0.0	0.043478260869565216	0.0	0.6420454545454546	0.17613636363636365	0.18181818181818182	0.0	0.0	0.0	0.0	8.799338833152905	15.903013987400568	22.512999999999998	21.581	20.823	5.643302097612335	4.959274057571214	4.581168645402405	0.011857707509881422	0.1067193675889328	0.08300395256916997	0.15019762845849802	0.1857707509881423	0.33992094861660077	0.1225296442687747	0.0	0.0	0.2015810276679842	4.434782608695652	1.498581559966442
RCSB-7CAJ-FNC-KD:S2	RCSB-7CAJ-FNC-KD	S2	construct-035-4f0c729feeb4	4f0c729feeb48359181ab8aff14e4aae346f23597e7567e08cbeef9103768c7b	Q15047	7CAJ	FNC	JRIBEBYKWORBGC-LSDHHAIUSA-N	CN1C[C@H](Nc2nc3cc[nH]c3c(=O)n2C)C[C@H](c2ccccc2)C1	5.795880017344075	AF-Q15047-F1	2d033859f1ba7f6d0ea446b40013a805237a2900ad82d4d903691dbae1830763	1	A	7CD9	FVR	210;211;212;214;268;270;275;277;297;299;300;301;358;385;386;387;394	210;211;212;214;268;270;275;277;297;299;300;301;358;385;386;387;394		alphafold_db_predicted_fixed_per_construct	False	True	False	17.0	168.0	1.0	0.0	0.0	0.058823529411764705	0.11764705882352941	0.058823529411764705	0.058823529411764705	0.058823529411764705	0.058823529411764705	0.0	0.058823529411764705	0.0	0.0	0.0	0.0	0.0	0.058823529411764705	0.0	0.11764705882352941	0.0	0.17647058823529413	0.17647058823529413	0.0	0.6726190476190477	0.15476190476190477	0.16666666666666666	0.005952380952380952	0.0	0.0	0.0	10.466149957326458	17.939386692031356	31.382	21.544	20.702	8.844217240584001	4.365596690513097	3.501668440384154	0.007352941176470588	0.08088235294117647	0.125	0.10294117647058823	0.11029411764705882	0.27205882352941174	0.1323529411764706	0.16911764705882354	0.0	0.21323529411764705	3.411764705882353	1.6470588235294117
RCSB-7C9N-FN9-KD:S2	RCSB-7C9N-FN9-KD	S2	construct-035-4f0c729feeb4	4f0c729feeb48359181ab8aff14e4aae346f23597e7567e08cbeef9103768c7b	Q15047	7C9N	FN9	FAOILJOQEQTGLJ-JKSUJKDBSA-N	CN1C[C@H](Nc2nc3ccn(C)c3c(=O)n2C)C[C@H](c2ccccc2)C1	5.356547323513812	AF-Q15047-F1	2d033859f1ba7f6d0ea446b40013a805237a2900ad82d4d903691dbae1830763	1	A	7CD9	FVR	210;211;212;214;268;270;275;277;297;299;300;301;358;385;386;387;394	210;211;212;214;268;270;275;277;297;299;300;301;358;385;386;387;394		alphafold_db_predicted_fixed_per_construct	False	True	False	17.0	168.0	1.0	0.0	0.0	0.058823529411764705	0.11764705882352941	0.058823529411764705	0.058823529411764705	0.058823529411764705	0.058823529411764705	0.0	0.058823529411764705	0.0	0.0	0.0	0.0	0.0	0.058823529411764705	0.0	0.11764705882352941	0.0	0.17647058823529413	0.17647058823529413	0.0	0.6726190476190477	0.15476190476190477	0.16666666666666666	0.005952380952380952	0.0	0.0	0.0	10.466149957326458	17.939386692031356	31.382	21.544	20.702	8.844217240584001	4.365596690513097	3.501668440384154	0.007352941176470588	0.08088235294117647	0.125	0.10294117647058823	0.11029411764705882	0.27205882352941174	0.1323529411764706	0.16911764705882354	0.0	0.21323529411764705	3.411764705882353	1.6470588235294117
RCSB-7CJT-G09-KD:S2	RCSB-7CJT-G09-KD	S2	construct-035-4f0c729feeb4	4f0c729feeb48359181ab8aff14e4aae346f23597e7567e08cbeef9103768c7b	Q15047	7CJT	G09	NBDJDKAXIGWAIM-XZOQPEGZSA-N	C=CCn1c(N[C@@H]2C[C@H](c3ccc(OCc4ccccc4)cc3)CN(C)C2)nc2cc[nH]c2c1=O	7.096910013008056	AF-Q15047-F1	2d033859f1ba7f6d0ea446b40013a805237a2900ad82d4d903691dbae1830763	1	A	7CD9	FVR	210;211;212;214;268;270;275;277;297;299;300;301;358;385;386;387;394	210;211;212;214;268;270;275;277;297;299;300;301;358;385;386;387;394		alphafold_db_predicted_fixed_per_construct	False	True	False	17.0	168.0	1.0	0.0	0.0	0.058823529411764705	0.11764705882352941	0.058823529411764705	0.058823529411764705	0.058823529411764705	0.058823529411764705	0.0	0.058823529411764705	0.0	0.0	0.0	0.0	0.0	0.058823529411764705	0.0	0.11764705882352941	0.0	0.17647058823529413	0.17647058823529413	0.0	0.6726190476190477	0.15476190476190477	0.16666666666666666	0.005952380952380952	0.0	0.0	0.0	10.466149957326458	17.939386692031356	31.382	21.544	20.702	8.844217240584001	4.365596690513097	3.501668440384154	0.007352941176470588	0.08088235294117647	0.125	0.10294117647058823	0.11029411764705882	0.27205882352941174	0.1323529411764706	0.16911764705882354	0.0	0.21323529411764705	3.411764705882353	1.6470588235294117
RCSB-6BGV-DQG-KD:S2	RCSB-6BGV-DQG-KD	S2	construct-037-682d0d6b3d7a	682d0d6b3d7a36c275c378e2b34b8cd03010dd5cb336209dd74416dfab467698	P29375	6BGV	DQG	AWPYWZMMJZGPOX-NRFANRHFSA-N	O=C(O)c1ccnc2cc([C@@H](OCCN3CCCCC3)c3ccccc3Cl)[nH]c12	7.221848749616356	AF-P29375-F1	7254a9e2557d8b5e43e892efa9550265a37d825721cfcc7452f9ec811ad147bb	1	A	5IWF	LQT	409;410;412;468;470;472;479;480;483;485;486;491;492;493;501;503;571;575;581;583;584;585	409;410;412;468;470;472;479;480;483;485;486;491;492;493;501;503;571;575;581;583;584;585		alphafold_db_predicted_fixed_per_construct	False	True	False	22.0	189.0	1.0	0.0	0.09090909090909091	0.0	0.09090909090909091	0.045454545454545456	0.045454545454545456	0.045454545454545456	0.09090909090909091	0.045454545454545456	0.045454545454545456	0.0	0.0	0.13636363636363635	0.0	0.0	0.0	0.09090909090909091	0.0	0.09090909090909091	0.09090909090909091	0.09090909090909091	0.0	0.6455026455026455	0.1693121693121693	0.18518518518518517	0.0	0.0	0.0	0.0	8.815812167809755	14.58900414339415	22.946	22.709	20.680999999999997	6.1233572025775	4.851264356706292	4.0851285033761	0.004329004329004329	0.06493506493506493	0.15584415584415584	0.08658008658008658	0.21212121212121213	0.3203463203463203	0.1341991341991342	0.021645021645021644	0.0	0.22510822510822512	4.7272727272727275	1.7368157431402544
RCSB-6BH2-90V-KD:S2	RCSB-6BH2-90V-KD	S2	construct-037-682d0d6b3d7a	682d0d6b3d7a36c275c378e2b34b8cd03010dd5cb336209dd74416dfab467698	P29375	6BH2	90V	CXEXTVGTDZRKJS-LLVKDONJSA-N	CC(C)c1cc(C(=O)N2CC[C@@H](NC(=O)C3CC3)C2)[nH]n1	5.619788758288394	AF-P29375-F1	7254a9e2557d8b5e43e892efa9550265a37d825721cfcc7452f9ec811ad147bb	1	A	5IWF	LQT	409;410;412;468;470;472;479;480;483;485;486;491;492;493;501;503;571;575;581;583;584;585	409;410;412;468;470;472;479;480;483;485;486;491;492;493;501;503;571;575;581;583;584;585		alphafold_db_predicted_fixed_per_construct	False	True	False	22.0	189.0	1.0	0.0	0.09090909090909091	0.0	0.09090909090909091	0.045454545454545456	0.045454545454545456	0.045454545454545456	0.09090909090909091	0.045454545454545456	0.045454545454545456	0.0	0.0	0.13636363636363635	0.0	0.0	0.0	0.09090909090909091	0.0	0.09090909090909091	0.09090909090909091	0.09090909090909091	0.0	0.6455026455026455	0.1693121693121693	0.18518518518518517	0.0	0.0	0.0	0.0	8.815812167809755	14.58900414339415	22.946	22.709	20.680999999999997	6.1233572025775	4.851264356706292	4.0851285033761	0.004329004329004329	0.06493506493506493	0.15584415584415584	0.08658008658008658	0.21212121212121213	0.3203463203463203	0.1341991341991342	0.021645021645021644	0.0	0.22510822510822512	4.7272727272727275	1.7368157431402544
RCSB-6BH0-DO1-KD:S2	RCSB-6BH0-DO1-KD	S2	construct-037-682d0d6b3d7a	682d0d6b3d7a36c275c378e2b34b8cd03010dd5cb336209dd74416dfab467698	P29375	6BH0	DO1	AWPYWZMMJZGPOX-OAQYLSRUSA-N	O=C(O)c1ccnc2cc([C@H](OCCN3CCCCC3)c3ccccc3Cl)[nH]c12	6.657577319177793	AF-P29375-F1	7254a9e2557d8b5e43e892efa9550265a37d825721cfcc7452f9ec811ad147bb	1	A	5IWF	LQT	409;410;412;468;470;472;479;480;483;485;486;491;492;493;501;503;571;575;581;583;584;585	409;410;412;468;470;472;479;480;483;485;486;491;492;493;501;503;571;575;581;583;584;585		alphafold_db_predicted_fixed_per_construct	False	True	False	22.0	189.0	1.0	0.0	0.09090909090909091	0.0	0.09090909090909091	0.045454545454545456	0.045454545454545456	0.045454545454545456	0.09090909090909091	0.045454545454545456	0.045454545454545456	0.0	0.0	0.13636363636363635	0.0	0.0	0.0	0.09090909090909091	0.0	0.09090909090909091	0.09090909090909091	0.09090909090909091	0.0	0.6455026455026455	0.1693121693121693	0.18518518518518517	0.0	0.0	0.0	0.0	8.815812167809755	14.58900414339415	22.946	22.709	20.680999999999997	6.1233572025775	4.851264356706292	4.0851285033761	0.004329004329004329	0.06493506493506493	0.15584415584415584	0.08658008658008658	0.21212121212121213	0.3203463203463203	0.1341991341991342	0.021645021645021644	0.0	0.22510822510822512	4.7272727272727275	1.7368157431402544
RCSB-5F2P-5TY-KD:S2	RCSB-5F2P-5TY-KD	S2	construct-039-90fec4b83698	90fec4b836986f10bbadc7efebe17b38248dc617ec5cb903f1db919321382f73	Q9H8M2	5F2P	5TY	YKBGUFTWJZHVCT-UHFFFAOYSA-N	CN(C)c1ncc2c(=O)n(C)ccc2n1	4.425968732272281	AF-Q9H8M2-F1	5ec6d861654387d6547f2de021e35796ad614ad8b8d07c758bbebbd0a52def68	1	A	4Z6H	4L2	158;159;160;161;162;163;164;165;166;169;170;173;211;212;215;216;222	158;159;160;161;162;163;164;165;166;169;170;173;211;212;215;216;222		alphafold_db_predicted_fixed_per_construct	False	True	False	17.0	143.0	1.0	0.0	0.17647058823529413	0.0	0.0	0.0	0.17647058823529413	0.058823529411764705	0.058823529411764705	0.058823529411764705	0.0	0.0	0.0	0.11764705882352941	0.058823529411764705	0.0	0.0	0.0	0.058823529411764705	0.058823529411764705	0.0	0.17647058823529413	0.0	0.6923076923076923	0.14685314685314685	0.16083916083916083	0.0	0.0	0.0	0.0	8.027451029626892	13.541661857727798	21.565	20.887999999999998	16.569	5.726171269609325	4.591098482436018	3.2515761330056985	0.007352941176470588	0.14705882352941177	0.10294117647058823	0.17647058823529413	0.18382352941176472	0.3088235294117647	0.07352941176470588	0.0	0.0	0.25735294117647056	4.117647058823529	1.078253104695492
RCSB-5F25-5TU-KD:S2	RCSB-5F25-5TU-KD	S2	construct-039-90fec4b83698	90fec4b836986f10bbadc7efebe17b38248dc617ec5cb903f1db919321382f73	Q9H8M2	5F25	5TU	LCFYRSDVZKRXGW-UHFFFAOYSA-N	Cc1cc(-c2ccc(C(N)=O)cc2)cn(C)c1=O	5.040958607678906	AF-Q9H8M2-F1	5ec6d861654387d6547f2de021e35796ad614ad8b8d07c758bbebbd0a52def68	1	A	4Z6H	4L2	158;159;160;161;162;163;164;165;166;169;170;173;211;212;215;216;222	158;159;160;161;162;163;164;165;166;169;170;173;211;212;215;216;222		alphafold_db_predicted_fixed_per_construct	False	True	False	17.0	143.0	1.0	0.0	0.17647058823529413	0.0	0.0	0.0	0.17647058823529413	0.058823529411764705	0.058823529411764705	0.058823529411764705	0.0	0.0	0.0	0.11764705882352941	0.058823529411764705	0.0	0.0	0.0	0.058823529411764705	0.058823529411764705	0.0	0.17647058823529413	0.0	0.6923076923076923	0.14685314685314685	0.16083916083916083	0.0	0.0	0.0	0.0	8.027451029626892	13.541661857727798	21.565	20.887999999999998	16.569	5.726171269609325	4.591098482436018	3.2515761330056985	0.007352941176470588	0.14705882352941177	0.10294117647058823	0.17647058823529413	0.18382352941176472	0.3088235294117647	0.07352941176470588	0.0	0.0	0.25735294117647056	4.117647058823529	1.078253104695492
RCSB-4Z6I-4L3-KD:S2	RCSB-4Z6I-4L3-KD	S2	construct-039-90fec4b83698	90fec4b836986f10bbadc7efebe17b38248dc617ec5cb903f1db919321382f73	Q9H8M2	4Z6I	4L3	SMDVXOGKDHVOGV-SQJMNOBHSA-N	Cc1cc(=O)n(C)c2cc(N3C(=O)CC[C@H](NC(=O)OC(C)(C)C)[C@H]3c3ccccc3)ccc12	6.30715308072277	AF-Q9H8M2-F1	5ec6d861654387d6547f2de021e35796ad614ad8b8d07c758bbebbd0a52def68	1	A	4Z6H	4L2	158;159;160;161;162;163;164;165;166;169;170;173;211;212;215;216;222	158;159;160;161;162;163;164;165;166;169;170;173;211;212;215;216;222		alphafold_db_predicted_fixed_per_construct	False	True	False	17.0	143.0	1.0	0.0	0.17647058823529413	0.0	0.0	0.0	0.17647058823529413	0.058823529411764705	0.058823529411764705	0.058823529411764705	0.0	0.0	0.0	0.11764705882352941	0.058823529411764705	0.0	0.0	0.0	0.058823529411764705	0.058823529411764705	0.0	0.17647058823529413	0.0	0.6923076923076923	0.14685314685314685	0.16083916083916083	0.0	0.0	0.0	0.0	8.027451029626892	13.541661857727798	21.565	20.887999999999998	16.569	5.726171269609325	4.591098482436018	3.2515761330056985	0.007352941176470588	0.14705882352941177	0.10294117647058823	0.17647058823529413	0.18382352941176472	0.3088235294117647	0.07352941176470588	0.0	0.0	0.25735294117647056	4.117647058823529	1.078253104695492
RCSB-7Z62-IEC-KD:S2	RCSB-7Z62-IEC-KD	S2	construct-040-ac2363267f3b	ac2363267f3bff112da89037b97f9c4d544249427c1030054021fb3dfd307f2a	Q05097	7Z62	IEC	FXBHOHBIBVREQU-IFLJBQAJSA-N	C=C(c1ccc(OC)cc1)c1ccc(S[C@@H]2O[C@H](CO)[C@H](O)[C@H](O)[C@H]2O)cc1	5.522878745280337	AF-Q05097-F1	76c86d3029eed2804c63b4a3789e3145a3e0150de2d1052047e0fc3144d8aa10	1	A	4A6S	GS9	37;38;39;51;52;53;54;56;63;101;102;105;106;108;109	37;38;39;51;52;53;54;56;63;101;102;105;106;108;109		alphafold_db_predicted_fixed_per_construct	False	True	False	15.0	121.0	1.0	0.0	0.0	0.06666666666666667	0.13333333333333333	0.0	0.0	0.06666666666666667	0.06666666666666667	0.0	0.0	0.06666666666666667	0.0	0.13333333333333333	0.13333333333333333	0.06666666666666667	0.0	0.0	0.06666666666666667	0.06666666666666667	0.0	0.13333333333333333	0.0	0.6198347107438017	0.1652892561983471	0.2066115702479339	0.008264462809917356	0.0	0.0	0.0	7.499210617293108	13.060250599463401	20.669	18.832	12.586000000000002	5.971322360157437	3.874168736567857	2.3605689471408646	0.0380952380952381	0.1619047619047619	0.17142857142857143	0.1523809523809524	0.17142857142857143	0.23809523809523808	0.06666666666666667	0.0	0.0	0.37142857142857144	5.2	1.1075498483890767
RCSB-4LK7-GAL-KD:S2	RCSB-4LK7-GAL-KD	S2	construct-040-ac2363267f3b	ac2363267f3bff112da89037b97f9c4d544249427c1030054021fb3dfd307f2a	Q05097	4LK7	GAL	WQZGKKKJIJFFOK-FPRJBGLDSA-N	OC[C@H]1O[C@@H](O)[C@H](O)[C@@H](O)[C@H]1O	4.057991946977687	AF-Q05097-F1	76c86d3029eed2804c63b4a3789e3145a3e0150de2d1052047e0fc3144d8aa10	1	A	4A6S	GS9	37;38;39;51;52;53;54;56;63;101;102;105;106;108;109	37;38;39;51;52;53;54;56;63;101;102;105;106;108;109		alphafold_db_predicted_fixed_per_construct	False	True	False	15.0	121.0	1.0	0.0	0.0	0.06666666666666667	0.13333333333333333	0.0	0.0	0.06666666666666667	0.06666666666666667	0.0	0.0	0.06666666666666667	0.0	0.13333333333333333	0.13333333333333333	0.06666666666666667	0.0	0.0	0.06666666666666667	0.06666666666666667	0.0	0.13333333333333333	0.0	0.6198347107438017	0.1652892561983471	0.2066115702479339	0.008264462809917356	0.0	0.0	0.0	7.499210617293108	13.060250599463401	20.669	18.832	12.586000000000002	5.971322360157437	3.874168736567857	2.3605689471408646	0.0380952380952381	0.1619047619047619	0.17142857142857143	0.1523809523809524	0.17142857142857143	0.23809523809523808	0.06666666666666667	0.0	0.0	0.37142857142857144	5.2	1.1075498483890767
RCSB-7Z63-IE3-KD:S2	RCSB-7Z63-IE3-KD	S2	construct-040-ac2363267f3b	ac2363267f3bff112da89037b97f9c4d544249427c1030054021fb3dfd307f2a	Q05097	7Z63	IE3	MGBZLSXWJZVCBJ-YNIWLMFPSA-N	COc1ccc(C(=O)c2cc(OC)c(OC)c(OC)c2)cc1S[C@@H]1O[C@H](CO)[C@H](O)[C@H](O)[C@H]1O	5.991399828238082	AF-Q05097-F1	76c86d3029eed2804c63b4a3789e3145a3e0150de2d1052047e0fc3144d8aa10	1	A	4A6S	GS9	37;38;39;51;52;53;54;56;63;101;102;105;106;108;109	37;38;39;51;52;53;54;56;63;101;102;105;106;108;109		alphafold_db_predicted_fixed_per_construct	False	True	False	15.0	121.0	1.0	0.0	0.0	0.06666666666666667	0.13333333333333333	0.0	0.0	0.06666666666666667	0.06666666666666667	0.0	0.0	0.06666666666666667	0.0	0.13333333333333333	0.13333333333333333	0.06666666666666667	0.0	0.0	0.06666666666666667	0.06666666666666667	0.0	0.13333333333333333	0.0	0.6198347107438017	0.1652892561983471	0.2066115702479339	0.008264462809917356	0.0	0.0	0.0	7.499210617293108	13.060250599463401	20.669	18.832	12.586000000000002	5.971322360157437	3.874168736567857	2.3605689471408646	0.0380952380952381	0.1619047619047619	0.17142857142857143	0.1523809523809524	0.17142857142857143	0.23809523809523808	0.06666666666666667	0.0	0.0	0.37142857142857144	5.2	1.1075498483890767
RCSB-3C49-KU8-KD:S2	RCSB-3C49-KU8-KD	S2	construct-041-af8addec2ede	af8addec2ede8822dd17537922964c9d6a80b885a86e8d395e942cdce83d6335	Q9Y6F1	3C49	KU8	HGEPGGJUGUMFHT-UHFFFAOYSA-N	O=C(c1cc(Cc2n[nH]c(=O)c3ccccc23)ccc1F)N1CCCNCC1	7.154901959985743	AF-Q9Y6F1-F1	b6ae6dd83a71f2e5ec404d85eef5bb6d641f00f9df52be699acf8f771f41f6c7	1	A	3C4H	DRL	383;384;385;386;414;415;416;421;422;423;425;439;513;514;515	383;384;385;386;414;415;416;421;422;423;425;439;513;514;515		alphafold_db_predicted_fixed_per_construct	False	True	False	15.0	130.0	1.0	0.0	0.13333333333333333	0.0	0.0	0.06666666666666667	0.06666666666666667	0.06666666666666667	0.06666666666666667	0.0	0.06666666666666667	0.0	0.06666666666666667	0.0	0.0	0.0	0.0	0.13333333333333333	0.06666666666666667	0.0	0.06666666666666667	0.2	0.0	0.6692307692307692	0.14615384615384616	0.17692307692307693	0.007692307692307693	0.0	0.0	0.0	7.146047810826302	10.9428679548687	19.445999999999998	16.769	14.302	5.159650693219624	3.7156049059635032	3.261638272609883	0.01904761904761905	0.13333333333333333	0.23809523809523808	0.21904761904761905	0.19047619047619047	0.17142857142857143	0.02857142857142857	0.0	0.0	0.3904761904761905	5.466666666666667	1.7074997966487597
RCSB-3CE0-P34-KD:S2	RCSB-3CE0-P34-KD	S2	construct-041-af8addec2ede	af8addec2ede8822dd17537922964c9d6a80b885a86e8d395e942cdce83d6335	Q9Y6F1	3CE0	P34	UYJZZVDLGDDTCL-UHFFFAOYSA-N	CN(C)CC(=O)Nc1ccc2[nH]c(=O)c3ccccc3c2c1	6.154901959985743	AF-Q9Y6F1-F1	b6ae6dd83a71f2e5ec404d85eef5bb6d641f00f9df52be699acf8f771f41f6c7	1	A	3C4H	DRL	383;384;385;386;414;415;416;421;422;423;425;439;513;514;515	383;384;385;386;414;415;416;421;422;423;425;439;513;514;515		alphafold_db_predicted_fixed_per_construct	False	True	False	15.0	130.0	1.0	0.0	0.13333333333333333	0.0	0.0	0.06666666666666667	0.06666666666666667	0.06666666666666667	0.06666666666666667	0.0	0.06666666666666667	0.0	0.06666666666666667	0.0	0.0	0.0	0.0	0.13333333333333333	0.06666666666666667	0.0	0.06666666666666667	0.2	0.0	0.6692307692307692	0.14615384615384616	0.17692307692307693	0.007692307692307693	0.0	0.0	0.0	7.146047810826302	10.9428679548687	19.445999999999998	16.769	14.302	5.159650693219624	3.7156049059635032	3.261638272609883	0.01904761904761905	0.13333333333333333	0.23809523809523808	0.21904761904761905	0.19047619047619047	0.17142857142857143	0.02857142857142857	0.0	0.0	0.3904761904761905	5.466666666666667	1.7074997966487597
RCSB-8G44-ZU9-KD:S2	RCSB-8G44-ZU9-KD	S2	construct-042-b818769d59cf	b818769d59cf6fd4f1022afa7f6b60e90feb3ecba9b9867182a471a9039cb1d4	Q9UBN7	8G44	ZU9	QZFFZTYIGSWGJT-UHFFFAOYSA-N	O=C(O)CCc1nc2ccccc2c(=O)n1CC(=O)NCc1ccccc1	6.207608310501746	AF-Q9UBN7-F1	d77e8d903d91d5920108935aa13f12b01fb765e46a4a8ed0eca094a477faf215	1	A	6CE6	EYP	1141;1143;1153;1154;1155;1156;1159;1161;1162;1173;1182;1184;1187;1189	1141;1143;1153;1154;1155;1156;1159;1161;1162;1173;1182;1184;1187;1189		alphafold_db_predicted_fixed_per_construct	False	True	False	14.0	130.0	1.0	0.0	0.0	0.07142857142857142	0.0	0.07142857142857142	0.0	0.14285714285714285	0.0	0.0	0.0	0.07142857142857142	0.07142857142857142	0.0	0.0	0.07142857142857142	0.07142857142857142	0.0	0.0	0.07142857142857142	0.14285714285714285	0.21428571428571427	0.0	0.676923076923077	0.15384615384615385	0.15384615384615385	0.015384615384615385	0.0	0.0	0.0	7.175659663686207	11.65195431142615	18.577000000000005	16.217000000000002	13.117	5.189679035453894	3.5424428328176005	3.4653169976558873	0.01098901098901099	0.17582417582417584	0.17582417582417584	0.24175824175824176	0.16483516483516483	0.1978021978021978	0.03296703296703297	0.0	0.0	0.3626373626373626	4.714285714285714	1.7899948694488097
RCSB-8G43-ZU6-KD:S2	RCSB-8G43-ZU6-KD	S2	construct-042-b818769d59cf	b818769d59cf6fd4f1022afa7f6b60e90feb3ecba9b9867182a471a9039cb1d4	Q9UBN7	8G43	ZU6	DEMTVGMQPPAESO-UHFFFAOYSA-N	CNC(=O)Cn1c(CCC(=O)O)nc2ccccc2c1=O	4.853871964321762	AF-Q9UBN7-F1	d77e8d903d91d5920108935aa13f12b01fb765e46a4a8ed0eca094a477faf215	1	A	6CE6	EYP	1141;1143;1153;1154;1155;1156;1159;1161;1162;1173;1182;1184;1187;1189	1141;1143;1153;1154;1155;1156;1159;1161;1162;1173;1182;1184;1187;1189		alphafold_db_predicted_fixed_per_construct	False	True	False	14.0	130.0	1.0	0.0	0.0	0.07142857142857142	0.0	0.07142857142857142	0.0	0.14285714285714285	0.0	0.0	0.0	0.07142857142857142	0.07142857142857142	0.0	0.0	0.07142857142857142	0.07142857142857142	0.0	0.0	0.07142857142857142	0.14285714285714285	0.21428571428571427	0.0	0.676923076923077	0.15384615384615385	0.15384615384615385	0.015384615384615385	0.0	0.0	0.0	7.175659663686207	11.65195431142615	18.577000000000005	16.217000000000002	13.117	5.189679035453894	3.5424428328176005	3.4653169976558873	0.01098901098901099	0.17582417582417584	0.17582417582417584	0.24175824175824176	0.16483516483516483	0.1978021978021978	0.03296703296703297	0.0	0.0	0.3626373626373626	4.714285714285714	1.7899948694488097
RCSB-6CED-EYA-KD:S2	RCSB-6CED-EYA-KD	S2	construct-042-b818769d59cf	b818769d59cf6fd4f1022afa7f6b60e90feb3ecba9b9867182a471a9039cb1d4	Q9UBN7	6CED	EYA	UXGWMRNLTMHSST-UHFFFAOYSA-N	Cn1c(CCC(=O)O)nc2ccccc2c1=O	5.823908740944319	AF-Q9UBN7-F1	d77e8d903d91d5920108935aa13f12b01fb765e46a4a8ed0eca094a477faf215	1	A	6CE6	EYP	1141;1143;1153;1154;1155;1156;1159;1161;1162;1173;1182;1184;1187;1189	1141;1143;1153;1154;1155;1156;1159;1161;1162;1173;1182;1184;1187;1189		alphafold_db_predicted_fixed_per_construct	False	True	False	14.0	130.0	1.0	0.0	0.0	0.07142857142857142	0.0	0.07142857142857142	0.0	0.14285714285714285	0.0	0.0	0.0	0.07142857142857142	0.07142857142857142	0.0	0.0	0.07142857142857142	0.07142857142857142	0.0	0.0	0.07142857142857142	0.14285714285714285	0.21428571428571427	0.0	0.676923076923077	0.15384615384615385	0.15384615384615385	0.015384615384615385	0.0	0.0	0.0	7.175659663686207	11.65195431142615	18.577000000000005	16.217000000000002	13.117	5.189679035453894	3.5424428328176005	3.4653169976558873	0.01098901098901099	0.17582417582417584	0.17582417582417584	0.24175824175824176	0.16483516483516483	0.1978021978021978	0.03296703296703297	0.0	0.0	0.3626373626373626	4.714285714285714	1.7899948694488097
RCSB-7MS5-ZOG-KD:S2	RCSB-7MS5-ZOG-KD	S2	construct-043-bfab01cca0a7	bfab01cca0a732a81b57649f1c7f71e20efa331cb3b046e452884598beec6200	P45974	7MS5	ZOG	MCLQTWVCUVNNQM-UHFFFAOYSA-N	O=C(O)CCC(=O)c1ccc(S(=O)(=O)N2CCC(c3ccc(F)c(F)c3)CC2)cc1	4.920818753952375	AF-P45974-F1	e74054981f3aeb2dbd397fdd42fbe3a222aa2c643cf6979b8586a4a98c165cfd	1	A	6DXH	HH4	207;209;219;220;221;231;233;234;245;259;261;264;265;266	207;209;219;220;221;231;233;234;245;259;261;264;265;266		alphafold_db_predicted_fixed_per_construct	False	True	False	14.0	116.0	1.0	0.0	0.14285714285714285	0.07142857142857142	0.14285714285714285	0.0	0.0	0.07142857142857142	0.0	0.0	0.0	0.0	0.07142857142857142	0.14285714285714285	0.0	0.0	0.07142857142857142	0.0	0.0	0.07142857142857142	0.07142857142857142	0.14285714285714285	0.0	0.6206896551724138	0.1724137931034483	0.1896551724137931	0.017241379310344827	0.0	0.0	0.0	7.1426179447845	12.227882674304926	18.743000000000002	15.685	15.643	5.485347995824181	3.6869461039686424	2.7082054752724427	0.01098901098901099	0.2087912087912088	0.15384615384615385	0.17582417582417584	0.18681318681318682	0.1978021978021978	0.06593406593406594	0.0	0.0	0.37362637362637363	4.857142857142857	1.684260874650228
RCSB-7MS6-ZPV-KD:S2	RCSB-7MS6-ZPV-KD	S2	construct-043-bfab01cca0a7	bfab01cca0a732a81b57649f1c7f71e20efa331cb3b046e452884598beec6200	P45974	7MS6	ZPV	IOUTWRYTULEKGO-UHFFFAOYSA-N	O=C(O)CNC(=O)c1ccc(S(=O)(=O)N2CCC(c3ccccc3)CC2)cc1F	5.045757490560675	AF-P45974-F1	e74054981f3aeb2dbd397fdd42fbe3a222aa2c643cf6979b8586a4a98c165cfd	1	A	6DXH	HH4	207;209;219;220;221;231;233;234;245;259;261;264;265;266	207;209;219;220;221;231;233;234;245;259;261;264;265;266		alphafold_db_predicted_fixed_per_construct	False	True	False	14.0	116.0	1.0	0.0	0.14285714285714285	0.07142857142857142	0.14285714285714285	0.0	0.0	0.07142857142857142	0.0	0.0	0.0	0.0	0.07142857142857142	0.14285714285714285	0.0	0.0	0.07142857142857142	0.0	0.0	0.07142857142857142	0.07142857142857142	0.14285714285714285	0.0	0.6206896551724138	0.1724137931034483	0.1896551724137931	0.017241379310344827	0.0	0.0	0.0	7.1426179447845	12.227882674304926	18.743000000000002	15.685	15.643	5.485347995824181	3.6869461039686424	2.7082054752724427	0.01098901098901099	0.2087912087912088	0.15384615384615385	0.17582417582417584	0.18681318681318682	0.1978021978021978	0.06593406593406594	0.0	0.0	0.37362637362637363	4.857142857142857	1.684260874650228
RCSB-6NFT-KKG-KD:S2	RCSB-6NFT-KKG-KD	S2	construct-043-bfab01cca0a7	bfab01cca0a732a81b57649f1c7f71e20efa331cb3b046e452884598beec6200	P45974	6NFT	KKG	BBBICQPTZBHLBM-UHFFFAOYSA-N	O=C(O)Cn1cnc2ccccc2c1=O	3.6575773191777934	AF-P45974-F1	e74054981f3aeb2dbd397fdd42fbe3a222aa2c643cf6979b8586a4a98c165cfd	1	A	6DXH	HH4	207;209;219;220;221;231;233;234;245;259;261;264;265;266	207;209;219;220;221;231;233;234;245;259;261;264;265;266		alphafold_db_predicted_fixed_per_construct	False	True	False	14.0	116.0	1.0	0.0	0.14285714285714285	0.07142857142857142	0.14285714285714285	0.0	0.0	0.07142857142857142	0.0	0.0	0.0	0.0	0.07142857142857142	0.14285714285714285	0.0	0.0	0.07142857142857142	0.0	0.0	0.07142857142857142	0.07142857142857142	0.14285714285714285	0.0	0.6206896551724138	0.1724137931034483	0.1896551724137931	0.017241379310344827	0.0	0.0	0.0	7.1426179447845	12.227882674304926	18.743000000000002	15.685	15.643	5.485347995824181	3.6869461039686424	2.7082054752724427	0.01098901098901099	0.2087912087912088	0.15384615384615385	0.17582417582417584	0.18681318681318682	0.1978021978021978	0.06593406593406594	0.0	0.0	0.37362637362637363	4.857142857142857	1.684260874650228
RCSB-8AE7-LVU-KD:S2	RCSB-8AE7-LVU-KD	S2	construct-046-e314686107a8	e314686107a8aa87dc3412bd7107896368ad14fabb05afc4787c83cc0b4c5efe	P68400	8AE7	LVU	LIFGJTPUCFFUJO-UHFFFAOYSA-N	N#CCc1n[nH]c2cc(Br)c(Br)cc12	4.991399828238082	AF-P68400-F1	e988da6ebf46918529ea745f5d4fad4c73ac16b8dcf3049074ee49a0e67378b8	1	A	5CSV	GAB	45;51;53;66;68;81;85;95;113;114;116;118;160;163;174;175;176	45;51;53;66;68;81;85;95;113;114;116;118;160;163;174;175;176		alphafold_db_predicted_fixed_per_construct	False	True	False	17.0	145.0	1.0	0.0	0.0	0.0	0.058823529411764705	0.11764705882352941	0.058823529411764705	0.0	0.058823529411764705	0.11764705882352941	0.058823529411764705	0.11764705882352941	0.058823529411764705	0.058823529411764705	0.0	0.0	0.0	0.058823529411764705	0.0	0.17647058823529413	0.058823529411764705	0.0	0.0	0.6689655172413793	0.15172413793103448	0.1724137931034483	0.006896551724137931	0.0	0.0	0.0	8.442100785305213	13.664765005728553	22.818	21.06	18.399	5.709890043116883	4.533600095647803	4.255900790374206	0.0	0.11764705882352941	0.09558823529411764	0.16176470588235295	0.19852941176470587	0.3161764705882353	0.10294117647058823	0.007352941176470588	0.0	0.21323529411764705	3.411764705882353	1.3310245292923248
RCSB-5CSP-54G-KD:S2	RCSB-5CSP-54G-KD	S2	construct-046-e314686107a8	e314686107a8aa87dc3412bd7107896368ad14fabb05afc4787c83cc0b4c5efe	P68400	5CSP	54G	DLGBEGBHXSAQOC-UHFFFAOYSA-N	Cc1ccc(O)c(C(=O)O)c1	4.236572006437063	AF-P68400-F1	e988da6ebf46918529ea745f5d4fad4c73ac16b8dcf3049074ee49a0e67378b8	1	A	5CSV	GAB	45;51;53;66;68;81;85;95;113;114;116;118;160;163;174;175;176	45;51;53;66;68;81;85;95;113;114;116;118;160;163;174;175;176		alphafold_db_predicted_fixed_per_construct	False	True	False	17.0	145.0	1.0	0.0	0.0	0.0	0.058823529411764705	0.11764705882352941	0.058823529411764705	0.0	0.058823529411764705	0.11764705882352941	0.058823529411764705	0.11764705882352941	0.058823529411764705	0.058823529411764705	0.0	0.0	0.0	0.058823529411764705	0.0	0.17647058823529413	0.058823529411764705	0.0	0.0	0.6689655172413793	0.15172413793103448	0.1724137931034483	0.006896551724137931	0.0	0.0	0.0	8.442100785305213	13.664765005728553	22.818	21.06	18.399	5.709890043116883	4.533600095647803	4.255900790374206	0.0	0.11764705882352941	0.09558823529411764	0.16176470588235295	0.19852941176470587	0.3161764705882353	0.10294117647058823	0.007352941176470588	0.0	0.21323529411764705	3.411764705882353	1.3310245292923248
RCSB-8AEC-LW3-KD:S2	RCSB-8AEC-LW3-KD	S2	construct-046-e314686107a8	e314686107a8aa87dc3412bd7107896368ad14fabb05afc4787c83cc0b4c5efe	P68400	8AEC	LW3	FAGVHGZPQSWXCE-UHFFFAOYSA-N	N#CCc1n[nH]c2cc(Cl)c(Br)cc12	4.801342913045577	AF-P68400-F1	e988da6ebf46918529ea745f5d4fad4c73ac16b8dcf3049074ee49a0e67378b8	1	A	5CSV	GAB	45;51;53;66;68;81;85;95;113;114;116;118;160;163;174;175;176	45;51;53;66;68;81;85;95;113;114;116;118;160;163;174;175;176		alphafold_db_predicted_fixed_per_construct	False	True	False	17.0	145.0	1.0	0.0	0.0	0.0	0.058823529411764705	0.11764705882352941	0.058823529411764705	0.0	0.058823529411764705	0.11764705882352941	0.058823529411764705	0.11764705882352941	0.058823529411764705	0.058823529411764705	0.0	0.0	0.0	0.058823529411764705	0.0	0.17647058823529413	0.058823529411764705	0.0	0.0	0.6689655172413793	0.15172413793103448	0.1724137931034483	0.006896551724137931	0.0	0.0	0.0	8.442100785305213	13.664765005728553	22.818	21.06	18.399	5.709890043116883	4.533600095647803	4.255900790374206	0.0	0.11764705882352941	0.09558823529411764	0.16176470588235295	0.19852941176470587	0.3161764705882353	0.10294117647058823	0.007352941176470588	0.0	0.21323529411764705	3.411764705882353	1.3310245292923248
RCSB-5CU2-54G-KD:S2	RCSB-5CU2-54G-KD	S2	construct-047-02852c250924	02852c250924a3332a69bb7b8acf298e0e089e0610d2772eb4cf01b43935f83c	P68400	5CU2	54G	DLGBEGBHXSAQOC-UHFFFAOYSA-N	Cc1ccc(O)c(C(=O)O)c1	4.236572006437063	AF-P68400-F1	e988da6ebf46918529ea745f5d4fad4c73ac16b8dcf3049074ee49a0e67378b8	1	A	5CSH	54E	118;119;120;121;124;125;128;132;133;134;136;137;140;158;159;160;161;162;163;164;171;221;222;225	118;119;120;121;124;125;128;132;133;134;136;137;140;158;159;160;161;162;163;164;171;221;222;225		alphafold_db_predicted_fixed_per_construct	False	True	False	24.0	206.0	1.0	0.0	0.0	0.0	0.08333333333333333	0.0	0.041666666666666664	0.0	0.041666666666666664	0.125	0.041666666666666664	0.16666666666666666	0.16666666666666666	0.08333333333333333	0.041666666666666664	0.0	0.041666666666666664	0.0	0.041666666666666664	0.041666666666666664	0.0	0.08333333333333333	0.0	0.6650485436893204	0.1553398058252427	0.16019417475728157	0.019417475728155338	0.0	0.0	0.0	8.427102198385692	16.4913248680038	27.319999999999997	18.152	17.982000000000003	6.0566775720414325	4.420021887141668	3.8465718201478927	0.0036231884057971015	0.11956521739130435	0.11956521739130435	0.15579710144927536	0.18478260869565216	0.322463768115942	0.07608695652173914	0.018115942028985508	0.0	0.2427536231884058	5.583333333333333	1.3202482931462383
RCSB-7A6W-R3E-KD:S2	RCSB-7A6W-R3E-KD	S2	construct-049-226bc9b1a66a	226bc9b1a66a817531eb53818cd516d599e47e0ace8b491d58681e05d66ec1c7	Q13451	7A6W	R3E	MDPYBQRKSBXYSJ-QCXYFFPESA-N	COc1ccc(CC[C@H]2OC(=O)[C@@H]3CCCCN3C(=O)[C@@H](C3CCCCC3)c3cc(OC)c(c(OC)c3)OCCOC/C=C\COc3cccc2c3)cc1OC	6.97469413473523	AF-Q13451-F1	e4a791211e5b5c7b453b898a8c48b07abbe8161ee332c1ebb3b6fde22e08b6a0	1	A	7B9Z	T58	57;59;60;61;66;67;68;73;77;84;85;86;87;88;90;112;113;117;118;121;122;128;129;130	57;59;60;61;66;67;68;73;77;84;85;86;87;88;90;112;113;117;118;121;122;128;129;130		alphafold_db_predicted_fixed_per_construct	False	True	False	24.0	208.0	1.0	0.0	0.041666666666666664	0.0	0.041666666666666664	0.0	0.16666666666666666	0.125	0.0	0.08333333333333333	0.16666666666666666	0.08333333333333333	0.0	0.0	0.0	0.041666666666666664	0.041666666666666664	0.041666666666666664	0.0	0.041666666666666664	0.041666666666666664	0.08333333333333333	0.0	0.6971153846153846	0.15865384615384615	0.14423076923076922	0.0	0.0	0.0	0.0	9.147493479714697	16.456720967876272	27.330000000000002	26.692999999999998	18.740000000000002	6.17330121763088	5.369257857515697	4.091217312405434	0.0036231884057971015	0.11231884057971014	0.10507246376811594	0.11594202898550725	0.16666666666666666	0.2717391304347826	0.18115942028985507	0.043478260869565216	0.0	0.2210144927536232	5.083333333333333	2.158638974498103
RCSB-7A6X-R3B-KD:S2	RCSB-7A6X-R3B-KD	S2	construct-049-226bc9b1a66a	226bc9b1a66a817531eb53818cd516d599e47e0ace8b491d58681e05d66ec1c7	Q13451	7A6X	R3B	YSZSLPRWNYBWRS-LSFNHRITSA-N	COc1ccc(CC[C@H]2OC(=O)[C@@H]3CCCCN3C(=O)[C@@H](C3CCCCC3)c3cc(OC)c(c(OC)c3)OCCCOc3cccc2c3)cc1OC	7.154901959985743	AF-Q13451-F1	e4a791211e5b5c7b453b898a8c48b07abbe8161ee332c1ebb3b6fde22e08b6a0	1	A	7B9Z	T58	57;59;60;61;66;67;68;73;77;84;85;86;87;88;90;112;113;117;118;121;122;128;129;130	57;59;60;61;66;67;68;73;77;84;85;86;87;88;90;112;113;117;118;121;122;128;129;130		alphafold_db_predicted_fixed_per_construct	False	True	False	24.0	208.0	1.0	0.0	0.041666666666666664	0.0	0.041666666666666664	0.0	0.16666666666666666	0.125	0.0	0.08333333333333333	0.16666666666666666	0.08333333333333333	0.0	0.0	0.0	0.041666666666666664	0.041666666666666664	0.041666666666666664	0.0	0.041666666666666664	0.041666666666666664	0.08333333333333333	0.0	0.6971153846153846	0.15865384615384615	0.14423076923076922	0.0	0.0	0.0	0.0	9.147493479714697	16.456720967876272	27.330000000000002	26.692999999999998	18.740000000000002	6.17330121763088	5.369257857515697	4.091217312405434	0.0036231884057971015	0.11231884057971014	0.10507246376811594	0.11594202898550725	0.16666666666666666	0.2717391304347826	0.18115942028985507	0.043478260869565216	0.0	0.2210144927536232	5.083333333333333	2.158638974498103
RCSB-5VD0-8X7-KD:S2	RCSB-5VD0-8X7-KD	S2	construct-050-27409f179f54	27409f179f54750d7eeed1249ff00e0449a329cf79b68d9e1b4d3f211f6d7ef2	Q99640	5VD0	8X7	BKWJAKQVGHWELA-UHFFFAOYSA-N	C=CCn1c(=O)c2cnc(Nc3ccc(N4CCN(C)CC4)cc3)nc2n1-c1cccc(C(C)(C)O)n1	6.489454989793388	AF-Q99640-F1	2c7c4282f02652781c38a29c1e596837e8bf90b9784c67eb8231541f8268bb3a	1	A	5VCZ	XZN	116;117;124;137;138;139;157;161;171;173;185;186;187;188;189;190;191;192;193;196;237;240;250;251;252;253	116;117;124;137;138;139;157;161;171;173;185;186;187;188;189;190;191;192;193;196;237;240;250;251;252;253		alphafold_db_predicted_fixed_per_construct	False	True	False	26.0	190.0	1.0	0.0	0.07692307692307693	0.038461538461538464	0.038461538461538464	0.07692307692307693	0.07692307692307693	0.15384615384615385	0.038461538461538464	0.0	0.038461538461538464	0.15384615384615385	0.0	0.0	0.038461538461538464	0.07692307692307693	0.0	0.038461538461538464	0.038461538461538464	0.11538461538461539	0.0	0.0	0.0	0.6421052631578947	0.1631578947368421	0.18947368421052632	0.005263157894736842	0.0	0.0	0.0	8.759497926640226	15.828156452132559	24.886000000000003	19.564999999999998	17.615	6.305817915137086	4.577213658636463	4.001822018923679	0.012307692307692308	0.10153846153846154	0.09846153846153846	0.13538461538461538	0.16307692307692306	0.3323076923076923	0.13846153846153847	0.018461538461538463	0.0	0.2123076923076923	5.3076923076923075	1.8138194034694763
RCSB-5VD3-H8H-KD:S2	RCSB-5VD3-H8H-KD	S2	construct-050-27409f179f54	27409f179f54750d7eeed1249ff00e0449a329cf79b68d9e1b4d3f211f6d7ef2	Q99640	5VD3	H8H	OUKYUETWWIPKQR-UHFFFAOYSA-N	CN1CCN(CCOc2cc(OC3CCOCC3)c3c(Nc4c(Cl)ccc5c4OCO5)ncnc3c2)CC1	5.5502131530142265	AF-Q99640-F1	2c7c4282f02652781c38a29c1e596837e8bf90b9784c67eb8231541f8268bb3a	1	A	5VCZ	XZN	116;117;124;137;138;139;157;161;171;173;185;186;187;188;189;190;191;192;193;196;237;240;250;251;252;253	116;117;124;137;138;139;157;161;171;173;185;186;187;188;189;190;191;192;193;196;237;240;250;251;252;253		alphafold_db_predicted_fixed_per_construct	False	True	False	26.0	190.0	1.0	0.0	0.07692307692307693	0.038461538461538464	0.038461538461538464	0.07692307692307693	0.07692307692307693	0.15384615384615385	0.038461538461538464	0.0	0.038461538461538464	0.15384615384615385	0.0	0.0	0.038461538461538464	0.07692307692307693	0.0	0.038461538461538464	0.038461538461538464	0.11538461538461539	0.0	0.0	0.0	0.6421052631578947	0.1631578947368421	0.18947368421052632	0.005263157894736842	0.0	0.0	0.0	8.759497926640226	15.828156452132559	24.886000000000003	19.564999999999998	17.615	6.305817915137086	4.577213658636463	4.001822018923679	0.012307692307692308	0.10153846153846154	0.09846153846153846	0.13538461538461538	0.16307692307692306	0.3323076923076923	0.13846153846153847	0.018461538461538463	0.0	0.2123076923076923	5.3076923076923075	1.8138194034694763
RCSB-6T1J-M7T-KD:S2	RCSB-6T1J-M7T-KD	S2	construct-051-31c871f0f628	31c871f0f62862664d6fba8c0e50ac3d03a9f881d9ecf3810d175bd7a50366ab	Q03111	6T1J	M7T	UTOUOHONUGPBCF-UHFFFAOYSA-N	O=C(NCc1ccc(CN2CCCC2)cc1)N1CCN(C(=O)c2cccs2)CC1	4.7423214251308154	AF-Q03111-F1	5605a3ee980e0f88e8e4ddb17c104c2c9a8d051c2e44d1653e2751483ffe9baa	1	A	6T1I	M7W	26;28;32;56;58;59;60;75;76;77;78;79;80;81	26;28;32;56;58;59;60;75;76;77;78;79;80;81		alphafold_db_predicted_fixed_per_construct	False	True	False	14.0	119.0	1.0	0.0	0.07142857142857142	0.0	0.0	0.14285714285714285	0.21428571428571427	0.14285714285714285	0.07142857142857142	0.0	0.0	0.0	0.0	0.0	0.07142857142857142	0.0	0.0	0.14285714285714285	0.0	0.0	0.07142857142857142	0.07142857142857142	0.0	0.680672268907563	0.14285714285714285	0.17647058823529413	0.0	0.0	0.0	0.0	7.003136149930823	11.312371171762216	19.683	15.549	13.98	4.593788179453066	3.9133010982291023	3.5534631855957204	0.02197802197802198	0.16483516483516483	0.07692307692307693	0.32967032967032966	0.23076923076923078	0.15384615384615385	0.02197802197802198	0.0	0.0	0.26373626373626374	3.4285714285714284	1.1157499537009508
RCSB-6T1L-M7N-KD:S2	RCSB-6T1L-M7N-KD	S2	construct-051-31c871f0f628	31c871f0f62862664d6fba8c0e50ac3d03a9f881d9ecf3810d175bd7a50366ab	Q03111	6T1L	M7N	BZUHDDVBSAICQG-UHFFFAOYSA-N	CCN(CC)Cc1ccc(CNC(=O)N2CCN(c3ncccn3)CC2)cc1	4.767003889607846	AF-Q03111-F1	5605a3ee980e0f88e8e4ddb17c104c2c9a8d051c2e44d1653e2751483ffe9baa	1	A	6T1I	M7W	26;28;32;56;58;59;60;75;76;77;78;79;80;81	26;28;32;56;58;59;60;75;76;77;78;79;80;81		alphafold_db_predicted_fixed_per_construct	False	True	False	14.0	119.0	1.0	0.0	0.07142857142857142	0.0	0.0	0.14285714285714285	0.21428571428571427	0.14285714285714285	0.07142857142857142	0.0	0.0	0.0	0.0	0.0	0.07142857142857142	0.0	0.0	0.14285714285714285	0.0	0.0	0.07142857142857142	0.07142857142857142	0.0	0.680672268907563	0.14285714285714285	0.17647058823529413	0.0	0.0	0.0	0.0	7.003136149930823	11.312371171762216	19.683	15.549	13.98	4.593788179453066	3.9133010982291023	3.5534631855957204	0.02197802197802198	0.16483516483516483	0.07692307692307693	0.32967032967032966	0.23076923076923078	0.15384615384615385	0.02197802197802198	0.0	0.0	0.26373626373626374	3.4285714285714284	1.1157499537009508
RCSB-4F7V-J1D-KD:S2	RCSB-4F7V-J1D-KD	S2	construct-053-41d32cbef056	41d32cbef0564f4e6085196b0f0b0a87241055f9c2ee636e664d41c53f5ce59b	P26281	4F7V	J1D	QCWCABDSXQYDST-GWKRVTOESA-N	CC1(C)Nc2nc(N)[nH]c(=O)c2N=C1C(=O)NCC(=O)NCCS(=O)(=O)C[C@H]1O[C@@H](n2cnc3c(N)ncnc32)[C@H](O)[C@@H]1O	5.380906669373257	AF-P26281-F1	11d7b693271f7dc625673d2440854912142ddeb885f31041a4cecbec8fa93e6e	1	A	3UDV	J1C	8;9;10;43;44;45;46;47;51;54;55;56;71;74;75;78;88;89;90;91;93;96;97;98;99;100;110;111;112;113;114;115;116;117;122;124	8;9;10;43;44;45;46;47;51;54;55;56;71;74;75;78;88;89;90;91;93;96;97;98;99;100;110;111;112;113;114;115;116;117;122;124		alphafold_db_predicted_fixed_per_construct	False	True	False	36.0	303.0	1.0	0.0	0.0	0.0	0.05555555555555555	0.08333333333333333	0.027777777777777776	0.08333333333333333	0.027777777777777776	0.05555555555555555	0.0	0.1388888888888889	0.027777777777777776	0.027777777777777776	0.08333333333333333	0.05555555555555555	0.1111111111111111	0.027777777777777776	0.08333333333333333	0.027777777777777776	0.027777777777777776	0.05555555555555555	0.0	0.636963696369637	0.1782178217821782	0.18151815181518152	0.0033003300330033004	0.0	0.0	0.0	11.019199772222398	21.304297533588283	27.549	27.048000000000002	22.936999999999998	8.40089325662951	5.210584330755962	4.868014692145396	0.004761904761904762	0.06825396825396825	0.07777777777777778	0.09047619047619047	0.1253968253968254	0.23015873015873015	0.2222222222222222	0.17777777777777778	0.0031746031746031746	0.15079365079365079	5.277777777777778	1.894599211664437
RCSB-6HQY-GKW-KD:S2	RCSB-6HQY-GKW-KD	S2	construct-054-50c213a0f7bf	50c213a0f7bfe7bf6868307a32f2a7d213c3a355f11261b7583392a19622df71	A5H660	6HQY	GKW	AJRGHIGYPXNABY-UHFFFAOYSA-N	COc1ccc(Cn2ccc3ccc(C(=O)NO)cc32)cc1	6.435333935747911	AF-A5H660-F1	bdf852deaae7da7794ea56d68cf201b2e2251ec2c4f98be90222fdab77e52051	1	A	6HSH	GOK	99;100;141;142;149;150;151;152;186;187;188;189;216;281;285;292;338;339;340;341	99;100;141;142;149;150;151;152;186;187;188;189;216;281;285;292;338;339;340;341		alphafold_db_predicted_fixed_per_construct	False	True	False	20.0	165.0	1.0	0.0	0.0	0.05	0.15	0.0	0.1	0.2	0.25	0.0	0.0	0.05	0.0	0.0	0.0	0.05	0.0	0.05	0.0	0.0	0.0	0.1	0.0	0.6242424242424243	0.18787878787878787	0.18181818181818182	0.006060606060606061	0.0	0.0	0.0	8.460071927834434	18.504065004998253	25.805999999999997	21.693	20.047	6.246255498897709	4.492642948861177	3.5175657208743525	0.03684210526315789	0.09473684210526316	0.15789473684210525	0.1631578947368421	0.16842105263157894	0.3	0.03684210526315789	0.042105263157894736	0.0	0.2894736842105263	5.5	1.9874606914351791
RCSB-6HRQ-GM5-KD:S2	RCSB-6HRQ-GM5-KD	S2	construct-054-50c213a0f7bf	50c213a0f7bfe7bf6868307a32f2a7d213c3a355f11261b7583392a19622df71	A5H660	6HRQ	GM5	DORPIZJGSLWDIY-UHFFFAOYSA-N	O=C(NO)c1cccc(-c2cn(CSc3ccccc3)nn2)c1	7.086186147616283	AF-A5H660-F1	bdf852deaae7da7794ea56d68cf201b2e2251ec2c4f98be90222fdab77e52051	1	A	6HSH	GOK	99;100;141;142;149;150;151;152;186;187;188;189;216;281;285;292;338;339;340;341	99;100;141;142;149;150;151;152;186;187;188;189;216;281;285;292;338;339;340;341		alphafold_db_predicted_fixed_per_construct	False	True	False	20.0	165.0	1.0	0.0	0.0	0.05	0.15	0.0	0.1	0.2	0.25	0.0	0.0	0.05	0.0	0.0	0.0	0.05	0.0	0.05	0.0	0.0	0.0	0.1	0.0	0.6242424242424243	0.18787878787878787	0.18181818181818182	0.006060606060606061	0.0	0.0	0.0	8.460071927834434	18.504065004998253	25.805999999999997	21.693	20.047	6.246255498897709	4.492642948861177	3.5175657208743525	0.03684210526315789	0.09473684210526316	0.15789473684210525	0.1631578947368421	0.16842105263157894	0.3	0.03684210526315789	0.042105263157894736	0.0	0.2894736842105263	5.5	1.9874606914351791
RCSB-4LVB-20N-KD:S2	RCSB-4LVB-20N-KD	S2	construct-055-55e07f4ed0ce	55e07f4ed0ce8af3ab3438da5c3328ac0059868d28e3cf58be62b24c7e32b714	P43490	4LVB	20N	XJFJFROTOPBZCO-UHFFFAOYSA-N	CC(=O)Nc1ccc(NC(=O)C2CC2)cc1	4.107905397309519	AF-P43490-F1	e589012ba7ea4c88d159d182879e5a3574b34612ea1da9fff3959f442b08460c	1	A	4LVD	1EB	191;192;193;194;196;219;241;242;243;244;245;275;311;313;351;353	191;192;193;194;196;219;241;242;243;244;245;275;311;313;351;353		alphafold_db_predicted_fixed_per_construct	False	True	False	16.0	119.0	1.0	0.0	0.125	0.0	0.1875	0.0	0.0625	0.125	0.0625	0.0625	0.0	0.0	0.0	0.0	0.0625	0.0	0.125	0.125	0.0	0.0625	0.0	0.0	0.0	0.5966386554621849	0.20168067226890757	0.20168067226890757	0.0	0.0	0.0	0.0	7.7397124869436995	13.202324247791275	20.817999999999998	17.804000000000002	16.857	5.2420786535322605	4.679836273474438	3.243900927002318	0.025	0.125	0.13333333333333333	0.14166666666666666	0.23333333333333334	0.3	0.041666666666666664	0.0	0.0	0.2833333333333333	4.25	1.1989578808281798
RCSB-4LV9-20J-KD:S2	RCSB-4LV9-20J-KD	S2	construct-055-55e07f4ed0ce	55e07f4ed0ce8af3ab3438da5c3328ac0059868d28e3cf58be62b24c7e32b714	P43490	4LV9	20J	GDLBFKVLRPITMI-UHFFFAOYSA-N	CC1=Nc2ccc(Cl)cc2S(=O)(=O)N1	3.638272163982407	AF-P43490-F1	e589012ba7ea4c88d159d182879e5a3574b34612ea1da9fff3959f442b08460c	1	A	4LVD	1EB	191;192;193;194;196;219;241;242;243;244;245;275;311;313;351;353	191;192;193;194;196;219;241;242;243;244;245;275;311;313;351;353		alphafold_db_predicted_fixed_per_construct	False	True	False	16.0	119.0	1.0	0.0	0.125	0.0	0.1875	0.0	0.0625	0.125	0.0625	0.0625	0.0	0.0	0.0	0.0	0.0625	0.0	0.125	0.125	0.0	0.0625	0.0	0.0	0.0	0.5966386554621849	0.20168067226890757	0.20168067226890757	0.0	0.0	0.0	0.0	7.7397124869436995	13.202324247791275	20.817999999999998	17.804000000000002	16.857	5.2420786535322605	4.679836273474438	3.243900927002318	0.025	0.125	0.13333333333333333	0.14166666666666666	0.23333333333333334	0.3	0.041666666666666664	0.0	0.0	0.2833333333333333	4.25	1.1989578808281798
RCSB-5IA5-GV0-KD:S2	RCSB-5IA5-GV0-KD	S2	construct-056-5e2cf644e754	5e2cf644e7545b7dba71e2b656457a43d79ef2598dd7c40b2ca07fe245cb39a8	P29317	5IA5	GV0	UQRCJCNVNUFYDX-UHFFFAOYSA-N	CN1CCN(C2CCN(C(=O)Nc3cc(Oc4ccc(NC(=O)C5(C(=O)Nc6ccc(F)cc6)CC5)c(F)c4)ccn3)CC2)CC1	7.6020599913279625	AF-P29317-F1	a9676f4b9579b9e17d8626f74dd94d651d70591c417a8f34469a77966ac20f71	1	A	5I9Z	627	617;619;621;622;627;643;644;646;663;676;692;693;694;695;696;697;698;699;706;743;744;745;746;756;757	617;619;621;622;627;643;644;646;663;676;692;693;694;695;696;697;698;699;706;743;744;745;746;756;757		alphafold_db_predicted_fixed_per_construct	False	True	False	25.0	191.0	1.0	0.0	0.12	0.0	0.04	0.16	0.0	0.08	0.0	0.12	0.08	0.04	0.04	0.08	0.0	0.0	0.04	0.04	0.04	0.08	0.0	0.04	0.0	0.6178010471204188	0.16753926701570682	0.2094240837696335	0.005235602094240838	0.0	0.0	0.0	9.502690337974775	17.78682031377706	27.39	22.752000000000002	20.92	5.991737513450443	5.699683458286656	4.681219254070816	0.01	0.09	0.09	0.10333333333333333	0.14666666666666667	0.36333333333333334	0.13666666666666666	0.06	0.0	0.19	4.56	1.9200000000000002
RCSB-5IA4-88Z-KD:S2	RCSB-5IA4-88Z-KD	S2	construct-056-5e2cf644e754	5e2cf644e7545b7dba71e2b656457a43d79ef2598dd7c40b2ca07fe245cb39a8	P29317	5IA4	88Z	CXQHYVUVSFXTMY-UHFFFAOYSA-N	COc1cc2c(Oc3ccc(NC(=O)C4(C(=O)Nc5ccc(F)cc5)CC4)cc3F)ccnc2cc1OCCCN1CCOCC1	7.2839966563652006	AF-P29317-F1	a9676f4b9579b9e17d8626f74dd94d651d70591c417a8f34469a77966ac20f71	1	A	5I9Z	627	617;619;621;622;627;643;644;646;663;676;692;693;694;695;696;697;698;699;706;743;744;745;746;756;757	617;619;621;622;627;643;644;646;663;676;692;693;694;695;696;697;698;699;706;743;744;745;746;756;757		alphafold_db_predicted_fixed_per_construct	False	True	False	25.0	191.0	1.0	0.0	0.12	0.0	0.04	0.16	0.0	0.08	0.0	0.12	0.08	0.04	0.04	0.08	0.0	0.0	0.04	0.04	0.04	0.08	0.0	0.04	0.0	0.6178010471204188	0.16753926701570682	0.2094240837696335	0.005235602094240838	0.0	0.0	0.0	9.502690337974775	17.78682031377706	27.39	22.752000000000002	20.92	5.991737513450443	5.699683458286656	4.681219254070816	0.01	0.09	0.09	0.10333333333333333	0.14666666666666667	0.36333333333333334	0.13666666666666666	0.06	0.0	0.19	4.56	1.9200000000000002
RCSB-5LVN-ADN-KD:S2	RCSB-5LVN-ADN-KD	S2	construct-057-64fd661d958f	64fd661d958fea02b9768538d24b3ec07f04cb4f54bafa455ee5f25ebb4ffe3c	O15530	5LVN	ADN	OIRDTQYFTABQOQ-KQYNXXCUSA-N	Nc1ncnc2c1ncn2[C@@H]1O[C@H](CO)[C@@H](O)[C@H]1O	4.698970004336019	AF-O15530-F1	b33c7bf04024cee4662ba61b6402a62f6e97c29fa9ec4394c6428ea2e84809ce	1	A	3HRF	P47	76;113;115;116;118;119;124;127;128;131;148;149;150;155;156;157	76;113;115;116;118;119;124;127;128;131;148;149;150;155;156;157		alphafold_db_predicted_fixed_per_construct	False	True	False	16.0	143.0	1.0	0.0	0.0	0.0	0.0	0.0	0.125	0.0	0.0	0.125	0.125	0.125	0.0	0.0	0.0	0.0625	0.125	0.0	0.125	0.125	0.0	0.0625	0.0	0.6853146853146853	0.17482517482517482	0.13986013986013987	0.0	0.0	0.0	0.0	8.512452921368801	16.05622800355175	26.076	24.999999999999996	15.247999999999998	6.484129413497885	4.706676444464613	2.87491170901886	0.0	0.10833333333333334	0.23333333333333334	0.075	0.19166666666666668	0.25833333333333336	0.09166666666666666	0.041666666666666664	0.0	0.3416666666666667	5.125	1.7633419974582356
RCSB-4RQK-R1S-KD:S2	RCSB-4RQK-R1S-KD	S2	construct-057-64fd661d958f	64fd661d958fea02b9768538d24b3ec07f04cb4f54bafa455ee5f25ebb4ffe3c	O15530	4RQK	R1S	VLGMTYRMKMVUHJ-UHFFFAOYSA-N	O=S(=O)(Nc1nc2ccc(Cl)cc2s1)c1csc2ccccc12	5.823908740944319	AF-O15530-F1	b33c7bf04024cee4662ba61b6402a62f6e97c29fa9ec4394c6428ea2e84809ce	1	A	3HRF	P47	76;113;115;116;118;119;124;127;128;131;148;149;150;155;156;157	76;113;115;116;118;119;124;127;128;131;148;149;150;155;156;157		alphafold_db_predicted_fixed_per_construct	False	True	False	16.0	143.0	1.0	0.0	0.0	0.0	0.0	0.0	0.125	0.0	0.0	0.125	0.125	0.125	0.0	0.0	0.0	0.0625	0.125	0.0	0.125	0.125	0.0	0.0625	0.0	0.6853146853146853	0.17482517482517482	0.13986013986013987	0.0	0.0	0.0	0.0	8.512452921368801	16.05622800355175	26.076	24.999999999999996	15.247999999999998	6.484129413497885	4.706676444464613	2.87491170901886	0.0	0.10833333333333334	0.23333333333333334	0.075	0.19166666666666668	0.25833333333333336	0.09166666666666666	0.041666666666666664	0.0	0.3416666666666667	5.125	1.7633419974582356
RCSB-6EQ2-BU8-KD:S2	RCSB-6EQ2-BU8-KD	S2	construct-058-7dd2d4fe658a	7dd2d4fe658a802fabe6e6b5cba9d392721ca80cd5b42caf168417e0c481af6e	P36639	6EQ2	BU8	KXQPVJRJUJJWQJ-UHFFFAOYSA-N	Nc1nc2ncccc2[nH]1	5.886056647693163	AF-P36639-F1	924fa44665c5595fb69b6448efa6f7d9bb4de2cd2a7c2f95abd0cdca26cfa994	1	A	6EQ5	AX7	9;27;33;70;72;74;81;83;117;119;120;123;139	9;27;33;70;72;74;81;83;117;119;120;123;139		alphafold_db_predicted_fixed_per_construct	False	True	False	13.0	127.0	1.0	0.0	0.0	0.0	0.15384615384615385	0.0	0.3076923076923077	0.0	0.0	0.07692307692307693	0.0	0.07692307692307693	0.07692307692307693	0.07692307692307693	0.0	0.0	0.0	0.0	0.0	0.07692307692307693	0.15384615384615385	0.0	0.0	0.7244094488188977	0.12598425196850394	0.14173228346456693	0.007874015748031496	0.0	0.0	0.0	7.57842881705929	12.313286892533453	21.104	19.674	16.653	5.316690400441739	3.8999179499329664	3.7357765598167134	0.01282051282051282	0.07692307692307693	0.20512820512820512	0.11538461538461539	0.3333333333333333	0.24358974358974358	0.01282051282051282	0.0	0.0	0.2948717948717949	3.5384615384615383	1.2162606385262995
RCSB-6EQ6-EV2-KD:S2	RCSB-6EQ6-EV2-KD	S2	construct-058-7dd2d4fe658a	7dd2d4fe658a802fabe6e6b5cba9d392721ca80cd5b42caf168417e0c481af6e	P36639	6EQ6	EV2	LWWDIFFPFOZSSB-UHFFFAOYSA-N	Nc1nc2ccccc2nc1N1CCCC1	4.823908740944319	AF-P36639-F1	924fa44665c5595fb69b6448efa6f7d9bb4de2cd2a7c2f95abd0cdca26cfa994	1	A	6EQ5	AX7	9;27;33;70;72;74;81;83;117;119;120;123;139	9;27;33;70;72;74;81;83;117;119;120;123;139		alphafold_db_predicted_fixed_per_construct	False	True	False	13.0	127.0	1.0	0.0	0.0	0.0	0.15384615384615385	0.0	0.3076923076923077	0.0	0.0	0.07692307692307693	0.0	0.07692307692307693	0.07692307692307693	0.07692307692307693	0.0	0.0	0.0	0.0	0.0	0.07692307692307693	0.15384615384615385	0.0	0.0	0.7244094488188977	0.12598425196850394	0.14173228346456693	0.007874015748031496	0.0	0.0	0.0	7.57842881705929	12.313286892533453	21.104	19.674	16.653	5.316690400441739	3.8999179499329664	3.7357765598167134	0.01282051282051282	0.07692307692307693	0.20512820512820512	0.11538461538461539	0.3333333333333333	0.24358974358974358	0.01282051282051282	0.0	0.0	0.2948717948717949	3.5384615384615383	1.2162606385262995
RCSB-5H8E-5Y3-KD:S2	RCSB-5H8E-5Y3-KD	S2	construct-061-920a294dd28c	920a294dd28c44be34ad519a7de9e65ae46653dae7459f2123ec3e7927057431	P68400	5H8E	5Y3	FBMJGDCKBKUMJF-UHFFFAOYSA-N	CC(=O)Nc1cc(Nc2cc(NC3CC3)n3ncc(C#N)c3n2)ccc1N(C)CCN	11.221848745841319	AF-P68400-F1	e988da6ebf46918529ea745f5d4fad4c73ac16b8dcf3049074ee49a0e67378b8	1	A	5H8G	5Y4	43;45;46;47;48;49;51;52;53;55;66;67;68;81;95;113;114;115;116;117;118;156;158;160;161;163;174;175;176;177;178	43;45;46;47;48;49;51;52;53;55;66;67;68;81;95;113;114;115;116;117;118;156;158;160;161;163;174;175;176;177;178		alphafold_db_predicted_fixed_per_construct	False	True	False	31.0	256.0	1.0	0.0	0.0	0.0	0.06451612903225806	0.12903225806451613	0.03225806451612903	0.0967741935483871	0.06451612903225806	0.06451612903225806	0.0967741935483871	0.06451612903225806	0.03225806451612903	0.0967741935483871	0.0	0.0	0.06451612903225806	0.03225806451612903	0.0	0.12903225806451613	0.03225806451612903	0.0	0.0	0.625	0.1875	0.18359375	0.00390625	0.0	0.0	0.0	10.016062165593745	16.865541763611326	26.866	23.384	21.678	6.883688472911119	5.772980524993983	4.428208460651922	0.0064516129032258064	0.08387096774193549	0.06666666666666667	0.10752688172043011	0.14193548387096774	0.3247311827956989	0.1956989247311828	0.07311827956989247	0.0	0.15698924731182795	4.709677419354839	1.6302295185152613
RCSB-5H8B-5Y2-KD:S2	RCSB-5H8B-5Y2-KD	S2	construct-061-920a294dd28c	920a294dd28c44be34ad519a7de9e65ae46653dae7459f2123ec3e7927057431	P68400	5H8B	5Y2	GDSQVLMYYCNAGP-UHFFFAOYSA-N	CC(=O)Nc1cc(Nc2cc(NC3CC3)n3ncc(C#N)c3n2)ccc1C	11.301030005371219	AF-P68400-F1	e988da6ebf46918529ea745f5d4fad4c73ac16b8dcf3049074ee49a0e67378b8	1	A	5H8G	5Y4	43;45;46;47;48;49;51;52;53;55;66;67;68;81;95;113;114;115;116;117;118;156;158;160;161;163;174;175;176;177;178	43;45;46;47;48;49;51;52;53;55;66;67;68;81;95;113;114;115;116;117;118;156;158;160;161;163;174;175;176;177;178		alphafold_db_predicted_fixed_per_construct	False	True	False	31.0	256.0	1.0	0.0	0.0	0.0	0.06451612903225806	0.12903225806451613	0.03225806451612903	0.0967741935483871	0.06451612903225806	0.06451612903225806	0.0967741935483871	0.06451612903225806	0.03225806451612903	0.0967741935483871	0.0	0.0	0.06451612903225806	0.03225806451612903	0.0	0.12903225806451613	0.03225806451612903	0.0	0.0	0.625	0.1875	0.18359375	0.00390625	0.0	0.0	0.0	10.016062165593745	16.865541763611326	26.866	23.384	21.678	6.883688472911119	5.772980524993983	4.428208460651922	0.0064516129032258064	0.08387096774193549	0.06666666666666667	0.10752688172043011	0.14193548387096774	0.3247311827956989	0.1956989247311828	0.07311827956989247	0.0	0.15698924731182795	4.709677419354839	1.6302295185152613
RCSB-6RL9-SAN-KD:S2	RCSB-6RL9-SAN-KD	S2	construct-062-9efbec4633b7	9efbec4633b7c8a7c0e372c71395e62fc5c5589a95071ecce66b9afa00f9dcdb	P00918	6RL9	SAN	FDDDEECHVMSUSB-UHFFFAOYSA-N	Nc1ccc(S(N)(=O)=O)cc1	5.255707016877324	AF-P00918-F1	173c4f1fa81ffb1a288c881040217d1473ed2d08cd792671252ee116cac10c7d	1	A	6RKN	FBS	92;94;96;106;119;121;130;140;142;196;197;198;199;200;201;206;208	92;94;96;106;119;121;130;140;142;196;197;198;199;200;201;206;208		alphafold_db_predicted_fixed_per_construct	False	True	False	17.0	144.0	1.0	0.0	0.0	0.0	0.0	0.058823529411764705	0.058823529411764705	0.0	0.17647058823529413	0.0	0.0	0.11764705882352941	0.0	0.0	0.11764705882352941	0.058823529411764705	0.0	0.058823529411764705	0.11764705882352941	0.17647058823529413	0.058823529411764705	0.0	0.0	0.6666666666666666	0.1736111111111111	0.1597222222222222	0.0	0.0	0.0	0.0	7.956733629319003	14.291477682690541	23.188	18.209	16.633000000000003	5.1676392326786	4.522345261341328	4.0191427128232835	0.007352941176470588	0.11029411764705882	0.15441176470588236	0.18382352941176472	0.19117647058823528	0.3235294117647059	0.022058823529411766	0.007352941176470588	0.0	0.27205882352941174	4.352941176470588	1.4528340041445258
RCSB-6SD7-L7T-KD:S2	RCSB-6SD7-L7T-KD	S2	construct-062-9efbec4633b7	9efbec4633b7c8a7c0e372c71395e62fc5c5589a95071ecce66b9afa00f9dcdb	P00918	6SD7	L7T	ZWVYQZBCSXCUOO-UHFFFAOYSA-N	NS(=O)(=O)c1c(F)c(F)c(F)c(F)c1F	7.568636235841012	AF-P00918-F1	173c4f1fa81ffb1a288c881040217d1473ed2d08cd792671252ee116cac10c7d	1	A	6RKN	FBS	92;94;96;106;119;121;130;140;142;196;197;198;199;200;201;206;208	92;94;96;106;119;121;130;140;142;196;197;198;199;200;201;206;208		alphafold_db_predicted_fixed_per_construct	False	True	False	17.0	144.0	1.0	0.0	0.0	0.0	0.0	0.058823529411764705	0.058823529411764705	0.0	0.17647058823529413	0.0	0.0	0.11764705882352941	0.0	0.0	0.11764705882352941	0.058823529411764705	0.0	0.058823529411764705	0.11764705882352941	0.17647058823529413	0.058823529411764705	0.0	0.0	0.6666666666666666	0.1736111111111111	0.1597222222222222	0.0	0.0	0.0	0.0	7.956733629319003	14.291477682690541	23.188	18.209	16.633000000000003	5.1676392326786	4.522345261341328	4.0191427128232835	0.007352941176470588	0.11029411764705882	0.15441176470588236	0.18382352941176472	0.19117647058823528	0.3235294117647059	0.022058823529411766	0.007352941176470588	0.0	0.27205882352941174	4.352941176470588	1.4528340041445258
RCSB-3B9L-AZZ-KD:S2	RCSB-3B9L-AZZ-KD	S2	construct-063-a35bb68136a5	a35bb68136a5125af3a3f3c491520a248e39ed972d4c377c5b823a5f41dab387	P02768	3B9L	AZZ	HBOMLICNUCNMMY-XLPZGREQSA-N	Cc1cn([C@H]2C[C@H](N=[N+]=[N-])[C@@H](CO)O2)c(=O)[nH]c1=O	4.356547323513812	AF-P02768-F1	8ac73784130a34b8c1464aedff4cc559b137283a7c4cd415d6835a3201f7df9f	1	A	2BXG	IBP	411;412;415;416;419;427;431;434;435;438;454;455;457;458;459;461;462;473;474;477;481;509;512;513	411;412;415;416;419;427;431;434;435;438;454;455;457;458;459;461;462;473;474;477;481;509;512;513		alphafold_db_predicted_fixed_per_construct	False	True	False	24.0	191.0	1.0	0.0	0.041666666666666664	0.125	0.0	0.041666666666666664	0.125	0.08333333333333333	0.0	0.041666666666666664	0.041666666666666664	0.20833333333333334	0.0	0.041666666666666664	0.0	0.0	0.08333333333333333	0.08333333333333333	0.0	0.041666666666666664	0.0	0.041666666666666664	0.0	0.6596858638743456	0.16753926701570682	0.15706806282722513	0.015706806282722512	0.0	0.0	0.0	8.833174710876962	15.159500217051637	25.628999999999998	18.113	13.993	6.593588882641696	4.685384447592609	3.5491877518437147	0.007246376811594203	0.11231884057971014	0.10507246376811594	0.15579710144927536	0.17028985507246377	0.3079710144927536	0.11956521739130435	0.021739130434782608	0.0	0.2246376811594203	5.166666666666667	1.5456030825826172
RCSB-4Z69-DIF-KD:S2	RCSB-4Z69-DIF-KD	S2	construct-063-a35bb68136a5	a35bb68136a5125af3a3f3c491520a248e39ed972d4c377c5b823a5f41dab387	P02768	4Z69	DIF	DCOPUUMXTXDBNB-UHFFFAOYSA-N	O=C(O)Cc1ccccc1Nc1c(Cl)cccc1Cl	5.609948503541013	AF-P02768-F1	8ac73784130a34b8c1464aedff4cc559b137283a7c4cd415d6835a3201f7df9f	1	A	2BXG	IBP	411;412;415;416;419;427;431;434;435;438;454;455;457;458;459;461;462;473;474;477;481;509;512;513	411;412;415;416;419;427;431;434;435;438;454;455;457;458;459;461;462;473;474;477;481;509;512;513		alphafold_db_predicted_fixed_per_construct	False	True	False	24.0	191.0	1.0	0.0	0.041666666666666664	0.125	0.0	0.041666666666666664	0.125	0.08333333333333333	0.0	0.041666666666666664	0.041666666666666664	0.20833333333333334	0.0	0.041666666666666664	0.0	0.0	0.08333333333333333	0.08333333333333333	0.0	0.041666666666666664	0.0	0.041666666666666664	0.0	0.6596858638743456	0.16753926701570682	0.15706806282722513	0.015706806282722512	0.0	0.0	0.0	8.833174710876962	15.159500217051637	25.628999999999998	18.113	13.993	6.593588882641696	4.685384447592609	3.5491877518437147	0.007246376811594203	0.11231884057971014	0.10507246376811594	0.15579710144927536	0.17028985507246377	0.3079710144927536	0.11956521739130435	0.021739130434782608	0.0	0.2246376811594203	5.166666666666667	1.5456030825826172
RCSB-3BUH-AED-KD:S2	RCSB-3BUH-AED-KD	S2	construct-064-ad692e3f3920	ad692e3f3920aa40ca5d4e313dfe51eadd2d494d07edff61a311e0ddf683c427	P56817	3BUH	AED	DOCCSEDGBYCYLS-UHFFFAOYSA-N	NCCc1ccc(O)c(C2CCCCC2)c1	3.6575773191777934	AF-P56817-F1	46a31c2f98efde22f35aa9ee892dbf13a18c8807d825cde1b4d80f98e1dddfa0	1	A	3BRA	AEF	91;93;95;96;132;168;169;170;171;176;179;289;291;292	91;93;95;96;132;168;169;170;171;176;179;289;291;292		alphafold_db_predicted_fixed_per_construct	False	True	False	14.0	118.0	1.0	0.0	0.0	0.0	0.14285714285714285	0.0	0.14285714285714285	0.14285714285714285	0.0	0.14285714285714285	0.07142857142857142	0.07142857142857142	0.0	0.0	0.0	0.0	0.0	0.07142857142857142	0.07142857142857142	0.0	0.07142857142857142	0.07142857142857142	0.0	0.6864406779661016	0.13559322033898305	0.17796610169491525	0.0	0.0	0.0	0.0	7.826857961526696	14.316521854170226	21.937	16.752	13.181	5.8310813248878475	4.132893224311004	3.190202145460726	0.02197802197802198	0.12087912087912088	0.15384615384615385	0.18681318681318682	0.18681318681318682	0.24175824175824176	0.08791208791208792	0.0	0.0	0.2967032967032967	3.857142857142857	1.551825784457174
RCSB-3BUG-AEH-KD:S2	RCSB-3BUG-AEH-KD	S2	construct-064-ad692e3f3920	ad692e3f3920aa40ca5d4e313dfe51eadd2d494d07edff61a311e0ddf683c427	P56817	3BUG	AEH	LDAFQVRTSOETPE-UHFFFAOYSA-N	CCc1cc(CCN)ccc1O	3.1804560644581317	AF-P56817-F1	46a31c2f98efde22f35aa9ee892dbf13a18c8807d825cde1b4d80f98e1dddfa0	1	A	3BRA	AEF	91;93;95;96;132;168;169;170;171;176;179;289;291;292	91;93;95;96;132;168;169;170;171;176;179;289;291;292		alphafold_db_predicted_fixed_per_construct	False	True	False	14.0	118.0	1.0	0.0	0.0	0.0	0.14285714285714285	0.0	0.14285714285714285	0.14285714285714285	0.0	0.14285714285714285	0.07142857142857142	0.07142857142857142	0.0	0.0	0.0	0.0	0.0	0.07142857142857142	0.07142857142857142	0.0	0.07142857142857142	0.07142857142857142	0.0	0.6864406779661016	0.13559322033898305	0.17796610169491525	0.0	0.0	0.0	0.0	7.826857961526696	14.316521854170226	21.937	16.752	13.181	5.8310813248878475	4.132893224311004	3.190202145460726	0.02197802197802198	0.12087912087912088	0.15384615384615385	0.18681318681318682	0.18681318681318682	0.24175824175824176	0.08791208791208792	0.0	0.0	0.2967032967032967	3.857142857142857	1.551825784457174
RCSB-2XHT-C0Y-KD:S2	RCSB-2XHT-C0Y-KD	S2	construct-065-c6820d7c5ca9	c6820d7c5ca9a7f069c03d0e608d8f035bcc82fbe261c44bbfc515b6e1f3d7fe	P07900	2XHT	C0Y	KPZLYGXXDVGCGM-UHFFFAOYSA-N	CC(C)(C)c1cc(C(=O)N2CCOCC2)ccc1O	5.958607314841775	AF-P07900-F1	3dea704bce2421f815c76178379596cb71d41d3ae819c71f921779bbedd31cbd	1	A	2XAB	VHD	47;48;51;52;53;54;55;56;58;93;95;96;97;98;106;107;108;109;138;150;152;183;184;186	47;48;51;52;53;54;55;56;58;93;95;96;97;98;106;107;108;109;138;150;152;183;184;186		alphafold_db_predicted_fixed_per_construct	False	True	False	24.0	169.0	1.0	0.0	0.041666666666666664	0.0	0.08333333333333333	0.041666666666666664	0.041666666666666664	0.16666666666666666	0.0	0.041666666666666664	0.041666666666666664	0.125	0.041666666666666664	0.08333333333333333	0.0	0.0	0.0	0.08333333333333333	0.125	0.08333333333333333	0.0	0.0	0.0	0.6153846153846154	0.15976331360946747	0.21893491124260356	0.005917159763313609	0.0	0.0	0.0	8.612301228559923	15.006499954744282	23.346	18.368999999999996	17.515	5.918810190232837	4.721575383921618	4.104405471855353	0.014492753623188406	0.12318840579710146	0.11231884057971014	0.14130434782608695	0.15579710144927536	0.29347826086956524	0.13768115942028986	0.021739130434782608	0.0	0.25	5.75	2.277608394786075
RCSB-2XDL-2DL-KD:S2	RCSB-2XDL-2DL-KD	S2	construct-065-c6820d7c5ca9	c6820d7c5ca9a7f069c03d0e608d8f035bcc82fbe261c44bbfc515b6e1f3d7fe	P07900	2XDL	2DL	BQJODPIMMWWMFC-UHFFFAOYSA-N	CCN(CC)C(=O)c1ccc(O)c(OC)c1	3.102372908709558	AF-P07900-F1	3dea704bce2421f815c76178379596cb71d41d3ae819c71f921779bbedd31cbd	1	A	2XAB	VHD	47;48;51;52;53;54;55;56;58;93;95;96;97;98;106;107;108;109;138;150;152;183;184;186	47;48;51;52;53;54;55;56;58;93;95;96;97;98;106;107;108;109;138;150;152;183;184;186		alphafold_db_predicted_fixed_per_construct	False	True	False	24.0	169.0	1.0	0.0	0.041666666666666664	0.0	0.08333333333333333	0.041666666666666664	0.041666666666666664	0.16666666666666666	0.0	0.041666666666666664	0.041666666666666664	0.125	0.041666666666666664	0.08333333333333333	0.0	0.0	0.0	0.08333333333333333	0.125	0.08333333333333333	0.0	0.0	0.0	0.6153846153846154	0.15976331360946747	0.21893491124260356	0.005917159763313609	0.0	0.0	0.0	8.612301228559923	15.006499954744282	23.346	18.368999999999996	17.515	5.918810190232837	4.721575383921618	4.104405471855353	0.014492753623188406	0.12318840579710146	0.11231884057971014	0.14130434782608695	0.15579710144927536	0.29347826086956524	0.13768115942028986	0.021739130434782608	0.0	0.25	5.75	2.277608394786075
RCSB-5VSD-9HJ-KD:S2	RCSB-5VSD-9HJ-KD	S2	construct-066-cf6ef633d328	cf6ef633d32877e2c60eabfca5842ba1c27ef1a98ec1972d09ad408c7ad23ce5	Q9H9B1	5VSD	9HJ	RCWUUMJJJVFQSV-UHFFFAOYSA-N	CCCN(C)c1nc(NC2CCN(C)CC2)c2cc(OC)c(OC)cc2n1	7.2441251443275085	AF-Q9H9B1-F1	42ca76d4baa01d7b317fdf32c2cf909c1dad06f00ecd301a4fdb14a79a2e1aa0	1	A	5TUZ	7L6	1161;1162;1163;1165;1166;1167;1168;1169;1171;1172;1174;1175;1176;1184;1185;1186;1242;1245;1246;1247;1249;1250	1161;1162;1163;1165;1166;1167;1168;1169;1171;1172;1174;1175;1176;1184;1185;1186;1242;1245;1246;1247;1249;1250		alphafold_db_predicted_fixed_per_construct	False	True	False	22.0	191.0	1.0	0.0	0.045454545454545456	0.045454545454545456	0.18181818181818182	0.045454545454545456	0.09090909090909091	0.0	0.0	0.045454545454545456	0.045454545454545456	0.045454545454545456	0.0	0.0	0.0	0.0	0.09090909090909091	0.13636363636363635	0.0	0.09090909090909091	0.045454545454545456	0.09090909090909091	0.0	0.643979057591623	0.15706806282722513	0.193717277486911	0.005235602094240838	0.0	0.0	0.0	9.356162482954481	15.670386580659699	23.656	22.951	20.516	7.1644220752123395	5.095350766649363	3.200973805025719	0.0	0.10822510822510822	0.12987012987012986	0.1341991341991342	0.17316017316017315	0.24675324675324675	0.17316017316017315	0.03463203463203463	0.0	0.23809523809523808	5.0	1.7320508075688772
RCSB-5VSF-9HG-KD:S2	RCSB-5VSF-9HG-KD	S2	construct-066-cf6ef633d328	cf6ef633d32877e2c60eabfca5842ba1c27ef1a98ec1972d09ad408c7ad23ce5	Q9H9B1	5VSF	9HG	YBQHFHPOKHPBRB-UHFFFAOYSA-N	COc1cc2nc(N(C)C3CCCC3)nc(NC3CCN(C)CC3)c2cc1OC	7.026872146400302	AF-Q9H9B1-F1	42ca76d4baa01d7b317fdf32c2cf909c1dad06f00ecd301a4fdb14a79a2e1aa0	1	A	5TUZ	7L6	1161;1162;1163;1165;1166;1167;1168;1169;1171;1172;1174;1175;1176;1184;1185;1186;1242;1245;1246;1247;1249;1250	1161;1162;1163;1165;1166;1167;1168;1169;1171;1172;1174;1175;1176;1184;1185;1186;1242;1245;1246;1247;1249;1250		alphafold_db_predicted_fixed_per_construct	False	True	False	22.0	191.0	1.0	0.0	0.045454545454545456	0.045454545454545456	0.18181818181818182	0.045454545454545456	0.09090909090909091	0.0	0.0	0.045454545454545456	0.045454545454545456	0.045454545454545456	0.0	0.0	0.0	0.0	0.09090909090909091	0.13636363636363635	0.0	0.09090909090909091	0.045454545454545456	0.09090909090909091	0.0	0.643979057591623	0.15706806282722513	0.193717277486911	0.005235602094240838	0.0	0.0	0.0	9.356162482954481	15.670386580659699	23.656	22.951	20.516	7.1644220752123395	5.095350766649363	3.200973805025719	0.0	0.10822510822510822	0.12987012987012986	0.1341991341991342	0.17316017316017315	0.24675324675324675	0.17316017316017315	0.03463203463203463	0.0	0.23809523809523808	5.0	1.7320508075688772
RCSB-5OIT-9WH-KD:S2	RCSB-5OIT-9WH-KD	S2	construct-068-e4ce5a06fca5	e4ce5a06fca5a8b3ceb16cc3ec2d275378317f0834f05697c48b6c9bd395e423	P9WGR1	5OIT	9WH	ZALOIVVPVGDBJF-UHFFFAOYSA-N	Cc1cc(N)n(Cc2nnc(Nc3ccn(Cc4c(F)cccc4Cl)n3)s2)n1	5.1487416512809245	AF-P9WGR1-F1	da6e1df9b45b5b78905555e74981a30c96f0f00fb945fccd9c8694529a4c1f63	1	A	5OIF	9W5	96;97;98;99;103;149;158;161;165;194;196;198;199	96;97;98;99;103;149;158;161;165;194;196;198;199		alphafold_db_predicted_fixed_per_construct	False	True	False	13.0	106.0	1.0	0.0	0.07692307692307693	0.0	0.0	0.0	0.15384615384615385	0.07692307692307693	0.0	0.07692307692307693	0.07692307692307693	0.0	0.3076923076923077	0.0	0.07692307692307693	0.0	0.0	0.0	0.07692307692307693	0.0	0.0	0.07692307692307693	0.0	0.6886792452830188	0.1320754716981132	0.14150943396226415	0.03773584905660377	0.0	0.0	0.0	7.940713674986672	13.642654385453598	19.288	17.749000000000002	13.367	5.916468644978717	4.330793537174005	3.0486980466218543	0.01282051282051282	0.15384615384615385	0.10256410256410256	0.14102564102564102	0.21794871794871795	0.2948717948717949	0.0641025641025641	0.01282051282051282	0.0	0.2692307692307692	3.230769230769231	0.9730085108210399
RCSB-5OIS-9WK-KD:S2	RCSB-5OIS-9WK-KD	S2	construct-068-e4ce5a06fca5	e4ce5a06fca5a8b3ceb16cc3ec2d275378317f0834f05697c48b6c9bd395e423	P9WGR1	5OIS	9WK	HOVSFDUYYXXWGJ-UHFFFAOYSA-N	Cc1cc(N)n(Cc2ccc(C(=O)NCc3ccc(F)cc3Cl)cc2)n1	5.096910013008056	AF-P9WGR1-F1	da6e1df9b45b5b78905555e74981a30c96f0f00fb945fccd9c8694529a4c1f63	1	A	5OIF	9W5	96;97;98;99;103;149;158;161;165;194;196;198;199	96;97;98;99;103;149;158;161;165;194;196;198;199		alphafold_db_predicted_fixed_per_construct	False	True	False	13.0	106.0	1.0	0.0	0.07692307692307693	0.0	0.0	0.0	0.15384615384615385	0.07692307692307693	0.0	0.07692307692307693	0.07692307692307693	0.0	0.3076923076923077	0.0	0.07692307692307693	0.0	0.0	0.0	0.07692307692307693	0.0	0.0	0.07692307692307693	0.0	0.6886792452830188	0.1320754716981132	0.14150943396226415	0.03773584905660377	0.0	0.0	0.0	7.940713674986672	13.642654385453598	19.288	17.749000000000002	13.367	5.916468644978717	4.330793537174005	3.0486980466218543	0.01282051282051282	0.15384615384615385	0.10256410256410256	0.14102564102564102	0.21794871794871795	0.2948717948717949	0.0641025641025641	0.01282051282051282	0.0	0.2692307692307692	3.230769230769231	0.9730085108210399
RCSB-6X4P-UOG-KD:S2	RCSB-6X4P-UOG-KD	S2	construct-069-eae4b87a5d0e	eae4b87a5d0eec79deb04e04c0f5bd00d350506eaa1bf4bf9e3fe7a1807a0bae	P62937	6X4P	UOG	YVBYTKCYPFMUBG-FFZLYJDLSA-N	CC(C)[C@@H]1OC(=O)C(C)(C)/C=C/c2ccc3ccc(nc3c2)[C@@H](C)NC(=O)[C@@H]2CCCN(N2)C(=O)[C@H](C)NC1=O	8.045757490560675	AF-P62937-F1	e77564774e099f238ef683d0774378a349d72353fdd24a00093f96ea8d6b84e7	1	A	6X4O	UO7	54;55;57;60;61;63;72;73;74;100;101;102;103;104;111;112;113;122;126;149	54;55;57;60;61;63;72;73;74;100;101;102;103;104;111;112;113;122;126;149		alphafold_db_predicted_fixed_per_construct	False	True	False	20.0	159.0	1.0	0.0	0.1	0.0	0.0	0.0	0.15	0.15	0.1	0.05	0.0	0.05	0.1	0.1	0.0	0.1	0.05	0.0	0.05	0.0	0.0	0.0	0.0	0.6352201257861635	0.1949685534591195	0.15723270440251572	0.012578616352201259	0.0	0.0	0.0	8.362743544249305	15.131378522102814	23.822	19.433	17.416	5.647799770359756	5.035156728191867	3.561605545726802	0.021052631578947368	0.09473684210526316	0.13157894736842105	0.12631578947368421	0.19473684210526315	0.2736842105263158	0.14736842105263157	0.010526315789473684	0.0	0.24736842105263157	4.7	2.0518284528683193
RCSB-6X4N-UOD-KD:S2	RCSB-6X4N-UOD-KD	S2	construct-069-eae4b87a5d0e	eae4b87a5d0eec79deb04e04c0f5bd00d350506eaa1bf4bf9e3fe7a1807a0bae	P62937	6X4N	UOD	XCZDYKRNHKYRTQ-HQHUNAKVSA-N	CC(C)[C@@H]1NC(=O)C(C)(C)/C=C/c2ccc3ccc(nc3c2)[C@@H](C)OC(=O)[C@@H]2CCCN(N2)C(=O)[C@H](C)NC1=O	8.397940008672037	AF-P62937-F1	e77564774e099f238ef683d0774378a349d72353fdd24a00093f96ea8d6b84e7	1	A	6X4O	UO7	54;55;57;60;61;63;72;73;74;100;101;102;103;104;111;112;113;122;126;149	54;55;57;60;61;63;72;73;74;100;101;102;103;104;111;112;113;122;126;149		alphafold_db_predicted_fixed_per_construct	False	True	False	20.0	159.0	1.0	0.0	0.1	0.0	0.0	0.0	0.15	0.15	0.1	0.05	0.0	0.05	0.1	0.1	0.0	0.1	0.05	0.0	0.05	0.0	0.0	0.0	0.0	0.6352201257861635	0.1949685534591195	0.15723270440251572	0.012578616352201259	0.0	0.0	0.0	8.362743544249305	15.131378522102814	23.822	19.433	17.416	5.647799770359756	5.035156728191867	3.561605545726802	0.021052631578947368	0.09473684210526316	0.13157894736842105	0.12631578947368421	0.19473684210526315	0.2736842105263158	0.14736842105263157	0.010526315789473684	0.0	0.24736842105263157	4.7	2.0518284528683193
RCSB-8UC9-QBC-KD:S2	RCSB-8UC9-QBC-KD	S2	construct-072-0883ef7c2bf6	0883ef7c2bf6cdc9e0765958de845b70ec4088d38a990d7d3c91aceec54f6a4e	Q07890	8UC9	QBC	NDRZSRWMMUGOBP-UHFFFAOYSA-N	Nc1ccnc2cc(Cl)ccc12	3.481486060122113	AF-Q07890-F1	cbce8a1617578cf713a9ce7543abb99b0027fe65d0aac3522ce712ec35e1de3c	1	A	8T5G	THA	876;877;881;882;883;884;885;888;889;896;899;900;903	876;877;881;882;883;884;885;888;889;896;899;900;903		alphafold_db_predicted_fixed_per_construct	False	True	False	13.0	115.0	1.0	0.0	0.0	0.0	0.15384615384615385	0.07692307692307693	0.07692307692307693	0.0	0.0	0.0	0.0	0.15384615384615385	0.0	0.07692307692307693	0.0	0.0	0.15384615384615385	0.0	0.0	0.23076923076923078	0.0	0.07692307692307693	0.0	0.6434782608695652	0.17391304347826086	0.1826086956521739	0.0	0.0	0.0	0.0	7.524435530498457	12.129802216011033	18.21	17.954	15.530000000000001	5.644778682166164	4.397069549779696	2.3279568416081515	0.0	0.15384615384615385	0.21794871794871795	0.11538461538461539	0.20512820512820512	0.21794871794871795	0.08974358974358974	0.0	0.0	0.3717948717948718	4.461538461538462	1.499506822278302
RCSB-7ER7-A80-KD:S2	RCSB-7ER7-A80-KD	S2	construct-073-08de83e846b6	08de83e846b6c84e214cca6da80af729bc60255538d06f4eebd70aabc6f83ab4	P30043	7ER7	A80	MUTNCGKQJGXKEM-UHFFFAOYSA-N	CC1(C)CCC(C)(C)c2cc(NC(=O)c3ccc(C(=O)O)cc3)ccc21	5.860120913598763	AF-P30043-F1	3cd2adb7a36e345bfe9feec3ebd1a890c70befcd16d8ece2bec7374495d6aee2	1	A	7ERE	JBR	111;112;113;116;120;122;124;125;151;152;153;154;170;171;173;174;175;200	111;112;113;116;120;122;124;125;151;152;153;154;170;171;173;174;175;200		alphafold_db_predicted_fixed_per_construct	False	True	False	18.0	154.0	1.0	0.0	0.05555555555555555	0.0	0.0	0.0	0.05555555555555555	0.05555555555555555	0.05555555555555555	0.05555555555555555	0.05555555555555555	0.05555555555555555	0.0	0.0	0.16666666666666666	0.0	0.16666666666666666	0.1111111111111111	0.0	0.05555555555555555	0.05555555555555555	0.05555555555555555	0.0	0.6623376623376623	0.2012987012987013	0.13636363636363635	0.0	0.0	0.0	0.0	8.398833601669196	14.144794321735457	22.229999999999997	21.003999999999998	19.771	6.062464814691312	4.790047843514341	3.2927751055911814	0.013071895424836602	0.13071895424836602	0.11764705882352941	0.1503267973856209	0.19607843137254902	0.24836601307189543	0.13725490196078433	0.006535947712418301	0.0	0.26143790849673204	4.444444444444445	1.640535895581489
RCSB-5T9W-78E-KD:S2	RCSB-5T9W-78E-KD	S2	construct-075-11667023dc36	11667023dc361f6059a18bcc6338a39027f0a05b5fc8c877ccdb0599e8fe0c13	P62937	5T9W	78E	ZXIFDXMZMTULOX-WDJUPVIMSA-N	CC(C)[C@@H]1NC(=O)CCCC/C=C/C=C/CCOC(=O)[C@@H]2CCCN(N2)C(=O)[C@H](Cc2cccc(O)c2)NC1=O	5.585026652029182	AF-P62937-F1	e77564774e099f238ef683d0774378a349d72353fdd24a00093f96ea8d6b84e7	1	A	5TA4	838	54;55;57;60;61;63;71;72;73;74;100;101;102;103;104;111;112;113;122;126;148;149;150	54;55;57;60;61;63;71;72;73;74;100;101;102;103;104;111;112;113;122;126;148;149;150		alphafold_db_predicted_fixed_per_construct	False	True	False	23.0	182.0	1.0	0.0	0.08695652173913043	0.0	0.0	0.0	0.13043478260869565	0.17391304347826086	0.08695652173913043	0.043478260869565216	0.0	0.043478260869565216	0.08695652173913043	0.13043478260869565	0.0	0.08695652173913043	0.08695652173913043	0.0	0.043478260869565216	0.0	0.0	0.0	0.0	0.6208791208791209	0.2087912087912088	0.15934065934065933	0.01098901098901099	0.0	0.0	0.0	9.076523456040965	17.920143466307326	25.334	23.822	19.433	6.439083408565235	5.294851241086054	3.5897121389285838	0.023715415019762844	0.08300395256916997	0.11857707509881422	0.1225296442687747	0.16600790513833993	0.2648221343873518	0.17391304347826086	0.04743083003952569	0.0	0.22529644268774704	4.956521739130435	1.8991591015514395
RCSB-6UYC-QLV-KD:S2	RCSB-6UYC-QLV-KD	S2	construct-077-14436d5c0612	14436d5c061263139ed602f4212cca5e3058d452794115c1e80f7e97eebab4b6	Q15562	6UYC	QLV	KJXYCXXAVTYSCU-ONEGZZNKSA-N	COc1ncc(NS(C)(=O)=O)cc1/C=C/C1CCC(F)(F)CC1	6.6401645176601125	AF-Q15562-F1	ad78f77bdd11553d700bf3dac976d0c5674ceb122e64ded60ed42c9f966ecef0	1	A	6UYB	QSJ	233;235;236;251;252;302;304;305;306;329;345;357;359;374;377;378;379;380;381;383;387;390;403;406;408;409;410;426;428	233;235;236;251;252;302;304;305;306;329;345;357;359;374;377;378;379;380;381;383;387;390;403;406;408;409;410;426;428		alphafold_db_predicted_fixed_per_construct	False	True	False	29.0	243.0	1.0	0.0	0.06896551724137931	0.034482758620689655	0.034482758620689655	0.06896551724137931	0.20689655172413793	0.0	0.0	0.034482758620689655	0.034482758620689655	0.2413793103448276	0.034482758620689655	0.0	0.034482758620689655	0.034482758620689655	0.0	0.06896551724137931	0.0	0.06896551724137931	0.0	0.034482758620689655	0.0	0.7037037037037037	0.12757201646090535	0.16049382716049382	0.00823045267489712	0.0	0.0	0.0	9.898559138710066	16.26105810852218	26.58	24.621	21.941	6.848738206423588	5.359406947905983	4.72789754215883	0.0024630541871921183	0.06896551724137931	0.09359605911330049	0.0960591133004926	0.1625615763546798	0.312807881773399	0.17980295566502463	0.08374384236453201	0.0	0.16502463054187191	4.620689655172414	1.2707259153578123
RCSB-6TD2-N2K-KD:S2	RCSB-6TD2-N2K-KD	S2	construct-078-1cc8ce95bee6	1cc8ce95bee616a957f7f03926a39d8d8b92e53a87565df673d26c54dbb11bd4	P21836	6TD2	N2K	UJMFKSSVUDLNIV-UHFFFAOYSA-N	CCN(CC)CCNS(=O)(=O)Cc1ccc(C(F)(F)F)cc1	5.036212172654444	AF-P21836-F1	f4148a2b9125b2bee953cb8c547e17b421c2a1fb483a2da4defc7abec11625a6	1	A	5EIE	TZ2	105;113;114;117;151;152;153;155;156;157;161;164;233;234;326;328;368;369;470;474;477;478;479;480;482	105;113;114;117;151;152;153;155;156;157;161;164;233;234;326;328;368;369;470;474;477;478;479;480;482		alphafold_db_predicted_fixed_per_construct	False	True	False	25.0	210.0	1.0	0.0	0.0	0.0	0.04	0.04	0.12	0.24	0.04	0.04	0.0	0.04	0.04	0.0	0.04	0.0	0.0	0.08	0.04	0.0	0.08	0.16	0.0	0.6857142857142857	0.1380952380952381	0.17142857142857143	0.004761904761904762	0.0	0.0	0.0	8.987640451597304	15.082484764768651	24.209	21.588	19.082	5.831524204473967	5.41606399566609	4.175794192087529	0.023333333333333334	0.06666666666666667	0.10666666666666667	0.13666666666666666	0.19333333333333333	0.31333333333333335	0.14666666666666667	0.013333333333333334	0.0	0.19666666666666666	4.72	1.6857046004564382
RCSB-6HSF-GKW-KD:S2	RCSB-6HSF-GKW-KD	S2	construct-080-212de0c2d87d	212de0c2d87d9722a643feae7cfaff8e512d5696f2a6418c33abf1cdb8e30645	A5H660	6HSF	GKW	AJRGHIGYPXNABY-UHFFFAOYSA-N	COc1ccc(Cn2ccc3ccc(C(=O)NO)cc32)cc1	6.435333935747911	AF-A5H660-F1	bdf852deaae7da7794ea56d68cf201b2e2251ec2c4f98be90222fdab77e52051	1	A	6HSG	GM5	19;20;21;100;141;142;150;151;152;186;187;188;189;216;281;285;290;291;292;338;339;340;341;343	19;20;21;100;141;142;150;151;152;186;187;188;189;216;281;285;290;291;292;338;339;340;341;343		alphafold_db_predicted_fixed_per_construct	False	True	False	24.0	200.0	1.0	0.0	0.0	0.041666666666666664	0.16666666666666666	0.0	0.16666666666666666	0.16666666666666666	0.20833333333333334	0.0	0.041666666666666664	0.041666666666666664	0.0	0.0	0.08333333333333333	0.041666666666666664	0.0	0.0	0.0	0.0	0.0	0.041666666666666664	0.0	0.645	0.18	0.17	0.005	0.0	0.0	0.0	8.719957587487166	15.010394751885274	25.472	22.743000000000002	20.093999999999998	6.098425535469223	5.019552846418882	3.694719953923434	0.025362318840579712	0.07246376811594203	0.14492753623188406	0.15579710144927536	0.15579710144927536	0.31521739130434784	0.11594202898550725	0.014492753623188406	0.0	0.2427536231884058	5.583333333333333	2.1392496088322392
RCSB-6T9C-MX8-KD:S2	RCSB-6T9C-MX8-KD	S2	construct-081-24e4a9c7d2a9	24e4a9c7d2a9cc591c4b711d4dbdf83f7ec8be561829a7c12aac95ab5b2deec5	P37231	6T9C	MX8	GUGHZGUQZCBZHP-INIZCTEOSA-N	CCCCCCOc1ccc(C(=O)N[C@H](C(=O)NO)C(C)C)cc1	6.910094888560602	AF-P37231-F1	36fb3cd8bfeddc98836e534358182d0eddf7c9b1f1c1451e1563509cad4da780	1	A	6QJ5	H8R	256;310;312;313;314;315;316;317;318;319;351;354;355;358;361;367;368;369;370;371;372;391;392;395;477;481;493;497;501	256;310;312;313;314;315;316;317;318;319;351;354;355;358;361;367;368;369;370;371;372;391;392;395;477;481;493;497;501		alphafold_db_predicted_fixed_per_construct	False	True	False	29.0	244.0	1.0	0.0	0.0	0.034482758620689655	0.0	0.06896551724137931	0.10344827586206896	0.06896551724137931	0.06896551724137931	0.06896551724137931	0.034482758620689655	0.2413793103448276	0.034482758620689655	0.0	0.0	0.034482758620689655	0.034482758620689655	0.06896551724137931	0.0	0.06896551724137931	0.0	0.06896551724137931	0.0	0.680327868852459	0.1557377049180328	0.1557377049180328	0.00819672131147541	0.0	0.0	0.0	9.896159924656832	15.84049243042144	27.574	22.973999999999997	19.36	7.410105554762589	5.260742367887951	3.9177680712835987	0.0024630541871921183	0.07881773399014778	0.0960591133004926	0.09359605911330049	0.1625615763546798	0.3054187192118227	0.16748768472906403	0.09359605911330049	0.0	0.17733990147783252	4.9655172413793105	1.401544926407005
RCSB-7U3G-L6F-KD:S2	RCSB-7U3G-L6F-KD	S2	construct-083-2c0e2584aae9	2c0e2584aae9ff60e48a48ff9b21f3f513b93e4a792718e9fd61f779b7a3cf60	Q8IVV7	7U3G	L6F	SJAZZYOCOXNSIX-OAHLLOKOSA-N	Nc1cccc2c1CCN[C@@H]2c1ccccc1	4.769551078621726	AF-Q8IVV7-F1	9c1257781938b62549a9b6a7b64bf317f0ae68eda145ce5e1eb3872846df48e4	1	A	7U3I	L5X	132;133;134;159;160;161;171;172;173;237;240;253;254;258;273;282	132;133;134;159;160;161;171;172;173;237;240;253;254;258;273;282		alphafold_db_predicted_fixed_per_construct	False	True	False	16.0	138.0	1.0	0.0	0.0	0.0	0.0	0.0625	0.0625	0.0	0.0	0.0625	0.125	0.1875	0.0	0.0	0.0	0.125	0.0	0.125	0.125	0.0	0.0	0.125	0.0	0.6666666666666666	0.14492753623188406	0.18840579710144928	0.0	0.0	0.0	0.0	8.331073742366325	15.509206946781479	22.192999999999998	20.872	13.828999999999999	6.353843980296823	4.476707090329691	2.99909152947744	0.0	0.15	0.125	0.125	0.20833333333333334	0.23333333333333334	0.14166666666666666	0.016666666666666666	0.0	0.275	4.125	1.3169567191065923
RCSB-4AIC-FOM-KD:S2	RCSB-4AIC-FOM-KD	S2	construct-084-32e392306ff8	32e392306ff8e566ab5263fe45d4a7c04f3bec8683f05db42a8f6558f757ef1f	P9WNS1	4AIC	FOM	GJXWDTUCERCKIX-UHFFFAOYSA-N	O=CN(O)CCCP(=O)(O)O	7.3979400086720375	AF-P9WNS1-F1	937a9102a314551402732b2984769a463323baafdb07a03084db1e7eae56ef62	1	A	3RAS	DCV	128;150;151;152;153;175;176;177;178;179;200;202;203;205;209;212;213;214;216;218;219;222;244;245;248;265;267	128;150;151;152;153;175;176;177;178;179;200;202;203;205;209;212;213;214;216;218;219;222;244;245;248;265;267		alphafold_db_predicted_fixed_per_construct	False	True	False	27.0	205.0	1.0	0.0	0.07407407407407407	0.0	0.037037037037037035	0.07407407407407407	0.0	0.07407407407407407	0.07407407407407407	0.0	0.07407407407407407	0.037037037037037035	0.07407407407407407	0.1111111111111111	0.037037037037037035	0.037037037037037035	0.0	0.14814814814814814	0.07407407407407407	0.037037037037037035	0.037037037037037035	0.0	0.0	0.5951219512195122	0.18536585365853658	0.2097560975609756	0.00975609756097561	0.0	0.0	0.0	8.591839044952623	14.691958181471778	21.708	21.626	20.607	5.390791058269903	5.2203543215855905	4.184133207434043	0.017094017094017096	0.07977207977207977	0.1225071225071225	0.14245014245014245	0.1794871794871795	0.3333333333333333	0.1111111111111111	0.014245014245014245	0.0	0.21937321937321938	5.703703703703703	1.8621933466631901
RCSB-6EPA-BNQ-KD:S2	RCSB-6EPA-BNQ-KD	S2	construct-085-3502b9d06d9b	3502b9d06d9b02bc684d847aa358a2912ca2ff8d1f5d80ed10560d781f9370ed	Q9VWX8	6EPA	BNQ	GYQWKTIZRYVFEM-UHFFFAOYSA-N	O=C(CC(c1ccccc1)c1ccccc1)Nc1nc2ccccc2s1	5.94692155651658	AF-Q9VWX8-F1	f44f80c06edc00f6d0dd42517030bcb2f7b07d91f425f20eda17d42bb0a3a324	1	A	5AAN	XOC	30;37;48;51;52;55;56;64;68;72;85;88;89;92;103;107;182;183;184	30;37;48;51;52;55;56;64;68;72;85;88;89;92;103;107;182;183;184		alphafold_db_predicted_fixed_per_construct	False	True	False	19.0	179.0	1.0	0.0	0.05263157894736842	0.0	0.05263157894736842	0.0	0.3157894736842105	0.0	0.0	0.05263157894736842	0.0	0.21052631578947367	0.0	0.0	0.0	0.0	0.0	0.05263157894736842	0.05263157894736842	0.05263157894736842	0.10526315789473684	0.05263157894736842	0.0	0.7486033519553073	0.11731843575418995	0.1340782122905028	0.0	0.0	0.0	0.0	10.215661078296751	17.038875581766384	27.775	24.130000000000003	21.941000000000003	6.792101650229736	5.901681183660465	4.8370699442949565	0.0	0.07602339181286549	0.1111111111111111	0.07017543859649122	0.12280701754385964	0.2631578947368421	0.23976608187134502	0.11695906432748537	0.0	0.1871345029239766	3.3684210526315788	1.529035689087784
RCSB-4WUQ-3UG-KD:S2	RCSB-4WUQ-3UG-KD	S2	construct-089-457c7d99d0a8	457c7d99d0a8b768ade9749dbdeca01dd8b3f8ec0aaab1d8998307bffeee7399	P00915	4WUQ	3UG	VVFJHOCIYNHEFY-UHFFFAOYSA-N	NS(=O)(=O)c1c(F)c(F)c(N2CCCCC2)c(F)c1F	10.537602014597718	AF-P00915-F1	afd077d66b339410d5ffcbefbcb426c6636b4f0709633bf72d1e1675e870a77c	1	A	4WR7	3TV	92;93;95;97;107;120;122;132;136;142;144;198;199;200;201;202;203;204;205;208;210	92;93;95;97;107;120;122;132;136;142;144;198;199;200;201;202;203;204;205;208;210		alphafold_db_predicted_fixed_per_construct	False	True	False	21.0	178.0	1.0	0.0	0.09523809523809523	0.0	0.0	0.047619047619047616	0.047619047619047616	0.0	0.19047619047619047	0.0	0.0	0.19047619047619047	0.0	0.0	0.09523809523809523	0.047619047619047616	0.0	0.047619047619047616	0.047619047619047616	0.09523809523809523	0.047619047619047616	0.047619047619047616	0.0	0.6741573033707865	0.17415730337078653	0.15168539325842698	0.0	0.0	0.0	0.0	8.23549438530492	13.33201119041297	25.810000000000002	20.289	16.422	5.321248062447178	5.023146568244662	3.7783177979390334	0.0	0.13333333333333333	0.11904761904761904	0.15714285714285714	0.19047619047619047	0.3523809523809524	0.04285714285714286	0.004761904761904762	0.0	0.2523809523809524	5.0476190476190474	1.557659736552012
RCSB-2IKJ-393-KD:S2	RCSB-2IKJ-393-KD	S2	construct-091-4834dba4d3ca	4834dba4d3ca11235b0677689d4ce946e482d57f7d4e30bf505f6a06dcbbc357	P15121	2IKJ	393	VABIMMIJVWNHFI-UHFFFAOYSA-N	O=C(O)COc1cc(Cl)ccc1C(=O)NCc1cccc([N+](=O)[O-])c1	7.853871964321762	AF-P15121-F1	2400ddf276c61aff44487658ce1b072d796f8171535512cd3a5fd4d54ae4a0a2	1	A	1PWL	BFI	21;22;44;48;49;50;78;80;81;111;112;114;116;123;161;210;220;299;300;301;304;310;311;312	21;22;44;48;49;50;78;80;81;111;112;114;116;123;161;210;220;299;300;301;304;310;311;312		alphafold_db_predicted_fixed_per_construct	False	True	False	24.0	230.0	1.0	0.0	0.041666666666666664	0.125	0.041666666666666664	0.0	0.125	0.0	0.041666666666666664	0.0	0.08333333333333333	0.041666666666666664	0.0	0.041666666666666664	0.041666666666666664	0.041666666666666664	0.0	0.0	0.041666666666666664	0.041666666666666664	0.16666666666666666	0.125	0.0	0.7	0.14782608695652175	0.1391304347826087	0.013043478260869565	0.0	0.0	0.0	9.385324584963637	15.045755206242772	25.121000000000002	23.436999999999998	23.393	6.542585472095823	5.158023510088819	4.321306095940736	0.010869565217391304	0.06521739130434782	0.10507246376811594	0.13405797101449277	0.15579710144927536	0.3115942028985507	0.18115942028985507	0.036231884057971016	0.0	0.18115942028985507	4.166666666666667	1.5184055965240497
RCSB-4CX4-HW9-KD:S2	RCSB-4CX4-HW9-KD	S2	construct-092-49214f6eb0db	49214f6eb0db4fb0cbee0ea2e1449be16e085b7dc98ff3c6c6b4a52d68576b11	P29476	4CX4	HW9	ZWYPXJQSZOXLSP-NQIIRXRSSA-N	Cc1ccnc(CCCCCO[C@H]2CNC[C@H]2Cc2cc(C)cc(N)n2)c1	6.405607449624574	AF-P29476-F1	f2ee193e4b3306ebb41c77b968aaaa376f01bef65f27ce116f37bd1aed404464	1	A	4CX3	HW8	336;337;414;478;481;565;566;567;569;570;584;585;586;587;588;589;592;596;603;678;706	336;337;414;478;481;565;566;567;569;570;584;585;586;587;588;589;592;596;603;678;706		alphafold_db_predicted_fixed_per_construct	False	True	False	21.0	194.0	1.0	0.0	0.047619047619047616	0.0	0.0	0.047619047619047616	0.047619047619047616	0.047619047619047616	0.0	0.0	0.0	0.047619047619047616	0.14285714285714285	0.047619047619047616	0.047619047619047616	0.047619047619047616	0.19047619047619047	0.047619047619047616	0.0	0.047619047619047616	0.09523809523809523	0.09523809523809523	0.0	0.6494845360824743	0.19072164948453607	0.14432989690721648	0.015463917525773196	0.0	0.0	0.0	9.81176449770655	16.745345053079678	24.281	23.758	23.328	6.491813468219617	5.571352767875269	4.804904659635366	0.009523809523809525	0.08095238095238096	0.09523809523809523	0.1	0.12380952380952381	0.32857142857142857	0.21428571428571427	0.047619047619047616	0.0	0.18571428571428572	3.7142857142857144	2.0963200669576323
RCSB-5EQE-5R8-KD:S2	RCSB-5EQE-5R8-KD	S2	construct-093-4c5251a29733	4c5251a29733ed38df459a5820bf27f991268217c21f89057c0dc52b0a5b594c	P35790	5EQE	5R8	AQLZGQUKWNQYPH-UHFFFAOYSA-N	CN1CCCN(Cc2ccc(CN)cc2)CC1	3.8794260687941504	AF-P35790-F1	a222bf2ee8edd8c88c13258e4b8c1675e7ba987927b989857f2cf1687600c7fa	1	A	5EQP	5R9	305;306;308;311;333;345;349;354;361;420;423;433;434;435;437;440;444	305;306;308;311;333;345;349;354;361;420;423;433;434;435;437;440;444		alphafold_db_predicted_fixed_per_construct	False	True	False	17.0	176.0	1.0	0.0	0.0	0.0	0.058823529411764705	0.11764705882352941	0.11764705882352941	0.0	0.0	0.058823529411764705	0.0	0.0	0.0	0.17647058823529413	0.0	0.058823529411764705	0.058823529411764705	0.0	0.0	0.0	0.11764705882352941	0.23529411764705882	0.0	0.6761363636363636	0.14772727272727273	0.17613636363636365	0.0	0.0	0.0	0.0	9.170422234997504	16.103838942830873	25.45	21.689999999999998	17.9	7.14836420352187	4.111240884131546	4.0118862863482345	0.0	0.08088235294117647	0.13970588235294118	0.125	0.13970588235294118	0.2647058823529412	0.17647058823529413	0.07352941176470588	0.0	0.22058823529411764	3.5294117647058822	1.193987242952026
RCSB-6CQ1-F8J-KD:S2	RCSB-6CQ1-F8J-KD	S2	construct-094-4d70d9d3dad0	4d70d9d3dad0f5772f9d658bf083903cb00229fe79725e08d8c68b9f11403bc1	P41182	6CQ1	F8J	DCSGGGDRUYCRAM-UHFFFAOYSA-N	CC(C)NC(=O)Cn1cc(CN2CCN(C)CC2)c2ccc(NC(=S)NCCc3c[nH]c4ccccc34)cc21	3.6595558851598815	AF-P41182-F1	f150779fa2691f7e769b4b34d93cf2fa2d080e8086c739a1dde66540a06d9c48	1	A	6C3N	EHY	51;52;53;54;55;56;58;113	51;52;53;54;55;56;58;113		alphafold_db_predicted_fixed_per_construct	False	True	False	8.0	58.0	1.0	0.0	0.125	0.125	0.0	0.0	0.0	0.125	0.0	0.0	0.0	0.125	0.125	0.0	0.0	0.125	0.0	0.125	0.0	0.0	0.0	0.125	0.0	0.6206896551724138	0.15517241379310345	0.1896551724137931	0.034482758620689655	0.0	0.0	0.0	5.530572132677084	8.685427334835287	14.412999999999998	11.491	11.120999999999999	4.121463847701907	3.1232100824711106	1.9612043869982918	0.07142857142857142	0.35714285714285715	0.25	0.21428571428571427	0.10714285714285714	0.0	0.0	0.0	0.0	0.6785714285714286	4.75	1.479019945774904
RCSB-4EY7-E20-KD:S2	RCSB-4EY7-E20-KD	S2	construct-095-5413b51ed388	5413b51ed3886990a315757d9fc00a4f26054d7172c7d97bda8aff92f172e80e	P22303	4EY7	E20	ADEBPBSSDYVVLD-HXUWFJFHSA-N	COc1cc2c(cc1OC)C(=O)[C@H](CC1CCN(Cc3ccccc3)CC1)C2	8.096910013008056	AF-P22303-F1	28bc2c10e9bc90e12431940e7bef4f00f889d03a57c4de25bd7143dc89a1fe8b	1	A	4EY5	HUP	102;105;113;114;117;118;150;151;152;153;154;155;156;157;158;161;164;233;234;326;328;368;369;372;470;478;479;480;482	102;105;113;114;117;118;150;151;152;153;154;155;156;157;158;161;164;233;234;326;328;368;369;372;470;478;479;480;482		alphafold_db_predicted_fixed_per_construct	False	True	False	29.0	252.0	1.0	0.0	0.034482758620689655	0.0	0.034482758620689655	0.034482758620689655	0.13793103448275862	0.20689655172413793	0.034482758620689655	0.034482758620689655	0.0	0.034482758620689655	0.0	0.034482758620689655	0.0	0.034482758620689655	0.0	0.06896551724137931	0.034482758620689655	0.0	0.06896551724137931	0.20689655172413793	0.0	0.6865079365079365	0.1388888888888889	0.1746031746031746	0.0	0.0	0.0	0.0	9.215722499234763	15.80679767284546	24.712	21.428	19.625	5.844881841117163	5.506689245601497	4.5214235588647895	0.022167487684729065	0.054187192118226604	0.11330049261083744	0.14285714285714285	0.17980295566502463	0.33497536945812806	0.1477832512315271	0.0049261083743842365	0.0	0.1896551724137931	5.310344827586207	1.949419865531389
RCSB-5TBP-7A4-KD:S2	RCSB-5TBP-7A4-KD	S2	construct-096-584f2cad7947	584f2cad7947dd24fdb541aaddfafbf252f3f143d7a9498b92e76c71ef8f8b27	P19793	5TBP	7A4	QCXBVGNDRYQVJO-GRSHGNNSSA-N	CC1=C(CC(=O)O)c2cc(F)ccc2/C1=C\c1ccc(C(C)C)cc1	5.623423042943488	AF-P19793-F1	783278c5cb0cc6aa2aebb56fa0557f1e86933991a95f6e0dddd50c5fc7b92cd4	1	A	4N8R	K08	268;271;272;275;305;309;326;327;328;330;432;433;434;435;436;437;438;439;440;442;443;444	268;271;272;275;305;309;326;327;328;330;432;433;434;435;436;437;438;439;440;442;443;444		alphafold_db_predicted_fixed_per_construct	False	True	False	22.0	180.0	1.0	0.0	0.13636363636363635	0.045454545454545456	0.045454545454545456	0.045454545454545456	0.13636363636363635	0.045454545454545456	0.045454545454545456	0.09090909090909091	0.045454545454545456	0.22727272727272727	0.0	0.0	0.0	0.045454545454545456	0.0	0.0	0.045454545454545456	0.0	0.045454545454545456	0.0	0.0	0.6888888888888889	0.15	0.15555555555555556	0.005555555555555556	0.0	0.0	0.0	10.475630630062327	16.912158113395815	25.799999999999997	23.069000000000003	19.044	8.446223182089064	5.228108675501638	3.326714705679738	0.012987012987012988	0.09523809523809523	0.11255411255411256	0.1038961038961039	0.11255411255411256	0.18181818181818182	0.19047619047619047	0.19047619047619047	0.0	0.22077922077922077	4.636363636363637	1.3995276653036957
RCSB-5JAL-6HO-KD:S2	RCSB-5JAL-6HO-KD	S2	construct-097-59c0fef6e781	59c0fef6e7812654b9efd9e73387eb198776fb4bb84f6a96dcb13193c18cd6e7	Q13093	5JAL	6HO	IGCBBGNMEVMXTB-UHFFFAOYSA-N	O=C(c1cccc(F)c1)N1CC=CC1	3.008773924307505	AF-Q13093-F1	7fe15d78f27c4c0cd5e508bc90c2310affe7c9377e610d76f55bd8edb8e1ade6	1	A	5JAD	FB2	107;110;151;152;153;154;155;156;159;160;185;272;273;274;351;352;355;356;357	107;110;151;152;153;154;155;156;159;160;185;272;273;274;351;352;355;356;357		alphafold_db_predicted_fixed_per_construct	False	True	False	19.0	157.0	1.0	0.0	0.10526315789473684	0.0	0.05263157894736842	0.0	0.21052631578947367	0.10526315789473684	0.15789473684210525	0.0	0.0	0.15789473684210525	0.0	0.0	0.0	0.05263157894736842	0.0	0.10526315789473684	0.0	0.0	0.0	0.05263157894736842	0.0	0.6751592356687898	0.16560509554140126	0.1592356687898089	0.0	0.0	0.0	0.0	7.6166271594649855	11.797013451822888	22.113	18.142999999999997	17.22	4.861324437488172	4.65444120252125	3.566049788218399	0.017543859649122806	0.14035087719298245	0.17543859649122806	0.1871345029239766	0.18128654970760233	0.28654970760233917	0.011695906432748537	0.0	0.0	0.3333333333333333	6.0	1.8353258709644942
RCSB-8HHP-NZA-KD:S2	RCSB-8HHP-NZA-KD	S2	construct-099-64e2bd6b555d	64e2bd6b555d79affc08f76a5aee6fb14a1d8858069da8a34c3ae89d63aa754b	P37231	8HHP	NZA	VUPOTURDKDMIGQ-UHFFFAOYSA-N	O=C(O)c1c(Sc2ccccc2)c2cc(Cl)ccc2n1Cc1ccc(Cl)cc1	7.537602002101044	AF-P37231-F1	36fb3cd8bfeddc98836e534358182d0eddf7c9b1f1c1451e1563509cad4da780	1	A	2VSR	9HO	306;309;310;313;314;316;317;318;320;351;354;355;358;361;362;367;368;369;376;381;384;388;391;392;395;477;481;497;501	306;309;310;313;314;316;317;318;320;351;354;355;358;361;362;367;368;369;376;381;384;388;391;392;395;477;481;497;501		alphafold_db_predicted_fixed_per_construct	False	True	False	29.0	246.0	1.0	0.0	0.06896551724137931	0.034482758620689655	0.0	0.0	0.10344827586206896	0.0	0.06896551724137931	0.10344827586206896	0.034482758620689655	0.2413793103448276	0.10344827586206896	0.0	0.0	0.034482758620689655	0.034482758620689655	0.034482758620689655	0.0	0.06896551724137931	0.0	0.06896551724137931	0.0	0.6951219512195121	0.15447154471544716	0.13414634146341464	0.016260162601626018	0.0	0.0	0.0	9.706342778917648	15.859342280868095	24.162	23.039	19.997	6.52678239428075	5.77142212284441	4.278421250823222	0.0	0.07881773399014778	0.08866995073891626	0.09852216748768473	0.17733990147783252	0.2955665024630542	0.19704433497536947	0.06403940886699508	0.0	0.16748768472906403	4.689655172413793	1.086070051587836
RCSB-5U8F-82G-KD:S2	RCSB-5U8F-82G-KD	S2	construct-100-68fa759a793c	68fa759a793c58fdf621cdcc6f85a5c0fac58f9297b4d8936fecfbd333c9e991	O75530	5U8F	82G	XAWMNFFOVCNWGF-OIBXWCBGSA-N	CN(C)[C@H]1CN([C@H]2CCc3cccc(F)c32)C[C@@H]1c1cn(C)c2ccccc12	8.0	AF-O75530-F1	0d6641d5247c38bf5ee8b954b28e38f2fd4fd64444ce2ab878ccb474c796ba54	1	A	5U69	LQD	95;96;97;98;146;148;194;238;240;241;256;310;311;364;365;366;367;414;415;430	95;96;97;98;146;148;194;238;240;241;256;310;311;364;365;366;367;414;415;430		alphafold_db_predicted_fixed_per_construct	False	True	False	20.0	176.0	1.0	0.0	0.0	0.05	0.1	0.05	0.05	0.05	0.0	0.0	0.0	0.1	0.1	0.1	0.05	0.05	0.1	0.05	0.0	0.0	0.05	0.1	0.0	0.6306818181818182	0.17045454545454544	0.18181818181818182	0.017045454545454544	0.0	0.0	0.0	8.184451242452129	14.490897996349489	24.965	17.166999999999998	15.522	6.181161100882324	4.217089415502173	3.3158176136022526	0.0	0.1368421052631579	0.14210526315789473	0.14736842105263157	0.17894736842105263	0.24210526315789474	0.13157894736842105	0.021052631578947368	0.0	0.2789473684210526	5.3	2.0024984394500787
RCSB-8R42-XUC-KD:S2	RCSB-8R42-XUC-KD	S2	construct-101-6d45410f8f76	6d45410f8f764999699c42d5765ae5ecdb14f1863a4e0de4cc504ba55ee1353f	P36222	8R42	XUC	XCVVDQHGTQAUAD-HXUWFJFHSA-N	Clc1ccc(C[C@H]2CCCN2C2CCN(c3ccccn3)CC2)cc1	4.7447274948966935	AF-P36222-F1	cbebf23440a610f2ee729e8207da7a37aea4650b74934ac4d7b760e1fca051ce	1	A	8R41	XUF	27;35;57;58;95;98;99;136;138;140;141;177;204;206;207;261;263;288;289;290;291;293;294;295;298;350;352;356	27;35;57;58;95;98;99;136;138;140;141;177;204;206;207;261;263;288;289;290;291;293;294;295;298;350;352;356		alphafold_db_predicted_fixed_per_construct	False	True	False	28.0	241.0	1.0	0.0	0.14285714285714285	0.0	0.07142857142857142	0.07142857142857142	0.07142857142857142	0.03571428571428571	0.0	0.0	0.03571428571428571	0.10714285714285714	0.07142857142857142	0.0	0.0	0.0	0.07142857142857142	0.07142857142857142	0.07142857142857142	0.0	0.07142857142857142	0.10714285714285714	0.0	0.6597510373443983	0.15352697095435686	0.17842323651452283	0.008298755186721992	0.0	0.0	0.0	10.464815669697213	17.127364420209606	28.974	24.816	23.512999999999998	8.066821815403665	4.954169633040077	4.460376222509866	0.007936507936507936	0.06349206349206349	0.09259259259259259	0.1111111111111111	0.1349206349206349	0.20899470899470898	0.21693121693121692	0.164021164021164	0.0	0.164021164021164	4.428571428571429	1.5681784571500106
RCSB-5Y0X-8JR-KD:S2	RCSB-5Y0X-8JR-KD	S2	construct-102-6eebf5264d70	6eebf5264d7052b0912f015ef51459a1360d277f075573340a17e7f8bd3a0abb	P15090	5Y0X	8JR	GBWOMBQVUCUIGY-UHFFFAOYSA-N	COc1ccc(S(=O)(=O)Nc2cccc(C(=O)O)c2F)c2ccccc12	5.219682687859849	AF-P15090-F1	de1053dcf44ed1a0a5b222ea84d64d0ef1087c440e78940c282efc476b9f86e6	1	A	5Y0G	8JL	11;17;20;21;24;26;30;34;35;37;39;41;54;56;58;73;75;76;77;79;94;96;103;104;105;107;116;117;118;125;127;129	11;17;20;21;24;26;30;34;35;37;39;41;54;56;58;73;75;76;77;79;94;96;103;104;105;107;116;117;118;125;127;129		alphafold_db_predicted_fixed_per_construct	False	True	False	32.0	255.0	1.0	0.0	0.09375	0.03125	0.03125	0.0625	0.0625	0.03125	0.03125	0.03125	0.0	0.03125	0.0625	0.0	0.03125	0.03125	0.09375	0.09375	0.125	0.09375	0.0	0.0625	0.0	0.6274509803921569	0.17254901960784313	0.18823529411764706	0.011764705882352941	0.0	0.0	0.0	9.757575290789845	15.282350120108722	25.695999999999998	23.805	22.889	6.332975199732205	5.92108684471315	4.477100764152425	0.0020161290322580645	0.08064516129032258	0.08669354838709678	0.10080645161290322	0.15120967741935484	0.3024193548387097	0.24193548387096775	0.034274193548387094	0.0	0.1693548387096774	5.25	1.6007810593582121
RCSB-7OAK-V6B-KD:S2	RCSB-7OAK-V6B-KD	S2	construct-103-710261cb700a	710261cb700a8c90ade29495b6a2f379ed2be94f37a14d1ea90b00463162a6b5	O14936	7OAK	V6B	BPLPIBNWDLPUKP-UHFFFAOYSA-N	Cc1cc(Br)c(CNc2ncc(C(=O)NCCCN3CCOC3=O)c(NC3CCCC3)n2)cc1Br	7.657577319177793	AF-O14936-F1	e8c7239750ebe992df634572712465e7dcfaab035f3b743797296b817899ac00	1	A	7OAL	V62	18;19;20;26;38;39;41;75;91;92;93;94;95;96;97;102;105;145;146;147;148;152;159;160;161;162;163	18;19;20;26;38;39;41;75;91;92;93;94;95;96;97;102;105;145;146;147;148;152;159;160;161;162;163		alphafold_db_predicted_fixed_per_construct	False	True	False	27.0	210.0	1.0	0.0	0.07407407407407407	0.037037037037037035	0.037037037037037035	0.07407407407407407	0.14814814814814814	0.14814814814814814	0.037037037037037035	0.037037037037037035	0.18518518518518517	0.07407407407407407	0.037037037037037035	0.0	0.0	0.0	0.0	0.0	0.0	0.1111111111111111	0.0	0.0	0.0	0.6714285714285714	0.1619047619047619	0.15714285714285714	0.009523809523809525	0.0	0.0	0.0	9.774137850596935	18.085026502249097	24.582	22.788	20.735	6.491612737522002	5.467471567690255	4.847627197404152	0.014245014245014245	0.08547008547008547	0.10256410256410256	0.10256410256410256	0.14814814814814814	0.3190883190883191	0.15954415954415954	0.06837606837606838	0.0	0.2022792022792023	5.2592592592592595	2.1703830109605353
RCSB-4NO7-2N8-KD:S2	RCSB-4NO7-2N8-KD	S2	construct-104-71fe53434608	71fe53434608c797188de1e90271e95c8ab9115286d2bd76d21274d82f971abc	P35557	4NO7	2N8	XEANIURBPHCHMG-SWLSCSKDSA-N	CS(=O)(=O)c1ccc([C@@H](C[C@H]2CCC(=O)C2)C(=O)Nc2cnccn2)cc1Cl	6.080921907623926	AF-P35557-F1	b5be912e8e267b1686b60f9a49fe07e5cd8d2b56b57378d41c3b5fee8a4dec06	1	A	3F9M	MRK	61;62;63;64;65;66;159;210;211;214;215;218;220;221;222;235;252;451;452;453;455;456	61;62;63;64;65;66;159;210;211;214;215;218;220;221;222;235;252;451;452;453;455;456		alphafold_db_predicted_fixed_per_construct	False	True	False	22.0	177.0	1.0	0.0	0.045454545454545456	0.09090909090909091	0.0	0.045454545454545456	0.0	0.0	0.045454545454545456	0.09090909090909091	0.0	0.045454545454545456	0.09090909090909091	0.0	0.045454545454545456	0.0	0.045454545454545456	0.09090909090909091	0.045454545454545456	0.18181818181818182	0.0	0.13636363636363635	0.0	0.655367231638418	0.15254237288135594	0.1694915254237288	0.022598870056497175	0.0	0.0	0.0	8.697512375540414	16.11507348498522	26.216	22.369	13.187000000000001	6.431871039846991	5.036654030523204	2.984940975341164	0.008658008658008658	0.09523809523809523	0.15584415584415584	0.16883116883116883	0.1774891774891775	0.26406926406926406	0.11255411255411256	0.017316017316017316	0.0	0.2597402597402597	5.454545454545454	1.8519589806784873
RCSB-1ONZ-968-KD:S2	RCSB-1ONZ-968-KD	S2	construct-105-752a2a811a16	752a2a811a16df9be1c38dc3666a3bdd50d5498206eb349325374b3b869ecf71	P18031	1ONZ	968	IGOULVZYQKJJKC-UHFFFAOYSA-N	O=C(O)C(=O)N(c1ccccc1C(=O)O)c1cccc2ccc(O)cc12	5.096910013008056	AF-P18031-F1	8d5e476f9caad93225dbc4f4219baf87b5b1a83bc04286201c7ce2249f60810e	1	A	1NO6	794	46;48;49;115;116;120;179;180;181;183;215;216;217;218;219;220;221;222;262;263;266	46;48;49;115;116;120;179;180;181;183;215;216;217;218;219;220;221;222;262;263;266		alphafold_db_predicted_fixed_per_construct	False	True	False	21.0	162.0	1.0	0.0	0.047619047619047616	0.047619047619047616	0.09523809523809523	0.047619047619047616	0.0	0.14285714285714285	0.0	0.047619047619047616	0.09523809523809523	0.0	0.0	0.0	0.047619047619047616	0.09523809523809523	0.047619047619047616	0.09523809523809523	0.047619047619047616	0.047619047619047616	0.047619047619047616	0.047619047619047616	0.0	0.6111111111111112	0.17901234567901234	0.2037037037037037	0.006172839506172839	0.0	0.0	0.0	8.346839091666311	13.138726061431424	21.369999999999997	21.317	13.503	5.769850912887496	5.030039377961569	3.328249858615817	0.01904761904761905	0.13333333333333333	0.13333333333333333	0.17142857142857143	0.15714285714285714	0.2714285714285714	0.11428571428571428	0.0	0.0	0.2857142857142857	5.714285714285714	2.291658936288755
RCSB-4F1Q-0RZ-KD:S2	RCSB-4F1Q-0RZ-KD	S2	construct-108-8182bbcbf8a0	8182bbcbf8a02429c349fd032156a5f049b12099e9374f188ff09d58771668cc	Q460N5	4F1Q	0RZ	GNFSYBNDPOBXLJ-SNAWJCMRSA-N	NC(=O)c1cccc(NC(=O)/C=C/C(=O)O)c1	4.950781977329818	AF-Q460N5-F1	97f57134d4517a2effd0640ff00afff9a15fd8290c4e55a036739fd9bb32df27	1	A	4F1L	0RY	1681;1682;1683;1684;1701;1703;1705;1707;1708;1709;1714;1715;1716;1721;1722;1723;1727;1781;1782;1783	1681;1682;1683;1684;1701;1703;1705;1707;1708;1709;1714;1715;1716;1721;1722;1723;1727;1781;1782;1783		alphafold_db_predicted_fixed_per_construct	False	True	False	20.0	168.0	1.0	0.0	0.15	0.0	0.0	0.0	0.15	0.1	0.05	0.0	0.0	0.05	0.0	0.05	0.0	0.0	0.0	0.1	0.05	0.05	0.0	0.25	0.0	0.6904761904761905	0.13690476190476192	0.17261904761904762	0.0	0.0	0.0	0.0	8.562977994458135	16.365435679308014	22.205999999999996	20.957	20.891000000000002	5.6261595849284465	5.330995750600974	3.640247898916553	0.015789473684210527	0.08421052631578947	0.13157894736842105	0.15263157894736842	0.1736842105263158	0.2789473684210526	0.15789473684210525	0.005263157894736842	0.0	0.23157894736842105	4.4	1.9339079605813714
RCSB-3WB5-0B4-KD:S2	RCSB-3WB5-0B4-KD	S2	construct-111-8af9958b120b	8af9958b120b5542513e299a402f2bce0560ae47e29f68ec8b8a91dbc0bee077	P56817	3WB5	0B4	YBXYDJCRBQOXMI-ZOWXZIJZSA-N	CN1C(=O)C[C@@](C)([C@@H]2C[C@H]2c2ccccc2)N=C1N	4.5718652059712115	AF-P56817-F1	46a31c2f98efde22f35aa9ee892dbf13a18c8807d825cde1b4d80f98e1dddfa0	1	A	3WB4	0B3	72;73;74;91;93;94;95;96;132;133;137;168;169;170;171;176;179;289;290;291;292;296	72;73;74;91;93;94;95;96;132;133;137;168;169;170;171;176;179;289;290;291;292;296		alphafold_db_predicted_fixed_per_construct	False	True	False	22.0	180.0	1.0	0.0	0.0	0.0	0.09090909090909091	0.0	0.09090909090909091	0.18181818181818182	0.0	0.09090909090909091	0.045454545454545456	0.045454545454545456	0.0	0.0	0.0	0.045454545454545456	0.045454545454545456	0.09090909090909091	0.13636363636363635	0.0	0.09090909090909091	0.045454545454545456	0.0	0.6555555555555556	0.16111111111111112	0.18333333333333332	0.0	0.0	0.0	0.0	8.88465228353311	15.848865012837807	23.603	23.523	21.941	5.993580397876826	4.774622306505234	4.4963342895851754	0.012987012987012988	0.09523809523809523	0.11688311688311688	0.13852813852813853	0.16883116883116883	0.31601731601731603	0.13852813852813853	0.012987012987012988	0.0	0.22510822510822512	4.7272727272727275	2.319518331304195
RCSB-6Y81-OG5-KD:S2	RCSB-6Y81-OG5-KD	S2	construct-112-9480d3c9488d	9480d3c9488d5cccf5d79cf8c47fa8cc9f07851f1ff471b3c77e19bf3fc238c5	P47811	6Y81	OG5	ZHYURJLGEWNOMP-HCCACUNUSA-N	NC1(CNC(=O)C[C@@H](NS(=O)(=O)c2ccc(N3C(=O)CCC3=O)nc2)c2ccccc2)C2CC3CC(C2)CC1C3	4.600326278518962	AF-P47811-F1	b4d0d37dcf2e4e14df9318b95749bdca7a223a24b9906be8d213b8aaa47729c2	1	A	6Y7W	OFW	214;217;218;219;220;221;222;223;224;233;234;235;237;238;268;272;273;274;275;276;277;278	214;217;218;219;220;221;222;223;224;233;234;235;237;238;268;272;273;274;275;276;277;278		alphafold_db_predicted_fixed_per_construct	False	True	False	22.0	171.0	1.0	0.0	0.09090909090909091	0.0	0.0	0.0	0.09090909090909091	0.09090909090909091	0.0	0.09090909090909091	0.045454545454545456	0.18181818181818182	0.045454545454545456	0.09090909090909091	0.045454545454545456	0.0	0.09090909090909091	0.0	0.09090909090909091	0.045454545454545456	0.0	0.0	0.0	0.6608187134502924	0.18128654970760233	0.15204678362573099	0.005847953216374269	0.0	0.0	0.0	9.457296648027189	18.301920703540905	34.205	19.636	16.09	7.44323073864409	4.927123725190073	3.1244564098030185	0.017316017316017316	0.07792207792207792	0.13852813852813853	0.12121212121212122	0.12554112554112554	0.27705627705627706	0.1645021645021645	0.07792207792207792	0.0	0.23376623376623376	4.909090909090909	1.4112886087509113
RCSB-4WR8-3TX-KD:S2	RCSB-4WR8-3TX-KD	S2	construct-113-94bddcf5ae1b	94bddcf5ae1b6872dfa6a7821303b59b70032e3129bf17d5834ccd46a266d4c7	P14174	4WR8	3TX	QSDNOMVFORBNKO-UHFFFAOYSA-N	Oc1ccc(-n2cc(-c3ccc4ccccc4n3)nn2)cc1	6.585026652029182	AF-P14174-F1	bcc22495878d4d1185dd9695e72316dcee5ded753c69f4601f331d747f57901b	1	A	1LJT	HDI	2;3;33;34;37;39;63;64;65;66;102;107;114	2;3;33;34;37;39;63;64;65;66;102;107;114		alphafold_db_predicted_fixed_per_construct	False	True	False	13.0	102.0	1.0	0.0	0.07692307692307693	0.0	0.0	0.0	0.07692307692307693	0.07692307692307693	0.07692307692307693	0.07692307692307693	0.07692307692307693	0.0	0.15384615384615385	0.0	0.15384615384615385	0.0	0.0	0.07692307692307693	0.0	0.07692307692307693	0.0	0.07692307692307693	0.0	0.6764705882352942	0.1568627450980392	0.14705882352941177	0.0196078431372549	0.0	0.0	0.0	7.1930847898668455	10.249486480675554	16.55	15.898000000000001	14.769	5.017810810540461	4.060913300166755	3.1734880860601624	0.0	0.1794871794871795	0.14102564102564102	0.21794871794871795	0.20512820512820512	0.24358974358974358	0.01282051282051282	0.0	0.0	0.32051282051282054	3.8461538461538463	1.6098807335735654
RCSB-6U8B-Q1M-KD:S2	RCSB-6U8B-Q1M-KD	S2	construct-114-95cbcb4a8b50	95cbcb4a8b50c9a7935a39d07064f1d04d128c377d3220aabca55ce962456867	P61964	6U8B	Q1M	HLGWNAJQDWZVDI-UHFFFAOYSA-N	COc1ccc(Br)cc1S(=O)(=O)Nc1cc(Cl)cc(C(=O)O)c1O	6.3655227298392685	AF-P61964-F1	83164afd59e414cf5855eb525d82037e0c19211a2aec92580830cf275b284e72	1	A	6U6W	Q0Y	223;224;225;226;227;228;240;249;250;252;266;267;268;271;272;273;274;288;289	223;224;225;226;227;228;240;249;250;252;266;267;268;271;272;273;274;288;289		alphafold_db_predicted_fixed_per_construct	False	True	False	19.0	159.0	1.0	0.0	0.0	0.0	0.0	0.0	0.05263157894736842	0.10526315789473684	0.0	0.05263157894736842	0.15789473684210525	0.15789473684210525	0.0	0.05263157894736842	0.05263157894736842	0.05263157894736842	0.0	0.10526315789473684	0.0	0.05263157894736842	0.05263157894736842	0.10526315789473684	0.0	0.6855345911949685	0.15723270440251572	0.15723270440251572	0.0	0.0	0.0	0.0	8.133812761686002	12.609523436322538	19.651	19.418	18.808	5.633516735128231	5.0648129869965395	2.9614301686765154	0.017543859649122806	0.13450292397660818	0.12280701754385964	0.15204678362573099	0.15204678362573099	0.3391812865497076	0.08187134502923976	0.0	0.0	0.27485380116959063	4.947368421052632	1.2343199367956394
RCSB-4BTM-F8E-KD:S2	RCSB-4BTM-F8E-KD	S2	construct-115-9a950e182ddc	9a950e182ddc34f97a6a1bc9dc05805f316231d1ddb53374bc659f53ef5056f5	Q5TCY1	4BTM	F8E	YHDDNFHODNKNQV-UHFFFAOYSA-N	COC(=O)c1cc(Nc2ncnc3[nH]ccc23)ccc1Br	5.3872161432802645	AF-Q5TCY1-F1	5bfd2dbdcd5a1d80f0fe903d67092b55ac14e3f75b836b7b250db724c55d6c9e	1	A	4BTK	DTQ	40;41;48;61;63;77;81;91;107;108;109;110;111;112;113;158;161;174;175;176;177;178	40;41;48;61;63;77;81;91;107;108;109;110;111;112;113;158;161;174;175;176;177;178		alphafold_db_predicted_fixed_per_construct	False	True	False	22.0	164.0	1.0	0.0	0.09090909090909091	0.045454545454545456	0.045454545454545456	0.045454545454545456	0.045454545454545456	0.13636363636363635	0.0	0.09090909090909091	0.045454545454545456	0.13636363636363635	0.09090909090909091	0.045454545454545456	0.0	0.09090909090909091	0.045454545454545456	0.045454545454545456	0.0	0.0	0.0	0.0	0.0	0.6219512195121951	0.17682926829268292	0.18292682926829268	0.018292682926829267	0.0	0.0	0.0	8.702588301404292	16.56286287820179	26.497999999999998	16.864	16.596	6.212702805732828	4.3525927162360585	4.265243678612879	0.0	0.11255411255411256	0.1038961038961039	0.12554112554112554	0.19913419913419914	0.341991341991342	0.1038961038961039	0.012987012987012988	0.0	0.21645021645021645	4.545454545454546	1.2694763676153584
RCSB-4M5L-YH4-KD:S2	RCSB-4M5L-YH4-KD	S2	construct-116-9ae95a04d65c	9ae95a04d65c0e55082b63ba15f54a519a1d5446214d07019f09686be4f76026	P26281	4M5L	YH4	YXZULINHSYINAQ-UHFFFAOYSA-N	Cc1ccccc1C(=O)CSc1nc2nc(N)[nH]c(=O)c2[nH]1	4.723538195826756	AF-P26281-F1	11d7b693271f7dc625673d2440854912142ddeb885f31041a4cecbec8fa93e6e	1	A	4M5I	YH6	8;9;10;43;44;45;46;47;48;51;54;55;56;90;91;93;96;117;118;121;122;124	8;9;10;43;44;45;46;47;48;51;54;55;56;90;91;93;96;117;118;121;122;124		alphafold_db_predicted_fixed_per_construct	False	True	False	22.0	182.0	1.0	0.0	0.0	0.0	0.09090909090909091	0.0	0.045454545454545456	0.13636363636363635	0.0	0.045454545454545456	0.0	0.09090909090909091	0.0	0.09090909090909091	0.13636363636363635	0.045454545454545456	0.09090909090909091	0.045454545454545456	0.045454545454545456	0.0	0.045454545454545456	0.09090909090909091	0.0	0.6428571428571429	0.17582417582417584	0.1813186813186813	0.0	0.0	0.0	0.0	8.593940725555452	13.88453186075975	23.419	19.871000000000002	17.070999999999998	5.934332609077709	4.943143040785441	3.7689322834898453	0.012987012987012988	0.11255411255411256	0.12554112554112554	0.12121212121212122	0.19047619047619047	0.2987012987012987	0.12987012987012986	0.008658008658008658	0.0	0.2510822510822511	5.2727272727272725	1.8873217720024267
RCSB-5WBO-A1Y-KD:S2	RCSB-5WBO-A1Y-KD	S2	construct-118-9f8b6e165062	9f8b6e16506262c7055b76831e914ce0d900e6df7d310e9436bb3d436a9ab5b8	P50053	5WBO	A1Y	LUTZBWBXBMVIOV-UHFFFAOYSA-N	Cc1cc(C)c(C#N)c(N2CCOCC2)n1	4.2076083105017466	AF-P50053-F1	fd5dca06936fbcfbc3385127ff98e0e985f1ce9e3d9672ad426bca3e448625c2	1	A	5WBM	A4G	224;225;226;227;228;229;230;242;243;244;245;246;247;250;253;256;257;260;281;282;285;286;289	224;225;226;227;228;229;230;242;243;244;245;246;247;250;253;256;257;260;281;282;285;286;289		alphafold_db_predicted_fixed_per_construct	False	True	False	23.0	154.0	1.0	0.0	0.2608695652173913	0.08695652173913043	0.043478260869565216	0.08695652173913043	0.08695652173913043	0.17391304347826086	0.0	0.0	0.0	0.0	0.0	0.0	0.08695652173913043	0.0	0.0	0.043478260869565216	0.043478260869565216	0.043478260869565216	0.043478260869565216	0.0	0.0	0.6298701298701299	0.15584415584415584	0.2012987012987013	0.012987012987012988	0.0	0.0	0.0	7.904899357860405	13.15706174711599	21.553	17.073999999999998	16.948999999999998	5.370026464885024	4.198496840100881	4.0028582173241185	0.023715415019762844	0.13043478260869565	0.15019762845849802	0.17391304347826086	0.2134387351778656	0.2608695652173913	0.04743083003952569	0.0	0.0	0.30434782608695654	6.695652173913044	2.2152589918012167
RCSB-6JOF-BWR-KD:S2	RCSB-6JOF-BWR-KD	S2	construct-120-a64f362737a1	a64f362737a1ded4fc4e863b23ccb957db7cd15e5bc6bdc1b7496a5fde1e585c	P9WFY7	6JOF	BWR	ONQHIHGODGGUGU-UHFFFAOYSA-N	NC1CCN(Cc2ccc(CNC(=O)c3csc4nc[nH]c(=O)c34)cc2)CC1	4.982966660701219	AF-P9WFY7-F1	ef3d56ee4da5a5f04c25aba72119a3e59030d0fecd5642ac6fab78b2a114b992	1	A	5ZHL	9D0	57;58;83;84;85;109;110;111;112;113;131;132;133;134;135;136;137;138;139;140;141;142;144;148	57;58;83;84;85;109;110;111;112;113;131;132;133;134;135;136;137;138;139;140;141;142;144;148		alphafold_db_predicted_fixed_per_construct	False	True	False	24.0	169.0	1.0	0.0	0.041666666666666664	0.0	0.041666666666666664	0.08333333333333333	0.0	0.25	0.0	0.041666666666666664	0.0	0.041666666666666664	0.041666666666666664	0.0	0.16666666666666666	0.0	0.041666666666666664	0.041666666666666664	0.041666666666666664	0.08333333333333333	0.0	0.08333333333333333	0.0	0.6331360946745562	0.15976331360946747	0.20118343195266272	0.005917159763313609	0.0	0.0	0.0	8.911461557188929	16.704006592791504	29.587	19.643	15.098	6.8813494358106935	4.6529990496536335	3.226573549672524	0.018115942028985508	0.11231884057971014	0.12318840579710146	0.15942028985507245	0.18478260869565216	0.2246376811594203	0.11231884057971014	0.06521739130434782	0.0	0.2536231884057971	5.833333333333333	1.9075871903765995
RCSB-4OG3-2S6-KD:S2	RCSB-4OG3-2S6-KD	S2	construct-121-a692a9cca88a	a692a9cca88a22d67d8300d6828800eee299cd5244e6f9794f060a6c3d6342cf	O00255	4OG3	2S6	QBITUTDDFZQXDO-HHHXNRCGSA-N	N#Cc1ccc(OCCCN2CCC([C@@](O)(c3ccccc3)C3CCCC3)CC2)cc1	6.54515513999149	AF-O00255-F1	a69b8b03bd5bc5d7f7f88a0e9cd0759eb02ce89054c3f26b77e3dc195dfc222a	1	A	4OG4	2VK	155;177;178;179;180;181;182;238;241;242;276;278;285;319;322;323;324;325;326;329;330;341;363;367;371	155;177;178;179;180;181;182;238;241;242;276;278;285;319;322;323;324;325;326;329;330;341;363;367;371		alphafold_db_predicted_fixed_per_construct	False	True	False	25.0	205.0	1.0	0.0	0.12	0.08	0.08	0.08	0.04	0.04	0.04	0.0	0.0	0.08	0.08	0.0	0.0	0.0	0.04	0.08	0.0	0.08	0.04	0.12	0.0	0.6439024390243903	0.15121951219512195	0.18536585365853658	0.01951219512195122	0.0	0.0	0.0	11.26525719793532	17.742060495756913	33.141	22.226	19.353	9.497250876075281	5.061942770453018	3.3294114977243714	0.006666666666666667	0.07333333333333333	0.10333333333333333	0.07666666666666666	0.14	0.21	0.14	0.25	0.0	0.18333333333333332	4.4	1.5748015748023623
RCSB-4X5Z-3XY-KD:S2	RCSB-4X5Z-3XY-KD	S2	construct-122-a7a7325a75fe	a7a7325a75febdfea80beda70c74adda6133401e81e010b49ce07672bf6473f2	O00255	4X5Z	3XY	PSOJDGBGVBEYJX-UHFFFAOYSA-N	N#Cc1cc2cc(CN3CCC(Nc4ncnc5sc(CC(F)(F)F)cc45)CC3)ccc2[nH]1	7.619788758288394	AF-O00255-F1	a69b8b03bd5bc5d7f7f88a0e9cd0759eb02ce89054c3f26b77e3dc195dfc222a	1	A	4GQ3	0RO	155;177;178;179;180;181;182;228;238;241;276;278;279;282;285;319;322;323;363	155;177;178;179;180;181;182;228;238;241;276;278;279;282;285;319;322;323;363		alphafold_db_predicted_fixed_per_construct	False	True	False	19.0	159.0	1.0	0.0	0.10526315789473684	0.05263157894736842	0.10526315789473684	0.10526315789473684	0.05263157894736842	0.0	0.05263157894736842	0.0	0.0	0.05263157894736842	0.15789473684210525	0.05263157894736842	0.0	0.0	0.0	0.10526315789473684	0.0	0.0	0.0	0.15789473684210525	0.0	0.6289308176100629	0.13836477987421383	0.20754716981132076	0.025157232704402517	0.0	0.0	0.0	9.022325177776723	15.180265538120203	23.677	19.353	16.016	6.6147723886836705	5.237935356131355	3.1954923039245435	0.005847953216374269	0.09941520467836257	0.14035087719298245	0.1111111111111111	0.16374269005847952	0.28654970760233917	0.15789473684210525	0.03508771929824561	0.0	0.24561403508771928	4.421052631578948	1.3500795093032274
RCSB-7B3T-SVK-KD:S2	RCSB-7B3T-SVK-KD	S2	construct-123-b8ea4f953170	b8ea4f9531704e306deb7fada4afeb50ef6d9b991e6a97b0b4ede612d7f88905	P08581	7B3T	SVK	GZMFYYLEABBTHR-UHFFFAOYSA-N	c1ccc(Cc2c[nH]c3ncccc23)cc1	4.013228265733755	AF-P08581-F1	ebb068ef35cb84d269525997f9a30f0ee555d4cd9388b7df1c772b033ff8c59f	1	A	7B3Q	SV5	1084;1089;1092;1107;1108;1109;1110;1112;1140;1155;1157;1158;1159;1160;1161;1211;1225;1226;1227;1228;1229	1084;1089;1092;1107;1108;1109;1110;1112;1140;1155;1157;1158;1159;1160;1161;1211;1225;1226;1227;1228;1229		alphafold_db_predicted_fixed_per_construct	False	True	False	21.0	168.0	1.0	0.0	0.09523809523809523	0.047619047619047616	0.047619047619047616	0.0	0.047619047619047616	0.0	0.0	0.047619047619047616	0.09523809523809523	0.19047619047619047	0.14285714285714285	0.0	0.047619047619047616	0.0	0.047619047619047616	0.0	0.0	0.14285714285714285	0.0	0.047619047619047616	0.0	0.6785714285714286	0.15476190476190477	0.14285714285714285	0.023809523809523808	0.0	0.0	0.0	10.796546843216879	19.218758566556904	32.009	22.378	21.578	9.093946788376062	4.433325087940813	3.76977243512067	0.004761904761904762	0.09047619047619047	0.11428571428571428	0.12380952380952381	0.12380952380952381	0.1619047619047619	0.18095238095238095	0.2	0.0	0.20952380952380953	4.190476190476191	2.084387488403742
RCSB-5ETO-5RY-KD:S2	RCSB-5ETO-5RY-KD	S2	construct-124-bf2caeb019c6	bf2caeb019c6d0457c336215e16ca4cb05d601aeb1e7badb3e367a96c43c7dad	P26281	5ETO	5RY	GEUVDHJEINQZML-UHFFFAOYSA-N	N#Cc1ccc(CSc2nc3c(=O)[nH]c(N)nc3[nH]2)c(F)c1	5.568636235841012	AF-P26281-F1	11d7b693271f7dc625673d2440854912142ddeb885f31041a4cecbec8fa93e6e	1	A	5ETP	5RZ	8;9;10;43;44;45;46;47;48;51;54;55;56;90;91;93;96;117;118;121;122;124;125	8;9;10;43;44;45;46;47;48;51;54;55;56;90;91;93;96;117;118;121;122;124;125		alphafold_db_predicted_fixed_per_construct	False	True	False	23.0	190.0	1.0	0.0	0.0	0.0	0.08695652173913043	0.0	0.043478260869565216	0.13043478260869565	0.0	0.043478260869565216	0.0	0.08695652173913043	0.043478260869565216	0.08695652173913043	0.13043478260869565	0.043478260869565216	0.08695652173913043	0.043478260869565216	0.043478260869565216	0.0	0.043478260869565216	0.08695652173913043	0.0	0.6421052631578947	0.1736842105263158	0.17894736842105263	0.005263157894736842	0.0	0.0	0.0	8.586224288432852	13.697895371198625	23.419	19.871000000000002	17.25	5.883151188347029	5.010945736666311	3.741951690029003	0.011857707509881422	0.11067193675889328	0.11857707509881422	0.12648221343873517	0.1976284584980237	0.30039525691699603	0.12648221343873517	0.007905138339920948	0.0	0.24110671936758893	5.304347826086956	1.9434344903153922
RCSB-5OVI-AXH-KD:S2	RCSB-5OVI-AXH-KD	S2	construct-125-c460e3bd19de	c460e3bd19de807046d50d92177bfebe2dff8ecbc10e0f8bba7416c897bd42a9	Q07889	5OVI	AXH	WEGLOYDTDILXDA-OAHLLOKOSA-N	CNCc1ccccc1-c1csc([C@@H](C)Nc2nc(C)nc3cc(OC)c(OC)cc23)c1	7.443697499232712	AF-Q07889-F1	ea20a647bd0eeae0c06d8a086d00ed254e52c65400ab6e917f575a690b79289d	1	A	5OVE	AXE	874;875;878;879;883;884;890;897;898;899;901;902;904;905;906;909	874;875;878;879;883;884;890;897;898;899;901;902;904;905;906;909		alphafold_db_predicted_fixed_per_construct	False	True	False	16.0	137.0	1.0	0.0	0.0625	0.0	0.0	0.1875	0.0625	0.0	0.0625	0.0	0.125	0.0625	0.0625	0.0625	0.0	0.0625	0.0	0.0	0.0	0.1875	0.0	0.0625	0.0	0.6496350364963503	0.16058394160583941	0.18248175182481752	0.0072992700729927005	0.0	0.0	0.0	8.113781049260519	13.769801817719054	20.694000000000003	19.085	18.524	5.537193354790129	4.963304054623222	3.246312604843817	0.0	0.13333333333333333	0.18333333333333332	0.1	0.21666666666666667	0.3	0.06666666666666667	0.0	0.0	0.31666666666666665	4.75	1.8540496217739157
RCSB-5FDZ-5X0-KD:S2	RCSB-5FDZ-5X0-KD	S2	construct-126-cecc6141575d	cecc6141575de1a1723c1427a75427e4f8851cf1e296e9aa3d5b3348bf606b0e	Q92831	5FDZ	5X0	OLSMYKUQDJESEU-UHFFFAOYSA-N	CNC(=O)c1cc(OCC(=O)Nc2ccccc2)ccc1OC1CCOCC1	5.167491087293763	AF-Q92831-F1	8e73c074b438c113e4bc24428c93e5a2bfe9ecf86935f2a2b9023500201c63d1	1	A	5FE9	5WS	746;747;748;749;750;751;752;753;756;757;760;798;799;802;803;809	746;747;748;749;750;751;752;753;756;757;760;798;799;802;803;809		alphafold_db_predicted_fixed_per_construct	False	True	False	16.0	144.0	1.0	0.0	0.0625	0.0625	0.0	0.125	0.0625	0.0	0.0	0.0	0.0625	0.0	0.0625	0.125	0.125	0.0	0.0	0.0	0.0	0.0625	0.0625	0.1875	0.0	0.6736111111111112	0.1388888888888889	0.1736111111111111	0.013888888888888888	0.0	0.0	0.0	7.756645117776187	12.402420290912342	19.546	17.862000000000002	15.680000000000001	5.390881947069682	4.429823790498916	3.3883028939292226	0.016666666666666666	0.10833333333333334	0.15	0.2	0.19166666666666668	0.30833333333333335	0.025	0.0	0.0	0.275	4.125	0.9921567416492215
RCSB-5TA2-78X-KD:S2	RCSB-5TA2-78X-KD	S2	construct-127-cf37c77dcb23	cf37c77dcb236cb85a473921b512e03511479cb68d1e50cfb70dd329fa72ec06	P62937	5TA2	78X	SDVRVWXKFPHKSR-IBVKFTFISA-N	CO[C@@H]1CC/C=C/c2cccc(c2)[C@@H](C)OC(=O)[C@@H]2CCCN(N2)C(=O)[C@H](Cc2cccc(O)c2)NC(=O)[C@H](C(C)C)NC(=O)[C@@H]1C	7.958607314841775	AF-P62937-F1	e77564774e099f238ef683d0774378a349d72353fdd24a00093f96ea8d6b84e7	1	A	5T9Z	78R	54;55;57;60;61;63;71;72;73;74;82;100;101;102;103;104;111;112;113;122;126;148;149;150	54;55;57;60;61;63;71;72;73;74;82;100;101;102;103;104;111;112;113;122;126;148;149;150		alphafold_db_predicted_fixed_per_construct	False	True	False	24.0	191.0	1.0	0.0	0.08333333333333333	0.0	0.0	0.0	0.125	0.16666666666666666	0.08333333333333333	0.041666666666666664	0.041666666666666664	0.041666666666666664	0.08333333333333333	0.125	0.0	0.08333333333333333	0.08333333333333333	0.0	0.041666666666666664	0.0	0.0	0.0	0.0	0.6230366492146597	0.2094240837696335	0.15706806282722513	0.010471204188481676	0.0	0.0	0.0	9.469921520640133	18.529957644982733	27.97	23.822	20.888	7.0431501604956965	5.204705232008332	3.603400182008329	0.021739130434782608	0.07608695652173914	0.10869565217391304	0.12681159420289856	0.16666666666666666	0.2572463768115942	0.17753623188405798	0.06521739130434782	0.0	0.20652173913043478	4.75	2.1065374432940898
RCSB-2AMA-DHT-KD:S2	RCSB-2AMA-DHT-KD	S2	construct-129-da127f2629ee	da127f2629ee275dc683e24978c6e30204a647350c8b6fa23eb52bb48eb8ac2c	P10275	2AMA	DHT	NVKAWKQGWWIWPM-ABEVXSGRSA-N	C[C@]12CCC(=O)C[C@@H]1CC[C@@H]1[C@@H]2CC[C@]2(C)[C@@H](O)CC[C@@H]12	9.602059991327963	AF-P10275-F1	ca4ead2b91c559f32744a48305e5e4dcb7f4b0d720297284660e7c36701ebc04	1	A	2AM9	TES	702;705;706;708;709;712;742;743;746;747;750;753;764;765;766;781;788;874;877;878;881;892;896;900	702;705;706;708;709;712;742;743;746;747;750;753;764;765;766;781;788;874;877;878;881;892;896;900		alphafold_db_predicted_fixed_per_construct	False	True	False	24.0	206.0	1.0	0.0	0.041666666666666664	0.0	0.0	0.0	0.125	0.041666666666666664	0.0	0.041666666666666664	0.0	0.20833333333333334	0.25	0.041666666666666664	0.0	0.041666666666666664	0.041666666666666664	0.0	0.041666666666666664	0.041666666666666664	0.041666666666666664	0.041666666666666664	0.0	0.6893203883495146	0.14563106796116504	0.13592233009708737	0.02912621359223301	0.0	0.0	0.0	9.198309631940301	15.619663687048698	26.414	18.893	17.744	6.91857551607956	4.457842339207001	4.107292854438753	0.0036231884057971015	0.09057971014492754	0.10144927536231885	0.14492753623188406	0.1956521739130435	0.3007246376811594	0.12318840579710146	0.03985507246376811	0.0	0.1956521739130435	4.5	1.1902380714238083
RCSB-5WYX-CU8-KD:S2	RCSB-5WYX-CU8-KD	S2	construct-131-e03e7d49727d	e03e7d49727dc87d6e6c973cc50f330bbf1f1c41707ac633ac672865d65a0e7a	Q9NR97	5WYX	CU8	HNKGGVGQAVODNJ-UHFFFAOYSA-N	Cc1cccc(-c2ccnc3c(C(N)=O)cnn23)c1	6.657577319177793	AF-Q9NR97-F1	879c57dc5c8f80288363c5925f0b196cab0caa2c6824ebefa379e101c47a9715	1	A	5WYZ	7VF	261;262;346;348;349;350;351;352;353;376;377;378;403;405	261;262;346;348;349;350;351;352;353;376;377;378;403;405		alphafold_db_predicted_fixed_per_construct	False	True	False	14.0	123.0	1.0	0.0	0.0	0.0	0.0	0.0	0.21428571428571427	0.14285714285714285	0.0	0.14285714285714285	0.07142857142857142	0.0	0.0	0.07142857142857142	0.0	0.0	0.0	0.07142857142857142	0.0	0.07142857142857142	0.0	0.21428571428571427	0.0	0.7154471544715447	0.13008130081300814	0.15447154471544716	0.0	0.0	0.0	0.0	7.650550133312159	11.829989002013416	18.231	17.945	17.306000000000004	5.298425969660205	4.466140985125887	3.2420956628902533	0.01098901098901099	0.15384615384615385	0.2087912087912088	0.10989010989010989	0.1978021978021978	0.2857142857142857	0.03296703296703297	0.0	0.0	0.37362637362637363	4.857142857142857	1.9948914348241344
RCSB-7MRG-ZMM-KD:S2	RCSB-7MRG-ZMM-KD	S2	construct-133-eab72abc872f	eab72abc872f1b09f093bb389325c53a626f7c5905634e89a54c75baee392ac3	Q58F21	7MRG	ZMM	IQHRPUHKLPCOKF-UHFFFAOYSA-N	Cn1cc(-c2cccc(N3CCCC3=O)c2)c2ccccc2c1=O	6.057991946977687	AF-Q58F21-F1	023743b65fcc6b0b0cbe0c09d0d99b5a6a55f36736da89fac5aa7854c7bdc465	1	A	7MRH	ZMJ	50;51;52;53;54;55;56;57;58;60;61;63;66;101;104;105;108;109;115	50;51;52;53;54;55;56;57;58;60;61;63;66;101;104;105;108;109;115		alphafold_db_predicted_fixed_per_construct	False	True	False	19.0	166.0	1.0	0.0	0.05263157894736842	0.05263157894736842	0.05263157894736842	0.0	0.05263157894736842	0.0	0.0	0.05263157894736842	0.05263157894736842	0.10526315789473684	0.05263157894736842	0.10526315789473684	0.10526315789473684	0.05263157894736842	0.05263157894736842	0.0	0.0	0.05263157894736842	0.05263157894736842	0.10526315789473684	0.0	0.6686746987951807	0.16265060240963855	0.1566265060240964	0.012048192771084338	0.0	0.0	0.0	8.474901863212768	13.204519063033732	24.425	20.282999999999998	17.726	5.680238902211661	5.239714360568058	3.479114977195404	0.011695906432748537	0.1111111111111111	0.11695906432748537	0.15789473684210525	0.14035087719298245	0.38011695906432746	0.08187134502923976	0.0	0.0	0.23976608187134502	4.315789473684211	1.3397812696166165
RCSB-3RTM-RTM-KD:S2	RCSB-3RTM-RTM-KD	S2	construct-135-eb81b9f95fe1	eb81b9f95fe15606ad67ef477c6719bd9dee3607e3a55b0a662a24d97d39cbfd	P56817	3RTM	RTM	GRFOHUBBUMAJMM-UHFFFAOYSA-N	CN(C(=O)CCc1cc2ccccc2nc1N)C1CCCCC1	4.4156687756324695	AF-P56817-F1	46a31c2f98efde22f35aa9ee892dbf13a18c8807d825cde1b4d80f98e1dddfa0	1	A	3RU1	3RU	93;94;95;96;97;98;130;131;132;133;137;169;179;187;189;259;287;289;290;291;292;390	93;94;95;96;97;98;130;131;132;133;137;169;179;187;189;259;287;289;290;291;292;390		alphafold_db_predicted_fixed_per_construct	False	True	False	22.0	176.0	1.0	0.0	0.0	0.0	0.09090909090909091	0.0	0.045454545454545456	0.09090909090909091	0.0	0.13636363636363635	0.0	0.0	0.0	0.045454545454545456	0.045454545454545456	0.0	0.045454545454545456	0.13636363636363635	0.18181818181818182	0.045454545454545456	0.045454545454545456	0.09090909090909091	0.0	0.6420454545454546	0.1534090909090909	0.20454545454545456	0.0	0.0	0.0	0.0	8.445524222783948	13.558077779881783	22.661	22.44	20.883000000000003	5.9310229613772805	4.316561344989939	4.185348752993536	0.021645021645021644	0.1038961038961039	0.12121212121212122	0.15151515151515152	0.19480519480519481	0.2987012987012987	0.10822510822510822	0.0	0.0	0.24675324675324675	5.181818181818182	2.208174145725658
RCSB-5D1J-56H-KD:S2	RCSB-5D1J-56H-KD	S2	construct-138-fe22d91e18cd	fe22d91e18cd544a85d7c768cd864172200252df906b774d890dc103224f7c8d	P24941	5D1J	56H	OUSFTKFNBAZUKL-UHFFFAOYSA-N	CC(C)(C)c1cnc(CSc2cnc(NC(=O)C3CCNCC3)s2)o1	7.161150909262744	AF-P24941-F1	afb1ecd02b09186c681bdbc66314dcdb806aac7fbecf930398c4070a5b16d48f	1	A	2FVD	LIA	10;16;17;18;31;32;33;34;64;78;80;81;82;83;84;85;86;89;90;131;132;133;134;144;145	10;16;17;18;31;32;33;34;64;78;80;81;82;83;84;85;86;89;90;131;132;133;134;144;145		alphafold_db_predicted_fixed_per_construct	False	True	False	25.0	204.0	1.0	0.0	0.08	0.0	0.08	0.04	0.12	0.04	0.04	0.04	0.12	0.2	0.0	0.04	0.0	0.08	0.0	0.0	0.0	0.12	0.0	0.0	0.0	0.6715686274509803	0.16176470588235295	0.16666666666666666	0.0	0.0	0.0	0.0	9.353181124170113	17.636035417315902	26.586	22.957	19.648	7.197476730740546	4.4106767401002775	4.027934526071507	0.006666666666666667	0.09	0.11333333333333333	0.13	0.16	0.2966666666666667	0.15666666666666668	0.04666666666666667	0.0	0.21	5.04	1.6847551750922152
