view_id	observation_id	mapping_tier	construct_group_id	construct_sha256	uniprot_accession	query_pdb_id	query_ligand_comp_id	inchikey	canonical_smiles	pKd	feature_structure_pdb_id	feature_structure_sha256	feature_protein_entity_id	feature_protein_asym_id	site_reference_pdb_id	site_reference_ligand_comp_id	pocket_positions_label_seq_id	present_positions_label_seq_id	missing_positions_label_seq_id	receptor_conformation_source	query_holo_receptor_privilege	historical_reference_ligand_used_only_for_site	query_ligand_coordinates_read	pocket_residue_count	pocket_atom_count	pocket_position_coverage	pocket_missing_fraction	aa_fraction_A	aa_fraction_C	aa_fraction_D	aa_fraction_E	aa_fraction_F	aa_fraction_G	aa_fraction_H	aa_fraction_I	aa_fraction_K	aa_fraction_L	aa_fraction_M	aa_fraction_N	aa_fraction_P	aa_fraction_Q	aa_fraction_R	aa_fraction_S	aa_fraction_T	aa_fraction_V	aa_fraction_W	aa_fraction_Y	aa_fraction_X	element_fraction_C	element_fraction_N	element_fraction_O	element_fraction_S	element_fraction_P	element_fraction_SE	element_fraction_OTHER	coord_radius_of_gyration	coord_max_radius	bbox_extent_large	bbox_extent_mid	bbox_extent_small	coord_std_large	coord_std_mid	coord_std_small	residue_pair_distance_bin_0	residue_pair_distance_bin_1	residue_pair_distance_bin_2	residue_pair_distance_bin_3	residue_pair_distance_bin_4	residue_pair_distance_bin_5	residue_pair_distance_bin_6	residue_pair_distance_bin_7	residue_pair_distance_bin_8	residue_contact_edge_density_8A	residue_contact_mean_degree_8A	residue_contact_degree_std_8A
RCSB-4UGY-EXI-KD:S2	RCSB-4UGY-EXI-KD	S2	construct-001-c5158f5b655d	c5158f5b655d67de07d6eb63e3de8d56dae628bbf9d60ddb27d479d5686cb629	O34453	4UGY	EXI	BAILAIZRWKFZJT-UHFFFAOYSA-N	CNCCN(C)c1cncc(CCc2cc(C)cc(N)n2)c1	4.239577516576788	AF-O34453-F1	ec3ab1272d6f2a54586bc635a3c657af3fd2367d1c7a706c24d95b2825203683	1	A	4UGK	7S9	128;129;132;216;217;218;235;236;237;238;239;240;243;248;254;329;357	128;129;132;216;217;218;235;236;237;238;239;240;243;248;254;329;357		alphafold_db_predicted_fixed_per_construct	False	True	False	17.0	164.0	1.0	0.0	0.0	0.0	0.0	0.058823529411764705	0.058823529411764705	0.058823529411764705	0.058823529411764705	0.11764705882352941	0.0	0.0	0.058823529411764705	0.11764705882352941	0.058823529411764705	0.058823529411764705	0.11764705882352941	0.0	0.0	0.0	0.11764705882352941	0.11764705882352941	0.0	0.6646341463414634	0.18292682926829268	0.14634146341463414	0.006097560975609756	0.0	0.0	0.0	9.251667248271094	16.229994400963815	22.873	21.548000000000002	18.322	5.81343843208321	5.344585834185111	4.8200293287632325	0.007352941176470588	0.125	0.08823529411764706	0.13970588235294118	0.16176470588235295	0.29411764705882354	0.16176470588235295	0.022058823529411766	0.0	0.22058823529411764	3.5294117647058822	2.0896846668625426
RCSB-4UGR-6E5-KD:S2	RCSB-4UGR-6E5-KD	S2	construct-001-c5158f5b655d	c5158f5b655d67de07d6eb63e3de8d56dae628bbf9d60ddb27d479d5686cb629	O34453	4UGR	6E5	GPVRORSBZUBDJB-DQEYMECFSA-N	[H]/N=C(\Nc1cccc(COC[C@@H]2C[C@H](OCc3cccc(N/C(=N\[H])c4cccs4)c3)CN2)c1)c1cccs1	4.958607314841775	AF-O34453-F1	ec3ab1272d6f2a54586bc635a3c657af3fd2367d1c7a706c24d95b2825203683	1	A	4UGK	7S9	128;129;132;216;217;218;235;236;237;238;239;240;243;248;254;329;357	128;129;132;216;217;218;235;236;237;238;239;240;243;248;254;329;357		alphafold_db_predicted_fixed_per_construct	False	True	False	17.0	164.0	1.0	0.0	0.0	0.0	0.0	0.058823529411764705	0.058823529411764705	0.058823529411764705	0.058823529411764705	0.11764705882352941	0.0	0.0	0.058823529411764705	0.11764705882352941	0.058823529411764705	0.058823529411764705	0.11764705882352941	0.0	0.0	0.0	0.11764705882352941	0.11764705882352941	0.0	0.6646341463414634	0.18292682926829268	0.14634146341463414	0.006097560975609756	0.0	0.0	0.0	9.251667248271094	16.229994400963815	22.873	21.548000000000002	18.322	5.81343843208321	5.344585834185111	4.8200293287632325	0.007352941176470588	0.125	0.08823529411764706	0.13970588235294118	0.16176470588235295	0.29411764705882354	0.16176470588235295	0.022058823529411766	0.0	0.22058823529411764	3.5294117647058822	2.0896846668625426
RCSB-4UGA-Q05-KD:S2	RCSB-4UGA-Q05-KD	S2	construct-001-c5158f5b655d	c5158f5b655d67de07d6eb63e3de8d56dae628bbf9d60ddb27d479d5686cb629	O34453	4UGA	Q05	DDZKIKXHCIUETL-UHFFFAOYSA-N	Cc1cc(N)nc(COc2cccc(CNCCc3cccc(F)c3)c2)c1	4.214670164989233	AF-O34453-F1	ec3ab1272d6f2a54586bc635a3c657af3fd2367d1c7a706c24d95b2825203683	1	A	4UGK	7S9	128;129;132;216;217;218;235;236;237;238;239;240;243;248;254;329;357	128;129;132;216;217;218;235;236;237;238;239;240;243;248;254;329;357		alphafold_db_predicted_fixed_per_construct	False	True	False	17.0	164.0	1.0	0.0	0.0	0.0	0.0	0.058823529411764705	0.058823529411764705	0.058823529411764705	0.058823529411764705	0.11764705882352941	0.0	0.0	0.058823529411764705	0.11764705882352941	0.058823529411764705	0.058823529411764705	0.11764705882352941	0.0	0.0	0.0	0.11764705882352941	0.11764705882352941	0.0	0.6646341463414634	0.18292682926829268	0.14634146341463414	0.006097560975609756	0.0	0.0	0.0	9.251667248271094	16.229994400963815	22.873	21.548000000000002	18.322	5.81343843208321	5.344585834185111	4.8200293287632325	0.007352941176470588	0.125	0.08823529411764706	0.13970588235294118	0.16176470588235295	0.29411764705882354	0.16176470588235295	0.022058823529411766	0.0	0.22058823529411764	3.5294117647058822	2.0896846668625426
RCSB-4UG5-XFK-KD:S2	RCSB-4UG5-XFK-KD	S2	construct-001-c5158f5b655d	c5158f5b655d67de07d6eb63e3de8d56dae628bbf9d60ddb27d479d5686cb629	O34453	4UG5	XFK	RDXKSGCNYFTVRW-UHFFFAOYSA-N	Cc1cc(N)nc(CCc2cncc(CCc3cc(C)nc(N)c3)c2)c1	5.298432014944073	AF-O34453-F1	ec3ab1272d6f2a54586bc635a3c657af3fd2367d1c7a706c24d95b2825203683	1	A	4UGK	7S9	128;129;132;216;217;218;235;236;237;238;239;240;243;248;254;329;357	128;129;132;216;217;218;235;236;237;238;239;240;243;248;254;329;357		alphafold_db_predicted_fixed_per_construct	False	True	False	17.0	164.0	1.0	0.0	0.0	0.0	0.0	0.058823529411764705	0.058823529411764705	0.058823529411764705	0.058823529411764705	0.11764705882352941	0.0	0.0	0.058823529411764705	0.11764705882352941	0.058823529411764705	0.058823529411764705	0.11764705882352941	0.0	0.0	0.0	0.11764705882352941	0.11764705882352941	0.0	0.6646341463414634	0.18292682926829268	0.14634146341463414	0.006097560975609756	0.0	0.0	0.0	9.251667248271094	16.229994400963815	22.873	21.548000000000002	18.322	5.81343843208321	5.344585834185111	4.8200293287632325	0.007352941176470588	0.125	0.08823529411764706	0.13970588235294118	0.16176470588235295	0.29411764705882354	0.16176470588235295	0.022058823529411766	0.0	0.22058823529411764	3.5294117647058822	2.0896846668625426
RCSB-4UG6-XFJ-KD:S2	RCSB-4UG6-XFJ-KD	S2	construct-001-c5158f5b655d	c5158f5b655d67de07d6eb63e3de8d56dae628bbf9d60ddb27d479d5686cb629	O34453	4UG6	XFJ	KZHFSPGMRFCRCE-UHFFFAOYSA-N	Cc1cc(N)nc(CCc2cncc(CCc3cc(C)cc(N)n3)c2)c1	5.571865205971211	AF-O34453-F1	ec3ab1272d6f2a54586bc635a3c657af3fd2367d1c7a706c24d95b2825203683	1	A	4UGK	7S9	128;129;132;216;217;218;235;236;237;238;239;240;243;248;254;329;357	128;129;132;216;217;218;235;236;237;238;239;240;243;248;254;329;357		alphafold_db_predicted_fixed_per_construct	False	True	False	17.0	164.0	1.0	0.0	0.0	0.0	0.0	0.058823529411764705	0.058823529411764705	0.058823529411764705	0.058823529411764705	0.11764705882352941	0.0	0.0	0.058823529411764705	0.11764705882352941	0.058823529411764705	0.058823529411764705	0.11764705882352941	0.0	0.0	0.0	0.11764705882352941	0.11764705882352941	0.0	0.6646341463414634	0.18292682926829268	0.14634146341463414	0.006097560975609756	0.0	0.0	0.0	9.251667248271094	16.229994400963815	22.873	21.548000000000002	18.322	5.81343843208321	5.344585834185111	4.8200293287632325	0.007352941176470588	0.125	0.08823529411764706	0.13970588235294118	0.16176470588235295	0.29411764705882354	0.16176470588235295	0.022058823529411766	0.0	0.22058823529411764	3.5294117647058822	2.0896846668625426
RCSB-4UG8-HW1-KD:S2	RCSB-4UG8-HW1-KD	S2	construct-001-c5158f5b655d	c5158f5b655d67de07d6eb63e3de8d56dae628bbf9d60ddb27d479d5686cb629	O34453	4UG8	HW1	WKAYHKZPKWNKSL-XLIONFOSSA-N	Cc1cc(N)nc(CCCCCO[C@H]2CNC[C@H]2Cc2cc(C)cc(N)n2)c1	6.346787486224656	AF-O34453-F1	ec3ab1272d6f2a54586bc635a3c657af3fd2367d1c7a706c24d95b2825203683	1	A	4UGK	7S9	128;129;132;216;217;218;235;236;237;238;239;240;243;248;254;329;357	128;129;132;216;217;218;235;236;237;238;239;240;243;248;254;329;357		alphafold_db_predicted_fixed_per_construct	False	True	False	17.0	164.0	1.0	0.0	0.0	0.0	0.0	0.058823529411764705	0.058823529411764705	0.058823529411764705	0.058823529411764705	0.11764705882352941	0.0	0.0	0.058823529411764705	0.11764705882352941	0.058823529411764705	0.058823529411764705	0.11764705882352941	0.0	0.0	0.0	0.11764705882352941	0.11764705882352941	0.0	0.6646341463414634	0.18292682926829268	0.14634146341463414	0.006097560975609756	0.0	0.0	0.0	9.251667248271094	16.229994400963815	22.873	21.548000000000002	18.322	5.81343843208321	5.344585834185111	4.8200293287632325	0.007352941176470588	0.125	0.08823529411764706	0.13970588235294118	0.16176470588235295	0.29411764705882354	0.16176470588235295	0.022058823529411766	0.0	0.22058823529411764	3.5294117647058822	2.0896846668625426
RCSB-4UGS-H36-KD:S2	RCSB-4UGS-H36-KD	S2	construct-001-c5158f5b655d	c5158f5b655d67de07d6eb63e3de8d56dae628bbf9d60ddb27d479d5686cb629	O34453	4UGS	H36	FJVFGYSUSVNZDG-UHFFFAOYSA-N	[H]/N=C(\Nc1cccc(OCCOc2cccc(N/C(=N/[H])c3cccs3)c2)c1)c1cccs1	3.8961962790440428	AF-O34453-F1	ec3ab1272d6f2a54586bc635a3c657af3fd2367d1c7a706c24d95b2825203683	1	A	4UGK	7S9	128;129;132;216;217;218;235;236;237;238;239;240;243;248;254;329;357	128;129;132;216;217;218;235;236;237;238;239;240;243;248;254;329;357		alphafold_db_predicted_fixed_per_construct	False	True	False	17.0	164.0	1.0	0.0	0.0	0.0	0.0	0.058823529411764705	0.058823529411764705	0.058823529411764705	0.058823529411764705	0.11764705882352941	0.0	0.0	0.058823529411764705	0.11764705882352941	0.058823529411764705	0.058823529411764705	0.11764705882352941	0.0	0.0	0.0	0.11764705882352941	0.11764705882352941	0.0	0.6646341463414634	0.18292682926829268	0.14634146341463414	0.006097560975609756	0.0	0.0	0.0	9.251667248271094	16.229994400963815	22.873	21.548000000000002	18.322	5.81343843208321	5.344585834185111	4.8200293287632325	0.007352941176470588	0.125	0.08823529411764706	0.13970588235294118	0.16176470588235295	0.29411764705882354	0.16176470588235295	0.022058823529411766	0.0	0.22058823529411764	3.5294117647058822	2.0896846668625426
RCSB-4UGM-1QE-KD:S2	RCSB-4UGM-1QE-KD	S2	construct-001-c5158f5b655d	c5158f5b655d67de07d6eb63e3de8d56dae628bbf9d60ddb27d479d5686cb629	O34453	4UGM	1QE	MNMWXAHXXVXJBB-UHFFFAOYSA-N	[H]/N=C(\Nc1cccc(CCc2cccc(N/C(=N/[H])c3cccs3)c2)c1)c1cccs1	4.00436480540245	AF-O34453-F1	ec3ab1272d6f2a54586bc635a3c657af3fd2367d1c7a706c24d95b2825203683	1	A	4UGK	7S9	128;129;132;216;217;218;235;236;237;238;239;240;243;248;254;329;357	128;129;132;216;217;218;235;236;237;238;239;240;243;248;254;329;357		alphafold_db_predicted_fixed_per_construct	False	True	False	17.0	164.0	1.0	0.0	0.0	0.0	0.0	0.058823529411764705	0.058823529411764705	0.058823529411764705	0.058823529411764705	0.11764705882352941	0.0	0.0	0.058823529411764705	0.11764705882352941	0.058823529411764705	0.058823529411764705	0.11764705882352941	0.0	0.0	0.0	0.11764705882352941	0.11764705882352941	0.0	0.6646341463414634	0.18292682926829268	0.14634146341463414	0.006097560975609756	0.0	0.0	0.0	9.251667248271094	16.229994400963815	22.873	21.548000000000002	18.322	5.81343843208321	5.344585834185111	4.8200293287632325	0.007352941176470588	0.125	0.08823529411764706	0.13970588235294118	0.16176470588235295	0.29411764705882354	0.16176470588235295	0.022058823529411766	0.0	0.22058823529411764	3.5294117647058822	2.0896846668625426
RCSB-4UGI-SKO-KD:S2	RCSB-4UGI-SKO-KD	S2	construct-001-c5158f5b655d	c5158f5b655d67de07d6eb63e3de8d56dae628bbf9d60ddb27d479d5686cb629	O34453	4UGI	SKO	AVQUEPVPLWZPMB-UHFFFAOYSA-N	CNCCN(C)c1cccc(CCc2cc(C)cc(N)n2)n1	4.73754891026957	AF-O34453-F1	ec3ab1272d6f2a54586bc635a3c657af3fd2367d1c7a706c24d95b2825203683	1	A	4UGK	7S9	128;129;132;216;217;218;235;236;237;238;239;240;243;248;254;329;357	128;129;132;216;217;218;235;236;237;238;239;240;243;248;254;329;357		alphafold_db_predicted_fixed_per_construct	False	True	False	17.0	164.0	1.0	0.0	0.0	0.0	0.0	0.058823529411764705	0.058823529411764705	0.058823529411764705	0.058823529411764705	0.11764705882352941	0.0	0.0	0.058823529411764705	0.11764705882352941	0.058823529411764705	0.058823529411764705	0.11764705882352941	0.0	0.0	0.0	0.11764705882352941	0.11764705882352941	0.0	0.6646341463414634	0.18292682926829268	0.14634146341463414	0.006097560975609756	0.0	0.0	0.0	9.251667248271094	16.229994400963815	22.873	21.548000000000002	18.322	5.81343843208321	5.344585834185111	4.8200293287632325	0.007352941176470588	0.125	0.08823529411764706	0.13970588235294118	0.16176470588235295	0.29411764705882354	0.16176470588235295	0.022058823529411766	0.0	0.22058823529411764	3.5294117647058822	2.0896846668625426
RCSB-4UG7-1EV-KD:S2	RCSB-4UG7-1EV-KD	S2	construct-001-c5158f5b655d	c5158f5b655d67de07d6eb63e3de8d56dae628bbf9d60ddb27d479d5686cb629	O34453	4UG7	1EV	IXUSJKAERUMZME-UHFFFAOYSA-N	Cc1cc(N)nc(CCc2cc(C#N)cc(CCc3cc(C)cc(N)n3)c2)c1	5.349692476868063	AF-O34453-F1	ec3ab1272d6f2a54586bc635a3c657af3fd2367d1c7a706c24d95b2825203683	1	A	4UGK	7S9	128;129;132;216;217;218;235;236;237;238;239;240;243;248;254;329;357	128;129;132;216;217;218;235;236;237;238;239;240;243;248;254;329;357		alphafold_db_predicted_fixed_per_construct	False	True	False	17.0	164.0	1.0	0.0	0.0	0.0	0.0	0.058823529411764705	0.058823529411764705	0.058823529411764705	0.058823529411764705	0.11764705882352941	0.0	0.0	0.058823529411764705	0.11764705882352941	0.058823529411764705	0.058823529411764705	0.11764705882352941	0.0	0.0	0.0	0.11764705882352941	0.11764705882352941	0.0	0.6646341463414634	0.18292682926829268	0.14634146341463414	0.006097560975609756	0.0	0.0	0.0	9.251667248271094	16.229994400963815	22.873	21.548000000000002	18.322	5.81343843208321	5.344585834185111	4.8200293287632325	0.007352941176470588	0.125	0.08823529411764706	0.13970588235294118	0.16176470588235295	0.29411764705882354	0.16176470588235295	0.022058823529411766	0.0	0.22058823529411764	3.5294117647058822	2.0896846668625426
RCSB-4UGH-4V4-KD:S2	RCSB-4UGH-4V4-KD	S2	construct-001-c5158f5b655d	c5158f5b655d67de07d6eb63e3de8d56dae628bbf9d60ddb27d479d5686cb629	O34453	4UGH	4V4	MIKRWQRFDGLBCF-UHFFFAOYSA-N	CNCCN(C)c1cccc(CCc2cc(C)cc(N)n2)c1	4.297052753818444	AF-O34453-F1	ec3ab1272d6f2a54586bc635a3c657af3fd2367d1c7a706c24d95b2825203683	1	A	4UGK	7S9	128;129;132;216;217;218;235;236;237;238;239;240;243;248;254;329;357	128;129;132;216;217;218;235;236;237;238;239;240;243;248;254;329;357		alphafold_db_predicted_fixed_per_construct	False	True	False	17.0	164.0	1.0	0.0	0.0	0.0	0.0	0.058823529411764705	0.058823529411764705	0.058823529411764705	0.058823529411764705	0.11764705882352941	0.0	0.0	0.058823529411764705	0.11764705882352941	0.058823529411764705	0.058823529411764705	0.11764705882352941	0.0	0.0	0.0	0.11764705882352941	0.11764705882352941	0.0	0.6646341463414634	0.18292682926829268	0.14634146341463414	0.006097560975609756	0.0	0.0	0.0	9.251667248271094	16.229994400963815	22.873	21.548000000000002	18.322	5.81343843208321	5.344585834185111	4.8200293287632325	0.007352941176470588	0.125	0.08823529411764706	0.13970588235294118	0.16176470588235295	0.29411764705882354	0.16176470588235295	0.022058823529411766	0.0	0.22058823529411764	3.5294117647058822	2.0896846668625426
RCSB-4UGL-S90-KD:S2	RCSB-4UGL-S90-KD	S2	construct-001-c5158f5b655d	c5158f5b655d67de07d6eb63e3de8d56dae628bbf9d60ddb27d479d5686cb629	O34453	4UGL	S90	CZBLKBKVAIKTJH-UHFFFAOYSA-N	CNCCN(c1cc(F)cc(CCc2cc(C)cc(N)n2)c1)C1CC1	4.206628751081045	AF-O34453-F1	ec3ab1272d6f2a54586bc635a3c657af3fd2367d1c7a706c24d95b2825203683	1	A	4UGK	7S9	128;129;132;216;217;218;235;236;237;238;239;240;243;248;254;329;357	128;129;132;216;217;218;235;236;237;238;239;240;243;248;254;329;357		alphafold_db_predicted_fixed_per_construct	False	True	False	17.0	164.0	1.0	0.0	0.0	0.0	0.0	0.058823529411764705	0.058823529411764705	0.058823529411764705	0.058823529411764705	0.11764705882352941	0.0	0.0	0.058823529411764705	0.11764705882352941	0.058823529411764705	0.058823529411764705	0.11764705882352941	0.0	0.0	0.0	0.11764705882352941	0.11764705882352941	0.0	0.6646341463414634	0.18292682926829268	0.14634146341463414	0.006097560975609756	0.0	0.0	0.0	9.251667248271094	16.229994400963815	22.873	21.548000000000002	18.322	5.81343843208321	5.344585834185111	4.8200293287632325	0.007352941176470588	0.125	0.08823529411764706	0.13970588235294118	0.16176470588235295	0.29411764705882354	0.16176470588235295	0.022058823529411766	0.0	0.22058823529411764	3.5294117647058822	2.0896846668625426
RCSB-4UGD-Q14-KD:S2	RCSB-4UGD-Q14-KD	S2	construct-001-c5158f5b655d	c5158f5b655d67de07d6eb63e3de8d56dae628bbf9d60ddb27d479d5686cb629	O34453	4UGD	Q14	ZLWWYKPNQBCOKF-INIZCTEOSA-N	Cc1cc(N)nc(COCC[C@@H](CN)OCc2cc(C)cc(N)n2)c1	4.421360790031928	AF-O34453-F1	ec3ab1272d6f2a54586bc635a3c657af3fd2367d1c7a706c24d95b2825203683	1	A	4UGK	7S9	128;129;132;216;217;218;235;236;237;238;239;240;243;248;254;329;357	128;129;132;216;217;218;235;236;237;238;239;240;243;248;254;329;357		alphafold_db_predicted_fixed_per_construct	False	True	False	17.0	164.0	1.0	0.0	0.0	0.0	0.0	0.058823529411764705	0.058823529411764705	0.058823529411764705	0.058823529411764705	0.11764705882352941	0.0	0.0	0.058823529411764705	0.11764705882352941	0.058823529411764705	0.058823529411764705	0.11764705882352941	0.0	0.0	0.0	0.11764705882352941	0.11764705882352941	0.0	0.6646341463414634	0.18292682926829268	0.14634146341463414	0.006097560975609756	0.0	0.0	0.0	9.251667248271094	16.229994400963815	22.873	21.548000000000002	18.322	5.81343843208321	5.344585834185111	4.8200293287632325	0.007352941176470588	0.125	0.08823529411764706	0.13970588235294118	0.16176470588235295	0.29411764705882354	0.16176470588235295	0.022058823529411766	0.0	0.22058823529411764	3.5294117647058822	2.0896846668625426
RCSB-4UGG-S5D-KD:S2	RCSB-4UGG-S5D-KD	S2	construct-001-c5158f5b655d	c5158f5b655d67de07d6eb63e3de8d56dae628bbf9d60ddb27d479d5686cb629	O34453	4UGG	S5D	HPGDXHOKQNTRIC-HXUWFJFHSA-N	Cc1cc(N)nc(CCc2cccc([C@H](N)Cc3cc(C)cc(N)n3)c2)c1	4.59176003468815	AF-O34453-F1	ec3ab1272d6f2a54586bc635a3c657af3fd2367d1c7a706c24d95b2825203683	1	A	4UGK	7S9	128;129;132;216;217;218;235;236;237;238;239;240;243;248;254;329;357	128;129;132;216;217;218;235;236;237;238;239;240;243;248;254;329;357		alphafold_db_predicted_fixed_per_construct	False	True	False	17.0	164.0	1.0	0.0	0.0	0.0	0.0	0.058823529411764705	0.058823529411764705	0.058823529411764705	0.058823529411764705	0.11764705882352941	0.0	0.0	0.058823529411764705	0.11764705882352941	0.058823529411764705	0.058823529411764705	0.11764705882352941	0.0	0.0	0.0	0.11764705882352941	0.11764705882352941	0.0	0.6646341463414634	0.18292682926829268	0.14634146341463414	0.006097560975609756	0.0	0.0	0.0	9.251667248271094	16.229994400963815	22.873	21.548000000000002	18.322	5.81343843208321	5.344585834185111	4.8200293287632325	0.007352941176470588	0.125	0.08823529411764706	0.13970588235294118	0.16176470588235295	0.29411764705882354	0.16176470588235295	0.022058823529411766	0.0	0.22058823529411764	3.5294117647058822	2.0896846668625426
RCSB-4UG9-1EW-KD:S2	RCSB-4UG9-1EW-KD	S2	construct-001-c5158f5b655d	c5158f5b655d67de07d6eb63e3de8d56dae628bbf9d60ddb27d479d5686cb629	O34453	4UG9	1EW	KSYDDSWEHNSQGZ-UHFFFAOYSA-N	Cc1cc(N)nc(CCc2ccc(CCCN)c(CCc3cc(C)cc(N)n3)c2)c1	5.064996848546345	AF-O34453-F1	ec3ab1272d6f2a54586bc635a3c657af3fd2367d1c7a706c24d95b2825203683	1	A	4UGK	7S9	128;129;132;216;217;218;235;236;237;238;239;240;243;248;254;329;357	128;129;132;216;217;218;235;236;237;238;239;240;243;248;254;329;357		alphafold_db_predicted_fixed_per_construct	False	True	False	17.0	164.0	1.0	0.0	0.0	0.0	0.0	0.058823529411764705	0.058823529411764705	0.058823529411764705	0.058823529411764705	0.11764705882352941	0.0	0.0	0.058823529411764705	0.11764705882352941	0.058823529411764705	0.058823529411764705	0.11764705882352941	0.0	0.0	0.0	0.11764705882352941	0.11764705882352941	0.0	0.6646341463414634	0.18292682926829268	0.14634146341463414	0.006097560975609756	0.0	0.0	0.0	9.251667248271094	16.229994400963815	22.873	21.548000000000002	18.322	5.81343843208321	5.344585834185111	4.8200293287632325	0.007352941176470588	0.125	0.08823529411764706	0.13970588235294118	0.16176470588235295	0.29411764705882354	0.16176470588235295	0.022058823529411766	0.0	0.22058823529411764	3.5294117647058822	2.0896846668625426
RCSB-4UGC-1Q6-KD:S2	RCSB-4UGC-1Q6-KD	S2	construct-001-c5158f5b655d	c5158f5b655d67de07d6eb63e3de8d56dae628bbf9d60ddb27d479d5686cb629	O34453	4UGC	1Q6	FVCUZJIKIIWHJD-HNNXBMFYSA-N	Cc1cc(N)nc(COC[C@H](CN)OCc2cc(C)cc(N)n2)c1	4.728158393463501	AF-O34453-F1	ec3ab1272d6f2a54586bc635a3c657af3fd2367d1c7a706c24d95b2825203683	1	A	4UGK	7S9	128;129;132;216;217;218;235;236;237;238;239;240;243;248;254;329;357	128;129;132;216;217;218;235;236;237;238;239;240;243;248;254;329;357		alphafold_db_predicted_fixed_per_construct	False	True	False	17.0	164.0	1.0	0.0	0.0	0.0	0.0	0.058823529411764705	0.058823529411764705	0.058823529411764705	0.058823529411764705	0.11764705882352941	0.0	0.0	0.058823529411764705	0.11764705882352941	0.058823529411764705	0.058823529411764705	0.11764705882352941	0.0	0.0	0.0	0.11764705882352941	0.11764705882352941	0.0	0.6646341463414634	0.18292682926829268	0.14634146341463414	0.006097560975609756	0.0	0.0	0.0	9.251667248271094	16.229994400963815	22.873	21.548000000000002	18.322	5.81343843208321	5.344585834185111	4.8200293287632325	0.007352941176470588	0.125	0.08823529411764706	0.13970588235294118	0.16176470588235295	0.29411764705882354	0.16176470588235295	0.022058823529411766	0.0	0.22058823529411764	3.5294117647058822	2.0896846668625426
RCSB-4UGO-1QF-KD:S2	RCSB-4UGO-1QF-KD	S2	construct-001-c5158f5b655d	c5158f5b655d67de07d6eb63e3de8d56dae628bbf9d60ddb27d479d5686cb629	O34453	4UGO	1QF	ZAOJVZLLICOZMJ-UHFFFAOYSA-N	[H]/N=C(/Nc1ccc(CCN(CC)Cc2cccc(N/C(=N/[H])c3cccs3)c2)cc1)c1cccs1	4.205511953340831	AF-O34453-F1	ec3ab1272d6f2a54586bc635a3c657af3fd2367d1c7a706c24d95b2825203683	1	A	4UGK	7S9	128;129;132;216;217;218;235;236;237;238;239;240;243;248;254;329;357	128;129;132;216;217;218;235;236;237;238;239;240;243;248;254;329;357		alphafold_db_predicted_fixed_per_construct	False	True	False	17.0	164.0	1.0	0.0	0.0	0.0	0.0	0.058823529411764705	0.058823529411764705	0.058823529411764705	0.058823529411764705	0.11764705882352941	0.0	0.0	0.058823529411764705	0.11764705882352941	0.058823529411764705	0.058823529411764705	0.11764705882352941	0.0	0.0	0.0	0.11764705882352941	0.11764705882352941	0.0	0.6646341463414634	0.18292682926829268	0.14634146341463414	0.006097560975609756	0.0	0.0	0.0	9.251667248271094	16.229994400963815	22.873	21.548000000000002	18.322	5.81343843208321	5.344585834185111	4.8200293287632325	0.007352941176470588	0.125	0.08823529411764706	0.13970588235294118	0.16176470588235295	0.29411764705882354	0.16176470588235295	0.022058823529411766	0.0	0.22058823529411764	3.5294117647058822	2.0896846668625426
RCSB-4UGB-QJ7-KD:S2	RCSB-4UGB-QJ7-KD	S2	construct-001-c5158f5b655d	c5158f5b655d67de07d6eb63e3de8d56dae628bbf9d60ddb27d479d5686cb629	O34453	4UGB	QJ7	IGLNPZZNPBQOMM-UHFFFAOYSA-N	Cc1cc(N)nc(COc2cncc(CNCCc3cccc(F)c3)c2)c1	3.6252516539898965	AF-O34453-F1	ec3ab1272d6f2a54586bc635a3c657af3fd2367d1c7a706c24d95b2825203683	1	A	4UGK	7S9	128;129;132;216;217;218;235;236;237;238;239;240;243;248;254;329;357	128;129;132;216;217;218;235;236;237;238;239;240;243;248;254;329;357		alphafold_db_predicted_fixed_per_construct	False	True	False	17.0	164.0	1.0	0.0	0.0	0.0	0.0	0.058823529411764705	0.058823529411764705	0.058823529411764705	0.058823529411764705	0.11764705882352941	0.0	0.0	0.058823529411764705	0.11764705882352941	0.058823529411764705	0.058823529411764705	0.11764705882352941	0.0	0.0	0.0	0.11764705882352941	0.11764705882352941	0.0	0.6646341463414634	0.18292682926829268	0.14634146341463414	0.006097560975609756	0.0	0.0	0.0	9.251667248271094	16.229994400963815	22.873	21.548000000000002	18.322	5.81343843208321	5.344585834185111	4.8200293287632325	0.007352941176470588	0.125	0.08823529411764706	0.13970588235294118	0.16176470588235295	0.29411764705882354	0.16176470588235295	0.022058823529411766	0.0	0.22058823529411764	3.5294117647058822	2.0896846668625426
RCSB-4UGN-H49-KD:S2	RCSB-4UGN-H49-KD	S2	construct-001-c5158f5b655d	c5158f5b655d67de07d6eb63e3de8d56dae628bbf9d60ddb27d479d5686cb629	O34453	4UGN	H49	MRTCFHYZEYSLIF-HNNXBMFYSA-N	N=C(Nc1cccc(CNC[C@@H]2CCCN2)c1)c1cccs1	4.749579997691106	AF-O34453-F1	ec3ab1272d6f2a54586bc635a3c657af3fd2367d1c7a706c24d95b2825203683	1	A	4UGK	7S9	128;129;132;216;217;218;235;236;237;238;239;240;243;248;254;329;357	128;129;132;216;217;218;235;236;237;238;239;240;243;248;254;329;357		alphafold_db_predicted_fixed_per_construct	False	True	False	17.0	164.0	1.0	0.0	0.0	0.0	0.0	0.058823529411764705	0.058823529411764705	0.058823529411764705	0.058823529411764705	0.11764705882352941	0.0	0.0	0.058823529411764705	0.11764705882352941	0.058823529411764705	0.058823529411764705	0.11764705882352941	0.0	0.0	0.0	0.11764705882352941	0.11764705882352941	0.0	0.6646341463414634	0.18292682926829268	0.14634146341463414	0.006097560975609756	0.0	0.0	0.0	9.251667248271094	16.229994400963815	22.873	21.548000000000002	18.322	5.81343843208321	5.344585834185111	4.8200293287632325	0.007352941176470588	0.125	0.08823529411764706	0.13970588235294118	0.16176470588235295	0.29411764705882354	0.16176470588235295	0.022058823529411766	0.0	0.22058823529411764	3.5294117647058822	2.0896846668625426
RCSB-5MYG-LS8-KD:S2	RCSB-5MYG-LS8-KD	S2	construct-002-cb5cf2af5e4a	cb5cf2af5e4a32c1730465cc84d1a4fc938ebaf2c2deaea72f5d7152c64279e9	P55201	5MYG	LS8	UEMQPCYDWCSVCU-UHFFFAOYSA-N	COc1cc(C#N)ccc1S(=O)(=O)Nc1ccc2c(c1)cc(C)c(=O)n2C	7.508638306165727	AF-P55201-F1	856d5172c9c5c0fe58f0bf6338e07bddd4e4fb54b59d55fbeac9fe1fbe1958fd	1	A	5ETB	5RO	652;653;657;658;661;662;665;700;703;704;707;708;714	652;653;657;658;661;662;665;700;703;704;707;708;714		alphafold_db_predicted_fixed_per_construct	False	True	False	13.0	114.0	1.0	0.0	0.0	0.07692307692307693	0.0	0.07692307692307693	0.15384615384615385	0.0	0.0	0.15384615384615385	0.0	0.0	0.0	0.15384615384615385	0.07692307692307693	0.0	0.0	0.0	0.0	0.15384615384615385	0.0	0.15384615384615385	0.0	0.6929824561403509	0.13157894736842105	0.16666666666666666	0.008771929824561403	0.0	0.0	0.0	7.474013281271596	11.332399251910836	18.048000000000002	16.680999999999997	16.627000000000002	5.17630481066836	4.143312647138539	3.4495946636869697	0.02564102564102564	0.14102564102564102	0.14102564102564102	0.16666666666666666	0.20512820512820512	0.2948717948717949	0.02564102564102564	0.0	0.0	0.3076923076923077	3.6923076923076925	1.065877420042386
RCSB-5EWH-5SG-KD:S2	RCSB-5EWH-5SG-KD	S2	construct-002-cb5cf2af5e4a	cb5cf2af5e4a32c1730465cc84d1a4fc938ebaf2c2deaea72f5d7152c64279e9	P55201	5EWH	5SG	CSNXUYRHPXGSJD-UHFFFAOYSA-N	Oc1cccc2cnccc12	3.769551078621726	AF-P55201-F1	856d5172c9c5c0fe58f0bf6338e07bddd4e4fb54b59d55fbeac9fe1fbe1958fd	1	A	5ETB	5RO	652;653;657;658;661;662;665;700;703;704;707;708;714	652;653;657;658;661;662;665;700;703;704;707;708;714		alphafold_db_predicted_fixed_per_construct	False	True	False	13.0	114.0	1.0	0.0	0.0	0.07692307692307693	0.0	0.07692307692307693	0.15384615384615385	0.0	0.0	0.15384615384615385	0.0	0.0	0.0	0.15384615384615385	0.07692307692307693	0.0	0.0	0.0	0.0	0.15384615384615385	0.0	0.15384615384615385	0.0	0.6929824561403509	0.13157894736842105	0.16666666666666666	0.008771929824561403	0.0	0.0	0.0	7.474013281271596	11.332399251910836	18.048000000000002	16.680999999999997	16.627000000000002	5.17630481066836	4.143312647138539	3.4495946636869697	0.02564102564102564	0.14102564102564102	0.14102564102564102	0.16666666666666666	0.20512820512820512	0.2948717948717949	0.02564102564102564	0.0	0.0	0.3076923076923077	3.6923076923076925	1.065877420042386
RCSB-5C85-4YO-KD:S2	RCSB-5C85-4YO-KD	S2	construct-002-cb5cf2af5e4a	cb5cf2af5e4a32c1730465cc84d1a4fc938ebaf2c2deaea72f5d7152c64279e9	P55201	5C85	4YO	AFHCUZXZHPMRQJ-UHFFFAOYSA-N	O=C1CNc2cc(Br)ccc2N1	3.9788107009300617	AF-P55201-F1	856d5172c9c5c0fe58f0bf6338e07bddd4e4fb54b59d55fbeac9fe1fbe1958fd	1	A	5ETB	5RO	652;653;657;658;661;662;665;700;703;704;707;708;714	652;653;657;658;661;662;665;700;703;704;707;708;714		alphafold_db_predicted_fixed_per_construct	False	True	False	13.0	114.0	1.0	0.0	0.0	0.07692307692307693	0.0	0.07692307692307693	0.15384615384615385	0.0	0.0	0.15384615384615385	0.0	0.0	0.0	0.15384615384615385	0.07692307692307693	0.0	0.0	0.0	0.0	0.15384615384615385	0.0	0.15384615384615385	0.0	0.6929824561403509	0.13157894736842105	0.16666666666666666	0.008771929824561403	0.0	0.0	0.0	7.474013281271596	11.332399251910836	18.048000000000002	16.680999999999997	16.627000000000002	5.17630481066836	4.143312647138539	3.4495946636869697	0.02564102564102564	0.14102564102564102	0.14102564102564102	0.16666666666666666	0.20512820512820512	0.2948717948717949	0.02564102564102564	0.0	0.0	0.3076923076923077	3.6923076923076925	1.065877420042386
RCSB-5O4S-9KW-KD:S2	RCSB-5O4S-9KW-KD	S2	construct-002-cb5cf2af5e4a	cb5cf2af5e4a32c1730465cc84d1a4fc938ebaf2c2deaea72f5d7152c64279e9	P55201	5O4S	9KW	HKFDPIBCGYGLOO-UHFFFAOYSA-N	Cn1c(=O)c(=O)n(C)c2cc(N3CCOCC3)c(NS(=O)(=O)c3ccc4c(c3)CCCC4)cc21	5.6020599913279625	AF-P55201-F1	856d5172c9c5c0fe58f0bf6338e07bddd4e4fb54b59d55fbeac9fe1fbe1958fd	1	A	5ETB	5RO	652;653;657;658;661;662;665;700;703;704;707;708;714	652;653;657;658;661;662;665;700;703;704;707;708;714		alphafold_db_predicted_fixed_per_construct	False	True	False	13.0	114.0	1.0	0.0	0.0	0.07692307692307693	0.0	0.07692307692307693	0.15384615384615385	0.0	0.0	0.15384615384615385	0.0	0.0	0.0	0.15384615384615385	0.07692307692307693	0.0	0.0	0.0	0.0	0.15384615384615385	0.0	0.15384615384615385	0.0	0.6929824561403509	0.13157894736842105	0.16666666666666666	0.008771929824561403	0.0	0.0	0.0	7.474013281271596	11.332399251910836	18.048000000000002	16.680999999999997	16.627000000000002	5.17630481066836	4.143312647138539	3.4495946636869697	0.02564102564102564	0.14102564102564102	0.14102564102564102	0.16666666666666666	0.20512820512820512	0.2948717948717949	0.02564102564102564	0.0	0.0	0.3076923076923077	3.6923076923076925	1.065877420042386
RCSB-5EPR-5QY-KD:S2	RCSB-5EPR-5QY-KD	S2	construct-002-cb5cf2af5e4a	cb5cf2af5e4a32c1730465cc84d1a4fc938ebaf2c2deaea72f5d7152c64279e9	P55201	5EPR	5QY	BEAJCHFCYQOFGS-LURJTMIESA-N	C[C@@H]1Nc2ccccc2NC1=O	4.040958607678906	AF-P55201-F1	856d5172c9c5c0fe58f0bf6338e07bddd4e4fb54b59d55fbeac9fe1fbe1958fd	1	A	5ETB	5RO	652;653;657;658;661;662;665;700;703;704;707;708;714	652;653;657;658;661;662;665;700;703;704;707;708;714		alphafold_db_predicted_fixed_per_construct	False	True	False	13.0	114.0	1.0	0.0	0.0	0.07692307692307693	0.0	0.07692307692307693	0.15384615384615385	0.0	0.0	0.15384615384615385	0.0	0.0	0.0	0.15384615384615385	0.07692307692307693	0.0	0.0	0.0	0.0	0.15384615384615385	0.0	0.15384615384615385	0.0	0.6929824561403509	0.13157894736842105	0.16666666666666666	0.008771929824561403	0.0	0.0	0.0	7.474013281271596	11.332399251910836	18.048000000000002	16.680999999999997	16.627000000000002	5.17630481066836	4.143312647138539	3.4495946636869697	0.02564102564102564	0.14102564102564102	0.14102564102564102	0.16666666666666666	0.20512820512820512	0.2948717948717949	0.02564102564102564	0.0	0.0	0.3076923076923077	3.6923076923076925	1.065877420042386
RCSB-5OV8-AXN-KD:S2	RCSB-5OV8-AXN-KD	S2	construct-002-cb5cf2af5e4a	cb5cf2af5e4a32c1730465cc84d1a4fc938ebaf2c2deaea72f5d7152c64279e9	P55201	5OV8	AXN	SSZHAOLXDMZGQV-UHFFFAOYSA-N	CC(C)Cc1ccc(S(=O)(=O)Nc2cc3c(cc2N2CCCC2)n(C)c(=O)c(=O)n3C)cc1	4.7447274948966935	AF-P55201-F1	856d5172c9c5c0fe58f0bf6338e07bddd4e4fb54b59d55fbeac9fe1fbe1958fd	1	A	5ETB	5RO	652;653;657;658;661;662;665;700;703;704;707;708;714	652;653;657;658;661;662;665;700;703;704;707;708;714		alphafold_db_predicted_fixed_per_construct	False	True	False	13.0	114.0	1.0	0.0	0.0	0.07692307692307693	0.0	0.07692307692307693	0.15384615384615385	0.0	0.0	0.15384615384615385	0.0	0.0	0.0	0.15384615384615385	0.07692307692307693	0.0	0.0	0.0	0.0	0.15384615384615385	0.0	0.15384615384615385	0.0	0.6929824561403509	0.13157894736842105	0.16666666666666666	0.008771929824561403	0.0	0.0	0.0	7.474013281271596	11.332399251910836	18.048000000000002	16.680999999999997	16.627000000000002	5.17630481066836	4.143312647138539	3.4495946636869697	0.02564102564102564	0.14102564102564102	0.14102564102564102	0.16666666666666666	0.20512820512820512	0.2948717948717949	0.02564102564102564	0.0	0.0	0.3076923076923077	3.6923076923076925	1.065877420042386
RCSB-5O55-9L5-KD:S2	RCSB-5O55-9L5-KD	S2	construct-002-cb5cf2af5e4a	cb5cf2af5e4a32c1730465cc84d1a4fc938ebaf2c2deaea72f5d7152c64279e9	P55201	5O55	9L5	ZHMKNBFQCHDNKP-NSHDSACASA-N	CCn1c(=O)c(C)nc2cc(C(=O)N[C@@H](C)c3cnn(C)c3C)ccc21	4.698970004336019	AF-P55201-F1	856d5172c9c5c0fe58f0bf6338e07bddd4e4fb54b59d55fbeac9fe1fbe1958fd	1	A	5ETB	5RO	652;653;657;658;661;662;665;700;703;704;707;708;714	652;653;657;658;661;662;665;700;703;704;707;708;714		alphafold_db_predicted_fixed_per_construct	False	True	False	13.0	114.0	1.0	0.0	0.0	0.07692307692307693	0.0	0.07692307692307693	0.15384615384615385	0.0	0.0	0.15384615384615385	0.0	0.0	0.0	0.15384615384615385	0.07692307692307693	0.0	0.0	0.0	0.0	0.15384615384615385	0.0	0.15384615384615385	0.0	0.6929824561403509	0.13157894736842105	0.16666666666666666	0.008771929824561403	0.0	0.0	0.0	7.474013281271596	11.332399251910836	18.048000000000002	16.680999999999997	16.627000000000002	5.17630481066836	4.143312647138539	3.4495946636869697	0.02564102564102564	0.14102564102564102	0.14102564102564102	0.16666666666666666	0.20512820512820512	0.2948717948717949	0.02564102564102564	0.0	0.0	0.3076923076923077	3.6923076923076925	1.065877420042386
RCSB-5D7X-XZ8-KD:S2	RCSB-5D7X-XZ8-KD	S2	construct-002-cb5cf2af5e4a	cb5cf2af5e4a32c1730465cc84d1a4fc938ebaf2c2deaea72f5d7152c64279e9	P55201	5D7X	XZ8	HCHHWOYUIPSLJH-UHFFFAOYSA-N	CC(=O)n1cc(-c2c(C)[nH][nH]c2=O)c2ccccc21	4.823908740944319	AF-P55201-F1	856d5172c9c5c0fe58f0bf6338e07bddd4e4fb54b59d55fbeac9fe1fbe1958fd	1	A	5ETB	5RO	652;653;657;658;661;662;665;700;703;704;707;708;714	652;653;657;658;661;662;665;700;703;704;707;708;714		alphafold_db_predicted_fixed_per_construct	False	True	False	13.0	114.0	1.0	0.0	0.0	0.07692307692307693	0.0	0.07692307692307693	0.15384615384615385	0.0	0.0	0.15384615384615385	0.0	0.0	0.0	0.15384615384615385	0.07692307692307693	0.0	0.0	0.0	0.0	0.15384615384615385	0.0	0.15384615384615385	0.0	0.6929824561403509	0.13157894736842105	0.16666666666666666	0.008771929824561403	0.0	0.0	0.0	7.474013281271596	11.332399251910836	18.048000000000002	16.680999999999997	16.627000000000002	5.17630481066836	4.143312647138539	3.4495946636869697	0.02564102564102564	0.14102564102564102	0.14102564102564102	0.16666666666666666	0.20512820512820512	0.2948717948717949	0.02564102564102564	0.0	0.0	0.3076923076923077	3.6923076923076925	1.065877420042386
RCSB-5O5A-9LN-KD:S2	RCSB-5O5A-9LN-KD	S2	construct-002-cb5cf2af5e4a	cb5cf2af5e4a32c1730465cc84d1a4fc938ebaf2c2deaea72f5d7152c64279e9	P55201	5O5A	9LN	WOECCYJDFDPEPV-UHFFFAOYSA-N	CCn1c(=O)c(=O)[nH]c2cc(C(=O)N(C)Cc3cnn(-c4ccccc4)c3)ccc21	4.769551078621726	AF-P55201-F1	856d5172c9c5c0fe58f0bf6338e07bddd4e4fb54b59d55fbeac9fe1fbe1958fd	1	A	5ETB	5RO	652;653;657;658;661;662;665;700;703;704;707;708;714	652;653;657;658;661;662;665;700;703;704;707;708;714		alphafold_db_predicted_fixed_per_construct	False	True	False	13.0	114.0	1.0	0.0	0.0	0.07692307692307693	0.0	0.07692307692307693	0.15384615384615385	0.0	0.0	0.15384615384615385	0.0	0.0	0.0	0.15384615384615385	0.07692307692307693	0.0	0.0	0.0	0.0	0.15384615384615385	0.0	0.15384615384615385	0.0	0.6929824561403509	0.13157894736842105	0.16666666666666666	0.008771929824561403	0.0	0.0	0.0	7.474013281271596	11.332399251910836	18.048000000000002	16.680999999999997	16.627000000000002	5.17630481066836	4.143312647138539	3.4495946636869697	0.02564102564102564	0.14102564102564102	0.14102564102564102	0.16666666666666666	0.20512820512820512	0.2948717948717949	0.02564102564102564	0.0	0.0	0.3076923076923077	3.6923076923076925	1.065877420042386
RCSB-5EPS-5QX-KD:S2	RCSB-5EPS-5QX-KD	S2	construct-002-cb5cf2af5e4a	cb5cf2af5e4a32c1730465cc84d1a4fc938ebaf2c2deaea72f5d7152c64279e9	P55201	5EPS	5QX	JFWAVAHCZRTHLM-UHFFFAOYSA-N	CN1C(=O)CNc2ccccc21	4.42021640338319	AF-P55201-F1	856d5172c9c5c0fe58f0bf6338e07bddd4e4fb54b59d55fbeac9fe1fbe1958fd	1	A	5ETB	5RO	652;653;657;658;661;662;665;700;703;704;707;708;714	652;653;657;658;661;662;665;700;703;704;707;708;714		alphafold_db_predicted_fixed_per_construct	False	True	False	13.0	114.0	1.0	0.0	0.0	0.07692307692307693	0.0	0.07692307692307693	0.15384615384615385	0.0	0.0	0.15384615384615385	0.0	0.0	0.0	0.15384615384615385	0.07692307692307693	0.0	0.0	0.0	0.0	0.15384615384615385	0.0	0.15384615384615385	0.0	0.6929824561403509	0.13157894736842105	0.16666666666666666	0.008771929824561403	0.0	0.0	0.0	7.474013281271596	11.332399251910836	18.048000000000002	16.680999999999997	16.627000000000002	5.17630481066836	4.143312647138539	3.4495946636869697	0.02564102564102564	0.14102564102564102	0.14102564102564102	0.16666666666666666	0.20512820512820512	0.2948717948717949	0.02564102564102564	0.0	0.0	0.3076923076923077	3.6923076923076925	1.065877420042386
RCSB-4O76-1M3-KD:S2	RCSB-4O76-1M3-KD	S2	construct-003-fbf3f5c695a3	fbf3f5c695a3b8c47960f7f87595ade0ba42d8f497f2c0c835fe377069f49978	O60885	4O76	1M3	JVDOKQYTTYUYDV-UHFFFAOYSA-N	Cc1cnc(Nc2ccc(N3CCN(C)CC3)cc2)nc1Nc1cccc(S(=O)(=O)NC(C)(C)C)c1	6.910094888560602	AF-O60885-F1	326addfc05f8e0327dd7db8252a087e675c6b4c2757e893bf0516187e82c18b0	1	A	4E96	0NS	81;82;83;87;92;94;97;132;135;136;139;140;145;146;149	81;82;83;87;92;94;97;132;135;136;139;140;145;146;149		alphafold_db_predicted_fixed_per_construct	False	True	False	15.0	133.0	1.0	0.0	0.0	0.06666666666666667	0.06666666666666667	0.0	0.06666666666666667	0.0	0.0	0.06666666666666667	0.0	0.13333333333333333	0.13333333333333333	0.13333333333333333	0.06666666666666667	0.0	0.0	0.0	0.0	0.06666666666666667	0.06666666666666667	0.13333333333333333	0.0	0.6842105263157895	0.13533834586466165	0.15789473684210525	0.022556390977443608	0.0	0.0	0.0	7.963477281688241	11.96913031955922	19.651000000000003	17.052	16.194	5.565611486586605	4.204504678634741	3.8422753159656007	0.01904761904761905	0.08571428571428572	0.1619047619047619	0.1619047619047619	0.22857142857142856	0.29523809523809524	0.047619047619047616	0.0	0.0	0.26666666666666666	3.7333333333333334	1.1234866364235145
RCSB-7MRA-ZMJ-KD:S2	RCSB-7MRA-ZMJ-KD	S2	construct-003-fbf3f5c695a3	fbf3f5c695a3b8c47960f7f87595ade0ba42d8f497f2c0c835fe377069f49978	O60885	7MRA	ZMJ	QIEVBHRUPLMWFP-UHFFFAOYSA-N	CCS(=O)(=O)Nc1cccc(-c2cn(C)c(=O)c3ccccc23)c1	7.086186147616283	AF-O60885-F1	326addfc05f8e0327dd7db8252a087e675c6b4c2757e893bf0516187e82c18b0	1	A	4E96	0NS	81;82;83;87;92;94;97;132;135;136;139;140;145;146;149	81;82;83;87;92;94;97;132;135;136;139;140;145;146;149		alphafold_db_predicted_fixed_per_construct	False	True	False	15.0	133.0	1.0	0.0	0.0	0.06666666666666667	0.06666666666666667	0.0	0.06666666666666667	0.0	0.0	0.06666666666666667	0.0	0.13333333333333333	0.13333333333333333	0.13333333333333333	0.06666666666666667	0.0	0.0	0.0	0.0	0.06666666666666667	0.06666666666666667	0.13333333333333333	0.0	0.6842105263157895	0.13533834586466165	0.15789473684210525	0.022556390977443608	0.0	0.0	0.0	7.963477281688241	11.96913031955922	19.651000000000003	17.052	16.194	5.565611486586605	4.204504678634741	3.8422753159656007	0.01904761904761905	0.08571428571428572	0.1619047619047619	0.1619047619047619	0.22857142857142856	0.29523809523809524	0.047619047619047616	0.0	0.0	0.26666666666666666	3.7333333333333334	1.1234866364235145
RCSB-5D26-L28-KD:S2	RCSB-5D26-L28-KD	S2	construct-003-fbf3f5c695a3	fbf3f5c695a3b8c47960f7f87595ade0ba42d8f497f2c0c835fe377069f49978	O60885	5D26	L28	BXFSSYQFFSWQEA-UHFFFAOYSA-N	CCc1c(C(=O)Nc2cc(S(=O)(=O)N(CC)CC)ccc2O)[nH]c(C)c1C(N)=O	6.0915149811213505	AF-O60885-F1	326addfc05f8e0327dd7db8252a087e675c6b4c2757e893bf0516187e82c18b0	1	A	4E96	0NS	81;82;83;87;92;94;97;132;135;136;139;140;145;146;149	81;82;83;87;92;94;97;132;135;136;139;140;145;146;149		alphafold_db_predicted_fixed_per_construct	False	True	False	15.0	133.0	1.0	0.0	0.0	0.06666666666666667	0.06666666666666667	0.0	0.06666666666666667	0.0	0.0	0.06666666666666667	0.0	0.13333333333333333	0.13333333333333333	0.13333333333333333	0.06666666666666667	0.0	0.0	0.0	0.0	0.06666666666666667	0.06666666666666667	0.13333333333333333	0.0	0.6842105263157895	0.13533834586466165	0.15789473684210525	0.022556390977443608	0.0	0.0	0.0	7.963477281688241	11.96913031955922	19.651000000000003	17.052	16.194	5.565611486586605	4.204504678634741	3.8422753159656007	0.01904761904761905	0.08571428571428572	0.1619047619047619	0.1619047619047619	0.22857142857142856	0.29523809523809524	0.047619047619047616	0.0	0.0	0.26666666666666666	3.7333333333333334	1.1234866364235145
RCSB-5EGU-5NQ-KD:S2	RCSB-5EGU-5NQ-KD	S2	construct-003-fbf3f5c695a3	fbf3f5c695a3b8c47960f7f87595ade0ba42d8f497f2c0c835fe377069f49978	O60885	5EGU	5NQ	FTDVJTZJKKOHSY-UHFFFAOYSA-N	CCCCc1c(C)nc2nc(SCc3nc4c(c(=O)[nH]c(=O)n4CCCC)n3CC)nn2c1C	5.853871964321762	AF-O60885-F1	326addfc05f8e0327dd7db8252a087e675c6b4c2757e893bf0516187e82c18b0	1	A	4E96	0NS	81;82;83;87;92;94;97;132;135;136;139;140;145;146;149	81;82;83;87;92;94;97;132;135;136;139;140;145;146;149		alphafold_db_predicted_fixed_per_construct	False	True	False	15.0	133.0	1.0	0.0	0.0	0.06666666666666667	0.06666666666666667	0.0	0.06666666666666667	0.0	0.0	0.06666666666666667	0.0	0.13333333333333333	0.13333333333333333	0.13333333333333333	0.06666666666666667	0.0	0.0	0.0	0.0	0.06666666666666667	0.06666666666666667	0.13333333333333333	0.0	0.6842105263157895	0.13533834586466165	0.15789473684210525	0.022556390977443608	0.0	0.0	0.0	7.963477281688241	11.96913031955922	19.651000000000003	17.052	16.194	5.565611486586605	4.204504678634741	3.8422753159656007	0.01904761904761905	0.08571428571428572	0.1619047619047619	0.1619047619047619	0.22857142857142856	0.29523809523809524	0.047619047619047616	0.0	0.0	0.26666666666666666	3.7333333333333334	1.1234866364235145
RCSB-6TPZ-NV2-KD:S2	RCSB-6TPZ-NV2-KD	S2	construct-003-fbf3f5c695a3	fbf3f5c695a3b8c47960f7f87595ade0ba42d8f497f2c0c835fe377069f49978	O60885	6TPZ	NV2	DDSHVVXWYKDTTQ-UHFFFAOYSA-N	COCC(COC)n1c(-c2cc(C)c(=O)n(C)c2)nc2cc(N3CCOCC3)ccc21	8.301029995663981	AF-O60885-F1	326addfc05f8e0327dd7db8252a087e675c6b4c2757e893bf0516187e82c18b0	1	A	4E96	0NS	81;82;83;87;92;94;97;132;135;136;139;140;145;146;149	81;82;83;87;92;94;97;132;135;136;139;140;145;146;149		alphafold_db_predicted_fixed_per_construct	False	True	False	15.0	133.0	1.0	0.0	0.0	0.06666666666666667	0.06666666666666667	0.0	0.06666666666666667	0.0	0.0	0.06666666666666667	0.0	0.13333333333333333	0.13333333333333333	0.13333333333333333	0.06666666666666667	0.0	0.0	0.0	0.0	0.06666666666666667	0.06666666666666667	0.13333333333333333	0.0	0.6842105263157895	0.13533834586466165	0.15789473684210525	0.022556390977443608	0.0	0.0	0.0	7.963477281688241	11.96913031955922	19.651000000000003	17.052	16.194	5.565611486586605	4.204504678634741	3.8422753159656007	0.01904761904761905	0.08571428571428572	0.1619047619047619	0.1619047619047619	0.22857142857142856	0.29523809523809524	0.047619047619047616	0.0	0.0	0.26666666666666666	3.7333333333333334	1.1234866364235145
RCSB-6FO5-DZH-KD:S2	RCSB-6FO5-DZH-KD	S2	construct-003-fbf3f5c695a3	fbf3f5c695a3b8c47960f7f87595ade0ba42d8f497f2c0c835fe377069f49978	O60885	6FO5	DZH	GUZDPSZLHQZPSV-UHFFFAOYSA-N	CCn1cnc2c1c(=O)[nH]c(=O)n2Cc1ccc(CNS(=O)(=O)c2ccc3c(c2)CCCC(=O)N3)cc1	6.721246399047171	AF-O60885-F1	326addfc05f8e0327dd7db8252a087e675c6b4c2757e893bf0516187e82c18b0	1	A	4E96	0NS	81;82;83;87;92;94;97;132;135;136;139;140;145;146;149	81;82;83;87;92;94;97;132;135;136;139;140;145;146;149		alphafold_db_predicted_fixed_per_construct	False	True	False	15.0	133.0	1.0	0.0	0.0	0.06666666666666667	0.06666666666666667	0.0	0.06666666666666667	0.0	0.0	0.06666666666666667	0.0	0.13333333333333333	0.13333333333333333	0.13333333333333333	0.06666666666666667	0.0	0.0	0.0	0.0	0.06666666666666667	0.06666666666666667	0.13333333333333333	0.0	0.6842105263157895	0.13533834586466165	0.15789473684210525	0.022556390977443608	0.0	0.0	0.0	7.963477281688241	11.96913031955922	19.651000000000003	17.052	16.194	5.565611486586605	4.204504678634741	3.8422753159656007	0.01904761904761905	0.08571428571428572	0.1619047619047619	0.1619047619047619	0.22857142857142856	0.29523809523809524	0.047619047619047616	0.0	0.0	0.26666666666666666	3.7333333333333334	1.1234866364235145
RCSB-7AXR-S7T-KD:S2	RCSB-7AXR-S7T-KD	S2	construct-003-fbf3f5c695a3	fbf3f5c695a3b8c47960f7f87595ade0ba42d8f497f2c0c835fe377069f49978	O60885	7AXR	S7T	JZECKTZTLWIBPJ-UHFFFAOYSA-N	CCc1c(C(=O)Nc2cccc(CCC(=O)NO)c2)[nH]c(C)c1C(C)=O	4.940058111938045	AF-O60885-F1	326addfc05f8e0327dd7db8252a087e675c6b4c2757e893bf0516187e82c18b0	1	A	4E96	0NS	81;82;83;87;92;94;97;132;135;136;139;140;145;146;149	81;82;83;87;92;94;97;132;135;136;139;140;145;146;149		alphafold_db_predicted_fixed_per_construct	False	True	False	15.0	133.0	1.0	0.0	0.0	0.06666666666666667	0.06666666666666667	0.0	0.06666666666666667	0.0	0.0	0.06666666666666667	0.0	0.13333333333333333	0.13333333333333333	0.13333333333333333	0.06666666666666667	0.0	0.0	0.0	0.0	0.06666666666666667	0.06666666666666667	0.13333333333333333	0.0	0.6842105263157895	0.13533834586466165	0.15789473684210525	0.022556390977443608	0.0	0.0	0.0	7.963477281688241	11.96913031955922	19.651000000000003	17.052	16.194	5.565611486586605	4.204504678634741	3.8422753159656007	0.01904761904761905	0.08571428571428572	0.1619047619047619	0.1619047619047619	0.22857142857142856	0.29523809523809524	0.047619047619047616	0.0	0.0	0.26666666666666666	3.7333333333333334	1.1234866364235145
RCSB-6FSY-E5Q-KD:S2	RCSB-6FSY-E5Q-KD	S2	construct-003-fbf3f5c695a3	fbf3f5c695a3b8c47960f7f87595ade0ba42d8f497f2c0c835fe377069f49978	O60885	6FSY	E5Q	RFDVEAHRRMEOHK-KRWDZBQOSA-N	Cc1noc(C)c1-c1cc(O)cc([C@@H](O)c2cccnc2)c1	6.607303046740334	AF-O60885-F1	326addfc05f8e0327dd7db8252a087e675c6b4c2757e893bf0516187e82c18b0	1	A	4E96	0NS	81;82;83;87;92;94;97;132;135;136;139;140;145;146;149	81;82;83;87;92;94;97;132;135;136;139;140;145;146;149		alphafold_db_predicted_fixed_per_construct	False	True	False	15.0	133.0	1.0	0.0	0.0	0.06666666666666667	0.06666666666666667	0.0	0.06666666666666667	0.0	0.0	0.06666666666666667	0.0	0.13333333333333333	0.13333333333333333	0.13333333333333333	0.06666666666666667	0.0	0.0	0.0	0.0	0.06666666666666667	0.06666666666666667	0.13333333333333333	0.0	0.6842105263157895	0.13533834586466165	0.15789473684210525	0.022556390977443608	0.0	0.0	0.0	7.963477281688241	11.96913031955922	19.651000000000003	17.052	16.194	5.565611486586605	4.204504678634741	3.8422753159656007	0.01904761904761905	0.08571428571428572	0.1619047619047619	0.1619047619047619	0.22857142857142856	0.29523809523809524	0.047619047619047616	0.0	0.0	0.26666666666666666	3.7333333333333334	1.1234866364235145
RCSB-4PS5-2TA-KD:S2	RCSB-4PS5-2TA-KD	S2	construct-003-fbf3f5c695a3	fbf3f5c695a3b8c47960f7f87595ade0ba42d8f497f2c0c835fe377069f49978	O60885	4PS5	2TA	JOOXLOJCABQBSG-UHFFFAOYSA-N	Cc1cnc(Nc2ccc(OCCN3CCCC3)cc2)nc1Nc1cccc(S(=O)(=O)NC(C)(C)C)c1	6.785156151952302	AF-O60885-F1	326addfc05f8e0327dd7db8252a087e675c6b4c2757e893bf0516187e82c18b0	1	A	4E96	0NS	81;82;83;87;92;94;97;132;135;136;139;140;145;146;149	81;82;83;87;92;94;97;132;135;136;139;140;145;146;149		alphafold_db_predicted_fixed_per_construct	False	True	False	15.0	133.0	1.0	0.0	0.0	0.06666666666666667	0.06666666666666667	0.0	0.06666666666666667	0.0	0.0	0.06666666666666667	0.0	0.13333333333333333	0.13333333333333333	0.13333333333333333	0.06666666666666667	0.0	0.0	0.0	0.0	0.06666666666666667	0.06666666666666667	0.13333333333333333	0.0	0.6842105263157895	0.13533834586466165	0.15789473684210525	0.022556390977443608	0.0	0.0	0.0	7.963477281688241	11.96913031955922	19.651000000000003	17.052	16.194	5.565611486586605	4.204504678634741	3.8422753159656007	0.01904761904761905	0.08571428571428572	0.1619047619047619	0.1619047619047619	0.22857142857142856	0.29523809523809524	0.047619047619047616	0.0	0.0	0.26666666666666666	3.7333333333333334	1.1234866364235145
RCSB-7MR9-ZMM-KD:S2	RCSB-7MR9-ZMM-KD	S2	construct-003-fbf3f5c695a3	fbf3f5c695a3b8c47960f7f87595ade0ba42d8f497f2c0c835fe377069f49978	O60885	7MR9	ZMM	IQHRPUHKLPCOKF-UHFFFAOYSA-N	Cn1cc(-c2cccc(N3CCCC3=O)c2)c2ccccc2c1=O	6.474955192963154	AF-O60885-F1	326addfc05f8e0327dd7db8252a087e675c6b4c2757e893bf0516187e82c18b0	1	A	4E96	0NS	81;82;83;87;92;94;97;132;135;136;139;140;145;146;149	81;82;83;87;92;94;97;132;135;136;139;140;145;146;149		alphafold_db_predicted_fixed_per_construct	False	True	False	15.0	133.0	1.0	0.0	0.0	0.06666666666666667	0.06666666666666667	0.0	0.06666666666666667	0.0	0.0	0.06666666666666667	0.0	0.13333333333333333	0.13333333333333333	0.13333333333333333	0.06666666666666667	0.0	0.0	0.0	0.0	0.06666666666666667	0.06666666666666667	0.13333333333333333	0.0	0.6842105263157895	0.13533834586466165	0.15789473684210525	0.022556390977443608	0.0	0.0	0.0	7.963477281688241	11.96913031955922	19.651000000000003	17.052	16.194	5.565611486586605	4.204504678634741	3.8422753159656007	0.01904761904761905	0.08571428571428572	0.1619047619047619	0.1619047619047619	0.22857142857142856	0.29523809523809524	0.047619047619047616	0.0	0.0	0.26666666666666666	3.7333333333333334	1.1234866364235145
RCSB-5D3L-57F-KD:S2	RCSB-5D3L-57F-KD	S2	construct-003-fbf3f5c695a3	fbf3f5c695a3b8c47960f7f87595ade0ba42d8f497f2c0c835fe377069f49978	O60885	5D3L	57F	CGYOKHBJOYVFIV-UHFFFAOYSA-N	CCc1c(C(=O)Nc2cc(S(=O)(=O)N(CC)CC)c(C)cc2O)[nH]c(C)c1C(C)=O	6.055517327849831	AF-O60885-F1	326addfc05f8e0327dd7db8252a087e675c6b4c2757e893bf0516187e82c18b0	1	A	4E96	0NS	81;82;83;87;92;94;97;132;135;136;139;140;145;146;149	81;82;83;87;92;94;97;132;135;136;139;140;145;146;149		alphafold_db_predicted_fixed_per_construct	False	True	False	15.0	133.0	1.0	0.0	0.0	0.06666666666666667	0.06666666666666667	0.0	0.06666666666666667	0.0	0.0	0.06666666666666667	0.0	0.13333333333333333	0.13333333333333333	0.13333333333333333	0.06666666666666667	0.0	0.0	0.0	0.0	0.06666666666666667	0.06666666666666667	0.13333333333333333	0.0	0.6842105263157895	0.13533834586466165	0.15789473684210525	0.022556390977443608	0.0	0.0	0.0	7.963477281688241	11.96913031955922	19.651000000000003	17.052	16.194	5.565611486586605	4.204504678634741	3.8422753159656007	0.01904761904761905	0.08571428571428572	0.1619047619047619	0.1619047619047619	0.22857142857142856	0.29523809523809524	0.047619047619047616	0.0	0.0	0.26666666666666666	3.7333333333333334	1.1234866364235145
RCSB-6Q3Z-HG8-KD:S2	RCSB-6Q3Z-HG8-KD	S2	construct-003-fbf3f5c695a3	fbf3f5c695a3b8c47960f7f87595ade0ba42d8f497f2c0c835fe377069f49978	O60885	6Q3Z	HG8	RKWOVOVDWBRGQO-XMMPIXPASA-N	CCOc1cc(C2CCN(C)CC2)ccc1Nc1ncc2c(n1)N(Cc1cc(C)cs1)[C@H](CC)C(=O)N2C	7.356547323513812	AF-O60885-F1	326addfc05f8e0327dd7db8252a087e675c6b4c2757e893bf0516187e82c18b0	1	A	4E96	0NS	81;82;83;87;92;94;97;132;135;136;139;140;145;146;149	81;82;83;87;92;94;97;132;135;136;139;140;145;146;149		alphafold_db_predicted_fixed_per_construct	False	True	False	15.0	133.0	1.0	0.0	0.0	0.06666666666666667	0.06666666666666667	0.0	0.06666666666666667	0.0	0.0	0.06666666666666667	0.0	0.13333333333333333	0.13333333333333333	0.13333333333333333	0.06666666666666667	0.0	0.0	0.0	0.0	0.06666666666666667	0.06666666666666667	0.13333333333333333	0.0	0.6842105263157895	0.13533834586466165	0.15789473684210525	0.022556390977443608	0.0	0.0	0.0	7.963477281688241	11.96913031955922	19.651000000000003	17.052	16.194	5.565611486586605	4.204504678634741	3.8422753159656007	0.01904761904761905	0.08571428571428572	0.1619047619047619	0.1619047619047619	0.22857142857142856	0.29523809523809524	0.047619047619047616	0.0	0.0	0.26666666666666666	3.7333333333333334	1.1234866364235145
RCSB-5EIS-5OU-KD:S2	RCSB-5EIS-5OU-KD	S2	construct-003-fbf3f5c695a3	fbf3f5c695a3b8c47960f7f87595ade0ba42d8f497f2c0c835fe377069f49978	O60885	5EIS	5OU	ZUHFEYWVQFKDLX-UHFFFAOYSA-N	CCn1cnc2c1c(=O)[nH]c(=O)n2Cc1ccc(Cl)cc1	5.7447274948966935	AF-O60885-F1	326addfc05f8e0327dd7db8252a087e675c6b4c2757e893bf0516187e82c18b0	1	A	4E96	0NS	81;82;83;87;92;94;97;132;135;136;139;140;145;146;149	81;82;83;87;92;94;97;132;135;136;139;140;145;146;149		alphafold_db_predicted_fixed_per_construct	False	True	False	15.0	133.0	1.0	0.0	0.0	0.06666666666666667	0.06666666666666667	0.0	0.06666666666666667	0.0	0.0	0.06666666666666667	0.0	0.13333333333333333	0.13333333333333333	0.13333333333333333	0.06666666666666667	0.0	0.0	0.0	0.0	0.06666666666666667	0.06666666666666667	0.13333333333333333	0.0	0.6842105263157895	0.13533834586466165	0.15789473684210525	0.022556390977443608	0.0	0.0	0.0	7.963477281688241	11.96913031955922	19.651000000000003	17.052	16.194	5.565611486586605	4.204504678634741	3.8422753159656007	0.01904761904761905	0.08571428571428572	0.1619047619047619	0.1619047619047619	0.22857142857142856	0.29523809523809524	0.047619047619047616	0.0	0.0	0.26666666666666666	3.7333333333333334	1.1234866364235145
RCSB-5D3T-56Y-KD:S2	RCSB-5D3T-56Y-KD	S2	construct-003-fbf3f5c695a3	fbf3f5c695a3b8c47960f7f87595ade0ba42d8f497f2c0c835fe377069f49978	O60885	5D3T	56Y	FETDKYPMSNKFSJ-UHFFFAOYSA-N	CCc1c(C(=O)N(C)Cc2cccc(C(N)=O)c2)[nH]c(C)c1C(C)=O	4.920818753952375	AF-O60885-F1	326addfc05f8e0327dd7db8252a087e675c6b4c2757e893bf0516187e82c18b0	1	A	4E96	0NS	81;82;83;87;92;94;97;132;135;136;139;140;145;146;149	81;82;83;87;92;94;97;132;135;136;139;140;145;146;149		alphafold_db_predicted_fixed_per_construct	False	True	False	15.0	133.0	1.0	0.0	0.0	0.06666666666666667	0.06666666666666667	0.0	0.06666666666666667	0.0	0.0	0.06666666666666667	0.0	0.13333333333333333	0.13333333333333333	0.13333333333333333	0.06666666666666667	0.0	0.0	0.0	0.0	0.06666666666666667	0.06666666666666667	0.13333333333333333	0.0	0.6842105263157895	0.13533834586466165	0.15789473684210525	0.022556390977443608	0.0	0.0	0.0	7.963477281688241	11.96913031955922	19.651000000000003	17.052	16.194	5.565611486586605	4.204504678634741	3.8422753159656007	0.01904761904761905	0.08571428571428572	0.1619047619047619	0.1619047619047619	0.22857142857142856	0.29523809523809524	0.047619047619047616	0.0	0.0	0.26666666666666666	3.7333333333333334	1.1234866364235145
RCSB-6Q3Y-HG5-KD:S2	RCSB-6Q3Y-HG5-KD	S2	construct-003-fbf3f5c695a3	fbf3f5c695a3b8c47960f7f87595ade0ba42d8f497f2c0c835fe377069f49978	O60885	6Q3Y	HG5	TWABWUVZWXSPTC-RUZDIDTESA-N	CCOc1cc(C2CCN(C)CC2)ccc1Nc1ncc2c(n1)N(Cc1ccccc1)[C@H](CC)C(=O)N2C	7.267606240177031	AF-O60885-F1	326addfc05f8e0327dd7db8252a087e675c6b4c2757e893bf0516187e82c18b0	1	A	4E96	0NS	81;82;83;87;92;94;97;132;135;136;139;140;145;146;149	81;82;83;87;92;94;97;132;135;136;139;140;145;146;149		alphafold_db_predicted_fixed_per_construct	False	True	False	15.0	133.0	1.0	0.0	0.0	0.06666666666666667	0.06666666666666667	0.0	0.06666666666666667	0.0	0.0	0.06666666666666667	0.0	0.13333333333333333	0.13333333333333333	0.13333333333333333	0.06666666666666667	0.0	0.0	0.0	0.0	0.06666666666666667	0.06666666666666667	0.13333333333333333	0.0	0.6842105263157895	0.13533834586466165	0.15789473684210525	0.022556390977443608	0.0	0.0	0.0	7.963477281688241	11.96913031955922	19.651000000000003	17.052	16.194	5.565611486586605	4.204504678634741	3.8422753159656007	0.01904761904761905	0.08571428571428572	0.1619047619047619	0.1619047619047619	0.22857142857142856	0.29523809523809524	0.047619047619047616	0.0	0.0	0.26666666666666666	3.7333333333333334	1.1234866364235145
RCSB-5O1E-9GT-KD:S2	RCSB-5O1E-9GT-KD	S2	construct-004-a02c0b37ee39	a02c0b37ee390691de476a5e290067f62640b1460c5b903bbcfaef2b46f1a3bb	P04637	5O1E	9GT	AITKRWKTZZLHEV-UHFFFAOYSA-N	C=CCOc1cc(C(=O)O)c(O)c(I)c1-n1cccc1	4.481486060122113	AF-P04637-F1	4332bff49301d04434b6e3b43c439aa5bd8238760e88c7142f7d0c0851a68e5d	1	A	2VUK	P83	109;145;146;147;148;149;150;151;157;220;221;222;223;227;228;229;230;257	109;145;146;147;148;149;150;151;157;220;221;222;223;227;228;229;230;257		alphafold_db_predicted_fixed_per_construct	False	True	False	18.0	145.0	1.0	0.0	0.0	0.05555555555555555	0.1111111111111111	0.05555555555555555	0.05555555555555555	0.0	0.0	0.0	0.0	0.1111111111111111	0.0	0.0	0.16666666666666666	0.0	0.0	0.1111111111111111	0.1111111111111111	0.1111111111111111	0.05555555555555555	0.05555555555555555	0.0	0.6620689655172414	0.1310344827586207	0.2	0.006896551724137931	0.0	0.0	0.0	7.373805094588854	11.631704447674469	19.444	17.014000000000003	15.36	4.82047832476659	4.247434790653921	3.61874121658108	0.013071895424836602	0.1437908496732026	0.1437908496732026	0.19607843137254902	0.2222222222222222	0.24183006535947713	0.0392156862745098	0.0	0.0	0.3006535947712418	5.111111111111111	1.9688939051854832
RCSB-5O1G-9GK-KD:S2	RCSB-5O1G-9GK-KD	S2	construct-004-a02c0b37ee39	a02c0b37ee390691de476a5e290067f62640b1460c5b903bbcfaef2b46f1a3bb	P04637	5O1G	9GK	SLRGCKWWQXFSSN-UHFFFAOYSA-N	O=C(O)c1cc(OCCc2ccccc2)c(-n2cccc2)c(I)c1O	3.935542010773082	AF-P04637-F1	4332bff49301d04434b6e3b43c439aa5bd8238760e88c7142f7d0c0851a68e5d	1	A	2VUK	P83	109;145;146;147;148;149;150;151;157;220;221;222;223;227;228;229;230;257	109;145;146;147;148;149;150;151;157;220;221;222;223;227;228;229;230;257		alphafold_db_predicted_fixed_per_construct	False	True	False	18.0	145.0	1.0	0.0	0.0	0.05555555555555555	0.1111111111111111	0.05555555555555555	0.05555555555555555	0.0	0.0	0.0	0.0	0.1111111111111111	0.0	0.0	0.16666666666666666	0.0	0.0	0.1111111111111111	0.1111111111111111	0.1111111111111111	0.05555555555555555	0.05555555555555555	0.0	0.6620689655172414	0.1310344827586207	0.2	0.006896551724137931	0.0	0.0	0.0	7.373805094588854	11.631704447674469	19.444	17.014000000000003	15.36	4.82047832476659	4.247434790653921	3.61874121658108	0.013071895424836602	0.1437908496732026	0.1437908496732026	0.19607843137254902	0.2222222222222222	0.24183006535947713	0.0392156862745098	0.0	0.0	0.3006535947712418	5.111111111111111	1.9688939051854832
RCSB-4AGQ-P96-KD:S2	RCSB-4AGQ-P96-KD	S2	construct-004-a02c0b37ee39	a02c0b37ee390691de476a5e290067f62640b1460c5b903bbcfaef2b46f1a3bb	P04637	4AGQ	P96	IZUZDXSTWPMHFT-UHFFFAOYSA-N	CCN(CC)C1CCN(Cc2cc(C#CCNc3ccccc3)cc(I)c2O)CC1	5.0	AF-P04637-F1	4332bff49301d04434b6e3b43c439aa5bd8238760e88c7142f7d0c0851a68e5d	1	A	2VUK	P83	109;145;146;147;148;149;150;151;157;220;221;222;223;227;228;229;230;257	109;145;146;147;148;149;150;151;157;220;221;222;223;227;228;229;230;257		alphafold_db_predicted_fixed_per_construct	False	True	False	18.0	145.0	1.0	0.0	0.0	0.05555555555555555	0.1111111111111111	0.05555555555555555	0.05555555555555555	0.0	0.0	0.0	0.0	0.1111111111111111	0.0	0.0	0.16666666666666666	0.0	0.0	0.1111111111111111	0.1111111111111111	0.1111111111111111	0.05555555555555555	0.05555555555555555	0.0	0.6620689655172414	0.1310344827586207	0.2	0.006896551724137931	0.0	0.0	0.0	7.373805094588854	11.631704447674469	19.444	17.014000000000003	15.36	4.82047832476659	4.247434790653921	3.61874121658108	0.013071895424836602	0.1437908496732026	0.1437908496732026	0.19607843137254902	0.2222222222222222	0.24183006535947713	0.0392156862745098	0.0	0.0	0.3006535947712418	5.111111111111111	1.9688939051854832
RCSB-5AOJ-Y0V-KD:S2	RCSB-5AOJ-Y0V-KD	S2	construct-004-a02c0b37ee39	a02c0b37ee390691de476a5e290067f62640b1460c5b903bbcfaef2b46f1a3bb	P04637	5AOJ	Y0V	YWYHXCFRZDCHOC-UHFFFAOYSA-N	O=C(O)c1cc(I)c(-n2cccc2)c(I)c1O	4.6777807052660805	AF-P04637-F1	4332bff49301d04434b6e3b43c439aa5bd8238760e88c7142f7d0c0851a68e5d	1	A	2VUK	P83	109;145;146;147;148;149;150;151;157;220;221;222;223;227;228;229;230;257	109;145;146;147;148;149;150;151;157;220;221;222;223;227;228;229;230;257		alphafold_db_predicted_fixed_per_construct	False	True	False	18.0	145.0	1.0	0.0	0.0	0.05555555555555555	0.1111111111111111	0.05555555555555555	0.05555555555555555	0.0	0.0	0.0	0.0	0.1111111111111111	0.0	0.0	0.16666666666666666	0.0	0.0	0.1111111111111111	0.1111111111111111	0.1111111111111111	0.05555555555555555	0.05555555555555555	0.0	0.6620689655172414	0.1310344827586207	0.2	0.006896551724137931	0.0	0.0	0.0	7.373805094588854	11.631704447674469	19.444	17.014000000000003	15.36	4.82047832476659	4.247434790653921	3.61874121658108	0.013071895424836602	0.1437908496732026	0.1437908496732026	0.19607843137254902	0.2222222222222222	0.24183006535947713	0.0392156862745098	0.0	0.0	0.3006535947712418	5.111111111111111	1.9688939051854832
RCSB-5O1D-9GW-KD:S2	RCSB-5O1D-9GW-KD	S2	construct-004-a02c0b37ee39	a02c0b37ee390691de476a5e290067f62640b1460c5b903bbcfaef2b46f1a3bb	P04637	5O1D	9GW	HDCGZTAEMHVMPH-UHFFFAOYSA-N	CCCOc1cc(C(=O)O)c(O)c(I)c1-n1cccc1	4.657577319177793	AF-P04637-F1	4332bff49301d04434b6e3b43c439aa5bd8238760e88c7142f7d0c0851a68e5d	1	A	2VUK	P83	109;145;146;147;148;149;150;151;157;220;221;222;223;227;228;229;230;257	109;145;146;147;148;149;150;151;157;220;221;222;223;227;228;229;230;257		alphafold_db_predicted_fixed_per_construct	False	True	False	18.0	145.0	1.0	0.0	0.0	0.05555555555555555	0.1111111111111111	0.05555555555555555	0.05555555555555555	0.0	0.0	0.0	0.0	0.1111111111111111	0.0	0.0	0.16666666666666666	0.0	0.0	0.1111111111111111	0.1111111111111111	0.1111111111111111	0.05555555555555555	0.05555555555555555	0.0	0.6620689655172414	0.1310344827586207	0.2	0.006896551724137931	0.0	0.0	0.0	7.373805094588854	11.631704447674469	19.444	17.014000000000003	15.36	4.82047832476659	4.247434790653921	3.61874121658108	0.013071895424836602	0.1437908496732026	0.1437908496732026	0.19607843137254902	0.2222222222222222	0.24183006535947713	0.0392156862745098	0.0	0.0	0.3006535947712418	5.111111111111111	1.9688939051854832
RCSB-5O1C-9GZ-KD:S2	RCSB-5O1C-9GZ-KD	S2	construct-004-a02c0b37ee39	a02c0b37ee390691de476a5e290067f62640b1460c5b903bbcfaef2b46f1a3bb	P04637	5O1C	9GZ	PZAQSVDHGPHHRK-UHFFFAOYSA-N	O=C(O)c1cc(-c2ccc(F)cc2)c(-n2cccc2)c(I)c1O	3.94692155651658	AF-P04637-F1	4332bff49301d04434b6e3b43c439aa5bd8238760e88c7142f7d0c0851a68e5d	1	A	2VUK	P83	109;145;146;147;148;149;150;151;157;220;221;222;223;227;228;229;230;257	109;145;146;147;148;149;150;151;157;220;221;222;223;227;228;229;230;257		alphafold_db_predicted_fixed_per_construct	False	True	False	18.0	145.0	1.0	0.0	0.0	0.05555555555555555	0.1111111111111111	0.05555555555555555	0.05555555555555555	0.0	0.0	0.0	0.0	0.1111111111111111	0.0	0.0	0.16666666666666666	0.0	0.0	0.1111111111111111	0.1111111111111111	0.1111111111111111	0.05555555555555555	0.05555555555555555	0.0	0.6620689655172414	0.1310344827586207	0.2	0.006896551724137931	0.0	0.0	0.0	7.373805094588854	11.631704447674469	19.444	17.014000000000003	15.36	4.82047832476659	4.247434790653921	3.61874121658108	0.013071895424836602	0.1437908496732026	0.1437908496732026	0.19607843137254902	0.2222222222222222	0.24183006535947713	0.0392156862745098	0.0	0.0	0.3006535947712418	5.111111111111111	1.9688939051854832
RCSB-5O1I-9GH-KD:S2	RCSB-5O1I-9GH-KD	S2	construct-004-a02c0b37ee39	a02c0b37ee390691de476a5e290067f62640b1460c5b903bbcfaef2b46f1a3bb	P04637	5O1I	9GH	SEBJATZOIHUGAU-UHFFFAOYSA-N	CCN(CC)c1nc2c(C(=O)O)c(O)c(I)c(-n3cccc3)c2s1	5.3979400086720375	AF-P04637-F1	4332bff49301d04434b6e3b43c439aa5bd8238760e88c7142f7d0c0851a68e5d	1	A	2VUK	P83	109;145;146;147;148;149;150;151;157;220;221;222;223;227;228;229;230;257	109;145;146;147;148;149;150;151;157;220;221;222;223;227;228;229;230;257		alphafold_db_predicted_fixed_per_construct	False	True	False	18.0	145.0	1.0	0.0	0.0	0.05555555555555555	0.1111111111111111	0.05555555555555555	0.05555555555555555	0.0	0.0	0.0	0.0	0.1111111111111111	0.0	0.0	0.16666666666666666	0.0	0.0	0.1111111111111111	0.1111111111111111	0.1111111111111111	0.05555555555555555	0.05555555555555555	0.0	0.6620689655172414	0.1310344827586207	0.2	0.006896551724137931	0.0	0.0	0.0	7.373805094588854	11.631704447674469	19.444	17.014000000000003	15.36	4.82047832476659	4.247434790653921	3.61874121658108	0.013071895424836602	0.1437908496732026	0.1437908496732026	0.19607843137254902	0.2222222222222222	0.24183006535947713	0.0392156862745098	0.0	0.0	0.3006535947712418	5.111111111111111	1.9688939051854832
RCSB-5O1H-9GN-KD:S2	RCSB-5O1H-9GN-KD	S2	construct-004-a02c0b37ee39	a02c0b37ee390691de476a5e290067f62640b1460c5b903bbcfaef2b46f1a3bb	P04637	5O1H	9GN	IUCGBTPKFYQLQH-UHFFFAOYSA-N	CCCSc1cc(C(=O)O)c(O)c(I)c1-n1cccc1	4.853871964321762	AF-P04637-F1	4332bff49301d04434b6e3b43c439aa5bd8238760e88c7142f7d0c0851a68e5d	1	A	2VUK	P83	109;145;146;147;148;149;150;151;157;220;221;222;223;227;228;229;230;257	109;145;146;147;148;149;150;151;157;220;221;222;223;227;228;229;230;257		alphafold_db_predicted_fixed_per_construct	False	True	False	18.0	145.0	1.0	0.0	0.0	0.05555555555555555	0.1111111111111111	0.05555555555555555	0.05555555555555555	0.0	0.0	0.0	0.0	0.1111111111111111	0.0	0.0	0.16666666666666666	0.0	0.0	0.1111111111111111	0.1111111111111111	0.1111111111111111	0.05555555555555555	0.05555555555555555	0.0	0.6620689655172414	0.1310344827586207	0.2	0.006896551724137931	0.0	0.0	0.0	7.373805094588854	11.631704447674469	19.444	17.014000000000003	15.36	4.82047832476659	4.247434790653921	3.61874121658108	0.013071895424836602	0.1437908496732026	0.1437908496732026	0.19607843137254902	0.2222222222222222	0.24183006535947713	0.0392156862745098	0.0	0.0	0.3006535947712418	5.111111111111111	1.9688939051854832
RCSB-5O1B-9H2-KD:S2	RCSB-5O1B-9H2-KD	S2	construct-004-a02c0b37ee39	a02c0b37ee390691de476a5e290067f62640b1460c5b903bbcfaef2b46f1a3bb	P04637	5O1B	9H2	AGXLMIQMLKHIFZ-UHFFFAOYSA-N	OCc1cc(I)c(-n2cccc2)c(I)c1O	4.698970004336019	AF-P04637-F1	4332bff49301d04434b6e3b43c439aa5bd8238760e88c7142f7d0c0851a68e5d	1	A	2VUK	P83	109;145;146;147;148;149;150;151;157;220;221;222;223;227;228;229;230;257	109;145;146;147;148;149;150;151;157;220;221;222;223;227;228;229;230;257		alphafold_db_predicted_fixed_per_construct	False	True	False	18.0	145.0	1.0	0.0	0.0	0.05555555555555555	0.1111111111111111	0.05555555555555555	0.05555555555555555	0.0	0.0	0.0	0.0	0.1111111111111111	0.0	0.0	0.16666666666666666	0.0	0.0	0.1111111111111111	0.1111111111111111	0.1111111111111111	0.05555555555555555	0.05555555555555555	0.0	0.6620689655172414	0.1310344827586207	0.2	0.006896551724137931	0.0	0.0	0.0	7.373805094588854	11.631704447674469	19.444	17.014000000000003	15.36	4.82047832476659	4.247434790653921	3.61874121658108	0.013071895424836602	0.1437908496732026	0.1437908496732026	0.19607843137254902	0.2222222222222222	0.24183006535947713	0.0392156862745098	0.0	0.0	0.3006535947712418	5.111111111111111	1.9688939051854832
RCSB-6RQB-Q47-KD:S2	RCSB-6RQB-Q47-KD	S2	construct-005-6f4aa0a92e90	6f4aa0a92e902b75f71eaad4d939a99889607aea7addb58c35e3b830ffbfe3b3	P9WPP7	6RQB	Q47	UHZMUUVMCUUKRQ-GJZGRUSLSA-N	O=C1N[C@@H](Cc2ccc(O)c(Br)c2)C(=O)N[C@H]1Cc1ccc(O)cc1	6.337242168318426	AF-P9WPP7-F1	a6871bcf3eda67652c145645c1d73f913bff3e49a760cbf5c276b354334a680a	1	A	2IJ7	TPF	62;77;78;82;83;84;85;86;87;167;168;169;229;230;232;233;236;237;280;284;343;385;386	62;77;78;82;83;84;85;86;87;167;168;169;229;230;232;233;236;237;280;284;343;385;386		alphafold_db_predicted_fixed_per_construct	False	True	False	23.0	178.0	1.0	0.0	0.08695652173913043	0.0	0.0	0.0	0.13043478260869565	0.08695652173913043	0.043478260869565216	0.043478260869565216	0.0	0.043478260869565216	0.13043478260869565	0.08695652173913043	0.0	0.043478260869565216	0.043478260869565216	0.043478260869565216	0.08695652173913043	0.13043478260869565	0.0	0.0	0.0	0.6460674157303371	0.17415730337078653	0.16292134831460675	0.016853932584269662	0.0	0.0	0.0	9.485348727076179	15.78903372554598	22.938	21.581	19.601	7.013779028284083	4.719454601861536	4.301801073691815	0.007905138339920948	0.09486166007905138	0.09881422924901186	0.11067193675889328	0.14624505928853754	0.2885375494071146	0.2134387351778656	0.039525691699604744	0.0	0.2015810276679842	4.434782608695652	1.498581559966442
RCSB-6RQ6-R2H-KD:S2	RCSB-6RQ6-R2H-KD	S2	construct-005-6f4aa0a92e90	6f4aa0a92e902b75f71eaad4d939a99889607aea7addb58c35e3b830ffbfe3b3	P9WPP7	6RQ6	R2H	BWLHGYWAFIMGJI-GJZGRUSLSA-N	O=C1N[C@@H](Cc2ccc(O)c(F)c2)C(=O)N[C@H]1Cc1ccc(O)cc1	4.892790030352131	AF-P9WPP7-F1	a6871bcf3eda67652c145645c1d73f913bff3e49a760cbf5c276b354334a680a	1	A	2IJ7	TPF	62;77;78;82;83;84;85;86;87;167;168;169;229;230;232;233;236;237;280;284;343;385;386	62;77;78;82;83;84;85;86;87;167;168;169;229;230;232;233;236;237;280;284;343;385;386		alphafold_db_predicted_fixed_per_construct	False	True	False	23.0	178.0	1.0	0.0	0.08695652173913043	0.0	0.0	0.0	0.13043478260869565	0.08695652173913043	0.043478260869565216	0.043478260869565216	0.0	0.043478260869565216	0.13043478260869565	0.08695652173913043	0.0	0.043478260869565216	0.043478260869565216	0.043478260869565216	0.08695652173913043	0.13043478260869565	0.0	0.0	0.0	0.6460674157303371	0.17415730337078653	0.16292134831460675	0.016853932584269662	0.0	0.0	0.0	9.485348727076179	15.78903372554598	22.938	21.581	19.601	7.013779028284083	4.719454601861536	4.301801073691815	0.007905138339920948	0.09486166007905138	0.09881422924901186	0.11067193675889328	0.14624505928853754	0.2885375494071146	0.2134387351778656	0.039525691699604744	0.0	0.2015810276679842	4.434782608695652	1.498581559966442
RCSB-6RQ0-KE2-KD:S2	RCSB-6RQ0-KE2-KD	S2	construct-005-6f4aa0a92e90	6f4aa0a92e902b75f71eaad4d939a99889607aea7addb58c35e3b830ffbfe3b3	P9WPP7	6RQ0	KE2	YBIHVNADQSTKMY-HOTGVXAUSA-N	Cc1cc(C[C@@H]2NC(=O)[C@H](Cc3ccc(O)cc3)NC2=O)ccc1O	5.958607314841775	AF-P9WPP7-F1	a6871bcf3eda67652c145645c1d73f913bff3e49a760cbf5c276b354334a680a	1	A	2IJ7	TPF	62;77;78;82;83;84;85;86;87;167;168;169;229;230;232;233;236;237;280;284;343;385;386	62;77;78;82;83;84;85;86;87;167;168;169;229;230;232;233;236;237;280;284;343;385;386		alphafold_db_predicted_fixed_per_construct	False	True	False	23.0	178.0	1.0	0.0	0.08695652173913043	0.0	0.0	0.0	0.13043478260869565	0.08695652173913043	0.043478260869565216	0.043478260869565216	0.0	0.043478260869565216	0.13043478260869565	0.08695652173913043	0.0	0.043478260869565216	0.043478260869565216	0.043478260869565216	0.08695652173913043	0.13043478260869565	0.0	0.0	0.0	0.6460674157303371	0.17415730337078653	0.16292134831460675	0.016853932584269662	0.0	0.0	0.0	9.485348727076179	15.78903372554598	22.938	21.581	19.601	7.013779028284083	4.719454601861536	4.301801073691815	0.007905138339920948	0.09486166007905138	0.09881422924901186	0.11067193675889328	0.14624505928853754	0.2885375494071146	0.2134387351778656	0.039525691699604744	0.0	0.2015810276679842	4.434782608695652	1.498581559966442
RCSB-6RQ9-KEQ-KD:S2	RCSB-6RQ9-KEQ-KD	S2	construct-005-6f4aa0a92e90	6f4aa0a92e902b75f71eaad4d939a99889607aea7addb58c35e3b830ffbfe3b3	P9WPP7	6RQ9	KEQ	SXIBGFQFSYRUSU-IRXDYDNUSA-N	COc1ccc(C[C@@H]2NC(=O)[C@H](Cc3ccc(O)cc3)NC2=O)cc1	4.982966660701219	AF-P9WPP7-F1	a6871bcf3eda67652c145645c1d73f913bff3e49a760cbf5c276b354334a680a	1	A	2IJ7	TPF	62;77;78;82;83;84;85;86;87;167;168;169;229;230;232;233;236;237;280;284;343;385;386	62;77;78;82;83;84;85;86;87;167;168;169;229;230;232;233;236;237;280;284;343;385;386		alphafold_db_predicted_fixed_per_construct	False	True	False	23.0	178.0	1.0	0.0	0.08695652173913043	0.0	0.0	0.0	0.13043478260869565	0.08695652173913043	0.043478260869565216	0.043478260869565216	0.0	0.043478260869565216	0.13043478260869565	0.08695652173913043	0.0	0.043478260869565216	0.043478260869565216	0.043478260869565216	0.08695652173913043	0.13043478260869565	0.0	0.0	0.0	0.6460674157303371	0.17415730337078653	0.16292134831460675	0.016853932584269662	0.0	0.0	0.0	9.485348727076179	15.78903372554598	22.938	21.581	19.601	7.013779028284083	4.719454601861536	4.301801073691815	0.007905138339920948	0.09486166007905138	0.09881422924901186	0.11067193675889328	0.14624505928853754	0.2885375494071146	0.2134387351778656	0.039525691699604744	0.0	0.2015810276679842	4.434782608695652	1.498581559966442
RCSB-6RQD-KEW-KD:S2	RCSB-6RQD-KEW-KD	S2	construct-005-6f4aa0a92e90	6f4aa0a92e902b75f71eaad4d939a99889607aea7addb58c35e3b830ffbfe3b3	P9WPP7	6RQD	KEW	DPXFBAHRLYLKSZ-GJZGRUSLSA-N	O=C1N[C@@H](Cc2ccc(O)c(Cl)c2)C(=O)N[C@H]1Cc1ccc(O)cc1	5.823908740944319	AF-P9WPP7-F1	a6871bcf3eda67652c145645c1d73f913bff3e49a760cbf5c276b354334a680a	1	A	2IJ7	TPF	62;77;78;82;83;84;85;86;87;167;168;169;229;230;232;233;236;237;280;284;343;385;386	62;77;78;82;83;84;85;86;87;167;168;169;229;230;232;233;236;237;280;284;343;385;386		alphafold_db_predicted_fixed_per_construct	False	True	False	23.0	178.0	1.0	0.0	0.08695652173913043	0.0	0.0	0.0	0.13043478260869565	0.08695652173913043	0.043478260869565216	0.043478260869565216	0.0	0.043478260869565216	0.13043478260869565	0.08695652173913043	0.0	0.043478260869565216	0.043478260869565216	0.043478260869565216	0.08695652173913043	0.13043478260869565	0.0	0.0	0.0	0.6460674157303371	0.17415730337078653	0.16292134831460675	0.016853932584269662	0.0	0.0	0.0	9.485348727076179	15.78903372554598	22.938	21.581	19.601	7.013779028284083	4.719454601861536	4.301801073691815	0.007905138339920948	0.09486166007905138	0.09881422924901186	0.11067193675889328	0.14624505928853754	0.2885375494071146	0.2134387351778656	0.039525691699604744	0.0	0.2015810276679842	4.434782608695652	1.498581559966442
RCSB-6RQ1-KE5-KD:S2	RCSB-6RQ1-KE5-KD	S2	construct-005-6f4aa0a92e90	6f4aa0a92e902b75f71eaad4d939a99889607aea7addb58c35e3b830ffbfe3b3	P9WPP7	6RQ1	KE5	OLLRPTQZHVLIEA-IRXDYDNUSA-N	Cc1cc(O)ccc1C[C@@H]1NC(=O)[C@H](Cc2ccc(O)cc2)NC1=O	4.400116927926312	AF-P9WPP7-F1	a6871bcf3eda67652c145645c1d73f913bff3e49a760cbf5c276b354334a680a	1	A	2IJ7	TPF	62;77;78;82;83;84;85;86;87;167;168;169;229;230;232;233;236;237;280;284;343;385;386	62;77;78;82;83;84;85;86;87;167;168;169;229;230;232;233;236;237;280;284;343;385;386		alphafold_db_predicted_fixed_per_construct	False	True	False	23.0	178.0	1.0	0.0	0.08695652173913043	0.0	0.0	0.0	0.13043478260869565	0.08695652173913043	0.043478260869565216	0.043478260869565216	0.0	0.043478260869565216	0.13043478260869565	0.08695652173913043	0.0	0.043478260869565216	0.043478260869565216	0.043478260869565216	0.08695652173913043	0.13043478260869565	0.0	0.0	0.0	0.6460674157303371	0.17415730337078653	0.16292134831460675	0.016853932584269662	0.0	0.0	0.0	9.485348727076179	15.78903372554598	22.938	21.581	19.601	7.013779028284083	4.719454601861536	4.301801073691815	0.007905138339920948	0.09486166007905138	0.09881422924901186	0.11067193675889328	0.14624505928853754	0.2885375494071146	0.2134387351778656	0.039525691699604744	0.0	0.2015810276679842	4.434782608695652	1.498581559966442
RCSB-6RQ8-KEH-KD:S2	RCSB-6RQ8-KEH-KD	S2	construct-005-6f4aa0a92e90	6f4aa0a92e902b75f71eaad4d939a99889607aea7addb58c35e3b830ffbfe3b3	P9WPP7	6RQ8	KEH	NQIPTQNZLHTHOS-GJZGRUSLSA-N	O=C1N[C@@H](Cc2ccc(O)c(I)c2)C(=O)N[C@H]1Cc1ccc(O)cc1	6.552841968657781	AF-P9WPP7-F1	a6871bcf3eda67652c145645c1d73f913bff3e49a760cbf5c276b354334a680a	1	A	2IJ7	TPF	62;77;78;82;83;84;85;86;87;167;168;169;229;230;232;233;236;237;280;284;343;385;386	62;77;78;82;83;84;85;86;87;167;168;169;229;230;232;233;236;237;280;284;343;385;386		alphafold_db_predicted_fixed_per_construct	False	True	False	23.0	178.0	1.0	0.0	0.08695652173913043	0.0	0.0	0.0	0.13043478260869565	0.08695652173913043	0.043478260869565216	0.043478260869565216	0.0	0.043478260869565216	0.13043478260869565	0.08695652173913043	0.0	0.043478260869565216	0.043478260869565216	0.043478260869565216	0.08695652173913043	0.13043478260869565	0.0	0.0	0.0	0.6460674157303371	0.17415730337078653	0.16292134831460675	0.016853932584269662	0.0	0.0	0.0	9.485348727076179	15.78903372554598	22.938	21.581	19.601	7.013779028284083	4.719454601861536	4.301801073691815	0.007905138339920948	0.09486166007905138	0.09881422924901186	0.11067193675889328	0.14624505928853754	0.2885375494071146	0.2134387351778656	0.039525691699604744	0.0	0.2015810276679842	4.434782608695652	1.498581559966442
RCSB-6RQ5-KEB-KD:S2	RCSB-6RQ5-KEB-KD	S2	construct-005-6f4aa0a92e90	6f4aa0a92e902b75f71eaad4d939a99889607aea7addb58c35e3b830ffbfe3b3	P9WPP7	6RQ5	KEB	UCEYENNEMBTPOB-IRXDYDNUSA-N	Cc1cc(C[C@@H]2NC(=O)[C@H](Cc3ccc(O)cc3)NC2=O)cc(C)c1O	4.82102305270683	AF-P9WPP7-F1	a6871bcf3eda67652c145645c1d73f913bff3e49a760cbf5c276b354334a680a	1	A	2IJ7	TPF	62;77;78;82;83;84;85;86;87;167;168;169;229;230;232;233;236;237;280;284;343;385;386	62;77;78;82;83;84;85;86;87;167;168;169;229;230;232;233;236;237;280;284;343;385;386		alphafold_db_predicted_fixed_per_construct	False	True	False	23.0	178.0	1.0	0.0	0.08695652173913043	0.0	0.0	0.0	0.13043478260869565	0.08695652173913043	0.043478260869565216	0.043478260869565216	0.0	0.043478260869565216	0.13043478260869565	0.08695652173913043	0.0	0.043478260869565216	0.043478260869565216	0.043478260869565216	0.08695652173913043	0.13043478260869565	0.0	0.0	0.0	0.6460674157303371	0.17415730337078653	0.16292134831460675	0.016853932584269662	0.0	0.0	0.0	9.485348727076179	15.78903372554598	22.938	21.581	19.601	7.013779028284083	4.719454601861536	4.301801073691815	0.007905138339920948	0.09486166007905138	0.09881422924901186	0.11067193675889328	0.14624505928853754	0.2885375494071146	0.2134387351778656	0.039525691699604744	0.0	0.2015810276679842	4.434782608695652	1.498581559966442
RCSB-6UIK-Q8M-KD:S2	RCSB-6UIK-Q8M-KD	S2	construct-006-4c5802bc11cc	4c5802bc11cc5b7f44d46300892a69aab5ae957cde8e1acb6ac683003f05de91	P61964	6UIK	Q8M	RWBIWQQGKHMDCL-UHFFFAOYSA-N	O=S(=O)(Nc1cn(C2CCCC2)cn1)c1cc(Br)cc(Cl)c1O	6.3979400086720375	AF-P61964-F1	83164afd59e414cf5855eb525d82037e0c19211a2aec92580830cf275b284e72	1	A	6U5Y	Q0M	223;224;225;226;227;228;240;249;250;252;265;266;267;268;271;272;273;274;288;289;290	223;224;225;226;227;228;240;249;250;252;265;266;267;268;271;272;273;274;288;289;290		alphafold_db_predicted_fixed_per_construct	False	True	False	21.0	174.0	1.0	0.0	0.0	0.0	0.0	0.0	0.047619047619047616	0.09523809523809523	0.0	0.047619047619047616	0.14285714285714285	0.14285714285714285	0.0	0.09523809523809523	0.047619047619047616	0.047619047619047616	0.0	0.09523809523809523	0.047619047619047616	0.047619047619047616	0.047619047619047616	0.09523809523809523	0.0	0.6724137931034483	0.16091954022988506	0.16666666666666666	0.0	0.0	0.0	0.0	8.339551522554304	13.094520636787738	22.299	21.443	19.418	5.622428014385312	5.132953390063039	3.40429321825154	0.014285714285714285	0.11904761904761904	0.11428571428571428	0.1380952380952381	0.16666666666666666	0.3380952380952381	0.10476190476190476	0.004761904761904762	0.0	0.24761904761904763	4.9523809523809526	1.557659736552012
RCSB-6U8O-Q1G-KD:S2	RCSB-6U8O-Q1G-KD	S2	construct-006-4c5802bc11cc	4c5802bc11cc5b7f44d46300892a69aab5ae957cde8e1acb6ac683003f05de91	P61964	6U8O	Q1G	DMCFTKWJTBOJFX-UHFFFAOYSA-N	N#CC1(c2ccc(O)c(NS(=O)(=O)c3cc(Br)ccc3O)c2)CCC1	6.539102157243452	AF-P61964-F1	83164afd59e414cf5855eb525d82037e0c19211a2aec92580830cf275b284e72	1	A	6U5Y	Q0M	223;224;225;226;227;228;240;249;250;252;265;266;267;268;271;272;273;274;288;289;290	223;224;225;226;227;228;240;249;250;252;265;266;267;268;271;272;273;274;288;289;290		alphafold_db_predicted_fixed_per_construct	False	True	False	21.0	174.0	1.0	0.0	0.0	0.0	0.0	0.0	0.047619047619047616	0.09523809523809523	0.0	0.047619047619047616	0.14285714285714285	0.14285714285714285	0.0	0.09523809523809523	0.047619047619047616	0.047619047619047616	0.0	0.09523809523809523	0.047619047619047616	0.047619047619047616	0.047619047619047616	0.09523809523809523	0.0	0.6724137931034483	0.16091954022988506	0.16666666666666666	0.0	0.0	0.0	0.0	8.339551522554304	13.094520636787738	22.299	21.443	19.418	5.622428014385312	5.132953390063039	3.40429321825154	0.014285714285714285	0.11904761904761904	0.11428571428571428	0.1380952380952381	0.16666666666666666	0.3380952380952381	0.10476190476190476	0.004761904761904762	0.0	0.24761904761904763	4.9523809523809526	1.557659736552012
RCSB-6UIF-Q8P-KD:S2	RCSB-6UIF-Q8P-KD	S2	construct-006-4c5802bc11cc	4c5802bc11cc5b7f44d46300892a69aab5ae957cde8e1acb6ac683003f05de91	P61964	6UIF	Q8P	KXQTXSQWNIVQDX-UHFFFAOYSA-N	CNC(=O)c1nc(NS(=O)(=O)c2cc(Br)cc(Cl)c2O)cn1C1CCCC1	6.769551078621726	AF-P61964-F1	83164afd59e414cf5855eb525d82037e0c19211a2aec92580830cf275b284e72	1	A	6U5Y	Q0M	223;224;225;226;227;228;240;249;250;252;265;266;267;268;271;272;273;274;288;289;290	223;224;225;226;227;228;240;249;250;252;265;266;267;268;271;272;273;274;288;289;290		alphafold_db_predicted_fixed_per_construct	False	True	False	21.0	174.0	1.0	0.0	0.0	0.0	0.0	0.0	0.047619047619047616	0.09523809523809523	0.0	0.047619047619047616	0.14285714285714285	0.14285714285714285	0.0	0.09523809523809523	0.047619047619047616	0.047619047619047616	0.0	0.09523809523809523	0.047619047619047616	0.047619047619047616	0.047619047619047616	0.09523809523809523	0.0	0.6724137931034483	0.16091954022988506	0.16666666666666666	0.0	0.0	0.0	0.0	8.339551522554304	13.094520636787738	22.299	21.443	19.418	5.622428014385312	5.132953390063039	3.40429321825154	0.014285714285714285	0.11904761904761904	0.11428571428571428	0.1380952380952381	0.16666666666666666	0.3380952380952381	0.10476190476190476	0.004761904761904762	0.0	0.24761904761904763	4.9523809523809526	1.557659736552012
RCSB-6UJ4-Q8S-KD:S2	RCSB-6UJ4-Q8S-KD	S2	construct-006-4c5802bc11cc	4c5802bc11cc5b7f44d46300892a69aab5ae957cde8e1acb6ac683003f05de91	P61964	6UJ4	Q8S	WOKCPJTYIUMFPY-UHFFFAOYSA-N	Cc1nc(NS(=O)(=O)c2cc(Br)cc(Cl)c2O)cn1C1CCCC1	6.769551078621726	AF-P61964-F1	83164afd59e414cf5855eb525d82037e0c19211a2aec92580830cf275b284e72	1	A	6U5Y	Q0M	223;224;225;226;227;228;240;249;250;252;265;266;267;268;271;272;273;274;288;289;290	223;224;225;226;227;228;240;249;250;252;265;266;267;268;271;272;273;274;288;289;290		alphafold_db_predicted_fixed_per_construct	False	True	False	21.0	174.0	1.0	0.0	0.0	0.0	0.0	0.0	0.047619047619047616	0.09523809523809523	0.0	0.047619047619047616	0.14285714285714285	0.14285714285714285	0.0	0.09523809523809523	0.047619047619047616	0.047619047619047616	0.0	0.09523809523809523	0.047619047619047616	0.047619047619047616	0.047619047619047616	0.09523809523809523	0.0	0.6724137931034483	0.16091954022988506	0.16666666666666666	0.0	0.0	0.0	0.0	8.339551522554304	13.094520636787738	22.299	21.443	19.418	5.622428014385312	5.132953390063039	3.40429321825154	0.014285714285714285	0.11904761904761904	0.11428571428571428	0.1380952380952381	0.16666666666666666	0.3380952380952381	0.10476190476190476	0.004761904761904762	0.0	0.24761904761904763	4.9523809523809526	1.557659736552012
RCSB-6UOZ-QF1-KD:S2	RCSB-6UOZ-QF1-KD	S2	construct-006-4c5802bc11cc	4c5802bc11cc5b7f44d46300892a69aab5ae957cde8e1acb6ac683003f05de91	P61964	6UOZ	QF1	ZBIVDOJYQHNICX-UHFFFAOYSA-N	CS(=O)(=O)c1nc(NS(=O)(=O)c2cc(Br)cc(Cl)c2O)cn1C1CCCC1	7.0	AF-P61964-F1	83164afd59e414cf5855eb525d82037e0c19211a2aec92580830cf275b284e72	1	A	6U5Y	Q0M	223;224;225;226;227;228;240;249;250;252;265;266;267;268;271;272;273;274;288;289;290	223;224;225;226;227;228;240;249;250;252;265;266;267;268;271;272;273;274;288;289;290		alphafold_db_predicted_fixed_per_construct	False	True	False	21.0	174.0	1.0	0.0	0.0	0.0	0.0	0.0	0.047619047619047616	0.09523809523809523	0.0	0.047619047619047616	0.14285714285714285	0.14285714285714285	0.0	0.09523809523809523	0.047619047619047616	0.047619047619047616	0.0	0.09523809523809523	0.047619047619047616	0.047619047619047616	0.047619047619047616	0.09523809523809523	0.0	0.6724137931034483	0.16091954022988506	0.16666666666666666	0.0	0.0	0.0	0.0	8.339551522554304	13.094520636787738	22.299	21.443	19.418	5.622428014385312	5.132953390063039	3.40429321825154	0.014285714285714285	0.11904761904761904	0.11428571428571428	0.1380952380952381	0.16666666666666666	0.3380952380952381	0.10476190476190476	0.004761904761904762	0.0	0.24761904761904763	4.9523809523809526	1.557659736552012
RCSB-6U5M-Q0S-KD:S2	RCSB-6U5M-Q0S-KD	S2	construct-006-4c5802bc11cc	4c5802bc11cc5b7f44d46300892a69aab5ae957cde8e1acb6ac683003f05de91	P61964	6U5M	Q0S	GXKWWSXTDOWSFB-UHFFFAOYSA-N	CS(=O)(=O)c1cc(NS(=O)(=O)c2cc(Br)ccc2O)cc(S(F)(F)(F)(F)F)c1	6.291579099865287	AF-P61964-F1	83164afd59e414cf5855eb525d82037e0c19211a2aec92580830cf275b284e72	1	A	6U5Y	Q0M	223;224;225;226;227;228;240;249;250;252;265;266;267;268;271;272;273;274;288;289;290	223;224;225;226;227;228;240;249;250;252;265;266;267;268;271;272;273;274;288;289;290		alphafold_db_predicted_fixed_per_construct	False	True	False	21.0	174.0	1.0	0.0	0.0	0.0	0.0	0.0	0.047619047619047616	0.09523809523809523	0.0	0.047619047619047616	0.14285714285714285	0.14285714285714285	0.0	0.09523809523809523	0.047619047619047616	0.047619047619047616	0.0	0.09523809523809523	0.047619047619047616	0.047619047619047616	0.047619047619047616	0.09523809523809523	0.0	0.6724137931034483	0.16091954022988506	0.16666666666666666	0.0	0.0	0.0	0.0	8.339551522554304	13.094520636787738	22.299	21.443	19.418	5.622428014385312	5.132953390063039	3.40429321825154	0.014285714285714285	0.11904761904761904	0.11428571428571428	0.1380952380952381	0.16666666666666666	0.3380952380952381	0.10476190476190476	0.004761904761904762	0.0	0.24761904761904763	4.9523809523809526	1.557659736552012
RCSB-6U8L-Q1P-KD:S2	RCSB-6U8L-Q1P-KD	S2	construct-006-4c5802bc11cc	4c5802bc11cc5b7f44d46300892a69aab5ae957cde8e1acb6ac683003f05de91	P61964	6U8L	Q1P	LZQVQCAIOFNYFL-UHFFFAOYSA-N	O=C(O)c1c(O)c(NS(=O)(=O)c2cc(Br)ccc2O)cc(C2CC2)c1F	6.913640169325252	AF-P61964-F1	83164afd59e414cf5855eb525d82037e0c19211a2aec92580830cf275b284e72	1	A	6U5Y	Q0M	223;224;225;226;227;228;240;249;250;252;265;266;267;268;271;272;273;274;288;289;290	223;224;225;226;227;228;240;249;250;252;265;266;267;268;271;272;273;274;288;289;290		alphafold_db_predicted_fixed_per_construct	False	True	False	21.0	174.0	1.0	0.0	0.0	0.0	0.0	0.0	0.047619047619047616	0.09523809523809523	0.0	0.047619047619047616	0.14285714285714285	0.14285714285714285	0.0	0.09523809523809523	0.047619047619047616	0.047619047619047616	0.0	0.09523809523809523	0.047619047619047616	0.047619047619047616	0.047619047619047616	0.09523809523809523	0.0	0.6724137931034483	0.16091954022988506	0.16666666666666666	0.0	0.0	0.0	0.0	8.339551522554304	13.094520636787738	22.299	21.443	19.418	5.622428014385312	5.132953390063039	3.40429321825154	0.014285714285714285	0.11904761904761904	0.11428571428571428	0.1380952380952381	0.16666666666666666	0.3380952380952381	0.10476190476190476	0.004761904761904762	0.0	0.24761904761904763	4.9523809523809526	1.557659736552012
RCSB-5U4D-XLO-KD:S2	RCSB-5U4D-XLO-KD	S2	construct-007-c863deb44383	c863deb44383d7aaa833b975f4a87af77d63581d8e92f1f718f0d3300424a4c7	P02766	5U4D	XLO	FFFUYAAIQHIBGO-SNAWJCMRSA-N	O=C(O)c1cccc(/C=C/c2ccc(O)cc2Cl)c1	6.327902142064282	AF-P02766-F1	043613789f0ecec3340293ccfa5d299febcd59d4a1f64bdb04bc6053738c1e30	1	A	5U4B	XOS	33;35;37;74;126;128;129;130;137;138;139;141	33;35;37;74;126;128;129;130;137;138;139;141		alphafold_db_predicted_fixed_per_construct	False	True	False	12.0	86.0	1.0	0.0	0.16666666666666666	0.0	0.0	0.08333333333333333	0.0	0.0	0.0	0.0	0.08333333333333333	0.16666666666666666	0.08333333333333333	0.0	0.0	0.0	0.0	0.08333333333333333	0.25	0.08333333333333333	0.0	0.0	0.0	0.627906976744186	0.1511627906976744	0.20930232558139536	0.011627906976744186	0.0	0.0	0.0	6.9926966213614	10.370852785402198	18.409	16.322	11.836	5.162170810105033	4.231621586855816	2.0840291052081135	0.015151515151515152	0.22727272727272727	0.21212121212121213	0.13636363636363635	0.18181818181818182	0.21212121212121213	0.015151515151515152	0.0	0.0	0.45454545454545453	5.0	1.8257418583505538
RCSB-5U4F-IWW-KD:S2	RCSB-5U4F-IWW-KD	S2	construct-007-c863deb44383	c863deb44383d7aaa833b975f4a87af77d63581d8e92f1f718f0d3300424a4c7	P02766	5U4F	IWW	HTUPKLSVPPCVMY-OWOJBTEDSA-N	OB(O)c1ccc(/C=C/c2ccc(B(O)O)cc2Cl)c(Cl)c1	6.327902142064282	AF-P02766-F1	043613789f0ecec3340293ccfa5d299febcd59d4a1f64bdb04bc6053738c1e30	1	A	5U4B	XOS	33;35;37;74;126;128;129;130;137;138;139;141	33;35;37;74;126;128;129;130;137;138;139;141		alphafold_db_predicted_fixed_per_construct	False	True	False	12.0	86.0	1.0	0.0	0.16666666666666666	0.0	0.0	0.08333333333333333	0.0	0.0	0.0	0.0	0.08333333333333333	0.16666666666666666	0.08333333333333333	0.0	0.0	0.0	0.0	0.08333333333333333	0.25	0.08333333333333333	0.0	0.0	0.0	0.627906976744186	0.1511627906976744	0.20930232558139536	0.011627906976744186	0.0	0.0	0.0	6.9926966213614	10.370852785402198	18.409	16.322	11.836	5.162170810105033	4.231621586855816	2.0840291052081135	0.015151515151515152	0.22727272727272727	0.21212121212121213	0.13636363636363635	0.18181818181818182	0.21212121212121213	0.015151515151515152	0.0	0.0	0.45454545454545453	5.0	1.8257418583505538
RCSB-5U49-S2L-KD:S2	RCSB-5U49-S2L-KD	S2	construct-007-c863deb44383	c863deb44383d7aaa833b975f4a87af77d63581d8e92f1f718f0d3300424a4c7	P02766	5U49	S2L	YSKUNWVWMAIANA-OWOJBTEDSA-N	Oc1cc(O)cc(/C=C/c2ccc(O)cc2Cl)c1	6.136677139879544	AF-P02766-F1	043613789f0ecec3340293ccfa5d299febcd59d4a1f64bdb04bc6053738c1e30	1	A	5U4B	XOS	33;35;37;74;126;128;129;130;137;138;139;141	33;35;37;74;126;128;129;130;137;138;139;141		alphafold_db_predicted_fixed_per_construct	False	True	False	12.0	86.0	1.0	0.0	0.16666666666666666	0.0	0.0	0.08333333333333333	0.0	0.0	0.0	0.0	0.08333333333333333	0.16666666666666666	0.08333333333333333	0.0	0.0	0.0	0.0	0.08333333333333333	0.25	0.08333333333333333	0.0	0.0	0.0	0.627906976744186	0.1511627906976744	0.20930232558139536	0.011627906976744186	0.0	0.0	0.0	6.9926966213614	10.370852785402198	18.409	16.322	11.836	5.162170810105033	4.231621586855816	2.0840291052081135	0.015151515151515152	0.22727272727272727	0.21212121212121213	0.13636363636363635	0.18181818181818182	0.21212121212121213	0.015151515151515152	0.0	0.0	0.45454545454545453	5.0	1.8257418583505538
RCSB-5U4E-XLB-KD:S2	RCSB-5U4E-XLB-KD	S2	construct-007-c863deb44383	c863deb44383d7aaa833b975f4a87af77d63581d8e92f1f718f0d3300424a4c7	P02766	5U4E	XLB	ZEPBMSWEDHLTGZ-SNAWJCMRSA-N	O=C(O)c1cccc(/C=C/c2ccc(B(O)O)cc2Cl)c1	6.346787486224656	AF-P02766-F1	043613789f0ecec3340293ccfa5d299febcd59d4a1f64bdb04bc6053738c1e30	1	A	5U4B	XOS	33;35;37;74;126;128;129;130;137;138;139;141	33;35;37;74;126;128;129;130;137;138;139;141		alphafold_db_predicted_fixed_per_construct	False	True	False	12.0	86.0	1.0	0.0	0.16666666666666666	0.0	0.0	0.08333333333333333	0.0	0.0	0.0	0.0	0.08333333333333333	0.16666666666666666	0.08333333333333333	0.0	0.0	0.0	0.0	0.08333333333333333	0.25	0.08333333333333333	0.0	0.0	0.0	0.627906976744186	0.1511627906976744	0.20930232558139536	0.011627906976744186	0.0	0.0	0.0	6.9926966213614	10.370852785402198	18.409	16.322	11.836	5.162170810105033	4.231621586855816	2.0840291052081135	0.015151515151515152	0.22727272727272727	0.21212121212121213	0.13636363636363635	0.18181818181818182	0.21212121212121213	0.015151515151515152	0.0	0.0	0.45454545454545453	5.0	1.8257418583505538
RCSB-5U48-S4B-KD:S2	RCSB-5U48-S4B-KD	S2	construct-007-c863deb44383	c863deb44383d7aaa833b975f4a87af77d63581d8e92f1f718f0d3300424a4c7	P02766	5U48	S4B	DYVLARRBNBVUFX-OWOJBTEDSA-N	OB(O)c1ccc(/C=C/c2cc(O)cc(O)c2)cc1	6.327902142064282	AF-P02766-F1	043613789f0ecec3340293ccfa5d299febcd59d4a1f64bdb04bc6053738c1e30	1	A	5U4B	XOS	33;35;37;74;126;128;129;130;137;138;139;141	33;35;37;74;126;128;129;130;137;138;139;141		alphafold_db_predicted_fixed_per_construct	False	True	False	12.0	86.0	1.0	0.0	0.16666666666666666	0.0	0.0	0.08333333333333333	0.0	0.0	0.0	0.0	0.08333333333333333	0.16666666666666666	0.08333333333333333	0.0	0.0	0.0	0.0	0.08333333333333333	0.25	0.08333333333333333	0.0	0.0	0.0	0.627906976744186	0.1511627906976744	0.20930232558139536	0.011627906976744186	0.0	0.0	0.0	6.9926966213614	10.370852785402198	18.409	16.322	11.836	5.162170810105033	4.231621586855816	2.0840291052081135	0.015151515151515152	0.22727272727272727	0.21212121212121213	0.13636363636363635	0.18181818181818182	0.21212121212121213	0.015151515151515152	0.0	0.0	0.45454545454545453	5.0	1.8257418583505538
RCSB-5U4A-7VG-KD:S2	RCSB-5U4A-7VG-KD	S2	construct-007-c863deb44383	c863deb44383d7aaa833b975f4a87af77d63581d8e92f1f718f0d3300424a4c7	P02766	5U4A	7VG	KRQCUYXETWACBK-OWOJBTEDSA-N	OB(O)c1ccc(/C=C/c2cc(O)cc(O)c2)c(Cl)c1	6.356547323513812	AF-P02766-F1	043613789f0ecec3340293ccfa5d299febcd59d4a1f64bdb04bc6053738c1e30	1	A	5U4B	XOS	33;35;37;74;126;128;129;130;137;138;139;141	33;35;37;74;126;128;129;130;137;138;139;141		alphafold_db_predicted_fixed_per_construct	False	True	False	12.0	86.0	1.0	0.0	0.16666666666666666	0.0	0.0	0.08333333333333333	0.0	0.0	0.0	0.0	0.08333333333333333	0.16666666666666666	0.08333333333333333	0.0	0.0	0.0	0.0	0.08333333333333333	0.25	0.08333333333333333	0.0	0.0	0.0	0.627906976744186	0.1511627906976744	0.20930232558139536	0.011627906976744186	0.0	0.0	0.0	6.9926966213614	10.370852785402198	18.409	16.322	11.836	5.162170810105033	4.231621586855816	2.0840291052081135	0.015151515151515152	0.22727272727272727	0.21212121212121213	0.13636363636363635	0.18181818181818182	0.21212121212121213	0.015151515151515152	0.0	0.0	0.45454545454545453	5.0	1.8257418583505538
RCSB-5U4C-XBS-KD:S2	RCSB-5U4C-XBS-KD	S2	construct-007-c863deb44383	c863deb44383d7aaa833b975f4a87af77d63581d8e92f1f718f0d3300424a4c7	P02766	5U4C	XBS	YDRUKHFGOZJRHC-SNAWJCMRSA-N	O=C(O)c1cccc(/C=C/c2ccc(B(O)O)cc2)c1	6.00436480540245	AF-P02766-F1	043613789f0ecec3340293ccfa5d299febcd59d4a1f64bdb04bc6053738c1e30	1	A	5U4B	XOS	33;35;37;74;126;128;129;130;137;138;139;141	33;35;37;74;126;128;129;130;137;138;139;141		alphafold_db_predicted_fixed_per_construct	False	True	False	12.0	86.0	1.0	0.0	0.16666666666666666	0.0	0.0	0.08333333333333333	0.0	0.0	0.0	0.0	0.08333333333333333	0.16666666666666666	0.08333333333333333	0.0	0.0	0.0	0.0	0.08333333333333333	0.25	0.08333333333333333	0.0	0.0	0.0	0.627906976744186	0.1511627906976744	0.20930232558139536	0.011627906976744186	0.0	0.0	0.0	6.9926966213614	10.370852785402198	18.409	16.322	11.836	5.162170810105033	4.231621586855816	2.0840291052081135	0.015151515151515152	0.22727272727272727	0.21212121212121213	0.13636363636363635	0.18181818181818182	0.21212121212121213	0.015151515151515152	0.0	0.0	0.45454545454545453	5.0	1.8257418583505538
RCSB-3SHY-5FO-KD:S2	RCSB-3SHY-5FO-KD	S2	construct-008-60863bf56b3f	60863bf56b3f99bffa130791145a7e04a563d17ac96baa1de4d96493ba2f0ea1	O76074	3SHY	5FO	MMOIQVJIHPNAIU-UHFFFAOYSA-N	CCCOc1ccc(S(=O)(=O)N2CCN(C)CC2)cc1-c1nc(CC)c(F)c(=O)[nH]1	5.769551078621726	AF-O76074-F1	62fb047677afbcae20622d5362f9a9ff7eb6975a0652e8e8724f1144653a7e4f	1	A	3SIE	5BO	612;613;680;725;764;765;767;768;775;778;779;780;782;783;786;804;813;815;816;817;819;820;823;824;853	612;613;680;725;764;765;767;768;775;778;779;780;782;783;786;804;813;815;816;817;819;820;823;824;853		alphafold_db_predicted_fixed_per_construct	False	True	False	25.0	202.0	1.0	0.0	0.16	0.0	0.04	0.04	0.08	0.04	0.04	0.2	0.0	0.12	0.04	0.0	0.0	0.08	0.0	0.04	0.0	0.04	0.04	0.04	0.0	0.6831683168316832	0.1485148514851485	0.16336633663366337	0.0049504950495049506	0.0	0.0	0.0	9.631279041519623	21.068820232507843	30.262999999999998	25.213	21.250999999999998	6.559180847724393	5.332766668772453	4.615222880738287	0.0033333333333333335	0.07666666666666666	0.11	0.1	0.19	0.3	0.15333333333333332	0.06666666666666667	0.0	0.19	4.56	2.060679499582601
RCSB-4OEX-5EO-KD:S2	RCSB-4OEX-5EO-KD	S2	construct-008-60863bf56b3f	60863bf56b3f99bffa130791145a7e04a563d17ac96baa1de4d96493ba2f0ea1	O76074	4OEX	5EO	AFKWCGKAOQNLTO-UHFFFAOYSA-N	CCCOc1ccc(S(=O)(=O)N2CCN(C)CC2)cc1-c1nc(CC)cc(=O)[nH]1	5.823908740944319	AF-O76074-F1	62fb047677afbcae20622d5362f9a9ff7eb6975a0652e8e8724f1144653a7e4f	1	A	3SIE	5BO	612;613;680;725;764;765;767;768;775;778;779;780;782;783;786;804;813;815;816;817;819;820;823;824;853	612;613;680;725;764;765;767;768;775;778;779;780;782;783;786;804;813;815;816;817;819;820;823;824;853		alphafold_db_predicted_fixed_per_construct	False	True	False	25.0	202.0	1.0	0.0	0.16	0.0	0.04	0.04	0.08	0.04	0.04	0.2	0.0	0.12	0.04	0.0	0.0	0.08	0.0	0.04	0.0	0.04	0.04	0.04	0.0	0.6831683168316832	0.1485148514851485	0.16336633663366337	0.0049504950495049506	0.0	0.0	0.0	9.631279041519623	21.068820232507843	30.262999999999998	25.213	21.250999999999998	6.559180847724393	5.332766668772453	4.615222880738287	0.0033333333333333335	0.07666666666666666	0.11	0.1	0.19	0.3	0.15333333333333332	0.06666666666666667	0.0	0.19	4.56	2.060679499582601
RCSB-4G2W-NI0-KD:S2	RCSB-4G2W-NI0-KD	S2	construct-008-60863bf56b3f	60863bf56b3f99bffa130791145a7e04a563d17ac96baa1de4d96493ba2f0ea1	O76074	4G2W	NI0	FJJLJIBQQGUEHI-UHFFFAOYSA-N	CCCOc1ccc(S(=O)(=O)N2CCN(C)CC2)cc1-c1nc(CC)c(CC)c(=O)[nH]1	6.882728704344236	AF-O76074-F1	62fb047677afbcae20622d5362f9a9ff7eb6975a0652e8e8724f1144653a7e4f	1	A	3SIE	5BO	612;613;680;725;764;765;767;768;775;778;779;780;782;783;786;804;813;815;816;817;819;820;823;824;853	612;613;680;725;764;765;767;768;775;778;779;780;782;783;786;804;813;815;816;817;819;820;823;824;853		alphafold_db_predicted_fixed_per_construct	False	True	False	25.0	202.0	1.0	0.0	0.16	0.0	0.04	0.04	0.08	0.04	0.04	0.2	0.0	0.12	0.04	0.0	0.0	0.08	0.0	0.04	0.0	0.04	0.04	0.04	0.0	0.6831683168316832	0.1485148514851485	0.16336633663366337	0.0049504950495049506	0.0	0.0	0.0	9.631279041519623	21.068820232507843	30.262999999999998	25.213	21.250999999999998	6.559180847724393	5.332766668772453	4.615222880738287	0.0033333333333333335	0.07666666666666666	0.11	0.1	0.19	0.3	0.15333333333333332	0.06666666666666667	0.0	0.19	4.56	2.060679499582601
RCSB-4OEW-5IO-KD:S2	RCSB-4OEW-5IO-KD	S2	construct-008-60863bf56b3f	60863bf56b3f99bffa130791145a7e04a563d17ac96baa1de4d96493ba2f0ea1	O76074	4OEW	5IO	CLYYLXSJJMHCHN-UHFFFAOYSA-N	CCCOc1ccc(S(=O)(=O)N2CCN(C)CC2)cc1-c1nc(CC)c(I)c(=O)[nH]1	6.823908740944319	AF-O76074-F1	62fb047677afbcae20622d5362f9a9ff7eb6975a0652e8e8724f1144653a7e4f	1	A	3SIE	5BO	612;613;680;725;764;765;767;768;775;778;779;780;782;783;786;804;813;815;816;817;819;820;823;824;853	612;613;680;725;764;765;767;768;775;778;779;780;782;783;786;804;813;815;816;817;819;820;823;824;853		alphafold_db_predicted_fixed_per_construct	False	True	False	25.0	202.0	1.0	0.0	0.16	0.0	0.04	0.04	0.08	0.04	0.04	0.2	0.0	0.12	0.04	0.0	0.0	0.08	0.0	0.04	0.0	0.04	0.04	0.04	0.0	0.6831683168316832	0.1485148514851485	0.16336633663366337	0.0049504950495049506	0.0	0.0	0.0	9.631279041519623	21.068820232507843	30.262999999999998	25.213	21.250999999999998	6.559180847724393	5.332766668772453	4.615222880738287	0.0033333333333333335	0.07666666666666666	0.11	0.1	0.19	0.3	0.15333333333333332	0.06666666666666667	0.0	0.19	4.56	2.060679499582601
RCSB-6IWI-B0C-KD:S2	RCSB-6IWI-B0C-KD	S2	construct-008-60863bf56b3f	60863bf56b3f99bffa130791145a7e04a563d17ac96baa1de4d96493ba2f0ea1	O76074	6IWI	B0C	PIOIVHHIGWTEJQ-UHFFFAOYSA-N	CCCOc1ccc(NC(=O)CN2CCN(C)CC2)cc1-c1nc(CC)c(CC)c(=O)[nH]1	7.086186147616283	AF-O76074-F1	62fb047677afbcae20622d5362f9a9ff7eb6975a0652e8e8724f1144653a7e4f	1	A	3SIE	5BO	612;613;680;725;764;765;767;768;775;778;779;780;782;783;786;804;813;815;816;817;819;820;823;824;853	612;613;680;725;764;765;767;768;775;778;779;780;782;783;786;804;813;815;816;817;819;820;823;824;853		alphafold_db_predicted_fixed_per_construct	False	True	False	25.0	202.0	1.0	0.0	0.16	0.0	0.04	0.04	0.08	0.04	0.04	0.2	0.0	0.12	0.04	0.0	0.0	0.08	0.0	0.04	0.0	0.04	0.04	0.04	0.0	0.6831683168316832	0.1485148514851485	0.16336633663366337	0.0049504950495049506	0.0	0.0	0.0	9.631279041519623	21.068820232507843	30.262999999999998	25.213	21.250999999999998	6.559180847724393	5.332766668772453	4.615222880738287	0.0033333333333333335	0.07666666666666666	0.11	0.1	0.19	0.3	0.15333333333333332	0.06666666666666667	0.0	0.19	4.56	2.060679499582601
RCSB-3SHZ-5CO-KD:S2	RCSB-3SHZ-5CO-KD	S2	construct-008-60863bf56b3f	60863bf56b3f99bffa130791145a7e04a563d17ac96baa1de4d96493ba2f0ea1	O76074	3SHZ	5CO	HVJOKVUJWQTZFF-UHFFFAOYSA-N	CCCOc1ccc(S(=O)(=O)N2CCN(C)CC2)cc1-c1nc(CC)c(Cl)c(=O)[nH]1	6.113509274827518	AF-O76074-F1	62fb047677afbcae20622d5362f9a9ff7eb6975a0652e8e8724f1144653a7e4f	1	A	3SIE	5BO	612;613;680;725;764;765;767;768;775;778;779;780;782;783;786;804;813;815;816;817;819;820;823;824;853	612;613;680;725;764;765;767;768;775;778;779;780;782;783;786;804;813;815;816;817;819;820;823;824;853		alphafold_db_predicted_fixed_per_construct	False	True	False	25.0	202.0	1.0	0.0	0.16	0.0	0.04	0.04	0.08	0.04	0.04	0.2	0.0	0.12	0.04	0.0	0.0	0.08	0.0	0.04	0.0	0.04	0.04	0.04	0.0	0.6831683168316832	0.1485148514851485	0.16336633663366337	0.0049504950495049506	0.0	0.0	0.0	9.631279041519623	21.068820232507843	30.262999999999998	25.213	21.250999999999998	6.559180847724393	5.332766668772453	4.615222880738287	0.0033333333333333335	0.07666666666666666	0.11	0.1	0.19	0.3	0.15333333333333332	0.06666666666666667	0.0	0.19	4.56	2.060679499582601
RCSB-6I0Z-GZQ-KD:S2	RCSB-6I0Z-GZQ-KD	S2	construct-009-2b786a6db716	2b786a6db716e3e887b22be571240bab2f5ece00a09ed5d79924f54bbed70aba	Q16658	6I0Z	GZQ	NVSSRRQIUAFBIU-UHFFFAOYSA-N	CC(=O)N(C)c1ccc(Cl)cc1Cl	4.036212172654444	AF-Q16658-F1	f320c1b004439fb055e374904134469d842b9238924df236af8a0b1609a25c3f	1	A	6I12	H08	14;16;48;60;62;93;94;95;101;103;134;213;214;215;216;217;224	14;16;48;60;62;93;94;95;101;103;134;213;214;215;216;217;224		alphafold_db_predicted_fixed_per_construct	False	True	False	17.0	148.0	1.0	0.0	0.058823529411764705	0.0	0.0	0.058823529411764705	0.11764705882352941	0.0	0.0	0.058823529411764705	0.0	0.29411764705882354	0.0	0.0	0.0	0.0	0.11764705882352941	0.0	0.058823529411764705	0.17647058823529413	0.058823529411764705	0.0	0.0	0.7027027027027027	0.16216216216216217	0.13513513513513514	0.0	0.0	0.0	0.0	7.817344720415767	12.738834007613843	21.679000000000002	20.091	16.994999999999997	5.488252084701641	4.0807549885461425	3.7864767602662175	0.0	0.08088235294117647	0.20588235294117646	0.14705882352941177	0.2647058823529412	0.2426470588235294	0.051470588235294115	0.007352941176470588	0.0	0.2867647058823529	4.588235294117647	1.9721240722635542
RCSB-6I13-H0Q-KD:S2	RCSB-6I13-H0Q-KD	S2	construct-009-2b786a6db716	2b786a6db716e3e887b22be571240bab2f5ece00a09ed5d79924f54bbed70aba	Q16658	6I13	H0Q	XBJCGFCUIMJMDK-UHFFFAOYSA-N	Cn1cc(NC(=O)c2cn(Cc3cccc(Cl)c3)c(=O)c3ccccc23)cn1	5.119186407719209	AF-Q16658-F1	f320c1b004439fb055e374904134469d842b9238924df236af8a0b1609a25c3f	1	A	6I12	H08	14;16;48;60;62;93;94;95;101;103;134;213;214;215;216;217;224	14;16;48;60;62;93;94;95;101;103;134;213;214;215;216;217;224		alphafold_db_predicted_fixed_per_construct	False	True	False	17.0	148.0	1.0	0.0	0.058823529411764705	0.0	0.0	0.058823529411764705	0.11764705882352941	0.0	0.0	0.058823529411764705	0.0	0.29411764705882354	0.0	0.0	0.0	0.0	0.11764705882352941	0.0	0.058823529411764705	0.17647058823529413	0.058823529411764705	0.0	0.0	0.7027027027027027	0.16216216216216217	0.13513513513513514	0.0	0.0	0.0	0.0	7.817344720415767	12.738834007613843	21.679000000000002	20.091	16.994999999999997	5.488252084701641	4.0807549885461425	3.7864767602662175	0.0	0.08088235294117647	0.20588235294117646	0.14705882352941177	0.2647058823529412	0.2426470588235294	0.051470588235294115	0.007352941176470588	0.0	0.2867647058823529	4.588235294117647	1.9721240722635542
RCSB-6I11-H0H-KD:S2	RCSB-6I11-H0H-KD	S2	construct-009-2b786a6db716	2b786a6db716e3e887b22be571240bab2f5ece00a09ed5d79924f54bbed70aba	Q16658	6I11	H0H	VTTHLQZKGGQAGE-UHFFFAOYSA-N	Cn1cc(NC(=O)c2cn(Cc3ccccc3)c(=O)c3ccccc23)cn1	4.533132379645891	AF-Q16658-F1	f320c1b004439fb055e374904134469d842b9238924df236af8a0b1609a25c3f	1	A	6I12	H08	14;16;48;60;62;93;94;95;101;103;134;213;214;215;216;217;224	14;16;48;60;62;93;94;95;101;103;134;213;214;215;216;217;224		alphafold_db_predicted_fixed_per_construct	False	True	False	17.0	148.0	1.0	0.0	0.058823529411764705	0.0	0.0	0.058823529411764705	0.11764705882352941	0.0	0.0	0.058823529411764705	0.0	0.29411764705882354	0.0	0.0	0.0	0.0	0.11764705882352941	0.0	0.058823529411764705	0.17647058823529413	0.058823529411764705	0.0	0.0	0.7027027027027027	0.16216216216216217	0.13513513513513514	0.0	0.0	0.0	0.0	7.817344720415767	12.738834007613843	21.679000000000002	20.091	16.994999999999997	5.488252084701641	4.0807549885461425	3.7864767602662175	0.0	0.08088235294117647	0.20588235294117646	0.14705882352941177	0.2647058823529412	0.2426470588235294	0.051470588235294115	0.007352941176470588	0.0	0.2867647058823529	4.588235294117647	1.9721240722635542
RCSB-6I14-GZN-KD:S2	RCSB-6I14-GZN-KD	S2	construct-009-2b786a6db716	2b786a6db716e3e887b22be571240bab2f5ece00a09ed5d79924f54bbed70aba	Q16658	6I14	GZN	ARDJWVHRRXSBIV-UHFFFAOYSA-N	Cn1cc(NC(=O)c2cn(Cc3ccc(Cl)c(Cl)c3)c(=O)c3ccccc23)cn1	5.823908740944319	AF-Q16658-F1	f320c1b004439fb055e374904134469d842b9238924df236af8a0b1609a25c3f	1	A	6I12	H08	14;16;48;60;62;93;94;95;101;103;134;213;214;215;216;217;224	14;16;48;60;62;93;94;95;101;103;134;213;214;215;216;217;224		alphafold_db_predicted_fixed_per_construct	False	True	False	17.0	148.0	1.0	0.0	0.058823529411764705	0.0	0.0	0.058823529411764705	0.11764705882352941	0.0	0.0	0.058823529411764705	0.0	0.29411764705882354	0.0	0.0	0.0	0.0	0.11764705882352941	0.0	0.058823529411764705	0.17647058823529413	0.058823529411764705	0.0	0.0	0.7027027027027027	0.16216216216216217	0.13513513513513514	0.0	0.0	0.0	0.0	7.817344720415767	12.738834007613843	21.679000000000002	20.091	16.994999999999997	5.488252084701641	4.0807549885461425	3.7864767602662175	0.0	0.08088235294117647	0.20588235294117646	0.14705882352941177	0.2647058823529412	0.2426470588235294	0.051470588235294115	0.007352941176470588	0.0	0.2867647058823529	4.588235294117647	1.9721240722635542
RCSB-6QLO-J5E-KD:S2	RCSB-6QLO-J5E-KD	S2	construct-011-4f6fb808c4a8	4f6fb808c4a82020b43c250bf9d4643eb416c379f5db1f8b1ec12c3b9239f487	P17931	6QLO	J5E	DWZCKGAEDMIIIZ-IFLJBQAJSA-N	Cc1ccc(S[C@@H]2O[C@H](CO)[C@H](O)[C@H](n3cc(-c4ccc(F)c(F)c4)nn3)[C@H]2O)cc1	5.055517327849831	AF-P17931-F1	11f974fb8e084aee0d53857bedc16ae0a1e92d262f4f840b30f8420740bf7cca	1	A	6QLR	J4N	144;145;146;148;158;160;161;162;172;173;174;181;182;184;237;238;239	144;145;146;148;158;160;161;162;172;173;174;181;182;184;237;238;239		alphafold_db_predicted_fixed_per_construct	False	True	False	17.0	134.0	1.0	0.0	0.058823529411764705	0.058823529411764705	0.11764705882352941	0.058823529411764705	0.0	0.11764705882352941	0.058823529411764705	0.058823529411764705	0.0	0.0	0.0	0.11764705882352941	0.058823529411764705	0.0	0.11764705882352941	0.058823529411764705	0.0	0.058823529411764705	0.058823529411764705	0.0	0.0	0.5895522388059702	0.208955223880597	0.19402985074626866	0.007462686567164179	0.0	0.0	0.0	7.815689951260528	12.984671703300071	24.541	18.197999999999997	12.84	6.43688555110808	3.61514999213107	2.5655807043563343	0.029411764705882353	0.19852941176470587	0.11764705882352941	0.19117647058823528	0.13970588235294118	0.20588235294117646	0.09558823529411764	0.022058823529411766	0.0	0.34558823529411764	5.529411764705882	1.7529016971472164
RCSB-6QLT-J5W-KD:S2	RCSB-6QLT-J5W-KD	S2	construct-011-4f6fb808c4a8	4f6fb808c4a82020b43c250bf9d4643eb416c379f5db1f8b1ec12c3b9239f487	P17931	6QLT	J5W	SPWDDLPVHYIRJF-IFLJBQAJSA-N	Cc1ccc(S[C@@H]2O[C@H](CO)[C@H](O)[C@H](n3cc(-c4ccccc4F)nn3)[C@H]2O)cc1	4.036212172654444	AF-P17931-F1	11f974fb8e084aee0d53857bedc16ae0a1e92d262f4f840b30f8420740bf7cca	1	A	6QLR	J4N	144;145;146;148;158;160;161;162;172;173;174;181;182;184;237;238;239	144;145;146;148;158;160;161;162;172;173;174;181;182;184;237;238;239		alphafold_db_predicted_fixed_per_construct	False	True	False	17.0	134.0	1.0	0.0	0.058823529411764705	0.058823529411764705	0.11764705882352941	0.058823529411764705	0.0	0.11764705882352941	0.058823529411764705	0.058823529411764705	0.0	0.0	0.0	0.11764705882352941	0.058823529411764705	0.0	0.11764705882352941	0.058823529411764705	0.0	0.058823529411764705	0.058823529411764705	0.0	0.0	0.5895522388059702	0.208955223880597	0.19402985074626866	0.007462686567164179	0.0	0.0	0.0	7.815689951260528	12.984671703300071	24.541	18.197999999999997	12.84	6.43688555110808	3.61514999213107	2.5655807043563343	0.029411764705882353	0.19852941176470587	0.11764705882352941	0.19117647058823528	0.13970588235294118	0.20588235294117646	0.09558823529411764	0.022058823529411766	0.0	0.34558823529411764	5.529411764705882	1.7529016971472164
RCSB-6QLQ-J4E-KD:S2	RCSB-6QLQ-J4E-KD	S2	construct-011-4f6fb808c4a8	4f6fb808c4a82020b43c250bf9d4643eb416c379f5db1f8b1ec12c3b9239f487	P17931	6QLQ	J4E	LEJGTTBPRKJROI-IFLJBQAJSA-N	Cc1ccc(S[C@@H]2O[C@H](CO)[C@H](O)[C@H](n3cc(-c4ccc(F)cc4)nn3)[C@H]2O)cc1	4.508638306165727	AF-P17931-F1	11f974fb8e084aee0d53857bedc16ae0a1e92d262f4f840b30f8420740bf7cca	1	A	6QLR	J4N	144;145;146;148;158;160;161;162;172;173;174;181;182;184;237;238;239	144;145;146;148;158;160;161;162;172;173;174;181;182;184;237;238;239		alphafold_db_predicted_fixed_per_construct	False	True	False	17.0	134.0	1.0	0.0	0.058823529411764705	0.058823529411764705	0.11764705882352941	0.058823529411764705	0.0	0.11764705882352941	0.058823529411764705	0.058823529411764705	0.0	0.0	0.0	0.11764705882352941	0.058823529411764705	0.0	0.11764705882352941	0.058823529411764705	0.0	0.058823529411764705	0.058823529411764705	0.0	0.0	0.5895522388059702	0.208955223880597	0.19402985074626866	0.007462686567164179	0.0	0.0	0.0	7.815689951260528	12.984671703300071	24.541	18.197999999999997	12.84	6.43688555110808	3.61514999213107	2.5655807043563343	0.029411764705882353	0.19852941176470587	0.11764705882352941	0.19117647058823528	0.13970588235294118	0.20588235294117646	0.09558823529411764	0.022058823529411766	0.0	0.34558823529411764	5.529411764705882	1.7529016971472164
RCSB-6QLN-J5Q-KD:S2	RCSB-6QLN-J5Q-KD	S2	construct-011-4f6fb808c4a8	4f6fb808c4a82020b43c250bf9d4643eb416c379f5db1f8b1ec12c3b9239f487	P17931	6QLN	J5Q	LTAMTECRMDNLJJ-IFLJBQAJSA-N	Cc1ccc(S[C@@H]2O[C@H](CO)[C@H](O)[C@H](n3cc(-c4cccc(F)c4)nn3)[C@H]2O)cc1	4.657577319177793	AF-P17931-F1	11f974fb8e084aee0d53857bedc16ae0a1e92d262f4f840b30f8420740bf7cca	1	A	6QLR	J4N	144;145;146;148;158;160;161;162;172;173;174;181;182;184;237;238;239	144;145;146;148;158;160;161;162;172;173;174;181;182;184;237;238;239		alphafold_db_predicted_fixed_per_construct	False	True	False	17.0	134.0	1.0	0.0	0.058823529411764705	0.058823529411764705	0.11764705882352941	0.058823529411764705	0.0	0.11764705882352941	0.058823529411764705	0.058823529411764705	0.0	0.0	0.0	0.11764705882352941	0.058823529411764705	0.0	0.11764705882352941	0.058823529411764705	0.0	0.058823529411764705	0.058823529411764705	0.0	0.0	0.5895522388059702	0.208955223880597	0.19402985074626866	0.007462686567164179	0.0	0.0	0.0	7.815689951260528	12.984671703300071	24.541	18.197999999999997	12.84	6.43688555110808	3.61514999213107	2.5655807043563343	0.029411764705882353	0.19852941176470587	0.11764705882352941	0.19117647058823528	0.13970588235294118	0.20588235294117646	0.09558823529411764	0.022058823529411766	0.0	0.34558823529411764	5.529411764705882	1.7529016971472164
RCSB-6QLU-J62-KD:S2	RCSB-6QLU-J62-KD	S2	construct-011-4f6fb808c4a8	4f6fb808c4a82020b43c250bf9d4643eb416c379f5db1f8b1ec12c3b9239f487	P17931	6QLU	J62	YMMGKBVLXHTWGR-CTWRKMMKSA-N	Cc1ccc(S[C@@H]2O[C@H](CO)[C@H](O)[C@H](n3cc(-c4ccc(F)c(C)c4)nn3)[C@H]2O)cc1	4.638272163982407	AF-P17931-F1	11f974fb8e084aee0d53857bedc16ae0a1e92d262f4f840b30f8420740bf7cca	1	A	6QLR	J4N	144;145;146;148;158;160;161;162;172;173;174;181;182;184;237;238;239	144;145;146;148;158;160;161;162;172;173;174;181;182;184;237;238;239		alphafold_db_predicted_fixed_per_construct	False	True	False	17.0	134.0	1.0	0.0	0.058823529411764705	0.058823529411764705	0.11764705882352941	0.058823529411764705	0.0	0.11764705882352941	0.058823529411764705	0.058823529411764705	0.0	0.0	0.0	0.11764705882352941	0.058823529411764705	0.0	0.11764705882352941	0.058823529411764705	0.0	0.058823529411764705	0.058823529411764705	0.0	0.0	0.5895522388059702	0.208955223880597	0.19402985074626866	0.007462686567164179	0.0	0.0	0.0	7.815689951260528	12.984671703300071	24.541	18.197999999999997	12.84	6.43688555110808	3.61514999213107	2.5655807043563343	0.029411764705882353	0.19852941176470587	0.11764705882352941	0.19117647058823528	0.13970588235294118	0.20588235294117646	0.09558823529411764	0.022058823529411766	0.0	0.34558823529411764	5.529411764705882	1.7529016971472164
RCSB-4TZ8-39U-KD:S2	RCSB-4TZ8-39U-KD	S2	construct-012-90b947063061	90b947063061d4b396499ec38038b226dd533bd87bad1f083bdb79fc8393ec1d	Q6PL18	4TZ8	39U	KRPZAWRISMXVDQ-UHFFFAOYSA-N	CC1(C)CNC(=O)c2sc(N)nc2C1	3.3010299956639813	AF-Q6PL18-F1	693af66a7e8d9c4501c1be853b3af992011b36a542ce9a6eb3c858980cd04bff	1	A	4TYL	39O	1008;1009;1011;1012;1013;1014;1017;1018;1021;1059;1060;1063;1064;1074	1008;1009;1011;1012;1013;1014;1017;1018;1021;1059;1060;1063;1064;1074		alphafold_db_predicted_fixed_per_construct	False	True	False	14.0	118.0	1.0	0.0	0.07142857142857142	0.0	0.07142857142857142	0.07142857142857142	0.07142857142857142	0.0	0.0	0.07142857142857142	0.07142857142857142	0.0	0.0	0.14285714285714285	0.07142857142857142	0.0	0.0	0.0	0.0	0.21428571428571427	0.0	0.14285714285714285	0.0	0.6694915254237288	0.1440677966101695	0.1864406779661017	0.0	0.0	0.0	0.0	7.711293123098775	11.141303656116051	19.915	17.561	14.739999999999995	5.483173771701733	4.461240742710643	3.081586937805135	0.01098901098901099	0.13186813186813187	0.15384615384615385	0.15384615384615385	0.16483516483516483	0.3626373626373626	0.02197802197802198	0.0	0.0	0.2967032967032967	3.857142857142857	1.0594569267279519
RCSB-6HIE-G7Q-KD:S2	RCSB-6HIE-G7Q-KD	S2	construct-012-90b947063061	90b947063061d4b396499ec38038b226dd533bd87bad1f083bdb79fc8393ec1d	Q6PL18	6HIE	G7Q	XAAULFWATXYIOV-OAHLLOKOSA-N	CC(=O)c1csc(NC(=O)[C@H]2CNCCN2CCC2CCC(F)(F)CC2)n1	4.6020599913279625	AF-Q6PL18-F1	693af66a7e8d9c4501c1be853b3af992011b36a542ce9a6eb3c858980cd04bff	1	A	4TYL	39O	1008;1009;1011;1012;1013;1014;1017;1018;1021;1059;1060;1063;1064;1074	1008;1009;1011;1012;1013;1014;1017;1018;1021;1059;1060;1063;1064;1074		alphafold_db_predicted_fixed_per_construct	False	True	False	14.0	118.0	1.0	0.0	0.07142857142857142	0.0	0.07142857142857142	0.07142857142857142	0.07142857142857142	0.0	0.0	0.07142857142857142	0.07142857142857142	0.0	0.0	0.14285714285714285	0.07142857142857142	0.0	0.0	0.0	0.0	0.21428571428571427	0.0	0.14285714285714285	0.0	0.6694915254237288	0.1440677966101695	0.1864406779661017	0.0	0.0	0.0	0.0	7.711293123098775	11.141303656116051	19.915	17.561	14.739999999999995	5.483173771701733	4.461240742710643	3.081586937805135	0.01098901098901099	0.13186813186813187	0.15384615384615385	0.15384615384615385	0.16483516483516483	0.3626373626373626	0.02197802197802198	0.0	0.0	0.2967032967032967	3.857142857142857	1.0594569267279519
RCSB-5A5Q-6XC-KD:S2	RCSB-5A5Q-6XC-KD	S2	construct-012-90b947063061	90b947063061d4b396499ec38038b226dd533bd87bad1f083bdb79fc8393ec1d	Q6PL18	5A5Q	6XC	WPUMQOWFWIAZCU-UHFFFAOYSA-N	Cc1cc2ccnc(NC3CCNCC3)c2[nH]c1=O	4.6777807052660805	AF-Q6PL18-F1	693af66a7e8d9c4501c1be853b3af992011b36a542ce9a6eb3c858980cd04bff	1	A	4TYL	39O	1008;1009;1011;1012;1013;1014;1017;1018;1021;1059;1060;1063;1064;1074	1008;1009;1011;1012;1013;1014;1017;1018;1021;1059;1060;1063;1064;1074		alphafold_db_predicted_fixed_per_construct	False	True	False	14.0	118.0	1.0	0.0	0.07142857142857142	0.0	0.07142857142857142	0.07142857142857142	0.07142857142857142	0.0	0.0	0.07142857142857142	0.07142857142857142	0.0	0.0	0.14285714285714285	0.07142857142857142	0.0	0.0	0.0	0.0	0.21428571428571427	0.0	0.14285714285714285	0.0	0.6694915254237288	0.1440677966101695	0.1864406779661017	0.0	0.0	0.0	0.0	7.711293123098775	11.141303656116051	19.915	17.561	14.739999999999995	5.483173771701733	4.461240742710643	3.081586937805135	0.01098901098901099	0.13186813186813187	0.15384615384615385	0.15384615384615385	0.16483516483516483	0.3626373626373626	0.02197802197802198	0.0	0.0	0.2967032967032967	3.857142857142857	1.0594569267279519
RCSB-6S57-KVT-KD:S2	RCSB-6S57-KVT-KD	S2	construct-012-90b947063061	90b947063061d4b396499ec38038b226dd533bd87bad1f083bdb79fc8393ec1d	Q6PL18	6S57	KVT	ZHCSIBLDPZYQBH-UHFFFAOYSA-N	Cc1ccc(NC(=O)CN2C(=O)NC(C)(C)C2=O)cc1S(=O)(=O)N1CCCCCC1	5.100015437450609	AF-Q6PL18-F1	693af66a7e8d9c4501c1be853b3af992011b36a542ce9a6eb3c858980cd04bff	1	A	4TYL	39O	1008;1009;1011;1012;1013;1014;1017;1018;1021;1059;1060;1063;1064;1074	1008;1009;1011;1012;1013;1014;1017;1018;1021;1059;1060;1063;1064;1074		alphafold_db_predicted_fixed_per_construct	False	True	False	14.0	118.0	1.0	0.0	0.07142857142857142	0.0	0.07142857142857142	0.07142857142857142	0.07142857142857142	0.0	0.0	0.07142857142857142	0.07142857142857142	0.0	0.0	0.14285714285714285	0.07142857142857142	0.0	0.0	0.0	0.0	0.21428571428571427	0.0	0.14285714285714285	0.0	0.6694915254237288	0.1440677966101695	0.1864406779661017	0.0	0.0	0.0	0.0	7.711293123098775	11.141303656116051	19.915	17.561	14.739999999999995	5.483173771701733	4.461240742710643	3.081586937805135	0.01098901098901099	0.13186813186813187	0.15384615384615385	0.15384615384615385	0.16483516483516483	0.3626373626373626	0.02197802197802198	0.0	0.0	0.2967032967032967	3.857142857142857	1.0594569267279519
RCSB-8WGS-WGH-KD:S2	RCSB-8WGS-WGH-KD	S2	construct-013-989a0da4f5c7	989a0da4f5c71b0c05ffa31bdbac60d3af0d2680d91b8ba192341edbf8dc2635	P02766	8WGS	WGH	CIPAOTDUDSOTHT-UHFFFAOYSA-N	CCc1oc2cccc(I)c2c1C(=O)c1cc(I)c(O)c(I)c1	6.920818753952375	AF-P02766-F1	043613789f0ecec3340293ccfa5d299febcd59d4a1f64bdb04bc6053738c1e30	1	A	7ERK	1N1	33;35;37;72;74;76;126;128;129;130;137;138;139;141	33;35;37;72;74;76;126;128;129;130;137;138;139;141		alphafold_db_predicted_fixed_per_construct	False	True	False	14.0	102.0	1.0	0.0	0.14285714285714285	0.0	0.0	0.07142857142857142	0.0	0.0	0.07142857142857142	0.0	0.07142857142857142	0.14285714285714285	0.07142857142857142	0.0	0.0	0.0	0.0	0.14285714285714285	0.21428571428571427	0.07142857142857142	0.0	0.0	0.0	0.6176470588235294	0.16666666666666666	0.20588235294117646	0.00980392156862745	0.0	0.0	0.0	7.710562102734092	12.211214850640712	21.453	16.322	12.168	6.00702313887522	4.301632470874816	2.205538264155105	0.01098901098901099	0.1978021978021978	0.16483516483516483	0.14285714285714285	0.14285714285714285	0.24175824175824176	0.0989010989010989	0.0	0.0	0.37362637362637363	4.857142857142857	1.8844151368961315
RCSB-8II2-R75-KD:S2	RCSB-8II2-R75-KD	S2	construct-013-989a0da4f5c7	989a0da4f5c71b0c05ffa31bdbac60d3af0d2680d91b8ba192341edbf8dc2635	P02766	8II2	R75	WHQCHUCQKNIQEC-UHFFFAOYSA-N	CCc1oc2ccccc2c1C(=O)c1cc(Br)c(O)c(Br)c1	6.698970004336019	AF-P02766-F1	043613789f0ecec3340293ccfa5d299febcd59d4a1f64bdb04bc6053738c1e30	1	A	7ERK	1N1	33;35;37;72;74;76;126;128;129;130;137;138;139;141	33;35;37;72;74;76;126;128;129;130;137;138;139;141		alphafold_db_predicted_fixed_per_construct	False	True	False	14.0	102.0	1.0	0.0	0.14285714285714285	0.0	0.0	0.07142857142857142	0.0	0.0	0.07142857142857142	0.0	0.07142857142857142	0.14285714285714285	0.07142857142857142	0.0	0.0	0.0	0.0	0.14285714285714285	0.21428571428571427	0.07142857142857142	0.0	0.0	0.0	0.6176470588235294	0.16666666666666666	0.20588235294117646	0.00980392156862745	0.0	0.0	0.0	7.710562102734092	12.211214850640712	21.453	16.322	12.168	6.00702313887522	4.301632470874816	2.205538264155105	0.01098901098901099	0.1978021978021978	0.16483516483516483	0.14285714285714285	0.14285714285714285	0.24175824175824176	0.0989010989010989	0.0	0.0	0.37362637362637363	4.857142857142857	1.8844151368961315
RCSB-8II3-PKK-KD:S2	RCSB-8II3-PKK-KD	S2	construct-013-989a0da4f5c7	989a0da4f5c71b0c05ffa31bdbac60d3af0d2680d91b8ba192341edbf8dc2635	P02766	8II3	PKK	YOSYHCQGAMQBMM-UHFFFAOYSA-N	CCc1oc2cc(O)ccc2c1C(=O)c1cc(I)c(O)c(I)c1	6.3872161432802645	AF-P02766-F1	043613789f0ecec3340293ccfa5d299febcd59d4a1f64bdb04bc6053738c1e30	1	A	7ERK	1N1	33;35;37;72;74;76;126;128;129;130;137;138;139;141	33;35;37;72;74;76;126;128;129;130;137;138;139;141		alphafold_db_predicted_fixed_per_construct	False	True	False	14.0	102.0	1.0	0.0	0.14285714285714285	0.0	0.0	0.07142857142857142	0.0	0.0	0.07142857142857142	0.0	0.07142857142857142	0.14285714285714285	0.07142857142857142	0.0	0.0	0.0	0.0	0.14285714285714285	0.21428571428571427	0.07142857142857142	0.0	0.0	0.0	0.6176470588235294	0.16666666666666666	0.20588235294117646	0.00980392156862745	0.0	0.0	0.0	7.710562102734092	12.211214850640712	21.453	16.322	12.168	6.00702313887522	4.301632470874816	2.205538264155105	0.01098901098901099	0.1978021978021978	0.16483516483516483	0.14285714285714285	0.14285714285714285	0.24175824175824176	0.0989010989010989	0.0	0.0	0.37362637362637363	4.857142857142857	1.8844151368961315
RCSB-8WGT-WGJ-KD:S2	RCSB-8WGT-WGJ-KD	S2	construct-013-989a0da4f5c7	989a0da4f5c71b0c05ffa31bdbac60d3af0d2680d91b8ba192341edbf8dc2635	P02766	8WGT	WGJ	IRLOWOFOTVYBRR-UHFFFAOYSA-N	CCc1oc2c(Cl)ccc(Cl)c2c1C(=O)c1cc(I)c(O)c(I)c1	7.275724130399211	AF-P02766-F1	043613789f0ecec3340293ccfa5d299febcd59d4a1f64bdb04bc6053738c1e30	1	A	7ERK	1N1	33;35;37;72;74;76;126;128;129;130;137;138;139;141	33;35;37;72;74;76;126;128;129;130;137;138;139;141		alphafold_db_predicted_fixed_per_construct	False	True	False	14.0	102.0	1.0	0.0	0.14285714285714285	0.0	0.0	0.07142857142857142	0.0	0.0	0.07142857142857142	0.0	0.07142857142857142	0.14285714285714285	0.07142857142857142	0.0	0.0	0.0	0.0	0.14285714285714285	0.21428571428571427	0.07142857142857142	0.0	0.0	0.0	0.6176470588235294	0.16666666666666666	0.20588235294117646	0.00980392156862745	0.0	0.0	0.0	7.710562102734092	12.211214850640712	21.453	16.322	12.168	6.00702313887522	4.301632470874816	2.205538264155105	0.01098901098901099	0.1978021978021978	0.16483516483516483	0.14285714285714285	0.14285714285714285	0.24175824175824176	0.0989010989010989	0.0	0.0	0.37362637362637363	4.857142857142857	1.8844151368961315
RCSB-8II4-PKQ-KD:S2	RCSB-8II4-PKQ-KD	S2	construct-013-989a0da4f5c7	989a0da4f5c71b0c05ffa31bdbac60d3af0d2680d91b8ba192341edbf8dc2635	P02766	8II4	PKQ	FEXBXMFVRKZOOZ-UHFFFAOYSA-N	CCc1oc2cc(O)ccc2c1C(=O)c1cc(Br)c(O)c(Br)c1	6.154901959985743	AF-P02766-F1	043613789f0ecec3340293ccfa5d299febcd59d4a1f64bdb04bc6053738c1e30	1	A	7ERK	1N1	33;35;37;72;74;76;126;128;129;130;137;138;139;141	33;35;37;72;74;76;126;128;129;130;137;138;139;141		alphafold_db_predicted_fixed_per_construct	False	True	False	14.0	102.0	1.0	0.0	0.14285714285714285	0.0	0.0	0.07142857142857142	0.0	0.0	0.07142857142857142	0.0	0.07142857142857142	0.14285714285714285	0.07142857142857142	0.0	0.0	0.0	0.0	0.14285714285714285	0.21428571428571427	0.07142857142857142	0.0	0.0	0.0	0.6176470588235294	0.16666666666666666	0.20588235294117646	0.00980392156862745	0.0	0.0	0.0	7.710562102734092	12.211214850640712	21.453	16.322	12.168	6.00702313887522	4.301632470874816	2.205538264155105	0.01098901098901099	0.1978021978021978	0.16483516483516483	0.14285714285714285	0.14285714285714285	0.24175824175824176	0.0989010989010989	0.0	0.0	0.37362637362637363	4.857142857142857	1.8844151368961315
RCSB-6FTZ-E7E-KD:S2	RCSB-6FTZ-E7E-KD	S2	construct-014-d42e073edd05	d42e073edd056c1ef440ee068596dffdb0ebd33b818916dda91aee772ab00ecd	P00746	6FTZ	E7E	BDFMFQJHWMAJCS-UHFFFAOYSA-N	NCc1cccc(NC(=O)c2cccc3[nH]c(C(N)=O)cc23)c1	3.0	AF-P00746-F1	ac7bb53647118e3a40d7ccea55d747f9f9e2cec63ba4c8aa3b29608cc319c6e2	1	A	5FBI	5WD	155;202;203;204;205;206;207;208;222;223;224;225;226;227;228;229;237	155;202;203;204;205;206;207;208;222;223;224;225;226;227;228;229;237		alphafold_db_predicted_fixed_per_construct	False	True	False	17.0	117.0	1.0	0.0	0.0	0.11764705882352941	0.11764705882352941	0.0	0.0	0.11764705882352941	0.0	0.11764705882352941	0.058823529411764705	0.0	0.0	0.0	0.0	0.0	0.058823529411764705	0.23529411764705882	0.058823529411764705	0.11764705882352941	0.0	0.0	0.0	0.5811965811965812	0.1794871794871795	0.2222222222222222	0.017094017094017096	0.0	0.0	0.0	6.89605954684103	9.840963783489963	15.633000000000001	15.208	14.77	4.363571028813173	4.188497884500655	3.3123059372004287	0.03676470588235294	0.13970588235294118	0.17647058823529413	0.22058823529411764	0.25735294117647056	0.16176470588235295	0.007352941176470588	0.0	0.0	0.35294117647058826	5.647058823529412	1.6428517698551697
RCSB-6FUH-E88-KD:S2	RCSB-6FUH-E88-KD	S2	construct-014-d42e073edd05	d42e073edd056c1ef440ee068596dffdb0ebd33b818916dda91aee772ab00ecd	P00746	6FUH	E88	SBAJWMCMBZQORT-KRWDZBQOSA-N	CC(C)[C@H](Nc1nc(Nc2cccc(CN)c2)c2ccccc2n1)C(=O)O	3.769551078621726	AF-P00746-F1	ac7bb53647118e3a40d7ccea55d747f9f9e2cec63ba4c8aa3b29608cc319c6e2	1	A	5FBI	5WD	155;202;203;204;205;206;207;208;222;223;224;225;226;227;228;229;237	155;202;203;204;205;206;207;208;222;223;224;225;226;227;228;229;237		alphafold_db_predicted_fixed_per_construct	False	True	False	17.0	117.0	1.0	0.0	0.0	0.11764705882352941	0.11764705882352941	0.0	0.0	0.11764705882352941	0.0	0.11764705882352941	0.058823529411764705	0.0	0.0	0.0	0.0	0.0	0.058823529411764705	0.23529411764705882	0.058823529411764705	0.11764705882352941	0.0	0.0	0.0	0.5811965811965812	0.1794871794871795	0.2222222222222222	0.017094017094017096	0.0	0.0	0.0	6.89605954684103	9.840963783489963	15.633000000000001	15.208	14.77	4.363571028813173	4.188497884500655	3.3123059372004287	0.03676470588235294	0.13970588235294118	0.17647058823529413	0.22058823529411764	0.25735294117647056	0.16176470588235295	0.007352941176470588	0.0	0.0	0.35294117647058826	5.647058823529412	1.6428517698551697
RCSB-6FUG-E85-KD:S2	RCSB-6FUG-E85-KD	S2	construct-014-d42e073edd05	d42e073edd056c1ef440ee068596dffdb0ebd33b818916dda91aee772ab00ecd	P00746	6FUG	E85	OUMZUIUUJCKLOT-UHFFFAOYSA-N	NCc1cccc(Nc2n[nH]c3ncnc(Nc4cccc(O)c4)c23)c1	4.301029995663981	AF-P00746-F1	ac7bb53647118e3a40d7ccea55d747f9f9e2cec63ba4c8aa3b29608cc319c6e2	1	A	5FBI	5WD	155;202;203;204;205;206;207;208;222;223;224;225;226;227;228;229;237	155;202;203;204;205;206;207;208;222;223;224;225;226;227;228;229;237		alphafold_db_predicted_fixed_per_construct	False	True	False	17.0	117.0	1.0	0.0	0.0	0.11764705882352941	0.11764705882352941	0.0	0.0	0.11764705882352941	0.0	0.11764705882352941	0.058823529411764705	0.0	0.0	0.0	0.0	0.0	0.058823529411764705	0.23529411764705882	0.058823529411764705	0.11764705882352941	0.0	0.0	0.0	0.5811965811965812	0.1794871794871795	0.2222222222222222	0.017094017094017096	0.0	0.0	0.0	6.89605954684103	9.840963783489963	15.633000000000001	15.208	14.77	4.363571028813173	4.188497884500655	3.3123059372004287	0.03676470588235294	0.13970588235294118	0.17647058823529413	0.22058823529411764	0.25735294117647056	0.16176470588235295	0.007352941176470588	0.0	0.0	0.35294117647058826	5.647058823529412	1.6428517698551697
RCSB-5MT4-M7O-KD:S2	RCSB-5MT4-M7O-KD	S2	construct-014-d42e073edd05	d42e073edd056c1ef440ee068596dffdb0ebd33b818916dda91aee772ab00ecd	P00746	5MT4	M7O	QCLRLHJAKXQKSY-UHFFFAOYSA-N	O=C(NCc1ccccc1)Nc1ccccc1C(=O)O	3.3010299956639813	AF-P00746-F1	ac7bb53647118e3a40d7ccea55d747f9f9e2cec63ba4c8aa3b29608cc319c6e2	1	A	5FBI	5WD	155;202;203;204;205;206;207;208;222;223;224;225;226;227;228;229;237	155;202;203;204;205;206;207;208;222;223;224;225;226;227;228;229;237		alphafold_db_predicted_fixed_per_construct	False	True	False	17.0	117.0	1.0	0.0	0.0	0.11764705882352941	0.11764705882352941	0.0	0.0	0.11764705882352941	0.0	0.11764705882352941	0.058823529411764705	0.0	0.0	0.0	0.0	0.0	0.058823529411764705	0.23529411764705882	0.058823529411764705	0.11764705882352941	0.0	0.0	0.0	0.5811965811965812	0.1794871794871795	0.2222222222222222	0.017094017094017096	0.0	0.0	0.0	6.89605954684103	9.840963783489963	15.633000000000001	15.208	14.77	4.363571028813173	4.188497884500655	3.3123059372004287	0.03676470588235294	0.13970588235294118	0.17647058823529413	0.22058823529411764	0.25735294117647056	0.16176470588235295	0.007352941176470588	0.0	0.0	0.35294117647058826	5.647058823529412	1.6428517698551697
RCSB-6FUI-E7W-KD:S2	RCSB-6FUI-E7W-KD	S2	construct-014-d42e073edd05	d42e073edd056c1ef440ee068596dffdb0ebd33b818916dda91aee772ab00ecd	P00746	6FUI	E7W	HGCXJWRMCKMKEG-MJGOQNOKSA-N	NCc1cccc(Nc2nc(N[C@H]3CCCC[C@H]3C(=O)O)nc3ccccc23)c1	4.455931955649724	AF-P00746-F1	ac7bb53647118e3a40d7ccea55d747f9f9e2cec63ba4c8aa3b29608cc319c6e2	1	A	5FBI	5WD	155;202;203;204;205;206;207;208;222;223;224;225;226;227;228;229;237	155;202;203;204;205;206;207;208;222;223;224;225;226;227;228;229;237		alphafold_db_predicted_fixed_per_construct	False	True	False	17.0	117.0	1.0	0.0	0.0	0.11764705882352941	0.11764705882352941	0.0	0.0	0.11764705882352941	0.0	0.11764705882352941	0.058823529411764705	0.0	0.0	0.0	0.0	0.0	0.058823529411764705	0.23529411764705882	0.058823529411764705	0.11764705882352941	0.0	0.0	0.0	0.5811965811965812	0.1794871794871795	0.2222222222222222	0.017094017094017096	0.0	0.0	0.0	6.89605954684103	9.840963783489963	15.633000000000001	15.208	14.77	4.363571028813173	4.188497884500655	3.3123059372004287	0.03676470588235294	0.13970588235294118	0.17647058823529413	0.22058823529411764	0.25735294117647056	0.16176470588235295	0.007352941176470588	0.0	0.0	0.35294117647058826	5.647058823529412	1.6428517698551697
RCSB-5LLE-V51-KD:S2	RCSB-5LLE-V51-KD	S2	construct-015-e6a24c903c1e	e6a24c903c1ef211037c64a6835a8a484f48b17be1cae50d6998913f21acf7d4	P00918	5LLE	V51	JWHCFABOVLDALW-IGOHWLOGSA-N	NS(=O)(=O)c1c(F)c(F)c(NC23CC4CC(CC(C4)C2)C3)c(F)c1F	8.301029995663981	AF-P00918-F1	173c4f1fa81ffb1a288c881040217d1473ed2d08cd792671252ee116cac10c7d	1	A	4HT0	V50	91;92;94;96;106;119;121;130;131;134;135;140;142;196;197;198;199;200;201;202;203;206;208	91;92;94;96;106;119;121;130;131;134;135;140;142;196;197;198;199;200;201;202;203;206;208		alphafold_db_predicted_fixed_per_construct	False	True	False	23.0	188.0	1.0	0.0	0.0	0.0	0.0	0.043478260869565216	0.043478260869565216	0.043478260869565216	0.13043478260869565	0.043478260869565216	0.0	0.17391304347826086	0.0	0.0	0.08695652173913043	0.08695652173913043	0.0	0.043478260869565216	0.08695652173913043	0.17391304347826086	0.043478260869565216	0.0	0.0	0.6702127659574468	0.1702127659574468	0.1595744680851064	0.0	0.0	0.0	0.0	8.738086359222233	15.385481775522814	26.322	19.532	18.197000000000003	6.1895920704381036	4.930033703232384	3.706463396256351	0.003952569169960474	0.11857707509881422	0.10276679841897234	0.14624505928853754	0.1541501976284585	0.35968379446640314	0.08695652173913043	0.02766798418972332	0.0	0.22529644268774704	4.956521739130435	1.5736487887699007
RCSB-6GOT-F6W-KD:S2	RCSB-6GOT-F6W-KD	S2	construct-015-e6a24c903c1e	e6a24c903c1ef211037c64a6835a8a484f48b17be1cae50d6998913f21acf7d4	P00918	6GOT	F6W	BIDLYFNXVUUEMA-UHFFFAOYSA-N	NS(=O)(=O)c1ccc(SCCc2ccccc2)cc1	7.6020599913279625	AF-P00918-F1	173c4f1fa81ffb1a288c881040217d1473ed2d08cd792671252ee116cac10c7d	1	A	4HT0	V50	91;92;94;96;106;119;121;130;131;134;135;140;142;196;197;198;199;200;201;202;203;206;208	91;92;94;96;106;119;121;130;131;134;135;140;142;196;197;198;199;200;201;202;203;206;208		alphafold_db_predicted_fixed_per_construct	False	True	False	23.0	188.0	1.0	0.0	0.0	0.0	0.0	0.043478260869565216	0.043478260869565216	0.043478260869565216	0.13043478260869565	0.043478260869565216	0.0	0.17391304347826086	0.0	0.0	0.08695652173913043	0.08695652173913043	0.0	0.043478260869565216	0.08695652173913043	0.17391304347826086	0.043478260869565216	0.0	0.0	0.6702127659574468	0.1702127659574468	0.1595744680851064	0.0	0.0	0.0	0.0	8.738086359222233	15.385481775522814	26.322	19.532	18.197000000000003	6.1895920704381036	4.930033703232384	3.706463396256351	0.003952569169960474	0.11857707509881422	0.10276679841897234	0.14624505928853754	0.1541501976284585	0.35968379446640314	0.08695652173913043	0.02766798418972332	0.0	0.22529644268774704	4.956521739130435	1.5736487887699007
RCSB-5LLG-VD9-KD:S2	RCSB-5LLG-VD9-KD	S2	construct-015-e6a24c903c1e	e6a24c903c1ef211037c64a6835a8a484f48b17be1cae50d6998913f21acf7d4	P00918	5LLG	VD9	QFWWUTSCPNTDPO-UHFFFAOYSA-N	CCCSc1ccc(S(N)(=O)=O)cc1	7.886056647693163	AF-P00918-F1	173c4f1fa81ffb1a288c881040217d1473ed2d08cd792671252ee116cac10c7d	1	A	4HT0	V50	91;92;94;96;106;119;121;130;131;134;135;140;142;196;197;198;199;200;201;202;203;206;208	91;92;94;96;106;119;121;130;131;134;135;140;142;196;197;198;199;200;201;202;203;206;208		alphafold_db_predicted_fixed_per_construct	False	True	False	23.0	188.0	1.0	0.0	0.0	0.0	0.0	0.043478260869565216	0.043478260869565216	0.043478260869565216	0.13043478260869565	0.043478260869565216	0.0	0.17391304347826086	0.0	0.0	0.08695652173913043	0.08695652173913043	0.0	0.043478260869565216	0.08695652173913043	0.17391304347826086	0.043478260869565216	0.0	0.0	0.6702127659574468	0.1702127659574468	0.1595744680851064	0.0	0.0	0.0	0.0	8.738086359222233	15.385481775522814	26.322	19.532	18.197000000000003	6.1895920704381036	4.930033703232384	3.706463396256351	0.003952569169960474	0.11857707509881422	0.10276679841897234	0.14624505928853754	0.1541501976284585	0.35968379446640314	0.08695652173913043	0.02766798418972332	0.0	0.22529644268774704	4.956521739130435	1.5736487887699007
RCSB-4QSB-EWY-KD:S2	RCSB-4QSB-EWY-KD	S2	construct-015-e6a24c903c1e	e6a24c903c1ef211037c64a6835a8a484f48b17be1cae50d6998913f21acf7d4	P00918	4QSB	EWY	NYRNFJQJOXIJHL-UHFFFAOYSA-N	Cc1cc(=O)[nH]c(SCC(=O)c2cccc(S(N)(=O)=O)c2)n1	5.903089986991944	AF-P00918-F1	173c4f1fa81ffb1a288c881040217d1473ed2d08cd792671252ee116cac10c7d	1	A	4HT0	V50	91;92;94;96;106;119;121;130;131;134;135;140;142;196;197;198;199;200;201;202;203;206;208	91;92;94;96;106;119;121;130;131;134;135;140;142;196;197;198;199;200;201;202;203;206;208		alphafold_db_predicted_fixed_per_construct	False	True	False	23.0	188.0	1.0	0.0	0.0	0.0	0.0	0.043478260869565216	0.043478260869565216	0.043478260869565216	0.13043478260869565	0.043478260869565216	0.0	0.17391304347826086	0.0	0.0	0.08695652173913043	0.08695652173913043	0.0	0.043478260869565216	0.08695652173913043	0.17391304347826086	0.043478260869565216	0.0	0.0	0.6702127659574468	0.1702127659574468	0.1595744680851064	0.0	0.0	0.0	0.0	8.738086359222233	15.385481775522814	26.322	19.532	18.197000000000003	6.1895920704381036	4.930033703232384	3.706463396256351	0.003952569169960474	0.11857707509881422	0.10276679841897234	0.14624505928853754	0.1541501976284585	0.35968379446640314	0.08695652173913043	0.02766798418972332	0.0	0.22529644268774704	4.956521739130435	1.5736487887699007
RCSB-5NLK-92E-KD:S2	RCSB-5NLK-92E-KD	S2	construct-016-fad0d613c720	fad0d613c720bf690dc06f3680b572e681578a5cfac0e6a2921c82863c76f76e	Q92793	5NLK	92E	CERSGKCXWDUOHE-UHFFFAOYSA-N	CCOc1ccc(C(C)=O)cc1NC(=O)c1cc(NC(C)=O)cc(NC(=O)c2ccco2)c1	7.455931955649724	AF-Q92793-F1	97b2856a1eef79649e537def9bc9ab3bbe9737a84ecfcaccafdeac1b87236376	1	A	5EP7	5QR	1106;1109;1110;1111;1113;1114;1115;1119;1120;1122;1125;1163;1164;1167;1168;1173;1174	1106;1109;1110;1111;1113;1114;1115;1119;1120;1122;1125;1163;1164;1167;1168;1173;1174		alphafold_db_predicted_fixed_per_construct	False	True	False	17.0	143.0	1.0	0.0	0.058823529411764705	0.0	0.0	0.0	0.058823529411764705	0.0	0.0	0.058823529411764705	0.0	0.17647058823529413	0.0	0.11764705882352941	0.17647058823529413	0.058823529411764705	0.058823529411764705	0.0	0.0	0.11764705882352941	0.0	0.11764705882352941	0.0	0.6853146853146853	0.16083916083916083	0.15384615384615385	0.0	0.0	0.0	0.0	8.641302034728119	14.318184779585911	22.576999999999998	20.044	19.538999999999998	5.833591001255303	5.051674352144684	3.8886891268592167	0.007352941176470588	0.08823529411764706	0.10294117647058823	0.17647058823529413	0.17647058823529413	0.27941176470588236	0.16911764705882354	0.0	0.0	0.19852941176470587	3.176470588235294	1.1997692973159495
RCSB-5MPZ-4I8-KD:S2	RCSB-5MPZ-4I8-KD	S2	construct-016-fad0d613c720	fad0d613c720bf690dc06f3680b572e681578a5cfac0e6a2921c82863c76f76e	Q92793	5MPZ	4I8	FUJBKRLYHYJMNF-UHFFFAOYSA-N	COC(=O)c1ccc2[nH]c(=O)oc2c1	4.070581074285707	AF-Q92793-F1	97b2856a1eef79649e537def9bc9ab3bbe9737a84ecfcaccafdeac1b87236376	1	A	5EP7	5QR	1106;1109;1110;1111;1113;1114;1115;1119;1120;1122;1125;1163;1164;1167;1168;1173;1174	1106;1109;1110;1111;1113;1114;1115;1119;1120;1122;1125;1163;1164;1167;1168;1173;1174		alphafold_db_predicted_fixed_per_construct	False	True	False	17.0	143.0	1.0	0.0	0.058823529411764705	0.0	0.0	0.0	0.058823529411764705	0.0	0.0	0.058823529411764705	0.0	0.17647058823529413	0.0	0.11764705882352941	0.17647058823529413	0.058823529411764705	0.058823529411764705	0.0	0.0	0.11764705882352941	0.0	0.11764705882352941	0.0	0.6853146853146853	0.16083916083916083	0.15384615384615385	0.0	0.0	0.0	0.0	8.641302034728119	14.318184779585911	22.576999999999998	20.044	19.538999999999998	5.833591001255303	5.051674352144684	3.8886891268592167	0.007352941176470588	0.08823529411764706	0.10294117647058823	0.17647058823529413	0.17647058823529413	0.27941176470588236	0.16911764705882354	0.0	0.0	0.19852941176470587	3.176470588235294	1.1997692973159495
RCSB-5H85-5XS-KD:S2	RCSB-5H85-5XS-KD	S2	construct-016-fad0d613c720	fad0d613c720bf690dc06f3680b572e681578a5cfac0e6a2921c82863c76f76e	Q92793	5H85	5XS	NEJKFBOKJSVKCS-UHFFFAOYSA-N	COC(=O)c1cccc(C(=O)Nc2ncnc3nc[nH]c23)c1	4.698970004336019	AF-Q92793-F1	97b2856a1eef79649e537def9bc9ab3bbe9737a84ecfcaccafdeac1b87236376	1	A	5EP7	5QR	1106;1109;1110;1111;1113;1114;1115;1119;1120;1122;1125;1163;1164;1167;1168;1173;1174	1106;1109;1110;1111;1113;1114;1115;1119;1120;1122;1125;1163;1164;1167;1168;1173;1174		alphafold_db_predicted_fixed_per_construct	False	True	False	17.0	143.0	1.0	0.0	0.058823529411764705	0.0	0.0	0.0	0.058823529411764705	0.0	0.0	0.058823529411764705	0.0	0.17647058823529413	0.0	0.11764705882352941	0.17647058823529413	0.058823529411764705	0.058823529411764705	0.0	0.0	0.11764705882352941	0.0	0.11764705882352941	0.0	0.6853146853146853	0.16083916083916083	0.15384615384615385	0.0	0.0	0.0	0.0	8.641302034728119	14.318184779585911	22.576999999999998	20.044	19.538999999999998	5.833591001255303	5.051674352144684	3.8886891268592167	0.007352941176470588	0.08823529411764706	0.10294117647058823	0.17647058823529413	0.17647058823529413	0.27941176470588236	0.16911764705882354	0.0	0.0	0.19852941176470587	3.176470588235294	1.1997692973159495
RCSB-5MQE-PKU-KD:S2	RCSB-5MQE-PKU-KD	S2	construct-016-fad0d613c720	fad0d613c720bf690dc06f3680b572e681578a5cfac0e6a2921c82863c76f76e	Q92793	5MQE	PKU	HQGRBJIXXLIGLE-UHFFFAOYSA-N	CNC(=O)c1cc(Br)c[nH]1	5.3979400086720375	AF-Q92793-F1	97b2856a1eef79649e537def9bc9ab3bbe9737a84ecfcaccafdeac1b87236376	1	A	5EP7	5QR	1106;1109;1110;1111;1113;1114;1115;1119;1120;1122;1125;1163;1164;1167;1168;1173;1174	1106;1109;1110;1111;1113;1114;1115;1119;1120;1122;1125;1163;1164;1167;1168;1173;1174		alphafold_db_predicted_fixed_per_construct	False	True	False	17.0	143.0	1.0	0.0	0.058823529411764705	0.0	0.0	0.0	0.058823529411764705	0.0	0.0	0.058823529411764705	0.0	0.17647058823529413	0.0	0.11764705882352941	0.17647058823529413	0.058823529411764705	0.058823529411764705	0.0	0.0	0.11764705882352941	0.0	0.11764705882352941	0.0	0.6853146853146853	0.16083916083916083	0.15384615384615385	0.0	0.0	0.0	0.0	8.641302034728119	14.318184779585911	22.576999999999998	20.044	19.538999999999998	5.833591001255303	5.051674352144684	3.8886891268592167	0.007352941176470588	0.08823529411764706	0.10294117647058823	0.17647058823529413	0.17647058823529413	0.27941176470588236	0.16911764705882354	0.0	0.0	0.19852941176470587	3.176470588235294	1.1997692973159495
RCSB-5MME-8Q6-KD:S2	RCSB-5MME-8Q6-KD	S2	construct-016-fad0d613c720	fad0d613c720bf690dc06f3680b572e681578a5cfac0e6a2921c82863c76f76e	Q92793	5MME	8Q6	UNAGVZCODUSBMG-UHFFFAOYSA-N	CCOc1ccc(C(C)=O)cc1Nc1cc(C(=O)OC)cc(C(=O)OC)c1	5.853871964321762	AF-Q92793-F1	97b2856a1eef79649e537def9bc9ab3bbe9737a84ecfcaccafdeac1b87236376	1	A	5EP7	5QR	1106;1109;1110;1111;1113;1114;1115;1119;1120;1122;1125;1163;1164;1167;1168;1173;1174	1106;1109;1110;1111;1113;1114;1115;1119;1120;1122;1125;1163;1164;1167;1168;1173;1174		alphafold_db_predicted_fixed_per_construct	False	True	False	17.0	143.0	1.0	0.0	0.058823529411764705	0.0	0.0	0.0	0.058823529411764705	0.0	0.0	0.058823529411764705	0.0	0.17647058823529413	0.0	0.11764705882352941	0.17647058823529413	0.058823529411764705	0.058823529411764705	0.0	0.0	0.11764705882352941	0.0	0.11764705882352941	0.0	0.6853146853146853	0.16083916083916083	0.15384615384615385	0.0	0.0	0.0	0.0	8.641302034728119	14.318184779585911	22.576999999999998	20.044	19.538999999999998	5.833591001255303	5.051674352144684	3.8886891268592167	0.007352941176470588	0.08823529411764706	0.10294117647058823	0.17647058823529413	0.17647058823529413	0.27941176470588236	0.16911764705882354	0.0	0.0	0.19852941176470587	3.176470588235294	1.1997692973159495
RCSB-7AVT-S3T-KD:S2	RCSB-7AVT-S3T-KD	S2	construct-017-11db684aee95	11db684aee95db542900a23de058467ceecfc6e98d1a0d124d73ce486cc9a27e	Q07889	7AVT	S3T	MNDALSIIIRYSTC-LLVKDONJSA-N	COc1cc2nc(C)nc(N[C@H](C)c3cccc(N)c3)c2cc1OC	6.910094888560602	AF-Q07889-F1	ea20a647bd0eeae0c06d8a086d00ed254e52c65400ab6e917f575a690b79289d	1	A	7AVL	S2Z	874;875;878;879;880;884;890;898;901;902;903;904;905;906;909	874;875;878;879;880;884;890;898;901;902;903;904;905;906;909		alphafold_db_predicted_fixed_per_construct	False	True	False	15.0	127.0	1.0	0.0	0.06666666666666667	0.0	0.0	0.26666666666666666	0.06666666666666667	0.0	0.06666666666666667	0.0	0.06666666666666667	0.06666666666666667	0.06666666666666667	0.06666666666666667	0.0	0.0	0.0	0.06666666666666667	0.0	0.13333333333333333	0.0	0.06666666666666667	0.0	0.6377952755905512	0.14960629921259844	0.2047244094488189	0.007874015748031496	0.0	0.0	0.0	7.833536539305182	12.786420245897322	19.704	18.524	15.972999999999999	5.669884672599437	4.347967327794426	3.211212018612848	0.0	0.1619047619047619	0.18095238095238095	0.08571428571428572	0.23809523809523808	0.26666666666666666	0.06666666666666667	0.0	0.0	0.34285714285714286	4.8	1.7587874611030558
RCSB-7AVS-S3Q-KD:S2	RCSB-7AVS-S3Q-KD	S2	construct-017-11db684aee95	11db684aee95db542900a23de058467ceecfc6e98d1a0d124d73ce486cc9a27e	Q07889	7AVS	S3Q	UWEJNKMEGIGAGY-LLVKDONJSA-N	COc1cc2nc(C)nc(N[C@H](C)c3cccc(C(F)(F)F)c3)c2cc1OC	6.982966660701219	AF-Q07889-F1	ea20a647bd0eeae0c06d8a086d00ed254e52c65400ab6e917f575a690b79289d	1	A	7AVL	S2Z	874;875;878;879;880;884;890;898;901;902;903;904;905;906;909	874;875;878;879;880;884;890;898;901;902;903;904;905;906;909		alphafold_db_predicted_fixed_per_construct	False	True	False	15.0	127.0	1.0	0.0	0.06666666666666667	0.0	0.0	0.26666666666666666	0.06666666666666667	0.0	0.06666666666666667	0.0	0.06666666666666667	0.06666666666666667	0.06666666666666667	0.06666666666666667	0.0	0.0	0.0	0.06666666666666667	0.0	0.13333333333333333	0.0	0.06666666666666667	0.0	0.6377952755905512	0.14960629921259844	0.2047244094488189	0.007874015748031496	0.0	0.0	0.0	7.833536539305182	12.786420245897322	19.704	18.524	15.972999999999999	5.669884672599437	4.347967327794426	3.211212018612848	0.0	0.1619047619047619	0.18095238095238095	0.08571428571428572	0.23809523809523808	0.26666666666666666	0.06666666666666667	0.0	0.0	0.34285714285714286	4.8	1.7587874611030558
RCSB-7AVU-S3Z-KD:S2	RCSB-7AVU-S3Z-KD	S2	construct-017-11db684aee95	11db684aee95db542900a23de058467ceecfc6e98d1a0d124d73ce486cc9a27e	Q07889	7AVU	S3Z	UCSYKUAZQWUWGJ-SNVBAGLBSA-N	COc1cc2nc(C)nc(N[C@H](C)c3cc(N)cc(C(F)(F)F)c3)c2cc1OC	7.795880017344075	AF-Q07889-F1	ea20a647bd0eeae0c06d8a086d00ed254e52c65400ab6e917f575a690b79289d	1	A	7AVL	S2Z	874;875;878;879;880;884;890;898;901;902;903;904;905;906;909	874;875;878;879;880;884;890;898;901;902;903;904;905;906;909		alphafold_db_predicted_fixed_per_construct	False	True	False	15.0	127.0	1.0	0.0	0.06666666666666667	0.0	0.0	0.26666666666666666	0.06666666666666667	0.0	0.06666666666666667	0.0	0.06666666666666667	0.06666666666666667	0.06666666666666667	0.06666666666666667	0.0	0.0	0.0	0.06666666666666667	0.0	0.13333333333333333	0.0	0.06666666666666667	0.0	0.6377952755905512	0.14960629921259844	0.2047244094488189	0.007874015748031496	0.0	0.0	0.0	7.833536539305182	12.786420245897322	19.704	18.524	15.972999999999999	5.669884672599437	4.347967327794426	3.211212018612848	0.0	0.1619047619047619	0.18095238095238095	0.08571428571428572	0.23809523809523808	0.26666666666666666	0.06666666666666667	0.0	0.0	0.34285714285714286	4.8	1.7587874611030558
RCSB-7AVV-S2W-KD:S2	RCSB-7AVV-S2W-KD	S2	construct-017-11db684aee95	11db684aee95db542900a23de058467ceecfc6e98d1a0d124d73ce486cc9a27e	Q07889	7AVV	S2W	CVDHTLSRRHNJAW-SNVBAGLBSA-N	Cc1nc(N[C@H](C)c2cc(N)cc(C(F)(F)F)c2)c2ccccc2n1	6.455931955649724	AF-Q07889-F1	ea20a647bd0eeae0c06d8a086d00ed254e52c65400ab6e917f575a690b79289d	1	A	7AVL	S2Z	874;875;878;879;880;884;890;898;901;902;903;904;905;906;909	874;875;878;879;880;884;890;898;901;902;903;904;905;906;909		alphafold_db_predicted_fixed_per_construct	False	True	False	15.0	127.0	1.0	0.0	0.06666666666666667	0.0	0.0	0.26666666666666666	0.06666666666666667	0.0	0.06666666666666667	0.0	0.06666666666666667	0.06666666666666667	0.06666666666666667	0.06666666666666667	0.0	0.0	0.0	0.06666666666666667	0.0	0.13333333333333333	0.0	0.06666666666666667	0.0	0.6377952755905512	0.14960629921259844	0.2047244094488189	0.007874015748031496	0.0	0.0	0.0	7.833536539305182	12.786420245897322	19.704	18.524	15.972999999999999	5.669884672599437	4.347967327794426	3.211212018612848	0.0	0.1619047619047619	0.18095238095238095	0.08571428571428572	0.23809523809523808	0.26666666666666666	0.06666666666666667	0.0	0.0	0.34285714285714286	4.8	1.7587874611030558
RCSB-6PDH-OAV-KD:S2	RCSB-6PDH-OAV-KD	S2	construct-018-17684ef8ed95	17684ef8ed9582b1aad81bb33a2cecbe3d21031365dc007726680ba05869a483	P0AEG4	6PDH	OAV	ABKHTUJKHPJZLS-UHFFFAOYSA-N	CCN(CCn1cccn1)C(=O)Cc1ccc(Oc2ccc(C#N)c(C)c2)cc1	4.2076083105017466	AF-P0AEG4-F1	fe3e95031ff8aae931ebeabfeaba2595059e2489f09a8c238778000c40f320ab	1	A	6PBI	O6Y	49;51;54;55;58;59;167;168;169;170;182;183;187;189;190;193	49;51;54;55;58;59;167;168;169;170;182;183;187;189;190;193		alphafold_db_predicted_fixed_per_construct	False	True	False	16.0	130.0	1.0	0.0	0.0	0.0625	0.0	0.0	0.125	0.0625	0.0625	0.0	0.0	0.0625	0.0625	0.0625	0.125	0.125	0.0625	0.0	0.0625	0.125	0.0	0.0	0.0	0.6461538461538462	0.18461538461538463	0.15384615384615385	0.015384615384615385	0.0	0.0	0.0	9.51034188625372	19.02357622810622	27.529000000000003	24.733	11.661000000000001	7.509348444103266	5.308955378488034	2.4230727450282616	0.025	0.058333333333333334	0.14166666666666666	0.11666666666666667	0.14166666666666666	0.30833333333333335	0.11666666666666667	0.09166666666666666	0.0	0.225	3.375	1.3169567191065923
RCSB-6WHD-KFS-KD:S2	RCSB-6WHD-KFS-KD	S2	construct-018-17684ef8ed95	17684ef8ed9582b1aad81bb33a2cecbe3d21031365dc007726680ba05869a483	P0AEG4	6WHD	KFS	VDBBDYPELPDNGF-UHFFFAOYSA-N	Cc1cc(Oc2ccc(CC(=O)O)cc2)ccc1C#N	3.309803919971486	AF-P0AEG4-F1	fe3e95031ff8aae931ebeabfeaba2595059e2489f09a8c238778000c40f320ab	1	A	6PBI	O6Y	49;51;54;55;58;59;167;168;169;170;182;183;187;189;190;193	49;51;54;55;58;59;167;168;169;170;182;183;187;189;190;193		alphafold_db_predicted_fixed_per_construct	False	True	False	16.0	130.0	1.0	0.0	0.0	0.0625	0.0	0.0	0.125	0.0625	0.0625	0.0	0.0	0.0625	0.0625	0.0625	0.125	0.125	0.0625	0.0	0.0625	0.125	0.0	0.0	0.0	0.6461538461538462	0.18461538461538463	0.15384615384615385	0.015384615384615385	0.0	0.0	0.0	9.51034188625372	19.02357622810622	27.529000000000003	24.733	11.661000000000001	7.509348444103266	5.308955378488034	2.4230727450282616	0.025	0.058333333333333334	0.14166666666666666	0.11666666666666667	0.14166666666666666	0.30833333333333335	0.11666666666666667	0.09166666666666666	0.0	0.225	3.375	1.3169567191065923
RCSB-6PG1-O7P-KD:S2	RCSB-6PG1-O7P-KD	S2	construct-018-17684ef8ed95	17684ef8ed9582b1aad81bb33a2cecbe3d21031365dc007726680ba05869a483	P0AEG4	6PG1	O7P	WFOOODRZHBDNTB-UHFFFAOYSA-N	Cc1cc(Oc2ccc(CC(=O)N3CCN(C)C(=O)C3)cc2)ccc1C#N	3.3187587626244124	AF-P0AEG4-F1	fe3e95031ff8aae931ebeabfeaba2595059e2489f09a8c238778000c40f320ab	1	A	6PBI	O6Y	49;51;54;55;58;59;167;168;169;170;182;183;187;189;190;193	49;51;54;55;58;59;167;168;169;170;182;183;187;189;190;193		alphafold_db_predicted_fixed_per_construct	False	True	False	16.0	130.0	1.0	0.0	0.0	0.0625	0.0	0.0	0.125	0.0625	0.0625	0.0	0.0	0.0625	0.0625	0.0625	0.125	0.125	0.0625	0.0	0.0625	0.125	0.0	0.0	0.0	0.6461538461538462	0.18461538461538463	0.15384615384615385	0.015384615384615385	0.0	0.0	0.0	9.51034188625372	19.02357622810622	27.529000000000003	24.733	11.661000000000001	7.509348444103266	5.308955378488034	2.4230727450282616	0.025	0.058333333333333334	0.14166666666666666	0.11666666666666667	0.14166666666666666	0.30833333333333335	0.11666666666666667	0.09166666666666666	0.0	0.225	3.375	1.3169567191065923
RCSB-6PLI-ONY-KD:S2	RCSB-6PLI-ONY-KD	S2	construct-018-17684ef8ed95	17684ef8ed9582b1aad81bb33a2cecbe3d21031365dc007726680ba05869a483	P0AEG4	6PLI	ONY	IRHPSNSMVQKDNH-UHFFFAOYSA-N	Cc1nc(CCN(C)C(=O)Cc2ccc(Oc3ccc(C#N)c(C)c3)cc2)no1	3.638272163982407	AF-P0AEG4-F1	fe3e95031ff8aae931ebeabfeaba2595059e2489f09a8c238778000c40f320ab	1	A	6PBI	O6Y	49;51;54;55;58;59;167;168;169;170;182;183;187;189;190;193	49;51;54;55;58;59;167;168;169;170;182;183;187;189;190;193		alphafold_db_predicted_fixed_per_construct	False	True	False	16.0	130.0	1.0	0.0	0.0	0.0625	0.0	0.0	0.125	0.0625	0.0625	0.0	0.0	0.0625	0.0625	0.0625	0.125	0.125	0.0625	0.0	0.0625	0.125	0.0	0.0	0.0	0.6461538461538462	0.18461538461538463	0.15384615384615385	0.015384615384615385	0.0	0.0	0.0	9.51034188625372	19.02357622810622	27.529000000000003	24.733	11.661000000000001	7.509348444103266	5.308955378488034	2.4230727450282616	0.025	0.058333333333333334	0.14166666666666666	0.11666666666666667	0.14166666666666666	0.30833333333333335	0.11666666666666667	0.09166666666666666	0.0	0.225	3.375	1.3169567191065923
RCSB-5BOJ-4TX-KD:S2	RCSB-5BOJ-4TX-KD	S2	construct-019-1be38543a2db	1be38543a2db6ca4b3174a623300252e6f33aa0ea487c0c122a2d72db9e98cb4	P02766	5BOJ	4TX	HEMJJKBWTPKOJG-UHFFFAOYSA-N	Cc1ccc(C)c(OCCCC(C)(C)C(=O)O)c1	7.0	AF-P02766-F1	043613789f0ecec3340293ccfa5d299febcd59d4a1f64bdb04bc6053738c1e30	1	A	3P3R	3M1	33;35;37;74;126;127;128;129;130;137;138;139;140;141	33;35;37;74;126;127;128;129;130;137;138;139;140;141		alphafold_db_predicted_fixed_per_construct	False	True	False	14.0	99.0	1.0	0.0	0.21428571428571427	0.0	0.0	0.07142857142857142	0.0	0.0	0.0	0.07142857142857142	0.07142857142857142	0.14285714285714285	0.07142857142857142	0.0	0.0	0.0	0.0	0.07142857142857142	0.21428571428571427	0.07142857142857142	0.0	0.0	0.0	0.6363636363636364	0.15151515151515152	0.20202020202020202	0.010101010101010102	0.0	0.0	0.0	6.8774280565330885	10.624100476905003	18.409	16.322	13.329	4.842217763473465	4.372021674671085	2.1765500867420347	0.02197802197802198	0.23076923076923078	0.23076923076923078	0.12087912087912088	0.1978021978021978	0.18681318681318682	0.01098901098901099	0.0	0.0	0.4835164835164835	6.285714285714286	2.2497165354319457
RCSB-4WO0-AGI-KD:S2	RCSB-4WO0-AGI-KD	S2	construct-019-1be38543a2db	1be38543a2db6ca4b3174a623300252e6f33aa0ea487c0c122a2d72db9e98cb4	P02766	4WO0	AGI	KZNIFHPLKGYRTM-UHFFFAOYSA-N	O=c1cc(-c2ccc(O)cc2)oc2cc(O)cc(O)c12	6.6020599913279625	AF-P02766-F1	043613789f0ecec3340293ccfa5d299febcd59d4a1f64bdb04bc6053738c1e30	1	A	3P3R	3M1	33;35;37;74;126;127;128;129;130;137;138;139;140;141	33;35;37;74;126;127;128;129;130;137;138;139;140;141		alphafold_db_predicted_fixed_per_construct	False	True	False	14.0	99.0	1.0	0.0	0.21428571428571427	0.0	0.0	0.07142857142857142	0.0	0.0	0.0	0.07142857142857142	0.07142857142857142	0.14285714285714285	0.07142857142857142	0.0	0.0	0.0	0.0	0.07142857142857142	0.21428571428571427	0.07142857142857142	0.0	0.0	0.0	0.6363636363636364	0.15151515151515152	0.20202020202020202	0.010101010101010102	0.0	0.0	0.0	6.8774280565330885	10.624100476905003	18.409	16.322	13.329	4.842217763473465	4.372021674671085	2.1765500867420347	0.02197802197802198	0.23076923076923078	0.23076923076923078	0.12087912087912088	0.1978021978021978	0.18681318681318682	0.01098901098901099	0.0	0.0	0.4835164835164835	6.285714285714286	2.2497165354319457
RCSB-4QXV-LU2-KD:S2	RCSB-4QXV-LU2-KD	S2	construct-019-1be38543a2db	1be38543a2db6ca4b3174a623300252e6f33aa0ea487c0c122a2d72db9e98cb4	P02766	4QXV	LU2	IQPNAANSBPBGFQ-UHFFFAOYSA-N	O=c1cc(-c2ccc(O)c(O)c2)oc2cc(O)cc(O)c12	7.154901959985743	AF-P02766-F1	043613789f0ecec3340293ccfa5d299febcd59d4a1f64bdb04bc6053738c1e30	1	A	3P3R	3M1	33;35;37;74;126;127;128;129;130;137;138;139;140;141	33;35;37;74;126;127;128;129;130;137;138;139;140;141		alphafold_db_predicted_fixed_per_construct	False	True	False	14.0	99.0	1.0	0.0	0.21428571428571427	0.0	0.0	0.07142857142857142	0.0	0.0	0.0	0.07142857142857142	0.07142857142857142	0.14285714285714285	0.07142857142857142	0.0	0.0	0.0	0.0	0.07142857142857142	0.21428571428571427	0.07142857142857142	0.0	0.0	0.0	0.6363636363636364	0.15151515151515152	0.20202020202020202	0.010101010101010102	0.0	0.0	0.0	6.8774280565330885	10.624100476905003	18.409	16.322	13.329	4.842217763473465	4.372021674671085	2.1765500867420347	0.02197802197802198	0.23076923076923078	0.23076923076923078	0.12087912087912088	0.1978021978021978	0.18681318681318682	0.01098901098901099	0.0	0.0	0.4835164835164835	6.285714285714286	2.2497165354319457
RCSB-3RJW-CIQ-KD:S2	RCSB-3RJW-CIQ-KD	S2	construct-020-2acb35da5928	2acb35da5928b53ae053d27888f8b46ac564433b4e6d30fc36092001e0437d0a	Q96KQ7	3RJW	CIQ	QOECJCJVIMVJGX-UHFFFAOYSA-N	COc1cc2c(NC3CCN(C(C)C)CC3)nc(C3CCCCC3)nc2cc1OCCCN1CCCC1	5.847711655616943	AF-Q96KQ7-F1	80c23a5e513fafd14135433f2f7f3259c78c55d53c4ea8e3bde122c3a32a10bd	1	A	3K5K	DXQ	1067;1074;1077;1078;1079;1080;1081;1083;1084;1085;1086;1087;1088;1096;1097;1098;1152;1154;1155;1157;1158;1159;1161;1162	1067;1074;1077;1078;1079;1080;1081;1083;1084;1085;1086;1087;1088;1096;1097;1098;1152;1154;1155;1157;1158;1159;1161;1162		alphafold_db_predicted_fixed_per_construct	False	True	False	24.0	218.0	1.0	0.0	0.041666666666666664	0.041666666666666664	0.16666666666666666	0.041666666666666664	0.125	0.041666666666666664	0.0	0.041666666666666664	0.041666666666666664	0.041666666666666664	0.0	0.0	0.0	0.0	0.08333333333333333	0.041666666666666664	0.0	0.08333333333333333	0.041666666666666664	0.16666666666666666	0.0	0.6697247706422018	0.14678899082568808	0.17889908256880735	0.0045871559633027525	0.0	0.0	0.0	9.524926698168525	16.726212021058874	25.170999999999996	23.207	21.749	6.6777935371008885	5.428644548730475	4.081803577449072	0.0036231884057971015	0.07608695652173914	0.11231884057971014	0.13043478260869565	0.18115942028985507	0.2717391304347826	0.18840579710144928	0.036231884057971016	0.0	0.19202898550724637	4.416666666666667	1.6811867501526678
RCSB-5TTF-7KZ-KD:S2	RCSB-5TTF-7KZ-KD	S2	construct-020-2acb35da5928	2acb35da5928b53ae053d27888f8b46ac564433b4e6d30fc36092001e0437d0a	Q96KQ7	5TTF	7KZ	ZYNUWSFRZCRKSN-UHFFFAOYSA-N	CCCCCCNc1nc(NC2CCN(C)CC2)c2cc(OC)c(OC)cc2n1	6.214670164989233	AF-Q96KQ7-F1	80c23a5e513fafd14135433f2f7f3259c78c55d53c4ea8e3bde122c3a32a10bd	1	A	3K5K	DXQ	1067;1074;1077;1078;1079;1080;1081;1083;1084;1085;1086;1087;1088;1096;1097;1098;1152;1154;1155;1157;1158;1159;1161;1162	1067;1074;1077;1078;1079;1080;1081;1083;1084;1085;1086;1087;1088;1096;1097;1098;1152;1154;1155;1157;1158;1159;1161;1162		alphafold_db_predicted_fixed_per_construct	False	True	False	24.0	218.0	1.0	0.0	0.041666666666666664	0.041666666666666664	0.16666666666666666	0.041666666666666664	0.125	0.041666666666666664	0.0	0.041666666666666664	0.041666666666666664	0.041666666666666664	0.0	0.0	0.0	0.0	0.08333333333333333	0.041666666666666664	0.0	0.08333333333333333	0.041666666666666664	0.16666666666666666	0.0	0.6697247706422018	0.14678899082568808	0.17889908256880735	0.0045871559633027525	0.0	0.0	0.0	9.524926698168525	16.726212021058874	25.170999999999996	23.207	21.749	6.6777935371008885	5.428644548730475	4.081803577449072	0.0036231884057971015	0.07608695652173914	0.11231884057971014	0.13043478260869565	0.18115942028985507	0.2717391304347826	0.18840579710144928	0.036231884057971016	0.0	0.19202898550724637	4.416666666666667	1.6811867501526678
RCSB-7T7L-G4R-KD:S2	RCSB-7T7L-G4R-KD	S2	construct-020-2acb35da5928	2acb35da5928b53ae053d27888f8b46ac564433b4e6d30fc36092001e0437d0a	Q96KQ7	7T7L	G4R	JBMUWBUCVSKHLE-UHFFFAOYSA-N	C=CC(=O)Nc1nc(NC2CCN(C(C)C)CC2)c2cc(OC)c(OCCCN3CCCC3)cc2n1	6.102372908709558	AF-Q96KQ7-F1	80c23a5e513fafd14135433f2f7f3259c78c55d53c4ea8e3bde122c3a32a10bd	1	A	3K5K	DXQ	1067;1074;1077;1078;1079;1080;1081;1083;1084;1085;1086;1087;1088;1096;1097;1098;1152;1154;1155;1157;1158;1159;1161;1162	1067;1074;1077;1078;1079;1080;1081;1083;1084;1085;1086;1087;1088;1096;1097;1098;1152;1154;1155;1157;1158;1159;1161;1162		alphafold_db_predicted_fixed_per_construct	False	True	False	24.0	218.0	1.0	0.0	0.041666666666666664	0.041666666666666664	0.16666666666666666	0.041666666666666664	0.125	0.041666666666666664	0.0	0.041666666666666664	0.041666666666666664	0.041666666666666664	0.0	0.0	0.0	0.0	0.08333333333333333	0.041666666666666664	0.0	0.08333333333333333	0.041666666666666664	0.16666666666666666	0.0	0.6697247706422018	0.14678899082568808	0.17889908256880735	0.0045871559633027525	0.0	0.0	0.0	9.524926698168525	16.726212021058874	25.170999999999996	23.207	21.749	6.6777935371008885	5.428644548730475	4.081803577449072	0.0036231884057971015	0.07608695652173914	0.11231884057971014	0.13043478260869565	0.18115942028985507	0.2717391304347826	0.18840579710144928	0.036231884057971016	0.0	0.19202898550724637	4.416666666666667	1.6811867501526678
RCSB-7X73-J26-KD:S2	RCSB-7X73-J26-KD	S2	construct-020-2acb35da5928	2acb35da5928b53ae053d27888f8b46ac564433b4e6d30fc36092001e0437d0a	Q96KQ7	7X73	J26	OWORSODZTADOQX-IBGZPJMESA-N	Cc1c(C(=O)N[C@@H](CCC2CC2)C(=O)Nc2ccc(C#N)cc2)[nH]c2c1C(=O)CC(C)(C)C2	6.1249387366083	AF-Q96KQ7-F1	80c23a5e513fafd14135433f2f7f3259c78c55d53c4ea8e3bde122c3a32a10bd	1	A	3K5K	DXQ	1067;1074;1077;1078;1079;1080;1081;1083;1084;1085;1086;1087;1088;1096;1097;1098;1152;1154;1155;1157;1158;1159;1161;1162	1067;1074;1077;1078;1079;1080;1081;1083;1084;1085;1086;1087;1088;1096;1097;1098;1152;1154;1155;1157;1158;1159;1161;1162		alphafold_db_predicted_fixed_per_construct	False	True	False	24.0	218.0	1.0	0.0	0.041666666666666664	0.041666666666666664	0.16666666666666666	0.041666666666666664	0.125	0.041666666666666664	0.0	0.041666666666666664	0.041666666666666664	0.041666666666666664	0.0	0.0	0.0	0.0	0.08333333333333333	0.041666666666666664	0.0	0.08333333333333333	0.041666666666666664	0.16666666666666666	0.0	0.6697247706422018	0.14678899082568808	0.17889908256880735	0.0045871559633027525	0.0	0.0	0.0	9.524926698168525	16.726212021058874	25.170999999999996	23.207	21.749	6.6777935371008885	5.428644548730475	4.081803577449072	0.0036231884057971015	0.07608695652173914	0.11231884057971014	0.13043478260869565	0.18115942028985507	0.2717391304347826	0.18840579710144928	0.036231884057971016	0.0	0.19202898550724637	4.416666666666667	1.6811867501526678
RCSB-4K9X-8AW-KD:S2	RCSB-4K9X-8AW-KD	S2	construct-022-46b8fca0fc9d	46b8fca0fc9ded15fa7688f7d5ca0a1847515ff0884a5e3ba90386ea204f16d2	P08684	4K9X	8AW	BKYKAZAUMANNMI-FTBPSBKWSA-N	CC[C@H](C)C(=O)N[C@H](CC[C@H](Cc1ccccc1)NC(=O)OCc1cncs1)Cc1ccccc1	6.795880017344075	AF-P08684-F1	4c7939d24b4a441f1d3552fbaed07590ae7fd834f78a47e2e8f2a85f1ff24658	1	A	4K9W	7AW	50;53;57;76;105;106;108;114;119;120;210;211;213;215;224;241;300;301;304;305;309;369;370;371;372;373;374;442;481;482	50;53;57;76;105;106;108;114;119;120;210;211;213;215;224;241;300;301;304;305;309;369;370;371;372;373;374;442;481;482		alphafold_db_predicted_fixed_per_construct	False	True	False	30.0	256.0	1.0	0.0	0.06666666666666667	0.03333333333333333	0.03333333333333333	0.03333333333333333	0.2	0.03333333333333333	0.0	0.16666666666666666	0.0	0.13333333333333333	0.06666666666666667	0.0	0.0	0.0	0.1	0.03333333333333333	0.06666666666666667	0.0	0.0	0.03333333333333333	0.0	0.6875	0.15234375	0.1484375	0.01171875	0.0	0.0	0.0	10.640607230007934	16.047698121639293	29.735	23.057	22.470000000000002	7.699422067557854	5.396495114602031	4.981893468047732	0.006896551724137931	0.034482758620689655	0.08735632183908046	0.09195402298850575	0.11954022988505747	0.30344827586206896	0.22528735632183908	0.1310344827586207	0.0	0.12873563218390804	3.7333333333333334	1.2364824660660938
RCSB-4K9V-6AW-KD:S2	RCSB-4K9V-6AW-KD	S2	construct-022-46b8fca0fc9d	46b8fca0fc9ded15fa7688f7d5ca0a1847515ff0884a5e3ba90386ea204f16d2	P08684	4K9V	6AW	SUQJOWRIFVHNKN-WFXMLNOXSA-N	CC[C@@H](CC[C@H](CC)NC(=O)[C@H](CO)NC(=O)N(C)Cc1csc(C(C)C)n1)NC(=O)OCc1cncs1	5.638272163982407	AF-P08684-F1	4c7939d24b4a441f1d3552fbaed07590ae7fd834f78a47e2e8f2a85f1ff24658	1	A	4K9W	7AW	50;53;57;76;105;106;108;114;119;120;210;211;213;215;224;241;300;301;304;305;309;369;370;371;372;373;374;442;481;482	50;53;57;76;105;106;108;114;119;120;210;211;213;215;224;241;300;301;304;305;309;369;370;371;372;373;374;442;481;482		alphafold_db_predicted_fixed_per_construct	False	True	False	30.0	256.0	1.0	0.0	0.06666666666666667	0.03333333333333333	0.03333333333333333	0.03333333333333333	0.2	0.03333333333333333	0.0	0.16666666666666666	0.0	0.13333333333333333	0.06666666666666667	0.0	0.0	0.0	0.1	0.03333333333333333	0.06666666666666667	0.0	0.0	0.03333333333333333	0.0	0.6875	0.15234375	0.1484375	0.01171875	0.0	0.0	0.0	10.640607230007934	16.047698121639293	29.735	23.057	22.470000000000002	7.699422067557854	5.396495114602031	4.981893468047732	0.006896551724137931	0.034482758620689655	0.08735632183908046	0.09195402298850575	0.11954022988505747	0.30344827586206896	0.22528735632183908	0.1310344827586207	0.0	0.12873563218390804	3.7333333333333334	1.2364824660660938
RCSB-4D7D-PKT-KD:S2	RCSB-4D7D-PKT-KD	S2	construct-022-46b8fca0fc9d	46b8fca0fc9ded15fa7688f7d5ca0a1847515ff0884a5e3ba90386ea204f16d2	P08684	4D7D	PKT	KSORMZFPXQKUAB-FQEVSTJZSA-N	CC(C)(C)OC(=O)N[C@H](CSCCC(=O)NCc1cccnc1)Cc1c[nH]c2ccccc12	6.301029995663981	AF-P08684-F1	4c7939d24b4a441f1d3552fbaed07590ae7fd834f78a47e2e8f2a85f1ff24658	1	A	4K9W	7AW	50;53;57;76;105;106;108;114;119;120;210;211;213;215;224;241;300;301;304;305;309;369;370;371;372;373;374;442;481;482	50;53;57;76;105;106;108;114;119;120;210;211;213;215;224;241;300;301;304;305;309;369;370;371;372;373;374;442;481;482		alphafold_db_predicted_fixed_per_construct	False	True	False	30.0	256.0	1.0	0.0	0.06666666666666667	0.03333333333333333	0.03333333333333333	0.03333333333333333	0.2	0.03333333333333333	0.0	0.16666666666666666	0.0	0.13333333333333333	0.06666666666666667	0.0	0.0	0.0	0.1	0.03333333333333333	0.06666666666666667	0.0	0.0	0.03333333333333333	0.0	0.6875	0.15234375	0.1484375	0.01171875	0.0	0.0	0.0	10.640607230007934	16.047698121639293	29.735	23.057	22.470000000000002	7.699422067557854	5.396495114602031	4.981893468047732	0.006896551724137931	0.034482758620689655	0.08735632183908046	0.09195402298850575	0.11954022988505747	0.30344827586206896	0.22528735632183908	0.1310344827586207	0.0	0.12873563218390804	3.7333333333333334	1.2364824660660938
RCSB-4D78-J9K-KD:S2	RCSB-4D78-J9K-KD	S2	construct-022-46b8fca0fc9d	46b8fca0fc9ded15fa7688f7d5ca0a1847515ff0884a5e3ba90386ea204f16d2	P08684	4D78	J9K	MVQZDJDMEHCEJW-FQEVSTJZSA-N	CC(C)(C)OC(=O)N[C@H](CSCCC(=O)NCc1cccnc1)Cc1ccccc1	6.045757490560675	AF-P08684-F1	4c7939d24b4a441f1d3552fbaed07590ae7fd834f78a47e2e8f2a85f1ff24658	1	A	4K9W	7AW	50;53;57;76;105;106;108;114;119;120;210;211;213;215;224;241;300;301;304;305;309;369;370;371;372;373;374;442;481;482	50;53;57;76;105;106;108;114;119;120;210;211;213;215;224;241;300;301;304;305;309;369;370;371;372;373;374;442;481;482		alphafold_db_predicted_fixed_per_construct	False	True	False	30.0	256.0	1.0	0.0	0.06666666666666667	0.03333333333333333	0.03333333333333333	0.03333333333333333	0.2	0.03333333333333333	0.0	0.16666666666666666	0.0	0.13333333333333333	0.06666666666666667	0.0	0.0	0.0	0.1	0.03333333333333333	0.06666666666666667	0.0	0.0	0.03333333333333333	0.0	0.6875	0.15234375	0.1484375	0.01171875	0.0	0.0	0.0	10.640607230007934	16.047698121639293	29.735	23.057	22.470000000000002	7.699422067557854	5.396495114602031	4.981893468047732	0.006896551724137931	0.034482758620689655	0.08735632183908046	0.09195402298850575	0.11954022988505747	0.30344827586206896	0.22528735632183908	0.1310344827586207	0.0	0.12873563218390804	3.7333333333333334	1.2364824660660938
RCSB-4MP7-PFT-KD:S2	RCSB-4MP7-PFT-KD	S2	construct-026-997c3e281e6e	997c3e281e6e11dac489ba593cb5a0984827e53dbec97b282c143a25a519a182	Q15119	4MP7	PFT	FYANAIGOGAIFAF-UHFFFAOYSA-N	O=C(c1ccc(O)cc1O)N1Cc2ccccc2C1	5.738261452647462	AF-Q15119-F1	5202ced10efd6aa5e90cd985603c3857dbd5ffbb8b15a8188c2f87dec7344b2f	1	A	4MPC	PV2	251;252;253;255;256;258;259;260;262;263;288;290;292;293;294;295;300;303;330;346;348;353;354;356	251;252;253;255;256;258;259;260;262;263;288;290;292;293;294;295;300;303;330;346;348;353;354;356		alphafold_db_predicted_fixed_per_construct	False	True	False	24.0	168.0	1.0	0.0	0.125	0.0	0.041666666666666664	0.08333333333333333	0.041666666666666664	0.16666666666666666	0.0	0.041666666666666664	0.0	0.16666666666666666	0.041666666666666664	0.041666666666666664	0.0	0.0	0.041666666666666664	0.08333333333333333	0.08333333333333333	0.041666666666666664	0.0	0.0	0.0	0.6190476190476191	0.16666666666666666	0.20833333333333334	0.005952380952380952	0.0	0.0	0.0	8.385594531045577	12.677845260774257	19.803	17.894	16.457	5.413298392720835	5.034513927400039	3.9582907504733087	0.018115942028985508	0.11956521739130435	0.14492753623188406	0.15217391304347827	0.16304347826086957	0.2971014492753623	0.10507246376811594	0.0	0.0	0.2826086956521739	6.5	2.23606797749979
RCSB-4MPE-PV8-KD:S2	RCSB-4MPE-PV8-KD	S2	construct-026-997c3e281e6e	997c3e281e6e11dac489ba593cb5a0984827e53dbec97b282c143a25a519a182	Q15119	4MPE	PV8	WRKXOYGLVREKOE-UHFFFAOYSA-N	O=S(=O)(c1ccc(O)cc1O)N1Cc2ccc(O)cc2C1	6.370590400897282	AF-Q15119-F1	5202ced10efd6aa5e90cd985603c3857dbd5ffbb8b15a8188c2f87dec7344b2f	1	A	4MPC	PV2	251;252;253;255;256;258;259;260;262;263;288;290;292;293;294;295;300;303;330;346;348;353;354;356	251;252;253;255;256;258;259;260;262;263;288;290;292;293;294;295;300;303;330;346;348;353;354;356		alphafold_db_predicted_fixed_per_construct	False	True	False	24.0	168.0	1.0	0.0	0.125	0.0	0.041666666666666664	0.08333333333333333	0.041666666666666664	0.16666666666666666	0.0	0.041666666666666664	0.0	0.16666666666666666	0.041666666666666664	0.041666666666666664	0.0	0.0	0.041666666666666664	0.08333333333333333	0.08333333333333333	0.041666666666666664	0.0	0.0	0.0	0.6190476190476191	0.16666666666666666	0.20833333333333334	0.005952380952380952	0.0	0.0	0.0	8.385594531045577	12.677845260774257	19.803	17.894	16.457	5.413298392720835	5.034513927400039	3.9582907504733087	0.018115942028985508	0.11956521739130435	0.14492753623188406	0.15217391304347827	0.16304347826086957	0.2971014492753623	0.10507246376811594	0.0	0.0	0.2826086956521739	6.5	2.23606797749979
RCSB-4MP2-PV1-KD:S2	RCSB-4MP2-PV1-KD	S2	construct-026-997c3e281e6e	997c3e281e6e11dac489ba593cb5a0984827e53dbec97b282c143a25a519a182	Q15119	4MP2	PV1	OTKZPCDLOLLPPV-UHFFFAOYSA-N	O=C(c1cc(Br)c(O)cc1O)N1Cc2ccccc2C1	5.447331783887806	AF-Q15119-F1	5202ced10efd6aa5e90cd985603c3857dbd5ffbb8b15a8188c2f87dec7344b2f	1	A	4MPC	PV2	251;252;253;255;256;258;259;260;262;263;288;290;292;293;294;295;300;303;330;346;348;353;354;356	251;252;253;255;256;258;259;260;262;263;288;290;292;293;294;295;300;303;330;346;348;353;354;356		alphafold_db_predicted_fixed_per_construct	False	True	False	24.0	168.0	1.0	0.0	0.125	0.0	0.041666666666666664	0.08333333333333333	0.041666666666666664	0.16666666666666666	0.0	0.041666666666666664	0.0	0.16666666666666666	0.041666666666666664	0.041666666666666664	0.0	0.0	0.041666666666666664	0.08333333333333333	0.08333333333333333	0.041666666666666664	0.0	0.0	0.0	0.6190476190476191	0.16666666666666666	0.20833333333333334	0.005952380952380952	0.0	0.0	0.0	8.385594531045577	12.677845260774257	19.803	17.894	16.457	5.413298392720835	5.034513927400039	3.9582907504733087	0.018115942028985508	0.11956521739130435	0.14492753623188406	0.15217391304347827	0.16304347826086957	0.2971014492753623	0.10507246376811594	0.0	0.0	0.2826086956521739	6.5	2.23606797749979
RCSB-5J71-P35-KD:S2	RCSB-5J71-P35-KD	S2	construct-026-997c3e281e6e	997c3e281e6e11dac489ba593cb5a0984827e53dbec97b282c143a25a519a182	Q15119	5J71	P35	HQHMYMINMCVYMC-UHFFFAOYSA-N	O=S(=O)(c1ccc(O)cc1O)N1Cc2ccc(NC3CCNCC3)cc2C1	6.958607314841775	AF-Q15119-F1	5202ced10efd6aa5e90cd985603c3857dbd5ffbb8b15a8188c2f87dec7344b2f	1	A	4MPC	PV2	251;252;253;255;256;258;259;260;262;263;288;290;292;293;294;295;300;303;330;346;348;353;354;356	251;252;253;255;256;258;259;260;262;263;288;290;292;293;294;295;300;303;330;346;348;353;354;356		alphafold_db_predicted_fixed_per_construct	False	True	False	24.0	168.0	1.0	0.0	0.125	0.0	0.041666666666666664	0.08333333333333333	0.041666666666666664	0.16666666666666666	0.0	0.041666666666666664	0.0	0.16666666666666666	0.041666666666666664	0.041666666666666664	0.0	0.0	0.041666666666666664	0.08333333333333333	0.08333333333333333	0.041666666666666664	0.0	0.0	0.0	0.6190476190476191	0.16666666666666666	0.20833333333333334	0.005952380952380952	0.0	0.0	0.0	8.385594531045577	12.677845260774257	19.803	17.894	16.457	5.413298392720835	5.034513927400039	3.9582907504733087	0.018115942028985508	0.11956521739130435	0.14492753623188406	0.15217391304347827	0.16304347826086957	0.2971014492753623	0.10507246376811594	0.0	0.0	0.2826086956521739	6.5	2.23606797749979
RCSB-5E73-UO1-KD:S2	RCSB-5E73-UO1-KD	S2	construct-027-baf0440a45db	baf0440a45dbe76a30c76e6114506b8d464552e80483a38a66f97c77a6b87031	Q9UIF8	5E73	UO1	NXETYAFZIDRMKK-UHFFFAOYSA-N	CC(=O)N(c1cc(O)ccc1C)c1cn(C(C)=O)c2ccccc12	4.638272163982407	AF-Q9UIF8-F1	60ac7fcb2d77ac379b23507fe04f20d6ecece204ac87b199e9a67912e840ef65	1	A	5E74	5KH	2083;2084;2085;2086;2087;2088;2089;2090;2093;2094;2097;2132;2135;2136;2139;2140;2146	2083;2084;2085;2086;2087;2088;2089;2090;2093;2094;2097;2132;2135;2136;2139;2140;2146		alphafold_db_predicted_fixed_per_construct	False	True	False	17.0	145.0	1.0	0.0	0.0	0.058823529411764705	0.0	0.0	0.11764705882352941	0.0	0.0	0.058823529411764705	0.0	0.17647058823529413	0.0	0.17647058823529413	0.11764705882352941	0.0	0.0	0.0	0.0	0.17647058823529413	0.058823529411764705	0.058823529411764705	0.0	0.7034482758620689	0.14482758620689656	0.14482758620689656	0.006896551724137931	0.0	0.0	0.0	7.873638276133894	11.520765971005067	20.937	19.888999999999996	19.54	5.160126553541189	4.727384998106194	3.608199652807526	0.014705882352941176	0.11764705882352941	0.13970588235294118	0.13970588235294118	0.22058823529411764	0.3382352941176471	0.029411764705882353	0.0	0.0	0.27205882352941174	4.352941176470588	1.1852612752711698
RCSB-5MGE-7MX-KD:S2	RCSB-5MGE-7MX-KD	S2	construct-027-baf0440a45db	baf0440a45dbe76a30c76e6114506b8d464552e80483a38a66f97c77a6b87031	Q9UIF8	5MGE	7MX	WGSWOEOJYNQPRP-UHFFFAOYSA-N	CCOC(=O)c1cn(C)c(=O)cc1Cl	4.060480747381382	AF-Q9UIF8-F1	60ac7fcb2d77ac379b23507fe04f20d6ecece204ac87b199e9a67912e840ef65	1	A	5E74	5KH	2083;2084;2085;2086;2087;2088;2089;2090;2093;2094;2097;2132;2135;2136;2139;2140;2146	2083;2084;2085;2086;2087;2088;2089;2090;2093;2094;2097;2132;2135;2136;2139;2140;2146		alphafold_db_predicted_fixed_per_construct	False	True	False	17.0	145.0	1.0	0.0	0.0	0.058823529411764705	0.0	0.0	0.11764705882352941	0.0	0.0	0.058823529411764705	0.0	0.17647058823529413	0.0	0.17647058823529413	0.11764705882352941	0.0	0.0	0.0	0.0	0.17647058823529413	0.058823529411764705	0.058823529411764705	0.0	0.7034482758620689	0.14482758620689656	0.14482758620689656	0.006896551724137931	0.0	0.0	0.0	7.873638276133894	11.520765971005067	20.937	19.888999999999996	19.54	5.160126553541189	4.727384998106194	3.608199652807526	0.014705882352941176	0.11764705882352941	0.13970588235294118	0.13970588235294118	0.22058823529411764	0.3382352941176471	0.029411764705882353	0.0	0.0	0.27205882352941174	4.352941176470588	1.1852612752711698
RCSB-5MGF-7MW-KD:S2	RCSB-5MGF-7MW-KD	S2	construct-027-baf0440a45db	baf0440a45dbe76a30c76e6114506b8d464552e80483a38a66f97c77a6b87031	Q9UIF8	5MGF	7MW	GMDIDIYLWBUNEW-UHFFFAOYSA-N	CCC(=O)c1c[nH]c(C(=O)OC)c1	4.267606240177032	AF-Q9UIF8-F1	60ac7fcb2d77ac379b23507fe04f20d6ecece204ac87b199e9a67912e840ef65	1	A	5E74	5KH	2083;2084;2085;2086;2087;2088;2089;2090;2093;2094;2097;2132;2135;2136;2139;2140;2146	2083;2084;2085;2086;2087;2088;2089;2090;2093;2094;2097;2132;2135;2136;2139;2140;2146		alphafold_db_predicted_fixed_per_construct	False	True	False	17.0	145.0	1.0	0.0	0.0	0.058823529411764705	0.0	0.0	0.11764705882352941	0.0	0.0	0.058823529411764705	0.0	0.17647058823529413	0.0	0.17647058823529413	0.11764705882352941	0.0	0.0	0.0	0.0	0.17647058823529413	0.058823529411764705	0.058823529411764705	0.0	0.7034482758620689	0.14482758620689656	0.14482758620689656	0.006896551724137931	0.0	0.0	0.0	7.873638276133894	11.520765971005067	20.937	19.888999999999996	19.54	5.160126553541189	4.727384998106194	3.608199652807526	0.014705882352941176	0.11764705882352941	0.13970588235294118	0.13970588235294118	0.22058823529411764	0.3382352941176471	0.029411764705882353	0.0	0.0	0.27205882352941174	4.352941176470588	1.1852612752711698
RCSB-5X4O-YAM-KD:S2	RCSB-5X4O-YAM-KD	S2	construct-028-c2d68d73bda9	c2d68d73bda977efa2d54d77956afe6558025a234f1ccc3fef8ece4a522db925	P41182	5X4O	YAM	MZDKLVOWGIOKTN-UHFFFAOYSA-N	CN(c1ncccc1CNc1nc(Nc2ccc3c(c2)CC(=O)N3)ncc1C(F)(F)F)S(C)(=O)=O	4.055517327849832	AF-P41182-F1	f150779fa2691f7e769b4b34d93cf2fa2d080e8086c739a1dde66540a06d9c48	1	A	5X4M	7ZF	20;21;22;23;24;25;28;30	20;21;22;23;24;25;28;30		alphafold_db_predicted_fixed_per_construct	False	True	False	8.0	70.0	1.0	0.0	0.0	0.0	0.0	0.0	0.0	0.0	0.0	0.125	0.0	0.375	0.0	0.25	0.0	0.0	0.25	0.0	0.0	0.0	0.0	0.0	0.0	0.6285714285714286	0.22857142857142856	0.14285714285714285	0.0	0.0	0.0	0.0	5.7796677000904975	9.660578841247517	16.858000000000004	14.512	10.057	4.474925094594879	2.887858144237455	2.244967585511157	0.0	0.42857142857142855	0.21428571428571427	0.17857142857142858	0.10714285714285714	0.07142857142857142	0.0	0.0	0.0	0.6428571428571429	4.5	1.3228756555322954
RCSB-5X9O-80R-KD:S2	RCSB-5X9O-80R-KD	S2	construct-028-c2d68d73bda9	c2d68d73bda977efa2d54d77956afe6558025a234f1ccc3fef8ece4a522db925	P41182	5X9O	80R	LBXJVISQYZQJLT-UHFFFAOYSA-N	O=c1[nH]c2ccc(Nc3ccc([N+](=O)[O-])cc3Cl)cc2[nH]1	5.301029995663981	AF-P41182-F1	f150779fa2691f7e769b4b34d93cf2fa2d080e8086c739a1dde66540a06d9c48	1	A	5X4M	7ZF	20;21;22;23;24;25;28;30	20;21;22;23;24;25;28;30		alphafold_db_predicted_fixed_per_construct	False	True	False	8.0	70.0	1.0	0.0	0.0	0.0	0.0	0.0	0.0	0.0	0.0	0.125	0.0	0.375	0.0	0.25	0.0	0.0	0.25	0.0	0.0	0.0	0.0	0.0	0.0	0.6285714285714286	0.22857142857142856	0.14285714285714285	0.0	0.0	0.0	0.0	5.7796677000904975	9.660578841247517	16.858000000000004	14.512	10.057	4.474925094594879	2.887858144237455	2.244967585511157	0.0	0.42857142857142855	0.21428571428571427	0.17857142857142858	0.10714285714285714	0.07142857142857142	0.0	0.0	0.0	0.6428571428571429	4.5	1.3228756555322954
RCSB-5X4P-7ZO-KD:S2	RCSB-5X4P-7ZO-KD	S2	construct-028-c2d68d73bda9	c2d68d73bda977efa2d54d77956afe6558025a234f1ccc3fef8ece4a522db925	P41182	5X4P	7ZO	XGLOINXVRYWOSM-UHFFFAOYSA-N	O=C1Cc2cc(Nc3ncncc3Cl)ccc2N1	5.031517051446064	AF-P41182-F1	f150779fa2691f7e769b4b34d93cf2fa2d080e8086c739a1dde66540a06d9c48	1	A	5X4M	7ZF	20;21;22;23;24;25;28;30	20;21;22;23;24;25;28;30		alphafold_db_predicted_fixed_per_construct	False	True	False	8.0	70.0	1.0	0.0	0.0	0.0	0.0	0.0	0.0	0.0	0.0	0.125	0.0	0.375	0.0	0.25	0.0	0.0	0.25	0.0	0.0	0.0	0.0	0.0	0.0	0.6285714285714286	0.22857142857142856	0.14285714285714285	0.0	0.0	0.0	0.0	5.7796677000904975	9.660578841247517	16.858000000000004	14.512	10.057	4.474925094594879	2.887858144237455	2.244967585511157	0.0	0.42857142857142855	0.21428571428571427	0.17857142857142858	0.10714285714285714	0.07142857142857142	0.0	0.0	0.0	0.6428571428571429	4.5	1.3228756555322954
RCSB-5X4N-7ZL-KD:S2	RCSB-5X4N-7ZL-KD	S2	construct-028-c2d68d73bda9	c2d68d73bda977efa2d54d77956afe6558025a234f1ccc3fef8ece4a522db925	P41182	5X4N	7ZL	FRISIUXBSNAYFR-UHFFFAOYSA-N	Nc1ncc(Cl)c(Nc2ccccc2)n1	4.167491087293763	AF-P41182-F1	f150779fa2691f7e769b4b34d93cf2fa2d080e8086c739a1dde66540a06d9c48	1	A	5X4M	7ZF	20;21;22;23;24;25;28;30	20;21;22;23;24;25;28;30		alphafold_db_predicted_fixed_per_construct	False	True	False	8.0	70.0	1.0	0.0	0.0	0.0	0.0	0.0	0.0	0.0	0.0	0.125	0.0	0.375	0.0	0.25	0.0	0.0	0.25	0.0	0.0	0.0	0.0	0.0	0.0	0.6285714285714286	0.22857142857142856	0.14285714285714285	0.0	0.0	0.0	0.0	5.7796677000904975	9.660578841247517	16.858000000000004	14.512	10.057	4.474925094594879	2.887858144237455	2.244967585511157	0.0	0.42857142857142855	0.21428571428571427	0.17857142857142858	0.10714285714285714	0.07142857142857142	0.0	0.0	0.0	0.6428571428571429	4.5	1.3228756555322954
RCSB-4AJK-88S-KD:S2	RCSB-4AJK-88S-KD	S2	construct-030-2c56ee04d79a	2c56ee04d79a8fb712e55186eebd40553619fc3bd56349d3fd4b875b8b214967	P04642	4AJK	88S	OVXHZNUBLPBIEB-UHFFFAOYSA-N	Cc1nc2ccc(NC(=O)CCNC(N)=O)cc2s1	3.1135092748275177	AF-P04642-F1	de7420c963e1ca1a54c07ea7f1efdd1a5ae43588fa11d08d87db592b0bbe2355	1	A	4AJL	88W	26;27;28;29;30;31;32;51;52;53;83;94;95;96;97;98;99;115;116;119;120;136;137;138	26;27;28;29;30;31;32;51;52;53;83;94;95;96;97;98;99;115;116;119;120;136;137;138		alphafold_db_predicted_fixed_per_construct	False	True	False	24.0	168.0	1.0	0.0	0.125	0.0	0.041666666666666664	0.0	0.041666666666666664	0.16666666666666666	0.0	0.125	0.0	0.0	0.0	0.08333333333333333	0.0	0.0	0.041666666666666664	0.041666666666666664	0.041666666666666664	0.25	0.0	0.041666666666666664	0.0	0.6428571428571429	0.17261904761904762	0.18452380952380953	0.0	0.0	0.0	0.0	8.68703970716528	14.2521264556236	25.507	24.093999999999998	20.178	6.100875692047955	5.018629533691441	3.613493083929262	0.03260869565217391	0.11231884057971014	0.10507246376811594	0.17391304347826086	0.18478260869565216	0.2826086956521739	0.08695652173913043	0.021739130434782608	0.0	0.25	5.75	2.680951323690902
RCSB-4AL4-W7E-KD:S2	RCSB-4AL4-W7E-KD	S2	construct-030-2c56ee04d79a	2c56ee04d79a8fb712e55186eebd40553619fc3bd56349d3fd4b875b8b214967	P04642	4AL4	W7E	YPEMYPUMNYOIMU-UHFFFAOYSA-N	Cc1nc2ccc(NC(=O)CCNC(=O)NCCOc3ccc(CC(C(=O)O)C(=O)O)cc3)cc2s1	6.886056647693163	AF-P04642-F1	de7420c963e1ca1a54c07ea7f1efdd1a5ae43588fa11d08d87db592b0bbe2355	1	A	4AJL	88W	26;27;28;29;30;31;32;51;52;53;83;94;95;96;97;98;99;115;116;119;120;136;137;138	26;27;28;29;30;31;32;51;52;53;83;94;95;96;97;98;99;115;116;119;120;136;137;138		alphafold_db_predicted_fixed_per_construct	False	True	False	24.0	168.0	1.0	0.0	0.125	0.0	0.041666666666666664	0.0	0.041666666666666664	0.16666666666666666	0.0	0.125	0.0	0.0	0.0	0.08333333333333333	0.0	0.0	0.041666666666666664	0.041666666666666664	0.041666666666666664	0.25	0.0	0.041666666666666664	0.0	0.6428571428571429	0.17261904761904762	0.18452380952380953	0.0	0.0	0.0	0.0	8.68703970716528	14.2521264556236	25.507	24.093999999999998	20.178	6.100875692047955	5.018629533691441	3.613493083929262	0.03260869565217391	0.11231884057971014	0.10507246376811594	0.17391304347826086	0.18478260869565216	0.2826086956521739	0.08695652173913043	0.021739130434782608	0.0	0.25	5.75	2.680951323690902
RCSB-4AJN-88V-KD:S2	RCSB-4AJN-88V-KD	S2	construct-030-2c56ee04d79a	2c56ee04d79a8fb712e55186eebd40553619fc3bd56349d3fd4b875b8b214967	P04642	4AJN	88V	GADNEHRFYQNKCC-UHFFFAOYSA-N	Cc1nc2ccc(NC(=O)CCNC(=O)NCCc3ccc(CC(C(=O)O)C(=O)O)cc3)cc2s1	7.161150909262744	AF-P04642-F1	de7420c963e1ca1a54c07ea7f1efdd1a5ae43588fa11d08d87db592b0bbe2355	1	A	4AJL	88W	26;27;28;29;30;31;32;51;52;53;83;94;95;96;97;98;99;115;116;119;120;136;137;138	26;27;28;29;30;31;32;51;52;53;83;94;95;96;97;98;99;115;116;119;120;136;137;138		alphafold_db_predicted_fixed_per_construct	False	True	False	24.0	168.0	1.0	0.0	0.125	0.0	0.041666666666666664	0.0	0.041666666666666664	0.16666666666666666	0.0	0.125	0.0	0.0	0.0	0.08333333333333333	0.0	0.0	0.041666666666666664	0.041666666666666664	0.041666666666666664	0.25	0.0	0.041666666666666664	0.0	0.6428571428571429	0.17261904761904762	0.18452380952380953	0.0	0.0	0.0	0.0	8.68703970716528	14.2521264556236	25.507	24.093999999999998	20.178	6.100875692047955	5.018629533691441	3.613493083929262	0.03260869565217391	0.11231884057971014	0.10507246376811594	0.17391304347826086	0.18478260869565216	0.2826086956521739	0.08695652173913043	0.021739130434782608	0.0	0.25	5.75	2.680951323690902
RCSB-3B25-B2K-KD:S2	RCSB-3B25-B2K-KD	S2	construct-031-37b3e0822467	37b3e08224673f1c7a40192bc344e8ce9b08a2c252c8040f5f555dc6124dd8e8	P07900	3B25	B2K	XUOYIZBDMDPDEJ-UHFFFAOYSA-N	Cc1ccc(S(=O)(=O)c2cc(C)nc(N)n2)cc1	6.065501548756432	AF-P07900-F1	3dea704bce2421f815c76178379596cb71d41d3ae819c71f921779bbedd31cbd	1	A	3B28	B2X	48;51;52;55;93;95;96;97;98;102;103;106;107;113;135;136;137;138;139;150;152;184;186	48;51;52;55;93;95;96;97;98;102;103;106;107;113;135;136;137;138;139;150;152;184;186		alphafold_db_predicted_fixed_per_construct	False	True	False	23.0	163.0	1.0	0.0	0.043478260869565216	0.0	0.08695652173913043	0.0	0.043478260869565216	0.17391304347826086	0.0	0.043478260869565216	0.0	0.13043478260869565	0.043478260869565216	0.08695652173913043	0.0	0.0	0.0	0.08695652173913043	0.08695652173913043	0.13043478260869565	0.0	0.043478260869565216	0.0	0.6319018404907976	0.15337423312883436	0.2085889570552147	0.006134969325153374	0.0	0.0	0.0	8.463292534891211	12.79293681259079	19.555	19.278	18.871	6.002105406737807	4.6002047373015245	3.8000220515758487	0.011857707509881422	0.1067193675889328	0.11857707509881422	0.13043478260869565	0.16996047430830039	0.33992094861660077	0.11857707509881422	0.003952569169960474	0.0	0.23715415019762845	5.217391304347826	1.3499282344573933
RCSB-3B27-B2T-KD:S2	RCSB-3B27-B2T-KD	S2	construct-031-37b3e0822467	37b3e08224673f1c7a40192bc344e8ce9b08a2c252c8040f5f555dc6124dd8e8	P07900	3B27	B2T	JVOIPLKVZOLUDL-UHFFFAOYSA-N	CSc1nc(N)nc(-c2ccccc2Cl)n1	5.161150909262744	AF-P07900-F1	3dea704bce2421f815c76178379596cb71d41d3ae819c71f921779bbedd31cbd	1	A	3B28	B2X	48;51;52;55;93;95;96;97;98;102;103;106;107;113;135;136;137;138;139;150;152;184;186	48;51;52;55;93;95;96;97;98;102;103;106;107;113;135;136;137;138;139;150;152;184;186		alphafold_db_predicted_fixed_per_construct	False	True	False	23.0	163.0	1.0	0.0	0.043478260869565216	0.0	0.08695652173913043	0.0	0.043478260869565216	0.17391304347826086	0.0	0.043478260869565216	0.0	0.13043478260869565	0.043478260869565216	0.08695652173913043	0.0	0.0	0.0	0.08695652173913043	0.08695652173913043	0.13043478260869565	0.0	0.043478260869565216	0.0	0.6319018404907976	0.15337423312883436	0.2085889570552147	0.006134969325153374	0.0	0.0	0.0	8.463292534891211	12.79293681259079	19.555	19.278	18.871	6.002105406737807	4.6002047373015245	3.8000220515758487	0.011857707509881422	0.1067193675889328	0.11857707509881422	0.13043478260869565	0.16996047430830039	0.33992094861660077	0.11857707509881422	0.003952569169960474	0.0	0.23715415019762845	5.217391304347826	1.3499282344573933
RCSB-3B24-B2J-KD:S2	RCSB-3B24-B2J-KD	S2	construct-031-37b3e0822467	37b3e08224673f1c7a40192bc344e8ce9b08a2c252c8040f5f555dc6124dd8e8	P07900	3B24	B2J	PJQMCVIFTDRXNT-UHFFFAOYSA-N	CCSc1nc(C)nc(N)n1	7.376750709602099	AF-P07900-F1	3dea704bce2421f815c76178379596cb71d41d3ae819c71f921779bbedd31cbd	1	A	3B28	B2X	48;51;52;55;93;95;96;97;98;102;103;106;107;113;135;136;137;138;139;150;152;184;186	48;51;52;55;93;95;96;97;98;102;103;106;107;113;135;136;137;138;139;150;152;184;186		alphafold_db_predicted_fixed_per_construct	False	True	False	23.0	163.0	1.0	0.0	0.043478260869565216	0.0	0.08695652173913043	0.0	0.043478260869565216	0.17391304347826086	0.0	0.043478260869565216	0.0	0.13043478260869565	0.043478260869565216	0.08695652173913043	0.0	0.0	0.0	0.08695652173913043	0.08695652173913043	0.13043478260869565	0.0	0.043478260869565216	0.0	0.6319018404907976	0.15337423312883436	0.2085889570552147	0.006134969325153374	0.0	0.0	0.0	8.463292534891211	12.79293681259079	19.555	19.278	18.871	6.002105406737807	4.6002047373015245	3.8000220515758487	0.011857707509881422	0.1067193675889328	0.11857707509881422	0.13043478260869565	0.16996047430830039	0.33992094861660077	0.11857707509881422	0.003952569169960474	0.0	0.23715415019762845	5.217391304347826	1.3499282344573933
RCSB-6T0M-GOZ-KD:S2	RCSB-6T0M-GOZ-KD	S2	construct-033-4212e6c5e472	4212e6c5e472fd686b30c69e8d14749addd3c89eee2f3eab47f1d4c1637dfa2c	P00760	6T0M	GOZ	ULOXRVUIRNGIOC-CVEARBPZSA-N	Nc1cc(CNC(=O)[C@@H]2CCCN2C(=O)[C@H](N)Cc2ccccc2)cc(N)n1	7.167491087293763	AF-P00760-F1	a0554e245d18e268eaebf8f5aa651cdd6e3c088b0b480ab757a21337d8e76298	1	A	6SY3	LXW	63;99;101;104;175;194;195;196;197;198;199;200;214;215;216;217;218;219;220;221;225;226;227;228;229	63;99;101;104;175;194;195;196;197;198;199;200;214;215;216;217;218;219;220;221;225;226;227;228;229		alphafold_db_predicted_fixed_per_construct	False	True	False	25.0	186.0	1.0	0.0	0.04	0.08	0.08	0.0	0.0	0.16	0.04	0.0	0.04	0.04	0.0	0.0	0.04	0.04	0.0	0.2	0.0	0.08	0.04	0.12	0.0	0.6236559139784946	0.16129032258064516	0.20430107526881722	0.010752688172043012	0.0	0.0	0.0	8.651940654846292	16.522554334718574	22.541	21.44	15.223	6.364326840744689	4.951261407741758	3.1363085676262656	0.02666666666666667	0.09	0.16666666666666666	0.17	0.16666666666666666	0.23333333333333334	0.12	0.02666666666666667	0.0	0.2833333333333333	6.8	1.8330302779823362
RCSB-6T0P-M6Q-KD:S2	RCSB-6T0P-M6Q-KD	S2	construct-033-4212e6c5e472	4212e6c5e472fd686b30c69e8d14749addd3c89eee2f3eab47f1d4c1637dfa2c	P00760	6T0P	M6Q	LOSWCWUZWRHVLI-SJORKVTESA-N	Nc1cc(CNC(=O)[C@@H]2CCCN2C(=O)[C@H](N)Cc2ccccc2)ccn1	7.42021640338319	AF-P00760-F1	a0554e245d18e268eaebf8f5aa651cdd6e3c088b0b480ab757a21337d8e76298	1	A	6SY3	LXW	63;99;101;104;175;194;195;196;197;198;199;200;214;215;216;217;218;219;220;221;225;226;227;228;229	63;99;101;104;175;194;195;196;197;198;199;200;214;215;216;217;218;219;220;221;225;226;227;228;229		alphafold_db_predicted_fixed_per_construct	False	True	False	25.0	186.0	1.0	0.0	0.04	0.08	0.08	0.0	0.0	0.16	0.04	0.0	0.04	0.04	0.0	0.0	0.04	0.04	0.0	0.2	0.0	0.08	0.04	0.12	0.0	0.6236559139784946	0.16129032258064516	0.20430107526881722	0.010752688172043012	0.0	0.0	0.0	8.651940654846292	16.522554334718574	22.541	21.44	15.223	6.364326840744689	4.951261407741758	3.1363085676262656	0.02666666666666667	0.09	0.16666666666666666	0.17	0.16666666666666666	0.23333333333333334	0.12	0.02666666666666667	0.0	0.2833333333333333	6.8	1.8330302779823362
RCSB-6T5W-J5K-KD:S2	RCSB-6T5W-J5K-KD	S2	construct-033-4212e6c5e472	4212e6c5e472fd686b30c69e8d14749addd3c89eee2f3eab47f1d4c1637dfa2c	P00760	6T5W	J5K	IWAABGNHPAYUJJ-SJORKVTESA-N	Nc1ccc(CNC(=O)[C@@H]2CCCN2C(=O)[C@H](N)Cc2ccccc2)cn1	7.366531544420413	AF-P00760-F1	a0554e245d18e268eaebf8f5aa651cdd6e3c088b0b480ab757a21337d8e76298	1	A	6SY3	LXW	63;99;101;104;175;194;195;196;197;198;199;200;214;215;216;217;218;219;220;221;225;226;227;228;229	63;99;101;104;175;194;195;196;197;198;199;200;214;215;216;217;218;219;220;221;225;226;227;228;229		alphafold_db_predicted_fixed_per_construct	False	True	False	25.0	186.0	1.0	0.0	0.04	0.08	0.08	0.0	0.0	0.16	0.04	0.0	0.04	0.04	0.0	0.0	0.04	0.04	0.0	0.2	0.0	0.08	0.04	0.12	0.0	0.6236559139784946	0.16129032258064516	0.20430107526881722	0.010752688172043012	0.0	0.0	0.0	8.651940654846292	16.522554334718574	22.541	21.44	15.223	6.364326840744689	4.951261407741758	3.1363085676262656	0.02666666666666667	0.09	0.16666666666666666	0.17	0.16666666666666666	0.23333333333333334	0.12	0.02666666666666667	0.0	0.2833333333333333	6.8	1.8330302779823362
RCSB-3UNZ-0BZ-KD:S2	RCSB-3UNZ-0BZ-KD	S2	construct-034-4b9e20d92aa0	4b9e20d92aa0bd349feda098eb162e182b5558fc924a138b4b2bd78e7d0faee1	O14965	3UNZ	0BZ	DSRXYFSONVBAKS-UHFFFAOYSA-N	O=C(O)c1ccc(Nc2nccc(Nc3ccccc3F)n2)cc1	7.795880017344075	AF-O14965-F1	7f2035b0f118f515f80cbd8a1459d9664414d6d5bcd700ebc564a3c14e5d6b28	1	A	3UP2	0C8	137;138;139;140;141;147;160;194;210;211;212;213;214;215;216;217;220;260;261;262;263;273;274	137;138;139;140;141;147;160;194;210;211;212;213;214;215;216;217;220;260;261;262;263;273;274		alphafold_db_predicted_fixed_per_construct	False	True	False	23.0	176.0	1.0	0.0	0.13043478260869565	0.0	0.043478260869565216	0.08695652173913043	0.0	0.08695652173913043	0.0	0.0	0.043478260869565216	0.2608695652173913	0.0	0.043478260869565216	0.08695652173913043	0.0	0.08695652173913043	0.0	0.043478260869565216	0.043478260869565216	0.0	0.043478260869565216	0.0	0.6420454545454546	0.17613636363636365	0.18181818181818182	0.0	0.0	0.0	0.0	8.799338833152905	15.903013987400568	22.512999999999998	21.581	20.823	5.643302097612335	4.959274057571214	4.581168645402405	0.011857707509881422	0.1067193675889328	0.08300395256916997	0.15019762845849802	0.1857707509881423	0.33992094861660077	0.1225296442687747	0.0	0.0	0.2015810276679842	4.434782608695652	1.498581559966442
RCSB-3UOD-0C3-KD:S2	RCSB-3UOD-0C3-KD	S2	construct-034-4b9e20d92aa0	4b9e20d92aa0bd349feda098eb162e182b5558fc924a138b4b2bd78e7d0faee1	O14965	3UOD	0C3	QFNWNXOHCUAEBM-UHFFFAOYSA-N	O=C(O)c1ccc(Nc2nccc(Nc3ccccc3C(F)(F)F)n2)cc1	7.309803919971486	AF-O14965-F1	7f2035b0f118f515f80cbd8a1459d9664414d6d5bcd700ebc564a3c14e5d6b28	1	A	3UP2	0C8	137;138;139;140;141;147;160;194;210;211;212;213;214;215;216;217;220;260;261;262;263;273;274	137;138;139;140;141;147;160;194;210;211;212;213;214;215;216;217;220;260;261;262;263;273;274		alphafold_db_predicted_fixed_per_construct	False	True	False	23.0	176.0	1.0	0.0	0.13043478260869565	0.0	0.043478260869565216	0.08695652173913043	0.0	0.08695652173913043	0.0	0.0	0.043478260869565216	0.2608695652173913	0.0	0.043478260869565216	0.08695652173913043	0.0	0.08695652173913043	0.0	0.043478260869565216	0.043478260869565216	0.0	0.043478260869565216	0.0	0.6420454545454546	0.17613636363636365	0.18181818181818182	0.0	0.0	0.0	0.0	8.799338833152905	15.903013987400568	22.512999999999998	21.581	20.823	5.643302097612335	4.959274057571214	4.581168645402405	0.011857707509881422	0.1067193675889328	0.08300395256916997	0.15019762845849802	0.1857707509881423	0.33992094861660077	0.1225296442687747	0.0	0.0	0.2015810276679842	4.434782608695652	1.498581559966442
RCSB-3UO5-0BX-KD:S2	RCSB-3UO5-0BX-KD	S2	construct-034-4b9e20d92aa0	4b9e20d92aa0bd349feda098eb162e182b5558fc924a138b4b2bd78e7d0faee1	O14965	3UO5	0BX	BUKMSYYNNHEANR-UHFFFAOYSA-N	O=C(O)c1ccc(Nc2nccc(Nc3ccccc3)n2)cc1	7.4089353929735005	AF-O14965-F1	7f2035b0f118f515f80cbd8a1459d9664414d6d5bcd700ebc564a3c14e5d6b28	1	A	3UP2	0C8	137;138;139;140;141;147;160;194;210;211;212;213;214;215;216;217;220;260;261;262;263;273;274	137;138;139;140;141;147;160;194;210;211;212;213;214;215;216;217;220;260;261;262;263;273;274		alphafold_db_predicted_fixed_per_construct	False	True	False	23.0	176.0	1.0	0.0	0.13043478260869565	0.0	0.043478260869565216	0.08695652173913043	0.0	0.08695652173913043	0.0	0.0	0.043478260869565216	0.2608695652173913	0.0	0.043478260869565216	0.08695652173913043	0.0	0.08695652173913043	0.0	0.043478260869565216	0.043478260869565216	0.0	0.043478260869565216	0.0	0.6420454545454546	0.17613636363636365	0.18181818181818182	0.0	0.0	0.0	0.0	8.799338833152905	15.903013987400568	22.512999999999998	21.581	20.823	5.643302097612335	4.959274057571214	4.581168645402405	0.011857707509881422	0.1067193675889328	0.08300395256916997	0.15019762845849802	0.1857707509881423	0.33992094861660077	0.1225296442687747	0.0	0.0	0.2015810276679842	4.434782608695652	1.498581559966442
RCSB-7CAJ-FNC-KD:S2	RCSB-7CAJ-FNC-KD	S2	construct-035-4f0c729feeb4	4f0c729feeb48359181ab8aff14e4aae346f23597e7567e08cbeef9103768c7b	Q15047	7CAJ	FNC	JRIBEBYKWORBGC-LSDHHAIUSA-N	CN1C[C@H](Nc2nc3cc[nH]c3c(=O)n2C)C[C@H](c2ccccc2)C1	5.795880017344075	AF-Q15047-F1	2d033859f1ba7f6d0ea446b40013a805237a2900ad82d4d903691dbae1830763	1	A	7CD9	FVR	210;211;212;214;268;270;275;277;297;299;300;301;358;385;386;387;394	210;211;212;214;268;270;275;277;297;299;300;301;358;385;386;387;394		alphafold_db_predicted_fixed_per_construct	False	True	False	17.0	168.0	1.0	0.0	0.0	0.058823529411764705	0.11764705882352941	0.058823529411764705	0.058823529411764705	0.058823529411764705	0.058823529411764705	0.0	0.058823529411764705	0.0	0.0	0.0	0.0	0.0	0.058823529411764705	0.0	0.11764705882352941	0.0	0.17647058823529413	0.17647058823529413	0.0	0.6726190476190477	0.15476190476190477	0.16666666666666666	0.005952380952380952	0.0	0.0	0.0	10.466149957326458	17.939386692031356	31.382	21.544	20.702	8.844217240584001	4.365596690513097	3.501668440384154	0.007352941176470588	0.08088235294117647	0.125	0.10294117647058823	0.11029411764705882	0.27205882352941174	0.1323529411764706	0.16911764705882354	0.0	0.21323529411764705	3.411764705882353	1.6470588235294117
RCSB-7C9N-FN9-KD:S2	RCSB-7C9N-FN9-KD	S2	construct-035-4f0c729feeb4	4f0c729feeb48359181ab8aff14e4aae346f23597e7567e08cbeef9103768c7b	Q15047	7C9N	FN9	FAOILJOQEQTGLJ-JKSUJKDBSA-N	CN1C[C@H](Nc2nc3ccn(C)c3c(=O)n2C)C[C@H](c2ccccc2)C1	5.356547323513812	AF-Q15047-F1	2d033859f1ba7f6d0ea446b40013a805237a2900ad82d4d903691dbae1830763	1	A	7CD9	FVR	210;211;212;214;268;270;275;277;297;299;300;301;358;385;386;387;394	210;211;212;214;268;270;275;277;297;299;300;301;358;385;386;387;394		alphafold_db_predicted_fixed_per_construct	False	True	False	17.0	168.0	1.0	0.0	0.0	0.058823529411764705	0.11764705882352941	0.058823529411764705	0.058823529411764705	0.058823529411764705	0.058823529411764705	0.0	0.058823529411764705	0.0	0.0	0.0	0.0	0.0	0.058823529411764705	0.0	0.11764705882352941	0.0	0.17647058823529413	0.17647058823529413	0.0	0.6726190476190477	0.15476190476190477	0.16666666666666666	0.005952380952380952	0.0	0.0	0.0	10.466149957326458	17.939386692031356	31.382	21.544	20.702	8.844217240584001	4.365596690513097	3.501668440384154	0.007352941176470588	0.08088235294117647	0.125	0.10294117647058823	0.11029411764705882	0.27205882352941174	0.1323529411764706	0.16911764705882354	0.0	0.21323529411764705	3.411764705882353	1.6470588235294117
RCSB-7CJT-G09-KD:S2	RCSB-7CJT-G09-KD	S2	construct-035-4f0c729feeb4	4f0c729feeb48359181ab8aff14e4aae346f23597e7567e08cbeef9103768c7b	Q15047	7CJT	G09	NBDJDKAXIGWAIM-XZOQPEGZSA-N	C=CCn1c(N[C@@H]2C[C@H](c3ccc(OCc4ccccc4)cc3)CN(C)C2)nc2cc[nH]c2c1=O	7.096910013008056	AF-Q15047-F1	2d033859f1ba7f6d0ea446b40013a805237a2900ad82d4d903691dbae1830763	1	A	7CD9	FVR	210;211;212;214;268;270;275;277;297;299;300;301;358;385;386;387;394	210;211;212;214;268;270;275;277;297;299;300;301;358;385;386;387;394		alphafold_db_predicted_fixed_per_construct	False	True	False	17.0	168.0	1.0	0.0	0.0	0.058823529411764705	0.11764705882352941	0.058823529411764705	0.058823529411764705	0.058823529411764705	0.058823529411764705	0.0	0.058823529411764705	0.0	0.0	0.0	0.0	0.0	0.058823529411764705	0.0	0.11764705882352941	0.0	0.17647058823529413	0.17647058823529413	0.0	0.6726190476190477	0.15476190476190477	0.16666666666666666	0.005952380952380952	0.0	0.0	0.0	10.466149957326458	17.939386692031356	31.382	21.544	20.702	8.844217240584001	4.365596690513097	3.501668440384154	0.007352941176470588	0.08088235294117647	0.125	0.10294117647058823	0.11029411764705882	0.27205882352941174	0.1323529411764706	0.16911764705882354	0.0	0.21323529411764705	3.411764705882353	1.6470588235294117
RCSB-6BGV-DQG-KD:S2	RCSB-6BGV-DQG-KD	S2	construct-037-682d0d6b3d7a	682d0d6b3d7a36c275c378e2b34b8cd03010dd5cb336209dd74416dfab467698	P29375	6BGV	DQG	AWPYWZMMJZGPOX-NRFANRHFSA-N	O=C(O)c1ccnc2cc([C@@H](OCCN3CCCCC3)c3ccccc3Cl)[nH]c12	7.221848749616356	AF-P29375-F1	7254a9e2557d8b5e43e892efa9550265a37d825721cfcc7452f9ec811ad147bb	1	A	5IWF	LQT	409;410;412;468;470;472;479;480;483;485;486;491;492;493;501;503;571;575;581;583;584;585	409;410;412;468;470;472;479;480;483;485;486;491;492;493;501;503;571;575;581;583;584;585		alphafold_db_predicted_fixed_per_construct	False	True	False	22.0	189.0	1.0	0.0	0.09090909090909091	0.0	0.09090909090909091	0.045454545454545456	0.045454545454545456	0.045454545454545456	0.09090909090909091	0.045454545454545456	0.045454545454545456	0.0	0.0	0.13636363636363635	0.0	0.0	0.0	0.09090909090909091	0.0	0.09090909090909091	0.09090909090909091	0.09090909090909091	0.0	0.6455026455026455	0.1693121693121693	0.18518518518518517	0.0	0.0	0.0	0.0	8.815812167809755	14.58900414339415	22.946	22.709	20.680999999999997	6.1233572025775	4.851264356706292	4.0851285033761	0.004329004329004329	0.06493506493506493	0.15584415584415584	0.08658008658008658	0.21212121212121213	0.3203463203463203	0.1341991341991342	0.021645021645021644	0.0	0.22510822510822512	4.7272727272727275	1.7368157431402544
RCSB-6BH2-90V-KD:S2	RCSB-6BH2-90V-KD	S2	construct-037-682d0d6b3d7a	682d0d6b3d7a36c275c378e2b34b8cd03010dd5cb336209dd74416dfab467698	P29375	6BH2	90V	CXEXTVGTDZRKJS-LLVKDONJSA-N	CC(C)c1cc(C(=O)N2CC[C@@H](NC(=O)C3CC3)C2)[nH]n1	5.619788758288394	AF-P29375-F1	7254a9e2557d8b5e43e892efa9550265a37d825721cfcc7452f9ec811ad147bb	1	A	5IWF	LQT	409;410;412;468;470;472;479;480;483;485;486;491;492;493;501;503;571;575;581;583;584;585	409;410;412;468;470;472;479;480;483;485;486;491;492;493;501;503;571;575;581;583;584;585		alphafold_db_predicted_fixed_per_construct	False	True	False	22.0	189.0	1.0	0.0	0.09090909090909091	0.0	0.09090909090909091	0.045454545454545456	0.045454545454545456	0.045454545454545456	0.09090909090909091	0.045454545454545456	0.045454545454545456	0.0	0.0	0.13636363636363635	0.0	0.0	0.0	0.09090909090909091	0.0	0.09090909090909091	0.09090909090909091	0.09090909090909091	0.0	0.6455026455026455	0.1693121693121693	0.18518518518518517	0.0	0.0	0.0	0.0	8.815812167809755	14.58900414339415	22.946	22.709	20.680999999999997	6.1233572025775	4.851264356706292	4.0851285033761	0.004329004329004329	0.06493506493506493	0.15584415584415584	0.08658008658008658	0.21212121212121213	0.3203463203463203	0.1341991341991342	0.021645021645021644	0.0	0.22510822510822512	4.7272727272727275	1.7368157431402544
RCSB-6BH0-DO1-KD:S2	RCSB-6BH0-DO1-KD	S2	construct-037-682d0d6b3d7a	682d0d6b3d7a36c275c378e2b34b8cd03010dd5cb336209dd74416dfab467698	P29375	6BH0	DO1	AWPYWZMMJZGPOX-OAQYLSRUSA-N	O=C(O)c1ccnc2cc([C@H](OCCN3CCCCC3)c3ccccc3Cl)[nH]c12	6.657577319177793	AF-P29375-F1	7254a9e2557d8b5e43e892efa9550265a37d825721cfcc7452f9ec811ad147bb	1	A	5IWF	LQT	409;410;412;468;470;472;479;480;483;485;486;491;492;493;501;503;571;575;581;583;584;585	409;410;412;468;470;472;479;480;483;485;486;491;492;493;501;503;571;575;581;583;584;585		alphafold_db_predicted_fixed_per_construct	False	True	False	22.0	189.0	1.0	0.0	0.09090909090909091	0.0	0.09090909090909091	0.045454545454545456	0.045454545454545456	0.045454545454545456	0.09090909090909091	0.045454545454545456	0.045454545454545456	0.0	0.0	0.13636363636363635	0.0	0.0	0.0	0.09090909090909091	0.0	0.09090909090909091	0.09090909090909091	0.09090909090909091	0.0	0.6455026455026455	0.1693121693121693	0.18518518518518517	0.0	0.0	0.0	0.0	8.815812167809755	14.58900414339415	22.946	22.709	20.680999999999997	6.1233572025775	4.851264356706292	4.0851285033761	0.004329004329004329	0.06493506493506493	0.15584415584415584	0.08658008658008658	0.21212121212121213	0.3203463203463203	0.1341991341991342	0.021645021645021644	0.0	0.22510822510822512	4.7272727272727275	1.7368157431402544
RCSB-5F2P-5TY-KD:S2	RCSB-5F2P-5TY-KD	S2	construct-039-90fec4b83698	90fec4b836986f10bbadc7efebe17b38248dc617ec5cb903f1db919321382f73	Q9H8M2	5F2P	5TY	YKBGUFTWJZHVCT-UHFFFAOYSA-N	CN(C)c1ncc2c(=O)n(C)ccc2n1	4.425968732272281	AF-Q9H8M2-F1	5ec6d861654387d6547f2de021e35796ad614ad8b8d07c758bbebbd0a52def68	1	A	4Z6H	4L2	158;159;160;161;162;163;164;165;166;169;170;173;211;212;215;216;222	158;159;160;161;162;163;164;165;166;169;170;173;211;212;215;216;222		alphafold_db_predicted_fixed_per_construct	False	True	False	17.0	143.0	1.0	0.0	0.17647058823529413	0.0	0.0	0.0	0.17647058823529413	0.058823529411764705	0.058823529411764705	0.058823529411764705	0.0	0.0	0.0	0.11764705882352941	0.058823529411764705	0.0	0.0	0.0	0.058823529411764705	0.058823529411764705	0.0	0.17647058823529413	0.0	0.6923076923076923	0.14685314685314685	0.16083916083916083	0.0	0.0	0.0	0.0	8.027451029626892	13.541661857727798	21.565	20.887999999999998	16.569	5.726171269609325	4.591098482436018	3.2515761330056985	0.007352941176470588	0.14705882352941177	0.10294117647058823	0.17647058823529413	0.18382352941176472	0.3088235294117647	0.07352941176470588	0.0	0.0	0.25735294117647056	4.117647058823529	1.078253104695492
RCSB-5F25-5TU-KD:S2	RCSB-5F25-5TU-KD	S2	construct-039-90fec4b83698	90fec4b836986f10bbadc7efebe17b38248dc617ec5cb903f1db919321382f73	Q9H8M2	5F25	5TU	LCFYRSDVZKRXGW-UHFFFAOYSA-N	Cc1cc(-c2ccc(C(N)=O)cc2)cn(C)c1=O	5.040958607678906	AF-Q9H8M2-F1	5ec6d861654387d6547f2de021e35796ad614ad8b8d07c758bbebbd0a52def68	1	A	4Z6H	4L2	158;159;160;161;162;163;164;165;166;169;170;173;211;212;215;216;222	158;159;160;161;162;163;164;165;166;169;170;173;211;212;215;216;222		alphafold_db_predicted_fixed_per_construct	False	True	False	17.0	143.0	1.0	0.0	0.17647058823529413	0.0	0.0	0.0	0.17647058823529413	0.058823529411764705	0.058823529411764705	0.058823529411764705	0.0	0.0	0.0	0.11764705882352941	0.058823529411764705	0.0	0.0	0.0	0.058823529411764705	0.058823529411764705	0.0	0.17647058823529413	0.0	0.6923076923076923	0.14685314685314685	0.16083916083916083	0.0	0.0	0.0	0.0	8.027451029626892	13.541661857727798	21.565	20.887999999999998	16.569	5.726171269609325	4.591098482436018	3.2515761330056985	0.007352941176470588	0.14705882352941177	0.10294117647058823	0.17647058823529413	0.18382352941176472	0.3088235294117647	0.07352941176470588	0.0	0.0	0.25735294117647056	4.117647058823529	1.078253104695492
RCSB-4Z6I-4L3-KD:S2	RCSB-4Z6I-4L3-KD	S2	construct-039-90fec4b83698	90fec4b836986f10bbadc7efebe17b38248dc617ec5cb903f1db919321382f73	Q9H8M2	4Z6I	4L3	SMDVXOGKDHVOGV-SQJMNOBHSA-N	Cc1cc(=O)n(C)c2cc(N3C(=O)CC[C@H](NC(=O)OC(C)(C)C)[C@H]3c3ccccc3)ccc12	6.30715308072277	AF-Q9H8M2-F1	5ec6d861654387d6547f2de021e35796ad614ad8b8d07c758bbebbd0a52def68	1	A	4Z6H	4L2	158;159;160;161;162;163;164;165;166;169;170;173;211;212;215;216;222	158;159;160;161;162;163;164;165;166;169;170;173;211;212;215;216;222		alphafold_db_predicted_fixed_per_construct	False	True	False	17.0	143.0	1.0	0.0	0.17647058823529413	0.0	0.0	0.0	0.17647058823529413	0.058823529411764705	0.058823529411764705	0.058823529411764705	0.0	0.0	0.0	0.11764705882352941	0.058823529411764705	0.0	0.0	0.0	0.058823529411764705	0.058823529411764705	0.0	0.17647058823529413	0.0	0.6923076923076923	0.14685314685314685	0.16083916083916083	0.0	0.0	0.0	0.0	8.027451029626892	13.541661857727798	21.565	20.887999999999998	16.569	5.726171269609325	4.591098482436018	3.2515761330056985	0.007352941176470588	0.14705882352941177	0.10294117647058823	0.17647058823529413	0.18382352941176472	0.3088235294117647	0.07352941176470588	0.0	0.0	0.25735294117647056	4.117647058823529	1.078253104695492
RCSB-7Z62-IEC-KD:S2	RCSB-7Z62-IEC-KD	S2	construct-040-ac2363267f3b	ac2363267f3bff112da89037b97f9c4d544249427c1030054021fb3dfd307f2a	Q05097	7Z62	IEC	FXBHOHBIBVREQU-IFLJBQAJSA-N	C=C(c1ccc(OC)cc1)c1ccc(S[C@@H]2O[C@H](CO)[C@H](O)[C@H](O)[C@H]2O)cc1	5.522878745280337	AF-Q05097-F1	76c86d3029eed2804c63b4a3789e3145a3e0150de2d1052047e0fc3144d8aa10	1	A	4A6S	GS9	37;38;39;51;52;53;54;56;63;101;102;105;106;108;109	37;38;39;51;52;53;54;56;63;101;102;105;106;108;109		alphafold_db_predicted_fixed_per_construct	False	True	False	15.0	121.0	1.0	0.0	0.0	0.06666666666666667	0.13333333333333333	0.0	0.0	0.06666666666666667	0.06666666666666667	0.0	0.0	0.06666666666666667	0.0	0.13333333333333333	0.13333333333333333	0.06666666666666667	0.0	0.0	0.06666666666666667	0.06666666666666667	0.0	0.13333333333333333	0.0	0.6198347107438017	0.1652892561983471	0.2066115702479339	0.008264462809917356	0.0	0.0	0.0	7.499210617293108	13.060250599463401	20.669	18.832	12.586000000000002	5.971322360157437	3.874168736567857	2.3605689471408646	0.0380952380952381	0.1619047619047619	0.17142857142857143	0.1523809523809524	0.17142857142857143	0.23809523809523808	0.06666666666666667	0.0	0.0	0.37142857142857144	5.2	1.1075498483890767
RCSB-4LK7-GAL-KD:S2	RCSB-4LK7-GAL-KD	S2	construct-040-ac2363267f3b	ac2363267f3bff112da89037b97f9c4d544249427c1030054021fb3dfd307f2a	Q05097	4LK7	GAL	WQZGKKKJIJFFOK-FPRJBGLDSA-N	OC[C@H]1O[C@@H](O)[C@H](O)[C@@H](O)[C@H]1O	4.057991946977687	AF-Q05097-F1	76c86d3029eed2804c63b4a3789e3145a3e0150de2d1052047e0fc3144d8aa10	1	A	4A6S	GS9	37;38;39;51;52;53;54;56;63;101;102;105;106;108;109	37;38;39;51;52;53;54;56;63;101;102;105;106;108;109		alphafold_db_predicted_fixed_per_construct	False	True	False	15.0	121.0	1.0	0.0	0.0	0.06666666666666667	0.13333333333333333	0.0	0.0	0.06666666666666667	0.06666666666666667	0.0	0.0	0.06666666666666667	0.0	0.13333333333333333	0.13333333333333333	0.06666666666666667	0.0	0.0	0.06666666666666667	0.06666666666666667	0.0	0.13333333333333333	0.0	0.6198347107438017	0.1652892561983471	0.2066115702479339	0.008264462809917356	0.0	0.0	0.0	7.499210617293108	13.060250599463401	20.669	18.832	12.586000000000002	5.971322360157437	3.874168736567857	2.3605689471408646	0.0380952380952381	0.1619047619047619	0.17142857142857143	0.1523809523809524	0.17142857142857143	0.23809523809523808	0.06666666666666667	0.0	0.0	0.37142857142857144	5.2	1.1075498483890767
RCSB-7Z63-IE3-KD:S2	RCSB-7Z63-IE3-KD	S2	construct-040-ac2363267f3b	ac2363267f3bff112da89037b97f9c4d544249427c1030054021fb3dfd307f2a	Q05097	7Z63	IE3	MGBZLSXWJZVCBJ-YNIWLMFPSA-N	COc1ccc(C(=O)c2cc(OC)c(OC)c(OC)c2)cc1S[C@@H]1O[C@H](CO)[C@H](O)[C@H](O)[C@H]1O	5.991399828238082	AF-Q05097-F1	76c86d3029eed2804c63b4a3789e3145a3e0150de2d1052047e0fc3144d8aa10	1	A	4A6S	GS9	37;38;39;51;52;53;54;56;63;101;102;105;106;108;109	37;38;39;51;52;53;54;56;63;101;102;105;106;108;109		alphafold_db_predicted_fixed_per_construct	False	True	False	15.0	121.0	1.0	0.0	0.0	0.06666666666666667	0.13333333333333333	0.0	0.0	0.06666666666666667	0.06666666666666667	0.0	0.0	0.06666666666666667	0.0	0.13333333333333333	0.13333333333333333	0.06666666666666667	0.0	0.0	0.06666666666666667	0.06666666666666667	0.0	0.13333333333333333	0.0	0.6198347107438017	0.1652892561983471	0.2066115702479339	0.008264462809917356	0.0	0.0	0.0	7.499210617293108	13.060250599463401	20.669	18.832	12.586000000000002	5.971322360157437	3.874168736567857	2.3605689471408646	0.0380952380952381	0.1619047619047619	0.17142857142857143	0.1523809523809524	0.17142857142857143	0.23809523809523808	0.06666666666666667	0.0	0.0	0.37142857142857144	5.2	1.1075498483890767
RCSB-3C49-KU8-KD:S2	RCSB-3C49-KU8-KD	S2	construct-041-af8addec2ede	af8addec2ede8822dd17537922964c9d6a80b885a86e8d395e942cdce83d6335	Q9Y6F1	3C49	KU8	HGEPGGJUGUMFHT-UHFFFAOYSA-N	O=C(c1cc(Cc2n[nH]c(=O)c3ccccc23)ccc1F)N1CCCNCC1	7.154901959985743	AF-Q9Y6F1-F1	b6ae6dd83a71f2e5ec404d85eef5bb6d641f00f9df52be699acf8f771f41f6c7	1	A	3C4H	DRL	383;384;385;386;414;415;416;421;422;423;425;439;513;514;515	383;384;385;386;414;415;416;421;422;423;425;439;513;514;515		alphafold_db_predicted_fixed_per_construct	False	True	False	15.0	130.0	1.0	0.0	0.13333333333333333	0.0	0.0	0.06666666666666667	0.06666666666666667	0.06666666666666667	0.06666666666666667	0.0	0.06666666666666667	0.0	0.06666666666666667	0.0	0.0	0.0	0.0	0.13333333333333333	0.06666666666666667	0.0	0.06666666666666667	0.2	0.0	0.6692307692307692	0.14615384615384616	0.17692307692307693	0.007692307692307693	0.0	0.0	0.0	7.146047810826302	10.9428679548687	19.445999999999998	16.769	14.302	5.159650693219624	3.7156049059635032	3.261638272609883	0.01904761904761905	0.13333333333333333	0.23809523809523808	0.21904761904761905	0.19047619047619047	0.17142857142857143	0.02857142857142857	0.0	0.0	0.3904761904761905	5.466666666666667	1.7074997966487597
RCSB-3CE0-P34-KD:S2	RCSB-3CE0-P34-KD	S2	construct-041-af8addec2ede	af8addec2ede8822dd17537922964c9d6a80b885a86e8d395e942cdce83d6335	Q9Y6F1	3CE0	P34	UYJZZVDLGDDTCL-UHFFFAOYSA-N	CN(C)CC(=O)Nc1ccc2[nH]c(=O)c3ccccc3c2c1	6.154901959985743	AF-Q9Y6F1-F1	b6ae6dd83a71f2e5ec404d85eef5bb6d641f00f9df52be699acf8f771f41f6c7	1	A	3C4H	DRL	383;384;385;386;414;415;416;421;422;423;425;439;513;514;515	383;384;385;386;414;415;416;421;422;423;425;439;513;514;515		alphafold_db_predicted_fixed_per_construct	False	True	False	15.0	130.0	1.0	0.0	0.13333333333333333	0.0	0.0	0.06666666666666667	0.06666666666666667	0.06666666666666667	0.06666666666666667	0.0	0.06666666666666667	0.0	0.06666666666666667	0.0	0.0	0.0	0.0	0.13333333333333333	0.06666666666666667	0.0	0.06666666666666667	0.2	0.0	0.6692307692307692	0.14615384615384616	0.17692307692307693	0.007692307692307693	0.0	0.0	0.0	7.146047810826302	10.9428679548687	19.445999999999998	16.769	14.302	5.159650693219624	3.7156049059635032	3.261638272609883	0.01904761904761905	0.13333333333333333	0.23809523809523808	0.21904761904761905	0.19047619047619047	0.17142857142857143	0.02857142857142857	0.0	0.0	0.3904761904761905	5.466666666666667	1.7074997966487597
RCSB-8G44-ZU9-KD:S2	RCSB-8G44-ZU9-KD	S2	construct-042-b818769d59cf	b818769d59cf6fd4f1022afa7f6b60e90feb3ecba9b9867182a471a9039cb1d4	Q9UBN7	8G44	ZU9	QZFFZTYIGSWGJT-UHFFFAOYSA-N	O=C(O)CCc1nc2ccccc2c(=O)n1CC(=O)NCc1ccccc1	6.207608310501746	AF-Q9UBN7-F1	d77e8d903d91d5920108935aa13f12b01fb765e46a4a8ed0eca094a477faf215	1	A	6CE6	EYP	1141;1143;1153;1154;1155;1156;1159;1161;1162;1173;1182;1184;1187;1189	1141;1143;1153;1154;1155;1156;1159;1161;1162;1173;1182;1184;1187;1189		alphafold_db_predicted_fixed_per_construct	False	True	False	14.0	130.0	1.0	0.0	0.0	0.07142857142857142	0.0	0.07142857142857142	0.0	0.14285714285714285	0.0	0.0	0.0	0.07142857142857142	0.07142857142857142	0.0	0.0	0.07142857142857142	0.07142857142857142	0.0	0.0	0.07142857142857142	0.14285714285714285	0.21428571428571427	0.0	0.676923076923077	0.15384615384615385	0.15384615384615385	0.015384615384615385	0.0	0.0	0.0	7.175659663686207	11.65195431142615	18.577000000000005	16.217000000000002	13.117	5.189679035453894	3.5424428328176005	3.4653169976558873	0.01098901098901099	0.17582417582417584	0.17582417582417584	0.24175824175824176	0.16483516483516483	0.1978021978021978	0.03296703296703297	0.0	0.0	0.3626373626373626	4.714285714285714	1.7899948694488097
RCSB-8G43-ZU6-KD:S2	RCSB-8G43-ZU6-KD	S2	construct-042-b818769d59cf	b818769d59cf6fd4f1022afa7f6b60e90feb3ecba9b9867182a471a9039cb1d4	Q9UBN7	8G43	ZU6	DEMTVGMQPPAESO-UHFFFAOYSA-N	CNC(=O)Cn1c(CCC(=O)O)nc2ccccc2c1=O	4.853871964321762	AF-Q9UBN7-F1	d77e8d903d91d5920108935aa13f12b01fb765e46a4a8ed0eca094a477faf215	1	A	6CE6	EYP	1141;1143;1153;1154;1155;1156;1159;1161;1162;1173;1182;1184;1187;1189	1141;1143;1153;1154;1155;1156;1159;1161;1162;1173;1182;1184;1187;1189		alphafold_db_predicted_fixed_per_construct	False	True	False	14.0	130.0	1.0	0.0	0.0	0.07142857142857142	0.0	0.07142857142857142	0.0	0.14285714285714285	0.0	0.0	0.0	0.07142857142857142	0.07142857142857142	0.0	0.0	0.07142857142857142	0.07142857142857142	0.0	0.0	0.07142857142857142	0.14285714285714285	0.21428571428571427	0.0	0.676923076923077	0.15384615384615385	0.15384615384615385	0.015384615384615385	0.0	0.0	0.0	7.175659663686207	11.65195431142615	18.577000000000005	16.217000000000002	13.117	5.189679035453894	3.5424428328176005	3.4653169976558873	0.01098901098901099	0.17582417582417584	0.17582417582417584	0.24175824175824176	0.16483516483516483	0.1978021978021978	0.03296703296703297	0.0	0.0	0.3626373626373626	4.714285714285714	1.7899948694488097
RCSB-6CED-EYA-KD:S2	RCSB-6CED-EYA-KD	S2	construct-042-b818769d59cf	b818769d59cf6fd4f1022afa7f6b60e90feb3ecba9b9867182a471a9039cb1d4	Q9UBN7	6CED	EYA	UXGWMRNLTMHSST-UHFFFAOYSA-N	Cn1c(CCC(=O)O)nc2ccccc2c1=O	5.823908740944319	AF-Q9UBN7-F1	d77e8d903d91d5920108935aa13f12b01fb765e46a4a8ed0eca094a477faf215	1	A	6CE6	EYP	1141;1143;1153;1154;1155;1156;1159;1161;1162;1173;1182;1184;1187;1189	1141;1143;1153;1154;1155;1156;1159;1161;1162;1173;1182;1184;1187;1189		alphafold_db_predicted_fixed_per_construct	False	True	False	14.0	130.0	1.0	0.0	0.0	0.07142857142857142	0.0	0.07142857142857142	0.0	0.14285714285714285	0.0	0.0	0.0	0.07142857142857142	0.07142857142857142	0.0	0.0	0.07142857142857142	0.07142857142857142	0.0	0.0	0.07142857142857142	0.14285714285714285	0.21428571428571427	0.0	0.676923076923077	0.15384615384615385	0.15384615384615385	0.015384615384615385	0.0	0.0	0.0	7.175659663686207	11.65195431142615	18.577000000000005	16.217000000000002	13.117	5.189679035453894	3.5424428328176005	3.4653169976558873	0.01098901098901099	0.17582417582417584	0.17582417582417584	0.24175824175824176	0.16483516483516483	0.1978021978021978	0.03296703296703297	0.0	0.0	0.3626373626373626	4.714285714285714	1.7899948694488097
RCSB-7MS5-ZOG-KD:S2	RCSB-7MS5-ZOG-KD	S2	construct-043-bfab01cca0a7	bfab01cca0a732a81b57649f1c7f71e20efa331cb3b046e452884598beec6200	P45974	7MS5	ZOG	MCLQTWVCUVNNQM-UHFFFAOYSA-N	O=C(O)CCC(=O)c1ccc(S(=O)(=O)N2CCC(c3ccc(F)c(F)c3)CC2)cc1	4.920818753952375	AF-P45974-F1	e74054981f3aeb2dbd397fdd42fbe3a222aa2c643cf6979b8586a4a98c165cfd	1	A	6DXH	HH4	207;209;219;220;221;231;233;234;245;259;261;264;265;266	207;209;219;220;221;231;233;234;245;259;261;264;265;266		alphafold_db_predicted_fixed_per_construct	False	True	False	14.0	116.0	1.0	0.0	0.14285714285714285	0.07142857142857142	0.14285714285714285	0.0	0.0	0.07142857142857142	0.0	0.0	0.0	0.0	0.07142857142857142	0.14285714285714285	0.0	0.0	0.07142857142857142	0.0	0.0	0.07142857142857142	0.07142857142857142	0.14285714285714285	0.0	0.6206896551724138	0.1724137931034483	0.1896551724137931	0.017241379310344827	0.0	0.0	0.0	7.1426179447845	12.227882674304926	18.743000000000002	15.685	15.643	5.485347995824181	3.6869461039686424	2.7082054752724427	0.01098901098901099	0.2087912087912088	0.15384615384615385	0.17582417582417584	0.18681318681318682	0.1978021978021978	0.06593406593406594	0.0	0.0	0.37362637362637363	4.857142857142857	1.684260874650228
RCSB-7MS6-ZPV-KD:S2	RCSB-7MS6-ZPV-KD	S2	construct-043-bfab01cca0a7	bfab01cca0a732a81b57649f1c7f71e20efa331cb3b046e452884598beec6200	P45974	7MS6	ZPV	IOUTWRYTULEKGO-UHFFFAOYSA-N	O=C(O)CNC(=O)c1ccc(S(=O)(=O)N2CCC(c3ccccc3)CC2)cc1F	5.045757490560675	AF-P45974-F1	e74054981f3aeb2dbd397fdd42fbe3a222aa2c643cf6979b8586a4a98c165cfd	1	A	6DXH	HH4	207;209;219;220;221;231;233;234;245;259;261;264;265;266	207;209;219;220;221;231;233;234;245;259;261;264;265;266		alphafold_db_predicted_fixed_per_construct	False	True	False	14.0	116.0	1.0	0.0	0.14285714285714285	0.07142857142857142	0.14285714285714285	0.0	0.0	0.07142857142857142	0.0	0.0	0.0	0.0	0.07142857142857142	0.14285714285714285	0.0	0.0	0.07142857142857142	0.0	0.0	0.07142857142857142	0.07142857142857142	0.14285714285714285	0.0	0.6206896551724138	0.1724137931034483	0.1896551724137931	0.017241379310344827	0.0	0.0	0.0	7.1426179447845	12.227882674304926	18.743000000000002	15.685	15.643	5.485347995824181	3.6869461039686424	2.7082054752724427	0.01098901098901099	0.2087912087912088	0.15384615384615385	0.17582417582417584	0.18681318681318682	0.1978021978021978	0.06593406593406594	0.0	0.0	0.37362637362637363	4.857142857142857	1.684260874650228
RCSB-6NFT-KKG-KD:S2	RCSB-6NFT-KKG-KD	S2	construct-043-bfab01cca0a7	bfab01cca0a732a81b57649f1c7f71e20efa331cb3b046e452884598beec6200	P45974	6NFT	KKG	BBBICQPTZBHLBM-UHFFFAOYSA-N	O=C(O)Cn1cnc2ccccc2c1=O	3.6575773191777934	AF-P45974-F1	e74054981f3aeb2dbd397fdd42fbe3a222aa2c643cf6979b8586a4a98c165cfd	1	A	6DXH	HH4	207;209;219;220;221;231;233;234;245;259;261;264;265;266	207;209;219;220;221;231;233;234;245;259;261;264;265;266		alphafold_db_predicted_fixed_per_construct	False	True	False	14.0	116.0	1.0	0.0	0.14285714285714285	0.07142857142857142	0.14285714285714285	0.0	0.0	0.07142857142857142	0.0	0.0	0.0	0.0	0.07142857142857142	0.14285714285714285	0.0	0.0	0.07142857142857142	0.0	0.0	0.07142857142857142	0.07142857142857142	0.14285714285714285	0.0	0.6206896551724138	0.1724137931034483	0.1896551724137931	0.017241379310344827	0.0	0.0	0.0	7.1426179447845	12.227882674304926	18.743000000000002	15.685	15.643	5.485347995824181	3.6869461039686424	2.7082054752724427	0.01098901098901099	0.2087912087912088	0.15384615384615385	0.17582417582417584	0.18681318681318682	0.1978021978021978	0.06593406593406594	0.0	0.0	0.37362637362637363	4.857142857142857	1.684260874650228
RCSB-8AE7-LVU-KD:S2	RCSB-8AE7-LVU-KD	S2	construct-046-e314686107a8	e314686107a8aa87dc3412bd7107896368ad14fabb05afc4787c83cc0b4c5efe	P68400	8AE7	LVU	LIFGJTPUCFFUJO-UHFFFAOYSA-N	N#CCc1n[nH]c2cc(Br)c(Br)cc12	4.991399828238082	AF-P68400-F1	e988da6ebf46918529ea745f5d4fad4c73ac16b8dcf3049074ee49a0e67378b8	1	A	5CSV	GAB	45;51;53;66;68;81;85;95;113;114;116;118;160;163;174;175;176	45;51;53;66;68;81;85;95;113;114;116;118;160;163;174;175;176		alphafold_db_predicted_fixed_per_construct	False	True	False	17.0	145.0	1.0	0.0	0.0	0.0	0.058823529411764705	0.11764705882352941	0.058823529411764705	0.0	0.058823529411764705	0.11764705882352941	0.058823529411764705	0.11764705882352941	0.058823529411764705	0.058823529411764705	0.0	0.0	0.0	0.058823529411764705	0.0	0.17647058823529413	0.058823529411764705	0.0	0.0	0.6689655172413793	0.15172413793103448	0.1724137931034483	0.006896551724137931	0.0	0.0	0.0	8.442100785305213	13.664765005728553	22.818	21.06	18.399	5.709890043116883	4.533600095647803	4.255900790374206	0.0	0.11764705882352941	0.09558823529411764	0.16176470588235295	0.19852941176470587	0.3161764705882353	0.10294117647058823	0.007352941176470588	0.0	0.21323529411764705	3.411764705882353	1.3310245292923248
RCSB-5CSP-54G-KD:S2	RCSB-5CSP-54G-KD	S2	construct-046-e314686107a8	e314686107a8aa87dc3412bd7107896368ad14fabb05afc4787c83cc0b4c5efe	P68400	5CSP	54G	DLGBEGBHXSAQOC-UHFFFAOYSA-N	Cc1ccc(O)c(C(=O)O)c1	4.236572006437063	AF-P68400-F1	e988da6ebf46918529ea745f5d4fad4c73ac16b8dcf3049074ee49a0e67378b8	1	A	5CSV	GAB	45;51;53;66;68;81;85;95;113;114;116;118;160;163;174;175;176	45;51;53;66;68;81;85;95;113;114;116;118;160;163;174;175;176		alphafold_db_predicted_fixed_per_construct	False	True	False	17.0	145.0	1.0	0.0	0.0	0.0	0.058823529411764705	0.11764705882352941	0.058823529411764705	0.0	0.058823529411764705	0.11764705882352941	0.058823529411764705	0.11764705882352941	0.058823529411764705	0.058823529411764705	0.0	0.0	0.0	0.058823529411764705	0.0	0.17647058823529413	0.058823529411764705	0.0	0.0	0.6689655172413793	0.15172413793103448	0.1724137931034483	0.006896551724137931	0.0	0.0	0.0	8.442100785305213	13.664765005728553	22.818	21.06	18.399	5.709890043116883	4.533600095647803	4.255900790374206	0.0	0.11764705882352941	0.09558823529411764	0.16176470588235295	0.19852941176470587	0.3161764705882353	0.10294117647058823	0.007352941176470588	0.0	0.21323529411764705	3.411764705882353	1.3310245292923248
RCSB-8AEC-LW3-KD:S2	RCSB-8AEC-LW3-KD	S2	construct-046-e314686107a8	e314686107a8aa87dc3412bd7107896368ad14fabb05afc4787c83cc0b4c5efe	P68400	8AEC	LW3	FAGVHGZPQSWXCE-UHFFFAOYSA-N	N#CCc1n[nH]c2cc(Cl)c(Br)cc12	4.801342913045577	AF-P68400-F1	e988da6ebf46918529ea745f5d4fad4c73ac16b8dcf3049074ee49a0e67378b8	1	A	5CSV	GAB	45;51;53;66;68;81;85;95;113;114;116;118;160;163;174;175;176	45;51;53;66;68;81;85;95;113;114;116;118;160;163;174;175;176		alphafold_db_predicted_fixed_per_construct	False	True	False	17.0	145.0	1.0	0.0	0.0	0.0	0.058823529411764705	0.11764705882352941	0.058823529411764705	0.0	0.058823529411764705	0.11764705882352941	0.058823529411764705	0.11764705882352941	0.058823529411764705	0.058823529411764705	0.0	0.0	0.0	0.058823529411764705	0.0	0.17647058823529413	0.058823529411764705	0.0	0.0	0.6689655172413793	0.15172413793103448	0.1724137931034483	0.006896551724137931	0.0	0.0	0.0	8.442100785305213	13.664765005728553	22.818	21.06	18.399	5.709890043116883	4.533600095647803	4.255900790374206	0.0	0.11764705882352941	0.09558823529411764	0.16176470588235295	0.19852941176470587	0.3161764705882353	0.10294117647058823	0.007352941176470588	0.0	0.21323529411764705	3.411764705882353	1.3310245292923248
RCSB-7A6W-R3E-KD:S2	RCSB-7A6W-R3E-KD	S2	construct-049-226bc9b1a66a	226bc9b1a66a817531eb53818cd516d599e47e0ace8b491d58681e05d66ec1c7	Q13451	7A6W	R3E	MDPYBQRKSBXYSJ-QCXYFFPESA-N	COc1ccc(CC[C@H]2OC(=O)[C@@H]3CCCCN3C(=O)[C@@H](C3CCCCC3)c3cc(OC)c(c(OC)c3)OCCOC/C=C\COc3cccc2c3)cc1OC	6.97469413473523	AF-Q13451-F1	e4a791211e5b5c7b453b898a8c48b07abbe8161ee332c1ebb3b6fde22e08b6a0	1	A	7B9Z	T58	57;59;60;61;66;67;68;73;77;84;85;86;87;88;90;112;113;117;118;121;122;128;129;130	57;59;60;61;66;67;68;73;77;84;85;86;87;88;90;112;113;117;118;121;122;128;129;130		alphafold_db_predicted_fixed_per_construct	False	True	False	24.0	208.0	1.0	0.0	0.041666666666666664	0.0	0.041666666666666664	0.0	0.16666666666666666	0.125	0.0	0.08333333333333333	0.16666666666666666	0.08333333333333333	0.0	0.0	0.0	0.041666666666666664	0.041666666666666664	0.041666666666666664	0.0	0.041666666666666664	0.041666666666666664	0.08333333333333333	0.0	0.6971153846153846	0.15865384615384615	0.14423076923076922	0.0	0.0	0.0	0.0	9.147493479714697	16.456720967876272	27.330000000000002	26.692999999999998	18.740000000000002	6.17330121763088	5.369257857515697	4.091217312405434	0.0036231884057971015	0.11231884057971014	0.10507246376811594	0.11594202898550725	0.16666666666666666	0.2717391304347826	0.18115942028985507	0.043478260869565216	0.0	0.2210144927536232	5.083333333333333	2.158638974498103
RCSB-7A6X-R3B-KD:S2	RCSB-7A6X-R3B-KD	S2	construct-049-226bc9b1a66a	226bc9b1a66a817531eb53818cd516d599e47e0ace8b491d58681e05d66ec1c7	Q13451	7A6X	R3B	YSZSLPRWNYBWRS-LSFNHRITSA-N	COc1ccc(CC[C@H]2OC(=O)[C@@H]3CCCCN3C(=O)[C@@H](C3CCCCC3)c3cc(OC)c(c(OC)c3)OCCCOc3cccc2c3)cc1OC	7.154901959985743	AF-Q13451-F1	e4a791211e5b5c7b453b898a8c48b07abbe8161ee332c1ebb3b6fde22e08b6a0	1	A	7B9Z	T58	57;59;60;61;66;67;68;73;77;84;85;86;87;88;90;112;113;117;118;121;122;128;129;130	57;59;60;61;66;67;68;73;77;84;85;86;87;88;90;112;113;117;118;121;122;128;129;130		alphafold_db_predicted_fixed_per_construct	False	True	False	24.0	208.0	1.0	0.0	0.041666666666666664	0.0	0.041666666666666664	0.0	0.16666666666666666	0.125	0.0	0.08333333333333333	0.16666666666666666	0.08333333333333333	0.0	0.0	0.0	0.041666666666666664	0.041666666666666664	0.041666666666666664	0.0	0.041666666666666664	0.041666666666666664	0.08333333333333333	0.0	0.6971153846153846	0.15865384615384615	0.14423076923076922	0.0	0.0	0.0	0.0	9.147493479714697	16.456720967876272	27.330000000000002	26.692999999999998	18.740000000000002	6.17330121763088	5.369257857515697	4.091217312405434	0.0036231884057971015	0.11231884057971014	0.10507246376811594	0.11594202898550725	0.16666666666666666	0.2717391304347826	0.18115942028985507	0.043478260869565216	0.0	0.2210144927536232	5.083333333333333	2.158638974498103
RCSB-5VD0-8X7-KD:S2	RCSB-5VD0-8X7-KD	S2	construct-050-27409f179f54	27409f179f54750d7eeed1249ff00e0449a329cf79b68d9e1b4d3f211f6d7ef2	Q99640	5VD0	8X7	BKWJAKQVGHWELA-UHFFFAOYSA-N	C=CCn1c(=O)c2cnc(Nc3ccc(N4CCN(C)CC4)cc3)nc2n1-c1cccc(C(C)(C)O)n1	6.489454989793388	AF-Q99640-F1	2c7c4282f02652781c38a29c1e596837e8bf90b9784c67eb8231541f8268bb3a	1	A	5VCZ	XZN	116;117;124;137;138;139;157;161;171;173;185;186;187;188;189;190;191;192;193;196;237;240;250;251;252;253	116;117;124;137;138;139;157;161;171;173;185;186;187;188;189;190;191;192;193;196;237;240;250;251;252;253		alphafold_db_predicted_fixed_per_construct	False	True	False	26.0	190.0	1.0	0.0	0.07692307692307693	0.038461538461538464	0.038461538461538464	0.07692307692307693	0.07692307692307693	0.15384615384615385	0.038461538461538464	0.0	0.038461538461538464	0.15384615384615385	0.0	0.0	0.038461538461538464	0.07692307692307693	0.0	0.038461538461538464	0.038461538461538464	0.11538461538461539	0.0	0.0	0.0	0.6421052631578947	0.1631578947368421	0.18947368421052632	0.005263157894736842	0.0	0.0	0.0	8.759497926640226	15.828156452132559	24.886000000000003	19.564999999999998	17.615	6.305817915137086	4.577213658636463	4.001822018923679	0.012307692307692308	0.10153846153846154	0.09846153846153846	0.13538461538461538	0.16307692307692306	0.3323076923076923	0.13846153846153847	0.018461538461538463	0.0	0.2123076923076923	5.3076923076923075	1.8138194034694763
RCSB-5VD3-H8H-KD:S2	RCSB-5VD3-H8H-KD	S2	construct-050-27409f179f54	27409f179f54750d7eeed1249ff00e0449a329cf79b68d9e1b4d3f211f6d7ef2	Q99640	5VD3	H8H	OUKYUETWWIPKQR-UHFFFAOYSA-N	CN1CCN(CCOc2cc(OC3CCOCC3)c3c(Nc4c(Cl)ccc5c4OCO5)ncnc3c2)CC1	5.5502131530142265	AF-Q99640-F1	2c7c4282f02652781c38a29c1e596837e8bf90b9784c67eb8231541f8268bb3a	1	A	5VCZ	XZN	116;117;124;137;138;139;157;161;171;173;185;186;187;188;189;190;191;192;193;196;237;240;250;251;252;253	116;117;124;137;138;139;157;161;171;173;185;186;187;188;189;190;191;192;193;196;237;240;250;251;252;253		alphafold_db_predicted_fixed_per_construct	False	True	False	26.0	190.0	1.0	0.0	0.07692307692307693	0.038461538461538464	0.038461538461538464	0.07692307692307693	0.07692307692307693	0.15384615384615385	0.038461538461538464	0.0	0.038461538461538464	0.15384615384615385	0.0	0.0	0.038461538461538464	0.07692307692307693	0.0	0.038461538461538464	0.038461538461538464	0.11538461538461539	0.0	0.0	0.0	0.6421052631578947	0.1631578947368421	0.18947368421052632	0.005263157894736842	0.0	0.0	0.0	8.759497926640226	15.828156452132559	24.886000000000003	19.564999999999998	17.615	6.305817915137086	4.577213658636463	4.001822018923679	0.012307692307692308	0.10153846153846154	0.09846153846153846	0.13538461538461538	0.16307692307692306	0.3323076923076923	0.13846153846153847	0.018461538461538463	0.0	0.2123076923076923	5.3076923076923075	1.8138194034694763
RCSB-6T1J-M7T-KD:S2	RCSB-6T1J-M7T-KD	S2	construct-051-31c871f0f628	31c871f0f62862664d6fba8c0e50ac3d03a9f881d9ecf3810d175bd7a50366ab	Q03111	6T1J	M7T	UTOUOHONUGPBCF-UHFFFAOYSA-N	O=C(NCc1ccc(CN2CCCC2)cc1)N1CCN(C(=O)c2cccs2)CC1	4.7423214251308154	AF-Q03111-F1	5605a3ee980e0f88e8e4ddb17c104c2c9a8d051c2e44d1653e2751483ffe9baa	1	A	6T1I	M7W	26;28;32;56;58;59;60;75;76;77;78;79;80;81	26;28;32;56;58;59;60;75;76;77;78;79;80;81		alphafold_db_predicted_fixed_per_construct	False	True	False	14.0	119.0	1.0	0.0	0.07142857142857142	0.0	0.0	0.14285714285714285	0.21428571428571427	0.14285714285714285	0.07142857142857142	0.0	0.0	0.0	0.0	0.0	0.07142857142857142	0.0	0.0	0.14285714285714285	0.0	0.0	0.07142857142857142	0.07142857142857142	0.0	0.680672268907563	0.14285714285714285	0.17647058823529413	0.0	0.0	0.0	0.0	7.003136149930823	11.312371171762216	19.683	15.549	13.98	4.593788179453066	3.9133010982291023	3.5534631855957204	0.02197802197802198	0.16483516483516483	0.07692307692307693	0.32967032967032966	0.23076923076923078	0.15384615384615385	0.02197802197802198	0.0	0.0	0.26373626373626374	3.4285714285714284	1.1157499537009508
RCSB-6T1L-M7N-KD:S2	RCSB-6T1L-M7N-KD	S2	construct-051-31c871f0f628	31c871f0f62862664d6fba8c0e50ac3d03a9f881d9ecf3810d175bd7a50366ab	Q03111	6T1L	M7N	BZUHDDVBSAICQG-UHFFFAOYSA-N	CCN(CC)Cc1ccc(CNC(=O)N2CCN(c3ncccn3)CC2)cc1	4.767003889607846	AF-Q03111-F1	5605a3ee980e0f88e8e4ddb17c104c2c9a8d051c2e44d1653e2751483ffe9baa	1	A	6T1I	M7W	26;28;32;56;58;59;60;75;76;77;78;79;80;81	26;28;32;56;58;59;60;75;76;77;78;79;80;81		alphafold_db_predicted_fixed_per_construct	False	True	False	14.0	119.0	1.0	0.0	0.07142857142857142	0.0	0.0	0.14285714285714285	0.21428571428571427	0.14285714285714285	0.07142857142857142	0.0	0.0	0.0	0.0	0.0	0.07142857142857142	0.0	0.0	0.14285714285714285	0.0	0.0	0.07142857142857142	0.07142857142857142	0.0	0.680672268907563	0.14285714285714285	0.17647058823529413	0.0	0.0	0.0	0.0	7.003136149930823	11.312371171762216	19.683	15.549	13.98	4.593788179453066	3.9133010982291023	3.5534631855957204	0.02197802197802198	0.16483516483516483	0.07692307692307693	0.32967032967032966	0.23076923076923078	0.15384615384615385	0.02197802197802198	0.0	0.0	0.26373626373626374	3.4285714285714284	1.1157499537009508
RCSB-6HQY-GKW-KD:S2	RCSB-6HQY-GKW-KD	S2	construct-054-50c213a0f7bf	50c213a0f7bfe7bf6868307a32f2a7d213c3a355f11261b7583392a19622df71	A5H660	6HQY	GKW	AJRGHIGYPXNABY-UHFFFAOYSA-N	COc1ccc(Cn2ccc3ccc(C(=O)NO)cc32)cc1	6.435333935747911	AF-A5H660-F1	bdf852deaae7da7794ea56d68cf201b2e2251ec2c4f98be90222fdab77e52051	1	A	6HSH	GOK	99;100;141;142;149;150;151;152;186;187;188;189;216;281;285;292;338;339;340;341	99;100;141;142;149;150;151;152;186;187;188;189;216;281;285;292;338;339;340;341		alphafold_db_predicted_fixed_per_construct	False	True	False	20.0	165.0	1.0	0.0	0.0	0.05	0.15	0.0	0.1	0.2	0.25	0.0	0.0	0.05	0.0	0.0	0.0	0.05	0.0	0.05	0.0	0.0	0.0	0.1	0.0	0.6242424242424243	0.18787878787878787	0.18181818181818182	0.006060606060606061	0.0	0.0	0.0	8.460071927834434	18.504065004998253	25.805999999999997	21.693	20.047	6.246255498897709	4.492642948861177	3.5175657208743525	0.03684210526315789	0.09473684210526316	0.15789473684210525	0.1631578947368421	0.16842105263157894	0.3	0.03684210526315789	0.042105263157894736	0.0	0.2894736842105263	5.5	1.9874606914351791
RCSB-6HRQ-GM5-KD:S2	RCSB-6HRQ-GM5-KD	S2	construct-054-50c213a0f7bf	50c213a0f7bfe7bf6868307a32f2a7d213c3a355f11261b7583392a19622df71	A5H660	6HRQ	GM5	DORPIZJGSLWDIY-UHFFFAOYSA-N	O=C(NO)c1cccc(-c2cn(CSc3ccccc3)nn2)c1	7.086186147616283	AF-A5H660-F1	bdf852deaae7da7794ea56d68cf201b2e2251ec2c4f98be90222fdab77e52051	1	A	6HSH	GOK	99;100;141;142;149;150;151;152;186;187;188;189;216;281;285;292;338;339;340;341	99;100;141;142;149;150;151;152;186;187;188;189;216;281;285;292;338;339;340;341		alphafold_db_predicted_fixed_per_construct	False	True	False	20.0	165.0	1.0	0.0	0.0	0.05	0.15	0.0	0.1	0.2	0.25	0.0	0.0	0.05	0.0	0.0	0.0	0.05	0.0	0.05	0.0	0.0	0.0	0.1	0.0	0.6242424242424243	0.18787878787878787	0.18181818181818182	0.006060606060606061	0.0	0.0	0.0	8.460071927834434	18.504065004998253	25.805999999999997	21.693	20.047	6.246255498897709	4.492642948861177	3.5175657208743525	0.03684210526315789	0.09473684210526316	0.15789473684210525	0.1631578947368421	0.16842105263157894	0.3	0.03684210526315789	0.042105263157894736	0.0	0.2894736842105263	5.5	1.9874606914351791
RCSB-4LVB-20N-KD:S2	RCSB-4LVB-20N-KD	S2	construct-055-55e07f4ed0ce	55e07f4ed0ce8af3ab3438da5c3328ac0059868d28e3cf58be62b24c7e32b714	P43490	4LVB	20N	XJFJFROTOPBZCO-UHFFFAOYSA-N	CC(=O)Nc1ccc(NC(=O)C2CC2)cc1	4.107905397309519	AF-P43490-F1	e589012ba7ea4c88d159d182879e5a3574b34612ea1da9fff3959f442b08460c	1	A	4LVD	1EB	191;192;193;194;196;219;241;242;243;244;245;275;311;313;351;353	191;192;193;194;196;219;241;242;243;244;245;275;311;313;351;353		alphafold_db_predicted_fixed_per_construct	False	True	False	16.0	119.0	1.0	0.0	0.125	0.0	0.1875	0.0	0.0625	0.125	0.0625	0.0625	0.0	0.0	0.0	0.0	0.0625	0.0	0.125	0.125	0.0	0.0625	0.0	0.0	0.0	0.5966386554621849	0.20168067226890757	0.20168067226890757	0.0	0.0	0.0	0.0	7.7397124869436995	13.202324247791275	20.817999999999998	17.804000000000002	16.857	5.2420786535322605	4.679836273474438	3.243900927002318	0.025	0.125	0.13333333333333333	0.14166666666666666	0.23333333333333334	0.3	0.041666666666666664	0.0	0.0	0.2833333333333333	4.25	1.1989578808281798
RCSB-4LV9-20J-KD:S2	RCSB-4LV9-20J-KD	S2	construct-055-55e07f4ed0ce	55e07f4ed0ce8af3ab3438da5c3328ac0059868d28e3cf58be62b24c7e32b714	P43490	4LV9	20J	GDLBFKVLRPITMI-UHFFFAOYSA-N	CC1=Nc2ccc(Cl)cc2S(=O)(=O)N1	3.638272163982407	AF-P43490-F1	e589012ba7ea4c88d159d182879e5a3574b34612ea1da9fff3959f442b08460c	1	A	4LVD	1EB	191;192;193;194;196;219;241;242;243;244;245;275;311;313;351;353	191;192;193;194;196;219;241;242;243;244;245;275;311;313;351;353		alphafold_db_predicted_fixed_per_construct	False	True	False	16.0	119.0	1.0	0.0	0.125	0.0	0.1875	0.0	0.0625	0.125	0.0625	0.0625	0.0	0.0	0.0	0.0	0.0625	0.0	0.125	0.125	0.0	0.0625	0.0	0.0	0.0	0.5966386554621849	0.20168067226890757	0.20168067226890757	0.0	0.0	0.0	0.0	7.7397124869436995	13.202324247791275	20.817999999999998	17.804000000000002	16.857	5.2420786535322605	4.679836273474438	3.243900927002318	0.025	0.125	0.13333333333333333	0.14166666666666666	0.23333333333333334	0.3	0.041666666666666664	0.0	0.0	0.2833333333333333	4.25	1.1989578808281798
RCSB-5IA5-GV0-KD:S2	RCSB-5IA5-GV0-KD	S2	construct-056-5e2cf644e754	5e2cf644e7545b7dba71e2b656457a43d79ef2598dd7c40b2ca07fe245cb39a8	P29317	5IA5	GV0	UQRCJCNVNUFYDX-UHFFFAOYSA-N	CN1CCN(C2CCN(C(=O)Nc3cc(Oc4ccc(NC(=O)C5(C(=O)Nc6ccc(F)cc6)CC5)c(F)c4)ccn3)CC2)CC1	7.6020599913279625	AF-P29317-F1	a9676f4b9579b9e17d8626f74dd94d651d70591c417a8f34469a77966ac20f71	1	A	5I9Z	627	617;619;621;622;627;643;644;646;663;676;692;693;694;695;696;697;698;699;706;743;744;745;746;756;757	617;619;621;622;627;643;644;646;663;676;692;693;694;695;696;697;698;699;706;743;744;745;746;756;757		alphafold_db_predicted_fixed_per_construct	False	True	False	25.0	191.0	1.0	0.0	0.12	0.0	0.04	0.16	0.0	0.08	0.0	0.12	0.08	0.04	0.04	0.08	0.0	0.0	0.04	0.04	0.04	0.08	0.0	0.04	0.0	0.6178010471204188	0.16753926701570682	0.2094240837696335	0.005235602094240838	0.0	0.0	0.0	9.502690337974775	17.78682031377706	27.39	22.752000000000002	20.92	5.991737513450443	5.699683458286656	4.681219254070816	0.01	0.09	0.09	0.10333333333333333	0.14666666666666667	0.36333333333333334	0.13666666666666666	0.06	0.0	0.19	4.56	1.9200000000000002
RCSB-5IA4-88Z-KD:S2	RCSB-5IA4-88Z-KD	S2	construct-056-5e2cf644e754	5e2cf644e7545b7dba71e2b656457a43d79ef2598dd7c40b2ca07fe245cb39a8	P29317	5IA4	88Z	CXQHYVUVSFXTMY-UHFFFAOYSA-N	COc1cc2c(Oc3ccc(NC(=O)C4(C(=O)Nc5ccc(F)cc5)CC4)cc3F)ccnc2cc1OCCCN1CCOCC1	7.2839966563652006	AF-P29317-F1	a9676f4b9579b9e17d8626f74dd94d651d70591c417a8f34469a77966ac20f71	1	A	5I9Z	627	617;619;621;622;627;643;644;646;663;676;692;693;694;695;696;697;698;699;706;743;744;745;746;756;757	617;619;621;622;627;643;644;646;663;676;692;693;694;695;696;697;698;699;706;743;744;745;746;756;757		alphafold_db_predicted_fixed_per_construct	False	True	False	25.0	191.0	1.0	0.0	0.12	0.0	0.04	0.16	0.0	0.08	0.0	0.12	0.08	0.04	0.04	0.08	0.0	0.0	0.04	0.04	0.04	0.08	0.0	0.04	0.0	0.6178010471204188	0.16753926701570682	0.2094240837696335	0.005235602094240838	0.0	0.0	0.0	9.502690337974775	17.78682031377706	27.39	22.752000000000002	20.92	5.991737513450443	5.699683458286656	4.681219254070816	0.01	0.09	0.09	0.10333333333333333	0.14666666666666667	0.36333333333333334	0.13666666666666666	0.06	0.0	0.19	4.56	1.9200000000000002
RCSB-5LVN-ADN-KD:S2	RCSB-5LVN-ADN-KD	S2	construct-057-64fd661d958f	64fd661d958fea02b9768538d24b3ec07f04cb4f54bafa455ee5f25ebb4ffe3c	O15530	5LVN	ADN	OIRDTQYFTABQOQ-KQYNXXCUSA-N	Nc1ncnc2c1ncn2[C@@H]1O[C@H](CO)[C@@H](O)[C@H]1O	4.698970004336019	AF-O15530-F1	b33c7bf04024cee4662ba61b6402a62f6e97c29fa9ec4394c6428ea2e84809ce	1	A	3HRF	P47	76;113;115;116;118;119;124;127;128;131;148;149;150;155;156;157	76;113;115;116;118;119;124;127;128;131;148;149;150;155;156;157		alphafold_db_predicted_fixed_per_construct	False	True	False	16.0	143.0	1.0	0.0	0.0	0.0	0.0	0.0	0.125	0.0	0.0	0.125	0.125	0.125	0.0	0.0	0.0	0.0625	0.125	0.0	0.125	0.125	0.0	0.0625	0.0	0.6853146853146853	0.17482517482517482	0.13986013986013987	0.0	0.0	0.0	0.0	8.512452921368801	16.05622800355175	26.076	24.999999999999996	15.247999999999998	6.484129413497885	4.706676444464613	2.87491170901886	0.0	0.10833333333333334	0.23333333333333334	0.075	0.19166666666666668	0.25833333333333336	0.09166666666666666	0.041666666666666664	0.0	0.3416666666666667	5.125	1.7633419974582356
RCSB-4RQK-R1S-KD:S2	RCSB-4RQK-R1S-KD	S2	construct-057-64fd661d958f	64fd661d958fea02b9768538d24b3ec07f04cb4f54bafa455ee5f25ebb4ffe3c	O15530	4RQK	R1S	VLGMTYRMKMVUHJ-UHFFFAOYSA-N	O=S(=O)(Nc1nc2ccc(Cl)cc2s1)c1csc2ccccc12	5.823908740944319	AF-O15530-F1	b33c7bf04024cee4662ba61b6402a62f6e97c29fa9ec4394c6428ea2e84809ce	1	A	3HRF	P47	76;113;115;116;118;119;124;127;128;131;148;149;150;155;156;157	76;113;115;116;118;119;124;127;128;131;148;149;150;155;156;157		alphafold_db_predicted_fixed_per_construct	False	True	False	16.0	143.0	1.0	0.0	0.0	0.0	0.0	0.0	0.125	0.0	0.0	0.125	0.125	0.125	0.0	0.0	0.0	0.0625	0.125	0.0	0.125	0.125	0.0	0.0625	0.0	0.6853146853146853	0.17482517482517482	0.13986013986013987	0.0	0.0	0.0	0.0	8.512452921368801	16.05622800355175	26.076	24.999999999999996	15.247999999999998	6.484129413497885	4.706676444464613	2.87491170901886	0.0	0.10833333333333334	0.23333333333333334	0.075	0.19166666666666668	0.25833333333333336	0.09166666666666666	0.041666666666666664	0.0	0.3416666666666667	5.125	1.7633419974582356
RCSB-6EQ2-BU8-KD:S2	RCSB-6EQ2-BU8-KD	S2	construct-058-7dd2d4fe658a	7dd2d4fe658a802fabe6e6b5cba9d392721ca80cd5b42caf168417e0c481af6e	P36639	6EQ2	BU8	KXQPVJRJUJJWQJ-UHFFFAOYSA-N	Nc1nc2ncccc2[nH]1	5.886056647693163	AF-P36639-F1	924fa44665c5595fb69b6448efa6f7d9bb4de2cd2a7c2f95abd0cdca26cfa994	1	A	6EQ5	AX7	9;27;33;70;72;74;81;83;117;119;120;123;139	9;27;33;70;72;74;81;83;117;119;120;123;139		alphafold_db_predicted_fixed_per_construct	False	True	False	13.0	127.0	1.0	0.0	0.0	0.0	0.15384615384615385	0.0	0.3076923076923077	0.0	0.0	0.07692307692307693	0.0	0.07692307692307693	0.07692307692307693	0.07692307692307693	0.0	0.0	0.0	0.0	0.0	0.07692307692307693	0.15384615384615385	0.0	0.0	0.7244094488188977	0.12598425196850394	0.14173228346456693	0.007874015748031496	0.0	0.0	0.0	7.57842881705929	12.313286892533453	21.104	19.674	16.653	5.316690400441739	3.8999179499329664	3.7357765598167134	0.01282051282051282	0.07692307692307693	0.20512820512820512	0.11538461538461539	0.3333333333333333	0.24358974358974358	0.01282051282051282	0.0	0.0	0.2948717948717949	3.5384615384615383	1.2162606385262995
RCSB-6EQ6-EV2-KD:S2	RCSB-6EQ6-EV2-KD	S2	construct-058-7dd2d4fe658a	7dd2d4fe658a802fabe6e6b5cba9d392721ca80cd5b42caf168417e0c481af6e	P36639	6EQ6	EV2	LWWDIFFPFOZSSB-UHFFFAOYSA-N	Nc1nc2ccccc2nc1N1CCCC1	4.823908740944319	AF-P36639-F1	924fa44665c5595fb69b6448efa6f7d9bb4de2cd2a7c2f95abd0cdca26cfa994	1	A	6EQ5	AX7	9;27;33;70;72;74;81;83;117;119;120;123;139	9;27;33;70;72;74;81;83;117;119;120;123;139		alphafold_db_predicted_fixed_per_construct	False	True	False	13.0	127.0	1.0	0.0	0.0	0.0	0.15384615384615385	0.0	0.3076923076923077	0.0	0.0	0.07692307692307693	0.0	0.07692307692307693	0.07692307692307693	0.07692307692307693	0.0	0.0	0.0	0.0	0.0	0.07692307692307693	0.15384615384615385	0.0	0.0	0.7244094488188977	0.12598425196850394	0.14173228346456693	0.007874015748031496	0.0	0.0	0.0	7.57842881705929	12.313286892533453	21.104	19.674	16.653	5.316690400441739	3.8999179499329664	3.7357765598167134	0.01282051282051282	0.07692307692307693	0.20512820512820512	0.11538461538461539	0.3333333333333333	0.24358974358974358	0.01282051282051282	0.0	0.0	0.2948717948717949	3.5384615384615383	1.2162606385262995
RCSB-5H8E-5Y3-KD:S2	RCSB-5H8E-5Y3-KD	S2	construct-061-920a294dd28c	920a294dd28c44be34ad519a7de9e65ae46653dae7459f2123ec3e7927057431	P68400	5H8E	5Y3	FBMJGDCKBKUMJF-UHFFFAOYSA-N	CC(=O)Nc1cc(Nc2cc(NC3CC3)n3ncc(C#N)c3n2)ccc1N(C)CCN	11.221848745841319	AF-P68400-F1	e988da6ebf46918529ea745f5d4fad4c73ac16b8dcf3049074ee49a0e67378b8	1	A	5H8G	5Y4	43;45;46;47;48;49;51;52;53;55;66;67;68;81;95;113;114;115;116;117;118;156;158;160;161;163;174;175;176;177;178	43;45;46;47;48;49;51;52;53;55;66;67;68;81;95;113;114;115;116;117;118;156;158;160;161;163;174;175;176;177;178		alphafold_db_predicted_fixed_per_construct	False	True	False	31.0	256.0	1.0	0.0	0.0	0.0	0.06451612903225806	0.12903225806451613	0.03225806451612903	0.0967741935483871	0.06451612903225806	0.06451612903225806	0.0967741935483871	0.06451612903225806	0.03225806451612903	0.0967741935483871	0.0	0.0	0.06451612903225806	0.03225806451612903	0.0	0.12903225806451613	0.03225806451612903	0.0	0.0	0.625	0.1875	0.18359375	0.00390625	0.0	0.0	0.0	10.016062165593745	16.865541763611326	26.866	23.384	21.678	6.883688472911119	5.772980524993983	4.428208460651922	0.0064516129032258064	0.08387096774193549	0.06666666666666667	0.10752688172043011	0.14193548387096774	0.3247311827956989	0.1956989247311828	0.07311827956989247	0.0	0.15698924731182795	4.709677419354839	1.6302295185152613
RCSB-5H8B-5Y2-KD:S2	RCSB-5H8B-5Y2-KD	S2	construct-061-920a294dd28c	920a294dd28c44be34ad519a7de9e65ae46653dae7459f2123ec3e7927057431	P68400	5H8B	5Y2	GDSQVLMYYCNAGP-UHFFFAOYSA-N	CC(=O)Nc1cc(Nc2cc(NC3CC3)n3ncc(C#N)c3n2)ccc1C	11.301030005371219	AF-P68400-F1	e988da6ebf46918529ea745f5d4fad4c73ac16b8dcf3049074ee49a0e67378b8	1	A	5H8G	5Y4	43;45;46;47;48;49;51;52;53;55;66;67;68;81;95;113;114;115;116;117;118;156;158;160;161;163;174;175;176;177;178	43;45;46;47;48;49;51;52;53;55;66;67;68;81;95;113;114;115;116;117;118;156;158;160;161;163;174;175;176;177;178		alphafold_db_predicted_fixed_per_construct	False	True	False	31.0	256.0	1.0	0.0	0.0	0.0	0.06451612903225806	0.12903225806451613	0.03225806451612903	0.0967741935483871	0.06451612903225806	0.06451612903225806	0.0967741935483871	0.06451612903225806	0.03225806451612903	0.0967741935483871	0.0	0.0	0.06451612903225806	0.03225806451612903	0.0	0.12903225806451613	0.03225806451612903	0.0	0.0	0.625	0.1875	0.18359375	0.00390625	0.0	0.0	0.0	10.016062165593745	16.865541763611326	26.866	23.384	21.678	6.883688472911119	5.772980524993983	4.428208460651922	0.0064516129032258064	0.08387096774193549	0.06666666666666667	0.10752688172043011	0.14193548387096774	0.3247311827956989	0.1956989247311828	0.07311827956989247	0.0	0.15698924731182795	4.709677419354839	1.6302295185152613
RCSB-6RL9-SAN-KD:S2	RCSB-6RL9-SAN-KD	S2	construct-062-9efbec4633b7	9efbec4633b7c8a7c0e372c71395e62fc5c5589a95071ecce66b9afa00f9dcdb	P00918	6RL9	SAN	FDDDEECHVMSUSB-UHFFFAOYSA-N	Nc1ccc(S(N)(=O)=O)cc1	5.255707016877324	AF-P00918-F1	173c4f1fa81ffb1a288c881040217d1473ed2d08cd792671252ee116cac10c7d	1	A	6RKN	FBS	92;94;96;106;119;121;130;140;142;196;197;198;199;200;201;206;208	92;94;96;106;119;121;130;140;142;196;197;198;199;200;201;206;208		alphafold_db_predicted_fixed_per_construct	False	True	False	17.0	144.0	1.0	0.0	0.0	0.0	0.0	0.058823529411764705	0.058823529411764705	0.0	0.17647058823529413	0.0	0.0	0.11764705882352941	0.0	0.0	0.11764705882352941	0.058823529411764705	0.0	0.058823529411764705	0.11764705882352941	0.17647058823529413	0.058823529411764705	0.0	0.0	0.6666666666666666	0.1736111111111111	0.1597222222222222	0.0	0.0	0.0	0.0	7.956733629319003	14.291477682690541	23.188	18.209	16.633000000000003	5.1676392326786	4.522345261341328	4.0191427128232835	0.007352941176470588	0.11029411764705882	0.15441176470588236	0.18382352941176472	0.19117647058823528	0.3235294117647059	0.022058823529411766	0.007352941176470588	0.0	0.27205882352941174	4.352941176470588	1.4528340041445258
RCSB-6SD7-L7T-KD:S2	RCSB-6SD7-L7T-KD	S2	construct-062-9efbec4633b7	9efbec4633b7c8a7c0e372c71395e62fc5c5589a95071ecce66b9afa00f9dcdb	P00918	6SD7	L7T	ZWVYQZBCSXCUOO-UHFFFAOYSA-N	NS(=O)(=O)c1c(F)c(F)c(F)c(F)c1F	7.568636235841012	AF-P00918-F1	173c4f1fa81ffb1a288c881040217d1473ed2d08cd792671252ee116cac10c7d	1	A	6RKN	FBS	92;94;96;106;119;121;130;140;142;196;197;198;199;200;201;206;208	92;94;96;106;119;121;130;140;142;196;197;198;199;200;201;206;208		alphafold_db_predicted_fixed_per_construct	False	True	False	17.0	144.0	1.0	0.0	0.0	0.0	0.0	0.058823529411764705	0.058823529411764705	0.0	0.17647058823529413	0.0	0.0	0.11764705882352941	0.0	0.0	0.11764705882352941	0.058823529411764705	0.0	0.058823529411764705	0.11764705882352941	0.17647058823529413	0.058823529411764705	0.0	0.0	0.6666666666666666	0.1736111111111111	0.1597222222222222	0.0	0.0	0.0	0.0	7.956733629319003	14.291477682690541	23.188	18.209	16.633000000000003	5.1676392326786	4.522345261341328	4.0191427128232835	0.007352941176470588	0.11029411764705882	0.15441176470588236	0.18382352941176472	0.19117647058823528	0.3235294117647059	0.022058823529411766	0.007352941176470588	0.0	0.27205882352941174	4.352941176470588	1.4528340041445258
RCSB-3B9L-AZZ-KD:S2	RCSB-3B9L-AZZ-KD	S2	construct-063-a35bb68136a5	a35bb68136a5125af3a3f3c491520a248e39ed972d4c377c5b823a5f41dab387	P02768	3B9L	AZZ	HBOMLICNUCNMMY-XLPZGREQSA-N	Cc1cn([C@H]2C[C@H](N=[N+]=[N-])[C@@H](CO)O2)c(=O)[nH]c1=O	4.356547323513812	AF-P02768-F1	8ac73784130a34b8c1464aedff4cc559b137283a7c4cd415d6835a3201f7df9f	1	A	2BXG	IBP	411;412;415;416;419;427;431;434;435;438;454;455;457;458;459;461;462;473;474;477;481;509;512;513	411;412;415;416;419;427;431;434;435;438;454;455;457;458;459;461;462;473;474;477;481;509;512;513		alphafold_db_predicted_fixed_per_construct	False	True	False	24.0	191.0	1.0	0.0	0.041666666666666664	0.125	0.0	0.041666666666666664	0.125	0.08333333333333333	0.0	0.041666666666666664	0.041666666666666664	0.20833333333333334	0.0	0.041666666666666664	0.0	0.0	0.08333333333333333	0.08333333333333333	0.0	0.041666666666666664	0.0	0.041666666666666664	0.0	0.6596858638743456	0.16753926701570682	0.15706806282722513	0.015706806282722512	0.0	0.0	0.0	8.833174710876962	15.159500217051637	25.628999999999998	18.113	13.993	6.593588882641696	4.685384447592609	3.5491877518437147	0.007246376811594203	0.11231884057971014	0.10507246376811594	0.15579710144927536	0.17028985507246377	0.3079710144927536	0.11956521739130435	0.021739130434782608	0.0	0.2246376811594203	5.166666666666667	1.5456030825826172
RCSB-4Z69-DIF-KD:S2	RCSB-4Z69-DIF-KD	S2	construct-063-a35bb68136a5	a35bb68136a5125af3a3f3c491520a248e39ed972d4c377c5b823a5f41dab387	P02768	4Z69	DIF	DCOPUUMXTXDBNB-UHFFFAOYSA-N	O=C(O)Cc1ccccc1Nc1c(Cl)cccc1Cl	5.609948503541013	AF-P02768-F1	8ac73784130a34b8c1464aedff4cc559b137283a7c4cd415d6835a3201f7df9f	1	A	2BXG	IBP	411;412;415;416;419;427;431;434;435;438;454;455;457;458;459;461;462;473;474;477;481;509;512;513	411;412;415;416;419;427;431;434;435;438;454;455;457;458;459;461;462;473;474;477;481;509;512;513		alphafold_db_predicted_fixed_per_construct	False	True	False	24.0	191.0	1.0	0.0	0.041666666666666664	0.125	0.0	0.041666666666666664	0.125	0.08333333333333333	0.0	0.041666666666666664	0.041666666666666664	0.20833333333333334	0.0	0.041666666666666664	0.0	0.0	0.08333333333333333	0.08333333333333333	0.0	0.041666666666666664	0.0	0.041666666666666664	0.0	0.6596858638743456	0.16753926701570682	0.15706806282722513	0.015706806282722512	0.0	0.0	0.0	8.833174710876962	15.159500217051637	25.628999999999998	18.113	13.993	6.593588882641696	4.685384447592609	3.5491877518437147	0.007246376811594203	0.11231884057971014	0.10507246376811594	0.15579710144927536	0.17028985507246377	0.3079710144927536	0.11956521739130435	0.021739130434782608	0.0	0.2246376811594203	5.166666666666667	1.5456030825826172
RCSB-3BUH-AED-KD:S2	RCSB-3BUH-AED-KD	S2	construct-064-ad692e3f3920	ad692e3f3920aa40ca5d4e313dfe51eadd2d494d07edff61a311e0ddf683c427	P56817	3BUH	AED	DOCCSEDGBYCYLS-UHFFFAOYSA-N	NCCc1ccc(O)c(C2CCCCC2)c1	3.6575773191777934	AF-P56817-F1	46a31c2f98efde22f35aa9ee892dbf13a18c8807d825cde1b4d80f98e1dddfa0	1	A	3BRA	AEF	91;93;95;96;132;168;169;170;171;176;179;289;291;292	91;93;95;96;132;168;169;170;171;176;179;289;291;292		alphafold_db_predicted_fixed_per_construct	False	True	False	14.0	118.0	1.0	0.0	0.0	0.0	0.14285714285714285	0.0	0.14285714285714285	0.14285714285714285	0.0	0.14285714285714285	0.07142857142857142	0.07142857142857142	0.0	0.0	0.0	0.0	0.0	0.07142857142857142	0.07142857142857142	0.0	0.07142857142857142	0.07142857142857142	0.0	0.6864406779661016	0.13559322033898305	0.17796610169491525	0.0	0.0	0.0	0.0	7.826857961526696	14.316521854170226	21.937	16.752	13.181	5.8310813248878475	4.132893224311004	3.190202145460726	0.02197802197802198	0.12087912087912088	0.15384615384615385	0.18681318681318682	0.18681318681318682	0.24175824175824176	0.08791208791208792	0.0	0.0	0.2967032967032967	3.857142857142857	1.551825784457174
RCSB-3BUG-AEH-KD:S2	RCSB-3BUG-AEH-KD	S2	construct-064-ad692e3f3920	ad692e3f3920aa40ca5d4e313dfe51eadd2d494d07edff61a311e0ddf683c427	P56817	3BUG	AEH	LDAFQVRTSOETPE-UHFFFAOYSA-N	CCc1cc(CCN)ccc1O	3.1804560644581317	AF-P56817-F1	46a31c2f98efde22f35aa9ee892dbf13a18c8807d825cde1b4d80f98e1dddfa0	1	A	3BRA	AEF	91;93;95;96;132;168;169;170;171;176;179;289;291;292	91;93;95;96;132;168;169;170;171;176;179;289;291;292		alphafold_db_predicted_fixed_per_construct	False	True	False	14.0	118.0	1.0	0.0	0.0	0.0	0.14285714285714285	0.0	0.14285714285714285	0.14285714285714285	0.0	0.14285714285714285	0.07142857142857142	0.07142857142857142	0.0	0.0	0.0	0.0	0.0	0.07142857142857142	0.07142857142857142	0.0	0.07142857142857142	0.07142857142857142	0.0	0.6864406779661016	0.13559322033898305	0.17796610169491525	0.0	0.0	0.0	0.0	7.826857961526696	14.316521854170226	21.937	16.752	13.181	5.8310813248878475	4.132893224311004	3.190202145460726	0.02197802197802198	0.12087912087912088	0.15384615384615385	0.18681318681318682	0.18681318681318682	0.24175824175824176	0.08791208791208792	0.0	0.0	0.2967032967032967	3.857142857142857	1.551825784457174
RCSB-2XHT-C0Y-KD:S2	RCSB-2XHT-C0Y-KD	S2	construct-065-c6820d7c5ca9	c6820d7c5ca9a7f069c03d0e608d8f035bcc82fbe261c44bbfc515b6e1f3d7fe	P07900	2XHT	C0Y	KPZLYGXXDVGCGM-UHFFFAOYSA-N	CC(C)(C)c1cc(C(=O)N2CCOCC2)ccc1O	5.958607314841775	AF-P07900-F1	3dea704bce2421f815c76178379596cb71d41d3ae819c71f921779bbedd31cbd	1	A	2XAB	VHD	47;48;51;52;53;54;55;56;58;93;95;96;97;98;106;107;108;109;138;150;152;183;184;186	47;48;51;52;53;54;55;56;58;93;95;96;97;98;106;107;108;109;138;150;152;183;184;186		alphafold_db_predicted_fixed_per_construct	False	True	False	24.0	169.0	1.0	0.0	0.041666666666666664	0.0	0.08333333333333333	0.041666666666666664	0.041666666666666664	0.16666666666666666	0.0	0.041666666666666664	0.041666666666666664	0.125	0.041666666666666664	0.08333333333333333	0.0	0.0	0.0	0.08333333333333333	0.125	0.08333333333333333	0.0	0.0	0.0	0.6153846153846154	0.15976331360946747	0.21893491124260356	0.005917159763313609	0.0	0.0	0.0	8.612301228559923	15.006499954744282	23.346	18.368999999999996	17.515	5.918810190232837	4.721575383921618	4.104405471855353	0.014492753623188406	0.12318840579710146	0.11231884057971014	0.14130434782608695	0.15579710144927536	0.29347826086956524	0.13768115942028986	0.021739130434782608	0.0	0.25	5.75	2.277608394786075
RCSB-2XDL-2DL-KD:S2	RCSB-2XDL-2DL-KD	S2	construct-065-c6820d7c5ca9	c6820d7c5ca9a7f069c03d0e608d8f035bcc82fbe261c44bbfc515b6e1f3d7fe	P07900	2XDL	2DL	BQJODPIMMWWMFC-UHFFFAOYSA-N	CCN(CC)C(=O)c1ccc(O)c(OC)c1	3.102372908709558	AF-P07900-F1	3dea704bce2421f815c76178379596cb71d41d3ae819c71f921779bbedd31cbd	1	A	2XAB	VHD	47;48;51;52;53;54;55;56;58;93;95;96;97;98;106;107;108;109;138;150;152;183;184;186	47;48;51;52;53;54;55;56;58;93;95;96;97;98;106;107;108;109;138;150;152;183;184;186		alphafold_db_predicted_fixed_per_construct	False	True	False	24.0	169.0	1.0	0.0	0.041666666666666664	0.0	0.08333333333333333	0.041666666666666664	0.041666666666666664	0.16666666666666666	0.0	0.041666666666666664	0.041666666666666664	0.125	0.041666666666666664	0.08333333333333333	0.0	0.0	0.0	0.08333333333333333	0.125	0.08333333333333333	0.0	0.0	0.0	0.6153846153846154	0.15976331360946747	0.21893491124260356	0.005917159763313609	0.0	0.0	0.0	8.612301228559923	15.006499954744282	23.346	18.368999999999996	17.515	5.918810190232837	4.721575383921618	4.104405471855353	0.014492753623188406	0.12318840579710146	0.11231884057971014	0.14130434782608695	0.15579710144927536	0.29347826086956524	0.13768115942028986	0.021739130434782608	0.0	0.25	5.75	2.277608394786075
RCSB-5VSD-9HJ-KD:S2	RCSB-5VSD-9HJ-KD	S2	construct-066-cf6ef633d328	cf6ef633d32877e2c60eabfca5842ba1c27ef1a98ec1972d09ad408c7ad23ce5	Q9H9B1	5VSD	9HJ	RCWUUMJJJVFQSV-UHFFFAOYSA-N	CCCN(C)c1nc(NC2CCN(C)CC2)c2cc(OC)c(OC)cc2n1	7.2441251443275085	AF-Q9H9B1-F1	42ca76d4baa01d7b317fdf32c2cf909c1dad06f00ecd301a4fdb14a79a2e1aa0	1	A	5TUZ	7L6	1161;1162;1163;1165;1166;1167;1168;1169;1171;1172;1174;1175;1176;1184;1185;1186;1242;1245;1246;1247;1249;1250	1161;1162;1163;1165;1166;1167;1168;1169;1171;1172;1174;1175;1176;1184;1185;1186;1242;1245;1246;1247;1249;1250		alphafold_db_predicted_fixed_per_construct	False	True	False	22.0	191.0	1.0	0.0	0.045454545454545456	0.045454545454545456	0.18181818181818182	0.045454545454545456	0.09090909090909091	0.0	0.0	0.045454545454545456	0.045454545454545456	0.045454545454545456	0.0	0.0	0.0	0.0	0.09090909090909091	0.13636363636363635	0.0	0.09090909090909091	0.045454545454545456	0.09090909090909091	0.0	0.643979057591623	0.15706806282722513	0.193717277486911	0.005235602094240838	0.0	0.0	0.0	9.356162482954481	15.670386580659699	23.656	22.951	20.516	7.1644220752123395	5.095350766649363	3.200973805025719	0.0	0.10822510822510822	0.12987012987012986	0.1341991341991342	0.17316017316017315	0.24675324675324675	0.17316017316017315	0.03463203463203463	0.0	0.23809523809523808	5.0	1.7320508075688772
RCSB-5VSF-9HG-KD:S2	RCSB-5VSF-9HG-KD	S2	construct-066-cf6ef633d328	cf6ef633d32877e2c60eabfca5842ba1c27ef1a98ec1972d09ad408c7ad23ce5	Q9H9B1	5VSF	9HG	YBQHFHPOKHPBRB-UHFFFAOYSA-N	COc1cc2nc(N(C)C3CCCC3)nc(NC3CCN(C)CC3)c2cc1OC	7.026872146400302	AF-Q9H9B1-F1	42ca76d4baa01d7b317fdf32c2cf909c1dad06f00ecd301a4fdb14a79a2e1aa0	1	A	5TUZ	7L6	1161;1162;1163;1165;1166;1167;1168;1169;1171;1172;1174;1175;1176;1184;1185;1186;1242;1245;1246;1247;1249;1250	1161;1162;1163;1165;1166;1167;1168;1169;1171;1172;1174;1175;1176;1184;1185;1186;1242;1245;1246;1247;1249;1250		alphafold_db_predicted_fixed_per_construct	False	True	False	22.0	191.0	1.0	0.0	0.045454545454545456	0.045454545454545456	0.18181818181818182	0.045454545454545456	0.09090909090909091	0.0	0.0	0.045454545454545456	0.045454545454545456	0.045454545454545456	0.0	0.0	0.0	0.0	0.09090909090909091	0.13636363636363635	0.0	0.09090909090909091	0.045454545454545456	0.09090909090909091	0.0	0.643979057591623	0.15706806282722513	0.193717277486911	0.005235602094240838	0.0	0.0	0.0	9.356162482954481	15.670386580659699	23.656	22.951	20.516	7.1644220752123395	5.095350766649363	3.200973805025719	0.0	0.10822510822510822	0.12987012987012986	0.1341991341991342	0.17316017316017315	0.24675324675324675	0.17316017316017315	0.03463203463203463	0.0	0.23809523809523808	5.0	1.7320508075688772
RCSB-5OIT-9WH-KD:S2	RCSB-5OIT-9WH-KD	S2	construct-068-e4ce5a06fca5	e4ce5a06fca5a8b3ceb16cc3ec2d275378317f0834f05697c48b6c9bd395e423	P9WGR1	5OIT	9WH	ZALOIVVPVGDBJF-UHFFFAOYSA-N	Cc1cc(N)n(Cc2nnc(Nc3ccn(Cc4c(F)cccc4Cl)n3)s2)n1	5.1487416512809245	AF-P9WGR1-F1	da6e1df9b45b5b78905555e74981a30c96f0f00fb945fccd9c8694529a4c1f63	1	A	5OIF	9W5	96;97;98;99;103;149;158;161;165;194;196;198;199	96;97;98;99;103;149;158;161;165;194;196;198;199		alphafold_db_predicted_fixed_per_construct	False	True	False	13.0	106.0	1.0	0.0	0.07692307692307693	0.0	0.0	0.0	0.15384615384615385	0.07692307692307693	0.0	0.07692307692307693	0.07692307692307693	0.0	0.3076923076923077	0.0	0.07692307692307693	0.0	0.0	0.0	0.07692307692307693	0.0	0.0	0.07692307692307693	0.0	0.6886792452830188	0.1320754716981132	0.14150943396226415	0.03773584905660377	0.0	0.0	0.0	7.940713674986672	13.642654385453598	19.288	17.749000000000002	13.367	5.916468644978717	4.330793537174005	3.0486980466218543	0.01282051282051282	0.15384615384615385	0.10256410256410256	0.14102564102564102	0.21794871794871795	0.2948717948717949	0.0641025641025641	0.01282051282051282	0.0	0.2692307692307692	3.230769230769231	0.9730085108210399
RCSB-5OIS-9WK-KD:S2	RCSB-5OIS-9WK-KD	S2	construct-068-e4ce5a06fca5	e4ce5a06fca5a8b3ceb16cc3ec2d275378317f0834f05697c48b6c9bd395e423	P9WGR1	5OIS	9WK	HOVSFDUYYXXWGJ-UHFFFAOYSA-N	Cc1cc(N)n(Cc2ccc(C(=O)NCc3ccc(F)cc3Cl)cc2)n1	5.096910013008056	AF-P9WGR1-F1	da6e1df9b45b5b78905555e74981a30c96f0f00fb945fccd9c8694529a4c1f63	1	A	5OIF	9W5	96;97;98;99;103;149;158;161;165;194;196;198;199	96;97;98;99;103;149;158;161;165;194;196;198;199		alphafold_db_predicted_fixed_per_construct	False	True	False	13.0	106.0	1.0	0.0	0.07692307692307693	0.0	0.0	0.0	0.15384615384615385	0.07692307692307693	0.0	0.07692307692307693	0.07692307692307693	0.0	0.3076923076923077	0.0	0.07692307692307693	0.0	0.0	0.0	0.07692307692307693	0.0	0.0	0.07692307692307693	0.0	0.6886792452830188	0.1320754716981132	0.14150943396226415	0.03773584905660377	0.0	0.0	0.0	7.940713674986672	13.642654385453598	19.288	17.749000000000002	13.367	5.916468644978717	4.330793537174005	3.0486980466218543	0.01282051282051282	0.15384615384615385	0.10256410256410256	0.14102564102564102	0.21794871794871795	0.2948717948717949	0.0641025641025641	0.01282051282051282	0.0	0.2692307692307692	3.230769230769231	0.9730085108210399
RCSB-6X4P-UOG-KD:S2	RCSB-6X4P-UOG-KD	S2	construct-069-eae4b87a5d0e	eae4b87a5d0eec79deb04e04c0f5bd00d350506eaa1bf4bf9e3fe7a1807a0bae	P62937	6X4P	UOG	YVBYTKCYPFMUBG-FFZLYJDLSA-N	CC(C)[C@@H]1OC(=O)C(C)(C)/C=C/c2ccc3ccc(nc3c2)[C@@H](C)NC(=O)[C@@H]2CCCN(N2)C(=O)[C@H](C)NC1=O	8.045757490560675	AF-P62937-F1	e77564774e099f238ef683d0774378a349d72353fdd24a00093f96ea8d6b84e7	1	A	6X4O	UO7	54;55;57;60;61;63;72;73;74;100;101;102;103;104;111;112;113;122;126;149	54;55;57;60;61;63;72;73;74;100;101;102;103;104;111;112;113;122;126;149		alphafold_db_predicted_fixed_per_construct	False	True	False	20.0	159.0	1.0	0.0	0.1	0.0	0.0	0.0	0.15	0.15	0.1	0.05	0.0	0.05	0.1	0.1	0.0	0.1	0.05	0.0	0.05	0.0	0.0	0.0	0.0	0.6352201257861635	0.1949685534591195	0.15723270440251572	0.012578616352201259	0.0	0.0	0.0	8.362743544249305	15.131378522102814	23.822	19.433	17.416	5.647799770359756	5.035156728191867	3.561605545726802	0.021052631578947368	0.09473684210526316	0.13157894736842105	0.12631578947368421	0.19473684210526315	0.2736842105263158	0.14736842105263157	0.010526315789473684	0.0	0.24736842105263157	4.7	2.0518284528683193
RCSB-6X4N-UOD-KD:S2	RCSB-6X4N-UOD-KD	S2	construct-069-eae4b87a5d0e	eae4b87a5d0eec79deb04e04c0f5bd00d350506eaa1bf4bf9e3fe7a1807a0bae	P62937	6X4N	UOD	XCZDYKRNHKYRTQ-HQHUNAKVSA-N	CC(C)[C@@H]1NC(=O)C(C)(C)/C=C/c2ccc3ccc(nc3c2)[C@@H](C)OC(=O)[C@@H]2CCCN(N2)C(=O)[C@H](C)NC1=O	8.397940008672037	AF-P62937-F1	e77564774e099f238ef683d0774378a349d72353fdd24a00093f96ea8d6b84e7	1	A	6X4O	UO7	54;55;57;60;61;63;72;73;74;100;101;102;103;104;111;112;113;122;126;149	54;55;57;60;61;63;72;73;74;100;101;102;103;104;111;112;113;122;126;149		alphafold_db_predicted_fixed_per_construct	False	True	False	20.0	159.0	1.0	0.0	0.1	0.0	0.0	0.0	0.15	0.15	0.1	0.05	0.0	0.05	0.1	0.1	0.0	0.1	0.05	0.0	0.05	0.0	0.0	0.0	0.0	0.6352201257861635	0.1949685534591195	0.15723270440251572	0.012578616352201259	0.0	0.0	0.0	8.362743544249305	15.131378522102814	23.822	19.433	17.416	5.647799770359756	5.035156728191867	3.561605545726802	0.021052631578947368	0.09473684210526316	0.13157894736842105	0.12631578947368421	0.19473684210526315	0.2736842105263158	0.14736842105263157	0.010526315789473684	0.0	0.24736842105263157	4.7	2.0518284528683193
