view_id	observation_id	mapping_tier	construct_group_id	construct_sha256	uniprot_accession	query_pdb_id	query_ligand_comp_id	inchikey	canonical_smiles	pKd	feature_structure_pdb_id	feature_structure_sha256	feature_protein_entity_id	feature_protein_asym_id	site_reference_pdb_id	site_reference_ligand_comp_id	pocket_positions_label_seq_id	present_positions_label_seq_id	missing_positions_label_seq_id	receptor_conformation_source	query_holo_receptor_privilege	historical_reference_ligand_used_only_for_site	query_ligand_coordinates_read	pocket_residue_count	pocket_atom_count	pocket_position_coverage	pocket_missing_fraction	aa_fraction_A	aa_fraction_C	aa_fraction_D	aa_fraction_E	aa_fraction_F	aa_fraction_G	aa_fraction_H	aa_fraction_I	aa_fraction_K	aa_fraction_L	aa_fraction_M	aa_fraction_N	aa_fraction_P	aa_fraction_Q	aa_fraction_R	aa_fraction_S	aa_fraction_T	aa_fraction_V	aa_fraction_W	aa_fraction_Y	aa_fraction_X	element_fraction_C	element_fraction_N	element_fraction_O	element_fraction_S	element_fraction_P	element_fraction_SE	element_fraction_OTHER	coord_radius_of_gyration	coord_max_radius	bbox_extent_large	bbox_extent_mid	bbox_extent_small	coord_std_large	coord_std_mid	coord_std_small	residue_pair_distance_bin_0	residue_pair_distance_bin_1	residue_pair_distance_bin_2	residue_pair_distance_bin_3	residue_pair_distance_bin_4	residue_pair_distance_bin_5	residue_pair_distance_bin_6	residue_pair_distance_bin_7	residue_pair_distance_bin_8	residue_contact_edge_density_8A	residue_contact_mean_degree_8A	residue_contact_degree_std_8A
RCSB-4O76-1M3-KD:S3	RCSB-4O76-1M3-KD	S3	construct-003-fbf3f5c695a3	fbf3f5c695a3b8c47960f7f87595ade0ba42d8f497f2c0c835fe377069f49978	O60885	4O76	1M3	JVDOKQYTTYUYDV-UHFFFAOYSA-N	Cc1cnc(Nc2ccc(N3CCN(C)CC3)cc2)nc1Nc1cccc(S(=O)(=O)NC(C)(C)C)c1	6.910094888560602	9KT2	d3da84ac3224f9f0730f6c6b8b1111e647b8444093eef0302c050fe9a515e81b	1	A	4E96	0NS	39;40;41;45;50;52;55;90;93;94;97;98;103;104;107	39;40;41;45;50;52;55;90;93;94;97;98;103;104;107		rcsb_pocket_unoccupied_experimental_fixed_per_construct	False	True	False	15.0	133.0	1.0	0.0	0.0	0.06666666666666667	0.06666666666666667	0.0	0.06666666666666667	0.0	0.0	0.06666666666666667	0.0	0.13333333333333333	0.13333333333333333	0.13333333333333333	0.06666666666666667	0.0	0.0	0.0	0.0	0.06666666666666667	0.06666666666666667	0.13333333333333333	0.0	0.6842105263157895	0.13533834586466165	0.15789473684210525	0.022556390977443608	0.0	0.0	0.0	8.174316686945946	11.974226996282365	20.21876	19.56474	18.91932	5.886718216455835	4.084454789927823	3.934873696520088	0.01904761904761905	0.0761904761904762	0.17142857142857143	0.14285714285714285	0.18095238095238095	0.3333333333333333	0.0761904761904762	0.0	0.0	0.26666666666666666	3.7333333333333334	1.2364824660660938
RCSB-7MRA-ZMJ-KD:S3	RCSB-7MRA-ZMJ-KD	S3	construct-003-fbf3f5c695a3	fbf3f5c695a3b8c47960f7f87595ade0ba42d8f497f2c0c835fe377069f49978	O60885	7MRA	ZMJ	QIEVBHRUPLMWFP-UHFFFAOYSA-N	CCS(=O)(=O)Nc1cccc(-c2cn(C)c(=O)c3ccccc23)c1	7.086186147616283	9KT2	d3da84ac3224f9f0730f6c6b8b1111e647b8444093eef0302c050fe9a515e81b	1	A	4E96	0NS	39;40;41;45;50;52;55;90;93;94;97;98;103;104;107	39;40;41;45;50;52;55;90;93;94;97;98;103;104;107		rcsb_pocket_unoccupied_experimental_fixed_per_construct	False	True	False	15.0	133.0	1.0	0.0	0.0	0.06666666666666667	0.06666666666666667	0.0	0.06666666666666667	0.0	0.0	0.06666666666666667	0.0	0.13333333333333333	0.13333333333333333	0.13333333333333333	0.06666666666666667	0.0	0.0	0.0	0.0	0.06666666666666667	0.06666666666666667	0.13333333333333333	0.0	0.6842105263157895	0.13533834586466165	0.15789473684210525	0.022556390977443608	0.0	0.0	0.0	8.174316686945946	11.974226996282365	20.21876	19.56474	18.91932	5.886718216455835	4.084454789927823	3.934873696520088	0.01904761904761905	0.0761904761904762	0.17142857142857143	0.14285714285714285	0.18095238095238095	0.3333333333333333	0.0761904761904762	0.0	0.0	0.26666666666666666	3.7333333333333334	1.2364824660660938
RCSB-5D26-L28-KD:S3	RCSB-5D26-L28-KD	S3	construct-003-fbf3f5c695a3	fbf3f5c695a3b8c47960f7f87595ade0ba42d8f497f2c0c835fe377069f49978	O60885	5D26	L28	BXFSSYQFFSWQEA-UHFFFAOYSA-N	CCc1c(C(=O)Nc2cc(S(=O)(=O)N(CC)CC)ccc2O)[nH]c(C)c1C(N)=O	6.0915149811213505	9KT2	d3da84ac3224f9f0730f6c6b8b1111e647b8444093eef0302c050fe9a515e81b	1	A	4E96	0NS	39;40;41;45;50;52;55;90;93;94;97;98;103;104;107	39;40;41;45;50;52;55;90;93;94;97;98;103;104;107		rcsb_pocket_unoccupied_experimental_fixed_per_construct	False	True	False	15.0	133.0	1.0	0.0	0.0	0.06666666666666667	0.06666666666666667	0.0	0.06666666666666667	0.0	0.0	0.06666666666666667	0.0	0.13333333333333333	0.13333333333333333	0.13333333333333333	0.06666666666666667	0.0	0.0	0.0	0.0	0.06666666666666667	0.06666666666666667	0.13333333333333333	0.0	0.6842105263157895	0.13533834586466165	0.15789473684210525	0.022556390977443608	0.0	0.0	0.0	8.174316686945946	11.974226996282365	20.21876	19.56474	18.91932	5.886718216455835	4.084454789927823	3.934873696520088	0.01904761904761905	0.0761904761904762	0.17142857142857143	0.14285714285714285	0.18095238095238095	0.3333333333333333	0.0761904761904762	0.0	0.0	0.26666666666666666	3.7333333333333334	1.2364824660660938
RCSB-5EGU-5NQ-KD:S3	RCSB-5EGU-5NQ-KD	S3	construct-003-fbf3f5c695a3	fbf3f5c695a3b8c47960f7f87595ade0ba42d8f497f2c0c835fe377069f49978	O60885	5EGU	5NQ	FTDVJTZJKKOHSY-UHFFFAOYSA-N	CCCCc1c(C)nc2nc(SCc3nc4c(c(=O)[nH]c(=O)n4CCCC)n3CC)nn2c1C	5.853871964321762	9KT2	d3da84ac3224f9f0730f6c6b8b1111e647b8444093eef0302c050fe9a515e81b	1	A	4E96	0NS	39;40;41;45;50;52;55;90;93;94;97;98;103;104;107	39;40;41;45;50;52;55;90;93;94;97;98;103;104;107		rcsb_pocket_unoccupied_experimental_fixed_per_construct	False	True	False	15.0	133.0	1.0	0.0	0.0	0.06666666666666667	0.06666666666666667	0.0	0.06666666666666667	0.0	0.0	0.06666666666666667	0.0	0.13333333333333333	0.13333333333333333	0.13333333333333333	0.06666666666666667	0.0	0.0	0.0	0.0	0.06666666666666667	0.06666666666666667	0.13333333333333333	0.0	0.6842105263157895	0.13533834586466165	0.15789473684210525	0.022556390977443608	0.0	0.0	0.0	8.174316686945946	11.974226996282365	20.21876	19.56474	18.91932	5.886718216455835	4.084454789927823	3.934873696520088	0.01904761904761905	0.0761904761904762	0.17142857142857143	0.14285714285714285	0.18095238095238095	0.3333333333333333	0.0761904761904762	0.0	0.0	0.26666666666666666	3.7333333333333334	1.2364824660660938
RCSB-6TPZ-NV2-KD:S3	RCSB-6TPZ-NV2-KD	S3	construct-003-fbf3f5c695a3	fbf3f5c695a3b8c47960f7f87595ade0ba42d8f497f2c0c835fe377069f49978	O60885	6TPZ	NV2	DDSHVVXWYKDTTQ-UHFFFAOYSA-N	COCC(COC)n1c(-c2cc(C)c(=O)n(C)c2)nc2cc(N3CCOCC3)ccc21	8.301029995663981	9KT2	d3da84ac3224f9f0730f6c6b8b1111e647b8444093eef0302c050fe9a515e81b	1	A	4E96	0NS	39;40;41;45;50;52;55;90;93;94;97;98;103;104;107	39;40;41;45;50;52;55;90;93;94;97;98;103;104;107		rcsb_pocket_unoccupied_experimental_fixed_per_construct	False	True	False	15.0	133.0	1.0	0.0	0.0	0.06666666666666667	0.06666666666666667	0.0	0.06666666666666667	0.0	0.0	0.06666666666666667	0.0	0.13333333333333333	0.13333333333333333	0.13333333333333333	0.06666666666666667	0.0	0.0	0.0	0.0	0.06666666666666667	0.06666666666666667	0.13333333333333333	0.0	0.6842105263157895	0.13533834586466165	0.15789473684210525	0.022556390977443608	0.0	0.0	0.0	8.174316686945946	11.974226996282365	20.21876	19.56474	18.91932	5.886718216455835	4.084454789927823	3.934873696520088	0.01904761904761905	0.0761904761904762	0.17142857142857143	0.14285714285714285	0.18095238095238095	0.3333333333333333	0.0761904761904762	0.0	0.0	0.26666666666666666	3.7333333333333334	1.2364824660660938
RCSB-6FO5-DZH-KD:S3	RCSB-6FO5-DZH-KD	S3	construct-003-fbf3f5c695a3	fbf3f5c695a3b8c47960f7f87595ade0ba42d8f497f2c0c835fe377069f49978	O60885	6FO5	DZH	GUZDPSZLHQZPSV-UHFFFAOYSA-N	CCn1cnc2c1c(=O)[nH]c(=O)n2Cc1ccc(CNS(=O)(=O)c2ccc3c(c2)CCCC(=O)N3)cc1	6.721246399047171	9KT2	d3da84ac3224f9f0730f6c6b8b1111e647b8444093eef0302c050fe9a515e81b	1	A	4E96	0NS	39;40;41;45;50;52;55;90;93;94;97;98;103;104;107	39;40;41;45;50;52;55;90;93;94;97;98;103;104;107		rcsb_pocket_unoccupied_experimental_fixed_per_construct	False	True	False	15.0	133.0	1.0	0.0	0.0	0.06666666666666667	0.06666666666666667	0.0	0.06666666666666667	0.0	0.0	0.06666666666666667	0.0	0.13333333333333333	0.13333333333333333	0.13333333333333333	0.06666666666666667	0.0	0.0	0.0	0.0	0.06666666666666667	0.06666666666666667	0.13333333333333333	0.0	0.6842105263157895	0.13533834586466165	0.15789473684210525	0.022556390977443608	0.0	0.0	0.0	8.174316686945946	11.974226996282365	20.21876	19.56474	18.91932	5.886718216455835	4.084454789927823	3.934873696520088	0.01904761904761905	0.0761904761904762	0.17142857142857143	0.14285714285714285	0.18095238095238095	0.3333333333333333	0.0761904761904762	0.0	0.0	0.26666666666666666	3.7333333333333334	1.2364824660660938
RCSB-7AXR-S7T-KD:S3	RCSB-7AXR-S7T-KD	S3	construct-003-fbf3f5c695a3	fbf3f5c695a3b8c47960f7f87595ade0ba42d8f497f2c0c835fe377069f49978	O60885	7AXR	S7T	JZECKTZTLWIBPJ-UHFFFAOYSA-N	CCc1c(C(=O)Nc2cccc(CCC(=O)NO)c2)[nH]c(C)c1C(C)=O	4.940058111938045	9KT2	d3da84ac3224f9f0730f6c6b8b1111e647b8444093eef0302c050fe9a515e81b	1	A	4E96	0NS	39;40;41;45;50;52;55;90;93;94;97;98;103;104;107	39;40;41;45;50;52;55;90;93;94;97;98;103;104;107		rcsb_pocket_unoccupied_experimental_fixed_per_construct	False	True	False	15.0	133.0	1.0	0.0	0.0	0.06666666666666667	0.06666666666666667	0.0	0.06666666666666667	0.0	0.0	0.06666666666666667	0.0	0.13333333333333333	0.13333333333333333	0.13333333333333333	0.06666666666666667	0.0	0.0	0.0	0.0	0.06666666666666667	0.06666666666666667	0.13333333333333333	0.0	0.6842105263157895	0.13533834586466165	0.15789473684210525	0.022556390977443608	0.0	0.0	0.0	8.174316686945946	11.974226996282365	20.21876	19.56474	18.91932	5.886718216455835	4.084454789927823	3.934873696520088	0.01904761904761905	0.0761904761904762	0.17142857142857143	0.14285714285714285	0.18095238095238095	0.3333333333333333	0.0761904761904762	0.0	0.0	0.26666666666666666	3.7333333333333334	1.2364824660660938
RCSB-6FSY-E5Q-KD:S3	RCSB-6FSY-E5Q-KD	S3	construct-003-fbf3f5c695a3	fbf3f5c695a3b8c47960f7f87595ade0ba42d8f497f2c0c835fe377069f49978	O60885	6FSY	E5Q	RFDVEAHRRMEOHK-KRWDZBQOSA-N	Cc1noc(C)c1-c1cc(O)cc([C@@H](O)c2cccnc2)c1	6.607303046740334	9KT2	d3da84ac3224f9f0730f6c6b8b1111e647b8444093eef0302c050fe9a515e81b	1	A	4E96	0NS	39;40;41;45;50;52;55;90;93;94;97;98;103;104;107	39;40;41;45;50;52;55;90;93;94;97;98;103;104;107		rcsb_pocket_unoccupied_experimental_fixed_per_construct	False	True	False	15.0	133.0	1.0	0.0	0.0	0.06666666666666667	0.06666666666666667	0.0	0.06666666666666667	0.0	0.0	0.06666666666666667	0.0	0.13333333333333333	0.13333333333333333	0.13333333333333333	0.06666666666666667	0.0	0.0	0.0	0.0	0.06666666666666667	0.06666666666666667	0.13333333333333333	0.0	0.6842105263157895	0.13533834586466165	0.15789473684210525	0.022556390977443608	0.0	0.0	0.0	8.174316686945946	11.974226996282365	20.21876	19.56474	18.91932	5.886718216455835	4.084454789927823	3.934873696520088	0.01904761904761905	0.0761904761904762	0.17142857142857143	0.14285714285714285	0.18095238095238095	0.3333333333333333	0.0761904761904762	0.0	0.0	0.26666666666666666	3.7333333333333334	1.2364824660660938
RCSB-4PS5-2TA-KD:S3	RCSB-4PS5-2TA-KD	S3	construct-003-fbf3f5c695a3	fbf3f5c695a3b8c47960f7f87595ade0ba42d8f497f2c0c835fe377069f49978	O60885	4PS5	2TA	JOOXLOJCABQBSG-UHFFFAOYSA-N	Cc1cnc(Nc2ccc(OCCN3CCCC3)cc2)nc1Nc1cccc(S(=O)(=O)NC(C)(C)C)c1	6.785156151952302	9KT2	d3da84ac3224f9f0730f6c6b8b1111e647b8444093eef0302c050fe9a515e81b	1	A	4E96	0NS	39;40;41;45;50;52;55;90;93;94;97;98;103;104;107	39;40;41;45;50;52;55;90;93;94;97;98;103;104;107		rcsb_pocket_unoccupied_experimental_fixed_per_construct	False	True	False	15.0	133.0	1.0	0.0	0.0	0.06666666666666667	0.06666666666666667	0.0	0.06666666666666667	0.0	0.0	0.06666666666666667	0.0	0.13333333333333333	0.13333333333333333	0.13333333333333333	0.06666666666666667	0.0	0.0	0.0	0.0	0.06666666666666667	0.06666666666666667	0.13333333333333333	0.0	0.6842105263157895	0.13533834586466165	0.15789473684210525	0.022556390977443608	0.0	0.0	0.0	8.174316686945946	11.974226996282365	20.21876	19.56474	18.91932	5.886718216455835	4.084454789927823	3.934873696520088	0.01904761904761905	0.0761904761904762	0.17142857142857143	0.14285714285714285	0.18095238095238095	0.3333333333333333	0.0761904761904762	0.0	0.0	0.26666666666666666	3.7333333333333334	1.2364824660660938
RCSB-7MR9-ZMM-KD:S3	RCSB-7MR9-ZMM-KD	S3	construct-003-fbf3f5c695a3	fbf3f5c695a3b8c47960f7f87595ade0ba42d8f497f2c0c835fe377069f49978	O60885	7MR9	ZMM	IQHRPUHKLPCOKF-UHFFFAOYSA-N	Cn1cc(-c2cccc(N3CCCC3=O)c2)c2ccccc2c1=O	6.474955192963154	9KT2	d3da84ac3224f9f0730f6c6b8b1111e647b8444093eef0302c050fe9a515e81b	1	A	4E96	0NS	39;40;41;45;50;52;55;90;93;94;97;98;103;104;107	39;40;41;45;50;52;55;90;93;94;97;98;103;104;107		rcsb_pocket_unoccupied_experimental_fixed_per_construct	False	True	False	15.0	133.0	1.0	0.0	0.0	0.06666666666666667	0.06666666666666667	0.0	0.06666666666666667	0.0	0.0	0.06666666666666667	0.0	0.13333333333333333	0.13333333333333333	0.13333333333333333	0.06666666666666667	0.0	0.0	0.0	0.0	0.06666666666666667	0.06666666666666667	0.13333333333333333	0.0	0.6842105263157895	0.13533834586466165	0.15789473684210525	0.022556390977443608	0.0	0.0	0.0	8.174316686945946	11.974226996282365	20.21876	19.56474	18.91932	5.886718216455835	4.084454789927823	3.934873696520088	0.01904761904761905	0.0761904761904762	0.17142857142857143	0.14285714285714285	0.18095238095238095	0.3333333333333333	0.0761904761904762	0.0	0.0	0.26666666666666666	3.7333333333333334	1.2364824660660938
RCSB-5D3L-57F-KD:S3	RCSB-5D3L-57F-KD	S3	construct-003-fbf3f5c695a3	fbf3f5c695a3b8c47960f7f87595ade0ba42d8f497f2c0c835fe377069f49978	O60885	5D3L	57F	CGYOKHBJOYVFIV-UHFFFAOYSA-N	CCc1c(C(=O)Nc2cc(S(=O)(=O)N(CC)CC)c(C)cc2O)[nH]c(C)c1C(C)=O	6.055517327849831	9KT2	d3da84ac3224f9f0730f6c6b8b1111e647b8444093eef0302c050fe9a515e81b	1	A	4E96	0NS	39;40;41;45;50;52;55;90;93;94;97;98;103;104;107	39;40;41;45;50;52;55;90;93;94;97;98;103;104;107		rcsb_pocket_unoccupied_experimental_fixed_per_construct	False	True	False	15.0	133.0	1.0	0.0	0.0	0.06666666666666667	0.06666666666666667	0.0	0.06666666666666667	0.0	0.0	0.06666666666666667	0.0	0.13333333333333333	0.13333333333333333	0.13333333333333333	0.06666666666666667	0.0	0.0	0.0	0.0	0.06666666666666667	0.06666666666666667	0.13333333333333333	0.0	0.6842105263157895	0.13533834586466165	0.15789473684210525	0.022556390977443608	0.0	0.0	0.0	8.174316686945946	11.974226996282365	20.21876	19.56474	18.91932	5.886718216455835	4.084454789927823	3.934873696520088	0.01904761904761905	0.0761904761904762	0.17142857142857143	0.14285714285714285	0.18095238095238095	0.3333333333333333	0.0761904761904762	0.0	0.0	0.26666666666666666	3.7333333333333334	1.2364824660660938
RCSB-6Q3Z-HG8-KD:S3	RCSB-6Q3Z-HG8-KD	S3	construct-003-fbf3f5c695a3	fbf3f5c695a3b8c47960f7f87595ade0ba42d8f497f2c0c835fe377069f49978	O60885	6Q3Z	HG8	RKWOVOVDWBRGQO-XMMPIXPASA-N	CCOc1cc(C2CCN(C)CC2)ccc1Nc1ncc2c(n1)N(Cc1cc(C)cs1)[C@H](CC)C(=O)N2C	7.356547323513812	9KT2	d3da84ac3224f9f0730f6c6b8b1111e647b8444093eef0302c050fe9a515e81b	1	A	4E96	0NS	39;40;41;45;50;52;55;90;93;94;97;98;103;104;107	39;40;41;45;50;52;55;90;93;94;97;98;103;104;107		rcsb_pocket_unoccupied_experimental_fixed_per_construct	False	True	False	15.0	133.0	1.0	0.0	0.0	0.06666666666666667	0.06666666666666667	0.0	0.06666666666666667	0.0	0.0	0.06666666666666667	0.0	0.13333333333333333	0.13333333333333333	0.13333333333333333	0.06666666666666667	0.0	0.0	0.0	0.0	0.06666666666666667	0.06666666666666667	0.13333333333333333	0.0	0.6842105263157895	0.13533834586466165	0.15789473684210525	0.022556390977443608	0.0	0.0	0.0	8.174316686945946	11.974226996282365	20.21876	19.56474	18.91932	5.886718216455835	4.084454789927823	3.934873696520088	0.01904761904761905	0.0761904761904762	0.17142857142857143	0.14285714285714285	0.18095238095238095	0.3333333333333333	0.0761904761904762	0.0	0.0	0.26666666666666666	3.7333333333333334	1.2364824660660938
RCSB-5EIS-5OU-KD:S3	RCSB-5EIS-5OU-KD	S3	construct-003-fbf3f5c695a3	fbf3f5c695a3b8c47960f7f87595ade0ba42d8f497f2c0c835fe377069f49978	O60885	5EIS	5OU	ZUHFEYWVQFKDLX-UHFFFAOYSA-N	CCn1cnc2c1c(=O)[nH]c(=O)n2Cc1ccc(Cl)cc1	5.7447274948966935	9KT2	d3da84ac3224f9f0730f6c6b8b1111e647b8444093eef0302c050fe9a515e81b	1	A	4E96	0NS	39;40;41;45;50;52;55;90;93;94;97;98;103;104;107	39;40;41;45;50;52;55;90;93;94;97;98;103;104;107		rcsb_pocket_unoccupied_experimental_fixed_per_construct	False	True	False	15.0	133.0	1.0	0.0	0.0	0.06666666666666667	0.06666666666666667	0.0	0.06666666666666667	0.0	0.0	0.06666666666666667	0.0	0.13333333333333333	0.13333333333333333	0.13333333333333333	0.06666666666666667	0.0	0.0	0.0	0.0	0.06666666666666667	0.06666666666666667	0.13333333333333333	0.0	0.6842105263157895	0.13533834586466165	0.15789473684210525	0.022556390977443608	0.0	0.0	0.0	8.174316686945946	11.974226996282365	20.21876	19.56474	18.91932	5.886718216455835	4.084454789927823	3.934873696520088	0.01904761904761905	0.0761904761904762	0.17142857142857143	0.14285714285714285	0.18095238095238095	0.3333333333333333	0.0761904761904762	0.0	0.0	0.26666666666666666	3.7333333333333334	1.2364824660660938
RCSB-5D3T-56Y-KD:S3	RCSB-5D3T-56Y-KD	S3	construct-003-fbf3f5c695a3	fbf3f5c695a3b8c47960f7f87595ade0ba42d8f497f2c0c835fe377069f49978	O60885	5D3T	56Y	FETDKYPMSNKFSJ-UHFFFAOYSA-N	CCc1c(C(=O)N(C)Cc2cccc(C(N)=O)c2)[nH]c(C)c1C(C)=O	4.920818753952375	9KT2	d3da84ac3224f9f0730f6c6b8b1111e647b8444093eef0302c050fe9a515e81b	1	A	4E96	0NS	39;40;41;45;50;52;55;90;93;94;97;98;103;104;107	39;40;41;45;50;52;55;90;93;94;97;98;103;104;107		rcsb_pocket_unoccupied_experimental_fixed_per_construct	False	True	False	15.0	133.0	1.0	0.0	0.0	0.06666666666666667	0.06666666666666667	0.0	0.06666666666666667	0.0	0.0	0.06666666666666667	0.0	0.13333333333333333	0.13333333333333333	0.13333333333333333	0.06666666666666667	0.0	0.0	0.0	0.0	0.06666666666666667	0.06666666666666667	0.13333333333333333	0.0	0.6842105263157895	0.13533834586466165	0.15789473684210525	0.022556390977443608	0.0	0.0	0.0	8.174316686945946	11.974226996282365	20.21876	19.56474	18.91932	5.886718216455835	4.084454789927823	3.934873696520088	0.01904761904761905	0.0761904761904762	0.17142857142857143	0.14285714285714285	0.18095238095238095	0.3333333333333333	0.0761904761904762	0.0	0.0	0.26666666666666666	3.7333333333333334	1.2364824660660938
RCSB-6Q3Y-HG5-KD:S3	RCSB-6Q3Y-HG5-KD	S3	construct-003-fbf3f5c695a3	fbf3f5c695a3b8c47960f7f87595ade0ba42d8f497f2c0c835fe377069f49978	O60885	6Q3Y	HG5	TWABWUVZWXSPTC-RUZDIDTESA-N	CCOc1cc(C2CCN(C)CC2)ccc1Nc1ncc2c(n1)N(Cc1ccccc1)[C@H](CC)C(=O)N2C	7.267606240177031	9KT2	d3da84ac3224f9f0730f6c6b8b1111e647b8444093eef0302c050fe9a515e81b	1	A	4E96	0NS	39;40;41;45;50;52;55;90;93;94;97;98;103;104;107	39;40;41;45;50;52;55;90;93;94;97;98;103;104;107		rcsb_pocket_unoccupied_experimental_fixed_per_construct	False	True	False	15.0	133.0	1.0	0.0	0.0	0.06666666666666667	0.06666666666666667	0.0	0.06666666666666667	0.0	0.0	0.06666666666666667	0.0	0.13333333333333333	0.13333333333333333	0.13333333333333333	0.06666666666666667	0.0	0.0	0.0	0.0	0.06666666666666667	0.06666666666666667	0.13333333333333333	0.0	0.6842105263157895	0.13533834586466165	0.15789473684210525	0.022556390977443608	0.0	0.0	0.0	8.174316686945946	11.974226996282365	20.21876	19.56474	18.91932	5.886718216455835	4.084454789927823	3.934873696520088	0.01904761904761905	0.0761904761904762	0.17142857142857143	0.14285714285714285	0.18095238095238095	0.3333333333333333	0.0761904761904762	0.0	0.0	0.26666666666666666	3.7333333333333334	1.2364824660660938
RCSB-6UIK-Q8M-KD:S3	RCSB-6UIK-Q8M-KD	S3	construct-006-4c5802bc11cc	4c5802bc11cc5b7f44d46300892a69aab5ae957cde8e1acb6ac683003f05de91	P61964	6UIK	Q8M	RWBIWQQGKHMDCL-UHFFFAOYSA-N	O=S(=O)(Nc1cn(C2CCCC2)cn1)c1cc(Br)cc(Cl)c1O	6.3979400086720375	4ERY	7eb9f3321fd9b39b1f850c50ce6b20914e0637670a1718f5414f818e89e26f60	1	A	6U5Y	Q0M	201;202;203;204;205;206;218;227;228;230;243;244;245;246;249;250;251;252;266;267;268	201;202;203;204;205;206;218;227;228;230;243;244;245;246;249;250;251;252;266;267;268		rcsb_pocket_unoccupied_experimental_fixed_per_construct	False	True	False	21.0	174.0	1.0	0.0	0.0	0.0	0.0	0.0	0.047619047619047616	0.09523809523809523	0.0	0.047619047619047616	0.14285714285714285	0.14285714285714285	0.0	0.09523809523809523	0.047619047619047616	0.047619047619047616	0.0	0.09523809523809523	0.047619047619047616	0.047619047619047616	0.047619047619047616	0.09523809523809523	0.0	0.6724137931034483	0.16091954022988506	0.16666666666666666	0.0	0.0	0.0	0.0	8.187768993924188	11.995013957428956	20.018	19.938000000000002	18.291000000000004	5.4970643638924885	5.061742808157719	3.3467303777198976	0.02857142857142857	0.11428571428571428	0.10952380952380952	0.1380952380952381	0.17142857142857143	0.3380952380952381	0.09523809523809523	0.004761904761904762	0.0	0.2523809523809524	5.0476190476190474	1.5879363810031493
RCSB-6U8O-Q1G-KD:S3	RCSB-6U8O-Q1G-KD	S3	construct-006-4c5802bc11cc	4c5802bc11cc5b7f44d46300892a69aab5ae957cde8e1acb6ac683003f05de91	P61964	6U8O	Q1G	DMCFTKWJTBOJFX-UHFFFAOYSA-N	N#CC1(c2ccc(O)c(NS(=O)(=O)c3cc(Br)ccc3O)c2)CCC1	6.539102157243452	4ERY	7eb9f3321fd9b39b1f850c50ce6b20914e0637670a1718f5414f818e89e26f60	1	A	6U5Y	Q0M	201;202;203;204;205;206;218;227;228;230;243;244;245;246;249;250;251;252;266;267;268	201;202;203;204;205;206;218;227;228;230;243;244;245;246;249;250;251;252;266;267;268		rcsb_pocket_unoccupied_experimental_fixed_per_construct	False	True	False	21.0	174.0	1.0	0.0	0.0	0.0	0.0	0.0	0.047619047619047616	0.09523809523809523	0.0	0.047619047619047616	0.14285714285714285	0.14285714285714285	0.0	0.09523809523809523	0.047619047619047616	0.047619047619047616	0.0	0.09523809523809523	0.047619047619047616	0.047619047619047616	0.047619047619047616	0.09523809523809523	0.0	0.6724137931034483	0.16091954022988506	0.16666666666666666	0.0	0.0	0.0	0.0	8.187768993924188	11.995013957428956	20.018	19.938000000000002	18.291000000000004	5.4970643638924885	5.061742808157719	3.3467303777198976	0.02857142857142857	0.11428571428571428	0.10952380952380952	0.1380952380952381	0.17142857142857143	0.3380952380952381	0.09523809523809523	0.004761904761904762	0.0	0.2523809523809524	5.0476190476190474	1.5879363810031493
RCSB-6UIF-Q8P-KD:S3	RCSB-6UIF-Q8P-KD	S3	construct-006-4c5802bc11cc	4c5802bc11cc5b7f44d46300892a69aab5ae957cde8e1acb6ac683003f05de91	P61964	6UIF	Q8P	KXQTXSQWNIVQDX-UHFFFAOYSA-N	CNC(=O)c1nc(NS(=O)(=O)c2cc(Br)cc(Cl)c2O)cn1C1CCCC1	6.769551078621726	4ERY	7eb9f3321fd9b39b1f850c50ce6b20914e0637670a1718f5414f818e89e26f60	1	A	6U5Y	Q0M	201;202;203;204;205;206;218;227;228;230;243;244;245;246;249;250;251;252;266;267;268	201;202;203;204;205;206;218;227;228;230;243;244;245;246;249;250;251;252;266;267;268		rcsb_pocket_unoccupied_experimental_fixed_per_construct	False	True	False	21.0	174.0	1.0	0.0	0.0	0.0	0.0	0.0	0.047619047619047616	0.09523809523809523	0.0	0.047619047619047616	0.14285714285714285	0.14285714285714285	0.0	0.09523809523809523	0.047619047619047616	0.047619047619047616	0.0	0.09523809523809523	0.047619047619047616	0.047619047619047616	0.047619047619047616	0.09523809523809523	0.0	0.6724137931034483	0.16091954022988506	0.16666666666666666	0.0	0.0	0.0	0.0	8.187768993924188	11.995013957428956	20.018	19.938000000000002	18.291000000000004	5.4970643638924885	5.061742808157719	3.3467303777198976	0.02857142857142857	0.11428571428571428	0.10952380952380952	0.1380952380952381	0.17142857142857143	0.3380952380952381	0.09523809523809523	0.004761904761904762	0.0	0.2523809523809524	5.0476190476190474	1.5879363810031493
RCSB-6UJ4-Q8S-KD:S3	RCSB-6UJ4-Q8S-KD	S3	construct-006-4c5802bc11cc	4c5802bc11cc5b7f44d46300892a69aab5ae957cde8e1acb6ac683003f05de91	P61964	6UJ4	Q8S	WOKCPJTYIUMFPY-UHFFFAOYSA-N	Cc1nc(NS(=O)(=O)c2cc(Br)cc(Cl)c2O)cn1C1CCCC1	6.769551078621726	4ERY	7eb9f3321fd9b39b1f850c50ce6b20914e0637670a1718f5414f818e89e26f60	1	A	6U5Y	Q0M	201;202;203;204;205;206;218;227;228;230;243;244;245;246;249;250;251;252;266;267;268	201;202;203;204;205;206;218;227;228;230;243;244;245;246;249;250;251;252;266;267;268		rcsb_pocket_unoccupied_experimental_fixed_per_construct	False	True	False	21.0	174.0	1.0	0.0	0.0	0.0	0.0	0.0	0.047619047619047616	0.09523809523809523	0.0	0.047619047619047616	0.14285714285714285	0.14285714285714285	0.0	0.09523809523809523	0.047619047619047616	0.047619047619047616	0.0	0.09523809523809523	0.047619047619047616	0.047619047619047616	0.047619047619047616	0.09523809523809523	0.0	0.6724137931034483	0.16091954022988506	0.16666666666666666	0.0	0.0	0.0	0.0	8.187768993924188	11.995013957428956	20.018	19.938000000000002	18.291000000000004	5.4970643638924885	5.061742808157719	3.3467303777198976	0.02857142857142857	0.11428571428571428	0.10952380952380952	0.1380952380952381	0.17142857142857143	0.3380952380952381	0.09523809523809523	0.004761904761904762	0.0	0.2523809523809524	5.0476190476190474	1.5879363810031493
RCSB-6UOZ-QF1-KD:S3	RCSB-6UOZ-QF1-KD	S3	construct-006-4c5802bc11cc	4c5802bc11cc5b7f44d46300892a69aab5ae957cde8e1acb6ac683003f05de91	P61964	6UOZ	QF1	ZBIVDOJYQHNICX-UHFFFAOYSA-N	CS(=O)(=O)c1nc(NS(=O)(=O)c2cc(Br)cc(Cl)c2O)cn1C1CCCC1	7.0	4ERY	7eb9f3321fd9b39b1f850c50ce6b20914e0637670a1718f5414f818e89e26f60	1	A	6U5Y	Q0M	201;202;203;204;205;206;218;227;228;230;243;244;245;246;249;250;251;252;266;267;268	201;202;203;204;205;206;218;227;228;230;243;244;245;246;249;250;251;252;266;267;268		rcsb_pocket_unoccupied_experimental_fixed_per_construct	False	True	False	21.0	174.0	1.0	0.0	0.0	0.0	0.0	0.0	0.047619047619047616	0.09523809523809523	0.0	0.047619047619047616	0.14285714285714285	0.14285714285714285	0.0	0.09523809523809523	0.047619047619047616	0.047619047619047616	0.0	0.09523809523809523	0.047619047619047616	0.047619047619047616	0.047619047619047616	0.09523809523809523	0.0	0.6724137931034483	0.16091954022988506	0.16666666666666666	0.0	0.0	0.0	0.0	8.187768993924188	11.995013957428956	20.018	19.938000000000002	18.291000000000004	5.4970643638924885	5.061742808157719	3.3467303777198976	0.02857142857142857	0.11428571428571428	0.10952380952380952	0.1380952380952381	0.17142857142857143	0.3380952380952381	0.09523809523809523	0.004761904761904762	0.0	0.2523809523809524	5.0476190476190474	1.5879363810031493
RCSB-6U5M-Q0S-KD:S3	RCSB-6U5M-Q0S-KD	S3	construct-006-4c5802bc11cc	4c5802bc11cc5b7f44d46300892a69aab5ae957cde8e1acb6ac683003f05de91	P61964	6U5M	Q0S	GXKWWSXTDOWSFB-UHFFFAOYSA-N	CS(=O)(=O)c1cc(NS(=O)(=O)c2cc(Br)ccc2O)cc(S(F)(F)(F)(F)F)c1	6.291579099865287	4ERY	7eb9f3321fd9b39b1f850c50ce6b20914e0637670a1718f5414f818e89e26f60	1	A	6U5Y	Q0M	201;202;203;204;205;206;218;227;228;230;243;244;245;246;249;250;251;252;266;267;268	201;202;203;204;205;206;218;227;228;230;243;244;245;246;249;250;251;252;266;267;268		rcsb_pocket_unoccupied_experimental_fixed_per_construct	False	True	False	21.0	174.0	1.0	0.0	0.0	0.0	0.0	0.0	0.047619047619047616	0.09523809523809523	0.0	0.047619047619047616	0.14285714285714285	0.14285714285714285	0.0	0.09523809523809523	0.047619047619047616	0.047619047619047616	0.0	0.09523809523809523	0.047619047619047616	0.047619047619047616	0.047619047619047616	0.09523809523809523	0.0	0.6724137931034483	0.16091954022988506	0.16666666666666666	0.0	0.0	0.0	0.0	8.187768993924188	11.995013957428956	20.018	19.938000000000002	18.291000000000004	5.4970643638924885	5.061742808157719	3.3467303777198976	0.02857142857142857	0.11428571428571428	0.10952380952380952	0.1380952380952381	0.17142857142857143	0.3380952380952381	0.09523809523809523	0.004761904761904762	0.0	0.2523809523809524	5.0476190476190474	1.5879363810031493
RCSB-6U8L-Q1P-KD:S3	RCSB-6U8L-Q1P-KD	S3	construct-006-4c5802bc11cc	4c5802bc11cc5b7f44d46300892a69aab5ae957cde8e1acb6ac683003f05de91	P61964	6U8L	Q1P	LZQVQCAIOFNYFL-UHFFFAOYSA-N	O=C(O)c1c(O)c(NS(=O)(=O)c2cc(Br)ccc2O)cc(C2CC2)c1F	6.913640169325252	4ERY	7eb9f3321fd9b39b1f850c50ce6b20914e0637670a1718f5414f818e89e26f60	1	A	6U5Y	Q0M	201;202;203;204;205;206;218;227;228;230;243;244;245;246;249;250;251;252;266;267;268	201;202;203;204;205;206;218;227;228;230;243;244;245;246;249;250;251;252;266;267;268		rcsb_pocket_unoccupied_experimental_fixed_per_construct	False	True	False	21.0	174.0	1.0	0.0	0.0	0.0	0.0	0.0	0.047619047619047616	0.09523809523809523	0.0	0.047619047619047616	0.14285714285714285	0.14285714285714285	0.0	0.09523809523809523	0.047619047619047616	0.047619047619047616	0.0	0.09523809523809523	0.047619047619047616	0.047619047619047616	0.047619047619047616	0.09523809523809523	0.0	0.6724137931034483	0.16091954022988506	0.16666666666666666	0.0	0.0	0.0	0.0	8.187768993924188	11.995013957428956	20.018	19.938000000000002	18.291000000000004	5.4970643638924885	5.061742808157719	3.3467303777198976	0.02857142857142857	0.11428571428571428	0.10952380952380952	0.1380952380952381	0.17142857142857143	0.3380952380952381	0.09523809523809523	0.004761904761904762	0.0	0.2523809523809524	5.0476190476190474	1.5879363810031493
RCSB-5U4D-XLO-KD:S3	RCSB-5U4D-XLO-KD	S3	construct-007-c863deb44383	c863deb44383d7aaa833b975f4a87af77d63581d8e92f1f718f0d3300424a4c7	P02766	5U4D	XLO	FFFUYAAIQHIBGO-SNAWJCMRSA-N	O=C(O)c1cccc(/C=C/c2ccc(O)cc2Cl)c1	6.327902142064282	5FW6	ed4ba1dc68e2180313fd50a991c2735e81929cd518bb62b3d04e058794514cae	1	A	5U4B	XOS	13;15;17;54;106;108;109;110;117;118;119;121	13;15;17;54;106;108;109;110;117;118;119;121		rcsb_pocket_unoccupied_experimental_fixed_per_construct	False	True	False	12.0	88.0	1.0	0.0	0.08333333333333333	0.0	0.0	0.08333333333333333	0.0	0.0	0.0	0.0	0.08333333333333333	0.16666666666666666	0.08333333333333333	0.0	0.0	0.0	0.0	0.08333333333333333	0.25	0.16666666666666666	0.0	0.0	0.0	0.6363636363636364	0.14772727272727273	0.20454545454545456	0.011363636363636364	0.0	0.0	0.0	6.831378555448825	10.48833198120956	18.081	16.209000000000003	11.338000000000001	5.035047357610346	4.090182518153985	2.1415970775696067	0.0	0.22727272727272727	0.22727272727272727	0.16666666666666666	0.15151515151515152	0.22727272727272727	0.0	0.0	0.0	0.45454545454545453	5.0	1.8257418583505538
RCSB-5U4F-IWW-KD:S3	RCSB-5U4F-IWW-KD	S3	construct-007-c863deb44383	c863deb44383d7aaa833b975f4a87af77d63581d8e92f1f718f0d3300424a4c7	P02766	5U4F	IWW	HTUPKLSVPPCVMY-OWOJBTEDSA-N	OB(O)c1ccc(/C=C/c2ccc(B(O)O)cc2Cl)c(Cl)c1	6.327902142064282	5FW6	ed4ba1dc68e2180313fd50a991c2735e81929cd518bb62b3d04e058794514cae	1	A	5U4B	XOS	13;15;17;54;106;108;109;110;117;118;119;121	13;15;17;54;106;108;109;110;117;118;119;121		rcsb_pocket_unoccupied_experimental_fixed_per_construct	False	True	False	12.0	88.0	1.0	0.0	0.08333333333333333	0.0	0.0	0.08333333333333333	0.0	0.0	0.0	0.0	0.08333333333333333	0.16666666666666666	0.08333333333333333	0.0	0.0	0.0	0.0	0.08333333333333333	0.25	0.16666666666666666	0.0	0.0	0.0	0.6363636363636364	0.14772727272727273	0.20454545454545456	0.011363636363636364	0.0	0.0	0.0	6.831378555448825	10.48833198120956	18.081	16.209000000000003	11.338000000000001	5.035047357610346	4.090182518153985	2.1415970775696067	0.0	0.22727272727272727	0.22727272727272727	0.16666666666666666	0.15151515151515152	0.22727272727272727	0.0	0.0	0.0	0.45454545454545453	5.0	1.8257418583505538
RCSB-5U49-S2L-KD:S3	RCSB-5U49-S2L-KD	S3	construct-007-c863deb44383	c863deb44383d7aaa833b975f4a87af77d63581d8e92f1f718f0d3300424a4c7	P02766	5U49	S2L	YSKUNWVWMAIANA-OWOJBTEDSA-N	Oc1cc(O)cc(/C=C/c2ccc(O)cc2Cl)c1	6.136677139879544	5FW6	ed4ba1dc68e2180313fd50a991c2735e81929cd518bb62b3d04e058794514cae	1	A	5U4B	XOS	13;15;17;54;106;108;109;110;117;118;119;121	13;15;17;54;106;108;109;110;117;118;119;121		rcsb_pocket_unoccupied_experimental_fixed_per_construct	False	True	False	12.0	88.0	1.0	0.0	0.08333333333333333	0.0	0.0	0.08333333333333333	0.0	0.0	0.0	0.0	0.08333333333333333	0.16666666666666666	0.08333333333333333	0.0	0.0	0.0	0.0	0.08333333333333333	0.25	0.16666666666666666	0.0	0.0	0.0	0.6363636363636364	0.14772727272727273	0.20454545454545456	0.011363636363636364	0.0	0.0	0.0	6.831378555448825	10.48833198120956	18.081	16.209000000000003	11.338000000000001	5.035047357610346	4.090182518153985	2.1415970775696067	0.0	0.22727272727272727	0.22727272727272727	0.16666666666666666	0.15151515151515152	0.22727272727272727	0.0	0.0	0.0	0.45454545454545453	5.0	1.8257418583505538
RCSB-5U4E-XLB-KD:S3	RCSB-5U4E-XLB-KD	S3	construct-007-c863deb44383	c863deb44383d7aaa833b975f4a87af77d63581d8e92f1f718f0d3300424a4c7	P02766	5U4E	XLB	ZEPBMSWEDHLTGZ-SNAWJCMRSA-N	O=C(O)c1cccc(/C=C/c2ccc(B(O)O)cc2Cl)c1	6.346787486224656	5FW6	ed4ba1dc68e2180313fd50a991c2735e81929cd518bb62b3d04e058794514cae	1	A	5U4B	XOS	13;15;17;54;106;108;109;110;117;118;119;121	13;15;17;54;106;108;109;110;117;118;119;121		rcsb_pocket_unoccupied_experimental_fixed_per_construct	False	True	False	12.0	88.0	1.0	0.0	0.08333333333333333	0.0	0.0	0.08333333333333333	0.0	0.0	0.0	0.0	0.08333333333333333	0.16666666666666666	0.08333333333333333	0.0	0.0	0.0	0.0	0.08333333333333333	0.25	0.16666666666666666	0.0	0.0	0.0	0.6363636363636364	0.14772727272727273	0.20454545454545456	0.011363636363636364	0.0	0.0	0.0	6.831378555448825	10.48833198120956	18.081	16.209000000000003	11.338000000000001	5.035047357610346	4.090182518153985	2.1415970775696067	0.0	0.22727272727272727	0.22727272727272727	0.16666666666666666	0.15151515151515152	0.22727272727272727	0.0	0.0	0.0	0.45454545454545453	5.0	1.8257418583505538
RCSB-5U48-S4B-KD:S3	RCSB-5U48-S4B-KD	S3	construct-007-c863deb44383	c863deb44383d7aaa833b975f4a87af77d63581d8e92f1f718f0d3300424a4c7	P02766	5U48	S4B	DYVLARRBNBVUFX-OWOJBTEDSA-N	OB(O)c1ccc(/C=C/c2cc(O)cc(O)c2)cc1	6.327902142064282	5FW6	ed4ba1dc68e2180313fd50a991c2735e81929cd518bb62b3d04e058794514cae	1	A	5U4B	XOS	13;15;17;54;106;108;109;110;117;118;119;121	13;15;17;54;106;108;109;110;117;118;119;121		rcsb_pocket_unoccupied_experimental_fixed_per_construct	False	True	False	12.0	88.0	1.0	0.0	0.08333333333333333	0.0	0.0	0.08333333333333333	0.0	0.0	0.0	0.0	0.08333333333333333	0.16666666666666666	0.08333333333333333	0.0	0.0	0.0	0.0	0.08333333333333333	0.25	0.16666666666666666	0.0	0.0	0.0	0.6363636363636364	0.14772727272727273	0.20454545454545456	0.011363636363636364	0.0	0.0	0.0	6.831378555448825	10.48833198120956	18.081	16.209000000000003	11.338000000000001	5.035047357610346	4.090182518153985	2.1415970775696067	0.0	0.22727272727272727	0.22727272727272727	0.16666666666666666	0.15151515151515152	0.22727272727272727	0.0	0.0	0.0	0.45454545454545453	5.0	1.8257418583505538
RCSB-5U4A-7VG-KD:S3	RCSB-5U4A-7VG-KD	S3	construct-007-c863deb44383	c863deb44383d7aaa833b975f4a87af77d63581d8e92f1f718f0d3300424a4c7	P02766	5U4A	7VG	KRQCUYXETWACBK-OWOJBTEDSA-N	OB(O)c1ccc(/C=C/c2cc(O)cc(O)c2)c(Cl)c1	6.356547323513812	5FW6	ed4ba1dc68e2180313fd50a991c2735e81929cd518bb62b3d04e058794514cae	1	A	5U4B	XOS	13;15;17;54;106;108;109;110;117;118;119;121	13;15;17;54;106;108;109;110;117;118;119;121		rcsb_pocket_unoccupied_experimental_fixed_per_construct	False	True	False	12.0	88.0	1.0	0.0	0.08333333333333333	0.0	0.0	0.08333333333333333	0.0	0.0	0.0	0.0	0.08333333333333333	0.16666666666666666	0.08333333333333333	0.0	0.0	0.0	0.0	0.08333333333333333	0.25	0.16666666666666666	0.0	0.0	0.0	0.6363636363636364	0.14772727272727273	0.20454545454545456	0.011363636363636364	0.0	0.0	0.0	6.831378555448825	10.48833198120956	18.081	16.209000000000003	11.338000000000001	5.035047357610346	4.090182518153985	2.1415970775696067	0.0	0.22727272727272727	0.22727272727272727	0.16666666666666666	0.15151515151515152	0.22727272727272727	0.0	0.0	0.0	0.45454545454545453	5.0	1.8257418583505538
RCSB-5U4C-XBS-KD:S3	RCSB-5U4C-XBS-KD	S3	construct-007-c863deb44383	c863deb44383d7aaa833b975f4a87af77d63581d8e92f1f718f0d3300424a4c7	P02766	5U4C	XBS	YDRUKHFGOZJRHC-SNAWJCMRSA-N	O=C(O)c1cccc(/C=C/c2ccc(B(O)O)cc2)c1	6.00436480540245	5FW6	ed4ba1dc68e2180313fd50a991c2735e81929cd518bb62b3d04e058794514cae	1	A	5U4B	XOS	13;15;17;54;106;108;109;110;117;118;119;121	13;15;17;54;106;108;109;110;117;118;119;121		rcsb_pocket_unoccupied_experimental_fixed_per_construct	False	True	False	12.0	88.0	1.0	0.0	0.08333333333333333	0.0	0.0	0.08333333333333333	0.0	0.0	0.0	0.0	0.08333333333333333	0.16666666666666666	0.08333333333333333	0.0	0.0	0.0	0.0	0.08333333333333333	0.25	0.16666666666666666	0.0	0.0	0.0	0.6363636363636364	0.14772727272727273	0.20454545454545456	0.011363636363636364	0.0	0.0	0.0	6.831378555448825	10.48833198120956	18.081	16.209000000000003	11.338000000000001	5.035047357610346	4.090182518153985	2.1415970775696067	0.0	0.22727272727272727	0.22727272727272727	0.16666666666666666	0.15151515151515152	0.22727272727272727	0.0	0.0	0.0	0.45454545454545453	5.0	1.8257418583505538
RCSB-6I0Z-GZQ-KD:S3	RCSB-6I0Z-GZQ-KD	S3	construct-009-2b786a6db716	2b786a6db716e3e887b22be571240bab2f5ece00a09ed5d79924f54bbed70aba	Q16658	6I0Z	GZQ	NVSSRRQIUAFBIU-UHFFFAOYSA-N	CC(=O)N(C)c1ccc(Cl)cc1Cl	4.036212172654444	9FN6	883ed53969a10abd82fde57bcfe87b8889c5be2a637d93ad7db31147b985254f	1	A	6I12	H08	14;16;48;60;62;93;94;95;101;103;134;213;214;215;216;217;224	14;16;48;60;62;93;94;95;101;103;134;213;214;215;216;217;224		rcsb_pocket_unoccupied_experimental_fixed_per_construct	False	True	False	17.0	148.0	1.0	0.0	0.058823529411764705	0.0	0.0	0.058823529411764705	0.11764705882352941	0.0	0.0	0.058823529411764705	0.0	0.29411764705882354	0.0	0.0	0.0	0.0	0.11764705882352941	0.0	0.058823529411764705	0.17647058823529413	0.058823529411764705	0.0	0.0	0.7027027027027027	0.16216216216216217	0.13513513513513514	0.0	0.0	0.0	0.0	7.775678453422621	12.845175680304955	20.026000000000003	18.744999999999997	17.458	5.559405890472372	4.236212272683099	3.407152350096924	0.007352941176470588	0.11764705882352941	0.19117647058823528	0.14705882352941177	0.2426470588235294	0.23529411764705882	0.051470588235294115	0.007352941176470588	0.0	0.3161764705882353	5.0588235294117645	2.154901068707553
RCSB-6I13-H0Q-KD:S3	RCSB-6I13-H0Q-KD	S3	construct-009-2b786a6db716	2b786a6db716e3e887b22be571240bab2f5ece00a09ed5d79924f54bbed70aba	Q16658	6I13	H0Q	XBJCGFCUIMJMDK-UHFFFAOYSA-N	Cn1cc(NC(=O)c2cn(Cc3cccc(Cl)c3)c(=O)c3ccccc23)cn1	5.119186407719209	9FN6	883ed53969a10abd82fde57bcfe87b8889c5be2a637d93ad7db31147b985254f	1	A	6I12	H08	14;16;48;60;62;93;94;95;101;103;134;213;214;215;216;217;224	14;16;48;60;62;93;94;95;101;103;134;213;214;215;216;217;224		rcsb_pocket_unoccupied_experimental_fixed_per_construct	False	True	False	17.0	148.0	1.0	0.0	0.058823529411764705	0.0	0.0	0.058823529411764705	0.11764705882352941	0.0	0.0	0.058823529411764705	0.0	0.29411764705882354	0.0	0.0	0.0	0.0	0.11764705882352941	0.0	0.058823529411764705	0.17647058823529413	0.058823529411764705	0.0	0.0	0.7027027027027027	0.16216216216216217	0.13513513513513514	0.0	0.0	0.0	0.0	7.775678453422621	12.845175680304955	20.026000000000003	18.744999999999997	17.458	5.559405890472372	4.236212272683099	3.407152350096924	0.007352941176470588	0.11764705882352941	0.19117647058823528	0.14705882352941177	0.2426470588235294	0.23529411764705882	0.051470588235294115	0.007352941176470588	0.0	0.3161764705882353	5.0588235294117645	2.154901068707553
RCSB-6I11-H0H-KD:S3	RCSB-6I11-H0H-KD	S3	construct-009-2b786a6db716	2b786a6db716e3e887b22be571240bab2f5ece00a09ed5d79924f54bbed70aba	Q16658	6I11	H0H	VTTHLQZKGGQAGE-UHFFFAOYSA-N	Cn1cc(NC(=O)c2cn(Cc3ccccc3)c(=O)c3ccccc23)cn1	4.533132379645891	9FN6	883ed53969a10abd82fde57bcfe87b8889c5be2a637d93ad7db31147b985254f	1	A	6I12	H08	14;16;48;60;62;93;94;95;101;103;134;213;214;215;216;217;224	14;16;48;60;62;93;94;95;101;103;134;213;214;215;216;217;224		rcsb_pocket_unoccupied_experimental_fixed_per_construct	False	True	False	17.0	148.0	1.0	0.0	0.058823529411764705	0.0	0.0	0.058823529411764705	0.11764705882352941	0.0	0.0	0.058823529411764705	0.0	0.29411764705882354	0.0	0.0	0.0	0.0	0.11764705882352941	0.0	0.058823529411764705	0.17647058823529413	0.058823529411764705	0.0	0.0	0.7027027027027027	0.16216216216216217	0.13513513513513514	0.0	0.0	0.0	0.0	7.775678453422621	12.845175680304955	20.026000000000003	18.744999999999997	17.458	5.559405890472372	4.236212272683099	3.407152350096924	0.007352941176470588	0.11764705882352941	0.19117647058823528	0.14705882352941177	0.2426470588235294	0.23529411764705882	0.051470588235294115	0.007352941176470588	0.0	0.3161764705882353	5.0588235294117645	2.154901068707553
RCSB-6I14-GZN-KD:S3	RCSB-6I14-GZN-KD	S3	construct-009-2b786a6db716	2b786a6db716e3e887b22be571240bab2f5ece00a09ed5d79924f54bbed70aba	Q16658	6I14	GZN	ARDJWVHRRXSBIV-UHFFFAOYSA-N	Cn1cc(NC(=O)c2cn(Cc3ccc(Cl)c(Cl)c3)c(=O)c3ccccc23)cn1	5.823908740944319	9FN6	883ed53969a10abd82fde57bcfe87b8889c5be2a637d93ad7db31147b985254f	1	A	6I12	H08	14;16;48;60;62;93;94;95;101;103;134;213;214;215;216;217;224	14;16;48;60;62;93;94;95;101;103;134;213;214;215;216;217;224		rcsb_pocket_unoccupied_experimental_fixed_per_construct	False	True	False	17.0	148.0	1.0	0.0	0.058823529411764705	0.0	0.0	0.058823529411764705	0.11764705882352941	0.0	0.0	0.058823529411764705	0.0	0.29411764705882354	0.0	0.0	0.0	0.0	0.11764705882352941	0.0	0.058823529411764705	0.17647058823529413	0.058823529411764705	0.0	0.0	0.7027027027027027	0.16216216216216217	0.13513513513513514	0.0	0.0	0.0	0.0	7.775678453422621	12.845175680304955	20.026000000000003	18.744999999999997	17.458	5.559405890472372	4.236212272683099	3.407152350096924	0.007352941176470588	0.11764705882352941	0.19117647058823528	0.14705882352941177	0.2426470588235294	0.23529411764705882	0.051470588235294115	0.007352941176470588	0.0	0.3161764705882353	5.0588235294117645	2.154901068707553
RCSB-4B33-1NP-KD:S3	RCSB-4B33-1NP-KD	S3	construct-010-2fedea507c74	2fedea507c74508309eb4953725e4c98a750b5c2baf20667cab46609e06762f4	O74036	4B33	1NP	KJCVRFUGPWSIIH-UHFFFAOYSA-N	Oc1cccc2ccccc12	3.366531544420414	5LB4	c8cf343813b8e9f71398311d3a50bb919832df7b0726d7ce8b39e2a3cefc50f1	1	A	4B2I	LZ1	63;64;65;95;96;97;107;108;109;111;112;113;115;129	63;64;65;95;96;97;107;108;109;111;112;113;115;129		rcsb_pocket_unoccupied_experimental_fixed_per_construct	False	True	False	14.0	111.0	1.0	0.0	0.21428571428571427	0.0	0.0	0.0	0.0	0.0	0.0	0.07142857142857142	0.0	0.21428571428571427	0.14285714285714285	0.0	0.0	0.14285714285714285	0.0	0.07142857142857142	0.0	0.0	0.0	0.14285714285714285	0.0	0.6666666666666666	0.14414414414414414	0.17117117117117117	0.018018018018018018	0.0	0.0	0.0	7.225499514305654	12.046301229020479	18.361	17.794999999999998	13.912	5.434493485360506	3.665492489243615	3.03945531306254	0.02197802197802198	0.14285714285714285	0.21978021978021978	0.18681318681318682	0.18681318681318682	0.21978021978021978	0.02197802197802198	0.0	0.0	0.38461538461538464	5.0	1.3093073414159542
RCSB-4B32-03V-KD:S3	RCSB-4B32-03V-KD	S3	construct-010-2fedea507c74	2fedea507c74508309eb4953725e4c98a750b5c2baf20667cab46609e06762f4	O74036	4B32	03V	JWAZRIHNYRIHIV-UHFFFAOYSA-N	Oc1ccc2ccccc2c1	3.3372421683184257	5LB4	c8cf343813b8e9f71398311d3a50bb919832df7b0726d7ce8b39e2a3cefc50f1	1	A	4B2I	LZ1	63;64;65;95;96;97;107;108;109;111;112;113;115;129	63;64;65;95;96;97;107;108;109;111;112;113;115;129		rcsb_pocket_unoccupied_experimental_fixed_per_construct	False	True	False	14.0	111.0	1.0	0.0	0.21428571428571427	0.0	0.0	0.0	0.0	0.0	0.0	0.07142857142857142	0.0	0.21428571428571427	0.14285714285714285	0.0	0.0	0.14285714285714285	0.0	0.07142857142857142	0.0	0.0	0.0	0.14285714285714285	0.0	0.6666666666666666	0.14414414414414414	0.17117117117117117	0.018018018018018018	0.0	0.0	0.0	7.225499514305654	12.046301229020479	18.361	17.794999999999998	13.912	5.434493485360506	3.665492489243615	3.03945531306254	0.02197802197802198	0.14285714285714285	0.21978021978021978	0.18681318681318682	0.18681318681318682	0.21978021978021978	0.02197802197802198	0.0	0.0	0.38461538461538464	5.0	1.3093073414159542
RCSB-4B3D-5MI-KD:S3	RCSB-4B3D-5MI-KD	S3	construct-010-2fedea507c74	2fedea507c74508309eb4953725e4c98a750b5c2baf20667cab46609e06762f4	O74036	4B3D	5MI	YPKBCLZFIYBSHK-UHFFFAOYSA-N	Cc1ccc2[nH]ccc2c1	2.6777807052660805	5LB4	c8cf343813b8e9f71398311d3a50bb919832df7b0726d7ce8b39e2a3cefc50f1	1	A	4B2I	LZ1	63;64;65;95;96;97;107;108;109;111;112;113;115;129	63;64;65;95;96;97;107;108;109;111;112;113;115;129		rcsb_pocket_unoccupied_experimental_fixed_per_construct	False	True	False	14.0	111.0	1.0	0.0	0.21428571428571427	0.0	0.0	0.0	0.0	0.0	0.0	0.07142857142857142	0.0	0.21428571428571427	0.14285714285714285	0.0	0.0	0.14285714285714285	0.0	0.07142857142857142	0.0	0.0	0.0	0.14285714285714285	0.0	0.6666666666666666	0.14414414414414414	0.17117117117117117	0.018018018018018018	0.0	0.0	0.0	7.225499514305654	12.046301229020479	18.361	17.794999999999998	13.912	5.434493485360506	3.665492489243615	3.03945531306254	0.02197802197802198	0.14285714285714285	0.21978021978021978	0.18681318681318682	0.18681318681318682	0.21978021978021978	0.02197802197802198	0.0	0.0	0.38461538461538464	5.0	1.3093073414159542
RCSB-4B2L-TR7-KD:S3	RCSB-4B2L-TR7-KD	S3	construct-010-2fedea507c74	2fedea507c74508309eb4953725e4c98a750b5c2baf20667cab46609e06762f4	O74036	4B2L	TR7	KCUNTYMNJVXYKZ-JTQLQIEISA-N	COC(=O)[C@@H](N)Cc1c[nH]c2ccccc12	3.2441251443275085	5LB4	c8cf343813b8e9f71398311d3a50bb919832df7b0726d7ce8b39e2a3cefc50f1	1	A	4B2I	LZ1	63;64;65;95;96;97;107;108;109;111;112;113;115;129	63;64;65;95;96;97;107;108;109;111;112;113;115;129		rcsb_pocket_unoccupied_experimental_fixed_per_construct	False	True	False	14.0	111.0	1.0	0.0	0.21428571428571427	0.0	0.0	0.0	0.0	0.0	0.0	0.07142857142857142	0.0	0.21428571428571427	0.14285714285714285	0.0	0.0	0.14285714285714285	0.0	0.07142857142857142	0.0	0.0	0.0	0.14285714285714285	0.0	0.6666666666666666	0.14414414414414414	0.17117117117117117	0.018018018018018018	0.0	0.0	0.0	7.225499514305654	12.046301229020479	18.361	17.794999999999998	13.912	5.434493485360506	3.665492489243615	3.03945531306254	0.02197802197802198	0.14285714285714285	0.21978021978021978	0.18681318681318682	0.18681318681318682	0.21978021978021978	0.02197802197802198	0.0	0.0	0.38461538461538464	5.0	1.3093073414159542
RCSB-4B34-ABV-KD:S3	RCSB-4B34-ABV-KD	S3	construct-010-2fedea507c74	2fedea507c74508309eb4953725e4c98a750b5c2baf20667cab46609e06762f4	O74036	4B34	ABV	UHGULLIUJBCTEF-UHFFFAOYSA-N	Nc1nc2ccccc2s1	3.136677139879544	5LB4	c8cf343813b8e9f71398311d3a50bb919832df7b0726d7ce8b39e2a3cefc50f1	1	A	4B2I	LZ1	63;64;65;95;96;97;107;108;109;111;112;113;115;129	63;64;65;95;96;97;107;108;109;111;112;113;115;129		rcsb_pocket_unoccupied_experimental_fixed_per_construct	False	True	False	14.0	111.0	1.0	0.0	0.21428571428571427	0.0	0.0	0.0	0.0	0.0	0.0	0.07142857142857142	0.0	0.21428571428571427	0.14285714285714285	0.0	0.0	0.14285714285714285	0.0	0.07142857142857142	0.0	0.0	0.0	0.14285714285714285	0.0	0.6666666666666666	0.14414414414414414	0.17117117117117117	0.018018018018018018	0.0	0.0	0.0	7.225499514305654	12.046301229020479	18.361	17.794999999999998	13.912	5.434493485360506	3.665492489243615	3.03945531306254	0.02197802197802198	0.14285714285714285	0.21978021978021978	0.18681318681318682	0.18681318681318682	0.21978021978021978	0.02197802197802198	0.0	0.0	0.38461538461538464	5.0	1.3093073414159542
RCSB-6QLO-J5E-KD:S3	RCSB-6QLO-J5E-KD	S3	construct-011-4f6fb808c4a8	4f6fb808c4a82020b43c250bf9d4643eb416c379f5db1f8b1ec12c3b9239f487	P17931	6QLO	J5E	DWZCKGAEDMIIIZ-IFLJBQAJSA-N	Cc1ccc(S[C@@H]2O[C@H](CO)[C@H](O)[C@H](n3cc(-c4ccc(F)c(F)c4)nn3)[C@H]2O)cc1	5.055517327849831	6F2Q	558e852858852d54f044708cfc20226f84080f69faf65755417a7c14f3443d13	1	A	6QLR	J4N	32;33;34;36;46;48;49;50;60;61;62;69;70;72;125;126;127	32;33;34;36;46;48;49;50;60;61;62;69;70;72;125;126;127		rcsb_pocket_unoccupied_experimental_fixed_per_construct	False	True	False	17.0	134.0	1.0	0.0	0.058823529411764705	0.058823529411764705	0.11764705882352941	0.058823529411764705	0.0	0.11764705882352941	0.058823529411764705	0.058823529411764705	0.0	0.0	0.0	0.11764705882352941	0.058823529411764705	0.0	0.11764705882352941	0.058823529411764705	0.0	0.058823529411764705	0.058823529411764705	0.0	0.0	0.5895522388059702	0.208955223880597	0.19402985074626866	0.007462686567164179	0.0	0.0	0.0	7.871873579349057	12.962213165265842	21.699	17.668	15.486	6.481904982326774	3.644198133582501	2.582851411238149	0.029411764705882353	0.18382352941176472	0.1323529411764706	0.19117647058823528	0.13970588235294118	0.20588235294117646	0.09558823529411764	0.022058823529411766	0.0	0.34558823529411764	5.529411764705882	1.7529016971472164
RCSB-6QLT-J5W-KD:S3	RCSB-6QLT-J5W-KD	S3	construct-011-4f6fb808c4a8	4f6fb808c4a82020b43c250bf9d4643eb416c379f5db1f8b1ec12c3b9239f487	P17931	6QLT	J5W	SPWDDLPVHYIRJF-IFLJBQAJSA-N	Cc1ccc(S[C@@H]2O[C@H](CO)[C@H](O)[C@H](n3cc(-c4ccccc4F)nn3)[C@H]2O)cc1	4.036212172654444	6F2Q	558e852858852d54f044708cfc20226f84080f69faf65755417a7c14f3443d13	1	A	6QLR	J4N	32;33;34;36;46;48;49;50;60;61;62;69;70;72;125;126;127	32;33;34;36;46;48;49;50;60;61;62;69;70;72;125;126;127		rcsb_pocket_unoccupied_experimental_fixed_per_construct	False	True	False	17.0	134.0	1.0	0.0	0.058823529411764705	0.058823529411764705	0.11764705882352941	0.058823529411764705	0.0	0.11764705882352941	0.058823529411764705	0.058823529411764705	0.0	0.0	0.0	0.11764705882352941	0.058823529411764705	0.0	0.11764705882352941	0.058823529411764705	0.0	0.058823529411764705	0.058823529411764705	0.0	0.0	0.5895522388059702	0.208955223880597	0.19402985074626866	0.007462686567164179	0.0	0.0	0.0	7.871873579349057	12.962213165265842	21.699	17.668	15.486	6.481904982326774	3.644198133582501	2.582851411238149	0.029411764705882353	0.18382352941176472	0.1323529411764706	0.19117647058823528	0.13970588235294118	0.20588235294117646	0.09558823529411764	0.022058823529411766	0.0	0.34558823529411764	5.529411764705882	1.7529016971472164
RCSB-6QLQ-J4E-KD:S3	RCSB-6QLQ-J4E-KD	S3	construct-011-4f6fb808c4a8	4f6fb808c4a82020b43c250bf9d4643eb416c379f5db1f8b1ec12c3b9239f487	P17931	6QLQ	J4E	LEJGTTBPRKJROI-IFLJBQAJSA-N	Cc1ccc(S[C@@H]2O[C@H](CO)[C@H](O)[C@H](n3cc(-c4ccc(F)cc4)nn3)[C@H]2O)cc1	4.508638306165727	6F2Q	558e852858852d54f044708cfc20226f84080f69faf65755417a7c14f3443d13	1	A	6QLR	J4N	32;33;34;36;46;48;49;50;60;61;62;69;70;72;125;126;127	32;33;34;36;46;48;49;50;60;61;62;69;70;72;125;126;127		rcsb_pocket_unoccupied_experimental_fixed_per_construct	False	True	False	17.0	134.0	1.0	0.0	0.058823529411764705	0.058823529411764705	0.11764705882352941	0.058823529411764705	0.0	0.11764705882352941	0.058823529411764705	0.058823529411764705	0.0	0.0	0.0	0.11764705882352941	0.058823529411764705	0.0	0.11764705882352941	0.058823529411764705	0.0	0.058823529411764705	0.058823529411764705	0.0	0.0	0.5895522388059702	0.208955223880597	0.19402985074626866	0.007462686567164179	0.0	0.0	0.0	7.871873579349057	12.962213165265842	21.699	17.668	15.486	6.481904982326774	3.644198133582501	2.582851411238149	0.029411764705882353	0.18382352941176472	0.1323529411764706	0.19117647058823528	0.13970588235294118	0.20588235294117646	0.09558823529411764	0.022058823529411766	0.0	0.34558823529411764	5.529411764705882	1.7529016971472164
RCSB-6QLN-J5Q-KD:S3	RCSB-6QLN-J5Q-KD	S3	construct-011-4f6fb808c4a8	4f6fb808c4a82020b43c250bf9d4643eb416c379f5db1f8b1ec12c3b9239f487	P17931	6QLN	J5Q	LTAMTECRMDNLJJ-IFLJBQAJSA-N	Cc1ccc(S[C@@H]2O[C@H](CO)[C@H](O)[C@H](n3cc(-c4cccc(F)c4)nn3)[C@H]2O)cc1	4.657577319177793	6F2Q	558e852858852d54f044708cfc20226f84080f69faf65755417a7c14f3443d13	1	A	6QLR	J4N	32;33;34;36;46;48;49;50;60;61;62;69;70;72;125;126;127	32;33;34;36;46;48;49;50;60;61;62;69;70;72;125;126;127		rcsb_pocket_unoccupied_experimental_fixed_per_construct	False	True	False	17.0	134.0	1.0	0.0	0.058823529411764705	0.058823529411764705	0.11764705882352941	0.058823529411764705	0.0	0.11764705882352941	0.058823529411764705	0.058823529411764705	0.0	0.0	0.0	0.11764705882352941	0.058823529411764705	0.0	0.11764705882352941	0.058823529411764705	0.0	0.058823529411764705	0.058823529411764705	0.0	0.0	0.5895522388059702	0.208955223880597	0.19402985074626866	0.007462686567164179	0.0	0.0	0.0	7.871873579349057	12.962213165265842	21.699	17.668	15.486	6.481904982326774	3.644198133582501	2.582851411238149	0.029411764705882353	0.18382352941176472	0.1323529411764706	0.19117647058823528	0.13970588235294118	0.20588235294117646	0.09558823529411764	0.022058823529411766	0.0	0.34558823529411764	5.529411764705882	1.7529016971472164
RCSB-6QLU-J62-KD:S3	RCSB-6QLU-J62-KD	S3	construct-011-4f6fb808c4a8	4f6fb808c4a82020b43c250bf9d4643eb416c379f5db1f8b1ec12c3b9239f487	P17931	6QLU	J62	YMMGKBVLXHTWGR-CTWRKMMKSA-N	Cc1ccc(S[C@@H]2O[C@H](CO)[C@H](O)[C@H](n3cc(-c4ccc(F)c(C)c4)nn3)[C@H]2O)cc1	4.638272163982407	6F2Q	558e852858852d54f044708cfc20226f84080f69faf65755417a7c14f3443d13	1	A	6QLR	J4N	32;33;34;36;46;48;49;50;60;61;62;69;70;72;125;126;127	32;33;34;36;46;48;49;50;60;61;62;69;70;72;125;126;127		rcsb_pocket_unoccupied_experimental_fixed_per_construct	False	True	False	17.0	134.0	1.0	0.0	0.058823529411764705	0.058823529411764705	0.11764705882352941	0.058823529411764705	0.0	0.11764705882352941	0.058823529411764705	0.058823529411764705	0.0	0.0	0.0	0.11764705882352941	0.058823529411764705	0.0	0.11764705882352941	0.058823529411764705	0.0	0.058823529411764705	0.058823529411764705	0.0	0.0	0.5895522388059702	0.208955223880597	0.19402985074626866	0.007462686567164179	0.0	0.0	0.0	7.871873579349057	12.962213165265842	21.699	17.668	15.486	6.481904982326774	3.644198133582501	2.582851411238149	0.029411764705882353	0.18382352941176472	0.1323529411764706	0.19117647058823528	0.13970588235294118	0.20588235294117646	0.09558823529411764	0.022058823529411766	0.0	0.34558823529411764	5.529411764705882	1.7529016971472164
RCSB-8WGS-WGH-KD:S3	RCSB-8WGS-WGH-KD	S3	construct-013-989a0da4f5c7	989a0da4f5c71b0c05ffa31bdbac60d3af0d2680d91b8ba192341edbf8dc2635	P02766	8WGS	WGH	CIPAOTDUDSOTHT-UHFFFAOYSA-N	CCc1oc2cccc(I)c2c1C(=O)c1cc(I)c(O)c(I)c1	6.920818753952375	8W2W	4db7c34c8f3c761fa87c8cc0818729f223a1dbaef5e4f5026352e23ab6db41b2	1	A	7ERK	1N1	33;35;37;72;74;76;126;128;129;130;137;138;139;141	33;35;37;72;74;76;126;128;129;130;137;138;139;141		rcsb_pocket_unoccupied_experimental_fixed_per_construct	False	True	False	14.0	102.0	1.0	0.0	0.14285714285714285	0.0	0.0	0.07142857142857142	0.0	0.0	0.07142857142857142	0.0	0.07142857142857142	0.14285714285714285	0.07142857142857142	0.0	0.0	0.0	0.0	0.14285714285714285	0.21428571428571427	0.07142857142857142	0.0	0.0	0.0	0.6176470588235294	0.16666666666666666	0.20588235294117646	0.00980392156862745	0.0	0.0	0.0	7.744825068229911	12.42121039502829	20.42987	17.90024	13.55831	6.071078304497881	4.320231703606158	2.1118526428929236	0.01098901098901099	0.1978021978021978	0.16483516483516483	0.14285714285714285	0.14285714285714285	0.24175824175824176	0.0989010989010989	0.0	0.0	0.37362637362637363	4.857142857142857	1.8844151368961315
RCSB-8II2-R75-KD:S3	RCSB-8II2-R75-KD	S3	construct-013-989a0da4f5c7	989a0da4f5c71b0c05ffa31bdbac60d3af0d2680d91b8ba192341edbf8dc2635	P02766	8II2	R75	WHQCHUCQKNIQEC-UHFFFAOYSA-N	CCc1oc2ccccc2c1C(=O)c1cc(Br)c(O)c(Br)c1	6.698970004336019	8W2W	4db7c34c8f3c761fa87c8cc0818729f223a1dbaef5e4f5026352e23ab6db41b2	1	A	7ERK	1N1	33;35;37;72;74;76;126;128;129;130;137;138;139;141	33;35;37;72;74;76;126;128;129;130;137;138;139;141		rcsb_pocket_unoccupied_experimental_fixed_per_construct	False	True	False	14.0	102.0	1.0	0.0	0.14285714285714285	0.0	0.0	0.07142857142857142	0.0	0.0	0.07142857142857142	0.0	0.07142857142857142	0.14285714285714285	0.07142857142857142	0.0	0.0	0.0	0.0	0.14285714285714285	0.21428571428571427	0.07142857142857142	0.0	0.0	0.0	0.6176470588235294	0.16666666666666666	0.20588235294117646	0.00980392156862745	0.0	0.0	0.0	7.744825068229911	12.42121039502829	20.42987	17.90024	13.55831	6.071078304497881	4.320231703606158	2.1118526428929236	0.01098901098901099	0.1978021978021978	0.16483516483516483	0.14285714285714285	0.14285714285714285	0.24175824175824176	0.0989010989010989	0.0	0.0	0.37362637362637363	4.857142857142857	1.8844151368961315
RCSB-8II3-PKK-KD:S3	RCSB-8II3-PKK-KD	S3	construct-013-989a0da4f5c7	989a0da4f5c71b0c05ffa31bdbac60d3af0d2680d91b8ba192341edbf8dc2635	P02766	8II3	PKK	YOSYHCQGAMQBMM-UHFFFAOYSA-N	CCc1oc2cc(O)ccc2c1C(=O)c1cc(I)c(O)c(I)c1	6.3872161432802645	8W2W	4db7c34c8f3c761fa87c8cc0818729f223a1dbaef5e4f5026352e23ab6db41b2	1	A	7ERK	1N1	33;35;37;72;74;76;126;128;129;130;137;138;139;141	33;35;37;72;74;76;126;128;129;130;137;138;139;141		rcsb_pocket_unoccupied_experimental_fixed_per_construct	False	True	False	14.0	102.0	1.0	0.0	0.14285714285714285	0.0	0.0	0.07142857142857142	0.0	0.0	0.07142857142857142	0.0	0.07142857142857142	0.14285714285714285	0.07142857142857142	0.0	0.0	0.0	0.0	0.14285714285714285	0.21428571428571427	0.07142857142857142	0.0	0.0	0.0	0.6176470588235294	0.16666666666666666	0.20588235294117646	0.00980392156862745	0.0	0.0	0.0	7.744825068229911	12.42121039502829	20.42987	17.90024	13.55831	6.071078304497881	4.320231703606158	2.1118526428929236	0.01098901098901099	0.1978021978021978	0.16483516483516483	0.14285714285714285	0.14285714285714285	0.24175824175824176	0.0989010989010989	0.0	0.0	0.37362637362637363	4.857142857142857	1.8844151368961315
RCSB-8WGT-WGJ-KD:S3	RCSB-8WGT-WGJ-KD	S3	construct-013-989a0da4f5c7	989a0da4f5c71b0c05ffa31bdbac60d3af0d2680d91b8ba192341edbf8dc2635	P02766	8WGT	WGJ	IRLOWOFOTVYBRR-UHFFFAOYSA-N	CCc1oc2c(Cl)ccc(Cl)c2c1C(=O)c1cc(I)c(O)c(I)c1	7.275724130399211	8W2W	4db7c34c8f3c761fa87c8cc0818729f223a1dbaef5e4f5026352e23ab6db41b2	1	A	7ERK	1N1	33;35;37;72;74;76;126;128;129;130;137;138;139;141	33;35;37;72;74;76;126;128;129;130;137;138;139;141		rcsb_pocket_unoccupied_experimental_fixed_per_construct	False	True	False	14.0	102.0	1.0	0.0	0.14285714285714285	0.0	0.0	0.07142857142857142	0.0	0.0	0.07142857142857142	0.0	0.07142857142857142	0.14285714285714285	0.07142857142857142	0.0	0.0	0.0	0.0	0.14285714285714285	0.21428571428571427	0.07142857142857142	0.0	0.0	0.0	0.6176470588235294	0.16666666666666666	0.20588235294117646	0.00980392156862745	0.0	0.0	0.0	7.744825068229911	12.42121039502829	20.42987	17.90024	13.55831	6.071078304497881	4.320231703606158	2.1118526428929236	0.01098901098901099	0.1978021978021978	0.16483516483516483	0.14285714285714285	0.14285714285714285	0.24175824175824176	0.0989010989010989	0.0	0.0	0.37362637362637363	4.857142857142857	1.8844151368961315
RCSB-8II4-PKQ-KD:S3	RCSB-8II4-PKQ-KD	S3	construct-013-989a0da4f5c7	989a0da4f5c71b0c05ffa31bdbac60d3af0d2680d91b8ba192341edbf8dc2635	P02766	8II4	PKQ	FEXBXMFVRKZOOZ-UHFFFAOYSA-N	CCc1oc2cc(O)ccc2c1C(=O)c1cc(Br)c(O)c(Br)c1	6.154901959985743	8W2W	4db7c34c8f3c761fa87c8cc0818729f223a1dbaef5e4f5026352e23ab6db41b2	1	A	7ERK	1N1	33;35;37;72;74;76;126;128;129;130;137;138;139;141	33;35;37;72;74;76;126;128;129;130;137;138;139;141		rcsb_pocket_unoccupied_experimental_fixed_per_construct	False	True	False	14.0	102.0	1.0	0.0	0.14285714285714285	0.0	0.0	0.07142857142857142	0.0	0.0	0.07142857142857142	0.0	0.07142857142857142	0.14285714285714285	0.07142857142857142	0.0	0.0	0.0	0.0	0.14285714285714285	0.21428571428571427	0.07142857142857142	0.0	0.0	0.0	0.6176470588235294	0.16666666666666666	0.20588235294117646	0.00980392156862745	0.0	0.0	0.0	7.744825068229911	12.42121039502829	20.42987	17.90024	13.55831	6.071078304497881	4.320231703606158	2.1118526428929236	0.01098901098901099	0.1978021978021978	0.16483516483516483	0.14285714285714285	0.14285714285714285	0.24175824175824176	0.0989010989010989	0.0	0.0	0.37362637362637363	4.857142857142857	1.8844151368961315
RCSB-6FTZ-E7E-KD:S3	RCSB-6FTZ-E7E-KD	S3	construct-014-d42e073edd05	d42e073edd056c1ef440ee068596dffdb0ebd33b818916dda91aee772ab00ecd	P00746	6FTZ	E7E	BDFMFQJHWMAJCS-UHFFFAOYSA-N	NCc1cccc(NC(=O)c2cccc3[nH]c(C(N)=O)cc23)c1	3.0	1DST	14a496199a77f1a4d0ff62da731f9d49567cf65046e938a599ceb1f17ed0b43f	1	A	5FBI	5WD	130;177;178;179;180;181;182;183;197;198;199;200;201;202;203;204;212	130;177;178;179;180;181;182;183;197;198;199;200;201;202;203;204;212		rcsb_pocket_unoccupied_experimental_fixed_per_construct	False	True	False	17.0	124.0	1.0	0.0	0.0	0.11764705882352941	0.11764705882352941	0.0	0.0	0.11764705882352941	0.0	0.11764705882352941	0.058823529411764705	0.0	0.0	0.0	0.0	0.0	0.058823529411764705	0.23529411764705882	0.0	0.11764705882352941	0.058823529411764705	0.0	0.0	0.6048387096774194	0.1774193548387097	0.20161290322580644	0.016129032258064516	0.0	0.0	0.0	7.035735133873677	12.263926404040332	19.7	17.318000000000005	16.109	4.8261411008576465	3.902842586797716	3.3132688830390915	0.029411764705882353	0.19852941176470587	0.16911764705882354	0.25	0.15441176470588236	0.19117647058823528	0.007352941176470588	0.0	0.0	0.39705882352941174	6.352941176470588	2.633297563011693
RCSB-6FUH-E88-KD:S3	RCSB-6FUH-E88-KD	S3	construct-014-d42e073edd05	d42e073edd056c1ef440ee068596dffdb0ebd33b818916dda91aee772ab00ecd	P00746	6FUH	E88	SBAJWMCMBZQORT-KRWDZBQOSA-N	CC(C)[C@H](Nc1nc(Nc2cccc(CN)c2)c2ccccc2n1)C(=O)O	3.769551078621726	1DST	14a496199a77f1a4d0ff62da731f9d49567cf65046e938a599ceb1f17ed0b43f	1	A	5FBI	5WD	130;177;178;179;180;181;182;183;197;198;199;200;201;202;203;204;212	130;177;178;179;180;181;182;183;197;198;199;200;201;202;203;204;212		rcsb_pocket_unoccupied_experimental_fixed_per_construct	False	True	False	17.0	124.0	1.0	0.0	0.0	0.11764705882352941	0.11764705882352941	0.0	0.0	0.11764705882352941	0.0	0.11764705882352941	0.058823529411764705	0.0	0.0	0.0	0.0	0.0	0.058823529411764705	0.23529411764705882	0.0	0.11764705882352941	0.058823529411764705	0.0	0.0	0.6048387096774194	0.1774193548387097	0.20161290322580644	0.016129032258064516	0.0	0.0	0.0	7.035735133873677	12.263926404040332	19.7	17.318000000000005	16.109	4.8261411008576465	3.902842586797716	3.3132688830390915	0.029411764705882353	0.19852941176470587	0.16911764705882354	0.25	0.15441176470588236	0.19117647058823528	0.007352941176470588	0.0	0.0	0.39705882352941174	6.352941176470588	2.633297563011693
RCSB-6FUG-E85-KD:S3	RCSB-6FUG-E85-KD	S3	construct-014-d42e073edd05	d42e073edd056c1ef440ee068596dffdb0ebd33b818916dda91aee772ab00ecd	P00746	6FUG	E85	OUMZUIUUJCKLOT-UHFFFAOYSA-N	NCc1cccc(Nc2n[nH]c3ncnc(Nc4cccc(O)c4)c23)c1	4.301029995663981	1DST	14a496199a77f1a4d0ff62da731f9d49567cf65046e938a599ceb1f17ed0b43f	1	A	5FBI	5WD	130;177;178;179;180;181;182;183;197;198;199;200;201;202;203;204;212	130;177;178;179;180;181;182;183;197;198;199;200;201;202;203;204;212		rcsb_pocket_unoccupied_experimental_fixed_per_construct	False	True	False	17.0	124.0	1.0	0.0	0.0	0.11764705882352941	0.11764705882352941	0.0	0.0	0.11764705882352941	0.0	0.11764705882352941	0.058823529411764705	0.0	0.0	0.0	0.0	0.0	0.058823529411764705	0.23529411764705882	0.0	0.11764705882352941	0.058823529411764705	0.0	0.0	0.6048387096774194	0.1774193548387097	0.20161290322580644	0.016129032258064516	0.0	0.0	0.0	7.035735133873677	12.263926404040332	19.7	17.318000000000005	16.109	4.8261411008576465	3.902842586797716	3.3132688830390915	0.029411764705882353	0.19852941176470587	0.16911764705882354	0.25	0.15441176470588236	0.19117647058823528	0.007352941176470588	0.0	0.0	0.39705882352941174	6.352941176470588	2.633297563011693
RCSB-5MT4-M7O-KD:S3	RCSB-5MT4-M7O-KD	S3	construct-014-d42e073edd05	d42e073edd056c1ef440ee068596dffdb0ebd33b818916dda91aee772ab00ecd	P00746	5MT4	M7O	QCLRLHJAKXQKSY-UHFFFAOYSA-N	O=C(NCc1ccccc1)Nc1ccccc1C(=O)O	3.3010299956639813	1DST	14a496199a77f1a4d0ff62da731f9d49567cf65046e938a599ceb1f17ed0b43f	1	A	5FBI	5WD	130;177;178;179;180;181;182;183;197;198;199;200;201;202;203;204;212	130;177;178;179;180;181;182;183;197;198;199;200;201;202;203;204;212		rcsb_pocket_unoccupied_experimental_fixed_per_construct	False	True	False	17.0	124.0	1.0	0.0	0.0	0.11764705882352941	0.11764705882352941	0.0	0.0	0.11764705882352941	0.0	0.11764705882352941	0.058823529411764705	0.0	0.0	0.0	0.0	0.0	0.058823529411764705	0.23529411764705882	0.0	0.11764705882352941	0.058823529411764705	0.0	0.0	0.6048387096774194	0.1774193548387097	0.20161290322580644	0.016129032258064516	0.0	0.0	0.0	7.035735133873677	12.263926404040332	19.7	17.318000000000005	16.109	4.8261411008576465	3.902842586797716	3.3132688830390915	0.029411764705882353	0.19852941176470587	0.16911764705882354	0.25	0.15441176470588236	0.19117647058823528	0.007352941176470588	0.0	0.0	0.39705882352941174	6.352941176470588	2.633297563011693
RCSB-6FUI-E7W-KD:S3	RCSB-6FUI-E7W-KD	S3	construct-014-d42e073edd05	d42e073edd056c1ef440ee068596dffdb0ebd33b818916dda91aee772ab00ecd	P00746	6FUI	E7W	HGCXJWRMCKMKEG-MJGOQNOKSA-N	NCc1cccc(Nc2nc(N[C@H]3CCCC[C@H]3C(=O)O)nc3ccccc23)c1	4.455931955649724	1DST	14a496199a77f1a4d0ff62da731f9d49567cf65046e938a599ceb1f17ed0b43f	1	A	5FBI	5WD	130;177;178;179;180;181;182;183;197;198;199;200;201;202;203;204;212	130;177;178;179;180;181;182;183;197;198;199;200;201;202;203;204;212		rcsb_pocket_unoccupied_experimental_fixed_per_construct	False	True	False	17.0	124.0	1.0	0.0	0.0	0.11764705882352941	0.11764705882352941	0.0	0.0	0.11764705882352941	0.0	0.11764705882352941	0.058823529411764705	0.0	0.0	0.0	0.0	0.0	0.058823529411764705	0.23529411764705882	0.0	0.11764705882352941	0.058823529411764705	0.0	0.0	0.6048387096774194	0.1774193548387097	0.20161290322580644	0.016129032258064516	0.0	0.0	0.0	7.035735133873677	12.263926404040332	19.7	17.318000000000005	16.109	4.8261411008576465	3.902842586797716	3.3132688830390915	0.029411764705882353	0.19852941176470587	0.16911764705882354	0.25	0.15441176470588236	0.19117647058823528	0.007352941176470588	0.0	0.0	0.39705882352941174	6.352941176470588	2.633297563011693
RCSB-5LLE-V51-KD:S3	RCSB-5LLE-V51-KD	S3	construct-015-e6a24c903c1e	e6a24c903c1ef211037c64a6835a8a484f48b17be1cae50d6998913f21acf7d4	P00918	5LLE	V51	JWHCFABOVLDALW-IGOHWLOGSA-N	NS(=O)(=O)c1c(F)c(F)c(NC23CC4CC(CC(C4)C2)C3)c(F)c1F	8.301029995663981	7Y2J	236bddcb0ae7a91e9be6041672a98b447f71e202822fba16d1c53b5458e1ce97	1	A	4HT0	V50	91;92;94;96;106;119;121;130;131;134;135;140;142;196;197;198;199;200;201;202;203;206;208	91;92;94;96;106;119;121;130;131;134;135;140;142;196;197;198;199;200;201;202;203;206;208		rcsb_pocket_unoccupied_experimental_fixed_per_construct	False	True	False	23.0	188.0	1.0	0.0	0.0	0.0	0.0	0.043478260869565216	0.043478260869565216	0.043478260869565216	0.13043478260869565	0.043478260869565216	0.0	0.17391304347826086	0.0	0.0	0.08695652173913043	0.08695652173913043	0.0	0.043478260869565216	0.08695652173913043	0.17391304347826086	0.043478260869565216	0.0	0.0	0.6702127659574468	0.1702127659574468	0.1595744680851064	0.0	0.0	0.0	0.0	8.605899878521244	14.985140873155476	26.132	18.107	17.162	6.050517615682296	4.830553744051373	3.7574592249659107	0.003952569169960474	0.1225296442687747	0.10276679841897234	0.15019762845849802	0.17391304347826086	0.34782608695652173	0.07905138339920949	0.019762845849802372	0.0	0.22924901185770752	5.043478260869565	1.6544606600382998
RCSB-6GOT-F6W-KD:S3	RCSB-6GOT-F6W-KD	S3	construct-015-e6a24c903c1e	e6a24c903c1ef211037c64a6835a8a484f48b17be1cae50d6998913f21acf7d4	P00918	6GOT	F6W	BIDLYFNXVUUEMA-UHFFFAOYSA-N	NS(=O)(=O)c1ccc(SCCc2ccccc2)cc1	7.6020599913279625	7Y2J	236bddcb0ae7a91e9be6041672a98b447f71e202822fba16d1c53b5458e1ce97	1	A	4HT0	V50	91;92;94;96;106;119;121;130;131;134;135;140;142;196;197;198;199;200;201;202;203;206;208	91;92;94;96;106;119;121;130;131;134;135;140;142;196;197;198;199;200;201;202;203;206;208		rcsb_pocket_unoccupied_experimental_fixed_per_construct	False	True	False	23.0	188.0	1.0	0.0	0.0	0.0	0.0	0.043478260869565216	0.043478260869565216	0.043478260869565216	0.13043478260869565	0.043478260869565216	0.0	0.17391304347826086	0.0	0.0	0.08695652173913043	0.08695652173913043	0.0	0.043478260869565216	0.08695652173913043	0.17391304347826086	0.043478260869565216	0.0	0.0	0.6702127659574468	0.1702127659574468	0.1595744680851064	0.0	0.0	0.0	0.0	8.605899878521244	14.985140873155476	26.132	18.107	17.162	6.050517615682296	4.830553744051373	3.7574592249659107	0.003952569169960474	0.1225296442687747	0.10276679841897234	0.15019762845849802	0.17391304347826086	0.34782608695652173	0.07905138339920949	0.019762845849802372	0.0	0.22924901185770752	5.043478260869565	1.6544606600382998
RCSB-5LLG-VD9-KD:S3	RCSB-5LLG-VD9-KD	S3	construct-015-e6a24c903c1e	e6a24c903c1ef211037c64a6835a8a484f48b17be1cae50d6998913f21acf7d4	P00918	5LLG	VD9	QFWWUTSCPNTDPO-UHFFFAOYSA-N	CCCSc1ccc(S(N)(=O)=O)cc1	7.886056647693163	7Y2J	236bddcb0ae7a91e9be6041672a98b447f71e202822fba16d1c53b5458e1ce97	1	A	4HT0	V50	91;92;94;96;106;119;121;130;131;134;135;140;142;196;197;198;199;200;201;202;203;206;208	91;92;94;96;106;119;121;130;131;134;135;140;142;196;197;198;199;200;201;202;203;206;208		rcsb_pocket_unoccupied_experimental_fixed_per_construct	False	True	False	23.0	188.0	1.0	0.0	0.0	0.0	0.0	0.043478260869565216	0.043478260869565216	0.043478260869565216	0.13043478260869565	0.043478260869565216	0.0	0.17391304347826086	0.0	0.0	0.08695652173913043	0.08695652173913043	0.0	0.043478260869565216	0.08695652173913043	0.17391304347826086	0.043478260869565216	0.0	0.0	0.6702127659574468	0.1702127659574468	0.1595744680851064	0.0	0.0	0.0	0.0	8.605899878521244	14.985140873155476	26.132	18.107	17.162	6.050517615682296	4.830553744051373	3.7574592249659107	0.003952569169960474	0.1225296442687747	0.10276679841897234	0.15019762845849802	0.17391304347826086	0.34782608695652173	0.07905138339920949	0.019762845849802372	0.0	0.22924901185770752	5.043478260869565	1.6544606600382998
RCSB-4QSB-EWY-KD:S3	RCSB-4QSB-EWY-KD	S3	construct-015-e6a24c903c1e	e6a24c903c1ef211037c64a6835a8a484f48b17be1cae50d6998913f21acf7d4	P00918	4QSB	EWY	NYRNFJQJOXIJHL-UHFFFAOYSA-N	Cc1cc(=O)[nH]c(SCC(=O)c2cccc(S(N)(=O)=O)c2)n1	5.903089986991944	7Y2J	236bddcb0ae7a91e9be6041672a98b447f71e202822fba16d1c53b5458e1ce97	1	A	4HT0	V50	91;92;94;96;106;119;121;130;131;134;135;140;142;196;197;198;199;200;201;202;203;206;208	91;92;94;96;106;119;121;130;131;134;135;140;142;196;197;198;199;200;201;202;203;206;208		rcsb_pocket_unoccupied_experimental_fixed_per_construct	False	True	False	23.0	188.0	1.0	0.0	0.0	0.0	0.0	0.043478260869565216	0.043478260869565216	0.043478260869565216	0.13043478260869565	0.043478260869565216	0.0	0.17391304347826086	0.0	0.0	0.08695652173913043	0.08695652173913043	0.0	0.043478260869565216	0.08695652173913043	0.17391304347826086	0.043478260869565216	0.0	0.0	0.6702127659574468	0.1702127659574468	0.1595744680851064	0.0	0.0	0.0	0.0	8.605899878521244	14.985140873155476	26.132	18.107	17.162	6.050517615682296	4.830553744051373	3.7574592249659107	0.003952569169960474	0.1225296442687747	0.10276679841897234	0.15019762845849802	0.17391304347826086	0.34782608695652173	0.07905138339920949	0.019762845849802372	0.0	0.22924901185770752	5.043478260869565	1.6544606600382998
RCSB-7AVT-S3T-KD:S3	RCSB-7AVT-S3T-KD	S3	construct-017-11db684aee95	11db684aee95db542900a23de058467ceecfc6e98d1a0d124d73ce486cc9a27e	Q07889	7AVT	S3T	MNDALSIIIRYSTC-LLVKDONJSA-N	COc1cc2nc(C)nc(N[C@H](C)c3cccc(N)c3)c2cc1OC	6.910094888560602	2II0	bc5188f5488d91c0815f9e0fb8aca4269c6310db22dcb312097fbcab478be947	1	A	7AVL	S2Z	315;316;319;320;321;325;331;339;342;343;344;345;346;347;350	315;316;319;320;321;325;331;339;342;343;344;345;346;347;350		rcsb_pocket_unoccupied_experimental_fixed_per_construct	False	True	False	15.0	127.0	1.0	0.0	0.06666666666666667	0.0	0.0	0.26666666666666666	0.06666666666666667	0.0	0.06666666666666667	0.0	0.06666666666666667	0.06666666666666667	0.06666666666666667	0.06666666666666667	0.0	0.0	0.0	0.06666666666666667	0.0	0.13333333333333333	0.0	0.06666666666666667	0.0	0.6377952755905512	0.14960629921259844	0.2047244094488189	0.007874015748031496	0.0	0.0	0.0	7.787203258726536	12.489635561947779	22.038000000000004	19.569000000000003	17.008	5.616060356805086	4.373984710459595	3.1573182313649006	0.0	0.1619047619047619	0.18095238095238095	0.10476190476190476	0.22857142857142856	0.2571428571428571	0.06666666666666667	0.0	0.0	0.34285714285714286	4.8	1.8330302779823358
RCSB-7AVS-S3Q-KD:S3	RCSB-7AVS-S3Q-KD	S3	construct-017-11db684aee95	11db684aee95db542900a23de058467ceecfc6e98d1a0d124d73ce486cc9a27e	Q07889	7AVS	S3Q	UWEJNKMEGIGAGY-LLVKDONJSA-N	COc1cc2nc(C)nc(N[C@H](C)c3cccc(C(F)(F)F)c3)c2cc1OC	6.982966660701219	2II0	bc5188f5488d91c0815f9e0fb8aca4269c6310db22dcb312097fbcab478be947	1	A	7AVL	S2Z	315;316;319;320;321;325;331;339;342;343;344;345;346;347;350	315;316;319;320;321;325;331;339;342;343;344;345;346;347;350		rcsb_pocket_unoccupied_experimental_fixed_per_construct	False	True	False	15.0	127.0	1.0	0.0	0.06666666666666667	0.0	0.0	0.26666666666666666	0.06666666666666667	0.0	0.06666666666666667	0.0	0.06666666666666667	0.06666666666666667	0.06666666666666667	0.06666666666666667	0.0	0.0	0.0	0.06666666666666667	0.0	0.13333333333333333	0.0	0.06666666666666667	0.0	0.6377952755905512	0.14960629921259844	0.2047244094488189	0.007874015748031496	0.0	0.0	0.0	7.787203258726536	12.489635561947779	22.038000000000004	19.569000000000003	17.008	5.616060356805086	4.373984710459595	3.1573182313649006	0.0	0.1619047619047619	0.18095238095238095	0.10476190476190476	0.22857142857142856	0.2571428571428571	0.06666666666666667	0.0	0.0	0.34285714285714286	4.8	1.8330302779823358
RCSB-7AVU-S3Z-KD:S3	RCSB-7AVU-S3Z-KD	S3	construct-017-11db684aee95	11db684aee95db542900a23de058467ceecfc6e98d1a0d124d73ce486cc9a27e	Q07889	7AVU	S3Z	UCSYKUAZQWUWGJ-SNVBAGLBSA-N	COc1cc2nc(C)nc(N[C@H](C)c3cc(N)cc(C(F)(F)F)c3)c2cc1OC	7.795880017344075	2II0	bc5188f5488d91c0815f9e0fb8aca4269c6310db22dcb312097fbcab478be947	1	A	7AVL	S2Z	315;316;319;320;321;325;331;339;342;343;344;345;346;347;350	315;316;319;320;321;325;331;339;342;343;344;345;346;347;350		rcsb_pocket_unoccupied_experimental_fixed_per_construct	False	True	False	15.0	127.0	1.0	0.0	0.06666666666666667	0.0	0.0	0.26666666666666666	0.06666666666666667	0.0	0.06666666666666667	0.0	0.06666666666666667	0.06666666666666667	0.06666666666666667	0.06666666666666667	0.0	0.0	0.0	0.06666666666666667	0.0	0.13333333333333333	0.0	0.06666666666666667	0.0	0.6377952755905512	0.14960629921259844	0.2047244094488189	0.007874015748031496	0.0	0.0	0.0	7.787203258726536	12.489635561947779	22.038000000000004	19.569000000000003	17.008	5.616060356805086	4.373984710459595	3.1573182313649006	0.0	0.1619047619047619	0.18095238095238095	0.10476190476190476	0.22857142857142856	0.2571428571428571	0.06666666666666667	0.0	0.0	0.34285714285714286	4.8	1.8330302779823358
RCSB-7AVV-S2W-KD:S3	RCSB-7AVV-S2W-KD	S3	construct-017-11db684aee95	11db684aee95db542900a23de058467ceecfc6e98d1a0d124d73ce486cc9a27e	Q07889	7AVV	S2W	CVDHTLSRRHNJAW-SNVBAGLBSA-N	Cc1nc(N[C@H](C)c2cc(N)cc(C(F)(F)F)c2)c2ccccc2n1	6.455931955649724	2II0	bc5188f5488d91c0815f9e0fb8aca4269c6310db22dcb312097fbcab478be947	1	A	7AVL	S2Z	315;316;319;320;321;325;331;339;342;343;344;345;346;347;350	315;316;319;320;321;325;331;339;342;343;344;345;346;347;350		rcsb_pocket_unoccupied_experimental_fixed_per_construct	False	True	False	15.0	127.0	1.0	0.0	0.06666666666666667	0.0	0.0	0.26666666666666666	0.06666666666666667	0.0	0.06666666666666667	0.0	0.06666666666666667	0.06666666666666667	0.06666666666666667	0.06666666666666667	0.0	0.0	0.0	0.06666666666666667	0.0	0.13333333333333333	0.0	0.06666666666666667	0.0	0.6377952755905512	0.14960629921259844	0.2047244094488189	0.007874015748031496	0.0	0.0	0.0	7.787203258726536	12.489635561947779	22.038000000000004	19.569000000000003	17.008	5.616060356805086	4.373984710459595	3.1573182313649006	0.0	0.1619047619047619	0.18095238095238095	0.10476190476190476	0.22857142857142856	0.2571428571428571	0.06666666666666667	0.0	0.0	0.34285714285714286	4.8	1.8330302779823358
RCSB-6PDH-OAV-KD:S3	RCSB-6PDH-OAV-KD	S3	construct-018-17684ef8ed95	17684ef8ed9582b1aad81bb33a2cecbe3d21031365dc007726680ba05869a483	P0AEG4	6PDH	OAV	ABKHTUJKHPJZLS-UHFFFAOYSA-N	CCN(CCn1cccn1)C(=O)Cc1ccc(Oc2ccc(C#N)c(C)c2)cc1	4.2076083105017466	1A2J	391d5ae47d064847adde557a0bf9f895c367398b267a83a5e9e26698d4b35131	1	A	6PBI	O6Y	30;32;35;36;39;40;148;149;150;151;163;164;168;170;171;174	30;32;35;36;39;40;148;149;150;151;163;164;168;170;171;174		rcsb_pocket_unoccupied_experimental_fixed_per_construct	False	True	False	16.0	130.0	1.0	0.0	0.0	0.0625	0.0	0.0	0.125	0.0625	0.0625	0.0	0.0	0.0625	0.0625	0.0625	0.125	0.125	0.0625	0.0	0.0625	0.125	0.0	0.0	0.0	0.6461538461538462	0.18461538461538463	0.15384615384615385	0.015384615384615385	0.0	0.0	0.0	9.64998706281746	18.16659577639245	26.652	20.74	16.851999999999997	7.642448826480435	5.335914580203982	2.498648002408248	0.016666666666666666	0.08333333333333333	0.11666666666666667	0.11666666666666667	0.11666666666666667	0.3416666666666667	0.10833333333333334	0.1	0.0	0.21666666666666667	3.25	1.1989578808281798
RCSB-6WHD-KFS-KD:S3	RCSB-6WHD-KFS-KD	S3	construct-018-17684ef8ed95	17684ef8ed9582b1aad81bb33a2cecbe3d21031365dc007726680ba05869a483	P0AEG4	6WHD	KFS	VDBBDYPELPDNGF-UHFFFAOYSA-N	Cc1cc(Oc2ccc(CC(=O)O)cc2)ccc1C#N	3.309803919971486	1A2J	391d5ae47d064847adde557a0bf9f895c367398b267a83a5e9e26698d4b35131	1	A	6PBI	O6Y	30;32;35;36;39;40;148;149;150;151;163;164;168;170;171;174	30;32;35;36;39;40;148;149;150;151;163;164;168;170;171;174		rcsb_pocket_unoccupied_experimental_fixed_per_construct	False	True	False	16.0	130.0	1.0	0.0	0.0	0.0625	0.0	0.0	0.125	0.0625	0.0625	0.0	0.0	0.0625	0.0625	0.0625	0.125	0.125	0.0625	0.0	0.0625	0.125	0.0	0.0	0.0	0.6461538461538462	0.18461538461538463	0.15384615384615385	0.015384615384615385	0.0	0.0	0.0	9.64998706281746	18.16659577639245	26.652	20.74	16.851999999999997	7.642448826480435	5.335914580203982	2.498648002408248	0.016666666666666666	0.08333333333333333	0.11666666666666667	0.11666666666666667	0.11666666666666667	0.3416666666666667	0.10833333333333334	0.1	0.0	0.21666666666666667	3.25	1.1989578808281798
RCSB-6PG1-O7P-KD:S3	RCSB-6PG1-O7P-KD	S3	construct-018-17684ef8ed95	17684ef8ed9582b1aad81bb33a2cecbe3d21031365dc007726680ba05869a483	P0AEG4	6PG1	O7P	WFOOODRZHBDNTB-UHFFFAOYSA-N	Cc1cc(Oc2ccc(CC(=O)N3CCN(C)C(=O)C3)cc2)ccc1C#N	3.3187587626244124	1A2J	391d5ae47d064847adde557a0bf9f895c367398b267a83a5e9e26698d4b35131	1	A	6PBI	O6Y	30;32;35;36;39;40;148;149;150;151;163;164;168;170;171;174	30;32;35;36;39;40;148;149;150;151;163;164;168;170;171;174		rcsb_pocket_unoccupied_experimental_fixed_per_construct	False	True	False	16.0	130.0	1.0	0.0	0.0	0.0625	0.0	0.0	0.125	0.0625	0.0625	0.0	0.0	0.0625	0.0625	0.0625	0.125	0.125	0.0625	0.0	0.0625	0.125	0.0	0.0	0.0	0.6461538461538462	0.18461538461538463	0.15384615384615385	0.015384615384615385	0.0	0.0	0.0	9.64998706281746	18.16659577639245	26.652	20.74	16.851999999999997	7.642448826480435	5.335914580203982	2.498648002408248	0.016666666666666666	0.08333333333333333	0.11666666666666667	0.11666666666666667	0.11666666666666667	0.3416666666666667	0.10833333333333334	0.1	0.0	0.21666666666666667	3.25	1.1989578808281798
RCSB-6PLI-ONY-KD:S3	RCSB-6PLI-ONY-KD	S3	construct-018-17684ef8ed95	17684ef8ed9582b1aad81bb33a2cecbe3d21031365dc007726680ba05869a483	P0AEG4	6PLI	ONY	IRHPSNSMVQKDNH-UHFFFAOYSA-N	Cc1nc(CCN(C)C(=O)Cc2ccc(Oc3ccc(C#N)c(C)c3)cc2)no1	3.638272163982407	1A2J	391d5ae47d064847adde557a0bf9f895c367398b267a83a5e9e26698d4b35131	1	A	6PBI	O6Y	30;32;35;36;39;40;148;149;150;151;163;164;168;170;171;174	30;32;35;36;39;40;148;149;150;151;163;164;168;170;171;174		rcsb_pocket_unoccupied_experimental_fixed_per_construct	False	True	False	16.0	130.0	1.0	0.0	0.0	0.0625	0.0	0.0	0.125	0.0625	0.0625	0.0	0.0	0.0625	0.0625	0.0625	0.125	0.125	0.0625	0.0	0.0625	0.125	0.0	0.0	0.0	0.6461538461538462	0.18461538461538463	0.15384615384615385	0.015384615384615385	0.0	0.0	0.0	9.64998706281746	18.16659577639245	26.652	20.74	16.851999999999997	7.642448826480435	5.335914580203982	2.498648002408248	0.016666666666666666	0.08333333333333333	0.11666666666666667	0.11666666666666667	0.11666666666666667	0.3416666666666667	0.10833333333333334	0.1	0.0	0.21666666666666667	3.25	1.1989578808281798
RCSB-5BOJ-4TX-KD:S3	RCSB-5BOJ-4TX-KD	S3	construct-019-1be38543a2db	1be38543a2db6ca4b3174a623300252e6f33aa0ea487c0c122a2d72db9e98cb4	P02766	5BOJ	4TX	HEMJJKBWTPKOJG-UHFFFAOYSA-N	Cc1ccc(C)c(OCCCC(C)(C)C(=O)O)c1	7.0	5FW6	ed4ba1dc68e2180313fd50a991c2735e81929cd518bb62b3d04e058794514cae	1	A	3P3R	3M1	13;15;17;54;106;107;108;109;110;117;118;119;120;121	13;15;17;54;106;107;108;109;110;117;118;119;120;121		rcsb_pocket_unoccupied_experimental_fixed_per_construct	False	True	False	14.0	101.0	1.0	0.0	0.14285714285714285	0.0	0.0	0.07142857142857142	0.0	0.0	0.0	0.07142857142857142	0.07142857142857142	0.14285714285714285	0.07142857142857142	0.0	0.0	0.0	0.0	0.07142857142857142	0.21428571428571427	0.14285714285714285	0.0	0.0	0.0	0.6435643564356436	0.1485148514851485	0.19801980198019803	0.009900990099009901	0.0	0.0	0.0	6.717792343690287	10.73038051964436	18.081	16.209000000000003	11.338000000000001	4.7243032777821865	4.243529430250589	2.191380954347612	0.01098901098901099	0.21978021978021978	0.25274725274725274	0.14285714285714285	0.17582417582417584	0.1978021978021978	0.0	0.0	0.0	0.4835164835164835	6.285714285714286	2.2497165354319457
RCSB-4WO0-AGI-KD:S3	RCSB-4WO0-AGI-KD	S3	construct-019-1be38543a2db	1be38543a2db6ca4b3174a623300252e6f33aa0ea487c0c122a2d72db9e98cb4	P02766	4WO0	AGI	KZNIFHPLKGYRTM-UHFFFAOYSA-N	O=c1cc(-c2ccc(O)cc2)oc2cc(O)cc(O)c12	6.6020599913279625	5FW6	ed4ba1dc68e2180313fd50a991c2735e81929cd518bb62b3d04e058794514cae	1	A	3P3R	3M1	13;15;17;54;106;107;108;109;110;117;118;119;120;121	13;15;17;54;106;107;108;109;110;117;118;119;120;121		rcsb_pocket_unoccupied_experimental_fixed_per_construct	False	True	False	14.0	101.0	1.0	0.0	0.14285714285714285	0.0	0.0	0.07142857142857142	0.0	0.0	0.0	0.07142857142857142	0.07142857142857142	0.14285714285714285	0.07142857142857142	0.0	0.0	0.0	0.0	0.07142857142857142	0.21428571428571427	0.14285714285714285	0.0	0.0	0.0	0.6435643564356436	0.1485148514851485	0.19801980198019803	0.009900990099009901	0.0	0.0	0.0	6.717792343690287	10.73038051964436	18.081	16.209000000000003	11.338000000000001	4.7243032777821865	4.243529430250589	2.191380954347612	0.01098901098901099	0.21978021978021978	0.25274725274725274	0.14285714285714285	0.17582417582417584	0.1978021978021978	0.0	0.0	0.0	0.4835164835164835	6.285714285714286	2.2497165354319457
RCSB-4QXV-LU2-KD:S3	RCSB-4QXV-LU2-KD	S3	construct-019-1be38543a2db	1be38543a2db6ca4b3174a623300252e6f33aa0ea487c0c122a2d72db9e98cb4	P02766	4QXV	LU2	IQPNAANSBPBGFQ-UHFFFAOYSA-N	O=c1cc(-c2ccc(O)c(O)c2)oc2cc(O)cc(O)c12	7.154901959985743	5FW6	ed4ba1dc68e2180313fd50a991c2735e81929cd518bb62b3d04e058794514cae	1	A	3P3R	3M1	13;15;17;54;106;107;108;109;110;117;118;119;120;121	13;15;17;54;106;107;108;109;110;117;118;119;120;121		rcsb_pocket_unoccupied_experimental_fixed_per_construct	False	True	False	14.0	101.0	1.0	0.0	0.14285714285714285	0.0	0.0	0.07142857142857142	0.0	0.0	0.0	0.07142857142857142	0.07142857142857142	0.14285714285714285	0.07142857142857142	0.0	0.0	0.0	0.0	0.07142857142857142	0.21428571428571427	0.14285714285714285	0.0	0.0	0.0	0.6435643564356436	0.1485148514851485	0.19801980198019803	0.009900990099009901	0.0	0.0	0.0	6.717792343690287	10.73038051964436	18.081	16.209000000000003	11.338000000000001	4.7243032777821865	4.243529430250589	2.191380954347612	0.01098901098901099	0.21978021978021978	0.25274725274725274	0.14285714285714285	0.17582417582417584	0.1978021978021978	0.0	0.0	0.0	0.4835164835164835	6.285714285714286	2.2497165354319457
RCSB-188L-OXE-KD:S3	RCSB-188L-OXE-KD	S3	construct-023-68918bffe9f0	68918bffe9f0b52d1d25109d9df34081cac2a3c0e84ad22585b5167bae6d0489	P00720	188L	OXE	CTQNGGLPUBDAKN-UHFFFAOYSA-N	Cc1ccccc1C	3.327902142064283	1P7S	ef0d13609dc6b4edb7352f3a3cb81c8701139abe3f19483b7570b3677c4a5c35	1	A	182L	BZF	78;84;85;87;88;91;98;99;100;102;103;111;118;121;133;153	78;84;85;87;88;91;98;99;100;102;103;111;118;121;133;153		rcsb_pocket_unoccupied_experimental_fixed_per_construct	False	True	False	16.0	131.0	1.0	0.0	0.0625	0.0	0.0	0.0	0.0625	0.0	0.0	0.1875	0.0625	0.375	0.0625	0.0	0.0	0.0	0.0	0.0	0.0	0.125	0.0	0.0625	0.0	0.732824427480916	0.1297709923664122	0.1297709923664122	0.007633587786259542	0.0	0.0	0.0	7.581269212279932	13.681340521278623	19.425	19.352000000000004	15.125	5.290936444792324	4.256689136352342	3.3707910054899397	0.0	0.13333333333333333	0.175	0.175	0.25833333333333336	0.225	0.025	0.008333333333333333	0.0	0.30833333333333335	4.625	2.117634293262177
RCSB-183L-DEN-KD:S3	RCSB-183L-DEN-KD	S3	construct-023-68918bffe9f0	68918bffe9f0b52d1d25109d9df34081cac2a3c0e84ad22585b5167bae6d0489	P00720	183L	DEN	YBYIRNPNPLQARY-UHFFFAOYSA-N	C1=Cc2ccccc2C1	3.714442690992226	1P7S	ef0d13609dc6b4edb7352f3a3cb81c8701139abe3f19483b7570b3677c4a5c35	1	A	182L	BZF	78;84;85;87;88;91;98;99;100;102;103;111;118;121;133;153	78;84;85;87;88;91;98;99;100;102;103;111;118;121;133;153		rcsb_pocket_unoccupied_experimental_fixed_per_construct	False	True	False	16.0	131.0	1.0	0.0	0.0625	0.0	0.0	0.0	0.0625	0.0	0.0	0.1875	0.0625	0.375	0.0625	0.0	0.0	0.0	0.0	0.0	0.0	0.125	0.0	0.0625	0.0	0.732824427480916	0.1297709923664122	0.1297709923664122	0.007633587786259542	0.0	0.0	0.0	7.581269212279932	13.681340521278623	19.425	19.352000000000004	15.125	5.290936444792324	4.256689136352342	3.3707910054899397	0.0	0.13333333333333333	0.175	0.175	0.25833333333333336	0.225	0.025	0.008333333333333333	0.0	0.30833333333333335	4.625	2.117634293262177
RCSB-185L-IND-KD:S3	RCSB-185L-IND-KD	S3	construct-023-68918bffe9f0	68918bffe9f0b52d1d25109d9df34081cac2a3c0e84ad22585b5167bae6d0489	P00720	185L	IND	SIKJAQJRHWYJAI-UHFFFAOYSA-N	c1ccc2[nH]ccc2c1	3.5376020021010435	1P7S	ef0d13609dc6b4edb7352f3a3cb81c8701139abe3f19483b7570b3677c4a5c35	1	A	182L	BZF	78;84;85;87;88;91;98;99;100;102;103;111;118;121;133;153	78;84;85;87;88;91;98;99;100;102;103;111;118;121;133;153		rcsb_pocket_unoccupied_experimental_fixed_per_construct	False	True	False	16.0	131.0	1.0	0.0	0.0625	0.0	0.0	0.0	0.0625	0.0	0.0	0.1875	0.0625	0.375	0.0625	0.0	0.0	0.0	0.0	0.0	0.0	0.125	0.0	0.0625	0.0	0.732824427480916	0.1297709923664122	0.1297709923664122	0.007633587786259542	0.0	0.0	0.0	7.581269212279932	13.681340521278623	19.425	19.352000000000004	15.125	5.290936444792324	4.256689136352342	3.3707910054899397	0.0	0.13333333333333333	0.175	0.175	0.25833333333333336	0.225	0.025	0.008333333333333333	0.0	0.30833333333333335	4.625	2.117634293262177
RCSB-184L-I4B-KD:S3	RCSB-184L-I4B-KD	S3	construct-023-68918bffe9f0	68918bffe9f0b52d1d25109d9df34081cac2a3c0e84ad22585b5167bae6d0489	P00720	184L	I4B	KXUHSQYYJYAXGZ-UHFFFAOYSA-N	CC(C)Cc1ccccc1	4.721246399047171	1P7S	ef0d13609dc6b4edb7352f3a3cb81c8701139abe3f19483b7570b3677c4a5c35	1	A	182L	BZF	78;84;85;87;88;91;98;99;100;102;103;111;118;121;133;153	78;84;85;87;88;91;98;99;100;102;103;111;118;121;133;153		rcsb_pocket_unoccupied_experimental_fixed_per_construct	False	True	False	16.0	131.0	1.0	0.0	0.0625	0.0	0.0	0.0	0.0625	0.0	0.0	0.1875	0.0625	0.375	0.0625	0.0	0.0	0.0	0.0	0.0	0.0	0.125	0.0	0.0625	0.0	0.732824427480916	0.1297709923664122	0.1297709923664122	0.007633587786259542	0.0	0.0	0.0	7.581269212279932	13.681340521278623	19.425	19.352000000000004	15.125	5.290936444792324	4.256689136352342	3.3707910054899397	0.0	0.13333333333333333	0.175	0.175	0.25833333333333336	0.225	0.025	0.008333333333333333	0.0	0.30833333333333335	4.625	2.117634293262177
RCSB-5J1R-6FG-KD:S3	RCSB-5J1R-6FG-KD	S3	construct-025-8861b7ad0d67	8861b7ad0d677d8417e4b2d204a1a814757a0d7978c9b8e429f70da9f0d4cc02	P9WMC1	5J1R	6FG	SGKPSOSDSZDXFD-UHFFFAOYSA-N	O=C(CCc1ccoc1)N1CCCC1	4.657577319177793	3TP3	3db79f369b06c1d6e5f20f5d5d76ceff3312b51b7a8320bf5ff3a9d92139b73e	1	A	5J3L	6FR	107;123;126;127;130;134;158;162;165;168;169;195;196;197;199;200;203;204;227	107;123;126;127;130;134;158;162;165;168;169;195;196;197;199;200;203;204;227		rcsb_pocket_unoccupied_experimental_fixed_per_construct	False	True	False	19.0	195.0	1.0	0.0	0.0	0.0	0.0	0.05263157894736842	0.15789473684210525	0.0	0.0	0.05263157894736842	0.0	0.21052631578947367	0.05263157894736842	0.10526315789473684	0.0	0.0	0.0	0.0	0.05263157894736842	0.0	0.2631578947368421	0.05263157894736842	0.0	0.7333333333333333	0.13333333333333333	0.1282051282051282	0.005128205128205128	0.0	0.0	0.0	8.41446658100442	14.023821145876013	20.306000000000004	19.952	19.125999999999998	6.000653106083538	4.454252931902383	3.8671748036427354	0.0	0.09941520467836257	0.16374269005847952	0.14035087719298245	0.23391812865497075	0.2631578947368421	0.0935672514619883	0.005847953216374269	0.0	0.2631578947368421	4.7368421052631575	1.5506231434374984
RCSB-4MP7-PFT-KD:S3	RCSB-4MP7-PFT-KD	S3	construct-026-997c3e281e6e	997c3e281e6e11dac489ba593cb5a0984827e53dbec97b282c143a25a519a182	Q15119	4MP7	PFT	FYANAIGOGAIFAF-UHFFFAOYSA-N	O=C(c1ccc(O)cc1O)N1Cc2ccccc2C1	5.738261452647462	2BTZ	76a0f08e1a08f60d85bb580ca7a0585d4ea7485a8168e75749b38f28743912fc	1	A	4MPC	PV2	238;239;240;242;243;245;246;247;249;250;275;277;279;280;281;282;287;290;317;333;335;340;341;343	238;239;240;242;243;245;246;247;249;250;275;277;279;280;281;282;287;290;317;333;335;340;341;343		rcsb_pocket_unoccupied_experimental_fixed_per_construct	False	True	False	24.0	168.0	1.0	0.0	0.125	0.0	0.041666666666666664	0.08333333333333333	0.041666666666666664	0.16666666666666666	0.0	0.041666666666666664	0.0	0.16666666666666666	0.041666666666666664	0.041666666666666664	0.0	0.0	0.041666666666666664	0.08333333333333333	0.08333333333333333	0.041666666666666664	0.0	0.0	0.0	0.6190476190476191	0.16666666666666666	0.20833333333333334	0.005952380952380952	0.0	0.0	0.0	8.378985021274884	12.63335573096698	20.144	19.994	19.61	5.536768619468025	4.843168633814169	4.011894917076169	0.018115942028985508	0.11956521739130435	0.14130434782608695	0.14855072463768115	0.16666666666666666	0.30434782608695654	0.10144927536231885	0.0	0.0	0.27898550724637683	6.416666666666667	2.3078970706877047
RCSB-4MPE-PV8-KD:S3	RCSB-4MPE-PV8-KD	S3	construct-026-997c3e281e6e	997c3e281e6e11dac489ba593cb5a0984827e53dbec97b282c143a25a519a182	Q15119	4MPE	PV8	WRKXOYGLVREKOE-UHFFFAOYSA-N	O=S(=O)(c1ccc(O)cc1O)N1Cc2ccc(O)cc2C1	6.370590400897282	2BTZ	76a0f08e1a08f60d85bb580ca7a0585d4ea7485a8168e75749b38f28743912fc	1	A	4MPC	PV2	238;239;240;242;243;245;246;247;249;250;275;277;279;280;281;282;287;290;317;333;335;340;341;343	238;239;240;242;243;245;246;247;249;250;275;277;279;280;281;282;287;290;317;333;335;340;341;343		rcsb_pocket_unoccupied_experimental_fixed_per_construct	False	True	False	24.0	168.0	1.0	0.0	0.125	0.0	0.041666666666666664	0.08333333333333333	0.041666666666666664	0.16666666666666666	0.0	0.041666666666666664	0.0	0.16666666666666666	0.041666666666666664	0.041666666666666664	0.0	0.0	0.041666666666666664	0.08333333333333333	0.08333333333333333	0.041666666666666664	0.0	0.0	0.0	0.6190476190476191	0.16666666666666666	0.20833333333333334	0.005952380952380952	0.0	0.0	0.0	8.378985021274884	12.63335573096698	20.144	19.994	19.61	5.536768619468025	4.843168633814169	4.011894917076169	0.018115942028985508	0.11956521739130435	0.14130434782608695	0.14855072463768115	0.16666666666666666	0.30434782608695654	0.10144927536231885	0.0	0.0	0.27898550724637683	6.416666666666667	2.3078970706877047
RCSB-4MP2-PV1-KD:S3	RCSB-4MP2-PV1-KD	S3	construct-026-997c3e281e6e	997c3e281e6e11dac489ba593cb5a0984827e53dbec97b282c143a25a519a182	Q15119	4MP2	PV1	OTKZPCDLOLLPPV-UHFFFAOYSA-N	O=C(c1cc(Br)c(O)cc1O)N1Cc2ccccc2C1	5.447331783887806	2BTZ	76a0f08e1a08f60d85bb580ca7a0585d4ea7485a8168e75749b38f28743912fc	1	A	4MPC	PV2	238;239;240;242;243;245;246;247;249;250;275;277;279;280;281;282;287;290;317;333;335;340;341;343	238;239;240;242;243;245;246;247;249;250;275;277;279;280;281;282;287;290;317;333;335;340;341;343		rcsb_pocket_unoccupied_experimental_fixed_per_construct	False	True	False	24.0	168.0	1.0	0.0	0.125	0.0	0.041666666666666664	0.08333333333333333	0.041666666666666664	0.16666666666666666	0.0	0.041666666666666664	0.0	0.16666666666666666	0.041666666666666664	0.041666666666666664	0.0	0.0	0.041666666666666664	0.08333333333333333	0.08333333333333333	0.041666666666666664	0.0	0.0	0.0	0.6190476190476191	0.16666666666666666	0.20833333333333334	0.005952380952380952	0.0	0.0	0.0	8.378985021274884	12.63335573096698	20.144	19.994	19.61	5.536768619468025	4.843168633814169	4.011894917076169	0.018115942028985508	0.11956521739130435	0.14130434782608695	0.14855072463768115	0.16666666666666666	0.30434782608695654	0.10144927536231885	0.0	0.0	0.27898550724637683	6.416666666666667	2.3078970706877047
RCSB-5J71-P35-KD:S3	RCSB-5J71-P35-KD	S3	construct-026-997c3e281e6e	997c3e281e6e11dac489ba593cb5a0984827e53dbec97b282c143a25a519a182	Q15119	5J71	P35	HQHMYMINMCVYMC-UHFFFAOYSA-N	O=S(=O)(c1ccc(O)cc1O)N1Cc2ccc(NC3CCNCC3)cc2C1	6.958607314841775	2BTZ	76a0f08e1a08f60d85bb580ca7a0585d4ea7485a8168e75749b38f28743912fc	1	A	4MPC	PV2	238;239;240;242;243;245;246;247;249;250;275;277;279;280;281;282;287;290;317;333;335;340;341;343	238;239;240;242;243;245;246;247;249;250;275;277;279;280;281;282;287;290;317;333;335;340;341;343		rcsb_pocket_unoccupied_experimental_fixed_per_construct	False	True	False	24.0	168.0	1.0	0.0	0.125	0.0	0.041666666666666664	0.08333333333333333	0.041666666666666664	0.16666666666666666	0.0	0.041666666666666664	0.0	0.16666666666666666	0.041666666666666664	0.041666666666666664	0.0	0.0	0.041666666666666664	0.08333333333333333	0.08333333333333333	0.041666666666666664	0.0	0.0	0.0	0.6190476190476191	0.16666666666666666	0.20833333333333334	0.005952380952380952	0.0	0.0	0.0	8.378985021274884	12.63335573096698	20.144	19.994	19.61	5.536768619468025	4.843168633814169	4.011894917076169	0.018115942028985508	0.11956521739130435	0.14130434782608695	0.14855072463768115	0.16666666666666666	0.30434782608695654	0.10144927536231885	0.0	0.0	0.27898550724637683	6.416666666666667	2.3078970706877047
RCSB-5X4O-YAM-KD:S3	RCSB-5X4O-YAM-KD	S3	construct-028-c2d68d73bda9	c2d68d73bda977efa2d54d77956afe6558025a234f1ccc3fef8ece4a522db925	P41182	5X4O	YAM	MZDKLVOWGIOKTN-UHFFFAOYSA-N	CN(c1ncccc1CNc1nc(Nc2ccc3c(c2)CC(=O)N3)ncc1C(F)(F)F)S(C)(=O)=O	4.055517327849832	1R29	5e3a792abf25265abbe8f18cba619fd470a07dba093ac8514cd968506568feb1	1	A	5X4M	7ZF	18;19;20;21;22;23;26;28	18;19;20;21;22;23;26;28		rcsb_pocket_unoccupied_experimental_fixed_per_construct	False	True	False	8.0	70.0	1.0	0.0	0.0	0.0	0.0	0.0	0.0	0.0	0.0	0.125	0.0	0.375	0.0	0.25	0.0	0.0	0.25	0.0	0.0	0.0	0.0	0.0	0.0	0.6285714285714286	0.22857142857142856	0.14285714285714285	0.0	0.0	0.0	0.0	5.715656155701119	8.926797830677916	15.864999999999998	11.822	11.751	4.43230282582754	2.786033970751642	2.293781084624934	0.0	0.42857142857142855	0.21428571428571427	0.14285714285714285	0.14285714285714285	0.07142857142857142	0.0	0.0	0.0	0.6428571428571429	4.5	1.3228756555322954
RCSB-5X9O-80R-KD:S3	RCSB-5X9O-80R-KD	S3	construct-028-c2d68d73bda9	c2d68d73bda977efa2d54d77956afe6558025a234f1ccc3fef8ece4a522db925	P41182	5X9O	80R	LBXJVISQYZQJLT-UHFFFAOYSA-N	O=c1[nH]c2ccc(Nc3ccc([N+](=O)[O-])cc3Cl)cc2[nH]1	5.301029995663981	1R29	5e3a792abf25265abbe8f18cba619fd470a07dba093ac8514cd968506568feb1	1	A	5X4M	7ZF	18;19;20;21;22;23;26;28	18;19;20;21;22;23;26;28		rcsb_pocket_unoccupied_experimental_fixed_per_construct	False	True	False	8.0	70.0	1.0	0.0	0.0	0.0	0.0	0.0	0.0	0.0	0.0	0.125	0.0	0.375	0.0	0.25	0.0	0.0	0.25	0.0	0.0	0.0	0.0	0.0	0.0	0.6285714285714286	0.22857142857142856	0.14285714285714285	0.0	0.0	0.0	0.0	5.715656155701119	8.926797830677916	15.864999999999998	11.822	11.751	4.43230282582754	2.786033970751642	2.293781084624934	0.0	0.42857142857142855	0.21428571428571427	0.14285714285714285	0.14285714285714285	0.07142857142857142	0.0	0.0	0.0	0.6428571428571429	4.5	1.3228756555322954
RCSB-5X4P-7ZO-KD:S3	RCSB-5X4P-7ZO-KD	S3	construct-028-c2d68d73bda9	c2d68d73bda977efa2d54d77956afe6558025a234f1ccc3fef8ece4a522db925	P41182	5X4P	7ZO	XGLOINXVRYWOSM-UHFFFAOYSA-N	O=C1Cc2cc(Nc3ncncc3Cl)ccc2N1	5.031517051446064	1R29	5e3a792abf25265abbe8f18cba619fd470a07dba093ac8514cd968506568feb1	1	A	5X4M	7ZF	18;19;20;21;22;23;26;28	18;19;20;21;22;23;26;28		rcsb_pocket_unoccupied_experimental_fixed_per_construct	False	True	False	8.0	70.0	1.0	0.0	0.0	0.0	0.0	0.0	0.0	0.0	0.0	0.125	0.0	0.375	0.0	0.25	0.0	0.0	0.25	0.0	0.0	0.0	0.0	0.0	0.0	0.6285714285714286	0.22857142857142856	0.14285714285714285	0.0	0.0	0.0	0.0	5.715656155701119	8.926797830677916	15.864999999999998	11.822	11.751	4.43230282582754	2.786033970751642	2.293781084624934	0.0	0.42857142857142855	0.21428571428571427	0.14285714285714285	0.14285714285714285	0.07142857142857142	0.0	0.0	0.0	0.6428571428571429	4.5	1.3228756555322954
RCSB-5X4N-7ZL-KD:S3	RCSB-5X4N-7ZL-KD	S3	construct-028-c2d68d73bda9	c2d68d73bda977efa2d54d77956afe6558025a234f1ccc3fef8ece4a522db925	P41182	5X4N	7ZL	FRISIUXBSNAYFR-UHFFFAOYSA-N	Nc1ncc(Cl)c(Nc2ccccc2)n1	4.167491087293763	1R29	5e3a792abf25265abbe8f18cba619fd470a07dba093ac8514cd968506568feb1	1	A	5X4M	7ZF	18;19;20;21;22;23;26;28	18;19;20;21;22;23;26;28		rcsb_pocket_unoccupied_experimental_fixed_per_construct	False	True	False	8.0	70.0	1.0	0.0	0.0	0.0	0.0	0.0	0.0	0.0	0.0	0.125	0.0	0.375	0.0	0.25	0.0	0.0	0.25	0.0	0.0	0.0	0.0	0.0	0.0	0.6285714285714286	0.22857142857142856	0.14285714285714285	0.0	0.0	0.0	0.0	5.715656155701119	8.926797830677916	15.864999999999998	11.822	11.751	4.43230282582754	2.786033970751642	2.293781084624934	0.0	0.42857142857142855	0.21428571428571427	0.14285714285714285	0.14285714285714285	0.07142857142857142	0.0	0.0	0.0	0.6428571428571429	4.5	1.3228756555322954
RCSB-3B25-B2K-KD:S3	RCSB-3B25-B2K-KD	S3	construct-031-37b3e0822467	37b3e08224673f1c7a40192bc344e8ce9b08a2c252c8040f5f555dc6124dd8e8	P07900	3B25	B2K	XUOYIZBDMDPDEJ-UHFFFAOYSA-N	Cc1ccc(S(=O)(=O)c2cc(C)nc(N)n2)cc1	6.065501548756432	5J80	6560f7592f4cb21c244d94d3658137110a6f6715e062fddfcc92c26f2c8f3f4e	1	A	3B28	B2X	40;43;44;47;85;87;88;89;90;94;95;98;99;105;127;128;129;130;131;142;144;176;178	40;43;44;47;85;87;88;89;90;94;95;98;99;105;127;128;129;130;131;142;144;176;178		rcsb_pocket_unoccupied_experimental_fixed_per_construct	False	True	False	23.0	160.0	1.0	0.0	0.08695652173913043	0.0	0.08695652173913043	0.0	0.043478260869565216	0.17391304347826086	0.0	0.043478260869565216	0.0	0.08695652173913043	0.043478260869565216	0.08695652173913043	0.0	0.0	0.0	0.08695652173913043	0.08695652173913043	0.13043478260869565	0.0	0.043478260869565216	0.0	0.625	0.15625	0.2125	0.00625	0.0	0.0	0.0	8.79169858640409	16.750696461925703	25.386	17.997	17.131999999999998	6.37819653511474	4.680985508744743	3.834181485082803	0.011857707509881422	0.09486166007905138	0.12648221343873517	0.1383399209486166	0.15810276679841898	0.3201581027667984	0.11067193675889328	0.039525691699604744	0.0	0.233201581027668	5.130434782608695	1.8250514662448134
RCSB-3B27-B2T-KD:S3	RCSB-3B27-B2T-KD	S3	construct-031-37b3e0822467	37b3e08224673f1c7a40192bc344e8ce9b08a2c252c8040f5f555dc6124dd8e8	P07900	3B27	B2T	JVOIPLKVZOLUDL-UHFFFAOYSA-N	CSc1nc(N)nc(-c2ccccc2Cl)n1	5.161150909262744	5J80	6560f7592f4cb21c244d94d3658137110a6f6715e062fddfcc92c26f2c8f3f4e	1	A	3B28	B2X	40;43;44;47;85;87;88;89;90;94;95;98;99;105;127;128;129;130;131;142;144;176;178	40;43;44;47;85;87;88;89;90;94;95;98;99;105;127;128;129;130;131;142;144;176;178		rcsb_pocket_unoccupied_experimental_fixed_per_construct	False	True	False	23.0	160.0	1.0	0.0	0.08695652173913043	0.0	0.08695652173913043	0.0	0.043478260869565216	0.17391304347826086	0.0	0.043478260869565216	0.0	0.08695652173913043	0.043478260869565216	0.08695652173913043	0.0	0.0	0.0	0.08695652173913043	0.08695652173913043	0.13043478260869565	0.0	0.043478260869565216	0.0	0.625	0.15625	0.2125	0.00625	0.0	0.0	0.0	8.79169858640409	16.750696461925703	25.386	17.997	17.131999999999998	6.37819653511474	4.680985508744743	3.834181485082803	0.011857707509881422	0.09486166007905138	0.12648221343873517	0.1383399209486166	0.15810276679841898	0.3201581027667984	0.11067193675889328	0.039525691699604744	0.0	0.233201581027668	5.130434782608695	1.8250514662448134
RCSB-3B24-B2J-KD:S3	RCSB-3B24-B2J-KD	S3	construct-031-37b3e0822467	37b3e08224673f1c7a40192bc344e8ce9b08a2c252c8040f5f555dc6124dd8e8	P07900	3B24	B2J	PJQMCVIFTDRXNT-UHFFFAOYSA-N	CCSc1nc(C)nc(N)n1	7.376750709602099	5J80	6560f7592f4cb21c244d94d3658137110a6f6715e062fddfcc92c26f2c8f3f4e	1	A	3B28	B2X	40;43;44;47;85;87;88;89;90;94;95;98;99;105;127;128;129;130;131;142;144;176;178	40;43;44;47;85;87;88;89;90;94;95;98;99;105;127;128;129;130;131;142;144;176;178		rcsb_pocket_unoccupied_experimental_fixed_per_construct	False	True	False	23.0	160.0	1.0	0.0	0.08695652173913043	0.0	0.08695652173913043	0.0	0.043478260869565216	0.17391304347826086	0.0	0.043478260869565216	0.0	0.08695652173913043	0.043478260869565216	0.08695652173913043	0.0	0.0	0.0	0.08695652173913043	0.08695652173913043	0.13043478260869565	0.0	0.043478260869565216	0.0	0.625	0.15625	0.2125	0.00625	0.0	0.0	0.0	8.79169858640409	16.750696461925703	25.386	17.997	17.131999999999998	6.37819653511474	4.680985508744743	3.834181485082803	0.011857707509881422	0.09486166007905138	0.12648221343873517	0.1383399209486166	0.15810276679841898	0.3201581027667984	0.11067193675889328	0.039525691699604744	0.0	0.233201581027668	5.130434782608695	1.8250514662448134
RCSB-6T0M-GOZ-KD:S3	RCSB-6T0M-GOZ-KD	S3	construct-033-4212e6c5e472	4212e6c5e472fd686b30c69e8d14749addd3c89eee2f3eab47f1d4c1637dfa2c	P00760	6T0M	GOZ	ULOXRVUIRNGIOC-CVEARBPZSA-N	Nc1cc(CNC(=O)[C@@H]2CCCN2C(=O)[C@H](N)Cc2ccccc2)cc(N)n1	7.167491087293763	8ADT	50021c515fa47c9073cb4077088477cc7b95c604692b95aa5802651042423d2d	1	A	6SY3	LXW	40;76;78;81;152;171;172;173;174;175;176;177;191;192;193;194;195;196;197;198;202;203;204;205;206	40;76;78;81;152;171;172;173;174;175;176;177;191;192;193;194;195;196;197;198;202;203;204;205;206		rcsb_pocket_unoccupied_experimental_fixed_per_construct	False	True	False	25.0	185.0	1.0	0.0	0.08	0.08	0.08	0.0	0.0	0.16	0.04	0.0	0.04	0.04	0.0	0.0	0.04	0.04	0.0	0.16	0.0	0.08	0.04	0.12	0.0	0.6270270270270271	0.16216216216216217	0.2	0.010810810810810811	0.0	0.0	0.0	8.646617274819652	16.43334027403586	24.310999999999996	22.389	22.351	6.388576911749879	4.915965572775692	3.1278359655119714	0.03	0.09	0.16333333333333333	0.17	0.16333333333333333	0.23666666666666666	0.12	0.02666666666666667	0.0	0.2833333333333333	6.8	1.854723699099141
RCSB-6T0P-M6Q-KD:S3	RCSB-6T0P-M6Q-KD	S3	construct-033-4212e6c5e472	4212e6c5e472fd686b30c69e8d14749addd3c89eee2f3eab47f1d4c1637dfa2c	P00760	6T0P	M6Q	LOSWCWUZWRHVLI-SJORKVTESA-N	Nc1cc(CNC(=O)[C@@H]2CCCN2C(=O)[C@H](N)Cc2ccccc2)ccn1	7.42021640338319	8ADT	50021c515fa47c9073cb4077088477cc7b95c604692b95aa5802651042423d2d	1	A	6SY3	LXW	40;76;78;81;152;171;172;173;174;175;176;177;191;192;193;194;195;196;197;198;202;203;204;205;206	40;76;78;81;152;171;172;173;174;175;176;177;191;192;193;194;195;196;197;198;202;203;204;205;206		rcsb_pocket_unoccupied_experimental_fixed_per_construct	False	True	False	25.0	185.0	1.0	0.0	0.08	0.08	0.08	0.0	0.0	0.16	0.04	0.0	0.04	0.04	0.0	0.0	0.04	0.04	0.0	0.16	0.0	0.08	0.04	0.12	0.0	0.6270270270270271	0.16216216216216217	0.2	0.010810810810810811	0.0	0.0	0.0	8.646617274819652	16.43334027403586	24.310999999999996	22.389	22.351	6.388576911749879	4.915965572775692	3.1278359655119714	0.03	0.09	0.16333333333333333	0.17	0.16333333333333333	0.23666666666666666	0.12	0.02666666666666667	0.0	0.2833333333333333	6.8	1.854723699099141
RCSB-6T5W-J5K-KD:S3	RCSB-6T5W-J5K-KD	S3	construct-033-4212e6c5e472	4212e6c5e472fd686b30c69e8d14749addd3c89eee2f3eab47f1d4c1637dfa2c	P00760	6T5W	J5K	IWAABGNHPAYUJJ-SJORKVTESA-N	Nc1ccc(CNC(=O)[C@@H]2CCCN2C(=O)[C@H](N)Cc2ccccc2)cn1	7.366531544420413	8ADT	50021c515fa47c9073cb4077088477cc7b95c604692b95aa5802651042423d2d	1	A	6SY3	LXW	40;76;78;81;152;171;172;173;174;175;176;177;191;192;193;194;195;196;197;198;202;203;204;205;206	40;76;78;81;152;171;172;173;174;175;176;177;191;192;193;194;195;196;197;198;202;203;204;205;206		rcsb_pocket_unoccupied_experimental_fixed_per_construct	False	True	False	25.0	185.0	1.0	0.0	0.08	0.08	0.08	0.0	0.0	0.16	0.04	0.0	0.04	0.04	0.0	0.0	0.04	0.04	0.0	0.16	0.0	0.08	0.04	0.12	0.0	0.6270270270270271	0.16216216216216217	0.2	0.010810810810810811	0.0	0.0	0.0	8.646617274819652	16.43334027403586	24.310999999999996	22.389	22.351	6.388576911749879	4.915965572775692	3.1278359655119714	0.03	0.09	0.16333333333333333	0.17	0.16333333333333333	0.23666666666666666	0.12	0.02666666666666667	0.0	0.2833333333333333	6.8	1.854723699099141
RCSB-3UNZ-0BZ-KD:S3	RCSB-3UNZ-0BZ-KD	S3	construct-034-4b9e20d92aa0	4b9e20d92aa0bd349feda098eb162e182b5558fc924a138b4b2bd78e7d0faee1	O14965	3UNZ	0BZ	DSRXYFSONVBAKS-UHFFFAOYSA-N	O=C(O)c1ccc(Nc2nccc(Nc3ccccc3F)n2)cc1	7.795880017344075	9KDS	d7eeae2b572400a6f3f1a5c48bb2355b37e82d11eda67e4f083361bf6e5d736f	1	A	3UP2	0C8	12;13;14;15;16;22;35;69;85;86;87;88;89;90;91;92;95;135;136;137;138;148;149	12;13;14;15;16;22;35;69;85;86;87;88;89;90;91;92;95;135;136;137;138;148;149		rcsb_pocket_unoccupied_experimental_fixed_per_construct	False	True	False	23.0	209.0	1.0	0.0	0.13043478260869565	0.0	0.043478260869565216	0.08695652173913043	0.0	0.08695652173913043	0.0	0.0	0.043478260869565216	0.2608695652173913	0.0	0.043478260869565216	0.08695652173913043	0.0	0.043478260869565216	0.0	0.043478260869565216	0.043478260869565216	0.0	0.043478260869565216	0.043478260869565216	0.6602870813397129	0.16267942583732056	0.1674641148325359	0.0	0.0	0.0	0.009569377990430622	8.151414361075611	12.625593522870178	23.17201	20.40756	19.38095	5.317807811637838	4.522167360557342	4.209094739673026	0.019762845849802372	0.1067193675889328	0.09486166007905138	0.18181818181818182	0.1541501976284585	0.34782608695652173	0.09090909090909091	0.003952569169960474	0.0	0.22134387351778656	4.869565217391305	1.6498839966095893
RCSB-3UOD-0C3-KD:S3	RCSB-3UOD-0C3-KD	S3	construct-034-4b9e20d92aa0	4b9e20d92aa0bd349feda098eb162e182b5558fc924a138b4b2bd78e7d0faee1	O14965	3UOD	0C3	QFNWNXOHCUAEBM-UHFFFAOYSA-N	O=C(O)c1ccc(Nc2nccc(Nc3ccccc3C(F)(F)F)n2)cc1	7.309803919971486	9KDS	d7eeae2b572400a6f3f1a5c48bb2355b37e82d11eda67e4f083361bf6e5d736f	1	A	3UP2	0C8	12;13;14;15;16;22;35;69;85;86;87;88;89;90;91;92;95;135;136;137;138;148;149	12;13;14;15;16;22;35;69;85;86;87;88;89;90;91;92;95;135;136;137;138;148;149		rcsb_pocket_unoccupied_experimental_fixed_per_construct	False	True	False	23.0	209.0	1.0	0.0	0.13043478260869565	0.0	0.043478260869565216	0.08695652173913043	0.0	0.08695652173913043	0.0	0.0	0.043478260869565216	0.2608695652173913	0.0	0.043478260869565216	0.08695652173913043	0.0	0.043478260869565216	0.0	0.043478260869565216	0.043478260869565216	0.0	0.043478260869565216	0.043478260869565216	0.6602870813397129	0.16267942583732056	0.1674641148325359	0.0	0.0	0.0	0.009569377990430622	8.151414361075611	12.625593522870178	23.17201	20.40756	19.38095	5.317807811637838	4.522167360557342	4.209094739673026	0.019762845849802372	0.1067193675889328	0.09486166007905138	0.18181818181818182	0.1541501976284585	0.34782608695652173	0.09090909090909091	0.003952569169960474	0.0	0.22134387351778656	4.869565217391305	1.6498839966095893
RCSB-3UO5-0BX-KD:S3	RCSB-3UO5-0BX-KD	S3	construct-034-4b9e20d92aa0	4b9e20d92aa0bd349feda098eb162e182b5558fc924a138b4b2bd78e7d0faee1	O14965	3UO5	0BX	BUKMSYYNNHEANR-UHFFFAOYSA-N	O=C(O)c1ccc(Nc2nccc(Nc3ccccc3)n2)cc1	7.4089353929735005	9KDS	d7eeae2b572400a6f3f1a5c48bb2355b37e82d11eda67e4f083361bf6e5d736f	1	A	3UP2	0C8	12;13;14;15;16;22;35;69;85;86;87;88;89;90;91;92;95;135;136;137;138;148;149	12;13;14;15;16;22;35;69;85;86;87;88;89;90;91;92;95;135;136;137;138;148;149		rcsb_pocket_unoccupied_experimental_fixed_per_construct	False	True	False	23.0	209.0	1.0	0.0	0.13043478260869565	0.0	0.043478260869565216	0.08695652173913043	0.0	0.08695652173913043	0.0	0.0	0.043478260869565216	0.2608695652173913	0.0	0.043478260869565216	0.08695652173913043	0.0	0.043478260869565216	0.0	0.043478260869565216	0.043478260869565216	0.0	0.043478260869565216	0.043478260869565216	0.6602870813397129	0.16267942583732056	0.1674641148325359	0.0	0.0	0.0	0.009569377990430622	8.151414361075611	12.625593522870178	23.17201	20.40756	19.38095	5.317807811637838	4.522167360557342	4.209094739673026	0.019762845849802372	0.1067193675889328	0.09486166007905138	0.18181818181818182	0.1541501976284585	0.34782608695652173	0.09090909090909091	0.003952569169960474	0.0	0.22134387351778656	4.869565217391305	1.6498839966095893
RCSB-7CAJ-FNC-KD:S3	RCSB-7CAJ-FNC-KD	S3	construct-035-4f0c729feeb4	4f0c729feeb48359181ab8aff14e4aae346f23597e7567e08cbeef9103768c7b	Q15047	7CAJ	FNC	JRIBEBYKWORBGC-LSDHHAIUSA-N	CN1C[C@H](Nc2nc3cc[nH]c3c(=O)n2C)C[C@H](c2ccccc2)C1	5.795880017344075	3DLM	449493ebccfca593a97ee6086504c31f8112adb53cc2ec8f80f3d2b8d39ac0b5	1	A	7CD9	FVR	21;22;23;25;79;81;86;88;108;110;111;112;169;196;197;198;205	21;22;23;25;79;81;86;88;108;110;111;112;169;196;197;198;205		rcsb_pocket_unoccupied_experimental_fixed_per_construct	False	True	False	17.0	168.0	1.0	0.0	0.0	0.058823529411764705	0.11764705882352941	0.058823529411764705	0.058823529411764705	0.058823529411764705	0.058823529411764705	0.0	0.058823529411764705	0.0	0.0	0.0	0.0	0.0	0.058823529411764705	0.0	0.11764705882352941	0.0	0.17647058823529413	0.17647058823529413	0.0	0.6726190476190477	0.15476190476190477	0.16666666666666666	0.005952380952380952	0.0	0.0	0.0	10.383999958703829	18.340964250642703	31.701	26.273	21.6	8.77794126100514	4.377623051373382	3.4075825420360695	0.007352941176470588	0.09558823529411764	0.09558823529411764	0.1323529411764706	0.13970588235294118	0.21323529411764705	0.13970588235294118	0.17647058823529413	0.0	0.19852941176470587	3.176470588235294	1.790014594670934
RCSB-7C9N-FN9-KD:S3	RCSB-7C9N-FN9-KD	S3	construct-035-4f0c729feeb4	4f0c729feeb48359181ab8aff14e4aae346f23597e7567e08cbeef9103768c7b	Q15047	7C9N	FN9	FAOILJOQEQTGLJ-JKSUJKDBSA-N	CN1C[C@H](Nc2nc3ccn(C)c3c(=O)n2C)C[C@H](c2ccccc2)C1	5.356547323513812	3DLM	449493ebccfca593a97ee6086504c31f8112adb53cc2ec8f80f3d2b8d39ac0b5	1	A	7CD9	FVR	21;22;23;25;79;81;86;88;108;110;111;112;169;196;197;198;205	21;22;23;25;79;81;86;88;108;110;111;112;169;196;197;198;205		rcsb_pocket_unoccupied_experimental_fixed_per_construct	False	True	False	17.0	168.0	1.0	0.0	0.0	0.058823529411764705	0.11764705882352941	0.058823529411764705	0.058823529411764705	0.058823529411764705	0.058823529411764705	0.0	0.058823529411764705	0.0	0.0	0.0	0.0	0.0	0.058823529411764705	0.0	0.11764705882352941	0.0	0.17647058823529413	0.17647058823529413	0.0	0.6726190476190477	0.15476190476190477	0.16666666666666666	0.005952380952380952	0.0	0.0	0.0	10.383999958703829	18.340964250642703	31.701	26.273	21.6	8.77794126100514	4.377623051373382	3.4075825420360695	0.007352941176470588	0.09558823529411764	0.09558823529411764	0.1323529411764706	0.13970588235294118	0.21323529411764705	0.13970588235294118	0.17647058823529413	0.0	0.19852941176470587	3.176470588235294	1.790014594670934
RCSB-7CJT-G09-KD:S3	RCSB-7CJT-G09-KD	S3	construct-035-4f0c729feeb4	4f0c729feeb48359181ab8aff14e4aae346f23597e7567e08cbeef9103768c7b	Q15047	7CJT	G09	NBDJDKAXIGWAIM-XZOQPEGZSA-N	C=CCn1c(N[C@@H]2C[C@H](c3ccc(OCc4ccccc4)cc3)CN(C)C2)nc2cc[nH]c2c1=O	7.096910013008056	3DLM	449493ebccfca593a97ee6086504c31f8112adb53cc2ec8f80f3d2b8d39ac0b5	1	A	7CD9	FVR	21;22;23;25;79;81;86;88;108;110;111;112;169;196;197;198;205	21;22;23;25;79;81;86;88;108;110;111;112;169;196;197;198;205		rcsb_pocket_unoccupied_experimental_fixed_per_construct	False	True	False	17.0	168.0	1.0	0.0	0.0	0.058823529411764705	0.11764705882352941	0.058823529411764705	0.058823529411764705	0.058823529411764705	0.058823529411764705	0.0	0.058823529411764705	0.0	0.0	0.0	0.0	0.0	0.058823529411764705	0.0	0.11764705882352941	0.0	0.17647058823529413	0.17647058823529413	0.0	0.6726190476190477	0.15476190476190477	0.16666666666666666	0.005952380952380952	0.0	0.0	0.0	10.383999958703829	18.340964250642703	31.701	26.273	21.6	8.77794126100514	4.377623051373382	3.4075825420360695	0.007352941176470588	0.09558823529411764	0.09558823529411764	0.1323529411764706	0.13970588235294118	0.21323529411764705	0.13970588235294118	0.17647058823529413	0.0	0.19852941176470587	3.176470588235294	1.790014594670934
RCSB-5F2P-5TY-KD:S3	RCSB-5F2P-5TY-KD	S3	construct-039-90fec4b83698	90fec4b836986f10bbadc7efebe17b38248dc617ec5cb903f1db919321382f73	Q9H8M2	5F2P	5TY	YKBGUFTWJZHVCT-UHFFFAOYSA-N	CN(C)c1ncc2c(=O)n(C)ccc2n1	4.425968732272281	3HME	130ac318ad7b2296305874bf3a2647a277d174270ccc5c31539b3c14785113ef	1	A	4Z6H	4L2	31;32;33;34;35;36;37;38;39;42;43;46;84;85;88;89;95	31;32;33;34;35;36;37;38;39;42;43;46;84;85;88;89;95		rcsb_pocket_unoccupied_experimental_fixed_per_construct	False	True	False	17.0	143.0	1.0	0.0	0.17647058823529413	0.0	0.0	0.0	0.17647058823529413	0.058823529411764705	0.058823529411764705	0.058823529411764705	0.0	0.0	0.0	0.11764705882352941	0.058823529411764705	0.0	0.0	0.0	0.058823529411764705	0.058823529411764705	0.0	0.17647058823529413	0.0	0.6923076923076923	0.14685314685314685	0.16083916083916083	0.0	0.0	0.0	0.0	8.116340788983933	14.294452087813005	19.671999999999997	18.204	15.626999999999999	5.798665146503265	4.638136038684758	3.2769138542699414	0.007352941176470588	0.15441176470588236	0.09558823529411764	0.15441176470588236	0.18382352941176472	0.33088235294117646	0.07352941176470588	0.0	0.0	0.25735294117647056	4.117647058823529	0.9629826790438176
RCSB-5F25-5TU-KD:S3	RCSB-5F25-5TU-KD	S3	construct-039-90fec4b83698	90fec4b836986f10bbadc7efebe17b38248dc617ec5cb903f1db919321382f73	Q9H8M2	5F25	5TU	LCFYRSDVZKRXGW-UHFFFAOYSA-N	Cc1cc(-c2ccc(C(N)=O)cc2)cn(C)c1=O	5.040958607678906	3HME	130ac318ad7b2296305874bf3a2647a277d174270ccc5c31539b3c14785113ef	1	A	4Z6H	4L2	31;32;33;34;35;36;37;38;39;42;43;46;84;85;88;89;95	31;32;33;34;35;36;37;38;39;42;43;46;84;85;88;89;95		rcsb_pocket_unoccupied_experimental_fixed_per_construct	False	True	False	17.0	143.0	1.0	0.0	0.17647058823529413	0.0	0.0	0.0	0.17647058823529413	0.058823529411764705	0.058823529411764705	0.058823529411764705	0.0	0.0	0.0	0.11764705882352941	0.058823529411764705	0.0	0.0	0.0	0.058823529411764705	0.058823529411764705	0.0	0.17647058823529413	0.0	0.6923076923076923	0.14685314685314685	0.16083916083916083	0.0	0.0	0.0	0.0	8.116340788983933	14.294452087813005	19.671999999999997	18.204	15.626999999999999	5.798665146503265	4.638136038684758	3.2769138542699414	0.007352941176470588	0.15441176470588236	0.09558823529411764	0.15441176470588236	0.18382352941176472	0.33088235294117646	0.07352941176470588	0.0	0.0	0.25735294117647056	4.117647058823529	0.9629826790438176
RCSB-4Z6I-4L3-KD:S3	RCSB-4Z6I-4L3-KD	S3	construct-039-90fec4b83698	90fec4b836986f10bbadc7efebe17b38248dc617ec5cb903f1db919321382f73	Q9H8M2	4Z6I	4L3	SMDVXOGKDHVOGV-SQJMNOBHSA-N	Cc1cc(=O)n(C)c2cc(N3C(=O)CC[C@H](NC(=O)OC(C)(C)C)[C@H]3c3ccccc3)ccc12	6.30715308072277	3HME	130ac318ad7b2296305874bf3a2647a277d174270ccc5c31539b3c14785113ef	1	A	4Z6H	4L2	31;32;33;34;35;36;37;38;39;42;43;46;84;85;88;89;95	31;32;33;34;35;36;37;38;39;42;43;46;84;85;88;89;95		rcsb_pocket_unoccupied_experimental_fixed_per_construct	False	True	False	17.0	143.0	1.0	0.0	0.17647058823529413	0.0	0.0	0.0	0.17647058823529413	0.058823529411764705	0.058823529411764705	0.058823529411764705	0.0	0.0	0.0	0.11764705882352941	0.058823529411764705	0.0	0.0	0.0	0.058823529411764705	0.058823529411764705	0.0	0.17647058823529413	0.0	0.6923076923076923	0.14685314685314685	0.16083916083916083	0.0	0.0	0.0	0.0	8.116340788983933	14.294452087813005	19.671999999999997	18.204	15.626999999999999	5.798665146503265	4.638136038684758	3.2769138542699414	0.007352941176470588	0.15441176470588236	0.09558823529411764	0.15441176470588236	0.18382352941176472	0.33088235294117646	0.07352941176470588	0.0	0.0	0.25735294117647056	4.117647058823529	0.9629826790438176
RCSB-8AE7-LVU-KD:S3	RCSB-8AE7-LVU-KD	S3	construct-046-e314686107a8	e314686107a8aa87dc3412bd7107896368ad14fabb05afc4787c83cc0b4c5efe	P68400	8AE7	LVU	LIFGJTPUCFFUJO-UHFFFAOYSA-N	N#CCc1n[nH]c2cc(Br)c(Br)cc12	4.991399828238082	1NA7	0f3cefb0dfc0d7689180ae20d0f25f611c846b888b4bd9b714f563ccb01f455c	1	A	5CSV	GAB	45;51;53;66;68;81;85;95;113;114;116;118;160;163;174;175;176	45;51;53;66;68;81;85;95;113;114;116;118;160;163;174;175;176		rcsb_pocket_unoccupied_experimental_fixed_per_construct	False	True	False	17.0	145.0	1.0	0.0	0.0	0.0	0.058823529411764705	0.11764705882352941	0.058823529411764705	0.0	0.058823529411764705	0.11764705882352941	0.058823529411764705	0.11764705882352941	0.058823529411764705	0.058823529411764705	0.0	0.0	0.0	0.058823529411764705	0.0	0.17647058823529413	0.058823529411764705	0.0	0.0	0.6689655172413793	0.15172413793103448	0.1724137931034483	0.006896551724137931	0.0	0.0	0.0	8.565831921927991	13.829933816972192	23.753	21.217	17.988999999999997	5.613060844375709	4.665807196189313	4.482997622132413	0.0	0.09558823529411764	0.10294117647058823	0.15441176470588236	0.19852941176470587	0.33088235294117646	0.11029411764705882	0.007352941176470588	0.0	0.19852941176470587	3.176470588235294	1.2941176470588236
RCSB-5CSP-54G-KD:S3	RCSB-5CSP-54G-KD	S3	construct-046-e314686107a8	e314686107a8aa87dc3412bd7107896368ad14fabb05afc4787c83cc0b4c5efe	P68400	5CSP	54G	DLGBEGBHXSAQOC-UHFFFAOYSA-N	Cc1ccc(O)c(C(=O)O)c1	4.236572006437063	1NA7	0f3cefb0dfc0d7689180ae20d0f25f611c846b888b4bd9b714f563ccb01f455c	1	A	5CSV	GAB	45;51;53;66;68;81;85;95;113;114;116;118;160;163;174;175;176	45;51;53;66;68;81;85;95;113;114;116;118;160;163;174;175;176		rcsb_pocket_unoccupied_experimental_fixed_per_construct	False	True	False	17.0	145.0	1.0	0.0	0.0	0.0	0.058823529411764705	0.11764705882352941	0.058823529411764705	0.0	0.058823529411764705	0.11764705882352941	0.058823529411764705	0.11764705882352941	0.058823529411764705	0.058823529411764705	0.0	0.0	0.0	0.058823529411764705	0.0	0.17647058823529413	0.058823529411764705	0.0	0.0	0.6689655172413793	0.15172413793103448	0.1724137931034483	0.006896551724137931	0.0	0.0	0.0	8.565831921927991	13.829933816972192	23.753	21.217	17.988999999999997	5.613060844375709	4.665807196189313	4.482997622132413	0.0	0.09558823529411764	0.10294117647058823	0.15441176470588236	0.19852941176470587	0.33088235294117646	0.11029411764705882	0.007352941176470588	0.0	0.19852941176470587	3.176470588235294	1.2941176470588236
RCSB-8AEC-LW3-KD:S3	RCSB-8AEC-LW3-KD	S3	construct-046-e314686107a8	e314686107a8aa87dc3412bd7107896368ad14fabb05afc4787c83cc0b4c5efe	P68400	8AEC	LW3	FAGVHGZPQSWXCE-UHFFFAOYSA-N	N#CCc1n[nH]c2cc(Cl)c(Br)cc12	4.801342913045577	1NA7	0f3cefb0dfc0d7689180ae20d0f25f611c846b888b4bd9b714f563ccb01f455c	1	A	5CSV	GAB	45;51;53;66;68;81;85;95;113;114;116;118;160;163;174;175;176	45;51;53;66;68;81;85;95;113;114;116;118;160;163;174;175;176		rcsb_pocket_unoccupied_experimental_fixed_per_construct	False	True	False	17.0	145.0	1.0	0.0	0.0	0.0	0.058823529411764705	0.11764705882352941	0.058823529411764705	0.0	0.058823529411764705	0.11764705882352941	0.058823529411764705	0.11764705882352941	0.058823529411764705	0.058823529411764705	0.0	0.0	0.0	0.058823529411764705	0.0	0.17647058823529413	0.058823529411764705	0.0	0.0	0.6689655172413793	0.15172413793103448	0.1724137931034483	0.006896551724137931	0.0	0.0	0.0	8.565831921927991	13.829933816972192	23.753	21.217	17.988999999999997	5.613060844375709	4.665807196189313	4.482997622132413	0.0	0.09558823529411764	0.10294117647058823	0.15441176470588236	0.19852941176470587	0.33088235294117646	0.11029411764705882	0.007352941176470588	0.0	0.19852941176470587	3.176470588235294	1.2941176470588236
RCSB-5CU2-54G-KD:S3	RCSB-5CU2-54G-KD	S3	construct-047-02852c250924	02852c250924a3332a69bb7b8acf298e0e089e0610d2772eb4cf01b43935f83c	P68400	5CU2	54G	DLGBEGBHXSAQOC-UHFFFAOYSA-N	Cc1ccc(O)c(C(=O)O)c1	4.236572006437063	1NA7	0f3cefb0dfc0d7689180ae20d0f25f611c846b888b4bd9b714f563ccb01f455c	1	A	5CSH	54E	118;119;120;121;124;125;128;132;133;134;136;137;140;158;159;160;161;162;163;164;171;221;222;225	118;119;120;121;124;125;128;132;133;134;136;137;140;158;159;160;161;162;163;164;171;221;222;225		rcsb_pocket_unoccupied_experimental_fixed_per_construct	False	True	False	24.0	206.0	1.0	0.0	0.0	0.0	0.08333333333333333	0.0	0.041666666666666664	0.0	0.041666666666666664	0.125	0.041666666666666664	0.16666666666666666	0.16666666666666666	0.08333333333333333	0.041666666666666664	0.0	0.041666666666666664	0.0	0.041666666666666664	0.041666666666666664	0.0	0.08333333333333333	0.0	0.6650485436893204	0.1553398058252427	0.16019417475728157	0.019417475728155338	0.0	0.0	0.0	8.521741205404114	16.663021427990518	24.986	18.881999999999998	18.174	6.149924526865907	4.382484541848253	3.948712540334709	0.007246376811594203	0.10507246376811594	0.12318840579710146	0.14130434782608695	0.2028985507246377	0.322463768115942	0.07608695652173914	0.021739130434782608	0.0	0.23550724637681159	5.416666666666667	1.3202482931462383
RCSB-7A6W-R3E-KD:S3	RCSB-7A6W-R3E-KD	S3	construct-049-226bc9b1a66a	226bc9b1a66a817531eb53818cd516d599e47e0ace8b491d58681e05d66ec1c7	Q13451	7A6W	R3E	MDPYBQRKSBXYSJ-QCXYFFPESA-N	COc1ccc(CC[C@H]2OC(=O)[C@@H]3CCCCN3C(=O)[C@@H](C3CCCCC3)c3cc(OC)c(c(OC)c3)OCCOC/C=C\COc3cccc2c3)cc1OC	6.97469413473523	3O5P	9ae437bd075f5bc7b09828968edeea0c7cda2f8762dd01b615b7479dc34f2ecc	1	A	7B9Z	T58	45;47;48;49;54;55;56;61;65;72;73;74;75;76;78;100;101;105;106;109;110;116;117;118	45;47;48;49;54;55;56;61;65;72;73;74;75;76;78;100;101;105;106;109;110;116;117;118		rcsb_pocket_unoccupied_experimental_fixed_per_construct	False	True	False	24.0	208.0	1.0	0.0	0.041666666666666664	0.0	0.041666666666666664	0.0	0.16666666666666666	0.125	0.0	0.08333333333333333	0.16666666666666666	0.08333333333333333	0.0	0.0	0.0	0.041666666666666664	0.041666666666666664	0.041666666666666664	0.0	0.041666666666666664	0.041666666666666664	0.08333333333333333	0.0	0.6971153846153846	0.15865384615384615	0.14423076923076922	0.0	0.0	0.0	0.0	9.160371219902515	16.210965180838283	27.143	22.155	19.192999999999998	6.360467985918743	5.210060784778308	4.0388258820400145	0.007246376811594203	0.09782608695652174	0.11956521739130435	0.11231884057971014	0.18115942028985507	0.2608695652173913	0.17028985507246377	0.050724637681159424	0.0	0.2246376811594203	5.166666666666667	2.0949675149960894
RCSB-7A6X-R3B-KD:S3	RCSB-7A6X-R3B-KD	S3	construct-049-226bc9b1a66a	226bc9b1a66a817531eb53818cd516d599e47e0ace8b491d58681e05d66ec1c7	Q13451	7A6X	R3B	YSZSLPRWNYBWRS-LSFNHRITSA-N	COc1ccc(CC[C@H]2OC(=O)[C@@H]3CCCCN3C(=O)[C@@H](C3CCCCC3)c3cc(OC)c(c(OC)c3)OCCCOc3cccc2c3)cc1OC	7.154901959985743	3O5P	9ae437bd075f5bc7b09828968edeea0c7cda2f8762dd01b615b7479dc34f2ecc	1	A	7B9Z	T58	45;47;48;49;54;55;56;61;65;72;73;74;75;76;78;100;101;105;106;109;110;116;117;118	45;47;48;49;54;55;56;61;65;72;73;74;75;76;78;100;101;105;106;109;110;116;117;118		rcsb_pocket_unoccupied_experimental_fixed_per_construct	False	True	False	24.0	208.0	1.0	0.0	0.041666666666666664	0.0	0.041666666666666664	0.0	0.16666666666666666	0.125	0.0	0.08333333333333333	0.16666666666666666	0.08333333333333333	0.0	0.0	0.0	0.041666666666666664	0.041666666666666664	0.041666666666666664	0.0	0.041666666666666664	0.041666666666666664	0.08333333333333333	0.0	0.6971153846153846	0.15865384615384615	0.14423076923076922	0.0	0.0	0.0	0.0	9.160371219902515	16.210965180838283	27.143	22.155	19.192999999999998	6.360467985918743	5.210060784778308	4.0388258820400145	0.007246376811594203	0.09782608695652174	0.11956521739130435	0.11231884057971014	0.18115942028985507	0.2608695652173913	0.17028985507246377	0.050724637681159424	0.0	0.2246376811594203	5.166666666666667	2.0949675149960894
RCSB-4F7V-J1D-KD:S3	RCSB-4F7V-J1D-KD	S3	construct-053-41d32cbef056	41d32cbef0564f4e6085196b0f0b0a87241055f9c2ee636e664d41c53f5ce59b	P26281	4F7V	J1D	QCWCABDSXQYDST-GWKRVTOESA-N	CC1(C)Nc2nc(N)[nH]c(=O)c2N=C1C(=O)NCC(=O)NCCS(=O)(=O)C[C@H]1O[C@@H](n2cnc3c(N)ncnc32)[C@H](O)[C@@H]1O	5.380906669373257	1HKA	9e33cd5a384a0367019283251bfcf495acf21e20c5a8d1586019ff5418b7d253	1	A	3UDV	J1C	7;8;9;42;43;44;45;46;50;53;54;55;70;73;74;77;87;88;89;90;92;95;96;97;98;99;109;110;111;112;113;114;115;116;121;123	7;8;9;42;43;44;45;46;50;53;54;55;70;73;74;77;87;88;89;90;92;95;96;97;98;99;109;110;111;112;113;114;115;116;121;123		rcsb_pocket_unoccupied_experimental_fixed_per_construct	False	True	False	36.0	303.0	1.0	0.0	0.0	0.0	0.05555555555555555	0.08333333333333333	0.027777777777777776	0.08333333333333333	0.027777777777777776	0.05555555555555555	0.0	0.1388888888888889	0.027777777777777776	0.027777777777777776	0.08333333333333333	0.05555555555555555	0.1111111111111111	0.027777777777777776	0.08333333333333333	0.027777777777777776	0.027777777777777776	0.05555555555555555	0.0	0.636963696369637	0.1782178217821782	0.18151815181518152	0.0033003300330033004	0.0	0.0	0.0	11.938967573018273	19.700688488496585	30.633000000000003	29.581000000000003	26.778000000000002	8.790280739200263	6.4813791075531215	4.823031836905146	0.007936507936507936	0.06190476190476191	0.06984126984126984	0.06666666666666667	0.10317460317460317	0.2111111111111111	0.23809523809523808	0.23333333333333334	0.007936507936507936	0.13968253968253969	4.888888888888889	1.7916128329552332
RCSB-5IA5-GV0-KD:S3	RCSB-5IA5-GV0-KD	S3	construct-056-5e2cf644e754	5e2cf644e7545b7dba71e2b656457a43d79ef2598dd7c40b2ca07fe245cb39a8	P29317	5IA5	GV0	UQRCJCNVNUFYDX-UHFFFAOYSA-N	CN1CCN(C2CCN(C(=O)Nc3cc(Oc4ccc(NC(=O)C5(C(=O)Nc6ccc(F)cc6)CC5)c(F)c4)ccn3)CC2)CC1	7.6020599913279625	4P2K	176bc0d5690e2dd6d13fe58cb15edd9c7850655f463d842d4cd281f72a08b626	1	A	5I9Z	627	40;42;44;45;50;66;67;69;86;99;115;116;117;118;119;120;121;122;129;166;167;168;169;179;180	40;42;44;45;50;66;67;69;86;99;115;116;117;118;119;120;121;122;129;166;167;168;169;179;180		rcsb_pocket_unoccupied_experimental_fixed_per_construct	False	True	False	25.0	191.0	1.0	0.0	0.12	0.0	0.04	0.16	0.0	0.08	0.0	0.12	0.08	0.04	0.04	0.08	0.0	0.0	0.04	0.04	0.04	0.08	0.0	0.04	0.0	0.6178010471204188	0.16753926701570682	0.2094240837696335	0.005235602094240838	0.0	0.0	0.0	9.500769649582692	17.9736365014571	24.132	22.483	20.442	6.259949725170328	5.714192558357345	4.292511709801743	0.01	0.08	0.09333333333333334	0.11333333333333333	0.15666666666666668	0.36	0.13	0.056666666666666664	0.0	0.18333333333333332	4.4	2.0199009876724157
RCSB-5IA4-88Z-KD:S3	RCSB-5IA4-88Z-KD	S3	construct-056-5e2cf644e754	5e2cf644e7545b7dba71e2b656457a43d79ef2598dd7c40b2ca07fe245cb39a8	P29317	5IA4	88Z	CXQHYVUVSFXTMY-UHFFFAOYSA-N	COc1cc2c(Oc3ccc(NC(=O)C4(C(=O)Nc5ccc(F)cc5)CC4)cc3F)ccnc2cc1OCCCN1CCOCC1	7.2839966563652006	4P2K	176bc0d5690e2dd6d13fe58cb15edd9c7850655f463d842d4cd281f72a08b626	1	A	5I9Z	627	40;42;44;45;50;66;67;69;86;99;115;116;117;118;119;120;121;122;129;166;167;168;169;179;180	40;42;44;45;50;66;67;69;86;99;115;116;117;118;119;120;121;122;129;166;167;168;169;179;180		rcsb_pocket_unoccupied_experimental_fixed_per_construct	False	True	False	25.0	191.0	1.0	0.0	0.12	0.0	0.04	0.16	0.0	0.08	0.0	0.12	0.08	0.04	0.04	0.08	0.0	0.0	0.04	0.04	0.04	0.08	0.0	0.04	0.0	0.6178010471204188	0.16753926701570682	0.2094240837696335	0.005235602094240838	0.0	0.0	0.0	9.500769649582692	17.9736365014571	24.132	22.483	20.442	6.259949725170328	5.714192558357345	4.292511709801743	0.01	0.08	0.09333333333333334	0.11333333333333333	0.15666666666666668	0.36	0.13	0.056666666666666664	0.0	0.18333333333333332	4.4	2.0199009876724157
RCSB-6EQ2-BU8-KD:S3	RCSB-6EQ2-BU8-KD	S3	construct-058-7dd2d4fe658a	7dd2d4fe658a802fabe6e6b5cba9d392721ca80cd5b42caf168417e0c481af6e	P36639	6EQ2	BU8	KXQPVJRJUJJWQJ-UHFFFAOYSA-N	Nc1nc2ncccc2[nH]1	5.886056647693163	6JVF	f15570285857af6d3fc2d6a302d9da387e9b2fd66a3463204b61064aa8aea9a0	1	B	6EQ5	AX7	9;27;33;70;72;74;81;83;117;119;120;123;139	9;27;33;70;72;74;81;83;117;119;120;123;139		rcsb_pocket_unoccupied_experimental_fixed_per_construct	False	True	False	13.0	127.0	1.0	0.0	0.0	0.0	0.15384615384615385	0.0	0.3076923076923077	0.0	0.0	0.07692307692307693	0.0	0.07692307692307693	0.07692307692307693	0.07692307692307693	0.0	0.0	0.0	0.0	0.0	0.07692307692307693	0.15384615384615385	0.0	0.0	0.7244094488188977	0.12598425196850394	0.14173228346456693	0.007874015748031496	0.0	0.0	0.0	7.489201810826273	12.17117346585485	20.761000000000003	16.753	15.521999999999998	5.203020586212078	3.8459082652899528	3.7716985772608163	0.01282051282051282	0.07692307692307693	0.21794871794871795	0.15384615384615385	0.3076923076923077	0.23076923076923078	0.0	0.0	0.0	0.3076923076923077	3.6923076923076925	1.2639751327042295
RCSB-6EQ6-EV2-KD:S3	RCSB-6EQ6-EV2-KD	S3	construct-058-7dd2d4fe658a	7dd2d4fe658a802fabe6e6b5cba9d392721ca80cd5b42caf168417e0c481af6e	P36639	6EQ6	EV2	LWWDIFFPFOZSSB-UHFFFAOYSA-N	Nc1nc2ccccc2nc1N1CCCC1	4.823908740944319	6JVF	f15570285857af6d3fc2d6a302d9da387e9b2fd66a3463204b61064aa8aea9a0	1	B	6EQ5	AX7	9;27;33;70;72;74;81;83;117;119;120;123;139	9;27;33;70;72;74;81;83;117;119;120;123;139		rcsb_pocket_unoccupied_experimental_fixed_per_construct	False	True	False	13.0	127.0	1.0	0.0	0.0	0.0	0.15384615384615385	0.0	0.3076923076923077	0.0	0.0	0.07692307692307693	0.0	0.07692307692307693	0.07692307692307693	0.07692307692307693	0.0	0.0	0.0	0.0	0.0	0.07692307692307693	0.15384615384615385	0.0	0.0	0.7244094488188977	0.12598425196850394	0.14173228346456693	0.007874015748031496	0.0	0.0	0.0	7.489201810826273	12.17117346585485	20.761000000000003	16.753	15.521999999999998	5.203020586212078	3.8459082652899528	3.7716985772608163	0.01282051282051282	0.07692307692307693	0.21794871794871795	0.15384615384615385	0.3076923076923077	0.23076923076923078	0.0	0.0	0.0	0.3076923076923077	3.6923076923076925	1.2639751327042295
RCSB-5H8E-5Y3-KD:S3	RCSB-5H8E-5Y3-KD	S3	construct-061-920a294dd28c	920a294dd28c44be34ad519a7de9e65ae46653dae7459f2123ec3e7927057431	P68400	5H8E	5Y3	FBMJGDCKBKUMJF-UHFFFAOYSA-N	CC(=O)Nc1cc(Nc2cc(NC3CC3)n3ncc(C#N)c3n2)ccc1N(C)CCN	11.221848745841319	1NA7	0f3cefb0dfc0d7689180ae20d0f25f611c846b888b4bd9b714f563ccb01f455c	1	A	5H8G	5Y4	43;45;46;47;48;49;51;52;53;55;66;67;68;81;95;113;114;115;116;117;118;156;158;160;161;163;174;175;176;177;178	43;45;46;47;48;49;51;52;53;55;66;67;68;81;95;113;114;115;116;117;118;156;158;160;161;163;174;175;176;177;178		rcsb_pocket_unoccupied_experimental_fixed_per_construct	False	True	False	31.0	256.0	1.0	0.0	0.0	0.0	0.06451612903225806	0.12903225806451613	0.03225806451612903	0.0967741935483871	0.06451612903225806	0.06451612903225806	0.0967741935483871	0.06451612903225806	0.03225806451612903	0.0967741935483871	0.0	0.0	0.06451612903225806	0.03225806451612903	0.0	0.12903225806451613	0.03225806451612903	0.0	0.0	0.625	0.1875	0.18359375	0.00390625	0.0	0.0	0.0	10.083660278984945	16.056248100522147	29.307	25.977	23.816	6.759357575950076	5.917467332609461	4.579832982754391	0.008602150537634409	0.07741935483870968	0.07741935483870968	0.0967741935483871	0.12688172043010754	0.3333333333333333	0.210752688172043	0.06881720430107527	0.0	0.16344086021505377	4.903225806451613	1.5314938671573186
RCSB-5H8B-5Y2-KD:S3	RCSB-5H8B-5Y2-KD	S3	construct-061-920a294dd28c	920a294dd28c44be34ad519a7de9e65ae46653dae7459f2123ec3e7927057431	P68400	5H8B	5Y2	GDSQVLMYYCNAGP-UHFFFAOYSA-N	CC(=O)Nc1cc(Nc2cc(NC3CC3)n3ncc(C#N)c3n2)ccc1C	11.301030005371219	1NA7	0f3cefb0dfc0d7689180ae20d0f25f611c846b888b4bd9b714f563ccb01f455c	1	A	5H8G	5Y4	43;45;46;47;48;49;51;52;53;55;66;67;68;81;95;113;114;115;116;117;118;156;158;160;161;163;174;175;176;177;178	43;45;46;47;48;49;51;52;53;55;66;67;68;81;95;113;114;115;116;117;118;156;158;160;161;163;174;175;176;177;178		rcsb_pocket_unoccupied_experimental_fixed_per_construct	False	True	False	31.0	256.0	1.0	0.0	0.0	0.0	0.06451612903225806	0.12903225806451613	0.03225806451612903	0.0967741935483871	0.06451612903225806	0.06451612903225806	0.0967741935483871	0.06451612903225806	0.03225806451612903	0.0967741935483871	0.0	0.0	0.06451612903225806	0.03225806451612903	0.0	0.12903225806451613	0.03225806451612903	0.0	0.0	0.625	0.1875	0.18359375	0.00390625	0.0	0.0	0.0	10.083660278984945	16.056248100522147	29.307	25.977	23.816	6.759357575950076	5.917467332609461	4.579832982754391	0.008602150537634409	0.07741935483870968	0.07741935483870968	0.0967741935483871	0.12688172043010754	0.3333333333333333	0.210752688172043	0.06881720430107527	0.0	0.16344086021505377	4.903225806451613	1.5314938671573186
RCSB-6RL9-SAN-KD:S3	RCSB-6RL9-SAN-KD	S3	construct-062-9efbec4633b7	9efbec4633b7c8a7c0e372c71395e62fc5c5589a95071ecce66b9afa00f9dcdb	P00918	6RL9	SAN	FDDDEECHVMSUSB-UHFFFAOYSA-N	Nc1ccc(S(N)(=O)=O)cc1	5.255707016877324	7Y2J	236bddcb0ae7a91e9be6041672a98b447f71e202822fba16d1c53b5458e1ce97	1	A	6RKN	FBS	92;94;96;106;119;121;130;140;142;196;197;198;199;200;201;206;208	92;94;96;106;119;121;130;140;142;196;197;198;199;200;201;206;208		rcsb_pocket_unoccupied_experimental_fixed_per_construct	False	True	False	17.0	144.0	1.0	0.0	0.0	0.0	0.0	0.058823529411764705	0.058823529411764705	0.0	0.17647058823529413	0.0	0.0	0.11764705882352941	0.0	0.0	0.11764705882352941	0.058823529411764705	0.0	0.058823529411764705	0.11764705882352941	0.17647058823529413	0.058823529411764705	0.0	0.0	0.6666666666666666	0.1736111111111111	0.1597222222222222	0.0	0.0	0.0	0.0	7.853707255300388	13.536394010201935	24.04	17.277	16.802	5.042166022895456	4.431394552207472	4.076766092404921	0.007352941176470588	0.11029411764705882	0.14705882352941177	0.19852941176470587	0.19852941176470587	0.3161764705882353	0.022058823529411766	0.0	0.0	0.2647058823529412	4.235294117647059	1.436065366556906
RCSB-6SD7-L7T-KD:S3	RCSB-6SD7-L7T-KD	S3	construct-062-9efbec4633b7	9efbec4633b7c8a7c0e372c71395e62fc5c5589a95071ecce66b9afa00f9dcdb	P00918	6SD7	L7T	ZWVYQZBCSXCUOO-UHFFFAOYSA-N	NS(=O)(=O)c1c(F)c(F)c(F)c(F)c1F	7.568636235841012	7Y2J	236bddcb0ae7a91e9be6041672a98b447f71e202822fba16d1c53b5458e1ce97	1	A	6RKN	FBS	92;94;96;106;119;121;130;140;142;196;197;198;199;200;201;206;208	92;94;96;106;119;121;130;140;142;196;197;198;199;200;201;206;208		rcsb_pocket_unoccupied_experimental_fixed_per_construct	False	True	False	17.0	144.0	1.0	0.0	0.0	0.0	0.0	0.058823529411764705	0.058823529411764705	0.0	0.17647058823529413	0.0	0.0	0.11764705882352941	0.0	0.0	0.11764705882352941	0.058823529411764705	0.0	0.058823529411764705	0.11764705882352941	0.17647058823529413	0.058823529411764705	0.0	0.0	0.6666666666666666	0.1736111111111111	0.1597222222222222	0.0	0.0	0.0	0.0	7.853707255300388	13.536394010201935	24.04	17.277	16.802	5.042166022895456	4.431394552207472	4.076766092404921	0.007352941176470588	0.11029411764705882	0.14705882352941177	0.19852941176470587	0.19852941176470587	0.3161764705882353	0.022058823529411766	0.0	0.0	0.2647058823529412	4.235294117647059	1.436065366556906
RCSB-3B9L-AZZ-KD:S3	RCSB-3B9L-AZZ-KD	S3	construct-063-a35bb68136a5	a35bb68136a5125af3a3f3c491520a248e39ed972d4c377c5b823a5f41dab387	P02768	3B9L	AZZ	HBOMLICNUCNMMY-XLPZGREQSA-N	Cc1cn([C@H]2C[C@H](N=[N+]=[N-])[C@@H](CO)O2)c(=O)[nH]c1=O	4.356547323513812	7VR0	4d22b4c0b2097f615e49444d45ab2c164c63617960d0e32ddbe6b7e060c79402	1	A	2BXG	IBP	387;388;391;392;395;403;407;410;411;414;430;431;433;434;435;437;438;449;450;453;457;485;488;489	387;388;391;392;395;403;407;410;411;414;430;431;433;434;435;437;438;449;450;453;457;485;488;489		rcsb_pocket_unoccupied_experimental_fixed_per_construct	False	True	False	24.0	191.0	1.0	0.0	0.041666666666666664	0.125	0.0	0.041666666666666664	0.125	0.08333333333333333	0.0	0.041666666666666664	0.041666666666666664	0.20833333333333334	0.0	0.041666666666666664	0.0	0.0	0.08333333333333333	0.08333333333333333	0.0	0.041666666666666664	0.0	0.041666666666666664	0.0	0.6596858638743456	0.16753926701570682	0.15706806282722513	0.015706806282722512	0.0	0.0	0.0	8.753531639626912	15.202625792298099	23.388	18.405	15.466999999999999	6.607300778048086	4.603013641689996	3.432223478850169	0.007246376811594203	0.11231884057971014	0.12681159420289856	0.14492753623188406	0.18840579710144928	0.27898550724637683	0.11956521739130435	0.021739130434782608	0.0	0.2463768115942029	5.666666666666667	1.6244657241348273
RCSB-4Z69-DIF-KD:S3	RCSB-4Z69-DIF-KD	S3	construct-063-a35bb68136a5	a35bb68136a5125af3a3f3c491520a248e39ed972d4c377c5b823a5f41dab387	P02768	4Z69	DIF	DCOPUUMXTXDBNB-UHFFFAOYSA-N	O=C(O)Cc1ccccc1Nc1c(Cl)cccc1Cl	5.609948503541013	7VR0	4d22b4c0b2097f615e49444d45ab2c164c63617960d0e32ddbe6b7e060c79402	1	A	2BXG	IBP	387;388;391;392;395;403;407;410;411;414;430;431;433;434;435;437;438;449;450;453;457;485;488;489	387;388;391;392;395;403;407;410;411;414;430;431;433;434;435;437;438;449;450;453;457;485;488;489		rcsb_pocket_unoccupied_experimental_fixed_per_construct	False	True	False	24.0	191.0	1.0	0.0	0.041666666666666664	0.125	0.0	0.041666666666666664	0.125	0.08333333333333333	0.0	0.041666666666666664	0.041666666666666664	0.20833333333333334	0.0	0.041666666666666664	0.0	0.0	0.08333333333333333	0.08333333333333333	0.0	0.041666666666666664	0.0	0.041666666666666664	0.0	0.6596858638743456	0.16753926701570682	0.15706806282722513	0.015706806282722512	0.0	0.0	0.0	8.753531639626912	15.202625792298099	23.388	18.405	15.466999999999999	6.607300778048086	4.603013641689996	3.432223478850169	0.007246376811594203	0.11231884057971014	0.12681159420289856	0.14492753623188406	0.18840579710144928	0.27898550724637683	0.11956521739130435	0.021739130434782608	0.0	0.2463768115942029	5.666666666666667	1.6244657241348273
RCSB-3BUH-AED-KD:S3	RCSB-3BUH-AED-KD	S3	construct-064-ad692e3f3920	ad692e3f3920aa40ca5d4e313dfe51eadd2d494d07edff61a311e0ddf683c427	P56817	3BUH	AED	DOCCSEDGBYCYLS-UHFFFAOYSA-N	NCCc1ccc(O)c(C2CCCCC2)c1	3.6575773191777934	2ZHV	3f039d142692e23f35ae2b91f693d96ef7a75d0170a8039ed6fde9d76933ed63	1	A	3BRA	AEF	48;50;52;53;89;125;126;127;128;133;136;246;248;249	48;50;52;53;89;125;126;127;128;133;136;246;248;249		rcsb_pocket_unoccupied_experimental_fixed_per_construct	False	True	False	14.0	118.0	1.0	0.0	0.0	0.0	0.14285714285714285	0.0	0.14285714285714285	0.14285714285714285	0.0	0.14285714285714285	0.07142857142857142	0.07142857142857142	0.0	0.0	0.0	0.0	0.0	0.07142857142857142	0.07142857142857142	0.0	0.07142857142857142	0.07142857142857142	0.0	0.6864406779661016	0.13559322033898305	0.17796610169491525	0.0	0.0	0.0	0.0	8.164925787387473	14.137687285277094	20.346999999999994	17.839000000000002	15.927	6.066492459479462	4.448764609081545	3.173669139278279	0.02197802197802198	0.10989010989010989	0.15384615384615385	0.13186813186813187	0.15384615384615385	0.31868131868131866	0.10989010989010989	0.0	0.0	0.2857142857142857	3.7142857142857144	1.5779087167410373
RCSB-3BUG-AEH-KD:S3	RCSB-3BUG-AEH-KD	S3	construct-064-ad692e3f3920	ad692e3f3920aa40ca5d4e313dfe51eadd2d494d07edff61a311e0ddf683c427	P56817	3BUG	AEH	LDAFQVRTSOETPE-UHFFFAOYSA-N	CCc1cc(CCN)ccc1O	3.1804560644581317	2ZHV	3f039d142692e23f35ae2b91f693d96ef7a75d0170a8039ed6fde9d76933ed63	1	A	3BRA	AEF	48;50;52;53;89;125;126;127;128;133;136;246;248;249	48;50;52;53;89;125;126;127;128;133;136;246;248;249		rcsb_pocket_unoccupied_experimental_fixed_per_construct	False	True	False	14.0	118.0	1.0	0.0	0.0	0.0	0.14285714285714285	0.0	0.14285714285714285	0.14285714285714285	0.0	0.14285714285714285	0.07142857142857142	0.07142857142857142	0.0	0.0	0.0	0.0	0.0	0.07142857142857142	0.07142857142857142	0.0	0.07142857142857142	0.07142857142857142	0.0	0.6864406779661016	0.13559322033898305	0.17796610169491525	0.0	0.0	0.0	0.0	8.164925787387473	14.137687285277094	20.346999999999994	17.839000000000002	15.927	6.066492459479462	4.448764609081545	3.173669139278279	0.02197802197802198	0.10989010989010989	0.15384615384615385	0.13186813186813187	0.15384615384615385	0.31868131868131866	0.10989010989010989	0.0	0.0	0.2857142857142857	3.7142857142857144	1.5779087167410373
RCSB-2XHT-C0Y-KD:S3	RCSB-2XHT-C0Y-KD	S3	construct-065-c6820d7c5ca9	c6820d7c5ca9a7f069c03d0e608d8f035bcc82fbe261c44bbfc515b6e1f3d7fe	P07900	2XHT	C0Y	KPZLYGXXDVGCGM-UHFFFAOYSA-N	CC(C)(C)c1cc(C(=O)N2CCOCC2)ccc1O	5.958607314841775	5J80	6560f7592f4cb21c244d94d3658137110a6f6715e062fddfcc92c26f2c8f3f4e	1	A	2XAB	VHD	39;40;43;44;45;46;47;48;50;85;87;88;89;90;98;99;100;101;130;142;144;175;176;178	39;40;43;44;45;46;47;48;50;85;87;88;89;90;98;99;100;101;130;142;144;175;176;178		rcsb_pocket_unoccupied_experimental_fixed_per_construct	False	True	False	24.0	166.0	1.0	0.0	0.08333333333333333	0.0	0.08333333333333333	0.041666666666666664	0.041666666666666664	0.16666666666666666	0.0	0.041666666666666664	0.041666666666666664	0.08333333333333333	0.041666666666666664	0.08333333333333333	0.0	0.0	0.0	0.08333333333333333	0.125	0.08333333333333333	0.0	0.0	0.0	0.608433734939759	0.16265060240963855	0.22289156626506024	0.006024096385542169	0.0	0.0	0.0	8.351713389439203	14.898532833577674	23.09	21.065	19.465999999999998	5.674900864986996	4.7157120568165825	3.9126303823773894	0.021739130434782608	0.11594202898550725	0.13043478260869565	0.14855072463768115	0.17753623188405798	0.2971014492753623	0.10507246376811594	0.0036231884057971015	0.0	0.26811594202898553	6.166666666666667	2.0949675149960894
RCSB-2XDL-2DL-KD:S3	RCSB-2XDL-2DL-KD	S3	construct-065-c6820d7c5ca9	c6820d7c5ca9a7f069c03d0e608d8f035bcc82fbe261c44bbfc515b6e1f3d7fe	P07900	2XDL	2DL	BQJODPIMMWWMFC-UHFFFAOYSA-N	CCN(CC)C(=O)c1ccc(O)c(OC)c1	3.102372908709558	5J80	6560f7592f4cb21c244d94d3658137110a6f6715e062fddfcc92c26f2c8f3f4e	1	A	2XAB	VHD	39;40;43;44;45;46;47;48;50;85;87;88;89;90;98;99;100;101;130;142;144;175;176;178	39;40;43;44;45;46;47;48;50;85;87;88;89;90;98;99;100;101;130;142;144;175;176;178		rcsb_pocket_unoccupied_experimental_fixed_per_construct	False	True	False	24.0	166.0	1.0	0.0	0.08333333333333333	0.0	0.08333333333333333	0.041666666666666664	0.041666666666666664	0.16666666666666666	0.0	0.041666666666666664	0.041666666666666664	0.08333333333333333	0.041666666666666664	0.08333333333333333	0.0	0.0	0.0	0.08333333333333333	0.125	0.08333333333333333	0.0	0.0	0.0	0.608433734939759	0.16265060240963855	0.22289156626506024	0.006024096385542169	0.0	0.0	0.0	8.351713389439203	14.898532833577674	23.09	21.065	19.465999999999998	5.674900864986996	4.7157120568165825	3.9126303823773894	0.021739130434782608	0.11594202898550725	0.13043478260869565	0.14855072463768115	0.17753623188405798	0.2971014492753623	0.10507246376811594	0.0036231884057971015	0.0	0.26811594202898553	6.166666666666667	2.0949675149960894
RCSB-6X4P-UOG-KD:S3	RCSB-6X4P-UOG-KD	S3	construct-069-eae4b87a5d0e	eae4b87a5d0eec79deb04e04c0f5bd00d350506eaa1bf4bf9e3fe7a1807a0bae	P62937	6X4P	UOG	YVBYTKCYPFMUBG-FFZLYJDLSA-N	CC(C)[C@@H]1OC(=O)C(C)(C)/C=C/c2ccc3ccc(nc3c2)[C@@H](C)NC(=O)[C@@H]2CCCN(N2)C(=O)[C@H](C)NC1=O	8.045757490560675	5F66	498e4b17cd5bacc2331033a39807d35c9a93428258979a149e8ccd122fbc65e7	1	A	6X4O	UO7	54;55;57;60;61;63;72;73;74;100;101;102;103;104;111;112;113;122;126;149	54;55;57;60;61;63;72;73;74;100;101;102;103;104;111;112;113;122;126;149		rcsb_pocket_unoccupied_experimental_fixed_per_construct	False	True	False	20.0	159.0	1.0	0.0	0.1	0.0	0.0	0.0	0.15	0.15	0.1	0.05	0.0	0.05	0.1	0.1	0.0	0.1	0.05	0.0	0.05	0.0	0.0	0.0	0.0	0.6352201257861635	0.1949685534591195	0.15723270440251572	0.012578616352201259	0.0	0.0	0.0	8.514290254049397	15.548576743234081	24.534	20.66	17.62	5.84245651782614	5.094880576635891	3.5215099428128447	0.021052631578947368	0.1	0.11052631578947368	0.13157894736842105	0.19473684210526315	0.2631578947368421	0.15789473684210525	0.021052631578947368	0.0	0.23157894736842105	4.4	2.0346989949375804
RCSB-6X4N-UOD-KD:S3	RCSB-6X4N-UOD-KD	S3	construct-069-eae4b87a5d0e	eae4b87a5d0eec79deb04e04c0f5bd00d350506eaa1bf4bf9e3fe7a1807a0bae	P62937	6X4N	UOD	XCZDYKRNHKYRTQ-HQHUNAKVSA-N	CC(C)[C@@H]1NC(=O)C(C)(C)/C=C/c2ccc3ccc(nc3c2)[C@@H](C)OC(=O)[C@@H]2CCCN(N2)C(=O)[C@H](C)NC1=O	8.397940008672037	5F66	498e4b17cd5bacc2331033a39807d35c9a93428258979a149e8ccd122fbc65e7	1	A	6X4O	UO7	54;55;57;60;61;63;72;73;74;100;101;102;103;104;111;112;113;122;126;149	54;55;57;60;61;63;72;73;74;100;101;102;103;104;111;112;113;122;126;149		rcsb_pocket_unoccupied_experimental_fixed_per_construct	False	True	False	20.0	159.0	1.0	0.0	0.1	0.0	0.0	0.0	0.15	0.15	0.1	0.05	0.0	0.05	0.1	0.1	0.0	0.1	0.05	0.0	0.05	0.0	0.0	0.0	0.0	0.6352201257861635	0.1949685534591195	0.15723270440251572	0.012578616352201259	0.0	0.0	0.0	8.514290254049397	15.548576743234081	24.534	20.66	17.62	5.84245651782614	5.094880576635891	3.5215099428128447	0.021052631578947368	0.1	0.11052631578947368	0.13157894736842105	0.19473684210526315	0.2631578947368421	0.15789473684210525	0.021052631578947368	0.0	0.23157894736842105	4.4	2.0346989949375804
RCSB-8UC9-QBC-KD:S3	RCSB-8UC9-QBC-KD	S3	construct-072-0883ef7c2bf6	0883ef7c2bf6cdc9e0765958de845b70ec4088d38a990d7d3c91aceec54f6a4e	Q07890	8UC9	QBC	NDRZSRWMMUGOBP-UHFFFAOYSA-N	Nc1ccnc2cc(Cl)ccc12	3.481486060122113	6EIE	bf848ccafdcc5175e46e1246873ffdc1d9f9d66bf9841b144232e5bcac316e64	1	A	8T5G	THA	319;320;324;325;326;327;328;331;332;339;342;343;346	319;320;324;325;326;327;328;331;332;339;342;343;346		rcsb_pocket_unoccupied_experimental_fixed_per_construct	False	True	False	13.0	115.0	1.0	0.0	0.0	0.0	0.15384615384615385	0.07692307692307693	0.07692307692307693	0.0	0.0	0.0	0.0	0.15384615384615385	0.0	0.07692307692307693	0.0	0.0	0.15384615384615385	0.0	0.0	0.23076923076923078	0.0	0.07692307692307693	0.0	0.6434782608695652	0.17391304347826086	0.1826086956521739	0.0	0.0	0.0	0.0	7.4470424157059325	12.196664990265312	22.077000000000005	14.084	13.369	5.594957403086484	4.333351931562334	2.318825874488203	0.0	0.14102564102564102	0.24358974358974358	0.10256410256410256	0.23076923076923078	0.20512820512820512	0.07692307692307693	0.0	0.0	0.38461538461538464	4.615384615384615	1.3323467750529823
RCSB-5T9W-78E-KD:S3	RCSB-5T9W-78E-KD	S3	construct-075-11667023dc36	11667023dc361f6059a18bcc6338a39027f0a05b5fc8c877ccdb0599e8fe0c13	P62937	5T9W	78E	ZXIFDXMZMTULOX-WDJUPVIMSA-N	CC(C)[C@@H]1NC(=O)CCCC/C=C/C=C/CCOC(=O)[C@@H]2CCCN(N2)C(=O)[C@H](Cc2cccc(O)c2)NC1=O	5.585026652029182	5F66	498e4b17cd5bacc2331033a39807d35c9a93428258979a149e8ccd122fbc65e7	1	A	5TA4	838	54;55;57;60;61;63;71;72;73;74;100;101;102;103;104;111;112;113;122;126;148;149;150	54;55;57;60;61;63;71;72;73;74;100;101;102;103;104;111;112;113;122;126;148;149;150		rcsb_pocket_unoccupied_experimental_fixed_per_construct	False	True	False	23.0	182.0	1.0	0.0	0.08695652173913043	0.0	0.0	0.0	0.13043478260869565	0.17391304347826086	0.08695652173913043	0.043478260869565216	0.0	0.043478260869565216	0.08695652173913043	0.13043478260869565	0.0	0.08695652173913043	0.08695652173913043	0.0	0.043478260869565216	0.0	0.0	0.0	0.0	0.6208791208791209	0.2087912087912088	0.15934065934065933	0.01098901098901099	0.0	0.0	0.0	9.138378512799482	15.577327642650232	25.134999999999998	20.66	17.62	6.542968365769139	5.3546408051568966	3.4680468069921297	0.019762845849802372	0.09881422924901186	0.09881422924901186	0.1225296442687747	0.16600790513833993	0.25691699604743085	0.18181818181818182	0.05533596837944664	0.0	0.21739130434782608	4.782608695652174	1.8167462970240156
RCSB-6TD2-N2K-KD:S3	RCSB-6TD2-N2K-KD	S3	construct-078-1cc8ce95bee6	1cc8ce95bee616a957f7f03926a39d8d8b92e53a87565df673d26c54dbb11bd4	P21836	6TD2	N2K	UJMFKSSVUDLNIV-UHFFFAOYSA-N	CCN(CC)CCNS(=O)(=O)Cc1ccc(C(F)(F)F)cc1	5.036212172654444	5DTI	16fb3a1d326033341b0b19ecae3e3d3cf226e79d94241fa290ac3292d13611fe	1	A	5EIE	TZ2	77;85;86;89;123;124;125;127;128;129;133;136;205;206;298;300;340;341;442;446;449;450;451;452;454	77;85;86;89;123;124;125;127;128;129;133;136;205;206;298;300;340;341;442;446;449;450;451;452;454		rcsb_pocket_unoccupied_experimental_fixed_per_construct	False	True	False	25.0	210.0	1.0	0.0	0.0	0.0	0.04	0.04	0.12	0.24	0.04	0.04	0.0	0.04	0.04	0.0	0.04	0.0	0.0	0.08	0.04	0.0	0.08	0.16	0.0	0.6857142857142857	0.1380952380952381	0.17142857142857143	0.004761904761904762	0.0	0.0	0.0	9.086334542596223	15.035007037356388	24.192999999999998	23.035	20.032999999999998	5.817647686085105	5.5276040749498225	4.261694969277374	0.02666666666666667	0.06333333333333334	0.10666666666666667	0.13666666666666666	0.16333333333333333	0.32	0.16666666666666666	0.016666666666666666	0.0	0.19666666666666666	4.72	1.5879546593023366
RCSB-6T9C-MX8-KD:S3	RCSB-6T9C-MX8-KD	S3	construct-081-24e4a9c7d2a9	24e4a9c7d2a9cc591c4b711d4dbdf83f7ec8be561829a7c12aac95ab5b2deec5	P37231	6T9C	MX8	GUGHZGUQZCBZHP-INIZCTEOSA-N	CCCCCCOc1ccc(C(=O)N[C@H](C(=O)NO)C(C)C)cc1	6.910094888560602	6L8B	3449e4e59aef9e04cede7397499ea22a95d598cd722d6dcb78e2e8a02d6bcce3	1	A	6QJ5	H8R	34;88;90;91;92;93;94;95;96;97;129;132;133;136;139;145;146;147;148;149;150;169;170;173;255;259;271;275;279	34;88;90;91;92;93;94;95;96;97;129;132;133;136;139;145;146;147;148;149;150;169;170;173;255;259;271;275;279		rcsb_pocket_unoccupied_experimental_fixed_per_construct	False	True	False	29.0	244.0	1.0	0.0	0.0	0.034482758620689655	0.0	0.06896551724137931	0.10344827586206896	0.06896551724137931	0.06896551724137931	0.06896551724137931	0.034482758620689655	0.2413793103448276	0.034482758620689655	0.0	0.0	0.034482758620689655	0.034482758620689655	0.06896551724137931	0.0	0.06896551724137931	0.0	0.06896551724137931	0.0	0.680327868852459	0.1557377049180328	0.1557377049180328	0.00819672131147541	0.0	0.0	0.0	9.882240727869577	16.388420654126485	29.198999999999998	24.406	20.43	7.428599782133474	5.152801822781273	3.990391015375905	0.0024630541871921183	0.0812807881773399	0.08620689655172414	0.08866995073891626	0.17733990147783252	0.3078817733990148	0.16748768472906403	0.08866995073891626	0.0	0.16995073891625614	4.758620689655173	1.430099403677774
RCSB-1LI3-3CH-KD:S3	RCSB-1LI3-3CH-KD	S3	construct-088-4200e5f1c56e	4200e5f1c56e213c37d4f7bf28426e869da045036bbd5373a2f4c042b35d5848	P00720	1LI3	3CH	HORNXRXVQWOLPJ-UHFFFAOYSA-N	Oc1cccc(Cl)c1	4.251811972993799	1P7S	ef0d13609dc6b4edb7352f3a3cb81c8701139abe3f19483b7570b3677c4a5c35	1	A	1LGW	1AN	78;84;85;87;88;91;98;99;100;102;103;111;118;121;133;153	78;84;85;87;88;91;98;99;100;102;103;111;118;121;133;153		rcsb_pocket_unoccupied_experimental_fixed_per_construct	False	True	False	16.0	131.0	1.0	0.0	0.0625	0.0	0.0	0.0	0.0625	0.0	0.0	0.1875	0.0625	0.375	0.0625	0.0	0.0	0.0	0.0	0.0	0.0	0.125	0.0	0.0625	0.0	0.732824427480916	0.1297709923664122	0.1297709923664122	0.007633587786259542	0.0	0.0	0.0	7.581269212279932	13.681340521278623	19.425	19.352000000000004	15.125	5.290936444792324	4.256689136352342	3.3707910054899397	0.0	0.13333333333333333	0.175	0.175	0.25833333333333336	0.225	0.025	0.008333333333333333	0.0	0.30833333333333335	4.625	2.117634293262177
RCSB-2IKJ-393-KD:S3	RCSB-2IKJ-393-KD	S3	construct-091-4834dba4d3ca	4834dba4d3ca11235b0677689d4ce946e482d57f7d4e30bf505f6a06dcbbc357	P15121	2IKJ	393	VABIMMIJVWNHFI-UHFFFAOYSA-N	O=C(O)COc1cc(Cl)ccc1C(=O)NCc1cccc([N+](=O)[O-])c1	7.853871964321762	1XGD	94266b283dc4c103c01c955a321861cb5a5fc2b38012a78da54776b26467623a	1	A	1PWL	BFI	20;21;43;47;48;49;77;79;80;110;111;113;115;122;160;209;219;298;299;300;303;309;310;311	20;21;43;47;48;49;77;79;80;110;111;113;115;122;160;209;219;298;299;300;303;309;310;311		rcsb_pocket_unoccupied_experimental_fixed_per_construct	False	True	False	24.0	226.0	1.0	0.0	0.041666666666666664	0.125	0.041666666666666664	0.0	0.125	0.0	0.041666666666666664	0.0	0.08333333333333333	0.041666666666666664	0.0	0.041666666666666664	0.041666666666666664	0.041666666666666664	0.0	0.0	0.041666666666666664	0.041666666666666664	0.16666666666666666	0.125	0.0	0.6991150442477876	0.14601769911504425	0.1415929203539823	0.01327433628318584	0.0	0.0	0.0	10.81276806288242	25.82359784189117	29.102000000000004	27.358	26.09	7.7397187651903545	6.4641073492300345	3.9023099306795968	0.010869565217391304	0.06521739130434782	0.10144927536231885	0.12681159420289856	0.13405797101449277	0.2536231884057971	0.17753623188405798	0.11956521739130435	0.010869565217391304	0.17753623188405798	4.083333333333333	1.70579079087156
RCSB-6CQ1-F8J-KD:S3	RCSB-6CQ1-F8J-KD	S3	construct-094-4d70d9d3dad0	4d70d9d3dad0f5772f9d658bf083903cb00229fe79725e08d8c68b9f11403bc1	P41182	6CQ1	F8J	DCSGGGDRUYCRAM-UHFFFAOYSA-N	CC(C)NC(=O)Cn1cc(CN2CCN(C)CC2)c2ccc(NC(=S)NCCc3c[nH]c4ccccc34)cc21	3.6595558851598815	1R29	5e3a792abf25265abbe8f18cba619fd470a07dba093ac8514cd968506568feb1	1	A	6C3N	EHY	49;50;51;52;53;54;56;111	49;50;51;52;53;54;56;111		rcsb_pocket_unoccupied_experimental_fixed_per_construct	False	True	False	8.0	58.0	1.0	0.0	0.125	0.125	0.0	0.0	0.0	0.125	0.0	0.0	0.0	0.125	0.125	0.0	0.0	0.125	0.0	0.125	0.0	0.0	0.0	0.125	0.0	0.6206896551724138	0.15517241379310345	0.1896551724137931	0.034482758620689655	0.0	0.0	0.0	5.431561883806708	8.225554429629156	14.444	12.484	9.014000000000003	4.03723509603494	3.0740480804970303	1.9372211220607092	0.10714285714285714	0.2857142857142857	0.25	0.25	0.10714285714285714	0.0	0.0	0.0	0.0	0.6428571428571429	4.5	1.3228756555322954
RCSB-4EY7-E20-KD:S3	RCSB-4EY7-E20-KD	S3	construct-095-5413b51ed388	5413b51ed3886990a315757d9fc00a4f26054d7172c7d97bda8aff92f172e80e	P22303	4EY7	E20	ADEBPBSSDYVVLD-HXUWFJFHSA-N	COc1cc2c(cc1OC)C(=O)[C@H](CC1CCN(Cc3ccccc3)CC1)C2	8.096910013008056	6O69	1e702cf6c8e63304c54259a129d2849ca732d71dbfe31e3ce11b567579b00ca8	1	A	4EY5	HUP	70;73;81;82;85;86;118;119;120;121;122;123;124;125;126;129;132;201;202;294;296;336;337;340;438;446;447;448;450	70;73;81;82;85;86;118;119;120;121;122;123;124;125;126;129;132;201;202;294;296;336;337;340;438;446;447;448;450		rcsb_pocket_unoccupied_experimental_fixed_per_construct	False	True	False	29.0	252.0	1.0	0.0	0.034482758620689655	0.0	0.034482758620689655	0.034482758620689655	0.13793103448275862	0.20689655172413793	0.034482758620689655	0.034482758620689655	0.0	0.034482758620689655	0.0	0.034482758620689655	0.0	0.034482758620689655	0.0	0.06896551724137931	0.034482758620689655	0.0	0.06896551724137931	0.20689655172413793	0.0	0.6865079365079365	0.1388888888888889	0.1746031746031746	0.0	0.0	0.0	0.0	9.212564291190509	15.71981176196061	23.857999999999997	21.769	21.437	5.861439673168959	5.501426396552517	4.499908152444297	0.024630541871921183	0.054187192118226604	0.11330049261083744	0.14532019704433496	0.17733990147783252	0.33251231527093594	0.15024630541871922	0.0024630541871921183	0.0	0.1921182266009852	5.379310344827586	1.9724620201482885
RCSB-8HHP-NZA-KD:S3	RCSB-8HHP-NZA-KD	S3	construct-099-64e2bd6b555d	64e2bd6b555d79affc08f76a5aee6fb14a1d8858069da8a34c3ae89d63aa754b	P37231	8HHP	NZA	VUPOTURDKDMIGQ-UHFFFAOYSA-N	O=C(O)c1c(Sc2ccccc2)c2cc(Cl)ccc2n1Cc1ccc(Cl)cc1	7.537602002101044	6L8B	3449e4e59aef9e04cede7397499ea22a95d598cd722d6dcb78e2e8a02d6bcce3	1	A	2VSR	9HO	84;87;88;91;92;94;95;96;98;129;132;133;136;139;140;145;146;147;154;159;162;166;169;170;173;255;259;275;279	84;87;88;91;92;94;95;96;98;129;132;133;136;139;140;145;146;147;154;159;162;166;169;170;173;255;259;275;279		rcsb_pocket_unoccupied_experimental_fixed_per_construct	False	True	False	29.0	246.0	1.0	0.0	0.06896551724137931	0.034482758620689655	0.0	0.0	0.10344827586206896	0.0	0.06896551724137931	0.10344827586206896	0.034482758620689655	0.2413793103448276	0.10344827586206896	0.0	0.0	0.034482758620689655	0.034482758620689655	0.034482758620689655	0.0	0.06896551724137931	0.0	0.06896551724137931	0.0	0.6951219512195121	0.15447154471544716	0.13414634146341464	0.016260162601626018	0.0	0.0	0.0	9.718076121103131	16.43420835997521	28.282	23.486	19.537999999999997	6.499792649666756	5.875457878629431	4.203890308195998	0.0	0.07389162561576355	0.08866995073891626	0.08866995073891626	0.18719211822660098	0.3054187192118227	0.19458128078817735	0.06157635467980296	0.0	0.1625615763546798	4.551724137931035	1.0695215461566083
RCSB-5U8F-82G-KD:S3	RCSB-5U8F-82G-KD	S3	construct-100-68fa759a793c	68fa759a793c58fdf621cdcc6f85a5c0fac58f9297b4d8936fecfbd333c9e991	O75530	5U8F	82G	XAWMNFFOVCNWGF-OIBXWCBGSA-N	CN(C)[C@H]1CN([C@H]2CCc3cccc(F)c32)C[C@@H]1c1cn(C)c2ccccc12	8.0	3JZN	9bad606ca9555fa98c56f76f4236952117ecae00e43a5c9535c5b4147b4e9050	1	A	5U69	LQD	20;21;22;23;71;73;119;163;165;166;181;235;236;289;290;291;292;339;340;355	20;21;22;23;71;73;119;163;165;166;181;235;236;289;290;291;292;339;340;355		rcsb_pocket_unoccupied_experimental_fixed_per_construct	False	True	False	20.0	176.0	1.0	0.0	0.0	0.05	0.1	0.05	0.05	0.05	0.0	0.0	0.0	0.1	0.1	0.1	0.05	0.05	0.1	0.05	0.0	0.0	0.05	0.1	0.0	0.6306818181818182	0.17045454545454544	0.18181818181818182	0.017045454545454544	0.0	0.0	0.0	8.315614301823041	13.929624180359037	21.668	20.781999999999996	19.506999999999998	6.05092327653247	4.292596687687176	3.75624578469761	0.0	0.12631578947368421	0.13157894736842105	0.1368421052631579	0.18421052631578946	0.26842105263157895	0.14210526315789473	0.010526315789473684	0.0	0.2578947368421053	4.9	1.8947295321496416
RCSB-5Y0X-8JR-KD:S3	RCSB-5Y0X-8JR-KD	S3	construct-102-6eebf5264d70	6eebf5264d7052b0912f015ef51459a1360d277f075573340a17e7f8bd3a0abb	P15090	5Y0X	8JR	GBWOMBQVUCUIGY-UHFFFAOYSA-N	COc1ccc(S(=O)(=O)Nc2cccc(C(=O)O)c2F)c2ccccc12	5.219682687859849	3RZY	e036af192900ba1f75dc9570b602af500e13c86fceb05a95fc9aac64116b7774	1	A	5Y0G	8JL	18;24;27;28;31;33;37;41;42;44;46;48;61;63;65;80;82;83;84;86;101;103;110;111;112;114;123;124;125;132;134;136	18;24;27;28;31;33;37;41;42;44;46;48;61;63;65;80;82;83;84;86;101;103;110;111;112;114;123;124;125;132;134;136		rcsb_pocket_unoccupied_experimental_fixed_per_construct	False	True	False	32.0	255.0	1.0	0.0	0.09375	0.03125	0.03125	0.0625	0.0625	0.03125	0.03125	0.03125	0.0	0.03125	0.0625	0.0	0.03125	0.03125	0.09375	0.09375	0.125	0.09375	0.0	0.0625	0.0	0.6274509803921569	0.17254901960784313	0.18823529411764706	0.011764705882352941	0.0	0.0	0.0	9.530864773871462	14.513597242350244	25.54	25.198999999999998	22.855	6.013460213038774	5.891589809717116	4.468204238624394	0.0020161290322580645	0.08064516129032258	0.0907258064516129	0.10483870967741936	0.15120967741935484	0.31048387096774194	0.23790322580645162	0.02217741935483871	0.0	0.17338709677419356	5.375	1.5360257159305635
RCSB-7OAK-V6B-KD:S3	RCSB-7OAK-V6B-KD	S3	construct-103-710261cb700a	710261cb700a8c90ade29495b6a2f379ed2be94f37a14d1ea90b00463162a6b5	O14936	7OAK	V6B	BPLPIBNWDLPUKP-UHFFFAOYSA-N	Cc1cc(Br)c(CNc2ncc(C(=O)NCCCN3CCOC3=O)c(NC3CCCC3)n2)cc1Br	7.657577319177793	3MFT	b637bfee0f875bc80bc875076811994a9058ad2d431f30078d91e5599280dd6c	1	A	7OAL	V62	32;33;34;40;52;53;55;89;105;106;107;108;109;110;111;116;119;159;160;161;162;166;173;174;175;176;177	32;33;34;40;52;53;55;89;105;106;107;108;109;110;111;116;119;159;160;161;162;166;173;174;175;176;177		rcsb_pocket_unoccupied_experimental_fixed_per_construct	False	True	False	27.0	215.0	1.0	0.0	0.07407407407407407	0.0	0.07407407407407407	0.1111111111111111	0.14814814814814814	0.1111111111111111	0.0	0.037037037037037035	0.18518518518518517	0.07407407407407407	0.037037037037037035	0.037037037037037035	0.0	0.0	0.0	0.0	0.0	0.1111111111111111	0.0	0.0	0.0	0.6651162790697674	0.15348837209302327	0.17674418604651163	0.004651162790697674	0.0	0.0	0.0	9.735427866435225	18.820649659640466	30.174	25.889	24.05	6.597419327906793	5.2862412960281615	4.827863597337016	0.008547008547008548	0.09686609686609686	0.09116809116809117	0.1111111111111111	0.14814814814814814	0.31339031339031337	0.17094017094017094	0.05982905982905983	0.0	0.19658119658119658	5.111111111111111	2.006163342807532
RCSB-1ONZ-968-KD:S3	RCSB-1ONZ-968-KD	S3	construct-105-752a2a811a16	752a2a811a16df9be1c38dc3666a3bdd50d5498206eb349325374b3b869ecf71	P18031	1ONZ	968	IGOULVZYQKJJKC-UHFFFAOYSA-N	O=C(O)C(=O)N(c1ccccc1C(=O)O)c1cccc2ccc(O)cc12	5.096910013008056	1OEM	a322f1da4f97cf9e8a4d101f73e7f49405e62a0b57a1663d0ccd062977addc4b	1	A	1NO6	794	46;48;49;115;116;120;179;180;181;183;215;216;217;218;219;220;221;222;262;263;266	46;48;49;115;116;120;179;180;181;183;215;216;217;218;219;220;221;222;262;263;266		rcsb_pocket_unoccupied_experimental_fixed_per_construct	False	True	False	21.0	162.0	1.0	0.0	0.047619047619047616	0.047619047619047616	0.09523809523809523	0.047619047619047616	0.0	0.14285714285714285	0.0	0.047619047619047616	0.09523809523809523	0.0	0.0	0.0	0.047619047619047616	0.09523809523809523	0.047619047619047616	0.09523809523809523	0.047619047619047616	0.047619047619047616	0.047619047619047616	0.047619047619047616	0.0	0.6111111111111112	0.17901234567901234	0.2037037037037037	0.006172839506172839	0.0	0.0	0.0	8.63444688874565	15.51774051360742	21.229999999999997	20.748	20.234	6.043410145696168	5.218343645398072	3.2862982950425557	0.01904761904761905	0.11428571428571428	0.11904761904761904	0.19047619047619047	0.17142857142857143	0.2714285714285714	0.09047619047619047	0.023809523809523808	0.0	0.2523809523809524	5.0476190476190474	2.298574930694699
RCSB-3WB5-0B4-KD:S3	RCSB-3WB5-0B4-KD	S3	construct-111-8af9958b120b	8af9958b120b5542513e299a402f2bce0560ae47e29f68ec8b8a91dbc0bee077	P56817	3WB5	0B4	YBXYDJCRBQOXMI-ZOWXZIJZSA-N	CN1C(=O)C[C@@](C)([C@@H]2C[C@H]2c2ccccc2)N=C1N	4.5718652059712115	2ZHV	3f039d142692e23f35ae2b91f693d96ef7a75d0170a8039ed6fde9d76933ed63	1	A	3WB4	0B3	29;30;31;48;50;51;52;53;89;90;94;125;126;127;128;133;136;246;247;248;249;253	29;30;31;48;50;51;52;53;89;90;94;125;126;127;128;133;136;246;247;248;249;253		rcsb_pocket_unoccupied_experimental_fixed_per_construct	False	True	False	22.0	180.0	1.0	0.0	0.0	0.0	0.09090909090909091	0.0	0.09090909090909091	0.18181818181818182	0.0	0.09090909090909091	0.045454545454545456	0.045454545454545456	0.0	0.0	0.0	0.045454545454545456	0.045454545454545456	0.09090909090909091	0.13636363636363635	0.0	0.09090909090909091	0.045454545454545456	0.0	0.6555555555555556	0.16111111111111112	0.18333333333333332	0.0	0.0	0.0	0.0	9.251216388641836	16.307000662035776	21.837999999999994	21.713	20.706999999999997	6.226153797183699	5.210776991857761	4.434841226517147	0.012987012987012988	0.09090909090909091	0.11255411255411256	0.11688311688311688	0.12554112554112554	0.3203463203463203	0.20346320346320346	0.017316017316017316	0.0	0.21645021645021645	4.545454545454546	2.2100446874805852
RCSB-6Y81-OG5-KD:S3	RCSB-6Y81-OG5-KD	S3	construct-112-9480d3c9488d	9480d3c9488d5cccf5d79cf8c47fa8cc9f07851f1ff471b3c77e19bf3fc238c5	P47811	6Y81	OG5	ZHYURJLGEWNOMP-HCCACUNUSA-N	NC1(CNC(=O)C[C@@H](NS(=O)(=O)c2ccc(N3C(=O)CCC3=O)nc2)c2ccccc2)C2CC3CC(C2)CC1C3	4.600326278518962	8YPE	0bbbc032019871a643d9856e9164c5c20309f1cb214d6009872920a6a472a838	2	B	6Y7W	OFW	216;219;220;221;222;223;224;225;226;235;236;237;239;240;270;274;275;276;277;278;279;280	216;219;220;221;222;223;224;225;226;235;236;237;239;240;270;274;275;276;277;278;279;280		rcsb_pocket_unoccupied_experimental_fixed_per_construct	False	True	False	22.0	171.0	1.0	0.0	0.09090909090909091	0.0	0.0	0.0	0.09090909090909091	0.09090909090909091	0.0	0.09090909090909091	0.045454545454545456	0.18181818181818182	0.045454545454545456	0.09090909090909091	0.045454545454545456	0.0	0.09090909090909091	0.0	0.09090909090909091	0.045454545454545456	0.0	0.0	0.0	0.6608187134502924	0.18128654970760233	0.15204678362573099	0.005847953216374269	0.0	0.0	0.0	9.58995877252149	18.700279288984458	24.59406	24.283960000000004	12.91105	7.688555377355722	4.995979394822749	2.8095578574755904	0.021645021645021644	0.06926406926406926	0.1471861471861472	0.1038961038961039	0.12987012987012986	0.2683982683982684	0.1645021645021645	0.09523809523809523	0.0	0.23809523809523808	5.0	1.381698559415515
RCSB-6U8B-Q1M-KD:S3	RCSB-6U8B-Q1M-KD	S3	construct-114-95cbcb4a8b50	95cbcb4a8b50c9a7935a39d07064f1d04d128c377d3220aabca55ce962456867	P61964	6U8B	Q1M	HLGWNAJQDWZVDI-UHFFFAOYSA-N	COc1ccc(Br)cc1S(=O)(=O)Nc1cc(Cl)cc(C(=O)O)c1O	6.3655227298392685	4ERY	7eb9f3321fd9b39b1f850c50ce6b20914e0637670a1718f5414f818e89e26f60	1	A	6U6W	Q0Y	201;202;203;204;205;206;218;227;228;230;244;245;246;249;250;251;252;266;267	201;202;203;204;205;206;218;227;228;230;244;245;246;249;250;251;252;266;267		rcsb_pocket_unoccupied_experimental_fixed_per_construct	False	True	False	19.0	159.0	1.0	0.0	0.0	0.0	0.0	0.0	0.05263157894736842	0.10526315789473684	0.0	0.05263157894736842	0.15789473684210525	0.15789473684210525	0.0	0.05263157894736842	0.05263157894736842	0.05263157894736842	0.0	0.10526315789473684	0.0	0.05263157894736842	0.05263157894736842	0.10526315789473684	0.0	0.6855345911949685	0.15723270440251572	0.15723270440251572	0.0	0.0	0.0	0.0	7.989514638834759	12.330598396804051	20.018	19.938000000000002	13.727	5.571529818908989	4.926505875257206	2.9188935407477787	0.03508771929824561	0.1286549707602339	0.11695906432748537	0.15204678362573099	0.15204678362573099	0.3391812865497076	0.07602339181286549	0.0	0.0	0.2807017543859649	5.052631578947368	1.2762479634718042
RCSB-4M5L-YH4-KD:S3	RCSB-4M5L-YH4-KD	S3	construct-116-9ae95a04d65c	9ae95a04d65c0e55082b63ba15f54a519a1d5446214d07019f09686be4f76026	P26281	4M5L	YH4	YXZULINHSYINAQ-UHFFFAOYSA-N	Cc1ccccc1C(=O)CSc1nc2nc(N)[nH]c(=O)c2[nH]1	4.723538195826756	1HKA	9e33cd5a384a0367019283251bfcf495acf21e20c5a8d1586019ff5418b7d253	1	A	4M5I	YH6	7;8;9;42;43;44;45;46;47;50;53;54;55;89;90;92;95;116;117;120;121;123	7;8;9;42;43;44;45;46;47;50;53;54;55;89;90;92;95;116;117;120;121;123		rcsb_pocket_unoccupied_experimental_fixed_per_construct	False	True	False	22.0	182.0	1.0	0.0	0.0	0.0	0.09090909090909091	0.0	0.045454545454545456	0.13636363636363635	0.0	0.045454545454545456	0.0	0.09090909090909091	0.0	0.09090909090909091	0.13636363636363635	0.045454545454545456	0.09090909090909091	0.045454545454545456	0.045454545454545456	0.0	0.045454545454545456	0.09090909090909091	0.0	0.6428571428571429	0.17582417582417584	0.1813186813186813	0.0	0.0	0.0	0.0	10.302271992648613	16.74107904288899	26.795999999999996	23.82	23.019	6.4752344757950535	5.9275861184558645	5.39183359371156	0.021645021645021644	0.08225108225108226	0.09523809523809523	0.08658008658008658	0.09956709956709957	0.26406926406926406	0.2554112554112554	0.09523809523809523	0.0	0.19913419913419914	4.181818181818182	1.7486712783337588
RCSB-4OG3-2S6-KD:S3	RCSB-4OG3-2S6-KD	S3	construct-121-a692a9cca88a	a692a9cca88a22d67d8300d6828800eee299cd5244e6f9794f060a6c3d6342cf	O00255	4OG3	2S6	QBITUTDDFZQXDO-HHHXNRCGSA-N	N#Cc1ccc(OCCCN2CCC([C@@](O)(c3ccccc3)C3CCCC3)CC2)cc1	6.54515513999149	3U84	fbd9981e6aac89722f3c9b83513af68bca43d12362520c7bb69dfb1c295e623a	1	A	4OG4	2VK	155;177;178;179;180;181;182;238;241;242;276;278;285;319;322;323;324;325;326;329;330;341;363;367;371	155;177;178;179;180;181;182;238;241;242;276;278;285;319;322;323;324;325;326;329;330;341;363;367;371		rcsb_pocket_unoccupied_experimental_fixed_per_construct	False	True	False	25.0	205.0	1.0	0.0	0.12	0.08	0.08	0.08	0.04	0.04	0.04	0.0	0.0	0.08	0.08	0.0	0.0	0.0	0.04	0.08	0.0	0.08	0.04	0.12	0.0	0.6439024390243903	0.15121951219512195	0.18536585365853658	0.01951219512195122	0.0	0.0	0.0	11.371338626529022	17.697292266824153	33.658	27.993	18.816000000000003	9.66152007529155	4.98768528258403	3.329469554722484	0.006666666666666667	0.07666666666666666	0.1	0.09	0.12	0.21	0.13666666666666666	0.25666666666666665	0.0033333333333333335	0.18333333333333332	4.4	1.5491933384829668
RCSB-4X5Z-3XY-KD:S3	RCSB-4X5Z-3XY-KD	S3	construct-122-a7a7325a75fe	a7a7325a75febdfea80beda70c74adda6133401e81e010b49ce07672bf6473f2	O00255	4X5Z	3XY	PSOJDGBGVBEYJX-UHFFFAOYSA-N	N#Cc1cc2cc(CN3CCC(Nc4ncnc5sc(CC(F)(F)F)cc45)CC3)ccc2[nH]1	7.619788758288394	3U84	fbd9981e6aac89722f3c9b83513af68bca43d12362520c7bb69dfb1c295e623a	1	A	4GQ3	0RO	155;177;178;179;180;181;182;228;238;241;276;278;279;282;285;319;322;323;363	155;177;178;179;180;181;182;228;238;241;276;278;279;282;285;319;322;323;363		rcsb_pocket_unoccupied_experimental_fixed_per_construct	False	True	False	19.0	159.0	1.0	0.0	0.10526315789473684	0.05263157894736842	0.10526315789473684	0.10526315789473684	0.05263157894736842	0.0	0.05263157894736842	0.0	0.0	0.05263157894736842	0.15789473684210525	0.05263157894736842	0.0	0.0	0.0	0.10526315789473684	0.0	0.0	0.0	0.15789473684210525	0.0	0.6289308176100629	0.13836477987421383	0.20754716981132076	0.025157232704402517	0.0	0.0	0.0	9.028298068662401	15.156307188334493	27.533	24.047	15.878	6.6430406753858735	5.200709676385715	3.2144665908561008	0.005847953216374269	0.09941520467836257	0.13450292397660818	0.1286549707602339	0.14619883040935672	0.29239766081871343	0.15789473684210525	0.03508771929824561	0.0	0.23976608187134502	4.315789473684211	1.2999041089714178
RCSB-7B3T-SVK-KD:S3	RCSB-7B3T-SVK-KD	S3	construct-123-b8ea4f953170	b8ea4f9531704e306deb7fada4afeb50ef6d9b991e6a97b0b4ede612d7f88905	P08581	7B3T	SVK	GZMFYYLEABBTHR-UHFFFAOYSA-N	c1ccc(Cc2c[nH]c3ncccc23)cc1	4.013228265733755	1R1W	f35f7668b0cba0422eb070e6bcda8f3898c6cfd7b1088749f4f2873714a5f4dd	1	A	7B3Q	SV5	36;41;44;59;60;61;62;64;92;107;109;110;111;112;113;163;177;178;179;180;181	36;41;44;59;60;61;62;64;92;107;109;110;111;112;113;163;177;178;179;180;181		rcsb_pocket_unoccupied_experimental_fixed_per_construct	False	True	False	21.0	168.0	1.0	0.0	0.09523809523809523	0.047619047619047616	0.047619047619047616	0.0	0.047619047619047616	0.0	0.0	0.047619047619047616	0.09523809523809523	0.19047619047619047	0.14285714285714285	0.0	0.047619047619047616	0.0	0.047619047619047616	0.0	0.0	0.14285714285714285	0.0	0.047619047619047616	0.0	0.6785714285714286	0.15476190476190477	0.14285714285714285	0.023809523809523808	0.0	0.0	0.0	8.660975688042917	18.307144234370362	28.277	19.847	17.67	6.7231253729978455	4.1504737054879595	3.5476264047777213	0.004761904761904762	0.10952380952380952	0.1523809523809524	0.16666666666666666	0.17142857142857143	0.2571428571428571	0.11428571428571428	0.023809523809523808	0.0	0.26666666666666666	5.333333333333333	2.295613484417895
RCSB-5ETO-5RY-KD:S3	RCSB-5ETO-5RY-KD	S3	construct-124-bf2caeb019c6	bf2caeb019c6d0457c336215e16ca4cb05d601aeb1e7badb3e367a96c43c7dad	P26281	5ETO	5RY	GEUVDHJEINQZML-UHFFFAOYSA-N	N#Cc1ccc(CSc2nc3c(=O)[nH]c(N)nc3[nH]2)c(F)c1	5.568636235841012	1HKA	9e33cd5a384a0367019283251bfcf495acf21e20c5a8d1586019ff5418b7d253	1	A	5ETP	5RZ	7;8;9;42;43;44;45;46;47;50;53;54;55;89;90;92;95;116;117;120;121;123;124	7;8;9;42;43;44;45;46;47;50;53;54;55;89;90;92;95;116;117;120;121;123;124		rcsb_pocket_unoccupied_experimental_fixed_per_construct	False	True	False	23.0	190.0	1.0	0.0	0.0	0.0	0.08695652173913043	0.0	0.043478260869565216	0.13043478260869565	0.0	0.043478260869565216	0.0	0.08695652173913043	0.043478260869565216	0.08695652173913043	0.13043478260869565	0.043478260869565216	0.08695652173913043	0.043478260869565216	0.043478260869565216	0.0	0.043478260869565216	0.08695652173913043	0.0	0.6421052631578947	0.1736842105263158	0.17894736842105263	0.005263157894736842	0.0	0.0	0.0	10.27039353828771	17.03734562474797	26.795999999999996	23.82	23.019	6.570404050672824	5.868132472067764	5.279753340116183	0.019762845849802372	0.08300395256916997	0.09090909090909091	0.09090909090909091	0.11067193675889328	0.2608695652173913	0.2490118577075099	0.09486166007905138	0.0	0.19367588932806323	4.260869565217392	1.7989705100501912
RCSB-5OVI-AXH-KD:S3	RCSB-5OVI-AXH-KD	S3	construct-125-c460e3bd19de	c460e3bd19de807046d50d92177bfebe2dff8ecbc10e0f8bba7416c897bd42a9	Q07889	5OVI	AXH	WEGLOYDTDILXDA-OAHLLOKOSA-N	CNCc1ccccc1-c1csc([C@@H](C)Nc2nc(C)nc3cc(OC)c(OC)cc23)c1	7.443697499232712	2II0	bc5188f5488d91c0815f9e0fb8aca4269c6310db22dcb312097fbcab478be947	1	A	5OVE	AXE	315;316;319;320;324;325;331;338;339;340;342;343;345;346;347;350	315;316;319;320;324;325;331;338;339;340;342;343;345;346;347;350		rcsb_pocket_unoccupied_experimental_fixed_per_construct	False	True	False	16.0	137.0	1.0	0.0	0.0625	0.0	0.0	0.1875	0.0625	0.0	0.0625	0.0	0.125	0.0625	0.0625	0.0625	0.0	0.0625	0.0	0.0	0.0	0.1875	0.0	0.0625	0.0	0.6496350364963503	0.16058394160583941	0.18248175182481752	0.0072992700729927005	0.0	0.0	0.0	8.021363732166408	13.267332957979596	20.729000000000006	20.301	19.569000000000003	5.299187770584323	5.032919162830088	3.3061472738252076	0.0	0.14166666666666666	0.175	0.1	0.23333333333333334	0.2916666666666667	0.058333333333333334	0.0	0.0	0.31666666666666665	4.75	1.6770509831248424
RCSB-5TA2-78X-KD:S3	RCSB-5TA2-78X-KD	S3	construct-127-cf37c77dcb23	cf37c77dcb236cb85a473921b512e03511479cb68d1e50cfb70dd329fa72ec06	P62937	5TA2	78X	SDVRVWXKFPHKSR-IBVKFTFISA-N	CO[C@@H]1CC/C=C/c2cccc(c2)[C@@H](C)OC(=O)[C@@H]2CCCN(N2)C(=O)[C@H](Cc2cccc(O)c2)NC(=O)[C@H](C(C)C)NC(=O)[C@@H]1C	7.958607314841775	5F66	498e4b17cd5bacc2331033a39807d35c9a93428258979a149e8ccd122fbc65e7	1	A	5T9Z	78R	54;55;57;60;61;63;71;72;73;74;82;100;101;102;103;104;111;112;113;122;126;148;149;150	54;55;57;60;61;63;71;72;73;74;82;100;101;102;103;104;111;112;113;122;126;148;149;150		rcsb_pocket_unoccupied_experimental_fixed_per_construct	False	True	False	24.0	191.0	1.0	0.0	0.08333333333333333	0.0	0.0	0.0	0.125	0.16666666666666666	0.08333333333333333	0.041666666666666664	0.041666666666666664	0.041666666666666664	0.08333333333333333	0.125	0.0	0.08333333333333333	0.08333333333333333	0.0	0.041666666666666664	0.0	0.0	0.0	0.0	0.6230366492146597	0.2094240837696335	0.15706806282722513	0.010471204188481676	0.0	0.0	0.0	9.61711090141002	17.322731568181705	31.041	20.66	17.62	7.257145856099022	5.271316524348962	3.469276324170479	0.018115942028985508	0.09057971014492754	0.09057971014492754	0.11956521739130435	0.17028985507246377	0.25	0.18478260869565216	0.07608695652173914	0.0	0.19927536231884058	4.583333333333333	2.0190069065976193
RCSB-3RTM-RTM-KD:S3	RCSB-3RTM-RTM-KD	S3	construct-135-eb81b9f95fe1	eb81b9f95fe15606ad67ef477c6719bd9dee3607e3a55b0a662a24d97d39cbfd	P56817	3RTM	RTM	GRFOHUBBUMAJMM-UHFFFAOYSA-N	CN(C(=O)CCc1cc2ccccc2nc1N)C1CCCCC1	4.4156687756324695	2ZHV	3f039d142692e23f35ae2b91f693d96ef7a75d0170a8039ed6fde9d76933ed63	1	A	3RU1	3RU	50;51;52;53;54;55;87;88;89;90;94;126;136;144;146;216;244;246;247;248;249;347	50;51;52;53;54;55;87;88;89;90;94;126;136;144;146;216;244;246;247;248;249;347		rcsb_pocket_unoccupied_experimental_fixed_per_construct	False	True	False	22.0	176.0	1.0	0.0	0.0	0.0	0.09090909090909091	0.0	0.045454545454545456	0.09090909090909091	0.0	0.13636363636363635	0.0	0.0	0.0	0.045454545454545456	0.045454545454545456	0.0	0.045454545454545456	0.13636363636363635	0.18181818181818182	0.045454545454545456	0.045454545454545456	0.09090909090909091	0.0	0.6420454545454546	0.1534090909090909	0.20454545454545456	0.0	0.0	0.0	0.0	8.848081297765042	13.69581103619093	21.642000000000003	21.467000000000002	20.303000000000004	6.280176362414353	4.543544380052101	4.266630049035013	0.021645021645021644	0.09956709956709957	0.11255411255411256	0.12121212121212122	0.16017316017316016	0.30303030303030304	0.18181818181818182	0.0	0.0	0.23376623376623376	4.909090909090909	2.1513017393089515
RCSB-5D1J-56H-KD:S3	RCSB-5D1J-56H-KD	S3	construct-138-fe22d91e18cd	fe22d91e18cd544a85d7c768cd864172200252df906b774d890dc103224f7c8d	P24941	5D1J	56H	OUSFTKFNBAZUKL-UHFFFAOYSA-N	CC(C)(C)c1cnc(CSc2cnc(NC(=O)C3CCNCC3)s2)o1	7.161150909262744	4EK3	8251fce2eaa7274f197349d00351b48a49c7c260687ea0b3e6e1bc50dc287265	1	A	2FVD	LIA	11;17;18;19;32;33;34;35;65;79;81;82;83;84;85;86;87;90;91;132;133;134;135;145;146	11;17;18;19;32;33;34;35;65;79;81;82;83;84;85;86;87;90;91;132;133;134;135;145;146		rcsb_pocket_unoccupied_experimental_fixed_per_construct	False	True	False	25.0	204.0	1.0	0.0	0.08	0.0	0.08	0.04	0.12	0.04	0.04	0.04	0.12	0.2	0.0	0.04	0.0	0.08	0.0	0.0	0.0	0.12	0.0	0.0	0.0	0.6715686274509803	0.16176470588235295	0.16666666666666666	0.0	0.0	0.0	0.0	9.267601365028725	16.414900014558054	28.567999999999998	19.142999999999997	18.020999999999997	7.056120894130665	4.316154306674035	4.179761355564948	0.006666666666666667	0.1	0.12	0.11666666666666667	0.15333333333333332	0.29333333333333333	0.17333333333333334	0.03666666666666667	0.0	0.22666666666666666	5.44	1.6989408465276241
